split,query_index,ids
tuning,0,97120;6646;30758;21362;87064;35728;45454;6644;31080;7682
tuning,1,20828;43012;55916;46916;19522;36172;63958;6428;73110;24854
tuning,2,33556;69818;16278;13890;82350;2026;18602;97124;4169;63500
tuning,3,21046;81634;28948;60878;81382;80840;34212;34010;58974;49056
tuning,4,53030;24850;15850;43594;23100;20830;75994;9940;69626;358
tuning,5,18602;20936;19576;18780;19850;18726;19254;4169;39008;22144
tuning,6,53706;99709;1330;55176;2994;3462;496;13514;10528;55349
tuning,7,56370;94560;63450;96056;2774;54258;62944;19658;57048;53850
tuning,8,35258;53284;35155;27616;12856;1670;77080;72686;53421;97698
tuning,9,69662;49174;54109;59060;15480;724;56024;29126;55388;66772
tuning,10,99749;99020;99564;91580;31035;74396;63343;62434;30194;50070
tuning,11,62764;70848;24043;34536;27682;34690;10310;51568;89896;46339
tuning,12,64742;15874;15783;20488;15487;48244;17802;60388;62044;47754
tuning,13,99821;37220;41092;684;80784;99681;58446;58578;40228;13890
tuning,14,65244;55686;64834;11164;64788;3042;82992;61408;26692;21602
tuning,15,23749;9254;14262;84806;16780;64522;77496;11444;45373;22872
tuning,16,99709;54194;96912;3462;22160;24102;23196;8943;80668;26574
tuning,17,2047;910;17382;23030;35456;94242;59164;15738;77368;75309
tuning,18,51498;22718;45764;47490;81778;96146;74836;63958;21320;21278
tuning,19,97124;20376;52764;72996;33556;13922;42194;13958;29734;36030
tuning,20,87201;26528;88972;76563;90112;96484;59280;16215;56400;39084
tuning,21,21320;36288;74836;47490;26744;40286;22718;28376;75858;69818
tuning,22,99821;37220;13890;88676;35124;26032;14160;98700;14992;99681
tuning,23,88972;76563;87201;96484;26528;35494;17056;56400;90112;71644
tuning,24,90350;94732;98636;98731;37596;86180;12422;68487;90614;93798
tuning,25,9312;14847;9582;77306;51154;81854;89286;14966;77496;12428
tuning,26,97120;6646;6644;35728;45454;31080;21362;33206;24826;18426
tuning,27,1080;2344;574;85376;97120;6234;62213;522;35114;27626
tuning,28,97120;6646;6644;35728;45454;31080;7682;21362;5946;24826
tuning,29,18794;89938;39232;26556;52256;64021;40034;40971;40310;30904
tuning,30,71470;84858;72527;51470;15709;78760;4154;26970;71330;95885
tuning,31,61556;68898;76623;51702;16648;39694;82659;5348;7088;38345
tuning,32,91992;92700;23671;23824;26182;23570;23754;63030;82456;69510
tuning,33,25442;49848;12951;21656;50008;89808;26970;38750;19828;78760
tuning,34,57089;85552;48834;16100;84300;82682;44702;2462;5844;17052
tuning,35,78174;96238;5992;70237;10760;97440;25934;56490;66774;11758
tuning,36,1011;40868;57471;57712;76818;85658;11220;33882;9870;40946
tuning,37,24114;41060;90814;23061;10316;16210;14902;4934;59770;3979
tuning,38,95414;94002;89125;32302;40628;22416;10663;25168;78268;64484
tuning,39,2068;91243;98102;99516;78930;99476;65880;93036;97959;10610
tuning,40,99434;340;376;21016;53421;50716;63880;91050;7998;36044
tuning,41,99498;47582;98080;104;68945;86510;28034;76996;29068;77252
tuning,42,85584;43874;33638;17326;22546;45174;86016;32719;87728;44925
tuning,43,81074;69164;67560;76453;78930;87093;14064;79492;3994;38086
tuning,44,20952;22476;28912;17926;15200;2618;59580;36210;85676;42790
tuning,45,26970;3154;61030;78760;5730;550;86259;82216;9392;25442
tuning,46,26919;20130;80658;97806;28188;23702;57876;2474;8451;10125
tuning,47,14726;1756;13190;57757;47424;29514;15386;16402;4086;96804
tuning,48,85328;75062;79358;79646;70131;68149;68170;38920;99324;63343
tuning,49,32080;56930;35478;32598;67610;70214;25047;56160;37636;31946
tuning,50,10276;51604;39102;39406;33270;80286;26276;57546;57410;26052
tuning,51,94748;86754;94570;94434;31584;75354;4539;18736;75208;91890
tuning,52,55576;78164;83094;99539;83168;22494;90476;17368;91996;83552
tuning,53,99916;24362;28812;23872;37108;9762;54086;24772;6152;2078
tuning,54,88461;93798;86180;89151;98012;8550;83820;90350;98636;81046
tuning,55,22718;45764;87902;96146;580;1322;51498;81778;83456;42467
tuning,56,60388;62044;22567;19274;36480;54564;43625;36804;41010;71348
tuning,57,85552;57089;48834;5844;16100;17052;82682;84300;2462;1342
tuning,58,2144;2191;84276;11698;35956;10540;79494;11696;19542;52709
tuning,59,50190;90712;44828;9334;93591;9293;15282;85110;7148;41472
tuning,60,16990;56506;39105;31368;7326;3931;95390;84806;86548;42104
tuning,61,67668;39642;37623;86628;39322;15006;14206;36364;87554;58320
tuning,62,23234;60662;86580;61880;90028;9064;96948;63924;61945;12224
tuning,63,37426;21260;99678;32320;43054;26739;49079;3792;91033;20902
tuning,64,97120;1080;6234;6066;522;2344;574;27626;85376;1416
tuning,65,93798;89151;8550;73611;6536;86180;81046;88461;98636;90350
tuning,66,88972;96484;76563;87201;90112;17056;71644;56400;16215;59280
tuning,67,34504;736;26240;55916;6428;78402;3094;17608;26936;3127
tuning,68,99821;13890;28376;26032;93258;37554;99681;35456;21320;19512
tuning,69,32510;47556;7150;89658;5082;80668;45237;18680;14544;18402
tuning,70,98690;79764;99344;46700;12040;62528;59882;72814;95186;87572
tuning,71,26229;4255;35928;71142;19788;28912;19524;63598;18200;73488
tuning,72,92864;40654;66538;41244;92976;53398;43594;64090;12254;1064
tuning,73,99000;46960;35508;22587;49452;19760;37197;66618;18200;5002
tuning,74,4243;15740;11372;12280;17474;73570;49308;1906;95274;95344
tuning,75,96114;816;26156;45638;62713;64674;300;59734;43010;63894
tuning,76,99000;46960;35508;22587;49452;19760;37197;18200;66618;5002
tuning,77,12254;12197;52334;11516;1064;1659;12864;49806;874;77611
tuning,78,18904;16631;24016;61945;95621;63924;15822;83100;61880;23822
tuning,79,2564;95274;66034;93654;95081;46336;87728;59762;13067;1270
tuning,80,84870;15768;60204;95606;20848;14454;23746;46758;4776;44954
tuning,81,58708;9890;63598;88114;32719;14608;91374;54786;18200;2890
tuning,82,59898;58732;60336;26941;9730;56155;74222;54788;56322;40280
tuning,83,44954;46022;45026;45930;45875;1000;42618;13166;29880;10056
tuning,84,66538;40654;41244;53398;92864;92976;43594;53208;12254;1064
tuning,85,34566;10980;54692;54572;19788;73762;66364;51030;20518;34790
tuning,86,54720;27224;9148;66212;43143;9994;14274;65488;16438;88114
tuning,87,34566;10980;22360;73762;56588;45791;19788;51030;11092;20518
tuning,88,15822;61945;86597;24162;24016;23822;18904;9064;61880;16631
tuning,89,61118;60496;63726;15740;60874;60465;21828;79502;63974;60959
tuning,90,420;9810;59702;5428;53707;87336;10508;7822;48641;58970
tuning,91,74555;9880;15604;9786;5344;92460;5172;42248;73056;77234
tuning,92,99654;40868;13166;84748;30166;28434;10150;41816;42440;59461
tuning,93,41060;24114;10316;7370;16210;90814;91436;23061;8760;59770
tuning,94,2894;38746;16778;6278;73286;85926;66952;4196;10280;39232
tuning,95,2935;75952;77378;52248;59776;96308;91783;43749;32455;12998
tuning,96,16438;42264;65488;54720;9148;43143;79560;64376;16558;79592
tuning,97,86016;86259;45174;41568;58538;29186;10980;168;32719;3140
tuning,98,2068;78930;91243;98102;93036;99516;65880;96603;99476;97959
tuning,99,52234;14934;34372;23859;30186;73644;73307;11014;25272;52744
tuning,100,57290;16010;50426;51004;2267;79524;79294;15966;50244;2230
tuning,101,99020;99564;99749;31035;62434;30194;63343;74396;50070;70131
tuning,102,74396;71876;57078;25047;99324;68040;68170;63343;37228;14062
tuning,103,85328;72190;79358;38920;70131;75062;29544;71876;63343;28900
tuning,104,92650;35114;61266;49614;41581;87266;61290;40276;15282;39854
tuning,105,94748;94570;75354;86754;94434;89917;84240;91918;40264;91890
tuning,106,99916;24362;23872;28812;9762;24772;54014;54086;22816;95153
tuning,107,28948;85036;71218;30823;33151;21712;64026;41993;39642;40946
tuning,108,13540;13023;25126;34504;28118;8786;53154;32356;58388;31392
tuning,109,74076;78204;67178;22718;41768;51498;74836;78590;78994;93258
tuning,110,96114;26156;4926;300;816;45638;22128;22618;15006;29656
tuning,111,26644;72950;15748;15840;70974;19384;74110;15452;27124;73902
tuning,112,30898;33165;7988;55474;33939;58173;73438;36052;30579;26476
tuning,113,9294;71671;9590;15450;8846;9486;21547;88918;88944;9104
tuning,114,9870;5659;1579;1402;1396;96169;2062;42442;26943;74766
tuning,115,51546;11704;62112;83741;89240;19831;90476;99702;5536;89001
tuning,116,26146;21398;34566;34790;49308;68698;47532;83638;41376;27049
tuning,117,83592;73826;82328;72686;84620;49324;37432;37498;62182;30436
tuning,118,73826;84620;83592;13188;61528;95582;42563;12322;35922;12488
tuning,119,440;45341;10748;17160;87798;10903;1906;49554;16914;28510
tuning,120,44446;33206;429;4710;16114;41770;13212;3620;65880;72057
tuning,121,11764;84870;22128;12134;9726;7712;46058;61398;86723;398
tuning,122,24016;23822;98620;24162;72718;47090;55362;18430;76932;27878
tuning,123,33882;34716;23749;21986;32932;42554;93974;22872;35218;55362
tuning,124,97959;99516;99476;98006;22784;68289;28178;7298;18610;51104
tuning,125,99838;43600;1215;92286;10988;13335;8360;88433;6342;87036
tuning,126,5942;26941;36412;48942;56322;39660;73112;38482;58584;38338
tuning,127,99498;47582;104;98080;28034;68945;102;86510;29068;77252
tuning,128,48690;6851;59667;88670;21362;2630;48180;18878;39820;68916
tuning,129,1318;52271;12134;90764;55830;67762;3000;90;27434;9726
tuning,130,98272;39630;7195;29270;35106;25854;74110;23790;95621;23035
tuning,131,46022;44954;45930;45026;1000;32960;30359;29880;10056;38532
tuning,132,61612;73307;73438;61632;73590;73644;57543;37938;9124;78783
tuning,133,27434;4030;84806;37426;67762;90764;90;22560;88382;50698
tuning,134,4169;94242;8620;97724;39873;39808;31818;7436;4376;56024
tuning,135,5222;40388;41066;65704;9440;41146;3108;40779;72210;67186
tuning,136,91890;91918;89917;98094;84240;90148;89932;86754;75354;60592
tuning,137,99821;684;35547;1796;14160;34542;13890;99681;58578;58446
tuning,138,55450;62162;9952;10116;92467;51564;97254;50812;81268;72856
tuning,139,99709;55349;23196;59667;3462;12347;24208;54194;34496;259
tuning,140,57410;57546;48589;86150;44828;26052;80286;50665;22982;85112
tuning,141,15586;15552;41498;27204;44131;27042;51148;72828;5172;18310
tuning,142,87572;99344;59882;79764;87344;95186;54640;46797;47402;53586
tuning,143,91992;63030;23671;92700;23824;23754;26182;23570;67048;82456
tuning,144,10972;99686;64902;91462;53274;61967;30288;16352;53672;42394
tuning,145,41060;10316;59770;24114;14902;43918;45100;62713;10832;16210
tuning,146,12079;16218;32026;96146;21090;31802;98166;16215;29496;39084
tuning,147,94002;95414;14980;70237;33166;5296;754;27850;10380;6440
tuning,148,98878;18352;3828;22306;18640;53332;9870;64852;25830;87388
tuning,149,49788;49044;25108;3140;29186;25056;26338;22128;17326;32719
tuning,150,41079;4100;14035;2098;50128;53766;58574;83966;84276;62102
tuning,151,94954;15386;558;75118;1756;57757;68170;24263;14726;12596
tuning,152,81338;81768;99472;74808;95769;80230;39576;11678;12632;44768
tuning,153,87266;30554;8198;74757;62322;8982;15282;92650;87300;35034
tuning,154,94954;32080;25047;35478;54010;37636;81085;56160;56930;73722
tuning,155,98572;69106;51802;97920;29872;1695;56112;81268;46339;34536
tuning,156,60592;62912;30174;90148;17819;84240;98094;86754;81064;12632
tuning,157,93236;67772;52439;88088;39618;14920;63168;49499;17504;71020
tuning,158,18706;90500;68332;68296;88526;84834;33050;12632;98194;91164
tuning,159,57410;57546;26052;80286;85112;48589;85152;15182;22584;18184
tuning,160,88461;86180;87710;87618;93800;94034;90614;81046;90256;8550
tuning,161,29670;96146;22718;21090;78590;81778;40014;51498;42467;82700
tuning,162,23196;24208;45342;19768;51572;12347;49840;44046;7150;14544
tuning,163,22749;97906;70736;46296;23527;85044;87576;82952;88676;43760
tuning,164,64026;42790;5330;48503;7472;29186;9552;16330;17926;82242
tuning,165,73307;57543;73644;73438;73418;73590;61612;71404;9124;73098
tuning,166,12520;906;69626;42394;36364;53274;97111;73044;95352;1644
tuning,167,29186;81496;27124;58538;82214;29250;28528;45174;92244;11012
tuning,168,55680;81840;96238;92670;62182;99476;16380;99516;94877;71126
tuning,169,40714;41602;21134;54720;95606;50826;85539;30088;36200;21170
tuning,170,49788;49044;43874;29186;3140;40714;82744;85584;26086;17326
tuning,171,72856;55450;92467;50812;9952;97254;59432;63951;51174;16374
tuning,172,60858;4781;13044;11694;26919;30867;35884;46254;56882;58108
tuning,173,3975;8912;55362;36862;92736;91852;4588;58602;4946;6406
tuning,174,24683;6362;16802;6420;25580;5946;77496;98476;77306;39509
tuning,175,22718;96146;51498;1322;87902;47490;40014;74836;78590;32026
tuning,176,3459;38680;37248;72210;98461;6184;4218;38220;64626;50665
tuning,177,79485;32958;79807;28298;50771;98946;99234;30244;88595;86446
tuning,178,75176;41472;33838;85110;5323;15282;80338;50484;75294;23496
tuning,179,38482;57502;52370;97268;58172;20214;55338;37864;97374;51243
tuning,180,46748;96528;2734;20427;23870;88088;78852;32642;32646;90476
tuning,181,18780;18602;19576;38928;18726;31850;39044;12422;12148;19850
tuning,182,10624;10438;11828;9523;12614;11308;25670;83702;12374;9554
tuning,183,30634;31945;32748;29378;32340;9826;89352;46856;13722;12304
tuning,184,62112;39105;40373;83741;34298;51546;34653;5498;32016;60282
tuning,185,51546;11704;83741;62112;19831;16036;5536;17484;89001;89240
tuning,186,92190;60282;5536;94748;56742;39224;83741;81170;17504;89964
tuning,187,99780;23496;65444;49413;1170;17458;16064;69156;71020;18388
tuning,188,20232;19048;4492;28682;58294;74960;92467;77624;65332;40054
tuning,189,35728;48919;35572;6326;32020;85012;31080;18426;40014;1322
tuning,190,99434;340;376;63880;69619;21016;36044;19674;88388;79758
tuning,191,44279;43631;37636;80810;36304;81085;68040;22808;28972;56930
tuning,192,99020;30194;28988;70131;99749;21356;63343;39286;74396;26780
tuning,193,28948;37964;15884;99368;37623;3007;89125;16027;54924;39322
tuning,194,76563;88972;96484;26528;87201;90112;17056;35494;71644;16215
tuning,195,30596;58990;34226;34104;30248;56024;1360;406;94354;5788
tuning,196,14895;58776;33782;99994;31264;429;60342;1843;72686;97284
tuning,197,9552;34026;17926;41171;27564;9890;2890;42790;318;82774
tuning,198,63880;33165;7988;36592;340;80112;36044;77510;376;81893
tuning,199,35922;59166;160;79560;77480;43486;58180;19866;53651;12544
tuning,200,14062;78702;44279;27266;79952;99089;43631;44266;81085;37636
tuning,201,31035;77402;99564;99020;63343;99749;62434;37228;69106;70131
tuning,202,99472;95769;81338;81768;2996;8276;86224;61530;23484;11678
tuning,203,87127;41861;21022;36888;97742;64494;12984;70237;57218;96603
tuning,204,702;27124;19990;3518;10122;26338;3140;34791;26970;55432
tuning,205,30672;63990;9530;10630;30707;7338;92460;54572;63649;33742
tuning,206,55334;29894;28930;34856;44730;43850;55324;96238;94304;4538
tuning,207,3016;87336;38750;79186;91884;24162;48641;52156;42864;60959
tuning,208,47200;61266;77402;20960;57124;9468;57078;28988;14918;30194
tuning,209,99020;99749;99564;31035;62434;7226;91580;74396;63343;49234
tuning,210,94434;81064;632;93591;80266;59964;98210;98072;84240;91918
tuning,211,58388;13540;34504;13023;25126;31819;90720;50491;28960;32160
tuning,212,37248;9606;38680;3459;55652;81948;22356;38220;25018;21280
tuning,213,44954;46022;45026;45930;38532;45875;30359;1000;29880;13166
tuning,214,28196;22120;73418;28878;74260;31560;64688;30028;33106;31616
tuning,215,99994;97510;27478;2068;8711;95082;60878;90150;91243;99516
tuning,216,71470;15709;16116;72527;71330;84858;22262;68178;28190;16714
tuning,217,83276;64750;65656;83502;92157;64404;63649;68842;71084;74540
tuning,218,94002;95414;22416;69461;79781;51508;64848;16330;32302;2890
tuning,219,41602;14162;23854;30088;43143;79592;36200;27224;50826;14274
tuning,220,64852;354;45791;99678;22620;11178;8912;18640;86026;20866
tuning,221,18726;18780;18602;19576;19850;39008;28019;7636;19254;38928
tuning,222,68974;89151;20532;32416;8712;6210;1472;2870;7636;79792
tuning,223,44954;46022;45930;45026;38532;30359;45875;32960;29880;9520
tuning,224,91243;2068;98102;78930;8607;65880;96603;99476;8711;99516
tuning,225,45102;59130;46160;53198;60650;50290;46868;22346;84324;8900
tuning,226,16540;10698;550;15994;95623;29830;10506;35104;14789;15900
tuning,227,17572;9526;11133;15392;10052;10176;14957;54211;14339;12350
tuning,228,38928;19850;19576;39008;9443;18364;21788;19254;34504;16714
tuning,229,16540;10698;550;15994;10506;95623;29830;14789;18930;15900
tuning,230,23750;37248;38184;38220;60734;38680;61410;98924;3459;146
tuning,231,62764;24043;39382;19961;40254;27682;98572;22090;31790;18018
tuning,232,41060;10316;24114;43918;59770;14902;23061;45100;62713;60140
tuning,233,29108;5330;94877;26810;89808;19828;26994;7472;3812;21528
tuning,234,1526;56152;1094;34010;13084;2042;84164;71370;9438;83702
tuning,235,85328;79358;38920;75062;72190;70131;79646;71876;68170;77402
tuning,236,33050;97389;42868;10540;62330;7188;42652;78702;92650;70514
tuning,237,31035;99564;62434;99749;30194;99020;50070;4496;77402;70131
tuning,238,89838;97576;17368;39640;39576;69878;32016;56258;93772;39419
tuning,239,35254;58184;32038;27158;54846;990;92036;34150;29590;18792
tuning,240,87201;88972;76563;90112;96484;35494;26528;39084;17056;59280
tuning,241,24362;99916;23872;9762;24772;28812;23558;22816;54014;54086
tuning,242,90350;86180;10314;6536;98636;93798;98700;83820;90614;69263
tuning,243,18126;95153;10006;78154;57906;87064;5366;57784;24362;20190
tuning,244,20424;66467;55349;62250;25462;39831;54895;816;68798;52656
tuning,245,10624;10438;11828;9523;83702;11308;65704;12614;58261;12374
tuning,246,41060;90814;43918;24114;10316;58370;14902;7370;23061;28912
tuning,247,43512;7386;24906;34263;35884;62102;71154;63910;49838;39105
tuning,248,4169;31818;39808;8620;4376;94242;38706;39873;69801;97724
tuning,249,82682;5844;85552;98853;56460;17052;6134;15419;19526;1342
tuning,250,46022;44954;45930;30359;45026;38532;45875;32960;1000;85676
tuning,251,99434;340;376;63880;21016;53421;72758;36044;76972;36592
tuning,252,34263;33628;46104;43570;13182;5490;91996;5498;43512;2760
tuning,253,30704;20427;13182;56424;20662;8982;5490;1148;40512;69246
tuning,254,24521;15967;95384;15594;24650;22948;47684;2430;16948;71488
tuning,255,99916;24362;9762;28812;23872;54014;95153;6152;22816;24772
tuning,256,17572;9526;11133;15392;10176;10052;14957;54211;14339;12350
tuning,257,22948;24521;71488;95384;15967;47684;29596;10174;24650;2430
tuning,258,99472;95769;81768;81338;5362;97530;71970;44768;74511;16406
tuning,259,97124;20376;13718;55150;41768;33556;42194;1386;46142;574
tuning,260,1080;574;97120;2344;6234;27626;85376;62213;522;867
tuning,261,7434;7410;6410;97961;98636;98700;67790;51786;10314;36390
tuning,262,99821;684;37220;2538;69818;93258;13890;59164;37554;40228
tuning,263,19967;89658;42716;88846;85012;88296;63346;28332;31080;86082
tuning,264,28948;33151;85036;30823;85087;41993;21712;14820;4856;40946
tuning,265,6440;90150;41422;50268;26478;63534;14171;5626;30447;6210
tuning,266,7276;12764;35960;91500;83586;91396;7064;6552;11136;6758
tuning,267,99020;99749;31035;62434;41581;15334;61290;74396;99564;69106
tuning,268,46104;34263;5490;33628;43512;4536;32282;61188;25612;18124
tuning,269,35494;87201;88972;7636;8604;7412;59280;7258;17056;25518
tuning,270,9526;11133;15392;10052;17572;10176;14957;2796;47156;25462
tuning,271,31275;32564;25076;53628;93768;32828;43768;17264;18832;54890
tuning,272,8846;28286;9104;9590;71671;59171;26943;1579;7312;67750
tuning,273,4176;57566;4116;48832;9734;50738;46696;89130;66264;76962
tuning,274,99384;27814;6056;5024;3894;50298;66952;22416;33776;6538
tuning,275,41060;14902;24114;23061;10316;59770;43918;65410;59734;2880
tuning,276,99994;60878;90150;27604;85524;33782;8711;97510;9708;77228
tuning,277,15709;16116;22262;84858;71470;78760;70736;71330;5086;72527
tuning,278,64750;83276;64404;65656;63649;83502;92157;68842;17748;45548
tuning,279,57543;73307;73438;73418;73590;9124;73098;73644;71404;37938
tuning,280,31139;1175;63652;8790;8688;7830;20780;88267;8020;11010
tuning,281,97959;99516;99476;98006;93036;53799;2068;75834;1459;67822
tuning,282,63880;99434;340;376;69619;36592;36044;60673;76972;72758
tuning,283,104;99498;47396;19760;18200;28854;74508;60048;98080;70662
tuning,284,16438;43143;65488;16558;64376;54720;42264;79560;88114;25056
tuning,285,59776;16658;2314;7126;292;27616;72686;12856;28281;23750
tuning,286,14726;47424;80692;28188;97259;94954;72190;8451;97806;68170
tuning,287,14062;80810;68040;97294;91580;37228;68042;44279;32750;44266
tuning,288,55576;89838;78164;22494;99539;40264;24874;83094;93772;32016
tuning,289,17819;75354;87370;16776;62912;1422;60592;10136;80408;5490
tuning,290,72458;98636;98700;70662;44788;16714;97961;59164;58240;49582
tuning,291,99472;81338;95769;81768;32282;43512;20662;5490;2373;30704
tuning,292,3459;9606;1146;39102;25018;11070;60251;80286;81948;55652
tuning,293,32916;32687;6008;58619;81328;18240;39979;60388;65974;22567
tuning,294,99709;54194;3462;55349;12347;22160;496;80668;24102;18344
tuning,295,15967;71488;24521;22948;95384;24650;15594;16948;10174;47684
tuning,296,90146;1268;724;11506;49174;20424;34454;84206;35968;49382
tuning,297,87106;83598;56414;83556;13514;12492;89916;496;82520;7504
tuning,298,23196;24208;22160;19768;26574;42789;5895;27818;45342;26738
tuning,299,14882;69801;34226;26570;47532;7436;10290;39873;8620;31818
tuning,300,43010;56806;2668;816;41162;64522;93030;30172;43308;48641
tuning,301,85578;86459;76769;67090;44770;85460;13766;2660;13016;47454
tuning,302,96876;98210;90119;10646;39296;2652;90208;35884;98376;13044
tuning,303,78702;79952;4496;99714;33050;97389;10540;7188;70514;99089
tuning,304,55587;97389;94501;41536;6690;51000;91798;17502;75794;9826
tuning,305,5362;46104;2014;43512;26352;5490;4536;85152;81768;95769
tuning,306,93772;39640;32016;89838;89232;99538;39419;97576;88748;97662
tuning,307,99472;95769;81768;81338;16406;39854;17102;44768;23870;5362
tuning,308,99184;71126;32814;47144;69524;23382;28188;19831;17484;62104
tuning,309,75516;39640;88748;90476;89240;99539;39419;97662;76764;93772
tuning,310,23872;24362;99916;54014;24772;54086;23558;22816;9762;28812
tuning,311,99821;684;99681;59164;13890;34542;1476;40228;14160;24102
tuning,312,4094;3970;40368;93134;7898;78258;4440;23844;85936;60506
tuning,313,92190;17368;89001;83741;69878;39936;68332;39419;60282;81170
tuning,314,43844;53274;4934;5024;16210;11938;54730;67373;98806;97741
tuning,315,99384;6056;22587;57456;41040;35508;60112;89125;85308;6538
tuning,316,99654;13166;84748;40868;59461;32874;83160;28434;83317;33384
tuning,317,64674;52698;41564;80850;4999;5118;68932;81398;75834;98439
tuning,318,58958;63044;92826;33384;66988;7724;27124;52504;33626;75768
tuning,319,38296;74388;38354;9206;26943;39070;19384;9486;11328;30192
tuning,320,3960;3944;45046;29722;10596;4094;82675;50750;77036;3970
tuning,321,74676;87994;70024;1652;75576;1874;3928;30076;29883;45272
tuning,322,98198;85926;2894;16778;972;38746;66952;99591;10150;52234
tuning,323,45373;57350;9708;22926;25482;5638;71882;48690;77252;69794
tuning,324,46022;44954;45341;45026;1000;84748;45930;10056;29880;93222
tuning,325,37498;27370;49772;4522;27814;5630;63418;5212;70630;66160
tuning,326,83502;83276;63649;64750;65656;92157;64404;68842;8702;71084
tuning,327,84457;54404;946;6751;90814;1034;3294;5024;4999;95318
tuning,328,3944;3960;45046;29722;10596;4094;82675;3970;50750;10798
tuning,329,74388;38296;38354;9206;39070;26943;9486;19384;64026;51656
tuning,330,53274;85654;17623;3979;3171;3894;35776;23713;86043;12486
tuning,331,38296;3960;39070;73902;51656;4094;3944;3970;96169;94877
tuning,332,94002;95414;14980;69461;22416;81840;92037;91081;3850;25804
tuning,333,52234;52744;73644;23859;73307;946;59296;11082;96085;43131
tuning,334,60204;20848;84870;44954;4776;23746;45930;21484;20318;59526
tuning,335,43143;54720;65488;88114;25056;64376;16438;9994;50826;9148
tuning,336,20210;990;29918;4186;22710;146;40635;96464;35590;27434
tuning,337,79485;79807;28298;30244;32958;6078;3246;3954;88595;89024
tuning,338,96344;41660;41565;58718;80708;41378;8290;17546;31264;22360
tuning,339,81372;4859;887;93530;11982;82604;2668;9582;26187;36476
tuning,340,1175;36094;31082;80112;16728;26000;63652;20680;96344;19578
tuning,341,99952;97259;17819;96876;81064;16940;80266;75294;83412;62912
tuning,342,32080;48154;56930;35032;99324;35478;70214;97294;37636;68149
tuning,343,56162;74757;14780;87564;2652;31946;73722;77402;67610;15748
tuning,344,10850;83184;86150;94387;85983;69263;57124;32598;51000;81328
tuning,345,55587;97389;19119;41536;11450;85998;19314;96341;51000;13250
tuning,346,51536;25354;98461;4372;59638;31412;25958;80771;65281;10284
tuning,347,78928;12148;31850;3702;39044;7636;12422;7412;17784;83992
tuning,348,22718;51498;74836;64308;32112;96146;81778;42467;89826;74076
tuning,349,98700;98636;98731;90614;90350;3040;6410;7410;7434;6558
tuning,350,18126;95153;10006;87064;6960;35592;89762;28206;11164;11968
tuning,351,58619;88460;57962;87618;20446;46278;79044;10387;88461;19130
tuning,352,85936;73045;74110;73902;73686;15840;89008;15452;31597;15748
tuning,353,74388;38296;38354;9206;39070;26943;9486;19384;64026;26994
tuning,354,7336;72828;16650;4832;8480;2092;8320;4642;5598;1637
tuning,355,28286;59171;21547;67750;60506;60503;8846;76272;2608;11038
tuning,356,7338;36134;34628;26164;2;21660;38238;92004;15552;16420
tuning,357,44954;46022;45026;45930;45875;1000;30359;38532;13166;29880
tuning,358,79714;46205;46283;85654;45957;46234;60352;45879;61762;87206
tuning,359,38296;39070;38354;74388;47282;79164;9206;94877;9486;51656
tuning,360,8943;46701;56806;74949;1732;47278;51388;83704;2051;20912
tuning,361,83276;64750;63649;83502;65656;92157;64404;68842;96444;96414
tuning,362,11970;11910;13242;23338;53374;12090;12262;12318;38090;12122
tuning,363,4859;887;81372;2668;36476;82604;51118;9254;30508;11982
tuning,364,97124;24682;33556;20376;53058;26240;94988;1386;70192;36594
tuning,365,32160;72000;90720;34504;99464;32270;32120;32356;31392;13023
tuning,366,1175;63652;31139;8790;8688;7830;88267;20780;16728;8020
tuning,367,32598;94387;86150;85983;81522;10850;69263;72276;83184;79196
tuning,368,25126;13540;31818;90720;36664;13023;50990;28960;34504;65370
tuning,369,24362;99916;54014;9082;28812;23872;9762;39509;95153;54086
tuning,370,22568;90605;10528;71694;20694;7150;38260;47480;49840;19916
tuning,371,68974;89151;68140;69263;52604;69264;6536;20532;3264;8712
tuning,372,99994;97510;33782;39028;23750;26402;31302;4020;3662;54564
tuning,373,3296;76624;79780;14952;68858;26955;35378;79301;82679;1494
tuning,374,78930;2068;91243;96603;99516;4767;99476;98102;76453;97959
tuning,375,60204;84870;4776;23746;50512;20848;30957;41415;44954;45875
tuning,376,48814;85540;96344;53292;44310;88569;96150;81038;14674;77720
tuning,377,90452;97254;51174;55450;59432;4416;50031;50812;81268;63733
tuning,378,41060;24114;23061;14902;10316;59770;59734;16210;90814;43918
tuning,379,73307;61612;73438;73590;9124;61632;73098;57543;78783;73418
tuning,380,15604;2035;77234;5344;5130;92460;51148;5228;72670;44131
tuning,381,22718;88296;51498;46424;21320;46412;96146;47490;74836;1322
tuning,382,99709;54194;3462;96912;10174;23196;22160;24102;80668;42789
tuning,383,99498;34104;74508;70662;98080;15102;28854;45004;54258;64680
tuning,384,34008;34972;39105;4708;45688;68042;9373;43992;88086;72294
tuning,385,97806;97259;96876;16402;14726;558;20130;11782;42656;15386
tuning,386,1163;34298;1148;31227;33820;93372;98282;93036;26842;31152
tuning,387,496;3462;1330;2500;32754;7150;80668;90605;7504;65478
tuning,388,97662;32476;83398;39640;39419;89232;62246;32294;75354;88748
tuning,389,7434;7410;6410;98700;98636;97961;59096;3040;67790;51786
tuning,390,30172;64674;2078;9254;4086;39328;49302;29656;39831;43010
tuning,391,70642;54788;81954;68078;89462;34286;58732;49196;8096;41092
tuning,392,42952;3975;55362;4946;58602;5094;5642;45206;23749;8912
tuning,393,26032;28114;36438;62944;63450;7412;4080;27662;36390;53706
tuning,394,18364;19576;39008;92410;17508;18780;92670;23790;19850;38928
tuning,395,32160;72000;32120;34504;32270;82920;25126;58388;13540;13023
tuning,396,85910;89804;13848;82992;43658;22816;18432;19128;30758;24826
tuning,397,88972;96484;87201;76563;90112;17056;49572;56400;59280;17864
tuning,398,8846;71671;42176;28286;9590;60503;9104;9294;59171;60506
tuning,399,30823;14339;68974;42789;98468;15783;29021;54802;15874;5956
tuning,400,72057;97197;29268;40552;9564;24683;49344;61043;18400;21964
tuning,401,31216;14822;8702;74740;14550;76623;26772;53190;66050;11132
tuning,402,87336;91460;42122;92890;10150;1153;15880;46460;95482;93190
tuning,403,3960;3944;29722;45046;10596;52528;10798;4094;3970;77036
tuning,404,46022;85676;84748;30359;44954;32960;45930;89501;84657;45026
tuning,405,19980;21958;30192;30818;3308;21906;8912;38248;318;2955
tuning,406,97959;99516;98006;99476;42952;180;93036;96603;68289;22784
tuning,407,2068;99516;91243;97959;98006;99476;26936;93036;7804;98102
tuning,408,3016;53592;9696;79186;37422;42864;92736;7630;3704;50512
tuning,409,66106;4568;6360;1524;10116;42678;11476;60340;5766;92467
tuning,410,89838;97576;62110;17368;62246;22494;39419;39640;75516;32016
tuning,411,62222;88748;39843;23484;97576;4708;11702;63862;59461;39105
tuning,412,97389;55587;85998;19119;34972;40406;62312;96341;6690;58056
tuning,413,35490;18780;38928;39008;19850;18364;19254;23470;22144;19576
tuning,414,30172;2078;9254;55349;55176;26240;26586;4086;38887;64674
tuning,415,22948;24521;15967;71488;95384;10174;24650;15102;84756;16948
tuning,416,24362;23872;99916;9762;6152;24772;22816;28204;6044;54086
tuning,417,74676;30076;29883;1874;45272;87994;1652;26328;70024;75576
tuning,418,41079;2906;7348;21528;11320;18904;64680;29108;5072;21911
tuning,419,12412;4664;61346;66044;87028;61272;3570;46026;22412;76136
tuning,420,94002;95414;69461;41564;22416;14980;3046;41018;32302;42583
tuning,421,87728;86259;86016;59762;17326;3290;45174;58538;168;33638
tuning,422,1205;61530;15334;40444;95769;21028;3919;81338;57124;49413
tuning,423,99472;95769;81338;81768;44768;61188;21526;17102;24906;61530
tuning,424,62110;3450;99538;17368;68296;47950;39640;68332;32016;32476
tuning,425,97576;88748;11702;99539;62222;90635;39843;4708;23484;39936
tuning,426,89008;73045;93672;77384;74192;71718;88944;88918;1684;17735
tuning,427,84457;54404;6751;33792;52744;946;54556;28826;54386;46726
tuning,428,78988;74740;82336;51984;76623;87006;61272;4524;51670;53580
tuning,429,31868;82350;31819;34504;13023;96797;32160;25420;36664;32120
tuning,430,18364;19576;39008;17508;92410;18780;38928;92670;13154;18726
tuning,431,99516;99476;97959;98006;96603;2068;93036;56728;25392;60254
tuning,432,83184;57124;3919;14512;15334;79952;86150;8166;94410;12884
tuning,433,88972;96484;26528;76563;43858;17056;78154;30232;87201;62994
tuning,434,10314;17106;71694;15480;93798;98700;26032;26851;98636;2870
tuning,435,24521;15967;22948;95384;71488;47684;24650;15594;2430;10174
tuning,436,33332;98166;67090;13766;6894;98476;13976;16267;45454;41974
tuning,437,3960;74388;3944;38296;19384;73902;29722;26943;4094;39070
tuning,438,42176;71671;9590;8846;9486;21547;9104;9294;93672;5330
tuning,439,12412;66044;4664;61272;61346;87028;1876;43152;76136;3570
tuning,440,94002;83586;95414;41394;30563;44718;22416;28622;69461;98997
tuning,441,28988;15334;50218;77402;91580;74396;30904;99020;50070;39286
tuning,442,66842;22810;96542;19496;57218;73849;51174;96888;10276;38168
tuning,443,90452;59432;4416;20400;62162;97254;55450;88524;81268;51174
tuning,444,66106;60340;24043;1524;66098;98572;41581;35014;61266;5766
tuning,445,42176;71671;9590;9486;8846;21547;88944;88918;9104;89808
tuning,446,23854;14828;20350;96238;73902;81840;90550;19472;39488;35106
tuning,447,8044;308;98626;35106;14980;16380;13631;46046;77228;11765
tuning,448,8760;67122;41060;4934;90814;1200;16210;10972;21652;25592
tuning,449,84457;54404;6751;946;51882;90814;3294;1034;52744;22100
tuning,450,89008;77384;93672;73045;1684;71718;88944;88918;17735;30070
tuning,451,94002;95414;14980;22416;56558;33166;41588;3046;50158;41394
tuning,452,85900;50771;46196;79807;89024;32958;79485;88595;99234;86446
tuning,453,28281;90534;32734;53284;19376;65227;87688;17612;65606;96603
tuning,454,35258;68562;27616;53284;35155;390;2592;18352;18930;53332
tuning,455,63652;87388;82216;32734;86600;77326;98730;57468;65910;36094
tuning,456,78702;82150;99714;38333;99089;5068;4496;80810;36304;31035
tuning,457,96542;66842;22810;31312;38168;73849;11722;48664;77426;68992
tuning,458,98636;98700;90614;98731;90350;6558;3040;93798;89151;7410
tuning,459,64742;56414;22567;63336;32452;34706;91790;22718;80858;33332
tuning,460,9606;3459;1146;81948;5174;25018;37248;50665;38680;86150
tuning,461,56370;62944;94560;2774;96056;63450;57048;53850;54258;31850
tuning,462,2068;91243;98102;98006;99476;78930;75834;10610;97959;93036
tuning,463,65989;37602;780;80744;35456;34542;35124;80858;3292;55580
tuning,464,42790;64026;82242;16330;17926;17778;61636;318;77034;30760
tuning,465,44954;46022;45930;45026;45875;30359;38532;32960;1000;29880
tuning,466,1366;7391;35836;12322;86686;73882;73764;31627;62696;61528
tuning,467,84340;85667;79576;32160;85087;84776;72000;67979;32120;23770
tuning,468,28034;57708;59132;79576;27838;28816;27600;60251;17382;48184
tuning,469,20208;17562;20192;68404;38184;67915;17756;4078;80914;98924
tuning,470,51498;22718;21278;96146;21320;21162;47490;1424;1442;23952
tuning,471,5136;27108;21616;26468;40956;46080;21650;99020;81543;6554
tuning,472,94844;18512;26091;73488;99654;93190;62228;28826;45244;44732
tuning,473,37964;44784;73242;5734;31642;8877;93678;95281;11996;92736
tuning,474,46022;30359;44954;32960;45026;51372;29880;45341;6495;47346
tuning,475,79485;79807;28298;30244;32958;3246;6078;3954;88595;98946
tuning,476,58990;94354;29378;49079;31945;87734;1462;96230;38750;75158
tuning,477,59898;74222;60336;9730;56155;6066;56322;58732;41092;68078
tuning,478,19107;74426;42790;27224;17630;15356;34628;28712;61784;54720
tuning,479,82770;63880;923;55474;88238;33165;22752;71404;7988;26414
tuning,480,23854;54720;21330;10636;50826;77480;79546;21134;17778;27224
tuning,481,15884;20650;41060;99686;10150;58471;61156;30288;3979;10316
tuning,482,44954;46022;45930;45026;30359;45875;1000;32960;38532;84748
tuning,483,17894;18055;85394;23007;36546;60662;23234;32264;81893;77326
tuning,484,74800;92736;91852;3975;82776;6406;45791;87898;8912;36862
tuning,485,99516;2068;97959;99476;98006;91243;93036;97510;10610;8711
tuning,486,96603;65227;65606;71300;64704;87688;90534;78930;89548;98102
tuning,487,4318;41993;81634;22226;10138;816;27316;26124;96934;81485
tuning,488,51862;44828;41472;71832;5323;39578;17976;91582;53624;84901
tuning,489,10422;44446;21986;9750;31379;1071;42952;10156;33463;46958
tuning,490,41060;62713;59734;59770;24114;43918;8760;10316;60140;1200
tuning,491,57543;73307;73438;73418;9124;8436;73590;73098;71404;73644
tuning,492,99654;84748;30359;32874;83160;59461;41816;40868;44742;44732
tuning,493,52698;79726;42583;4999;41564;80850;34803;27964;63598;14550
tuning,494,13234;76932;47106;96150;46232;11528;9696;58602;53592;53912
tuning,495,84457;54404;54556;6751;54386;1274;22100;66264;52744;39684
tuning,496,7276;12764;97210;11136;6552;83586;91396;21911;7064;35960
tuning,497,9486;74388;26943;19384;73902;73686;9590;26994;1650;8846
tuning,498,89008;93672;73045;1684;77384;30070;88944;88918;71718;1650
tuning,499,94002;95414;14980;22416;3850;81840;41394;5330;35314;98878
tuning,500,74800;10887;96150;91783;46058;6406;11528;77720;53292;8290
tuning,501,65488;16558;75844;16438;76096;88114;54720;15356;9148;43143
tuning,502,104;10302;99498;47582;86510;77252;98080;78728;21260;102
tuning,503,52234;52744;23859;73644;73307;94844;11014;10980;46392;14712
tuning,504,91243;2068;90534;34814;8607;69164;35155;98102;17546;31302
tuning,505,86577;91242;86956;87336;5212;60465;60959;9226;46450;88788
tuning,506,67262;91852;4960;6204;18238;86580;3010;20814;63652;22360
tuning,507,887;61398;12134;34566;11764;44784;4859;51030;6406;7712
tuning,508,2639;75920;8814;5684;75128;71710;92158;71492;21260;74010
tuning,509,19314;55587;2774;19034;27886;12694;63434;4416;21694;43069
tuning,510,78702;97389;49120;7188;85112;14062;62330;10540;55944;33050
tuning,511,89872;74757;4416;43992;73722;31946;80810;40276;68042;85998
tuning,512,96542;66842;19496;22810;6026;39406;52066;51174;51862;10276
tuning,513,69004;24476;72086;38168;14447;71106;68992;11530;23594;69712
tuning,514,32642;32646;64051;90498;71154;6136;2014;76268;70680;4536
tuning,515,32356;32160;72000;32270;32120;90720;99464;34504;58388;31392
tuning,516,89151;2870;88676;58578;70948;58446;98700;94092;99821;98731
tuning,517,98854;59024;62528;98690;23086;1022;99344;87572;20422;87344
tuning,518,57543;73438;73307;73644;9124;71404;73590;73098;8436;73418
tuning,519,4934;21652;96414;96444;26316;20264;12412;68414;64688;16750
tuning,520,7276;12764;83586;91500;35960;91396;6552;54812;5994;66928
tuning,521,93258;66606;65989;9828;35124;67178;66774;78994;21700;63958
tuning,522,96150;91783;23746;46392;11528;9696;6406;76932;8706;87898
tuning,523,54720;16438;9148;41602;65488;27224;88114;15356;9994;64376
tuning,524,96344;87952;80708;20688;86618;44310;69040;48814;31264;53292
tuning,525,60374;60874;61118;63726;60959;60465;63974;51326;86956;53707
tuning,526,97259;97806;13892;28188;1422;14020;35884;12632;39296;8540
tuning,527,72086;69004;71106;69749;68992;31312;31494;24476;6132;11530
tuning,528,10276;51604;39102;33270;26052;51862;80286;39406;57546;33050
tuning,529,99472;95769;81768;64986;71174;86224;24906;2373;81338;23484
tuning,530,88972;96484;76563;87201;17056;56400;26528;43858;71644;8604
tuning,531,99654;11603;83160;10802;26091;44732;84748;44742;32874;18060
tuning,532,60400;2814;65786;74555;4910;1637;90522;15222;46306;43498
tuning,533,83064;68414;8102;83317;6495;96414;96444;34242;26316;81954
tuning,534,3570;12412;87028;4664;57905;27002;14608;5348;76623;16118
tuning,535,96150;74800;77720;91783;4946;76932;75670;10887;37651;30898
tuning,536,91254;73902;16296;71502;5638;73045;2080;77982;81688;18786
tuning,537,2262;2051;69488;20912;3816;10242;17127;37846;34244;9828
tuning,538,9392;15646;14356;4116;550;3394;31088;75834;59579;44248
tuning,539,11038;76272;60503;60506;67750;28286;59171;53374;21547;35918
tuning,540,93854;27090;15354;93654;93862;97291;44684;95081;31162;18744
tuning,541,14856;40208;18646;6278;87602;59461;53274;34628;73366;20350
tuning,542,5765;9293;81524;13352;82150;28743;16086;9310;61290;49234
tuning,543,21528;94877;81840;74256;35106;90550;20684;63778;32300;89808
tuning,544,84457;54404;6751;54556;52744;22100;90814;54386;946;4999
tuning,545,99780;61188;58108;21526;94290;20014;65392;14038;96308;36387
tuning,546,5812;97374;1260;36385;53428;28821;36980;17115;78130;37428
tuning,547,76932;58602;13234;96150;4946;55362;9696;53592;47106;3975
tuning,548,97806;97259;96876;28188;67104;20130;94846;33206;14726;81145
tuning,549,36825;77554;58574;69156;1788;99780;17800;60340;62654;76240
tuning,550,80987;24850;29634;50268;9074;21660;35874;541;98420;7198
tuning,551,47238;45572;40062;12812;14339;62392;2054;97120;1712;7004
tuning,552,74944;12224;61945;63924;88238;23408;19579;61880;60662;1153
tuning,553,38468;21515;96484;98470;6866;28204;75464;51647;89804;13076
tuning,554,67090;98166;13976;13766;16267;6894;33332;43522;98476;31802
tuning,555,77034;17778;71462;5375;85539;61636;15768;21134;23854;54720
tuning,556,18581;33838;93772;85152;16406;94214;56258;67380;24901;17096
tuning,557,62528;23086;79764;72814;95186;87572;59882;12178;12314;20422
tuning,558,12998;4306;51390;5466;88861;5812;18885;19172;19128;14004
tuning,559,85036;4318;67668;81634;22550;6219;33149;81485;66723;23915
tuning,560,108;1843;55349;42467;22718;82110;38974;61928;73284;10930
tuning,561,96484;87201;88972;90112;35494;17056;71644;76563;33824;26516
tuning,562,1011;18640;87388;53332;34612;63768;10578;24220;226;45305
tuning,563,99498;77252;78728;102;88272;98080;86891;86510;15363;4428
tuning,564,45572;47238;40062;12812;21964;95930;3468;77960;94146;32416
tuning,565,51647;9312;14847;14966;6866;51154;9582;77496;24683;45373
tuning,566,75794;61524;31312;11530;31494;37356;69004;68992;19607;43631
tuning,567,41233;9376;2134;65998;1162;68492;2998;67186;29616;6296
tuning,568,26780;18581;2190;15182;39854;22584;5498;44828;69246;33050
tuning,569,13922;71540;65568;67659;74136;97124;80434;80504;37596;33712
tuning,570,258;67449;41394;67762;96238;44544;90786;28622;90550;7699
tuning,571,56370;96056;94560;54258;2774;95586;63450;57048;62944;19658
tuning,572,10663;6576;1714;91540;92864;82492;34483;258;35776;54404
tuning,573,92736;3975;21986;55362;74800;91852;82776;8912;6406;7888
tuning,574,51647;9312;6866;14966;14847;9582;24683;45373;77496;51154
tuning,575,58732;59898;60336;26941;40280;74222;56155;9730;54788;42194
tuning,576,27509;1448;38501;14748;30818;6576;21958;21906;4524;10960
tuning,577,5136;97820;39224;8056;52271;55830;11212;93953;25074;9648
tuning,578,9376;2134;1162;68492;65998;51786;46928;29616;2098;20774
tuning,579,37248;93953;60734;97820;55830;28816;3174;96000;52271;38220
tuning,580,11764;12134;61398;44446;22128;9726;30508;22550;887;6406
tuning,581,65998;68492;9376;2134;2098;1162;51786;23750;35590;61190
tuning,582,106;88130;38812;54282;38680;98588;31434;28816;38220;61190
tuning,583,23100;59579;9388;358;69626;15200;27412;19040;89938;33626
tuning,584,73098;9124;73307;73590;57543;71404;73418;8436;49994;76480
tuning,585,99654;24166;40868;80786;80987;3570;26164;83317;83160;13166
tuning,586,7276;7064;12764;6224;97210;35960;21911;6552;91500;37106
tuning,587,99994;60878;73493;65981;97510;33782;21490;67048;32510;57350
tuning,588,78232;11974;48416;93672;41528;87114;1637;64830;99184;20800
tuning,589,38354;38296;74388;39070;9206;9486;4440;79164;47282;10822
tuning,590,94002;95414;14980;22416;41394;89125;90550;42583;36080;3850
tuning,591,4776;60204;44954;95606;20848;20318;23746;84870;45930;45875
tuning,592,63880;69619;340;376;80112;34372;36044;81893;76972;79758
tuning,593,27018;28298;32958;99234;88595;50771;79807;86446;98946;85900
tuning,594,99089;99714;5068;8736;68040;99564;4496;69106;92918;45688
tuning,595,45688;36304;80810;43992;68040;87297;5068;73722;34972;44279
tuning,596,18028;83412;58050;77464;93310;50956;92786;47896;76240;10276
tuning,597,9168;75118;7466;7738;62428;70131;8736;27850;8134;94954
tuning,598,18581;85152;33838;17096;24901;93772;94214;16406;38964;24263
tuning,599,32270;32160;72000;99464;34504;32120;90720;32356;78402;82920
tuning,600,35490;23470;38928;92670;22144;19132;73110;18364;74328;92410
tuning,601,30942;26104;24362;28812;9082;12248;7030;35592;76769;99916
tuning,602,4031;52030;86011;89130;17902;51743;4963;214;85667;22926
tuning,603,26032;2538;99821;26851;27662;1476;13890;684;28114;20936
tuning,604,15480;83598;13514;16027;83556;51572;6756;63450;18868;38260
tuning,605,43512;52054;41943;27251;18124;49838;81524;7696;50900;39958
tuning,606,17106;10314;27662;41046;41170;27049;20808;26851;7898;26032
tuning,607,30359;32960;84748;85676;12558;15040;46022;89501;84657;45875
tuning,608,3015;8416;43704;91050;12206;6406;87800;32884;1276;2038
tuning,609,8688;77480;23854;9594;79546;85161;54720;19638;79560;85539
tuning,610,5330;16330;42790;88944;68136;72187;9552;1332;54404;42176
tuning,611,59898;60336;58732;9730;56155;26941;74222;56322;69394;72718
tuning,612,99994;48026;73493;21490;392;8044;35155;25600;49848;39730
tuning,613,26476;5206;56582;95621;1444;45170;5656;92856;5508;52700
tuning,614,49044;7356;49788;936;9730;44446;26350;22550;77611;40280
tuning,615,19314;63434;19034;19119;17770;4416;27886;2774;55587;89964
tuning,616,18028;83412;58050;77464;93310;50956;76240;10276;57102;47896
tuning,617,9168;61982;8134;78532;28188;75452;71824;47200;94954;54010
tuning,618,76268;22982;40373;71154;63022;18184;30285;48360;32642;44067
tuning,619,7822;9810;5428;2746;9226;87336;3704;48641;60465;5748
tuning,620,34556;7986;420;95330;28396;46450;9226;53707;91988;51326
tuning,621,34556;9226;1444;52924;86956;420;52156;91988;5428;60465
tuning,622,75292;46450;91242;53707;87336;19776;86577;74492;420;21828
tuning,623,79485;79807;32958;28298;50771;98946;99234;30244;88595;27018
tuning,624,94002;95414;22416;51508;5330;69461;2890;16330;75301;79781
tuning,625,30244;5696;96085;85827;79807;37370;98946;57350;69619;79485
tuning,626,45486;82974;2222;31816;44374;27672;15610;18800;7712;7986
tuning,627,86048;27878;4100;26316;20748;23851;7348;42068;5072;11320
tuning,628,35258;53284;35155;27616;12856;97284;59776;34814;40280;19344
tuning,629,24850;61108;48026;22034;10610;70848;91242;98620;24826;9940
tuning,630,146;136;267;6850;22458;8288;54396;118;59344;21260
tuning,631,9708;1318;86628;99498;86891;76996;102;63498;15006;90150
tuning,632,9730;59898;45178;56322;72718;6066;54788;60336;56155;64943
tuning,633,81840;94877;58322;32300;50008;82592;25424;39730;58920;89808
tuning,634,87714;91790;88296;22718;40286;21320;87902;83456;42716;63346
tuning,635,73686;73045;15748;89008;42442;15840;74110;73902;1579;31597
tuning,636,23496;42880;4062;6013;44396;80638;69888;1788;89917;55586
tuning,637,74010;75920;75128;5684;56168;74116;71710;2639;8814;76210
tuning,638,54720;9148;43143;65488;16438;79560;42264;25056;88114;64376
tuning,639,99234;28298;79807;32958;50771;88595;17256;98946;86446;27018
tuning,640,56972;50426;20210;51004;42529;97754;46750;16010;51754;7018
tuning,641,64852;99678;45791;22780;22620;18640;33882;42648;51894;20902
tuning,642,81372;93530;11982;887;11812;39346;36476;26187;2668;4859
tuning,643,80264;79780;20474;27658;38178;1912;9910;33414;3296;23851
tuning,644,96542;38168;63538;59462;66842;6132;19496;31312;96888;68992
tuning,645,88972;96484;35494;87201;32416;7412;76563;8604;17056;7636
tuning,646,1732;8943;4248;9578;46764;15368;1260;51566;33416;96912
tuning,647,89151;58578;58446;2870;98700;98731;88676;98636;13154;27049
tuning,648,4536;44823;5362;99326;31152;20108;14200;2014;96528;13846
tuning,649,42550;3702;11808;2232;36888;68798;12422;92670;12148;55549
tuning,650,51498;96146;21008;21278;22718;1424;1442;21162;74836;47490
tuning,651,77680;51950;63762;12486;52650;77152;33776;21622;63768;1702
tuning,652,62528;87572;95186;46797;99344;59882;87344;1022;92644;46700
tuning,653,61612;78783;20440;50750;37938;61632;4254;45272;73644;3928
tuning,654,99654;13166;40868;28434;2894;10150;76181;41816;1000;83064
tuning,655,1874;1652;70024;75576;45272;3928;74676;29883;30076;87994
tuning,656,80264;79780;27658;20474;38178;23851;1912;3296;9910;33414
tuning,657,12632;55586;11780;17819;80408;13892;94570;39296;11628;12904
tuning,658,94002;95414;69461;41564;14980;42583;47144;80850;98439;79781
tuning,659,43704;3015;87800;8416;9472;54220;10056;91050;86970;46758
tuning,660,75128;74010;75920;5684;71492;2639;56168;74116;76210;71710
tuning,661,86016;86259;82729;45174;17326;87728;29186;58538;33638;10980
tuning,662,9376;2134;51786;1162;65998;68492;2098;29616;67186;5938
tuning,663,9148;16438;54720;65488;88114;79560;64376;16558;19846;25831
tuning,664,79485;79807;32958;28298;50771;98946;99234;30244;88595;27018
tuning,665,79576;85667;84340;85087;84776;27600;27838;59132;69562;57708
tuning,666,20210;990;146;4186;96464;35590;9948;39186;10392;29918
tuning,667,27616;8607;98102;2068;91243;16658;35258;19510;99008;35155
tuning,668,12764;76714;6828;6758;5994;7276;66928;20424;13888;2630
tuning,669,79324;82716;2996;82893;21526;95769;94387;17458;8276;81338
tuning,670,99000;50852;18512;46960;36072;52744;40608;35742;43594;69322
tuning,671,99952;97806;16940;49986;6726;28188;17048;28938;5490;64986
tuning,672,73722;43992;31946;44279;74757;36304;28512;87297;44266;44194
tuning,673,24043;62764;46339;26960;45932;19449;66098;27682;35832;29872
tuning,674,50031;76880;51174;81268;61530;66098;83264;24154;21028;1524
tuning,675,93310;10276;47896;36387;57102;51604;83412;3668;79524;13346
tuning,676,75118;63343;9168;8134;74396;70131;75452;71866;62428;28988
tuning,677,99060;13018;1912;65900;9916;61020;1876;8102;57905;53958
tuning,678,74328;35490;47707;73110;37602;31850;47562;31950;36172;12422
tuning,679,67090;33332;13766;13976;6894;16267;98166;41974;47618;18896
tuning,680,54541;33030;3646;64510;34013;39831;33556;15606;5812;76628
tuning,681,83598;62944;83556;96056;2463;63450;14279;63864;38422;10472
tuning,682,35987;10138;98620;39819;61030;19092;11600;24492;3810;30090
tuning,683,13888;33556;14348;97124;2630;13310;72996;99466;91396;26240
tuning,684,18364;19576;39008;18726;17508;18780;13154;18602;19850;36172
tuning,685,37330;49582;52600;32120;32160;90720;65370;53154;72000;85884
tuning,686,37330;49582;52600;32160;32120;90720;34504;65370;85884;74704
tuning,687,77680;63762;51950;52650;12486;77152;21622;63768;33776;50950
tuning,688,99434;63880;340;376;69619;25770;75952;19674;72758;59542
tuning,689,95769;99472;81768;81338;61530;49413;23214;44768;9356;99780
tuning,690,97254;9432;26960;74599;80509;28456;59432;50812;4494;51174
tuning,691,67090;33332;13766;98166;6894;45454;19767;16267;13976;41974
tuning,692,93530;81372;36476;11982;26187;11812;4859;887;39346;42638
tuning,693,2816;92240;316;86259;30310;59762;53030;61636;51830;94342
tuning,694,62528;95186;92644;87572;46797;59882;1022;87344;99344;98854
tuning,695,45206;4276;74800;11528;96150;9696;46058;10768;77720;58602
tuning,696,22306;3828;20902;15520;19372;87898;3792;14112;96230;26878
tuning,697,52698;69461;41564;43131;5524;42218;56450;98142;43157;5422
tuning,698,5178;44007;15996;7726;7664;97741;14962;8386;51956;69798
tuning,699,29108;12968;41079;51475;4963;62102;74608;51290;90550;11320
tuning,700,99994;33782;1246;97510;73493;45237;8711;8044;60878;65981
tuning,701,6134;97111;82682;66765;5844;17052;98853;22302;68262;20384
tuning,702,82776;58602;45206;3975;11528;9696;55362;4946;76932;37422
tuning,703,98420;404;3394;12862;75301;5738;91324;2162;3878;1648
tuning,704,94002;95414;42583;69461;22416;41564;14980;3046;79781;41394
tuning,705,97959;99476;99516;98006;96603;2068;22784;58484;93036;29978
tuning,706,85667;79576;85087;84340;84776;23770;57708;27600;47642;27838
tuning,707,17908;6406;34054;87800;46758;86970;42830;9472;32664;48814
tuning,708,41602;11140;8688;21134;36200;81432;50826;23854;57560;54786
tuning,709,79485;79807;32958;28298;30244;40946;88595;50771;98946;4408
tuning,710,90534;98102;8607;35155;16330;34814;78930;19344;27616;35258
tuning,711,63085;12322;35836;72686;61528;42563;95582;3662;38092;4020
tuning,712,81372;93530;36476;11982;11812;26187;4859;887;39346;46394
tuning,713,80810;21694;21884;45688;43992;24679;89899;37636;5068;7226
tuning,714,57124;14918;83184;16710;32598;19606;62434;8244;8166;13784
tuning,715,19314;2774;55587;19034;12694;63434;11166;46863;19119;282
tuning,716,45236;51294;17504;26498;4539;2194;34393;27290;88088;52638
tuning,717,62246;93772;89001;88748;62110;56258;68332;83741;99539;39640
tuning,718,95769;99472;81338;81768;44768;61530;97530;21526;49413;2996
tuning,719,39172;34102;71108;44067;6136;55930;48589;76268;25668;56728
tuning,720,96146;22718;51498;47490;42467;46412;21320;21090;42716;1322
tuning,721,1146;39102;57410;80286;50665;9606;38680;37248;24616;18184
tuning,722,3462;22160;14544;10528;2500;12347;10472;55176;99709;16027
tuning,723,66242;50158;18322;63778;48960;51950;12314;35794;68060;82604
tuning,724,2562;60576;57218;14980;65971;51656;52266;10570;7699;54720
tuning,725,7840;94877;45272;4524;27509;1448;30442;32300;4254;30826
tuning,726,412;8638;72594;40208;6156;91242;541;11938;6278;11262
tuning,727,38482;97268;57502;55338;37864;54977;60188;58172;57254;56156
tuning,728,95352;95082;99686;91436;61762;24114;10832;7914;85308;43918
tuning,729,87902;83456;22718;88296;87714;91790;89826;61928;82700;42716
tuning,730,99709;59667;71218;34496;48244;54194;3462;55349;21362;23196
tuning,731,22567;36804;19274;87134;43625;68114;32916;56052;47926;32452
tuning,732,62336;31494;31312;88611;39522;85910;55752;54010;75794;72752
tuning,733,31946;89899;21694;10062;7226;9928;79646;56930;56160;69106
tuning,734,8706;66364;81448;64006;81432;34026;93222;63598;2880;77737
tuning,735,65392;41472;65444;13182;65562;30867;77445;77464;15282;5464
tuning,736,97959;99476;99516;98006;2068;96603;22784;58484;93036;29978
tuning,737,79576;85087;85667;84776;84340;27838;57708;13580;27600;49396
tuning,738,90119;83533;96876;39296;10646;36825;97259;80338;33628;97806
tuning,739,62246;93772;89001;83741;56258;88748;97576;89838;48050;55576
tuning,740,28754;28691;30870;28920;28970;59032;31650;84756;14726;87266
tuning,741,68296;68332;24980;39419;32476;88748;60282;13696;47950;24901
tuning,742,80810;43992;68042;69106;91580;44194;73722;37228;34972;32750
tuning,743,78846;61188;87832;1205;23130;1896;26558;86150;21526;99036
tuning,744,86892;10150;59078;2267;412;23414;12998;94218;98198;42394
tuning,745,8044;392;99994;73493;67048;65981;16420;16952;35155;82776
tuning,746,5844;82682;85552;17052;1342;98853;66765;56460;15419;74858
tuning,747,16650;60400;8320;15134;8480;4642;63472;66202;72828;15746
tuning,748,83160;83317;42618;83064;82398;30359;18738;32960;82336;31516
tuning,749,22492;17668;21971;35918;21470;8888;12154;17632;91086;86621
tuning,750,94002;95414;41564;69461;42583;80850;99806;98439;79781;52698
tuning,751,84657;26462;75395;29186;10980;52744;51394;11012;52234;26878
tuning,752,85328;79358;70131;42656;75062;63343;69106;89899;79646;10062
tuning,753,99020;99564;99749;31035;62434;91580;63343;7226;74396;70131
tuning,754,87766;90108;1680;66101;31318;1082;8012;97259;97806;1736
tuning,755,96584;96912;54194;35547;34542;26538;42021;16392;17222;4658
tuning,756,97636;98262;21964;49196;3468;2500;28930;43684;3462;60230
tuning,757,73136;15266;5510;15322;2027;10818;22087;77579;23890;77931
tuning,758,32270;34504;32160;32356;90720;25126;13023;31392;72000;58388
tuning,759,22306;3828;15520;20902;87898;14112;96230;26878;18636;10122
tuning,760,85087;85667;84776;84340;79576;23770;13580;47642;51743;49396
tuning,761,2134;9376;2998;65998;68492;51786;10988;67186;2098;8360
tuning,762,32958;88595;99234;79807;50771;98946;28298;85900;86446;89024
tuning,763,52698;42874;53008;65981;44544;18196;12951;458;54524;2274
tuning,764,65392;41472;65562;65444;9334;10540;99780;13182;23496;77445
tuning,765,25102;82920;32160;96797;82350;58388;34504;25420;30536;65370
tuning,766,14544;10528;7504;10472;22568;18868;7150;5895;97108;71694
tuning,767,64742;32226;21642;29496;259;8896;71644;48244;4688;21090
tuning,768,23086;95186;20422;62528;72814;1022;87344;87572;12178;92644
tuning,769,15419;97111;91086;35060;48563;17052;68262;56460;66765;97810
tuning,770,96444;96414;61556;5348;39694;6495;51702;10004;5086;76623
tuning,771,9376;2134;2998;10988;65998;10772;1162;67186;6296;9676
tuning,772,70131;83184;3919;57124;79358;15334;62332;19606;79952;71495
tuning,773,43992;31946;74757;73722;36304;45688;89872;68042;80810;21694
tuning,774,62764;24043;34536;27437;51802;39117;29872;68178;39382;35832
tuning,775,41516;49932;56972;98960;17800;69156;9334;8330;64492;12884
tuning,776,73908;71882;56162;69794;89506;70576;11960;772;5676;148
tuning,777,30962;73268;81360;79794;16889;46394;76644;31210;9582;14847
tuning,778,39730;62182;99994;65981;17546;21490;93312;73493;97510;31162
tuning,779,5330;42790;16330;17926;61228;54404;9552;64026;1332;53580
tuning,780,1088;90476;71043;89240;89001;84834;83168;86224;24940;78164
tuning,781,90500;45856;84576;71108;8333;35001;13182;90602;28188;2190
tuning,782,53047;91884;95606;27482;5572;50512;3975;37422;44954;25932
tuning,783,85658;74740;26772;82398;27100;58958;30818;11178;9870;42340
tuning,784,79358;85328;38920;75062;25047;68149;68170;99324;70131;79646
tuning,785,94846;60356;81064;12632;1758;3020;94570;38898;80266;2652
tuning,786,62428;45688;9932;70131;8134;75452;61982;28988;27850;96134
tuning,787,28064;8812;11589;69636;94954;21950;5724;37206;69606;66101
tuning,788,29747;34536;41302;53766;164;29872;27437;19449;66106;35832
tuning,789,36304;14062;44279;27266;44266;43631;87297;77109;5068;80810
tuning,790,87766;90108;1680;1082;31318;97259;8012;66101;97806;45930
tuning,791,25518;88972;7412;96484;35494;17187;90112;87201;1382;78154
tuning,792,10314;17106;2870;15480;26851;22568;27662;97108;41170;89151
tuning,793,90119;73849;96876;30822;8928;13631;90306;439;97806;12840
tuning,794,90119;34718;13252;87370;97462;80408;44410;46080;45470;46006
tuning,795,15709;16116;84858;71470;22262;71330;5086;72527;70736;25102
tuning,796,74608;5444;2906;46026;51475;9440;3108;21911;4856;79621
tuning,797,28754;11468;86046;45244;31616;77368;8112;71864;39008;87201
tuning,798,75292;170;53707;19776;34690;51520;17474;46450;27434;1526
tuning,799,94877;81840;90550;62182;88918;88944;89808;3812;26943;29108
tuning,800,36344;45206;58602;46058;76932;4276;96150;17160;4960;7391
tuning,801,33556;13888;97124;14348;12716;13958;91396;70403;13310;13712
tuning,802,94002;95414;6794;56558;35106;89125;14980;2784;22416;7914
tuning,803,43704;8416;3015;54220;1276;30508;3548;12206;87800;46758
tuning,804,86016;86259;41568;58538;17326;29186;45174;33638;65584;27124
tuning,805,80810;45688;5068;37636;44279;36304;43992;21694;68040;89899
tuning,806,39640;97662;93772;39576;24874;17368;76764;55576;89232;97576
tuning,807,41516;49932;12412;8708;17800;76806;2183;1876;56972;4664
tuning,808,77496;9254;936;798;48026;42864;887;58182;77306;82604
tuning,809,32160;99464;72000;90720;32120;25126;32356;65370;82920;32270
tuning,810,50826;21134;23854;54720;85539;33786;71462;95606;21170;10636
tuning,811,32422;29858;54541;3646;94092;34013;27107;39220;34011;27386
tuning,812,9606;1146;81948;3459;11070;37248;60251;25018;55652;31974
tuning,813,61612;4254;64068;43594;73307;78783;73644;50750;61632;20440
tuning,814,79485;79807;32958;98946;30244;99234;50771;28298;88595;87336
tuning,815,9552;318;9890;64232;89348;53580;58768;2890;54404;9110
tuning,816,44131;99300;89340;11802;25860;26480;2035;44702;2814;46306
tuning,817,59132;79576;53136;57708;49396;27838;896;69562;84340;95885
tuning,818,42030;32716;39998;56880;8556;29694;50427;26146;7922;258
tuning,819,84776;13580;85667;85087;79576;84340;57708;59132;27838;896
tuning,820,4658;34590;598;96854;49174;97786;62944;83840;20782;2026
tuning,821,9810;91242;4952;24850;12292;61108;48641;45434;52278;53707
tuning,822,51326;420;53707;91988;46450;95330;60465;75292;27018;17256
tuning,823,35104;66172;29804;44310;1428;7802;21052;16540;59462;59762
tuning,824,96114;26156;22550;22128;49044;61398;78322;22618;63894;46230
tuning,825,63242;30436;58782;22226;22620;57596;44080;64852;1826;45791
tuning,826,20902;22620;22780;64852;20302;82328;2318;51894;67552;92656
tuning,827,77510;7988;10740;18055;11288;21364;81893;33165;36094;63880
tuning,828,28712;14274;91249;10180;3008;54720;15712;54418;936;14789
tuning,829,62182;37498;43856;52832;4926;9616;96238;75404;83592;13068
tuning,830,96150;77720;41287;10887;76932;74800;17160;41565;8290;91783
tuning,831,31216;14550;14822;8702;66804;66050;4395;76623;74740;51670
tuning,832,25482;52030;4963;51743;12968;96238;24478;81688;10822;76874
tuning,833,410;32302;41602;34026;57536;25350;85574;58538;15926;87366
tuning,834,72758;80572;32734;12856;12402;80112;65880;96434;29810;23124
tuning,835,37636;56930;62428;9932;45688;31946;44194;44279;7226;96134
tuning,836,9334;99780;23496;77445;41472;13182;65444;30378;67772;64492
tuning,837,48244;64742;15874;15783;15487;18344;13582;8896;10174;15970
tuning,838,94877;81840;58322;1826;58920;90550;1398;97071;39730;20800
tuning,839,94428;86372;47092;59944;21162;21278;21516;21700;40286;18690
tuning,840,14822;31216;2392;78988;66050;35850;92040;14550;34483;73309
tuning,841,48942;77234;4154;14551;95885;31175;21794;89964;24326;58212
tuning,842,10802;99654;11603;83160;44732;44742;65006;26091;32874;84748
tuning,843,15212;22862;16952;18746;1046;16420;6828;17126;29128;51656
tuning,844,79576;85667;85087;84340;84776;13580;57708;27838;59132;896
tuning,845,51604;10276;39102;57410;57546;80286;26052;86150;33270;39406
tuning,846,44954;46022;45026;45930;1000;30359;38532;13166;45875;32960
tuning,847,56474;52656;12262;64819;66170;22;75986;11970;3444;63534
tuning,848,1648;60468;76664;58958;2622;32440;2162;21460;404;33384
tuning,849,3975;4946;92736;36862;8912;48912;55362;58602;87898;96230
tuning,850,90028;86580;36052;10740;96948;81893;73307;80112;26414;36338
tuning,851,28938;656;880;6150;80664;25578;31275;56450;40452;30848
tuning,852,32080;94954;54010;35478;25047;42656;99324;81085;37636;70214
tuning,853,34536;62764;5072;24043;11774;29568;28397;26960;80922;9235
tuning,854,55549;66106;10637;64940;97920;2446;22282;66098;61530;33747
tuning,855,32120;32160;28960;25420;30642;65370;27694;53154;28118;54052
tuning,856,9526;11133;17572;10176;10052;15392;14957;44296;65752;14339
tuning,857,38482;97374;35982;51243;27940;1260;22872;28821;57502;55338
tuning,858,46916;20828;13108;46958;74842;36172;35968;39462;34150;43012
tuning,859,14551;32842;33792;1588;56156;1568;37794;44310;58212;12520
tuning,860,50072;79320;80110;29250;17626;28826;19282;68414;26091;71404
tuning,861,28938;29874;42836;30652;21581;25578;6930;29090;12840;8556
tuning,862,91988;23856;98620;52156;52298;15740;60465;51048;55341;52832
tuning,863,62102;16230;69524;73226;75522;38964;46588;50268;18827;42554
tuning,864,5068;21884;28972;43992;68040;22808;24679;45688;44279;68042
tuning,865,17819;47684;99952;97259;16402;17048;1766;23928;97806;11782
tuning,866,72579;60858;38964;39180;69536;32162;93120;36558;19542;59558
tuning,867,24362;99916;9762;23558;22816;28812;23872;24772;54014;54086
tuning,868,73908;71882;69794;70576;89506;11960;5676;88358;14132;772
tuning,869,56370;19658;54258;96056;94560;2774;57048;19834;57388;95586
tuning,870,88972;96484;35494;87201;76563;7412;7636;90112;59280;26528
tuning,871,32028;2054;3128;47971;22902;53466;98344;1876;8258;80716
tuning,872,3548;8416;12206;52301;14284;30508;65437;89930;25554;38546
tuning,873,85552;15419;82682;85132;57089;17052;22844;5844;1342;56460
tuning,874,99498;47582;97268;29068;56156;28854;77252;104;55338;78728
tuning,875,17819;97259;75354;28694;5384;97806;13190;33463;17458;66101
tuning,876,13182;91996;83326;5498;84901;13846;34298;472;63910;51862
tuning,877,22902;59164;44656;910;17382;2047;34590;13084;47264;56024
tuning,878,24208;14544;23196;7150;45342;12347;22160;29956;80668;26574
tuning,879,28536;66101;99749;17458;71876;47200;47424;2351;1148;31318
tuning,880,7226;62428;75452;75176;96134;69106;74396;22090;26550;28988
tuning,881,44194;56930;48154;37636;45688;55590;47720;70214;87297;97389
tuning,882,496;3462;2500;1330;55349;44046;12347;80668;7150;32754
tuning,883,62246;89838;93772;62684;56258;5536;32016;62112;99538;24686
tuning,884,26478;2868;12070;97218;11904;97291;11862;12007;4592;27124
tuning,885,31216;14822;8702;14550;74740;76623;66804;26772;43298;16100
tuning,886,15746;8320;16650;8480;15134;79658;2092;15819;14995;4642
tuning,887,22306;20902;3828;18636;51894;18990;96230;26878;31034;87898
tuning,888,2054;22902;32028;3128;8258;47667;12812;98344;47238;65710
tuning,889,62944;53850;48333;1382;59164;19834;31662;20006;18894;50491
tuning,890,54194;99709;3462;496;80668;23196;24102;25362;22160;55349
tuning,891,41060;59770;10316;24114;62713;7370;43918;14902;59734;21484
tuning,892,26478;23338;15452;89008;74110;73045;62806;73902;31597;85936
tuning,893,38532;45930;29880;44954;94370;46022;45026;51596;45875;89501
tuning,894,18746;15212;29128;22862;19396;91500;6828;1046;99464;22960
tuning,895,15709;16116;22262;84858;71470;71330;72527;5086;45875;96246
tuning,896,99994;97510;23750;392;33782;99796;39028;86048;8044;7386
tuning,897,95082;61762;95352;10832;5112;85654;42394;99686;11210;30288
tuning,898,22306;26878;20902;18636;26462;35874;96230;3828;51894;87898
tuning,899,97124;33556;13888;2630;13310;14348;26240;42467;13958;772
tuning,900,9376;2134;68492;9676;65998;51786;10988;2098;67186;29616
tuning,901,94304;74382;6372;65998;67244;99838;90786;43012;39220;66314
tuning,902,26000;30864;11516;95582;36592;80112;77510;12290;12322;52334
tuning,903,91374;91249;2890;56926;54806;17720;82744;17326;88114;59630
tuning,904,2774;20488;82350;23771;18206;26514;18750;94988;25840;18330
tuning,905,21694;43992;89899;80810;31946;7226;45688;79646;56930;32750
tuning,906,66842;96542;22810;19496;73849;38168;19264;69432;584;63538
tuning,907,98072;86754;62322;98376;98094;89932;75354;91918;75208;94434
tuning,908,91918;91890;89917;89932;96876;84240;94434;94570;98376;86754
tuning,909,70848;62764;24043;26586;26960;27682;34536;41854;724;35832
tuning,910,50208;30563;32476;62112;46132;88526;39105;68332;82716;56742
tuning,911,90119;2652;80658;87370;34102;75176;52946;23508;17819;59964
tuning,912,69878;31584;16708;12700;17368;42062;32016;63910;26468;48106
tuning,913,48714;97662;62322;39936;49499;55576;56312;63290;52670;83094
tuning,914,9334;77445;41472;1202;23496;99780;30378;13960;38008;468
tuning,915,23872;24362;99916;24772;6152;22816;23558;54014;30942;18814
tuning,916,54258;56370;96056;94560;57048;95586;2774;63450;62944;19658
tuning,917,4169;94242;69801;31818;38706;39808;82350;8620;39873;32120
tuning,918,94092;34013;27107;27386;33030;57514;34011;44296;6558;3646
tuning,919,23749;32932;73044;39356;1644;22872;1806;14262;52066;64674
tuning,920,50208;7536;88526;39105;97576;24901;32016;68332;62684;62246
tuning,921,51604;10276;39406;58574;28534;57920;51862;86396;67380;23496
tuning,922,39406;67380;17096;57920;62654;31412;12884;85152;69578;26352
tuning,923,8336;6726;4864;7386;1422;62222;64986;96238;13044;13288
tuning,924,96238;41079;77982;76996;11774;74608;74256;7348;7830;3108
tuning,925,99654;11603;83160;44732;45244;44742;10802;28826;10966;26091
tuning,926,80786;80987;51342;64522;53237;76962;52650;67562;9160;16380
tuning,927,30359;32960;18738;14612;83064;70506;42618;83317;67200;71946
tuning,928,23086;62528;1022;87344;72814;95186;87572;20422;79764;73070
tuning,929,79764;12040;72814;12314;87572;87344;11310;59882;53586;54640
tuning,930,96134;7226;62428;69106;57078;37228;68040;74396;39286;75452
tuning,931,91918;91890;89917;89932;86754;90148;75354;81064;94570;84240
tuning,932,34536;62764;29568;24043;5072;26960;28397;9440;11774;67186
tuning,933,62322;48714;39936;49499;97662;83094;47902;52670;56312;55576
tuning,934,87344;95186;87572;62528;1022;59882;99344;46797;92644;54640
tuning,935,16650;8320;8480;15746;4642;7336;60400;2092;51792;48416
tuning,936,82682;85552;98853;5844;56460;15419;19526;17052;7451;85132
tuning,937,83160;50072;26091;44732;44742;65006;99654;11082;42864;11603
tuning,938,19640;19606;8166;57124;83184;468;79952;26780;94410;89432
tuning,939,49499;52670;85334;52296;47902;22500;48714;89377;30848;62738
tuning,940,30867;98960;98210;9310;1148;17819;23216;93591;50171;46784
tuning,941,9526;17572;11133;10176;10052;15392;14957;14339;12350;44296
tuning,942,20518;20866;45791;86026;19372;62560;3792;5094;5642;58322
tuning,943,20130;61408;42510;16750;14339;8410;29116;69979;56998;7754
tuning,944,85667;79576;84340;85087;84776;47642;23770;27838;27600;69562
tuning,945,69106;79646;7226;21694;85328;70131;89899;47806;51842;63343
tuning,946,15212;19396;17126;1046;32314;356;22960;29128;37074;72752
tuning,947,20902;3828;22306;3792;19372;51894;64852;25830;2592;20302
tuning,948,1906;98620;82328;99678;53286;26229;55364;88433;21616;44446
tuning,949,86016;87728;86259;168;58538;59762;33638;3290;32719;45174
tuning,950,28938;21581;91052;30848;19566;25782;17798;91798;56450;31876
tuning,951,96542;38168;19496;66842;68992;11722;22810;39406;72334;77426
tuning,952,29747;51174;97920;27437;29872;19449;35832;62764;50812;34536
tuning,953,94954;32080;37636;38334;71866;56930;35478;28064;45688;63343
tuning,954,45688;21884;43992;62428;75176;37636;86754;69106;96134;7226
tuning,955,98376;86754;98072;84240;98094;90148;632;91918;91890;89917
tuning,956,71154;71200;40373;76268;44410;56882;64051;70680;40772;90498
tuning,957,496;1330;3462;2500;32754;90605;65478;80668;7150;4819
tuning,958,97284;30090;69940;41244;81485;43970;91249;52334;3926;11010
tuning,959,61408;20130;59060;8410;30758;10860;30942;64834;64788;55686
tuning,960,6052;41434;3492;31412;56358;33748;26052;9644;69578;40364
tuning,961,33882;34716;28821;38482;36385;36532;55338;429;97374;69857
tuning,962,79764;12426;12040;53586;59882;99344;72814;46700;87572;73350
tuning,963,88986;58322;24160;89042;31210;48026;8032;4952;59078;76644
tuning,964,33354;28118;31392;34504;25102;8786;22566;72000;89894;4169
tuning,965,40779;40826;85460;85578;65614;19970;51666;32936;19958;11198
tuning,966,32687;40240;42260;39979;20532;59134;5384;36917;37282;10314
tuning,967,50008;97291;33801;49848;26970;23527;97218;25442;25424;92826
tuning,968,52234;52744;73644;946;73307;11014;23859;73590;14712;73438
tuning,969,12632;49986;97259;28188;97806;90119;59274;17819;11780;81145
tuning,970,98210;93591;98960;13892;30867;98376;12632;17819;4099;632
tuning,971,86754;75208;90148;31584;18736;98094;75354;84240;98072;98376
tuning,972,32160;72000;99464;90720;32120;34504;32270;89894;65370;31392
tuning,973,24362;23872;99916;24772;28204;95153;6152;54086;54014;89804
tuning,974,26574;23196;22160;14544;18868;24208;27818;80668;10528;7150
tuning,975,28376;15528;41092;90350;37220;37654;75858;32704;36288;26744
tuning,976,73908;71882;69794;70576;88358;5676;14132;11960;89506;56162
tuning,977,58974;59036;84210;48180;13550;69894;18878;35462;35728;24362
tuning,978,66928;84726;9762;20424;24362;37600;12984;164;11580;96484
tuning,979,10071;23428;61934;22;3600;3582;16100;44154;84074;19396
tuning,980,17572;9526;10176;10052;15392;11133;14957;61043;12406;26692
tuning,981,71066;70784;87554;34268;39232;26091;3944;38345;2362;48952
tuning,982,85667;84776;79576;84340;49396;67979;85087;23770;46014;53136
tuning,983,65998;94304;9376;27940;39220;68492;8322;4318;33149;43012
tuning,984,376;63880;340;99434;69619;36044;21016;19674;88388;7988
tuning,985,91374;91249;17326;82670;82744;17720;54806;56926;30310;31820
tuning,986,28938;656;21581;880;56450;40858;98338;91798;31275;14099
tuning,987,78164;97312;17368;97576;32016;81170;83741;1695;89838;89001
tuning,988,91918;91890;89917;89932;81064;84240;94434;96876;86754;94570
tuning,989,32642;32646;2014;4536;64051;71154;90498;99326;13846;70680
tuning,990,53906;76497;16776;80408;46752;28694;17819;88088;80338;80638
tuning,991,24826;16264;6851;6362;5946;27230;6824;55964;84162;39509
tuning,992,71066;70784;6278;10280;89501;9182;66074;2362;84748;39232
tuning,993,63762;63768;52650;3472;51950;65136;66242;77152;11504;66050
tuning,994,11419;6552;12764;7276;88561;6758;54812;8879;8854;11136
tuning,995,95352;58471;84528;95082;13614;73044;61762;64522;24690;10832
tuning,996,1144;26104;92358;13212;5946;76769;18320;75464;18814;28204
tuning,997,85152;33838;67380;70680;65444;41068;4750;6013;12884;26352
tuning,998,85667;84776;79576;84340;85087;67979;49396;35476;46014;69562
tuning,999,34536;62764;24043;26960;53766;46339;66098;19961;9235;81268
evaluation,0,33030;54541;94092;71694;22568;724;33556;3646;49174;57514
evaluation,1,24102;10472;22160;7504;71694;10528;13116;26574;14544;51572
evaluation,2,71066;70784;87554;3032;20424;74158;90146;91884;3164;56674
evaluation,3,62912;49986;3994;99952;42736;97259;97806;17048;60592;13892
evaluation,4,4963;52030;51743;12968;2906;86011;20406;25482;10822;89130
evaluation,5,15212;17126;19396;29128;1046;22960;32788;37074;18746;37084
evaluation,6,47920;6156;23718;420;15278;552;1324;33626;49838;77510
evaluation,7,214;1852;21046;40128;92036;86723;4358;86600;86011;2080
evaluation,8,4618;9124;9960;45170;994;4210;88238;33939;36338;50786
evaluation,9,29747;81268;29114;50812;3608;78784;41854;39401;46856;880
evaluation,10,22893;12840;2290;33270;98960;46752;69888;25168;94290;98194
evaluation,11,26350;35982;50678;71946;91865;19510;7998;552;59211;58822
evaluation,12,63450;62944;56370;94560;96056;19658;53850;15022;36390;54258
evaluation,13,26478;2868;64680;4592;31816;16080;89201;5298;34791;38750
evaluation,14,92856;52700;95621;6204;97698;6931;86618;26476;84519;5508
evaluation,15,4668;68932;42874;52698;5524;4554;3166;96796;10630;99582
evaluation,16,3444;49358;12154;95392;45450;70506;14748;25069;80747;21448
evaluation,17,81840;94877;90550;62182;21528;24048;19828;95390;25786;28752
evaluation,18,45384;51290;39028;6216;75848;13504;98997;18794;22502;93684
evaluation,19,9486;74388;38296;26943;73902;19384;1579;26994;38354;17714
evaluation,20,16650;60400;66202;2694;1637;4642;48416;8480;2168;7336
evaluation,21,95352;99686;95082;74538;8943;36364;73044;58471;61762;91436
evaluation,22,57468;33736;63880;1175;27334;26292;7988;25932;53047;32264
evaluation,23,5844;82682;85552;98853;17052;1342;66765;15419;56460;6134
evaluation,24,99654;44732;11603;44742;83160;65006;10802;26091;32874;84748
evaluation,25,2232;65216;63714;10276;7980;76106;7968;10768;61108;78846
evaluation,26,41060;10316;24114;43918;45100;59770;14902;24690;10832;27478
evaluation,27,70784;71066;98364;30316;63778;80398;51372;52266;7914;1904
evaluation,28,1011;76818;64852;52650;35794;44055;18640;4210;22677;25830
evaluation,29,25830;99165;99008;57596;97284;65910;45791;22476;56588;63242
evaluation,30,10180;5012;57536;50716;19036;56926;19846;7699;49128;5506
evaluation,31,5206;12316;33030;97124;43308;14152;5812;3314;71502;5508
evaluation,32,32120;32160;28960;28118;34504;72000;32270;31819;27694;82350
evaluation,33,97806;97259;99952;49986;96876;16940;93591;28188;98210;62912
evaluation,34,41472;9334;31412;36472;30378;77445;23344;18827;15282;13182
evaluation,35,53580;74649;16330;58944;67728;802;68136;67996;87952;33694
evaluation,36,34504;96797;72000;78402;32160;90720;28960;31392;99464;32120
evaluation,37,17572;9526;11133;29116;15392;10176;14957;10052;14339;12188
evaluation,38,53357;54109;19852;59060;18792;4762;55388;9443;93860;16080
evaluation,39,70600;63380;46916;46958;2772;5296;37510;90013;74842;54482
evaluation,40,94304;39220;67244;65998;27940;43012;20318;74382;8322;68060
evaluation,41,62278;28854;63486;86510;10506;99498;10302;14608;27002;88569
evaluation,42,75176;93591;99952;4904;51444;13892;5862;39296;12632;80338
evaluation,43,11702;97530;64986;62222;86224;90635;23484;90476;99539;89240
evaluation,44,68330;39101;9334;38964;59558;93120;68300;2191;69536;23382
evaluation,45,91918;91890;89917;89932;94748;84240;75354;40264;98094;96876
evaluation,46,6684;2290;6630;6654;44718;74152;11450;58108;6594;46254
evaluation,47,93772;62246;62112;83741;51546;62684;89240;24906;68332;31864
evaluation,48,93297;56742;18388;44718;68296;47950;5536;83741;42100;92788
evaluation,49,53357;54109;19852;49174;12854;63450;55388;4169;20936;59060
evaluation,50,76403;52054;2175;7696;57920;31412;23754;1248;50746;2920
evaluation,51,19546;1310;98466;4127;80658;39105;62322;62110;4898;24679
evaluation,52,91436;20650;15006;49358;69626;96114;81038;4255;94616;36364
evaluation,53,32160;90720;72000;99464;34504;32120;65370;25126;32270;32356
evaluation,54,44296;27600;27838;57514;65752;39760;13784;97124;39831;43308
evaluation,55,67090;98166;16267;6894;13976;33332;98476;13766;19767;41974
evaluation,56,496;3462;1330;99709;2500;2994;80668;13514;32754;12347
evaluation,57,60220;1322;8648;78819;4090;40802;39816;28684;48919;35728
evaluation,58,16264;21008;40286;2552;43522;88296;1322;51448;88772;28492
evaluation,59,37330;36976;49582;58240;52600;97724;24812;94242;30088;37080
evaluation,60,86396;30921;33914;2604;16136;56613;17626;22599;64674;21852
evaluation,61,97806;97259;96876;66101;20130;76769;19296;13872;81145;90119
evaluation,62,93258;37554;17816;21090;92358;27230;32026;10174;63958;66606
evaluation,63,41902;66202;58215;54461;75582;42740;58114;53306;63472;37328
evaluation,64,41060;10316;24114;43918;14902;45100;23061;24690;59770;2880
evaluation,65,34420;35106;5912;88918;3864;88944;26810;5330;52982;22416
evaluation,66,41079;12968;25482;4963;18786;20406;77982;1094;71370;81840
evaluation,67,10933;7452;8164;71488;99466;20386;79218;61065;33446;3032
evaluation,68,95082;95352;15368;50072;51696;61762;95698;24114;59211;32250
evaluation,69,96444;96414;61556;5256;35058;38345;76623;6495;10004;5348
evaluation,70,42618;30359;32960;34286;18738;82398;96414;31516;34174;82336
evaluation,71,70974;72950;71718;15748;26644;15840;63170;73045;73902;15419
evaluation,72,26210;64848;5524;26128;5422;51882;51956;42218;38902;43436
evaluation,73,94877;81840;32300;3812;58322;26994;8772;26810;26943;93312
evaluation,74,62392;69712;45572;6851;27836;87648;34534;12848;35114;58974
evaluation,75,79576;67979;49396;47642;69562;84340;85667;87516;84776;85087
evaluation,76,65998;94304;74382;68492;1162;24524;67668;9376;5674;33149
evaluation,77,79807;28298;98946;79485;99234;88595;50771;32958;30244;96085
evaluation,78,21852;99498;86510;11512;77252;78728;97268;10206;47582;66022
evaluation,79,74010;5684;2639;75128;75920;56168;76210;71710;71492;25922
evaluation,80,6931;42002;3436;15368;10422;16114;9578;77306;73762;77496
evaluation,81,64026;65088;53132;36200;368;14722;42790;3926;65488;9552
evaluation,82,9948;4358;86891;22760;4186;10392;20192;33716;53836;136
evaluation,83,656;6150;28938;40452;880;25578;56450;21581;14099;20400
evaluation,84,57124;83184;6418;15334;14512;8166;19606;16710;14518;70131
evaluation,85,75452;56930;71866;37636;62428;70131;69106;45688;37228;98492
evaluation,86,58108;90306;5487;98960;94290;60282;20662;86224;7575;49838
evaluation,87,65444;9334;65392;77445;41472;99780;65562;23496;1202;10540
evaluation,88,78702;79952;4496;99714;99089;87564;77402;14780;79358;31412
evaluation,89,18602;19850;18780;19576;18726;22144;19254;23470;23790;38928
evaluation,90,78204;74076;32704;19138;83704;21278;59968;21642;16264;80794
evaluation,91,18320;5946;16267;48690;7048;75464;27230;98476;6362;13212
evaluation,92,17572;9526;11133;15392;14957;10176;10052;29116;14339;57514
evaluation,93,61408;20130;9762;30758;59060;8410;42510;30942;9082;19636
evaluation,94,73908;71882;69794;89506;5676;88358;70576;11960;31242;14132
evaluation,95,96484;88972;76563;87201;90112;71644;59280;8604;26528;33824
evaluation,96,17106;89151;10314;27662;2870;26851;98700;15480;28114;93798
evaluation,97,3646;34013;33030;64674;94092;27386;43010;54541;24102;74328
evaluation,98,13116;2870;10472;10528;2054;7504;6006;75147;50958;24102
evaluation,99,3246;3299;3954;23007;6078;36232;3010;48026;29108;4856
evaluation,100,61934;77384;87576;93672;1806;1644;26970;3324;90150;78760
evaluation,101,2051;2262;20912;69488;34244;17127;3816;37846;24858;10242
evaluation,102,7452;8164;10933;99466;71488;61065;79218;3032;20386;33446
evaluation,103,28286;67750;59171;76272;60506;21547;11038;60503;2608;73686
evaluation,104,58322;94877;95330;97071;62182;33540;84520;89042;29108;81840
evaluation,105,90534;16330;34814;78930;5424;89548;87688;86192;88157;75834
evaluation,106,85676;84657;84748;30359;89501;69322;32960;46022;45341;12558
evaluation,107,22306;5659;5760;34968;23248;3008;21024;15520;69318;38248
evaluation,108,47312;47252;46797;46368;61492;54640;99344;79764;46700;59882
evaluation,109,21632;27814;42662;87206;43856;50628;68224;45412;87114;32508
evaluation,110,27124;29186;29250;26338;33626;3140;80110;45174;10122;40608
evaluation,111,2906;51743;96238;12968;3108;26276;34102;52030;5814;19714
evaluation,112,656;880;56450;21581;31275;28938;98338;6930;83966;25578
evaluation,113,32476;62246;56742;83741;6910;97576;604;30563;92190;55576
evaluation,114,94434;8540;93591;24504;90119;13288;97576;32476;7536;12632
evaluation,115,31819;32356;34504;25126;27694;32384;96797;28118;58388;13540
evaluation,116,18320;75464;5946;98262;98476;7048;6362;27230;24683;6824
evaluation,117,29858;32422;94092;34013;34011;54541;33030;69662;27107;39220
evaluation,118,62528;87572;95186;87344;99344;1022;54640;54670;58975;79764
evaluation,119,99000;18512;52744;65180;28826;43152;46960;50852;24806;52234
evaluation,120,4963;214;25482;52030;12968;51743;81688;10822;55338;29108
evaluation,121,32160;82920;32356;32270;28960;32120;99464;96797;65370;25126
evaluation,122,91918;91890;89917;89932;94570;4099;17819;13892;12632;94846
evaluation,123,44718;27664;13254;98264;33094;56742;32476;60282;83168;83741
evaluation,124,23870;66800;11704;63910;24906;5362;17102;55658;44823;24063
evaluation,125,90802;26462;92890;75301;20800;26210;91324;98420;72682;26416
evaluation,126,21046;1155;88358;13084;73908;22926;85936;55652;1094;2536
evaluation,127,52504;69568;95318;11014;80850;40440;52744;52476;424;4934
evaluation,128,96876;97259;97806;10198;4494;33206;91243;85388;60596;4169
evaluation,129,89024;25794;91242;32038;12378;4952;37676;30650;13084;7822
evaluation,130,99464;90720;32160;34504;32120;89894;72000;28960;78402;22148
evaluation,131,17474;214;11764;22560;8032;12134;20616;53707;26684;93393
evaluation,132,13116;6006;7504;10528;10472;75147;2870;14544;12492;24102
evaluation,133,89232;17368;55576;90476;24874;62112;39546;28122;94748;99538
evaluation,134,65488;43143;16438;15356;88114;54720;9148;16558;75844;86078
evaluation,135,81268;29747;29874;29114;584;25722;41854;97920;56161;56112
evaluation,136,65392;65444;65562;13182;41472;9334;99780;10540;23496;30378
evaluation,137,99000;45174;3140;27124;46960;33638;35508;26246;29186;26338
evaluation,138,15212;17126;32788;1046;29128;22862;84300;8164;6828;16952
evaluation,139,8607;81074;76453;21616;308;27616;12659;4767;90534;69164
evaluation,140,70974;72950;22474;2462;19384;73686;63170;73902;15419;17668
evaluation,141,53566;7504;58320;12492;6006;10472;54118;13116;92988;10528
evaluation,142,70848;24826;20190;55362;28821;14152;89896;18775;13848;24162
evaluation,143,12422;12148;22144;18780;3702;18602;7795;78928;18726;92670
evaluation,144,4169;94242;23790;7436;56024;8620;19576;63500;15480;69801
evaluation,145,15212;19396;16952;16420;29128;51470;22862;6828;18746;22960
evaluation,146,47618;13976;48180;18896;32936;47454;53687;5618;67090;35572
evaluation,147,6150;28938;880;56450;94678;25578;21581;86754;656;29090
evaluation,148,71218;1756;12596;54058;15184;14339;40552;9564;49344;20318
evaluation,149,99780;17458;57705;23496;79524;80040;96308;3668;58050;1788
evaluation,150,13766;47454;90013;53687;67090;18896;47618;18814;19967;18426
evaluation,151,38887;97930;29496;6366;8034;12744;15392;29670;64626;34163
evaluation,152,887;10422;10156;44446;77496;14262;30508;9254;15931;15368
evaluation,153,47396;93222;90056;97284;47098;63778;23067;91524;34026;47012
evaluation,154,35850;92040;3294;87952;66050;26070;2392;12090;54586;18310
evaluation,155,95082;95352;99686;43918;61762;24114;91436;13614;6880;11262
evaluation,156,29747;78846;29872;27682;66106;41854;98572;5714;39401;81268
evaluation,157,71876;68170;94954;28536;66101;99749;29514;35000;74396;47424
evaluation,158,61020;40388;12572;99060;9916;75596;10930;7348;12614;86312
evaluation,159,1098;61020;82216;17326;9890;45225;550;50826;60432;54786
evaluation,160,10887;96150;74800;6406;76932;91783;46058;55362;23746;77720
evaluation,161,6066;9730;60336;74222;56044;59898;6234;45178;41092;15464
evaluation,162,85667;79576;84776;84340;85087;23770;27600;27838;47642;49396
evaluation,163,36480;70936;6366;18878;9324;78380;55216;48690;58471;71234
evaluation,164,57290;16010;50426;2267;54072;51004;79294;2230;79524;50244
evaluation,165,95606;71462;30088;21134;77034;21170;27124;54720;61636;76096
evaluation,166,17572;9526;15392;10176;11133;10052;14957;12188;29116;57514
evaluation,167,496;1330;3462;32754;2500;90605;65478;7504;10528;16644
evaluation,168,9870;19372;50268;33626;1011;98878;73366;29634;48832;33882
evaluation,169,5607;8032;90670;7298;61108;46196;23484;7386;21526;64986
evaluation,170,45206;4276;10768;46058;11528;53912;96150;77720;9696;76932
evaluation,171,20140;6874;11802;3600;3582;44378;44702;20144;44450;6899
evaluation,172,30359;32960;84748;85676;12558;84657;15040;26292;83160;83317
evaluation,173,99466;8164;79218;71488;7452;10933;61065;17876;33446;80398
evaluation,174,71470;16116;71330;15709;72527;84858;57388;35854;16714;82952
evaluation,175,71718;72950;73902;73686;70974;26644;73045;15748;15840;42442
evaluation,176,1094;1940;170;91242;14536;25794;21046;22926;88358;147
evaluation,177,19496;6026;96542;10276;29594;38168;51604;39406;90694;19264
evaluation,178,38333;99020;86654;9468;68040;57124;15334;80866;19606;28988
evaluation,179,55587;19119;11450;34972;48589;83598;51000;97389;66982;27266
evaluation,180,16990;96308;24906;62684;1310;5938;92788;62246;93772;30563
evaluation,181,94877;3812;31162;19828;89808;52982;26994;25786;32300;88918
evaluation,182,62528;23086;12040;11912;11310;12314;98690;12178;53586;72814
evaluation,183,85676;84748;84657;30359;32960;46022;89501;12558;44954;25932
evaluation,184,24043;70848;62764;34536;71876;57906;24826;15006;42495;20190
evaluation,185,54890;51662;89252;21650;51496;57218;73849;52360;28938;66842
evaluation,186,59462;52886;57218;82679;16540;22020;9838;4618;42556;12917
evaluation,187,51498;1424;1442;74836;21516;21320;21278;21008;21700;81778
evaluation,188,87618;88461;88576;93800;88460;94034;81046;7410;8550;7434
evaluation,189,33556;97124;13958;3314;13670;13888;70403;14348;72996;13712
evaluation,190,4166;7566;6423;8284;1568;1846;6603;73611;2870;7898
evaluation,191,72950;26644;73686;70974;73902;15840;71718;15748;64819;42442
evaluation,192,96603;65227;71300;64704;13234;6406;65606;96150;28536;46232
evaluation,193,72752;72193;52256;51276;86078;15520;5002;4934;65584;7455
evaluation,194,46022;44954;29880;1000;45026;13166;45930;45875;30359;38532
evaluation,195,84457;54404;946;28826;52744;54386;6751;54556;11014;4999
evaluation,196,42002;15368;10422;70848;77306;16114;9578;64522;9254;6931
evaluation,197,96603;6406;65227;71300;30957;13234;96150;28536;65606;87366
evaluation,198,94678;86378;9738;6150;564;17999;18642;38112;13886;25076
evaluation,199,28754;28691;30870;28970;28920;59032;84756;31650;27290;14726
evaluation,200,87618;88461;88576;88460;93800;94034;7434;98012;7410;83820
evaluation,201,51862;33270;71832;15182;84901;10276;25398;42880;53624;11678
evaluation,202,76272;67750;60506;2608;60503;28286;59171;11038;18805;21547
evaluation,203,72950;70974;26644;73686;15748;15840;73902;71718;64819;63170
evaluation,204,96238;1644;90786;1806;89834;2706;6552;11380;66052;90550
evaluation,205,43704;8416;3015;87800;86970;1276;54220;12206;30508;3548
evaluation,206,20532;40240;32687;5384;65974;71934;10314;98700;93798;82350
evaluation,207,97124;13922;33556;72996;71488;30242;99466;29734;94988;13484
evaluation,208,42100;89917;5498;68296;29330;80408;40512;44823;31510;93372
evaluation,209,536;78204;56972;57962;46422;55586;58836;14035;13283;13302
evaluation,210,10314;26851;89151;71694;17106;15480;98700;2870;27662;22568
evaluation,211,7336;72828;2092;14604;8480;8320;5598;2;4638;16650
evaluation,212,99000;46960;50852;36072;52744;18512;35508;40608;67822;43594
evaluation,213,45026;44954;45930;45875;1000;46022;10056;13166;42618;29880
evaluation,214,96238;51743;12968;214;90550;19714;52030;71370;18786;77982
evaluation,215,74740;4524;30818;38512;85658;42340;25794;27812;33626;65962
evaluation,216,2262;2051;69488;20912;3816;17127;10242;34244;37846;98344
evaluation,217,7276;12764;6552;6758;11419;13076;21911;11136;12715;91232
evaluation,218,40971;6751;10122;26338;42320;3140;10802;49126;14550;14608
evaluation,219,27370;66765;56460;6134;15419;17052;76992;87520;19526;24568
evaluation,220,56930;37636;70214;32080;35478;31946;48154;70498;24679;44279
evaluation,221,1670;368;58776;30818;12211;82328;9890;3008;31820;36210
evaluation,222,41472;77445;9334;99780;76240;5490;23496;77464;23344;13182
evaluation,223,50208;83094;23484;78164;17368;89001;83168;97462;81170;13892
evaluation,224,83398;32476;97576;17368;24686;69878;62246;60282;78164;71174
evaluation,225,48140;86621;22902;24712;47667;27838;14536;59132;53466;98344
evaluation,226,77152;20800;12254;51568;23408;15996;80987;92890;170;24850
evaluation,227,51498;21008;22718;13890;93546;21516;96146;21700;21278;16278
evaluation,228,5946;7048;2339;33332;17858;17974;98166;16802;20376;3678
evaluation,229,47480;22568;14544;7150;29956;6006;49840;18868;7504;45498
evaluation,230,98700;10314;82350;37282;40240;32687;20532;5384;36917;26032
evaluation,231,73908;89506;69794;71882;88358;5676;70576;11960;148;56162
evaluation,232,17106;2870;3040;71934;70682;89151;41046;65974;27662;14760
evaluation,233,79726;7988;33165;80112;5506;9212;23404;56582;22752;2868
evaluation,234,84300;16100;14498;84129;44702;72670;34415;66804;66765;56460
evaluation,235,99000;50852;35508;49452;46960;66618;67562;59579;85584;19760
evaluation,236,98854;62528;46700;59024;59882;98690;79764;87344;95186;87572
evaluation,237,59130;60650;46160;45102;53198;46868;50290;64598;42874;96796
evaluation,238,3171;38558;66804;18310;33776;23713;3894;12486;19798;62560
evaluation,239,15212;19396;29128;37074;37084;32314;17126;38910;42556;11419
evaluation,240,99466;8164;7452;79218;10933;71488;17876;33446;61065;80398
evaluation,241,3171;58074;38558;3894;35086;62560;19636;18310;99344;29128
evaluation,242,22009;33016;35918;27370;7451;34476;39488;30656;34874;33522
evaluation,243,62104;12968;41642;79571;20446;214;31212;3104;51743;91582
evaluation,244,46804;1248;61342;96944;35508;82456;5380;19760;61632;50298
evaluation,245,9212;9592;23626;41301;44864;72732;40962;86580;9190;11288
evaluation,246,90786;56806;94304;96238;78154;55916;90550;46750;1236;5992
evaluation,247,84340;85667;79576;84776;85087;21046;60251;23770;59132;13580
evaluation,248,91118;65216;442;74256;77720;66622;74800;23118;61228;53292
evaluation,249,17287;94646;72266;79266;95414;37651;10748;14314;75681;80
evaluation,250,57986;54692;54572;27412;29186;88228;14712;946;51670;84657
evaluation,251,81372;93530;11982;11812;4859;26187;36476;887;82604;39346
evaluation,252,66842;96542;22810;38168;19496;11722;3823;57338;42880;72334
evaluation,253,62764;24043;34536;45932;46339;20690;29872;26960;10310;50812
evaluation,254,68040;28972;44266;44279;25047;77402;6324;56930;74396;28148
evaluation,255,45688;68040;9932;5068;21884;80810;43992;96134;28972;62428
evaluation,256,68590;39314;14014;79294;67104;36280;10804;6610;18138;57124
evaluation,257,28064;47424;8812;69636;99749;69606;28188;63343;12992;75118
evaluation,258,17894;85394;18055;4044;32264;51154;23007;60662;36546;21564
evaluation,259,82150;3919;51000;5765;29330;63282;22808;38492;35478;97389
evaluation,260,26960;91026;10528;10472;89916;69238;10310;75147;26191;56044
evaluation,261,34454;24592;10014;83704;60112;26182;46804;23754;59807;86620
evaluation,262,9578;15970;26104;16114;32298;24826;14262;14339;20022;36980
evaluation,263,53850;54258;62944;96056;57048;56370;94560;2774;48333;95586
evaluation,264,15392;9526;11133;17572;10052;10176;14957;89462;68974;10643
evaluation,265,22568;10528;14544;13116;10472;7504;90605;7150;18868;97108
evaluation,266,67090;41974;6894;33332;13766;98166;13976;16267;45454;47618
evaluation,267,20532;40240;32687;5384;42260;65974;59134;17106;41046;47994
evaluation,268,61408;20130;8410;16750;42510;14339;15874;15487;29116;18868
evaluation,269,14891;35830;78858;22403;59171;53466;28286;2608;40184;87127
evaluation,270,23338;27509;51656;63000;1448;14856;30826;14748;44952;4254
evaluation,271,32642;32646;64051;20427;4536;56302;3670;66560;44904;70680
evaluation,272,65198;4688;19742;24581;89798;69836;19968;7412;11084;7636
evaluation,273,3040;27448;71934;3264;70682;65974;32916;47994;81328;48400
evaluation,274,40240;46959;80092;8284;93798;5384;82350;32356;32687;42260
evaluation,275,8044;69322;35155;53580;33522;2604;7878;75395;34814;16330
evaluation,276,55587;34972;97389;85998;19119;4416;31312;62312;68042;19018
evaluation,277,66314;20650;55216;70936;37623;79946;37964;79556;13884;94616
evaluation,278,5895;46408;52772;13860;92354;96934;53706;10252;80784;53566
evaluation,279,43625;68114;18240;36804;87134;42148;32452;24782;47926;63336
evaluation,280,3132;21581;28938;14070;30848;91052;31275;17798;14099;656
evaluation,281,68040;6324;44279;44266;32750;68042;91580;69106;28148;57078
evaluation,282,10508;420;95330;1106;34556;58322;59584;21398;21828;91988
evaluation,283,3264;3040;65974;98731;6558;70682;71934;81328;48400;25088
evaluation,284,63534;56474;27370;24160;39386;21712;27108;14206;6726;77982
evaluation,285,15709;71470;16116;71330;22262;84858;72527;45875;36385;68178
evaluation,286,75516;88748;39640;90476;89240;90635;90306;97662;76764;39419
evaluation,287,79576;85087;85667;47642;84340;84776;67979;75488;49396;59132
evaluation,288,9212;9592;44864;41301;23626;40962;9190;72758;63652;46604
evaluation,289,46758;6406;17908;8308;3015;8416;87800;86970;43704;1276
evaluation,290,8607;69164;90534;35155;67560;27616;99678;34814;4192;75668
evaluation,291,28816;48184;57708;54282;79576;59132;28034;49302;10979;990
evaluation,292,82150;5765;32598;4062;29330;56930;72276;38492;99714;32080
evaluation,293,61188;86150;21526;99780;57705;81768;20108;93297;2996;24906
evaluation,294,98094;10646;93488;75354;98376;80338;84240;87370;23216;98210
evaluation,295,32687;20532;10314;40240;2870;98700;36917;39979;5384;59134
evaluation,296,61408;20130;7867;42510;60230;30942;16750;8410;29116;9762
evaluation,297,3040;27448;71934;3264;70682;65974;29232;47994;32916;73611
evaluation,298,42716;57390;63346;44794;57884;12166;42467;75382;72499;69818
evaluation,299,94146;16600;6824;61698;6868;74704;94322;8854;40286;6420
evaluation,300,65581;36064;38558;81522;46804;57124;26182;17498;83184;50624
evaluation,301,85540;80708;4960;96150;77720;22360;18238;10887;4276;46058
evaluation,302,30359;10300;32960;83064;83317;85676;47396;12558;93036;42864
evaluation,303,22262;57502;23527;89834;23112;58172;87576;95885;22252;37864
evaluation,304,39008;19254;18364;19852;18726;19850;98114;54786;9443;32518
evaluation,305,54258;96056;19658;95586;56370;2774;94560;57048;62944;63450
evaluation,306,96085;30244;39196;5696;85827;79485;79807;37370;71788;88595
evaluation,307,17894;18055;85394;36546;23007;60662;23234;32264;77326;19578
evaluation,308,98572;51802;97920;46339;29872;26960;80509;22090;41854;16374
evaluation,309,40286;21162;31080;21278;21516;94428;86372;39485;51448;47092
evaluation,310,84340;85667;79576;84776;85087;23770;21046;59132;13580;60251
evaluation,311,57708;79576;69562;32160;27600;25102;27838;49396;67979;34504
evaluation,312,48184;49302;57708;28816;28034;59132;79576;54282;9676;27838
evaluation,313,99709;54194;3462;71218;96584;23196;96912;90670;30823;15184
evaluation,314,23234;52650;36532;9064;82523;50877;61945;20680;9846;33801
evaluation,315,94646;72266;79266;17287;80;10748;14314;95414;75681;16326
evaluation,316,54482;7258;1084;1083;20666;70600;88844;4982;10860;4712
evaluation,317,8044;35155;34814;53580;44450;90534;74649;43856;27616;58944
evaluation,318,21794;32842;14551;58212;95885;17046;60398;598;8402;92942
evaluation,319,45305;42068;29810;49788;32250;49044;22128;20748;28854;12984
evaluation,320,89899;7226;14062;71866;70131;10062;21694;9928;63343;69106
evaluation,321,11874;12056;82150;61290;31035;8244;69106;41581;61266;6102
evaluation,322,60596;75464;18320;4648;7682;10933;77496;9106;12744;89286
evaluation,323,28118;57884;27694;27456;42314;28960;54052;32356;53154;57390
evaluation,324,17572;9526;11133;29116;15392;10176;14957;10052;14339;12188
evaluation,325,73908;71882;56162;69794;70576;11960;77109;5676;148;36304
evaluation,326,3462;496;2500;1330;14544;22160;7150;10528;10472;80668
evaluation,327,39044;18780;31850;18602;19132;22144;10314;36888;37282;43308
evaluation,328,63292;69568;50628;6751;5024;52744;8562;51882;19980;11082
evaluation,329,94004;37182;53791;64334;40020;94556;16493;23078;12048;15390
evaluation,330,66098;5080;16374;51564;56161;55450;56112;97920;31790;9952
evaluation,331,96857;35522;12079;35494;49572;92581;32416;64354;45596;71644
evaluation,332,58114;41026;60400;1637;20974;53920;66202;58215;4910;14604
evaluation,333,15709;16116;71330;72527;71470;84858;22262;45875;35854;28190
evaluation,334,46758;54220;8308;43704;9472;6406;53651;3548;63653;42197
evaluation,335,54720;23854;79592;79560;85539;79546;21170;21134;36200;8688
evaluation,336,26434;52700;86781;67262;11288;86580;44055;8020;10740;86618
evaluation,337,89899;7226;14062;71866;70131;9928;10062;21694;69106;63343
evaluation,338,64334;97057;94004;94556;93650;4494;6726;53791;9491;10252
evaluation,339,85107;97577;21028;19961;62764;26052;96792;31796;66106;28064
evaluation,340,94678;6150;20400;564;27664;9738;93610;80664;25578;18832
evaluation,341,94954;54010;12228;42656;10672;38334;56160;45688;60596;32080
evaluation,342,94092;27107;34011;33030;29858;27386;32422;3646;34013;6558
evaluation,343,5844;82682;56460;33016;85552;98853;22844;6134;57089;17052
evaluation,344,58050;21886;81524;2175;18028;4372;8708;1494;92786;21870
evaluation,345,79764;87572;72814;59882;1022;98690;95186;54640;99344;87344
evaluation,346,20912;74250;38512;31560;77170;30316;50298;7914;6778;47396
evaluation,347,45026;44954;45930;46022;45875;23086;9064;1000;10056;30359
evaluation,348,61065;7452;79218;33446;8164;3032;99466;10933;80398;17876
evaluation,349,72950;51656;3812;23338;73902;94877;39070;73045;73686;4094
evaluation,350,77234;49252;30921;944;9712;45548;2814;46306;928;43894
evaluation,351,96944;35508;87952;96344;1248;46804;65180;11758;58050;50868
evaluation,352,96338;4699;12520;94859;1644;1806;36364;95885;51243;52848
evaluation,353,79576;95885;57708;59132;27838;36412;30447;38338;69562;38972
evaluation,354,37426;97197;99678;18640;7980;42988;2592;45460;1440;29934
evaluation,355,74256;30629;86686;81840;17546;36884;34091;58718;79074;61228
evaluation,356,10044;9995;5696;3015;30508;96085;5042;30244;37370;85827
evaluation,357,44954;46022;45026;1000;13166;10056;45875;45930;84748;30359
evaluation,358,7452;10933;8164;71488;99466;61065;79218;80398;3032;20386
evaluation,359,77402;28972;44266;14780;25047;44279;21694;31946;70131;27266
evaluation,360,62764;24043;34536;26960;46339;5714;5072;27682;66098;31212
evaluation,361,37182;18320;60596;81522;75464;4682;4222;7682;10422;4648
evaluation,362,54482;70600;1084;1083;7258;63380;63346;42716;37510;24581
evaluation,363,18868;23196;14544;24208;26574;44046;51572;80668;12347;7150
evaluation,364,66330;10198;23894;27437;43908;23822;21788;4894;24162;34536
evaluation,365,64852;99678;45791;68562;19372;1462;410;31034;64910;20902
evaluation,366,90350;94732;98636;98731;86180;90614;68487;59096;33328;93798
evaluation,367,33030;34011;94092;34013;27386;29858;30172;724;16027;20424
evaluation,368,81778;29670;78590;32026;22718;32112;63958;81428;32226;96146
evaluation,369,14339;20422;17956;62994;7258;4712;17056;96857;56094;5988
evaluation,370,75452;62428;96134;69106;9932;37228;45688;61982;71866;22090
evaluation,371,62764;24043;34536;46339;50812;45932;29872;26960;5714;27682
evaluation,372,54482;7258;10860;63346;20666;70600;95153;63380;1083;1084
evaluation,373,61524;11530;75794;31494;21674;24476;38168;483;50745;31312
evaluation,374,5844;82682;33016;56460;98853;7198;85552;6134;74858;22844
evaluation,375,82920;32160;25126;58388;90720;34504;32270;99464;65370;32356
evaluation,376,58728;30376;2130;3264;47971;65974;31950;2538;2054;38928
evaluation,377,95352;95082;51468;74538;61762;46764;8943;73124;18562;72061
evaluation,378,27018;50771;88595;32958;85900;99234;79807;28298;98946;79485
evaluation,379,43704;54220;12846;3548;8416;10814;17612;12206;8308;3015
evaluation,380,75128;5684;74010;75920;2639;76210;71710;8814;71492;74116
evaluation,381,66098;97920;50812;35014;76880;80509;51174;81268;40254;52452
evaluation,382,6851;18320;27230;1144;13212;21090;48690;26104;97636;5450
evaluation,383,6410;7410;7434;98636;89151;98700;2870;93798;3040;10314
evaluation,384,15709;16116;71330;72527;71470;84858;22262;45875;28190;35854
evaluation,385,74540;45548;5844;4910;52616;54461;91352;762;6390;58114
evaluation,386,2734;24906;31132;41632;22494;81170;44823;39578;97312;11704
evaluation,387,98854;87344;62528;1022;95186;87572;46797;73070;24858;23086
evaluation,388,11584;18640;45791;20866;20518;11178;1826;33882;19372;93206
evaluation,389,38248;45225;12254;9890;91249;17326;12211;7570;7178;7734
evaluation,390,90350;94732;98636;86180;90614;6536;93798;98731;83820;8550
evaluation,391,51786;65998;68492;14451;8360;9376;9676;48942;2098;46241
evaluation,392,62580;44490;32314;27662;11862;26851;22252;12070;46714;26032
evaluation,393,64860;14350;44248;318;15646;44260;22122;41376;80110;6156
evaluation,394,45930;45026;44954;45875;46022;1000;10056;9472;72527;38532
evaluation,395,16650;60400;58114;1637;2694;4642;48416;7336;41026;25867
evaluation,396,96944;46804;61342;1248;43436;87952;36064;65581;50868;35508
evaluation,397,4358;20192;72193;68916;57418;17562;99374;3262;98924;41026
evaluation,398,83168;83094;24874;78164;64986;17368;81170;90306;86224;55684
evaluation,399,57124;83184;14512;47818;15334;27228;79324;14518;30194;55806
evaluation,400,27228;55806;30194;19640;28534;9168;9468;57124;88014;79524
evaluation,401,18364;12422;38928;19132;12148;3702;19576;13154;36172;39008
evaluation,402,42716;72499;57390;75382;44794;42467;61928;24362;12166;57884
evaluation,403,46412;51448;50314;35572;46424;45237;60220;48919;47618;45065
evaluation,404,10044;9995;46466;30508;24758;19518;19040;57350;69619;398
evaluation,405,81768;60806;39105;24906;18388;57705;77554;99472;3020;13892
evaluation,406,46022;44954;29880;45026;45875;45930;13166;1000;85676;84748
evaluation,407,26772;10747;85656;27100;11526;27410;93494;7178;58074;38248
evaluation,408,63990;83064;83317;10802;1876;8102;9182;92374;4262;20264
evaluation,409,53428;47582;97374;36385;1260;85390;12188;16280;7754;70642
evaluation,410,97530;47037;42988;90306;34653;94214;6450;39105;80470;7170
evaluation,411,15094;9708;22224;64174;32314;13640;73849;56152;93684;2690
evaluation,412,77720;96150;85540;74800;55362;11528;10887;4946;48814;53292
evaluation,413,57708;79576;27600;32160;69562;27838;25102;69801;28034;67979
evaluation,414,94678;6150;86378;25578;564;9738;18642;20400;3742;38112
evaluation,415,58050;2175;21886;4372;34102;80040;20014;8708;18028;3352
evaluation,416,90350;94732;98636;98731;90614;86180;68487;33328;93798;59096
evaluation,417,57232;94560;62944;42780;88576;61043;2774;56370;19658;6778
evaluation,418,53357;54109;19852;21460;55388;18792;85936;4658;63598;4762
evaluation,419,47238;45572;40062;12812;79792;6893;62392;14123;6418;94146
evaluation,420,37450;5344;732;90522;4832;36134;36992;2492;15134;74555
evaluation,421,7276;12764;35960;6758;11136;6552;91396;7064;83586;5994
evaluation,422,56474;52656;87554;14206;49981;68798;20424;25069;70784;18803
evaluation,423,9212;9592;9190;44864;46604;41301;36094;26434;1153;41052
evaluation,424,36592;67756;77510;11162;82146;81893;36052;25920;82328;90028
evaluation,425,87297;36304;77109;24679;44194;62466;67992;80810;22808;56162
evaluation,426,2068;59260;91243;49986;97806;97259;16940;57876;93591;4030
evaluation,427,44046;23196;29956;49840;24208;16027;18868;82520;22160;62944
evaluation,428,20532;65974;53476;40240;2870;32687;47994;59134;70682;68482
evaluation,429,17502;69758;92994;39214;63434;92198;92192;18728;9270;6614
evaluation,430,22262;33492;47667;87576;90146;20782;48140;15709;60955;14206
evaluation,431,4664;12412;26316;57905;76136;23851;11304;49774;46026;76623
evaluation,432,98636;98700;7410;7434;6410;90350;98731;59096;6558;90614
evaluation,433,66098;87564;22090;74599;97254;40254;97920;19961;81268;26960
evaluation,434,46104;64986;57876;76232;28188;1148;90602;25668;98461;60596
evaluation,435,90670;74808;9648;11678;42656;23484;80230;64986;1163;18748
evaluation,436,46960;74250;85983;88782;56998;88284;83704;62213;55806;12484
evaluation,437,73112;66022;5716;73044;29068;4306;68945;91322;52444;69708
evaluation,438,18726;39008;92410;19254;19850;23894;18602;19576;18364;18780
evaluation,439,14447;23594;69712;4068;56158;11530;3742;24476;55864;12518
evaluation,440,88130;13752;25398;64918;31424;58146;0;38220;980;18894
evaluation,441,44954;45026;45875;45930;46022;1000;13166;9472;10056;38532
evaluation,442,4276;4946;4960;58602;45206;77720;85540;11528;53292;53912
evaluation,443,83276;64750;63649;92157;64404;83502;65656;68842;42583;71084
evaluation,444,46863;58212;94988;1416;27158;9443;37476;43069;28962;49396
evaluation,445,10044;9995;30508;46466;3015;57350;398;9106;21898;54314
evaluation,446,9334;67772;41472;23496;11696;1148;30378;83412;12884;20662
evaluation,447,47720;56930;44194;28972;22808;27266;40276;79646;43631;48154
evaluation,448,12228;9932;80810;68040;31634;31370;8134;84756;45688;17770
evaluation,449,17024;31616;75794;51000;45698;27290;83598;13416;34790;95586
evaluation,450,72000;99464;32160;90720;28118;34504;8786;32120;78402;32356
evaluation,451,2500;51572;18868;3462;14544;90605;7150;496;44046;10472
evaluation,452,65581;46960;46804;50298;38558;81522;5380;57124;66952;17626
evaluation,453,62764;24043;34536;66098;26960;45932;10310;51802;40254;67186
evaluation,454,90350;93798;86180;98636;94732;59096;98731;90614;81046;8550
evaluation,455,990;20210;29918;7326;22710;96464;4186;146;40635;76356
evaluation,456,75062;79646;85328;21694;68149;38920;79358;69106;89899;21884
evaluation,457,45930;45026;44954;45875;46022;1000;84748;15040;10056;30359
evaluation,458,7452;10933;8164;99466;71488;79218;33446;61065;3032;80398
evaluation,459,29184;30376;31950;47562;54529;28594;25026;30316;22144;69264
evaluation,460,23404;32302;14314;58920;79266;94646;67048;23632;17287;65981
evaluation,461,60448;9762;15184;14339;9564;9602;15487;71218;40552;29116
evaluation,462,32160;72000;58388;99464;82920;90720;32270;34504;13023;13540
evaluation,463,26434;86781;52700;86580;91852;10740;96948;11288;67262;26955
evaluation,464,86597;63924;79726;59502;95621;4044;923;32264;6204;19578
evaluation,465,49848;50008;92826;89808;19828;21460;12951;25786;16080;37146
evaluation,466,18364;39008;35490;19576;18780;5628;92410;19132;18602;22144
evaluation,467,6410;7410;7434;98700;98636;93798;47994;89151;8284;6603
evaluation,468,28816;68492;259;38812;88130;244;38680;48048;38184;23380
evaluation,469,66052;79822;49056;16044;92286;50738;1998;8074;6851;98588
evaluation,470,79822;66052;49056;58910;16044;71370;50738;23116;223;53491
evaluation,471,90764;93650;23404;72193;73722;59892;4078;17770;80093;71718
evaluation,472,3171;27812;38558;38296;74740;29128;4395;35086;72912;3894
evaluation,473,5844;82682;85552;1342;33016;17052;22844;66765;41026;33522
evaluation,474,88130;98588;259;28816;38184;106;33196;38680;92286;43600
evaluation,475,90498;32642;32646;71154;64051;6136;70680;48486;18184;44904
evaluation,476,7452;8164;99466;79218;61065;10933;71488;33446;3032;20386
evaluation,477,3812;96169;72643;26943;94877;26994;51656;48503;8846;9590
evaluation,478,28816;68492;259;33196;88130;244;38680;54282;48048;13752
evaluation,479,81372;93530;36476;11812;11982;9582;26187;4859;9312;887
evaluation,480,19314;55587;19034;27886;63434;94241;19119;21054;282;89964
evaluation,481,81522;75158;372;64334;37182;14136;94556;6726;13342;4494
evaluation,482,19576;92410;23790;39044;19850;3702;92670;18726;12422;12148
evaluation,483,49252;77234;30921;45548;944;71963;2814;9712;928;5172
evaluation,484,4750;98075;39578;33838;70514;25612;91582;69578;16086;4536
evaluation,485,90350;94732;90614;98636;98731;6536;86180;33328;93798;37596
evaluation,486,50771;98946;85900;89024;79807;99234;15522;3246;2526;32958
evaluation,487,21828;91242;420;46392;34556;48641;95330;51326;87336;91988
evaluation,488,91996;5498;13182;76176;76232;5490;93372;34298;13846;93678
evaluation,489,50208;62110;89001;17368;89838;81170;39418;55576;69878;68296
evaluation,490,3528;50745;19562;87832;19772;99350;91798;20232;79196;25354
evaluation,491,46750;94304;56806;90786;4175;5192;24486;96238;89658;24466
evaluation,492,39998;12170;32547;56972;46878;78172;536;8556;5680;51754
evaluation,493,5844;82682;1342;85552;33016;17052;22844;33522;41026;66765
evaluation,494,41528;11974;71370;90550;762;51475;52886;47470;70186;96238
evaluation,495,92856;81496;49127;16728;50868;12442;25830;44055;12564;85638
evaluation,496,15205;75582;41498;14716;91352;51148;10424;96822;31174;8320
evaluation,497,68492;28816;38812;259;88130;38680;13752;48048;23380;38184
evaluation,498,97959;99516;99476;98006;68289;65880;96603;22784;2068;93036
evaluation,499,94646;17287;79266;72266;80;14314;95414;37651;10748;14608
evaluation,500,90534;87688;67560;53284;69164;96603;29978;126;2967;27616
evaluation,501,33838;39578;98075;4750;69578;70514;25612;91582;85152;18581
evaluation,502,32160;72000;99464;32270;82920;34504;90720;32120;58388;78402
evaluation,503,7150;15480;28019;62944;18726;14544;496;22568;2500;36917
evaluation,504,94004;64334;94556;53791;2567;37182;97057;14279;15390;60596
evaluation,505,93312;69012;20006;13884;47264;82214;1672;63450;61612;18262
evaluation,506,32642;32646;64051;90498;71154;20427;6136;44904;69356;4536
evaluation,507,7642;3128;16044;16902;35254;34534;75464;35114;16780;97120
evaluation,508,68492;28816;244;106;38812;88130;60282;31434;79576;33196
evaluation,509,4169;94242;8620;24812;38706;39808;31818;29140;26570;24870
evaluation,510,95885;79576;38972;36412;57708;38338;69562;59132;49396;53136
evaluation,511,4175;94304;47556;55916;5626;5367;43858;9347;50902;96238
evaluation,512,24806;75681;14608;17287;49234;56613;99702;64848;7648;10748
evaluation,513,64051;32642;90498;32646;71154;69356;20427;6136;48486;99326
evaluation,514,67610;26818;25047;69106;68170;85328;89872;17842;81392;80426
evaluation,515,96542;66842;19496;38168;33270;59462;68992;89252;45964;57218
evaluation,516,69106;10850;27266;28988;14780;80810;28512;79646;51000;45688
evaluation,517,45688;85998;28972;56930;37636;21884;80810;44194;36304;44279
evaluation,518,27437;82659;68898;16648;39694;76136;5484;34536;39403;20951
evaluation,519,28188;12248;4494;93768;78846;8136;16230;12754;93030;50201
evaluation,520,6227;24476;2290;1434;1118;1392;6450;21650;7240;6554
evaluation,521,96857;12079;35522;45596;49572;35494;92581;64354;71644;56400
evaluation,522,87344;79764;72814;54640;12040;12314;87572;1022;54670;53586
evaluation,523,64051;90498;32642;32646;71154;6136;69356;20427;48486;44904
evaluation,524,94589;97259;5090;24263;7682;97806;99916;5920;64742;24132
evaluation,525,44194;36304;41536;77109;87297;45688;47720;68042;596;37636
evaluation,526,88461;87710;91637;81046;88460;6536;98012;83820;94034;77931
evaluation,527,12422;3702;12148;78928;92410;92670;13922;23470;4688;51572
evaluation,528,24263;5090;23496;71488;6103;94589;51294;1184;72622;28691
evaluation,529,15709;16116;84858;22262;96246;82952;60955;30536;5086;70736
evaluation,530,68492;28816;259;88130;38812;244;82728;13752;48048;54282
evaluation,531,65998;41233;9376;68492;2134;10408;2998;1162;67186;18322
evaluation,532,94589;23496;24263;71488;28922;5090;66101;11136;28682;1896
evaluation,533,57124;10760;99020;89432;30194;27228;89125;99564;11758;7696
evaluation,534,6150;28938;80664;25578;880;14099;656;17798;56450;94678
evaluation,535,96134;22677;99020;10760;57124;11758;27228;19760;99564;86654
evaluation,536,62110;71043;20427;17102;24906;16406;23870;48050;89240;32642
evaluation,537,3136;6851;3306;5450;98166;40286;48690;13070;11032;19767
evaluation,538,58728;2538;2130;47971;67790;9116;2054;3264;10314;22144
evaluation,539,61612;11712;78783;923;53812;3928;53398;53190;7710;4254
evaluation,540,56930;39286;50218;37636;45688;80810;48154;70214;34972;47720
evaluation,541,32642;32646;64051;71154;90498;48486;18184;6136;70680;56786
evaluation,542,83264;29747;34536;97920;81268;29114;29872;27682;51174;50812
evaluation,543,13182;5490;12632;24940;79516;17724;14038;33184;23870;55940
evaluation,544,72814;1022;79764;54640;59882;12314;87344;87572;54670;12040
evaluation,545,90670;8032;30447;34;31816;15448;6758;11142;50268;45373
evaluation,546,24043;62764;19961;39382;28188;66098;98572;68170;94954;97254
evaluation,547,39286;73136;69432;21884;81085;32750;14062;71866;18581;45688
evaluation,548,99466;8164;79218;7452;71488;10933;61065;80398;3032;20386
evaluation,549,72527;73070;71330;9472;59526;16116;82920;82952;85044;12854
evaluation,550,79807;79485;32958;28298;98946;50771;99234;88595;30244;96085
evaluation,551,64051;32642;90498;32646;20427;44904;99326;56302;71154;69356
evaluation,552,45688;28988;89964;91580;34972;14062;28512;43992;5068;9932
evaluation,553,68992;564;31412;37636;42880;81268;33270;27664;28938;36600
evaluation,554,94589;24263;47684;28920;97259;28691;5090;28754;24521;97806
evaluation,555,87297;36304;24679;5862;44194;19119;77109;62466;22808;31946
evaluation,556,62110;71043;17102;23870;20427;24906;16406;89240;23484;24940
evaluation,557,68042;34972;43992;45688;87297;89944;36304;80810;44279;77109
evaluation,558,94732;90350;98636;98731;90614;68487;86180;33328;59096;93798
evaluation,559,19852;53628;39831;55549;58990;56024;55580;53357;97108;18726
evaluation,560,44954;46022;91864;45341;10056;42830;1000;45026;2880;13166
evaluation,561,93114;76074;4838;4894;88586;65900;14551;75986;77756;11506
evaluation,562,10310;12406;12350;58320;89931;16027;21712;2500;12347;73231
evaluation,563,68042;34972;45688;89899;43992;81085;7226;37228;44279;36304
evaluation,564,7452;80398;8164;99466;79218;3032;46952;61065;10933;33446
evaluation,565,87344;72814;54640;1022;12314;79764;87572;73070;54670;95186
evaluation,566,64736;31174;41902;75582;37328;79658;66202;29266;91352;5630
evaluation,567,2870;32687;66680;98700;65974;41046;20532;82350;40240;17106
evaluation,568,3462;10528;22160;10472;496;25362;2500;55349;1330;65478
evaluation,569,39760;55549;39831;52656;14536;56106;11592;35918;14216;68798
evaluation,570,99466;79218;80398;20386;7452;8164;10933;71488;17876;61065
evaluation,571,93312;41376;81840;1672;89590;24486;34860;13884;14350;65998
evaluation,572,28512;91580;89899;28988;69106;14062;32750;7226;52452;70131
evaluation,573,21650;13630;1434;1118;13946;1896;35348;1392;47308;13368
evaluation,574,24581;39462;4688;37510;69836;89798;23280;98476;20022;17468
evaluation,575,13534;96934;14035;598;8712;25354;5895;6210;18432;46408
evaluation,576,16650;60400;58114;1637;4642;2694;25867;7336;41026;48416
evaluation,577,3640;3582;3600;48834;16100;44702;6874;80400;44450;43894
evaluation,578,26772;10747;93494;27100;38248;27410;85656;11526;7178;58074
evaluation,579,99994;60878;65981;62182;8711;73493;33782;27604;67048;17546
evaluation,580,96822;40208;31174;15448;41902;7760;91352;37328;16448;5630
evaluation,581,97218;26462;93654;93854;93862;8386;57372;14712;73307;18744
evaluation,582,65900;91942;37950;57756;74841;14598;43918;702;87266;78232
evaluation,583,78760;26970;19576;18602;18364;19852;22262;18726;15709;20936
evaluation,584,244;31042;50738;66052;37416;54282;38812;62580;28034;16044
evaluation,585,51842;69106;21694;10096;7226;89899;41581;98937;49614;36258
evaluation,586,96134;69106;7226;74396;9468;28988;71866;75452;62428;45688
evaluation,587,62466;36304;22808;40276;87297;77109;45688;80810;5862;81085
evaluation,588,94954;68170;71876;66101;29514;17458;31318;47424;28536;99749
evaluation,589,12076;40614;41536;47084;70514;48504;85152;73136;39843;13346
evaluation,590,4536;5490;67097;47084;72622;71154;87766;31152;64051;76176
evaluation,591,96146;42467;22718;88296;82700;42716;83456;44794;1322;87902
evaluation,592,57302;59667;21362;91790;83456;95268;40286;82700;77368;84162
evaluation,593,45688;28512;91580;78532;68042;19314;28988;44194;7226;87297
evaluation,594,15709;16116;84858;71330;71470;22262;35854;72527;57388;82952
evaluation,595,70974;73686;73902;72950;73045;15840;15748;74110;63170;71718
evaluation,596,85656;93494;11526;10747;26772;27410;27100;7178;58074;58684
evaluation,597,40608;16850;52504;4934;40440;66952;52266;8702;14550;15996
evaluation,598,12134;11764;42840;53008;90764;41422;46058;1098;49788;61398
evaluation,599,67996;3878;4408;68136;24216;52286;10983;24728;12862;92004
evaluation,600,47200;39382;66098;57078;28988;24043;99020;94410;9168;74396
evaluation,601,5938;93610;62032;77702;96341;18642;13868;97920;55590;9784
evaluation,602,19852;53628;55549;39831;11592;26516;55580;98344;39760;164
evaluation,603,8620;4169;92670;94242;7436;10290;56024;69801;37806;12070
evaluation,604,99466;10933;7452;71488;8164;79218;61065;20386;3032;80398
evaluation,605,31174;37328;37794;29266;10979;25867;84776;8320;15205;8158
evaluation,606,93312;89590;12951;9846;31162;33165;49196;24236;17546;81840
evaluation,607,244;68492;84340;21046;28816;79576;147;38812;66052;990
evaluation,608,30536;82920;96797;82350;58388;65370;25126;25102;28960;25420
evaluation,609,10933;8164;7452;99466;71488;3032;33446;79218;20386;61065
evaluation,610,65581;35462;85308;18726;80747;85983;3894;61342;56998;61492
evaluation,611,97259;97806;80338;1788;96876;85388;99780;98937;23496;23216
evaluation,612,28376;41092;37220;37654;36288;26744;37554;30134;17816;69818
evaluation,613,58261;6851;13015;3136;48228;5450;19767;28492;28032;23872
evaluation,614,17572;9526;14957;15392;28930;11133;17438;55334;6570;29894
evaluation,615,99994;97510;17546;73493;8711;72686;60878;62182;65981;26402
evaluation,616,74256;7391;61228;62696;30629;86686;17546;36884;34091;442
evaluation,617,9468;45068;83412;1707;47200;22282;41138;30904;22808;41034
evaluation,618,55450;97920;51174;10116;50812;56161;81268;29872;51564;66098
evaluation,619,32080;35478;94954;12228;7290;56930;54010;70214;37636;25047
evaluation,620,96876;99952;97259;20662;59274;94570;12632;28188;11494;97806
evaluation,621,23196;26738;24208;14544;49840;18868;51572;44046;13116;16027
evaluation,622,99796;65981;8044;67048;73493;49848;50008;72686;392;28752
evaluation,623,25398;64918;91996;33270;33747;43570;64940;63910;34298;12738
evaluation,624,18640;33882;98878;1048;9870;3828;68562;1462;1011;22306
evaluation,625,90350;94732;6536;86180;83820;8550;98636;81046;88461;59096
evaluation,626,51000;86150;10850;45698;95769;23214;78846;99472;57048;75794
evaluation,627,13890;7150;14160;69818;99821;26032;10314;28114;16278;45698
evaluation,628,87572;53586;12426;79764;97962;92644;72814;46700;11310;11912
evaluation,629,51000;72276;79524;94387;79646;76192;86150;75794;23214;45698
evaluation,630,97259;97806;80338;1788;96876;22436;99780;23216;98937;23496
evaluation,631,82716;24906;18388;2996;21526;74152;44718;56258;47950;44823
evaluation,632,7434;7410;87618;88461;6410;93800;88576;81046;88460;94034
evaluation,633,33747;33270;25398;93372;64940;5498;91996;98194;13182;19170
evaluation,634,82682;85552;5844;98853;17052;1342;15419;66765;56460;1258
evaluation,635,5844;1342;33016;22844;33522;82682;7451;85552;17052;66765
evaluation,636,98872;43498;894;4740;39040;49772;63472;14854;4638;11258
evaluation,637,37654;26032;41092;28376;26744;68487;69263;26851;27662;37220
evaluation,638,28988;91580;28512;70131;7226;45688;61982;14062;69106;78532
evaluation,639,62764;24043;26960;34690;59032;4494;2444;10310;46339;80509
evaluation,640,90350;86180;98636;93798;90614;6536;59096;94732;83820;98731
evaluation,641,32160;72000;90720;58388;32270;82920;99464;25126;65370;32356
evaluation,642,76816;24870;2536;26364;26570;11828;72499;30650;75382;5676
evaluation,643,70642;29116;54788;33556;13922;97124;81954;36594;71488;56155
evaluation,644,9308;6767;28938;61156;8096;98468;93768;1440;23976;7788
evaluation,645,5382;46837;10004;39488;40208;28596;50716;27370;10392;98198
evaluation,646,5844;82682;1342;85552;17052;98853;15419;66765;19526;6134
evaluation,647,51000;17024;99714;4496;75794;13416;34972;28352;94004;23214
evaluation,648,99020;74396;69106;92918;21356;99564;39286;99749;52452;9468
evaluation,649,32642;32646;90498;64051;48486;6136;71154;18184;99326;44904
evaluation,650,90119;75176;2652;87370;46080;80408;89932;17819;81064;97462
evaluation,651,36917;7138;22292;2240;2407;3355;22568;3536;6314;15480
evaluation,652,53628;19852;55549;58990;39831;87554;164;11592;39760;14216
evaluation,653,79764;53586;87572;12040;72814;11310;73070;54640;99344;73350
evaluation,654,12;28054;1416;46112;27150;22599;894;655;56294;11258
evaluation,655,99796;65981;73493;49848;67048;28428;8044;52982;3864;35155
evaluation,656,3294;92040;20350;68056;87952;30826;7691;68006;35850;26556
evaluation,657,13580;21046;28816;68492;106;85087;98588;244;88130;27600
evaluation,658,98080;88240;92158;92402;120;37806;9862;88272;14551;36976
evaluation,659,99498;47582;77252;78728;38482;86510;11586;11512;98080;10206
evaluation,660,39286;56930;50218;48154;14062;32750;99324;81085;3886;80810
evaluation,661,94004;64334;1446;54086;2567;37182;60596;13944;4919;54014
evaluation,662,90119;93591;632;80408;1088;13252;12632;98210;99538;17819
evaluation,663,66330;23894;1574;13472;21788;92410;15722;63486;78784;20400
evaluation,664,61408;20130;59060;8410;30758;16750;29116;9762;15487;15874
evaluation,665,36917;7138;22292;2240;3536;2407;3355;6314;22568;53058
evaluation,666,15212;22862;1046;93448;16952;16420;6828;18746;40824;6751
evaluation,667,67431;33694;5348;34420;93494;10730;57378;23578;50978;32508
evaluation,668,42021;16204;86594;89852;70784;46278;85983;91396;63500;12484
evaluation,669,97806;97259;44592;28188;99952;15386;1422;7738;17458;31318
evaluation,670,33782;65981;906;59260;77228;18292;50008;58506;58471;12520
evaluation,671,4169;8620;7436;94242;39808;70662;39873;31818;56024;40094
evaluation,672,10316;1486;6928;41212;5658;24114;10832;91436;4919;24690
evaluation,673,18982;40478;12154;34454;33416;34320;22587;51632;26478;19456
evaluation,674,65160;48942;19498;6538;18792;34104;80400;14952;3859;30447
evaluation,675,28034;34286;56322;40635;35590;31242;32885;147;5422;94218
evaluation,676,99796;65981;8044;73493;67048;4192;8607;70855;99994;35155
evaluation,677,23338;27509;44952;7198;30826;41171;45886;32835;40208;9388
evaluation,678,2608;15450;28286;71671;60506;67750;11038;49560;53374;42006
evaluation,679,33902;18322;14350;41176;7788;58836;71234;8336;398;22224
evaluation,680,9212;9592;44864;23626;72732;4255;9190;63778;88206;51596
evaluation,681,31434;88130;20698;92286;43600;5626;64598;259;99838;15448
evaluation,682,12558;30957;15040;14812;406;27124;25932;95606;44954;38750
evaluation,683,10760;99020;57124;19640;65581;30194;6056;7696;53672;51842
evaluation,684,88748;97662;39936;69878;56258;39640;97576;68332;68296;60282
evaluation,685,29956;54194;80668;18868;51572;24102;12347;14544;42789;49840
evaluation,686,23338;15452;38090;86621;24712;14856;34874;30826;3104;62806
evaluation,687,20208;41588;12856;7798;4078;68404;67915;20192;9462;51392
evaluation,688,15212;1046;22862;18746;6828;19396;17126;22960;16952;29128
evaluation,689,23671;91992;23824;23754;11458;44442;63030;82456;23570;89125
evaluation,690,94589;24263;47684;97259;28691;24521;28920;85388;71488;7682
evaluation,691,62110;78164;8538;13892;50208;17368;84834;13252;90306;90476
evaluation,692,58261;6851;13015;39509;59036;5450;19767;98166;3136;20022
evaluation,693,39008;18364;19576;5628;19132;18602;19850;18780;22144;35490
evaluation,694,66120;37596;33328;33712;54086;65160;14992;56094;59060;66772
evaluation,695,39008;18364;19576;92410;19132;35490;19850;18602;18780;5628
evaluation,696,96857;12079;35522;92581;49572;56400;35494;21964;45596;32416
evaluation,697,94146;48610;6851;98470;74704;10798;8854;8879;93860;61698
evaluation,698,7642;3128;8858;75464;77960;16044;16902;2047;35114;12350
evaluation,699,94146;6851;74704;8854;8879;93860;98470;48610;1386;26936
evaluation,700,40388;5222;65704;9440;67186;54118;13084;11774;99060;7746
evaluation,701,83276;68616;23112;28434;64750;8702;50072;16226;51394;26338
evaluation,702,85676;12558;2880;95606;66988;34054;69322;34791;17908;19040
evaluation,703,11696;67097;50190;4536;99326;13846;66800;26352;93372;9334
evaluation,704,16118;40971;42320;14608;31216;4552;31560;5298;26092;8702
evaluation,705,90786;51004;50426;96238;90550;71418;71200;94434;71126;61190
evaluation,706,71066;14206;70784;33030;15354;23790;4169;49358;36634;26246
evaluation,707,54396;4428;36814;6216;53836;99498;8074;51290;4186;50244
evaluation,708,97259;96876;99952;97806;28188;49986;90108;44592;55268;87766
evaluation,709,60282;88748;39936;17368;97576;69878;39640;81170;68332;92190
evaluation,710,17572;9526;10176;10052;15392;11133;29116;7754;14339;15487
evaluation,711,13892;13288;89932;86754;12632;3020;59274;1422;46752;13252
evaluation,712,97462;32476;5040;5020;88748;93591;84834;4708;30563;32294
evaluation,713,11136;71488;24263;94589;30942;4086;23496;5090;6866;12715
evaluation,714,76764;83398;88748;75516;39419;8276;31510;13306;24906;28922
evaluation,715,56558;96818;94290;79360;52054;13306;7110;66800;46254;54072
evaluation,716,33838;4536;98075;69578;69246;22982;22584;4750;36258;2014
evaluation,717,25398;64918;12738;91996;43570;34298;6086;64940;33747;18184
evaluation,718,92190;60282;47950;39224;55576;69878;81170;99539;39843;24980
evaluation,719,76972;53421;63880;10682;80112;72758;32734;98730;77510;11891
evaluation,720,86956;9226;87336;88788;5428;37624;37676;5748;7822;60959
evaluation,721,88836;3015;5042;91050;53676;5696;30508;334;21898;96085
evaluation,722,60356;46784;46752;3020;95769;58050;23214;2996;81768;94846
evaluation,723,48140;41854;62764;724;1758;23702;57078;3020;36172;19961
evaluation,724,70848;10310;24043;26104;24826;62764;34690;89896;20190;5570
evaluation,725,99464;89894;32356;34504;90720;25126;32160;32120;27694;53154
evaluation,726,31850;12422;39044;18364;12148;16204;36172;19576;7795;18780
evaluation,727,84726;97741;95082;40280;10834;11952;85406;11262;24690;87220
evaluation,728,45305;1246;64174;64754;65182;12917;7195;40280;52886;60878
evaluation,729,198;1236;40128;16212;34612;46522;9862;84517;65880;28854
evaluation,730,7356;63894;17963;49044;48026;60140;76962;26350;46230;59734
evaluation,731,17287;1648;94646;79266;404;6988;37651;14314;23404;94002
evaluation,732,44954;46022;45875;1000;45026;13166;45930;51596;10056;9472
evaluation,733,60356;94846;3020;46784;12632;3528;50746;34916;46752;58050
evaluation,734,96876;90119;37836;94570;75354;13974;98376;86754;4539;10646
evaluation,735,96876;37836;75354;39640;90119;6103;4539;86754;94570;97662
evaluation,736,13886;18642;93610;86378;9738;38952;38112;94678;17947;19566
evaluation,737,12228;32080;54010;42656;45688;94954;25047;37636;56160;4262
evaluation,738,39640;97662;32294;17368;39576;22494;24874;76764;55576;78164
evaluation,739,32160;28960;96797;82350;32120;72000;31819;25102;30536;65370
evaluation,740,17572;9526;15392;14957;11133;10176;10052;29116;11808;2358
evaluation,741,60204;84870;23746;15768;20848;50512;44954;41415;85138;95606
evaluation,742,3462;10528;22160;10472;14544;2500;26738;13116;35958;54194
evaluation,743,8320;8480;15746;79658;16650;51792;81850;15134;4832;15819
evaluation,744,60356;94846;50746;3020;15182;34916;46804;12632;1758;11628
evaluation,745,45688;80810;28512;9932;28988;5068;36304;34972;7226;43992
evaluation,746,30172;38887;67104;590;29656;74382;31968;26156;816;18775
evaluation,747,41581;7226;69106;51842;59102;49614;14072;21694;10096;27266
evaluation,748,96876;90119;86754;94570;94434;75354;89932;80338;90148;4099
evaluation,749,88461;8550;86180;87710;98636;83820;7410;7434;81046;6536
evaluation,750,53628;39831;55549;58990;18726;19852;56024;39760;18780;14216
evaluation,751,94146;48610;16268;1386;6851;7276;92354;54812;96103;10798
evaluation,752,6828;22862;35960;93448;76714;12764;495;19416;74704;54812
evaluation,753,94146;1386;48610;16268;7276;54812;24682;18775;93860;92354
evaluation,754,96344;50868;87952;55474;86618;36094;35508;43436;58173;9838
evaluation,755,75128;74010;75920;5684;71710;71492;2639;76210;8814;74116
evaluation,756,39419;32476;68332;68296;13696;60282;89838;32016;97576;98075
evaluation,757,22474;2462;63170;15419;85552;57089;17052;56460;71718;11772
evaluation,758,80866;18322;22128;41176;99020;18832;45770;31379;56728;5508
evaluation,759,99952;97259;96876;11494;16940;13892;1422;11628;49986;39058
evaluation,760,64051;90498;32642;32646;71154;6136;2014;99326;48486;69356
evaluation,761,58215;4910;4638;20796;39040;41026;54461;762;76992;50040
evaluation,762,67790;14992;68487;90350;92410;87618;89151;93800;12484;7636
evaluation,763,59982;13306;69888;74511;42880;68728;46752;31510;2594;55806
evaluation,764,72686;8607;99796;44490;43122;48178;86740;99008;8044;49612
evaluation,765,11136;6758;11758;61612;10760;7276;99780;80040;83586;5994
evaluation,766,13976;69794;5450;19468;18804;81382;21098;2660;17974;19336
evaluation,767,6410;7434;7410;70682;90614;98636;6536;86180;6558;89151
evaluation,768,23470;18780;22144;39008;35490;92410;24610;19132;19850;18602
evaluation,769,40478;42006;78858;51632;65717;52266;35914;37858;27842;49560
evaluation,770,8044;392;73493;31162;65981;67048;25786;21656;99796;37146
evaluation,771,42495;28816;1268;54282;724;49302;22284;36280;38220;3174
evaluation,772,56474;91864;60336;18803;31120;59898;59101;10242;552;45450
evaluation,773,63880;69619;376;19674;210;26077;340;26476;9368;35218
evaluation,774,29184;30376;28594;31950;25026;47562;18590;51392;13528;54538
evaluation,775,83276;63649;65656;64750;83502;92157;64404;68842;71084;64021
evaluation,776,55587;11450;51000;74960;75794;41536;97389;97294;74978;31312
evaluation,777,90119;99780;2175;47430;87370;20662;34102;96876;80338;6270
evaluation,778,87572;54640;12040;12314;87344;1022;54670;72814;79764;12426
evaluation,779,53284;35258;35155;34814;27616;30738;77080;61636;9862;92942
evaluation,780,56424;60282;32476;98075;58108;63910;98194;68332;47950;24906
evaluation,781,14796;10518;10946;15205;13703;39820;38468;14716;28154;47480
evaluation,782,13976;18402;17974;18804;16802;19468;19482;21098;19336;81382
evaluation,783,33556;53706;97124;23078;58102;1400;88676;19512;65370;31234
evaluation,784,10314;65354;22144;29184;45726;58112;67790;98700;30148;3164
evaluation,785,24263;13044;6103;12884;80338;5920;94570;5862;51294;17819
evaluation,786,58261;6851;5450;13015;59036;28032;48690;20022;40826;58974
evaluation,787,94877;81840;90550;34814;26810;88918;88944;21528;19828;74256
evaluation,788,12314;11310;72814;1022;54670;87344;54640;79764;11912;73070
evaluation,789,11798;93448;2162;87028;76816;51596;45957;29594;87336;35508
evaluation,790,98094;93488;10646;89917;91918;91890;98376;84240;94748;10720
evaluation,791,13574;20192;98588;55830;52271;25778;41176;31790;1318;96394
evaluation,792,41306;34677;39828;78728;77252;39318;29058;18190;282;76996
evaluation,793,32476;60282;7386;64986;71174;86224;39419;11678;52946;24798
evaluation,794,94570;94846;80638;28922;97259;23496;94589;17458;6026;98960
evaluation,795,60356;12632;3020;34916;60806;94846;1205;46784;58050;3528
evaluation,796,78164;44823;84324;39640;76232;12632;54524;86224;90306;24940
evaluation,797,66330;98080;92410;23894;19132;120;74010;78928;91033;75098
evaluation,798,83598;83556;10472;24102;34542;62944;6756;71694;69238;10528
evaluation,799,9676;94616;14451;58471;6296;46241;8360;15884;24524;5952
evaluation,800,71488;10933;99466;7452;79218;61065;3032;8164;20386;17876
evaluation,801,1060;44130;3730;36010;37067;5272;7524;23674;16452;17714
evaluation,802,99994;97510;33782;27076;9134;44490;62182;51638;77228;39404
evaluation,803,7366;14952;7722;27370;19282;9531;19374;33608;80987;60188
evaluation,804,94877;81840;90550;19828;33801;91970;62182;21528;26810;3812
evaluation,805,15709;16116;84858;71330;71470;22262;72527;28190;57502;60955
evaluation,806,83502;83276;64750;63649;65656;92157;68842;64404;4946;71084
evaluation,807,77238;7276;11136;89590;71154;29722;6758;32314;82675;78783
evaluation,808,15944;61556;35058;62710;28676;38345;41516;33351;22840;5348
evaluation,809,58215;4910;762;20796;39040;5228;5344;41026;54461;76992
evaluation,810,12856;18322;4078;12134;4175;78174;20208;9462;62764;76333
evaluation,811,63880;69619;340;376;77510;19674;6931;16114;36044;18055
evaluation,812,34791;30957;26970;38750;78760;95606;2212;2195;27124;25442
evaluation,813,12856;41376;20192;18322;20208;91970;76333;17562;81372;4078
evaluation,814,63880;340;19674;77510;69619;376;36044;33165;18055;16114
evaluation,815,3792;64852;99678;354;67552;22620;45791;20302;18640;2592
evaluation,816,7455;16438;368;16558;64376;65488;15712;9148;15356;86078
evaluation,817,53284;27163;16658;27138;19739;6176;85674;35155;9373;25400
evaluation,818,33786;71462;95606;81432;61636;41602;36200;50826;27224;85539
evaluation,819,20210;28206;19336;19468;21098;10392;1094;1526;11220;34010
evaluation,820,90896;22810;468;66842;51536;11722;19496;58050;12884;80638
evaluation,821,18642;584;77702;29402;94678;93610;96341;6150;30248;924
evaluation,822,2398;28188;16940;26919;9334;74599;31412;6166;80664;25578
evaluation,823,64051;90498;32642;6136;32646;71154;44904;48486;56302;99326
evaluation,824,7386;64918;84418;55658;90602;47430;33222;33184;12738;1758
evaluation,825,90350;98636;98731;94732;86180;792;98700;68487;42148;1846
evaluation,826,18364;18726;36545;19850;22144;19254;16080;19576;17508;39008
evaluation,827,89506;69794;81382;73908;23872;70576;51448;86459;21280;75858
evaluation,828,94748;75208;86754;75354;87370;31584;91918;91890;98094;90148
evaluation,829,9526;17572;11133;15392;10176;10052;14339;29116;14957;7754
evaluation,830,5844;82682;85552;1342;17052;66765;98853;19526;56460;7451
evaluation,831,18581;16086;34263;13182;98461;3670;57410;5498;5490;65444
evaluation,832,12316;83140;92856;42194;21096;9290;62266;3046;48080;42104
evaluation,833,28188;14020;4494;96876;97259;35884;90208;42988;47037;1422
evaluation,834,88660;62222;81840;23384;71020;97607;90550;7386;56728;74990
evaluation,835,76268;83904;48360;98075;25176;6086;49838;34298;64918;22982
evaluation,836,60356;12632;46784;94846;3020;58050;46752;50746;34916;1758
evaluation,837,83168;83094;17368;28122;22494;97662;75516;62110;56312;62322
evaluation,838,13696;98075;60282;56258;83904;97576;88748;76268;48050;96473
evaluation,839,39640;97662;32294;17368;22494;75516;76764;39576;41068;90476
evaluation,840,34263;46104;5490;93372;33628;13182;66800;67097;5362;43512
evaluation,841,62112;39105;40373;34653;13182;98282;4708;76268;71154;24906
evaluation,842,78568;22499;48106;2996;8512;74370;60806;71108;4750;19170
evaluation,843,51498;86378;32476;90605;26628;38492;1360;91580;24686;74004
evaluation,844,55576;83741;88526;68296;89838;68332;69878;56742;48050;24906
evaluation,845,39936;62222;32642;32646;90498;11702;71154;64552;99539;83614
evaluation,846,83140;29410;94570;7230;94434;30570;83741;32476;93591;86224
evaluation,847,40512;83741;44718;28669;24988;25668;34376;7575;90500;33820
evaluation,848,20360;42104;98194;37636;11756;3886;6324;37784;34393;3503
evaluation,849,10646;47950;93488;56728;16990;33222;62684;48589;56882;98094
evaluation,850,32814;19546;1310;31864;71126;19831;70994;16230;55230;69760
evaluation,851,47586;62684;42104;16064;60858;7148;89982;73849;89791;80866
evaluation,852,24988;34298;84576;6086;61238;90500;64552;68296;33820;83741
evaluation,853,93591;80338;71154;12738;56424;33748;6086;46104;25668;90108
evaluation,854,10062;69878;97662;9928;32476;8108;7226;6800;1202;56728
evaluation,855,4904;16866;47902;18827;13960;57920;48714;63084;35956;17504
evaluation,856,40373;62112;83741;24988;83140;30570;25668;22982;76268;7126
evaluation,857,56786;47896;34160;44067;9062;80658;46006;6462;19342;34393
evaluation,858,47440;39958;6262;75452;69550;62322;79390;30563;71126;76268
evaluation,859,83741;51546;24906;62684;5536;32476;81170;39936;62112;60282
evaluation,860,472;56424;41398;18388;41432;6086;66800;16406;98461;40512
evaluation,861,19546;62110;1310;62112;75516;30563;68332;83741;61208;88748
evaluation,862,21318;63022;439;12764;59461;7126;26919;33222;49838;28188
evaluation,863,75516;4898;62110;22494;1310;19546;30563;62112;97662;4708
evaluation,864,3032;7452;80398;8164;99466;79218;61065;10933;20386;17876
evaluation,865,93312;94877;81840;89590;82675;4254;24486;90550;74256;7276
evaluation,866,87952;1034;57372;946;96344;40868;59352;43844;17024;14464
evaluation,867,64750;65656;83276;83502;64404;68842;63649;92157;71084;17748
evaluation,868,7798;12856;13946;20208;9462;4175;20192;22128;17562;59364
evaluation,869,19314;55587;63434;27886;25354;87648;31312;11166;19034;7803
evaluation,870,24043;62764;24154;34536;46339;97577;26960;27682;45932;20690
evaluation,871,81268;56161;66098;51174;55450;97920;50031;83264;56112;83194
evaluation,872,80398;7452;99466;8164;10933;79218;61065;3032;17876;20386
evaluation,873,66804;34415;1579;22;14498;4395;2062;1402;1396;84129
evaluation,874,18780;39008;18364;19576;18602;35490;23790;17508;19852;22144
evaluation,875,18792;64680;42858;5812;64334;29590;13598;97057;17450;54258
evaluation,876,28376;41092;37654;37220;26744;36288;37554;13890;93258;30134
evaluation,877,70600;63380;54482;98476;11084;46958;7258;1083;23280;72499
evaluation,878,22144;19132;23470;19850;74328;18780;92670;36172;19576;5628
evaluation,879,60140;59734;24690;72990;95392;58471;59414;39356;96114;34666
evaluation,880,27842;12242;84806;58898;1826;5466;77152;27371;21986;14262
evaluation,881,7452;8164;99466;79218;61065;71488;10933;3032;17876;80398
evaluation,882,69708;68945;91322;51243;28034;20055;37864;57502;38482;58172
evaluation,883,98853;5844;82682;85552;6134;66765;17052;15419;1342;74858
evaluation,884,26556;84218;18794;24728;42248;30874;7338;72594;5112;670
evaluation,885,12740;20055;68945;29068;66022;91322;24259;73044;36030;17382
evaluation,886,5844;82682;85552;1342;17052;66765;98853;56460;84300;15419
evaluation,887,72000;32160;90720;32120;99464;34504;78402;25126;13023;65370
evaluation,888,82604;93530;81372;4859;26187;887;88388;30508;31210;71788
evaluation,889,77510;20748;26000;33902;18055;29400;32734;15467;82216;24220
evaluation,890,63880;69619;77510;340;19674;18055;21364;21564;376;7988
evaluation,891,57390;57884;42716;75382;63346;72499;26804;42314;12166;44794
evaluation,892,57390;42716;63346;75382;44794;57884;72499;42467;26804;12166
evaluation,893,66330;75098;92670;98080;71710;88240;88272;120;17956;92410
evaluation,894,13886;86378;18642;38112;9738;93610;38952;51564;4908;1118
evaluation,895,24682;76886;8854;89506;8879;9762;26518;7498;66928;57962
evaluation,896,5844;66765;1342;87520;17052;6134;98853;56460;19526;82682
evaluation,897,96857;21964;35494;32416;35522;12079;3468;92581;64354;8604
evaluation,898,51564;56112;56161;55450;72526;97920;29872;32828;38112;50031
evaluation,899,85138;7754;16750;3636;1712;61043;15783;3468;15874;68140
evaluation,900,33938;22226;19510;40280;41422;99008;71788;16268;48026;63242
evaluation,901,82920;32160;58388;30536;32270;65370;72000;25126;96797;99464
evaluation,902,85884;82350;64150;30536;65370;25102;28960;82952;48140;46863
evaluation,903,85936;22926;36574;7484;59667;35378;37806;75986;25600;77756
evaluation,904,66624;14663;20318;59667;15006;16808;27940;22816;42458;13848
evaluation,905,532;1384;14171;91970;26478;30248;87734;22926;26030;94354
evaluation,906,49054;41604;14440;82933;39386;79726;34860;96056;10290;46916
evaluation,907,19522;36480;96146;14279;20828;15876;6868;28204;78154;4558
evaluation,908,41768;74076;4175;40228;74836;12964;20055;4092;74050;47490
evaluation,909,98166;33332;47092;94428;86372;6894;59944;21516;98476;21700
evaluation,910,13976;19468;22926;19336;18804;55964;6851;68248;28669;19130
evaluation,911,19767;6994;40286;87902;19967;61928;33332;3746;81428;81778
evaluation,912,67104;68590;38887;69636;69606;59344;65752;32226;19742;62764
evaluation,913,57302;59667;95268;91790;98262;35254;77368;21362;77960;2660
evaluation,914,58261;7642;6851;13015;48228;914;20022;28278;59036;35494
evaluation,915,9658;1276;7108;12206;65437;2202;3006;17612;28298;8308
evaluation,916,25920;34968;37432;99678;42840;63242;82328;44784;41422;54244
evaluation,917,43704;8416;54220;3015;4276;12206;3548;46758;17908;2038
evaluation,918,93530;81372;4859;26187;26136;11982;39346;82604;887;11812
evaluation,919,76348;78294;76474;81954;9160;79228;8941;38468;53428;1146
evaluation,920,63990;65148;9182;1000;1876;5256;29490;8102;27842;42618
evaluation,921,99498;120;98080;86891;76996;45004;41079;54396;92402;51290
evaluation,922,59502;77510;26000;36094;97698;15146;95621;82216;44446;21364
evaluation,923,22718;29670;46424;98476;96146;51498;21320;21090;87714;98166
evaluation,924,2706;82520;80668;92321;45526;12347;16027;51572;65478;6006
evaluation,925,20744;85512;71462;54720;42762;85584;44096;77034;21330;70932
evaluation,926,86740;1318;5730;53328;88382;72686;1670;82216;50698;19036
evaluation,927,45373;60042;24162;44784;23822;31642;26350;23414;42952;798
evaluation,928,76962;33416;86597;52444;16114;24850;5607;49994;76354;5112
evaluation,929,89536;1318;54541;90;55846;83638;67762;51392;63498;32716
evaluation,930,93312;49196;12951;15354;31162;18885;50877;17546;15278;14262
evaluation,931,4020;3662;8607;87688;12856;77378;16658;75834;82516;98102
evaluation,932,28988;20960;19640;91580;19606;62428;78532;28512;75452;7226
evaluation,933,10314;93798;8550;86180;42260;90614;94034;2870;59096;90350
evaluation,934,13976;5450;2660;18804;69794;19468;18480;81382;22926;16802
evaluation,935,67104;39314;53566;55678;68590;35114;29480;29674;764;69606
evaluation,936,39873;30640;92214;12170;14882;62428;88358;71882;95281;21280
evaluation,937,55338;97268;68945;38482;56156;57502;78402;8578;39488;73680
evaluation,938,76714;12764;91500;6828;54812;91396;7276;32584;35960;580
evaluation,939,72814;79764;12040;54640;12314;87572;12426;97962;87344;54670
evaluation,940,91790;78994;87476;84576;88846;66774;89001;470;89870;18748
evaluation,941,95606;27124;12558;93222;69322;34791;88788;44954;34054;46022
evaluation,942,10044;9995;46466;30508;398;24758;3015;54314;37432;37370
evaluation,943,64051;4536;3670;71154;32646;32642;90498;58108;99326;25612
evaluation,944,81170;92190;60282;17368;39224;2734;84324;82716;79894;78164
evaluation,945,89506;69794;70576;73908;23872;81382;51448;47618;86459;21280
evaluation,946,87952;1034;57372;946;14464;96344;86618;26210;40868;43131
evaluation,947,95885;19396;16952;16420;72193;1448;29128;51470;10822;37084
evaluation,948,5844;7451;19794;98853;6134;87520;56460;66765;85552;74858
evaluation,949,19636;29154;77310;84300;732;2492;68888;63234;36992;41498
evaluation,950,84240;75176;98094;89932;90148;86754;89917;18736;91918;91890
evaluation,951,91970;48080;65998;6198;2248;46160;7630;76333;7998;80866
evaluation,952,10044;9995;30508;3015;46466;54314;37432;57350;37370;69619
evaluation,953,88130;68492;28816;106;244;31434;92286;33196;98588;68404
evaluation,954,35258;53284;35155;34814;27616;77034;72932;30738;75668;77080
evaluation,955,30904;9356;26312;24798;57124;35032;50171;27228;9468;75452
evaluation,956,90498;32642;32646;64051;6136;71154;99326;48486;4536;5498
evaluation,957,96876;57876;90119;28188;60858;71866;49986;94434;2652;90148
evaluation,958,90350;90614;93798;98731;98636;6558;10314;94732;76628;37220
evaluation,959,21712;3444;10992;94616;28948;49358;906;72990;10688;49056
evaluation,960,85884;82920;82350;25102;58388;30536;25126;32356;65370;96797
evaluation,961,7412;7636;21408;1382;25518;7795;29480;30232;25362;24581
evaluation,962,98853;66765;5844;19794;82682;17632;85552;56460;1258;15419
evaluation,963,7452;8164;10933;3032;33446;61065;99466;79218;40208;17876
evaluation,964,45026;44954;46022;23086;45930;9064;81954;6495;29116;30359
evaluation,965,94877;81840;90550;19828;3812;29108;26810;21528;74256;89808
evaluation,966,66050;12486;38558;1702;66952;85308;3979;3171;42582;82836
evaluation,967,93312;19912;13884;1672;89870;81840;914;25482;89590;21528
evaluation,968,83502;83276;64750;63649;65656;92157;68842;64404;42618;96702
evaluation,969,7366;8258;33608;7722;44952;68262;59410;14952;9531;65710
evaluation,970,89472;14952;36574;77615;15200;10071;42662;22;14836;44864
evaluation,971,23671;23824;23754;26182;23570;92700;91992;63030;35508;82456
evaluation,972,21564;21364;21016;7988;77510;32264;10682;36592;11288;4044
evaluation,973,21890;77034;53676;91864;54243;19518;28315;17778;33700;56474
evaluation,974,8416;86970;46758;3015;87800;42197;43704;30508;32884;8308
evaluation,975,68492;28816;244;21046;106;79576;896;33196;88130;65998
evaluation,976,45206;4276;10768;5094;5642;74800;46058;77720;96150;4960
evaluation,977,96085;30244;5696;39196;79807;79485;85827;98946;99234;17066
evaluation,978,72940;86891;120;84776;73666;98080;16620;37806;75920;99498
evaluation,979,81372;82604;11982;887;4859;93530;36476;2668;11812;12378
evaluation,980,69801;79492;96603;4376;16948;29140;65227;31818;38706;32270
evaluation,981,20960;19640;19606;28988;42708;20662;22584;5362;55590;22436
evaluation,982,2290;8398;292;8514;9299;6080;28534;2570;2446;8540
evaluation,983,32828;584;26402;25578;74599;56161;97920;67610;24154;13872
evaluation,984,4750;33050;98282;43512;18581;41068;55930;5498;25612;39678
evaluation,985,5862;58294;32080;7536;36304;87297;14780;632;62466;56162
evaluation,986,65798;6150;27664;5487;94678;85218;1758;6194;87832;42062
evaluation,987,96876;90119;39640;75354;39419;94570;94748;37836;18736;32476
evaluation,988,89894;28960;32120;72000;32356;31392;65370;25126;13023;32384
evaluation,989,13976;5450;18480;18804;47454;81382;16802;17974;28032;18126
evaluation,990,38887;67104;69636;69606;68590;26586;39314;19968;59266;32226
evaluation,991,66120;37596;33328;59060;33712;55388;14992;54086;36594;3859
evaluation,992,89506;69794;73908;70576;81382;23872;71882;75858;23558;88358
evaluation,993,87714;42716;87902;63346;44794;82700;91790;40286;69818;88296
evaluation,994,91918;91890;89917;89932;94570;86754;75354;31510;94434;98376
evaluation,995,14646;9828;2706;66052;47940;47264;89870;21700;30232;1384
evaluation,996,96150;10887;76932;46058;13234;11528;6406;9696;10768;45206
evaluation,997,13342;57232;2567;81522;12120;3064;5724;12048;6548;42656
evaluation,998,48264;3248;56140;35246;48458;49614;55944;92385;22282;3068
evaluation,999,60220;40802;40286;81778;1322;21516;21008;50314;94428;40014
evaluation,1000,54482;19138;70600;1083;71644;1084;88844;63346;37510;80794
evaluation,1001,96238;94304;94877;78936;39220;57302;90550;34102;81840;88660
evaluation,1002,37510;48454;39509;6152;21515;48680;89804;48866;28204;32754
evaluation,1003,30652;87894;2188;20662;17264;14014;17096;87832;97228;31412
evaluation,1004,91582;69578;34298;71020;65444;88170;472;27810;59638;84901
evaluation,1005,94877;90550;81840;26994;21528;74256;29108;19828;96238;26810
evaluation,1006,79576;95885;57708;27838;36412;59132;30447;38338;69562;38972
evaluation,1007,146;61410;136;19912;39657;46422;56542;898;26276;532
evaluation,1008,9526;17572;8896;12406;12350;14339;10052;10176;29596;62392
evaluation,1009,63346;42716;44794;89826;42467;82700;78854;70600;87714;63380
evaluation,1010,22356;30650;84834;75858;51448;18706;69794;37106;23558;115
evaluation,1011,85706;84210;31312;11722;11530;77426;480;61524;6346;37636
evaluation,1012,2035;49202;89340;9958;5344;44131;2492;95727;5228;90532
evaluation,1013,66952;85308;49482;76492;29250;49452;19948;92040;64882;89125
evaluation,1014,56474;53676;65554;60336;59898;30508;10242;26309;64090;54243
evaluation,1015,34972;68042;91580;45688;28988;7226;36304;14062;44194;28512
evaluation,1016,97374;20214;4248;1260;16114;55349;5366;35982;1732;55338
evaluation,1017,13886;56112;86378;18642;51564;38112;97920;4908;19566;93610
evaluation,1018,91582;69578;59638;34298;472;65444;16064;31412;85152;40512
evaluation,1019,45688;28988;68042;28512;36304;80810;34972;81085;7226;22808
evaluation,1020,13976;19468;21098;55964;2660;19336;69794;5450;81382;78392
evaluation,1021,15709;16116;84858;71330;71470;22262;72527;96246;82952;60955
evaluation,1022,80942;17414;73112;80400;20055;11374;612;1684;80126;3378
evaluation,1023,73438;73307;71404;73644;73590;57543;9124;73098;49994;8436
evaluation,1024,94877;90550;21528;26994;29108;74256;19828;81840;26810;82592
evaluation,1025,15709;16116;71470;22262;71330;84858;72527;45875;96246;28190
evaluation,1026,95129;10802;85884;9488;19852;51560;51639;46863;51643;44807
evaluation,1027,91582;85152;34298;59638;18581;31412;69578;88170;33748;70514
evaluation,1028,82974;17735;82675;45046;23100;8018;64764;64090;22862;4963
evaluation,1029,23928;17287;42218;64688;17024;55474;79266;69798;59352;46283
evaluation,1030,7312;15450;37224;22823;56474;39642;9294;11038;58040;85128
evaluation,1031,98262;97636;77960;2654;90605;77368;56414;82933;32598;3039
evaluation,1032,7830;63652;75910;76536;8006;20748;86002;20680;28372;65910
evaluation,1033,22948;702;99686;60;7772;798;16952;7914;26106;74004
evaluation,1034,93312;15354;31162;81840;25424;1672;26476;91970;33939;1212
evaluation,1035,1428;31216;40971;87206;2248;12066;64021;52256;40034;2262
evaluation,1036,5068;14072;74196;70131;14062;71866;99564;99749;12992;3068
evaluation,1037,94004;53791;57048;93650;79196;94556;97057;88611;64334;56370
evaluation,1038,25018;42458;23670;22346;10556;27052;59667;65478;89852;71218
evaluation,1039,1322;60220;81778;78590;40802;40286;21008;50314;4090;6994
evaluation,1040,80668;23196;26574;22160;24208;18868;5895;51572;14544;7150
evaluation,1041,33556;97124;13890;43069;74836;18726;2026;46863;65370;88676
evaluation,1042,90350;90614;98731;37220;56044;98636;94732;91026;86180;53058
evaluation,1043,34536;58728;71876;10310;8244;30823;20951;59960;18775;5067
evaluation,1044,15368;65581;46764;81522;36064;46804;10174;42002;88782;82036
evaluation,1045,42656;28536;4919;34534;3784;74808;17842;13968;3956;6618
evaluation,1046,6548;6614;3956;2567;1736;81522;13342;1778;2351;68140
evaluation,1047,81778;60220;98166;40286;47092;94428;6994;10454;59944;86372
evaluation,1048,5844;82682;85552;66765;17052;1342;98853;15419;6134;56460
evaluation,1049,56588;45791;20518;20866;18640;11178;63652;11584;22620;17064
evaluation,1050,59898;60336;4262;34242;429;65554;60576;38345;15091;13888
evaluation,1051,96085;39196;5696;30244;85827;79807;210;37370;79485;99234
evaluation,1052,86891;72940;120;84776;73666;75920;74010;75128;99498;98080
evaluation,1053,34370;60140;26229;267;59734;96114;59414;4255;61608;33782
evaluation,1054,29402;18642;94678;6150;80664;13886;27076;584;86378;880
evaluation,1055,6150;94678;86378;25578;564;25076;20400;93610;8556;38112
evaluation,1056,5844;82682;85552;1342;17052;15419;66765;98853;6134;56460
evaluation,1057,35058;57905;26316;16648;49774;1912;5484;4664;1876;14112
evaluation,1058,7452;10933;8164;96822;20386;99466;79218;92572;3032;71488
evaluation,1059,26952;5635;77982;46026;70736;74608;5086;4664;7348;15944
evaluation,1060,74256;94877;90550;62182;35922;35836;81840;34814;73826;35155
evaluation,1061,66952;34288;9182;85308;66738;66050;22298;70506;57640;32298
evaluation,1062,78258;13242;88586;11970;4732;4440;66170;16476;12122;4592
evaluation,1063,82350;32160;65370;72000;28960;50491;30536;96797;32120;89894
evaluation,1064,88130;33196;54282;259;21362;1072;61190;2874;13752;106
evaluation,1065,38248;7178;58074;45225;8790;36064;7820;18990;62228;27494
evaluation,1066,97790;98584;94065;68020;46580;67762;114;10506;12983;124
evaluation,1067,77510;18055;59502;21564;21364;36044;5508;4044;92856;32264
evaluation,1068,63434;6478;17502;23771;282;84756;19314;38728;6614;25354
evaluation,1069,656;4538;880;27664;29090;80664;33094;78568;29874;33269
evaluation,1070,6150;80664;880;94678;6930;6574;8556;6690;78568;29402
evaluation,1071,31035;99749;62434;30194;99020;99564;74396;28988;69106;27228
evaluation,1072,40286;98166;81778;1322;10454;47092;46300;94428;86372;90013
evaluation,1073,99681;83598;63450;54109;20006;62944;87106;83556;89916;99821
evaluation,1074,83598;83556;99821;12347;63450;82944;99681;14544;13514;71694
evaluation,1075,26955;79946;29400;79556;68898;4080;82659;49572;29810;76996
evaluation,1076,5994;35058;49774;39403;15944;68898;38345;16648;68931;43718
evaluation,1077,64688;2784;26810;6596;35314;34420;7472;74388;5330;80987
evaluation,1078,64852;45791;20866;20902;49079;22620;99678;21400;18640;51894
evaluation,1079,4496;99714;99089;79952;77402;38333;78702;12992;27266;14062
evaluation,1080,42656;28536;4919;3956;3784;34534;31318;12120;74808;36304
evaluation,1081,844;68060;67244;17868;67186;63170;74024;26644;48832;33016
evaluation,1082,44954;45930;46022;45026;45875;1000;84748;13166;10056;51596
evaluation,1083,2814;77234;32508;49252;3612;24166;49234;3570;5271;26164
evaluation,1084,90550;94877;81840;26810;26994;26943;89808;88918;88944;32300
evaluation,1085,66050;85308;35850;33776;66952;35914;18310;3979;82836;29250
evaluation,1086,38928;35462;10198;69040;22144;16268;52256;76096;39820;4934
evaluation,1087,33492;33608;3970;60188;23338;89472;14952;68262;77615;34874
evaluation,1088,43704;54220;8416;24060;46758;3799;10814;17612;51596;3015
evaluation,1089,17160;36344;41287;22360;96150;4276;41378;74800;45206;46058
evaluation,1090,23404;32302;14314;58920;79266;94646;67048;23632;17287;65981
evaluation,1091,94877;29108;58322;62182;5428;81840;90550;74256;58920;87336
evaluation,1092,3828;22306;31034;51894;98878;20902;34814;19372;27494;1462
evaluation,1093,46758;54220;51596;43704;8416;3548;3799;17612;6406;67822
evaluation,1094,38248;45225;12254;7178;91249;1098;77034;9890;17326;36210
evaluation,1095,98942;82814;30508;88836;82642;27555;334;5696;332;37432
evaluation,1096,9212;9592;7988;46604;86580;31264;40962;81893;36094;96948
evaluation,1097,12992;70131;14072;30194;74196;14062;48458;27228;27850;16710
evaluation,1098,24043;62764;34536;66098;20690;18018;29872;50812;24154;46339
evaluation,1099,21884;43992;68040;45688;21694;39117;38960;69106;68042;97294
evaluation,1100,85884;30536;82350;25102;58388;65370;82920;4169;96797;27694
evaluation,1101,94732;90350;68487;33328;98731;98636;25518;93798;90614;67336
evaluation,1102,48942;72940;40208;33700;94004;22666;17046;73666;61476;47748
evaluation,1103,86048;42068;51696;38706;84726;32250;35592;11320;210;36604
evaluation,1104,66052;92286;79822;16044;49056;50738;223;8074;1998;244
evaluation,1105,21911;15210;22224;6758;6204;31120;63150;45208;11419;20942
evaluation,1106,12076;17819;86754;89932;6013;94846;2180;80338;85110;3020
evaluation,1107,54720;79546;65488;36200;64860;9148;79592;3008;15942;79560
evaluation,1108,70848;2982;19968;33443;33514;38750;32270;13848;72620;93974
evaluation,1109,71300;65227;96603;64704;65606;53519;91050;4394;3015;31120
evaluation,1110,41092;28376;37220;58584;37654;30134;57514;26744;53058;37554
evaluation,1111,11584;18640;20866;45791;20518;11178;33882;1826;19372;93206
evaluation,1112,46058;22360;41660;45206;74800;4276;11528;10768;77720;17546
evaluation,1113,60878;38338;1246;36412;9708;95885;29110;12917;38972;52886
evaluation,1114,3612;14147;10122;48834;2;60468;26338;77234;17046;80400
evaluation,1115,66952;85308;49482;76492;29250;49452;19948;92040;89125;82836
evaluation,1116,90452;71876;42656;59960;28456;51174;88524;81268;28536;43908
evaluation,1117,61266;61290;9356;28534;26780;41581;92650;55930;58574;44396
evaluation,1118,5450;18330;9106;13976;65554;18804;2430;17974;78392;16802
evaluation,1119,96857;35522;12079;32416;49572;56400;96934;21964;64354;35494
evaluation,1120,18726;38928;78154;19850;7498;16268;24610;69040;22292;22144
evaluation,1121,7366;33608;14952;7722;68262;33492;8258;9531;14836;59410
evaluation,1122,34724;34476;87120;86870;844;19374;53466;75086;76074;1410
evaluation,1123,45450;10242;56474;4255;88836;27412;5042;33626;552;44742
evaluation,1124,98942;88388;81372;30508;37370;71788;37432;96085;7998;85827
evaluation,1125,77510;26000;8262;32264;87388;32734;29810;59542;59502;19036
evaluation,1126,79485;32958;79807;28298;98946;50771;30244;88595;99234;86446
evaluation,1127,99498;47582;77252;98080;78728;3114;102;34874;21852;11512
evaluation,1128,90452;81268;71876;59960;61530;43908;50031;28536;50439;62162
evaluation,1129,2706;82520;80668;10528;10472;65478;23196;26574;22160;27818
evaluation,1130,66330;75098;98080;75128;60596;88272;11968;120;74010;61234
evaluation,1131,15709;71470;71330;16116;84858;72527;96246;57388;35854;22262
evaluation,1132,1060;44130;3730;7524;5272;16452;17714;36010;37067;8938
evaluation,1133,44954;46022;1000;45026;45930;38532;13166;29880;10056;45875
evaluation,1134,48503;58768;89808;58944;64026;42790;5330;53580;88918;88944
evaluation,1135,89340;34628;26480;44131;9712;61784;25860;26810;28390;43894
evaluation,1136,21024;21490;21436;3154;5648;5078;75960;26820;22960;6372
evaluation,1137,40608;35544;35742;33122;9578;39684;9254;44930;22948;36072
evaluation,1138,93312;1672;9846;89590;15278;24236;31162;34860;82214;99994
evaluation,1139,82592;94877;29108;81840;90550;58920;26994;58322;39730;19828
evaluation,1140,73307;71404;73438;73590;57543;73644;73098;8436;73418;9124
evaluation,1141,99994;60878;73493;99796;65981;392;8044;67048;57756;35155
evaluation,1142,86048;51696;42068;84726;38706;32250;11320;35592;210;87220
evaluation,1143,84776;85087;84340;896;79576;85667;13580;52030;57566;51743
evaluation,1144,9592;9212;44864;23626;72732;2543;63778;72758;26434;9190
evaluation,1145,56112;97920;56161;74599;18832;51174;81268;25578;32828;50812
evaluation,1146,79358;85328;75062;70131;25047;79646;58990;77402;98572;99324
evaluation,1147,60356;46784;3528;46752;3020;12632;50746;58050;94846;34916
evaluation,1148,51727;82150;77402;25047;99714;63692;12992;76944;28972;31035
evaluation,1149,94092;34011;3646;34013;27107;58578;58446;94242;910;33030
evaluation,1150,46750;13766;2552;10454;46300;27230;88461;1424;1442;14160
evaluation,1151,67104;40388;86694;53566;88844;38887;39314;32226;86752;38778
evaluation,1152,84162;76769;6224;27230;5946;78380;6851;48690;8854;8879
evaluation,1153,19852;55549;53628;164;39831;53357;11580;97108;58990;19576
evaluation,1154,1912;57905;35058;1876;26316;5635;26952;4664;1494;12412
evaluation,1155,21656;89808;50008;12951;18982;31162;49848;37146;7724;88550
evaluation,1156,82592;58920;94877;29108;81840;19828;26810;89808;90550;3812
evaluation,1157,80398;7452;8164;99466;3032;79218;10933;61065;20386;96822
evaluation,1158,86224;64986;74808;72718;18748;55658;39404;97312;90670;11678
evaluation,1159,93591;98210;98960;1148;11194;47532;30867;98376;80338;11476
evaluation,1160,55576;39640;19170;20662;55658;78164;83168;24874;64552;81170
evaluation,1161,49848;19828;50008;25786;52982;99796;89808;67048;8044;82592
evaluation,1162,97806;97259;96876;66101;31318;20662;20130;13872;90119;48504
evaluation,1163,67104;68590;53566;39314;69606;38887;8712;69636;6210;35114
evaluation,1164,25580;5946;76769;6420;55964;13212;6362;7048;15322;3110
evaluation,1165,6134;82682;5844;1060;98853;66765;22302;85552;3730;2798
evaluation,1166,48503;38248;86043;58768;28712;8302;21958;19107;3438;44260
evaluation,1167,61784;46306;92460;28390;30707;42248;74555;9712;7338;2814
evaluation,1168,63434;55587;19314;4416;19034;17770;2774;19119;12694;27886
evaluation,1169,96876;97806;97259;20662;28188;13892;8540;8870;27850;12632
evaluation,1170,53058;78130;20424;58584;42194;56155;53056;56044;29126;14216
evaluation,1171,66120;65160;59060;55388;4762;32562;3859;24772;14992;54086
evaluation,1172,28376;37220;41092;37554;53056;30134;36288;53058;90614;69818
evaluation,1173,6362;6824;5946;5828;25580;6420;76769;91960;6224;3136
evaluation,1174,88296;22718;87902;83456;42467;89826;42716;51498;61928;46424
evaluation,1175,19314;63434;55587;19034;27886;19119;2774;17770;77624;89964
evaluation,1176,12406;12350;8896;14339;18344;15487;9526;61043;12248;24650
evaluation,1177,12202;5716;71502;82067;18072;13302;51262;6536;17382;80784
evaluation,1178,15709;16116;22262;71330;71470;84858;45875;36385;57388;16714
evaluation,1179,5844;82682;85552;6134;17052;1342;98853;66765;15419;33016
evaluation,1180,732;59120;4408;99344;7802;4552;54404;9430;43894;3640
evaluation,1181,598;87106;76874;26516;19336;68248;89916;19468;13084;924
evaluation,1182,93312;15354;20006;32510;22718;44794;1672;31162;88972;89658
evaluation,1183,14147;33792;42602;3612;52420;77234;37794;27964;60468;96822
evaluation,1184,63880;69619;340;19674;376;77510;36044;6931;10740;18055
evaluation,1185,51727;76944;63692;32750;70288;99324;82150;44266;61266;28972
evaluation,1186,51546;11678;2734;89001;23870;7386;50208;24901;80230;64986
evaluation,1187,38928;47562;16204;32444;22144;29184;35462;18726;31850;11808
evaluation,1188,13872;14202;14088;32828;8532;564;25578;83264;6535;25076
evaluation,1189,17368;39418;62110;1695;24980;23484;69878;97576;22494;56882
evaluation,1190,97530;42874;46132;52698;6612;39105;13598;24901;13198;22494
evaluation,1191,41092;28376;37220;36288;37654;67659;26744;75858;37554;684
evaluation,1192,76886;51572;25462;83194;73231;51388;30442;52656;14536;11580
evaluation,1193,80668;82520;16027;5895;51572;4819;23196;38260;2706;7150
evaluation,1194,66330;92670;11968;47707;75098;60596;80509;14136;92410;74599
evaluation,1195,54541;94092;88676;19916;90146;20694;29858;27107;34011;15480
evaluation,1196,2430;28204;6866;13976;30942;24683;5450;4086;6152;81382
evaluation,1197,496;12347;80668;2994;3462;13116;13514;1330;24102;14544
evaluation,1198,29140;32250;16948;38706;22566;24812;24870;47532;69801;26570
evaluation,1199,5572;61762;95082;88206;79714;93730;3128;89834;60955;22262
evaluation,1200,86754;91918;91890;98376;98094;89932;75354;90148;84240;90119
evaluation,1201,17048;90119;16940;9334;12632;23382;12698;64986;18832;7386
evaluation,1202,60356;3020;94846;1758;12632;15182;59982;46784;2652;46752
evaluation,1203,93591;98210;98960;1148;11194;30867;47532;98376;80338;11476
evaluation,1204,83598;87106;63450;69238;83556;84812;89916;92354;20006;82944
evaluation,1205,30244;96085;79807;5696;39196;79485;32958;99234;98946;48026
evaluation,1206,30867;1148;98960;11194;1163;11476;14726;60596;10620;15184
evaluation,1207,64986;90670;97312;24906;9648;86224;89838;75681;10586;39224
evaluation,1208,26052;98194;2190;75294;71832;33747;33838;64940;33270;41472
evaluation,1209,76700;13896;17770;1328;8990;6554;6080;10114;19314;4836
evaluation,1210,15709;5086;60955;47748;68945;16116;69708;70736;22262;71330
evaluation,1211,94877;58920;81840;74256;29108;19828;90550;82592;89808;52982
evaluation,1212,51882;11014;52744;84748;52234;84657;2894;6751;16352;1652
evaluation,1213,86754;89932;75354;75176;98376;89917;90148;98072;98210;94748
evaluation,1214,32750;68040;69106;74396;61266;44266;28900;28972;44279;71866
evaluation,1215,80853;36387;93310;3668;47857;47801;47908;99780;79524;9334
evaluation,1216,28376;41092;37220;36288;37654;93258;37554;69818;53058;26744
evaluation,1217,95885;5382;36412;38338;87698;97676;38972;1044;46952;5259
evaluation,1218,58768;48503;28712;36200;8302;36210;42790;74426;19107;3008
evaluation,1219,4395;84129;34415;66804;84074;29128;21471;44378;84300;54488
evaluation,1220,96085;30244;79485;39196;5696;3015;30508;37370;210;79807
evaluation,1221,51444;33763;3352;83412;33050;17504;31650;17819;31584;31412
evaluation,1222,43768;42836;21420;85218;30848;83966;42090;4728;5487;94678
evaluation,1223,26744;540;37654;13890;55462;93258;33316;41092;99681;17608
evaluation,1224,14708;4688;2982;23894;28456;5990;9606;6044;69836;90013
evaluation,1225,42394;49358;906;96114;72990;13614;6126;13608;58471;22450
evaluation,1226,89042;88986;58322;420;5428;7986;68698;61108;56588;67262
evaluation,1227,91852;4960;4946;96150;58602;45206;53912;76932;3975;5570
evaluation,1228,18562;16780;34232;51468;76492;93190;26090;16778;28434;54330
evaluation,1229,29970;45562;994;21016;21564;21364;77510;992;6204;82214
evaluation,1230,19040;26592;20744;41604;10264;47396;1836;49880;11958;5375
evaluation,1231,84776;75582;96822;37328;72940;13703;15205;32466;7760;29266
evaluation,1232,86754;89932;75354;89917;75176;94748;84240;90148;98376;96876
evaluation,1233,80853;99780;3668;47857;9334;36387;47908;93310;45470;23496
evaluation,1234,42874;56613;24806;83741;9648;64986;10748;46132;13198;40373
evaluation,1235,36304;24679;87297;77109;62466;80810;44194;22808;67992;45688
evaluation,1236,90350;93798;98636;86180;94732;98731;10314;59096;98700;8550
evaluation,1237,28376;41092;36288;37554;37220;30134;37654;26744;17816;57514
evaluation,1238,67104;68590;55678;39314;38887;53566;69636;69606;35114;94846
evaluation,1239,3154;21024;21436;21490;71614;5078;75960;4264;66172;1064
evaluation,1240,32788;63649;64750;83502;45548;29594;11798;83276;45957;14764
evaluation,1241,3352;28393;39180;47299;28076;23496;80853;9334;12884;19190
evaluation,1242,55576;68332;62112;46132;88526;39419;68296;83741;17368;62110
evaluation,1243,83840;83992;42550;55388;53357;56094;92410;36888;54109;96854
evaluation,1244,81372;11982;82604;887;4859;93530;36476;2668;39346;26187
evaluation,1245,64522;91865;65556;63880;67562;19510;3015;59580;26350;91110
evaluation,1246,15709;22262;16116;96246;84858;71330;71470;78760;72527;60955
evaluation,1247,99796;73493;65981;58920;19828;82592;94877;81840;62182;72686
evaluation,1248,5024;60468;12862;72594;52504;97986;1034;24216;16352;16118
evaluation,1249,33838;98075;96473;76268;59638;6052;98461;83904;75294;85152
evaluation,1250,71154;99284;13182;70680;5498;64051;98194;33748;44067;32646
evaluation,1251,72940;120;84776;86891;1155;73666;98080;16620;76210;75920
evaluation,1252,4020;3662;35836;1366;49324;83592;72686;61528;31627;15052
evaluation,1253,3694;13254;92158;92402;120;12983;6893;87734;71492;62912
evaluation,1254,83614;8333;64552;49413;23870;472;20427;17724;57705;53216
evaluation,1255,97920;66098;80509;16374;74599;56161;81268;56112;41854;35014
evaluation,1256,57410;57546;43512;20014;67380;6052;51862;47430;84418;13182
evaluation,1257,2190;13960;98282;13182;23496;17819;41472;51862;23890;80338
evaluation,1258,99089;4496;79952;99714;77402;12992;14062;78702;27228;99564
evaluation,1259,41092;28376;30134;26744;37654;36288;37220;37554;17816;684
evaluation,1260,96857;12079;32416;35522;35494;64354;45596;49572;71644;14966
evaluation,1261,24686;71174;39224;18748;17102;62110;48050;75516;16406;97576
evaluation,1262,16330;2068;90534;91243;75834;98102;78930;8607;27616;69164
evaluation,1263,26810;52982;81840;89808;5330;19828;26994;26943;5912;25786
evaluation,1264,15709;16116;84858;71330;71470;72527;96246;22262;82952;45875
evaluation,1265,93456;47308;17798;13462;6496;2290;596;88611;82988;54878
evaluation,1266,31035;63343;99749;14512;62434;15334;99564;70131;99020;30194
evaluation,1267,9464;25168;45770;13868;6886;48350;11476;77702;12498;46856
evaluation,1268,11908;89982;69626;30634;26684;65216;86396;41287;88483;31302
evaluation,1269,80668;51572;42789;23196;5895;26574;22160;4819;24208;14544
evaluation,1270,25102;30536;32160;96797;58388;25126;34504;65370;28960;82920
evaluation,1271,16027;82520;49840;44046;18868;23196;38260;4819;80668;12347
evaluation,1272,16434;25622;17022;16166;30640;16176;24650;24521;62994;63404
evaluation,1273,97124;13670;13958;41092;60336;33556;72996;59898;13712;58732
evaluation,1274,15709;22262;71470;84858;16116;78760;71330;87576;60955;57502
evaluation,1275,75681;32932;65006;28434;83160;41415;21084;25932;69394;51468
evaluation,1276,15709;22262;16116;71330;71470;82952;87576;25442;72527;57502
evaluation,1277,35218;40176;32874;83317;83064;11798;88388;4262;39346;94370
evaluation,1278,27090;75810;9558;89125;48834;4552;81304;45548;2814;43844
evaluation,1279,56474;45450;59101;10242;4255;60336;45046;44742;73488;44732
evaluation,1280,62434;31035;99020;99749;30194;99564;63343;41581;14072;14918
evaluation,1281,38333;8736;12056;14072;70131;11874;12992;4496;14062;62434
evaluation,1282,98282;23496;83412;9334;41472;65444;12884;2594;44828;80338
evaluation,1283,34536;29747;62764;5072;29872;66098;50812;56112;81268;38960
evaluation,1284,93456;21650;6554;24476;1434;13368;13630;8796;7170;1118
evaluation,1285,42874;24901;44544;46132;2446;38362;97530;56613;31650;22500
evaluation,1286,2430;24683;18402;21098;78392;18804;98470;17974;19468;5450
evaluation,1287,13766;1322;60220;2552;32020;40802;48919;1424;1442;46750
evaluation,1288,24683;2430;18804;18402;17974;21098;27094;16802;19482;78392
evaluation,1289,44446;72057;2836;1144;56012;42002;18400;12744;4086;2078
evaluation,1290,29490;35218;83064;83317;4262;42320;45026;65581;2195;61945
evaluation,1291,17004;91852;4960;5570;96150;11528;76932;85540;9696;58602
evaluation,1292,45339;15804;4264;19036;1670;1098;58776;3008;35922;5138
evaluation,1293,26744;41092;63346;28376;69818;36288;37654;42716;30134;88296
evaluation,1294,7276;12764;6552;7064;7892;83586;35960;97210;2630;91500
evaluation,1295,66952;85308;46804;49482;7914;22587;66050;34288;29250;89125
evaluation,1296,60356;1758;12632;94846;58050;3020;50746;79324;39296;10276
evaluation,1297,89838;62246;68332;68296;69878;83741;24980;89001;39936;97576
evaluation,1298,28960;65370;96797;89894;30536;82350;58388;72000;32160;50491
evaluation,1299,14339;12406;12350;24650;24521;8896;29596;15487;21964;26732
evaluation,1300,41092;28376;37220;30134;90614;37554;53058;36288;26744;17816
evaluation,1301,7258;96484;41390;33824;1084;1083;88972;59280;13276;38778
evaluation,1302,38248;12254;42790;9890;45225;12197;11574;54786;1098;85574
evaluation,1303,39403;49774;5994;38345;16648;35058;15944;32584;10930;68898
evaluation,1304,429;3110;91864;552;9254;14536;10438;59898;30172;60336
evaluation,1305,74152;40276;4781;28352;28988;20960;86654;13974;30144;28534
evaluation,1306,89894;65370;32160;25102;72000;82350;32120;82920;90720;50491
evaluation,1307,89838;68332;97662;97462;39640;68296;40264;23507;6228;32016
evaluation,1308,24874;76764;39640;90306;93772;23380;31202;75208;98194;26498
evaluation,1309,94877;90550;62182;81840;21528;26994;74256;82592;29108;19828
evaluation,1310,598;88676;34590;24486;80784;54356;7636;36348;18206;36030
evaluation,1311,30536;82350;25102;96797;65370;58388;82920;28960;30642;89894
evaluation,1312,24874;64552;89240;55576;39936;11702;93772;83094;39843;90500
evaluation,1313,7452;99466;8164;80398;3032;79218;17876;61065;10933;20386
evaluation,1314,85308;99384;22587;46804;66952;6056;65581;7914;61342;65180
evaluation,1315,3154;4264;5078;21024;5138;75960;4300;21436;5648;21490
evaluation,1316,87952;40868;96344;29594;1034;50624;12862;26210;57372;43844
evaluation,1317,74010;75128;75920;5684;2639;71492;74116;8814;76210;71710
evaluation,1318,15709;16116;84858;71330;71470;72527;22262;82952;35854;60955
evaluation,1319,24236;89590;81840;92244;86026;41588;20774;58920;20800;17406
evaluation,1320,24263;17458;44396;97259;97806;1680;8012;44592;12884;31318
evaluation,1321,24263;44396;97259;17458;97806;1680;12884;44592;8012;28922
evaluation,1322,35960;32584;7276;94877;66928;12764;91500;4254;54812;91396
evaluation,1323,30536;82350;65370;25102;82920;96797;58388;28960;30642;72000
evaluation,1324,34013;54541;3646;94092;29858;27107;58446;58578;88676;27386
evaluation,1325,55576;90476;99539;78164;83094;89838;18706;90635;68296;89232
evaluation,1326,75681;99709;47264;29068;26156;14847;25580;14966;55349;59164
evaluation,1327,9382;33782;37623;53491;11600;39322;4699;15006;37964;98532
evaluation,1328,42656;36304;77109;87297;4919;17842;13968;1446;1586;81085
evaluation,1329,94146;94322;97292;16600;74704;6868;8854;24682;29156;6824
evaluation,1330,96876;97259;99952;59032;4494;93591;13044;70854;97806;27996
evaluation,1331,3378;76962;7356;60140;70848;48420;10004;23112;26156;17963
evaluation,1332,21650;93456;1118;6227;1736;13630;9118;1778;52596;8540
evaluation,1333,14339;12406;12350;8896;58320;18344;61043;15487;3462;39509
evaluation,1334,28376;97124;99044;41092;9730;6066;12202;60336;56505;36288
evaluation,1335,24874;55576;89240;24988;472;64552;32016;56424;93772;17368
evaluation,1336,34136;25920;82216;82328;8632;86740;56588;42952;38887;37432
evaluation,1337,93798;98731;98636;90350;10314;90614;86180;98700;8284;89151
evaluation,1338,8736;14072;14062;38333;12056;11874;12992;27266;5068;8244
evaluation,1339,71174;48050;39224;62110;78164;75516;44904;97576;89240;88748
evaluation,1340,32226;40757;90112;88972;87201;29496;55412;43622;96484;65752
evaluation,1341,80716;91086;12256;16452;1060;13466;3730;24592;23112;97452
evaluation,1342,6824;94322;6868;6420;16600;61698;12848;6851;43814;3306
evaluation,1343,552;60336;65554;17778;67562;54720;14274;77034;59898;26309
evaluation,1344,24263;97259;17458;97806;8012;28922;44396;12884;1680;66101
evaluation,1345,49838;83904;2175;41943;96473;43512;5362;94290;98461;76268
evaluation,1346,39403;5256;26316;4664;1912;23851;12412;35058;6495;57905
evaluation,1347,16116;15709;71330;57388;22262;35854;72527;36385;71470;84858
evaluation,1348,5994;15944;35058;39403;49774;68898;38345;16648;39694;68931
evaluation,1349,6495;96414;96444;26316;5256;39403;57905;38345;12412;35058
evaluation,1350,56474;10242;91864;77034;41422;1064;64090;43594;26309;65554
evaluation,1351,82216;87388;77611;15804;53332;75952;59502;59166;15146;36094
evaluation,1352,60356;12632;94846;1758;11628;3020;59982;58050;17819;15182
evaluation,1353,91582;85110;18581;85152;73778;88170;41632;31132;26052;2190
evaluation,1354,1322;40802;81778;78590;90013;10454;46750;47092;86372;94428
evaluation,1355,97124;33556;39630;36348;59900;27780;51684;41092;43760;53058
evaluation,1356,17368;69878;32016;62110;55576;81170;90476;32294;5487;89838
evaluation,1357,43054;53332;1450;82216;20902;2592;3792;87388;22306;99678
evaluation,1358,67380;41434;13846;84901;91582;33748;4536;85152;69246;26052
evaluation,1359,71690;6056;88896;22087;99384;5380;85110;53428;6495;2562
evaluation,1360,75294;80338;52439;80408;81064;23496;83412;80266;30174;5202
evaluation,1361,14544;12347;16027;97108;44046;5895;49840;71694;6006;22568
evaluation,1362,33038;20384;56460;1060;98853;1342;33016;39488;44130;11132
evaluation,1363,9066;87266;24250;20662;22012;1246;68170;74981;87300;14663
evaluation,1364,17368;32016;55576;69878;62110;68332;39419;5487;68296;32294
evaluation,1365,51536;99780;79494;36387;77464;98461;11698;23496;80771;45470
evaluation,1366,78294;9160;38468;76348;76474;8941;79228;1146;84418;58975
evaluation,1367,91918;91890;89917;89932;75176;90148;84240;98376;75354;94570
evaluation,1368,77510;21364;32734;21564;26000;82216;50826;31264;81893;15467
evaluation,1369,93591;7575;22893;89558;90306;5487;86224;78164;39418;24940
evaluation,1370,97806;97259;44592;99952;49986;12632;44396;96876;28188;90119
evaluation,1371,93772;39640;75208;97662;62110;96876;98194;40264;83741;6910
evaluation,1372,17368;89838;81170;24980;32016;92190;97312;47950;69878;97576
evaluation,1373,1260;97374;47582;35982;53428;85390;36385;78402;29362;20214
evaluation,1374,80434;74136;80504;13922;71540;67659;65568;78130;867;70403
evaluation,1375,29156;83586;86046;3658;45684;21911;88550;25069;28676;54812
evaluation,1376,91500;35960;91396;59636;54812;66160;32584;12764;66928;5994
evaluation,1377,94570;89932;60356;46814;80338;94846;75354;39296;86754;39419
evaluation,1378,86754;75208;84240;90148;60592;94748;96876;89932;98094;75354
evaluation,1379,26316;35058;57905;1912;49774;15944;1876;5484;16648;84457
evaluation,1380,81840;19828;91970;26810;94877;90550;56171;89808;14828;31706
evaluation,1381,44131;89340;57378;2814;5271;99300;26480;5228;29716;944
evaluation,1382,93456;12498;17798;15836;54878;11166;1118;47308;98835;6886
evaluation,1383,99538;75516;39640;39576;76764;78164;22494;32294;7536;24874
evaluation,1384,55388;55349;53357;93860;37282;19852;164;41328;49302;58240
evaluation,1385,19336;19468;21098;11684;9554;1247;22926;34794;21280;13084
evaluation,1386,60188;37864;38482;57502;58172;68945;20440;69708;57254;97268
evaluation,1387,10198;87554;56674;20424;45460;66928;76769;71694;76886;87597
evaluation,1388,23527;22749;61934;70736;73680;73730;87576;78760;84858;44807
evaluation,1389,11084;13070;66530;18562;2836;16114;11106;15970;10387;24581
evaluation,1390,81840;90550;91970;82592;32300;95390;29108;94877;19828;62364
evaluation,1391,81840;94877;90550;29108;7276;19828;3812;56171;26994;26810
evaluation,1392,15604;92460;72670;9712;5344;5228;89340;45957;5172;9786
evaluation,1393,21024;3154;21490;21436;75960;5078;4264;26820;5648;4300
evaluation,1394,55587;19314;2774;63434;19034;19119;23771;12694;17770;4972
evaluation,1395,11716;6574;43496;1328;8512;8142;8264;1002;11116;12879
evaluation,1396,75208;86754;61238;13182;84240;90119;4099;5498;80408;80338
evaluation,1397,17368;40264;50208;32016;39105;68332;62246;55576;89838;88526
evaluation,1398,67104;69636;68590;69606;13784;64192;39314;38887;99952;68170
evaluation,1399,86754;96876;75354;75208;94570;87370;81064;91918;91890;94434
evaluation,1400,98094;39418;84240;86754;90148;18736;60592;75208;4099;40264
evaluation,1401,55388;69662;66772;24720;10310;724;69264;6536;90614;39831
evaluation,1402,81382;3306;98470;1756;6824;2078;3136;28032;94146;61698
evaluation,1403,27230;5946;24683;77496;9312;21362;98470;9582;19296;7048
evaluation,1404,33556;97124;16278;44807;74836;65370;74050;46863;51639;19512
evaluation,1405,26744;41092;36288;37554;684;28376;39630;37220;75858;53058
evaluation,1406,15419;17632;97810;85552;57089;82682;33016;91086;63170;20482
evaluation,1407,22144;412;83276;78822;29184;11060;87344;10314;42618;24114
evaluation,1408,86754;75354;81064;75208;94434;87370;96876;91918;91890;98072
evaluation,1409,23702;97920;43206;8540;83168;59432;26919;20470;1360;39172
evaluation,1410,99538;75516;39640;76764;39576;32294;22494;7536;97662;69878
evaluation,1411,33030;94092;54541;29858;34013;34011;76628;27107;56674;3264
evaluation,1412,11704;93297;2373;2996;13892;13198;12632;23484;24906;3020
evaluation,1413,15709;16116;71470;84858;22262;71330;72527;45875;57388;68178
evaluation,1414,42021;4169;16204;67106;66120;68798;33328;3859;96584;12484
evaluation,1415,32828;1695;51564;38112;97920;56112;55450;72526;56161;5820
evaluation,1416,81840;94877;90550;32300;89590;29108;89008;93312;89918;73902
evaluation,1417,61020;11304;41792;45004;5074;41018;86510;4116;41450;92934
evaluation,1418,74672;5159;7198;11258;14604;26298;46112;41528;64736;74464
evaluation,1419,86048;14598;53958;95352;84726;36532;43918;4100;86597;95082
evaluation,1420,17287;10578;14314;97071;79266;1588;10138;13504;52224;31082
evaluation,1421,94616;15884;60254;58471;2989;66314;4154;62364;11252;2863
evaluation,1422,81840;10822;90550;94877;21528;8772;5072;36426;26943;31162
evaluation,1423,10438;9523;10624;11828;12614;12834;11106;11366;11308;4100
evaluation,1424,40608;44930;35544;35742;39684;37428;82036;36072;98198;7914
evaluation,1425,34212;76333;3827;77306;72643;19054;40956;18466;9182;61398
evaluation,1426,24478;76886;5174;4451;29496;79296;14035;2480;53766;8712
evaluation,1427,32828;56112;25578;51564;97920;56161;74642;81268;25076;13872
evaluation,1428,64334;3696;8736;4984;2567;8812;9491;37182;94556;8540
evaluation,1429,62764;24043;27682;46339;34536;18344;26960;29872;19449;24154
evaluation,1430,86754;89932;75354;84240;94434;94570;90148;60592;13252;75176
evaluation,1431,42874;97530;39105;46132;13598;83741;6612;50208;23214;22494
evaluation,1432,71154;99284;70680;64051;13182;5498;44067;32646;32642;90498
evaluation,1433,99538;75516;76764;39576;39640;17368;32294;22494;81170;13252
evaluation,1434,2430;24683;6866;13976;19468;6152;19336;78392;18480;4086
evaluation,1435,2430;24683;6866;78392;13976;19468;4086;19336;78214;6152
evaluation,1436,89506;70576;73908;69794;23872;81382;75858;22356;23558;19280
evaluation,1437,86754;97662;39640;75354;68332;40264;39418;68296;84834;32476
evaluation,1438,60356;94846;15182;1758;50746;12632;11628;3020;46804;2652
evaluation,1439,24263;17458;44396;66101;8012;97259;471;2351;12884;28691
evaluation,1440,28759;91582;71832;43512;49838;57920;25514;78852;39854;78652
evaluation,1441,93310;36387;47857;3668;47908;47801;80853;99780;9334;79524
evaluation,1442,86754;24874;90148;90119;89932;98376;75354;80338;98094;10646
evaluation,1443,1882;1695;23630;17412;1202;34160;59050;34393;8990;13252
evaluation,1444,57905;26316;35058;1876;1912;49774;4664;84457;12412;14891
evaluation,1445,92460;15604;72670;89340;9712;5344;77234;44131;90532;9908
evaluation,1446,86048;53958;14598;95352;36532;84726;95082;43918;86597;4100
evaluation,1447,95352;95082;24114;43918;10620;73044;27478;99302;73124;15931
evaluation,1448,35544;35742;40608;44930;9254;36072;41492;9578;82036;15970
evaluation,1449,34212;18466;18320;3827;9182;3128;24362;75464;72643;54120
evaluation,1450,33016;22844;33522;56104;49252;56460;82682;17632;7451;48563
evaluation,1451,120;98080;92410;24610;23470;86891;21788;18780;1574;92670
evaluation,1452,94570;86754;89932;12632;75176;94434;84240;13252;90148;13892
evaluation,1453,96876;75208;98376;86754;10646;89917;16708;90148;94748;84240
evaluation,1454,89232;6103;17368;32016;97576;4539;22494;39640;37836;51294
evaluation,1455,55580;28376;30134;41092;32704;54895;37220;910;93258;3378
evaluation,1456,88748;75516;4708;31510;68332;39419;24901;62112;62110;76764
evaluation,1457,75294;86754;39296;2190;80338;41472;85388;56312;39418;84240
evaluation,1458,90896;468;11722;61524;62588;31312;47470;77702;98835;6542
evaluation,1459,1736;5724;471;6614;13896;13342;3956;31318;2351;81522
evaluation,1460,13346;33747;47818;40444;17096;57920;47801;6418;17060;56140
evaluation,1461,75516;99538;23484;76764;7536;90306;97576;39640;39576;22494
evaluation,1462,75354;86754;94434;96876;81145;4099;94570;75208;81064;84240
evaluation,1463,94242;94092;88676;35456;34011;54541;3646;17382;5752;34013
evaluation,1464,62110;62246;63862;89240;58618;24940;99539;32016;69878;71174
evaluation,1465,17450;81840;98339;95414;21616;35106;32300;52303;20774;51662
evaluation,1466,79764;98690;99344;46797;23292;72814;59882;20422;62528;73070
evaluation,1467,6495;96444;96414;5256;26316;38345;39403;51702;3108;12412
evaluation,1468,90896;22810;77702;33228;62588;17484;468;2315;97488;73849
evaluation,1469,41854;39401;32518;2248;27437;35832;39117;724;97920;90146
evaluation,1470,97462;32476;39640;94570;97662;46752;32294;46882;94434;35884
evaluation,1471,98094;84240;90148;86754;60592;17819;34916;41472;5862;94748
evaluation,1472,15419;56460;5844;85552;82682;98853;66765;6134;19794;17052
evaluation,1473,62246;68332;58618;62110;24686;32016;71174;83741;89240;89838
evaluation,1474,93312;16166;39386;5814;54072;40956;16434;25622;76403;19640
evaluation,1475,55334;29894;28930;34856;43850;67530;89125;44730;75810;38902
evaluation,1476,98094;84240;90148;86754;60592;34916;17819;41472;49986;94748
evaluation,1477,53357;19852;55388;48764;83840;54109;18792;4169;4762;3859
evaluation,1478,94570;86754;81064;94434;96876;75208;80266;75354;87370;98376
evaluation,1479,5362;4750;18581;66800;85152;33838;67097;57546;84901;13846
evaluation,1480,97662;68332;39640;40264;32016;62246;93772;39576;89838;84240
evaluation,1481,98094;90148;84240;60592;91918;94748;91890;40264;89917;89932
evaluation,1482,24683;20666;64354;6866;95153;60448;4086;44972;6152;48866
evaluation,1483,41092;28376;30134;37654;56155;37220;36288;90350;15528;57514
evaluation,1484,28376;41092;30134;37554;37220;36288;37654;17816;26744;93258
evaluation,1485,97662;89838;39576;39640;32294;84834;17368;86754;92788;17723
evaluation,1486,56806;41768;46296;29362;20055;3816;48420;16442;51390;5192
evaluation,1487,96603;78930;69164;76453;90534;8607;87688;67560;65606;34940
evaluation,1488,26077;15884;62364;60254;58471;210;94616;20616;20650;66314
evaluation,1489,17287;10150;35218;20616;97071;39656;40464;94002;98364;15354
evaluation,1490,15709;16116;84858;22262;71470;45875;71330;72527;96246;27818
evaluation,1491,6554;14438;6542;8034;21650;13896;94410;6150;4863;7170
evaluation,1492,3828;22306;51894;31034;19372;9870;18636;98878;1462;1011
evaluation,1493,48503;58768;58944;64026;5330;53580;8302;30192;42790;89808
evaluation,1494,7356;63894;17963;49044;60140;26350;59734;76962;49788;48026
evaluation,1495,95082;95352;13614;61762;58471;36364;11262;24114;73044;49358
evaluation,1496,95318;14550;28528;75878;31216;87402;27124;6751;97218;54488
evaluation,1497,60356;46784;47908;3020;96308;46752;3668;13346;1788;47857
evaluation,1498,97462;32476;84834;86754;88748;97662;46752;93591;31510;8538
evaluation,1499,30536;28960;82350;96797;65370;82920;25420;25102;58388;82952
evaluation,1500,81840;90550;29108;89918;94877;15224;32300;41079;91970;21528
evaluation,1501,7198;40208;5598;2;52616;4638;73706;4740;32466;91352
evaluation,1502,87902;44794;19967;42716;89658;19767;42467;63346;89826;78994
evaluation,1503,54541;12740;34013;88676;27107;29858;50652;910;76628;94242
evaluation,1504,96857;35522;12079;71644;45596;35494;17056;56400;49572;92581
evaluation,1505,35544;35742;40608;9254;50944;18822;15970;50652;44930;22948
evaluation,1506,95318;31216;1034;12862;946;71240;26878;29186;51394;86574
evaluation,1507,75810;89125;3274;4934;16352;5112;55334;43850;38844;410
evaluation,1508,86378;13886;38112;18642;9738;17947;97920;93610;55590;56112
evaluation,1509,76764;24874;31202;90500;99284;61238;5498;5362;64552;84324
evaluation,1510,97806;97259;42736;28188;49986;99952;64986;68170;15386;17458
evaluation,1511,59364;48228;28492;13015;28278;58894;28332;18762;21516;43522
evaluation,1512,89506;69794;73908;70576;81382;71882;47618;75858;40286;21280
evaluation,1513,32226;7258;29496;54482;39084;71644;8604;33824;63404;88844
evaluation,1514,67668;37623;234;39322;92286;590;81485;43600;37964;300
evaluation,1515,64090;27672;21890;64068;1064;93448;64764;69322;4254;27412
evaluation,1516,4668;66866;42874;47299;71126;8280;85574;11586;96796;60
evaluation,1517,15709;16116;71470;22262;84858;71330;72527;28190;60955;96246
evaluation,1518,75810;89125;16352;4934;5112;66952;38844;11798;3274;38902
evaluation,1519,83168;11702;83094;55684;13696;89240;99539;62322;78164;88748
evaluation,1520,90119;94748;80338;87370;86754;51444;75208;4904;75354;59052
evaluation,1521,17368;50208;4099;7536;98094;43206;60282;44718;78164;92190
evaluation,1522,24874;83741;62110;89001;55576;97576;64986;99539;89240;23484
evaluation,1523,32160;34504;90720;99464;32120;72000;65370;82920;25126;16714
evaluation,1524,2078;55176;4086;55349;2836;1756;1144;11164;15970;69979
evaluation,1525,2430;24683;78392;28204;78214;81382;19336;19468;2212;6152
evaluation,1526,97510;50588;4494;48728;62364;62336;5508;622;40338;13608
evaluation,1527,82592;94877;58920;81840;50008;26810;89590;58322;49848;29108
evaluation,1528,86048;53958;84726;95352;11320;99060;429;4100;36532;12614
evaluation,1529,46300;16264;10454;46750;1322;86459;40286;81778;90013;47092
evaluation,1530,96857;64354;12079;35522;96934;35494;92581;45596;56400;71644
evaluation,1531,11684;1247;924;22356;9554;39624;39632;21098;21280;19280
evaluation,1532,94877;19828;52982;1398;1362;25786;21528;26810;81840;89808
evaluation,1533,32750;69106;68040;44266;74396;61266;44279;28900;91580;49234
evaluation,1534,59364;28492;13015;48228;28278;43522;28332;58894;58261;18762
evaluation,1535,15480;83598;71694;22568;83556;96056;89916;14544;45726;94560
evaluation,1536,87201;88972;64626;96484;90112;48333;8604;17056;43622;16493
evaluation,1537,98006;97959;99476;99516;35155;90534;58600;71126;5424;4594
evaluation,1538,93456;21650;8540;17770;13896;63434;2568;2398;19314;52596
evaluation,1539,93488;98094;23216;10646;94434;94748;91890;91918;75354;89917
evaluation,1540,71694;33556;24682;16278;724;69818;4169;10472;97124;7138
evaluation,1541,86378;13886;38112;18642;55590;9738;6150;94678;25578;93610
evaluation,1542,23870;37800;51546;50208;2734;11704;56742;24906;44823;81170
evaluation,1543,91918;91890;89917;89932;62912;3994;17819;80408;60592;92788
evaluation,1544,43512;86060;93372;86654;56728;90410;28988;50070;47430;24906
evaluation,1545,13068;18954;754;6767;48242;55916;2430;16493;18948;17486
evaluation,1546,75834;32734;76096;85394;76972;75844;43143;61746;34612;72758
evaluation,1547,35104;62228;3108;31715;21911;7064;49202;22412;74116;15210
evaluation,1548,44490;21528;81840;58920;94877;19828;90550;89808;32300;96238
evaluation,1549,4934;21652;96230;87898;26462;66952;26878;54572;28446;5112
evaluation,1550,4934;21652;66952;30288;11082;55752;11379;4262;42618;3074
evaluation,1551,4255;63598;41415;17778;45450;80777;94370;10300;45875;12558
evaluation,1552,3136;3306;47424;28188;49986;94146;4494;1422;20190;2790
evaluation,1553,81145;49986;90148;86754;94748;75354;98094;89917;81064;60592
evaluation,1554,61188;24906;71174;89240;16406;23484;83741;23870;99539;8276
evaluation,1555,58261;13015;6851;20022;28492;48228;28278;28332;59036;28032
evaluation,1556,57905;26316;35058;12412;4664;39403;16648;49774;76136;96444
evaluation,1557,44490;15824;40392;93610;2562;292;5090;88086;22500;244
evaluation,1558,99780;72579;23496;10540;69156;45470;34718;77445;52638;1788
evaluation,1559,79358;75062;85328;3576;3886;38920;58990;70131;25047;79646
evaluation,1560,55586;86754;63030;80658;94434;3918;90119;62912;75208;38960
evaluation,1561,62764;24043;27682;29872;46339;26960;51174;50812;39117;4031
evaluation,1562,65698;57410;71154;18581;44828;3670;85152;76268;34102;69356
evaluation,1563,75294;94846;80338;80408;12632;17819;2032;80638;34916;85110
evaluation,1564,23496;99780;17458;12632;9334;80338;13960;27338;11698;17819
evaluation,1565,19546;1310;62110;83741;30563;68332;62112;34838;75516;88748
evaluation,1566,60596;31370;14136;93591;75176;28188;31634;5862;62738;90119
evaluation,1567,3994;91890;6726;24806;91918;89917;12904;25168;33166;12632
evaluation,1568,12154;54544;21470;21971;27370;97111;612;78858;65717;24568
evaluation,1569,99498;104;47582;21852;15528;77252;92284;66022;36030;60188
evaluation,1570,18642;77702;29402;584;6886;76700;78568;22499;75794;86378
evaluation,1571,17368;81170;5487;32016;69878;62110;90476;40858;39640;78164
evaluation,1572,46132;22494;34376;90306;23380;71828;98194;97530;83741;60282
evaluation,1573,4086;81382;12715;94146;13076;6152;89506;1144;18320;98470
evaluation,1574,86628;10998;4699;21042;32716;15006;300;234;306;11600
evaluation,1575,90550;81840;94877;21528;96238;26810;64830;89008;7276;34232
evaluation,1576,14550;31216;95318;41474;10802;28528;51394;93654;14822;99654
evaluation,1577,65554;56474;60336;45450;59101;59898;19518;552;91864;41422
evaluation,1578,30528;17474;91242;53284;51520;59776;60586;52271;2668;35258
evaluation,1579,92190;12694;56742;17412;60282;83094;21636;4619;55576;69878
evaluation,1580,14992;64060;22902;35124;11346;4712;54482;86752;63380;46958
evaluation,1581,22718;46424;21320;83456;87714;46412;88296;51498;47490;87902
evaluation,1582,45454;67090;32020;45065;19767;1322;19967;81778;31080;46750
evaluation,1583,69801;32120;72000;1046;32160;31818;99464;22566;38706;26364
evaluation,1584,77368;77960;18262;15322;80668;97120;15266;42780;3136;62994
evaluation,1585,80840;14812;12558;30359;39403;21656;38345;22262;54788;3944
evaluation,1586,33196;28816;38680;259;60282;98588;46132;48048;88130;82728
evaluation,1587,60356;12632;34916;3020;94846;46784;17819;46752;1758;50746
evaluation,1588,41092;28376;37220;26744;37654;30134;36288;37554;93258;90614
evaluation,1589,16434;17022;25622;16166;30640;16176;59638;24650;24521;4474
evaluation,1590,46408;788;37476;6210;8712;53136;49396;4972;13068;4926
evaluation,1591,9520;72932;12846;31210;72095;4776;23124;79266;45026;87800
evaluation,1592,82592;94877;81840;96238;26994;90550;74256;21528;29108;26810
evaluation,1593,72940;84776;76210;86891;1155;73666;50290;11904;40208;120
evaluation,1594,71043;24686;62110;17102;39224;93372;74511;71174;76232;55576
evaluation,1595,89506;13084;73908;69794;71882;70576;23872;25018;76874;11684
evaluation,1596,71218;1756;9762;98470;2078;6224;86459;23558;81382;9312
evaluation,1597,60398;85698;282;702;27158;58212;40033;59750;32842;1160
evaluation,1598,15709;69708;68945;16116;60955;22262;5086;94242;70736;17382
evaluation,1599,72142;1384;62994;36385;6396;1268;82952;39220;80403;11032
evaluation,1600,18642;25578;86378;880;55590;656;93610;83966;6150;32222
evaluation,1601,33270;11678;5487;98194;39102;6194;39406;78164;87590;10276
evaluation,1602,19852;53357;54109;83840;83992;55388;18726;16080;4658;56024
evaluation,1603,924;97197;36854;1268;81382;48690;58261;48228;56766;19130
evaluation,1604,1060;44130;36010;17714;16452;3730;37067;70630;5272;98962
evaluation,1605,1912;1876;26316;35058;57905;1494;4664;84457;49774;23851
evaluation,1606,98588;38184;88130;38220;68404;38680;17756;259;43600;13574
evaluation,1607,38751;39168;48576;46528;43550;45004;76996;46252;49339;49070
evaluation,1608,9376;2134;65998;1162;68492;95865;10988;51786;19260;29616
evaluation,1609,94678;86378;22499;25578;18642;93610;81268;9738;584;6346
evaluation,1610,59432;63733;55450;97254;51174;72856;50812;63951;14780;50031
evaluation,1611,99498;98080;92158;120;102;88272;86891;47582;77252;88240
evaluation,1612,51174;46339;59432;92467;50812;81268;97254;5766;55450;2790
evaluation,1613,53428;47582;27842;65798;6180;36980;27462;42656;97374;17868
evaluation,1614,12350;8896;12406;14339;18344;92581;13070;21515;39509;11032
evaluation,1615,59364;48228;28492;58894;28278;13015;28332;88772;18762;43522
evaluation,1616,55334;28930;34856;43850;44730;29894;67530;89125;75810;85308
evaluation,1617,14686;18364;74196;71694;90146;22144;22568;36917;64510;13890
evaluation,1618,99498;47582;102;98080;120;86510;54396;86891;92158;104
evaluation,1619,36030;24259;20055;12740;29068;44656;80942;66022;17382;47582
evaluation,1620,32476;97662;39576;39640;99538;86754;97462;7536;32294;84240
evaluation,1621,72579;99780;23496;10540;69156;45470;1788;468;77445;34718
evaluation,1622,90452;50031;55388;46339;9952;28456;4416;97254;50439;66772
evaluation,1623,44828;40364;22584;13182;64051;24616;41432;31132;33748;5362
evaluation,1624,73307;73438;71404;57543;73590;73644;8436;73098;49994;9124
evaluation,1625,30436;45791;11092;5375;51894;20866;11162;22780;3792;58558
evaluation,1626,56474;59101;60336;45450;18803;65554;44742;44732;59898;7108
evaluation,1627,92036;41422;86723;47018;340;36044;63880;85584;36094;47098
evaluation,1628,35922;16914;35836;61528;16622;16128;12290;45339;42790;15846
evaluation,1629,55576;24874;17368;83741;472;78164;39640;76764;64552;88526
evaluation,1630,12632;13892;3020;98210;11780;13252;12904;5920;93591;16940
evaluation,1631,18642;6150;78568;94678;29402;880;86378;6930;22499;77702
evaluation,1632,46300;13766;46750;88461;57962;10454;27230;2552;1424;1442
evaluation,1633,14544;7150;51572;22568;18868;26738;12347;24208;97108;23196
evaluation,1634,10116;50439;81268;49614;36258;74642;47200;39578;50031;31132
evaluation,1635,21528;44490;81840;94877;90550;62182;26810;8772;95414;97440
evaluation,1636,57543;73307;71404;73644;73438;73418;73590;73098;8436;23752
evaluation,1637,82952;72142;82350;1384;36385;85044;35854;57232;56370;95586
evaluation,1638,78930;96603;76453;90534;58484;81074;65880;32734;69164;75834
evaluation,1639,66098;55450;97920;50812;29872;56161;51174;59432;81268;72526
evaluation,1640,9531;64510;1094;94146;12248;19912;7498;5610;47424;44046
evaluation,1641,1268;87516;54086;36917;724;64658;22292;84206;37282;17468
evaluation,1642,96857;32416;12079;35522;92581;71644;39084;21964;35494;49572
evaluation,1643,2906;3108;99060;7088;7552;79621;7746;80264;26955;5814
evaluation,1644,9376;2134;68492;65998;10988;1162;6296;8360;51786;95865
evaluation,1645,10116;49614;31132;9108;78702;80119;41472;85112;59102;50439
evaluation,1646,21022;88238;43462;97210;7276;9846;45170;76802;37106;21911
evaluation,1647,44490;62580;244;1843;22252;40635;43749;94877;74599;10408
evaluation,1648,43918;95352;53274;95082;24114;41060;14902;59770;24690;42394
evaluation,1649,64750;83276;65656;63649;83502;64404;68842;32788;29594;14550
evaluation,1650,95318;50941;3518;63598;50868;15520;14550;30028;31216;17014
evaluation,1651,34212;9182;3128;72643;10422;77306;10156;30957;7642;8896
evaluation,1652,84206;74328;22144;17784;47562;36888;724;38928;87516;92670
evaluation,1653,83168;11702;83094;88748;17368;89240;39936;90635;99539;39843
evaluation,1654,52327;72499;63346;57390;53884;93258;57302;44794;42716;78994
evaluation,1655,17368;69878;62110;32016;32294;81170;5487;39640;55576;78164
evaluation,1656,12148;3702;69264;54538;12422;31950;31850;29184;30376;53058
evaluation,1657,71154;99284;70680;44067;13182;33748;64051;5498;33222;98194
evaluation,1658,88569;4116;10748;93206;47098;47012;45486;48176;5748;19002
evaluation,1659,28260;76333;91988;34091;14064;17546;91783;60465;24758;86956
evaluation,1660,18310;17623;18700;15552;15586;79546;27224;15604;36200;58768
evaluation,1661,21046;62580;11904;244;19336;55338;19468;52526;20210;21098
evaluation,1662,99476;99516;97959;98006;93036;2068;42952;180;96603;77378
evaluation,1663,72686;3662;63085;4020;12322;38092;35836;58684;17824;49324
evaluation,1664,90764;31368;81833;86891;54396;86548;4428;40910;12134;31945
evaluation,1665,82216;87388;86600;86723;53332;36094;9592;4118;53286;406
evaluation,1666,7989;7762;13500;10920;73722;48392;4416;9332;94241;5040
evaluation,1667,18238;88267;26000;82216;8006;36094;75910;9838;16728;75952
evaluation,1668,65198;89798;98702;90013;69836;4688;98166;19742;98476;13766
evaluation,1669,3378;36900;4176;910;12202;11106;29734;13496;26240;68688
evaluation,1670,22499;19264;19206;19146;13886;86378;26412;9738;25578;18642
evaluation,1671,97452;93114;27076;57048;29402;96404;30248;58146;72458;27124
evaluation,1672,90119;59052;55502;94434;87370;29410;13598;99582;94748;39418
evaluation,1673,67104;39314;68590;69606;38887;69636;27107;53566;10052;66774
evaluation,1674,64510;12786;14686;5988;90146;20130;772;89151;76353;20774
evaluation,1675,10506;9050;63486;97790;9888;49339;9946;29830;124;21260
evaluation,1676,76996;102;12572;77730;63498;267;20120;126;10578;46462
evaluation,1677,25622;16434;17022;16166;30640;16176;24650;24521;59638;63404
evaluation,1678,61043;11133;9602;2358;44540;15184;9526;37580;10052;48333
evaluation,1679,62580;79822;21046;11904;19336;52526;244;16044;20210;8074
evaluation,1680,33556;97124;53058;60336;26744;91026;70642;56044;67659;53056
evaluation,1681,79807;98946;50771;99234;88595;32958;86446;30244;39196;79485
evaluation,1682,26434;52700;86618;86580;67262;86781;90028;20814;91852;11288
evaluation,1683,28960;30536;65370;32160;32120;82350;90720;32356;89894;32384
evaluation,1684,69979;74949;96484;3462;51572;55412;17438;41162;99709;80668
evaluation,1685,12512;3404;2835;2762;6558;98731;3264;3040;11346;3702
evaluation,1686,15709;71470;84858;22262;16116;71330;78760;87576;72527;28190
evaluation,1687,89808;19828;52982;25786;7724;93094;31162;49848;8138;26994
evaluation,1688,28188;62764;24043;31790;2790;74599;50812;19961;51802;98572
evaluation,1689,89808;25786;19828;52982;93094;49848;7724;26810;50008;92461
evaluation,1690,28188;57876;97806;97259;8451;49986;20130;94570;99952;11694
evaluation,1691,77109;36304;80810;87297;44194;24679;62466;67992;45688;7226
evaluation,1692,22144;23470;19132;5628;76769;18780;38928;11084;92670;51568
evaluation,1693,724;1268;49174;87516;84206;46241;17956;21788;27682;81382
evaluation,1694,96484;69979;74949;2078;1144;24102;32120;80668;55176;3462
evaluation,1695,91852;67262;4960;96150;5570;9106;11528;91783;17004;9696
evaluation,1696,7989;7762;13500;13986;5040;10920;48392;9332;94241;5020
evaluation,1697,69264;12148;53058;54538;12422;3702;64716;29184;30376;31950
evaluation,1698,46339;24043;62764;92467;26960;5766;27682;66098;68842;97254
evaluation,1699,52066;22550;22128;10998;13335;22872;76962;23915;17963;86628
evaluation,1700,89042;420;88986;95330;43131;8724;34556;58322;45004;7348
evaluation,1701,58732;68078;70642;54788;72718;60336;59898;74222;40280;69394
evaluation,1702,14550;31216;95318;14822;41474;10802;28528;51394;40478;99654
evaluation,1703,2500;90605;496;3462;1330;32754;10472;10528;14544;7504
evaluation,1704,16044;50738;223;92286;244;38680;66052;81948;89834;79822
evaluation,1705,12042;46604;10180;9512;51164;49326;41422;550;14274;44260
evaluation,1706,71866;77402;50548;74396;69106;12992;70131;79646;14072;31035
evaluation,1707,55450;51564;97920;81268;66098;56112;76880;56161;62162;29872
evaluation,1708,10116;49614;9108;41472;78702;59102;31132;50439;51862;71824
evaluation,1709,19132;5628;23470;19850;18780;35490;39008;19254;22144;19576
evaluation,1710,81382;16600;13076;12715;6152;28032;55964;94146;4086;1756
evaluation,1711,13068;754;48242;512;18954;24652;2430;3493;45460;70068
evaluation,1712,89808;19828;25786;52982;92461;92826;7724;93094;26810;49848
evaluation,1713,98492;6324;14062;91580;30904;32750;11756;70214;56930;50218
evaluation,1714,82216;29400;87388;57468;32734;86600;36094;33736;11996;23744
evaluation,1715,63434;17502;39214;19314;8990;17770;10872;19034;11166;9826
evaluation,1716,47302;4062;29747;93236;9826;55268;99806;2344;84276;80403
evaluation,1717,23870;472;17724;64552;83614;84901;8333;14038;19208;49413
evaluation,1718,17458;44592;28188;97259;31318;90119;66101;25354;14726;63290
evaluation,1719,724;49174;58728;15480;90605;1268;42260;6662;2500;36917
evaluation,1720,93798;86180;90350;6536;94732;8550;88461;3264;85434;59096
evaluation,1721,19742;68178;28118;16948;8786;15368;19968;27694;96797;4688
evaluation,1722,89808;19828;25786;52982;92461;7724;92826;93094;26810;49848
evaluation,1723,41060;7370;10316;16210;59734;1200;24114;14902;8760;90814
evaluation,1724,33016;33522;22009;7451;22844;87520;49252;30656;59410;87120
evaluation,1725,43768;42836;21420;30848;85218;83966;3742;42090;4728;3608
evaluation,1726,23214;74808;42736;17458;12632;97259;97806;28754;28691;13892
evaluation,1727,3104;19714;81688;115;29788;56168;38090;51576;2080;39006
evaluation,1728,36984;20108;30285;55930;63910;79516;69356;6136;48589;44067
evaluation,1729,32750;6324;68040;36304;39286;44266;70288;44279;61266;3248
evaluation,1730,4031;82110;15716;158;31042;51647;1162;5676;82728;48454
evaluation,1731,26434;52700;86781;44055;5656;9960;86580;86618;11288;67262
evaluation,1732,87336;30244;79485;98946;88595;99234;50771;79807;32958;3346
evaluation,1733,2068;25392;74995;76354;89042;99008;96603;57182;33540;99165
evaluation,1734,91783;96150;10887;6406;76932;53292;77720;74800;4946;41287
evaluation,1735,17502;63434;39214;19314;6614;40054;69758;10872;97294;25354
evaluation,1736,29747;34536;78846;46994;724;20424;64688;66098;49382;32918
evaluation,1737,91580;69106;22282;50070;99564;28148;66098;48264;99020;39286
evaluation,1738,9334;1202;77445;41472;99780;23496;30378;8231;65392;65444
evaluation,1739,29872;51802;1695;55450;97920;98572;59432;39117;5714;38112
evaluation,1740,66098;97920;55450;59432;38112;56161;76880;51564;29872;51174
evaluation,1741,2790;89944;98492;5766;31736;98572;51802;28393;75452;9168
evaluation,1742,94732;90350;6536;98636;90614;86180;88461;87710;8550;81046
evaluation,1743,2430;78392;24683;30942;2212;78214;77496;2195;13976;5450
evaluation,1744,20006;83598;83556;63450;62944;99681;2500;90605;69238;89916
evaluation,1745,724;69818;45726;49174;1268;90146;22568;69662;15480;23790
evaluation,1746,82520;80668;7504;6006;16027;5895;27818;14544;13116;12347
evaluation,1747,73231;21712;32510;45526;1998;49056;43194;19130;3596;58320
evaluation,1748,21362;2047;77960;88296;77368;97120;84162;16044;46412;7048
evaluation,1749,96230;87898;4934;82456;38333;21652;6751;26878;26739;38178
evaluation,1750,95318;31216;1034;946;12862;71240;86574;29186;26878;8702
evaluation,1751,88748;75516;58618;62110;99539;4708;32016;89240;97576;71174
evaluation,1752,90452;51174;55450;81268;50812;63733;59432;50031;62162;72856
evaluation,1753,19767;81428;81778;19967;40286;6894;6994;33332;98166;47092
evaluation,1754,2790;5766;89944;89480;92467;10116;1524;61238;3886;8134
evaluation,1755,26018;46112;29028;12;74672;27150;28054;22599;49080;8158
evaluation,1756,94322;6868;94146;6420;6824;16600;6851;14150;8854;3306
evaluation,1757,92856;86597;61945;5656;95621;8008;81496;19578;86618;6931
evaluation,1758,97636;98262;48610;2654;772;18775;56414;7048;12786;90605
evaluation,1759,28376;53058;41092;37654;37220;53056;36288;90614;684;37554
evaluation,1760,18184;55940;57410;6086;20427;48589;7386;56882;83614;22982
evaluation,1761,94954;54010;97389;38334;32080;36600;85998;56160;25047;99564
evaluation,1762,84340;85667;79576;85087;67979;23770;32160;69562;84776;49396
evaluation,1763,28759;91582;9644;71832;43512;73778;39854;78652;61266;99938
evaluation,1764,13276;16493;18948;15876;18532;18368;23078;17864;15053;71644
evaluation,1765,97577;78846;13064;89480;5766;24063;61530;98194;23870;76880
evaluation,1766,40802;3832;56936;18880;3307;1476;9184;1322;22718;32026
evaluation,1767,724;1268;49174;84206;87516;772;24682;78854;21788;6824
evaluation,1768,50218;6324;32750;70288;39286;44266;44279;89899;28148;47806
evaluation,1769,13302;80784;5607;8578;36348;9378;51684;6180;19128;90046
evaluation,1770,5259;24850;82067;46296;36900;90;43760;20055;7298;51104
evaluation,1771,71690;6056;88896;22087;5380;99384;53428;19380;52054;91992
evaluation,1772,598;58212;76286;47642;16448;13534;87106;25354;27996;94290
evaluation,1773,13068;754;512;48242;18954;70068;2430;24652;6767;45460
evaluation,1774,598;13534;58212;24486;46408;25722;96238;8578;96056;18726
evaluation,1775,90350;98636;90614;98731;93798;94732;86180;98700;3264;64716
evaluation,1776,94304;39220;65998;74382;67244;43012;8322;92286;27940;66314
evaluation,1777,32750;50218;6324;70288;44266;44279;39286;11756;89899;91580
evaluation,1778,89944;13304;87297;7762;5040;77109;36304;1695;7536;47720
evaluation,1779,54052;30642;32160;42314;96797;82350;28118;27694;34504;32270
evaluation,1780,36804;65974;47926;95268;43625;63336;22567;87134;32916;81328
evaluation,1781,47754;91026;90942;522;15464;56505;97124;53056;13712;41092
evaluation,1782,19768;39509;34496;32754;21515;496;24208;29956;4819;24102
evaluation,1783,18206;96484;30232;42030;13534;46612;36545;5510;87106;26528
evaluation,1784,598;13534;58212;39831;64510;25722;8136;54541;54764;14152
evaluation,1785,4934;40440;30376;14550;56998;52504;95318;41516;28196;38928
evaluation,1786,93120;36387;72579;45470;59558;69536;19542;68330;39486;26470
evaluation,1787,45068;28900;3248;91580;17412;75118;3886;99324;9932;26550
evaluation,1788,44266;11756;91580;74396;44279;28972;69106;7226;10062;9928
evaluation,1789,37356;21362;89352;62213;85376;88342;47302;62312;32554;48728
evaluation,1790,55964;14366;83702;14150;40779;53536;3110;76234;40826;24652
evaluation,1791,6931;49196;15970;9064;2078;1756;9254;2836;16114;95621
evaluation,1792,99538;89838;7536;88526;50208;69878;62246;68332;83398;22494
evaluation,1793,39816;59257;42076;28684;84162;3307;30758;44770;55686;40494
evaluation,1794,34536;62764;40254;83264;24490;35014;88014;31850;85706;16710
evaluation,1795,66098;51564;76880;95865;97920;81268;56112;74642;56161;4492
evaluation,1796,93120;36387;72579;45470;59558;68330;69536;2144;19542;39486
evaluation,1797,97294;80810;68042;89899;28900;37228;39220;4416;47806;32750
evaluation,1798,28900;97294;80810;68042;44194;89899;32750;85328;70214;70288
evaluation,1799,32016;89838;97312;47950;22494;69878;39419;48106;56258;24980
evaluation,1800,5844;98853;82682;17052;1342;66765;85552;15419;17632;56460
evaluation,1801,98376;90119;89932;93591;80408;89917;75354;632;75176;80338
evaluation,1802,38751;39168;91902;48576;46528;45004;49070;46252;47934;76996
evaluation,1803,82216;87388;86600;86723;53332;36094;9592;4118;53286;406
evaluation,1804,96857;2430;21964;38750;35522;58728;8604;63404;18948;97452
evaluation,1805,55450;89944;97920;29872;1695;5766;97577;38112;24043;18018
evaluation,1806,12764;21911;6224;97210;2407;22262;7064;7138;32264;7276
evaluation,1807,99796;392;65981;49848;50008;31162;8044;67048;73493;3110
evaluation,1808,95885;8402;87698;8888;36412;5382;12918;48416;31175;72940
evaluation,1809,76764;75516;39419;83398;39640;88748;31510;99538;68332;69878
evaluation,1810,99952;97806;97259;42736;96876;10620;38345;39403;1148;39694
evaluation,1811,41472;22893;9334;30378;23496;13182;65444;26052;64492;83326
evaluation,1812,14402;73882;46496;17160;27482;1366;31627;24758;5572;29710
evaluation,1813,93456;1118;21650;69432;20400;9100;5238;71106;26412;54878
evaluation,1814,17368;36918;50208;97576;92190;60282;46006;88526;43206;81270
evaluation,1815,97294;89899;80810;32750;68042;55590;44194;880;75794;27266
evaluation,1816,65444;79516;5490;65392;83412;5464;65562;33820;17724;71418
evaluation,1817,62466;77109;40276;81085;87297;36304;47720;22808;87648;24679
evaluation,1818,93456;1118;8796;21650;2570;13000;13630;2290;13368;11108
evaluation,1819,99538;68332;89838;62246;24686;68296;7536;88526;39576;75516
evaluation,1820,90720;78402;32160;34504;72000;99464;31392;32120;13023;13540
evaluation,1821,41092;28376;36288;37220;37654;15528;93258;26744;32704;63346
evaluation,1822,25622;16434;17022;16166;30640;16176;24650;59638;14440;14035
evaluation,1823,96804;33030;11808;2796;52656;20424;43308;19456;18780;18726
evaluation,1824,87516;724;49174;53058;15480;7138;78854;1268;2026;17508
evaluation,1825,65974;81328;47926;83820;36804;32916;22567;63336;43625;68114
evaluation,1826,88526;62112;68332;55930;6136;17368;69356;83741;63910;68296
evaluation,1827,93772;97662;97576;56258;68332;88748;34160;39640;89838;32476
evaluation,1828,9334;77445;41472;99780;23496;1202;10540;65444;30378;65392
evaluation,1829,89838;6800;22184;8108;62246;69878;24980;22494;62110;97312
evaluation,1830,5487;83966;80664;6930;25578;85218;42836;40858;7191;7316
evaluation,1831,91322;40184;66022;33608;65426;73112;39488;12154;56474;29068
evaluation,1832,541;24850;24806;52650;80987;51950;5428;5112;1444;53030
evaluation,1833,56930;37636;87297;85998;97389;36304;40276;45688;48154;44266
evaluation,1834,93456;6648;98835;8264;8796;8190;6554;10872;54878;21650
evaluation,1835,39224;32422;26692;98136;29596;27386;3646;94304;1268;29858
evaluation,1836,77960;21362;85376;77368;2047;97120;522;16044;59667;84162
evaluation,1837,69246;6086;25958;4372;4536;94290;2014;20014;61266;31412
evaluation,1838,89899;32750;69106;21694;44266;10062;44279;9928;47806;71866
evaluation,1839,56930;37636;32080;87297;36304;44279;44266;97389;48154;44194
evaluation,1840,32016;97312;47950;48106;99538;68332;22494;39419;89838;55576
evaluation,1841,4614;15205;31174;33560;10392;1094;46837;20210;46952;96822
evaluation,1842,21362;2047;97120;3307;29674;39509;16044;24581;39462;88296
evaluation,1843,88748;75516;99539;83398;39419;11702;89240;76764;63862;31510
evaluation,1844,32016;89838;97312;22494;47950;69878;39419;83741;48106;24980
evaluation,1845,71174;62110;99539;24686;58618;63862;32016;89240;62246;88748
evaluation,1846,1268;724;49174;84206;81382;87516;772;1240;3678;44770
evaluation,1847,59257;39816;42076;32026;40494;90013;28684;3307;98166;13766
evaluation,1848,24043;62764;94954;98572;31790;48140;39382;19961;50812;41854
evaluation,1849,93456;19314;19034;15268;63434;8796;13368;23594;25354;54878
evaluation,1850,32016;47950;97312;89838;56258;69196;22494;39419;68332;24940
evaluation,1851,68332;75516;68296;76764;39419;83741;83398;88748;62246;51546
evaluation,1852,22512;80264;54890;34154;61524;48080;6542;79390;11530;25168
evaluation,1853,43512;27251;52054;1148;25514;64312;21526;90602;49838;7696
evaluation,1854,33030;52656;47619;13714;1360;30248;56028;94092;29126;20424
evaluation,1855,7019;654;300;10316;5658;24690;66314;94616;32716;4030
evaluation,1856,97576;46132;89838;22494;62112;68332;97312;88748;99539;32016
evaluation,1857,19638;15356;88114;16438;86078;85162;16558;27224;368;65488
evaluation,1858,6648;93456;54878;98835;26798;6542;14447;15836;47308;79076
evaluation,1859,92994;69758;39214;92198;92192;66602;9270;90694;18728;16208
evaluation,1860,37636;56930;36304;44279;87297;32554;44266;45688;73722;85998
evaluation,1861,89838;99538;97312;69878;17102;62246;32016;2314;62110;68332
evaluation,1862,68042;97294;89899;70214;32750;28900;70498;70288;67610;37636
evaluation,1863,88526;68332;68296;89838;17368;83741;39419;62246;24906;62112
evaluation,1864,28960;96797;30536;58388;82350;65370;25102;67836;89894;85884
evaluation,1865,90046;89125;82456;15612;26556;70237;52054;6511;32716;34320
evaluation,1866,46804;22587;52266;65581;33416;59702;22122;7914;42122;40608
evaluation,1867,4934;21652;18590;5112;26556;85308;66952;26090;11082;22587
evaluation,1868,14995;73366;2;39072;15512;7198;37328;75582;72828;8158
evaluation,1869,33074;34320;34628;73112;97111;73044;27370;612;78232;86870
evaluation,1870,99796;65981;73493;19828;93312;50008;31162;62364;49848;58471
evaluation,1871,3730;27370;44130;33038;36010;14828;1060;37067;16452;76816
evaluation,1872,86510;61020;5086;46528;47748;13018;29880;41450;54118;29400
evaluation,1873,44296;40228;57514;88676;46612;54895;11374;10643;3314;37220
evaluation,1874,3792;99678;92656;354;67552;20302;8912;43054;15942;48752
evaluation,1875,496;1330;2500;13514;3462;90605;13116;7504;32754;15480
evaluation,1876,26592;11958;49880;5375;19040;874;10264;19524;1836;22100
evaluation,1877,94732;6536;93798;90350;86180;3264;69263;59096;12422;33328
evaluation,1878,19852;16080;72458;18792;19576;18726;31550;20936;53357;56024
evaluation,1879,19336;19468;34010;1247;21098;34794;11684;55652;19280;70906
evaluation,1880,21788;89798;18364;69836;13016;90013;37602;7636;7412;35124
evaluation,1881,62246;97662;89838;93772;39640;68332;6228;88748;68296;22494
evaluation,1882,45102;53198;46160;59130;60650;46868;50290;71882;22346;73908
evaluation,1883,26960;38960;41854;62764;81268;59432;90452;80509;44586;74599
evaluation,1884,29872;55450;1695;39117;51802;38112;18018;97920;39401;50812
evaluation,1885,88526;68332;62112;24906;83741;48050;68296;97312;6136;62246
evaluation,1886,84520;69488;45450;48952;58322;26136;28510;32874;68698;45228
evaluation,1887,93672;5382;11974;8016;30070;45046;59986;2062;9398;10392
evaluation,1888,90150;41422;72686;97284;73493;9726;35258;39730;99796;8044
evaluation,1889,49324;83592;61528;7391;12322;4020;35836;3662;10768;7980
evaluation,1890,75516;99538;39640;76764;39576;46748;41068;17368;69878;32294
evaluation,1891,91580;6324;50218;44279;32750;44266;68040;11756;71866;14062
evaluation,1892,39640;99538;75516;76764;39576;97662;32294;93772;46748;94214
evaluation,1893,97294;68042;32750;89899;56930;44194;47806;80810;28900;36304
evaluation,1894,97662;56258;68332;93772;68296;88748;62112;39576;48050;97576
evaluation,1895,788;6210;8712;46408;49396;14171;37476;53136;13068;78928
evaluation,1896,89808;52982;19828;31162;7724;93094;25786;49848;16420;16952
evaluation,1897,8814;75920;71710;75128;102;49339;71492;46000;36814;51290
evaluation,1898,93456;19034;5238;67449;1118;48392;13368;69432;4416;13000
evaluation,1899,74836;684;26744;28376;37220;47490;75858;16278;36288;37554
evaluation,1900,97124;33556;60336;67659;53056;28376;3314;26744;41092;13958
evaluation,1901,62044;75464;17458;6598;18320;31318;26104;5946;98262;14262
evaluation,1902,46132;34838;83094;88526;49499;47902;62112;34160;47896;30563
evaluation,1903,60356;46784;46752;3020;3668;61806;13892;96308;47908;1205
evaluation,1904,93591;90119;89932;87370;98376;2652;98210;80408;17819;97462
evaluation,1905,1088;60282;13696;89240;97576;89001;99539;71043;68296;11702
evaluation,1906,83598;2500;83556;89852;63864;20006;87106;19768;92354;3462
evaluation,1907,89932;98376;93591;90119;89917;75354;80408;86754;98210;80338
evaluation,1908,38964;45470;93120;26470;35299;38008;72579;24498;36387;30848
evaluation,1909,71174;24906;16406;61188;23484;24940;24686;24901;23870;83741
evaluation,1910,63434;17502;19314;19034;11166;55587;39214;8990;97294;6690
evaluation,1911,29872;51802;97920;98572;1695;55450;59432;5714;1524;38112
evaluation,1912,93456;1118;19034;14592;21650;6648;13986;27886;13368;2570
evaluation,1913,28376;41092;36288;37220;37654;26744;30134;37554;53058;53056
evaluation,1914,39640;55576;78164;17368;97662;99538;75516;39576;90476;81170
evaluation,1915,496;2500;90605;1330;7504;3462;18868;15480;13116;23030
evaluation,1916,10198;11808;14216;66772;56674;3702;76769;13726;92854;4628
evaluation,1917,46748;39640;76764;75516;99538;41068;47950;48666;26842;32646
evaluation,1918,58894;15184;72057;10052;71234;10176;78204;6635;46878;6366
evaluation,1919,11678;33270;6026;64940;33747;17976;9324;25398;10637;77445
evaluation,1920,59130;53198;45102;60650;46160;50290;46868;89506;46840;62322
evaluation,1921,17502;63434;39214;10872;5862;41536;6614;6542;69758;40054
evaluation,1922,76764;55930;63910;65444;472;23870;24686;64552;16406;90500
evaluation,1923,89536;17486;24652;45460;78936;42458;3646;96238;2430;6767
evaluation,1924,55930;9293;34102;50900;80338;98194;63910;33270;64940;69550
evaluation,1925,96876;23702;90119;2652;22666;98072;62428;39296;93591;91918
evaluation,1926,552;60336;30508;17778;65554;5042;3015;91864;99302;19518
evaluation,1927,94304;82728;43069;90786;68060;67244;96238;5192;43012;22902
evaluation,1928,51802;98572;22012;52452;71876;22090;21028;57078;97920;31790
evaluation,1929,97124;33556;53058;574;30134;36900;32871;39660;15464;42194
evaluation,1930,93772;68332;68296;24906;88748;56258;60282;83741;99538;89838
evaluation,1931,82350;65370;30536;32356;28960;30642;25126;58388;54052;96797
evaluation,1932,94877;81840;90550;19828;89808;52982;31162;29108;25786;21528
evaluation,1933,49252;2955;5172;5228;5130;74424;5159;76492;27090;762
evaluation,1934,58898;97210;45072;57502;60188;20424;14206;62764;58172;40208
evaluation,1935,55576;99539;18706;78164;83094;90476;17368;83168;32016;89240
evaluation,1936,35258;53284;35155;27616;43054;32734;61746;12856;75834;97284
evaluation,1937,27664;98264;96986;25578;14099;25976;98339;85218;83966;83088
evaluation,1938,46928;2092;51792;41902;16448;34794;5259;10424;5630;11070
evaluation,1939,89917;91918;91890;75354;89932;86754;94748;96876;94434;60592
evaluation,1940,28188;57876;8032;65698;99780;28970;29590;16778;42736;23632
evaluation,1941,32016;89838;97576;5536;83741;47950;97312;62684;62246;69878
evaluation,1942,37654;41092;26744;28376;53056;57514;64716;36288;53058;97124
evaluation,1943,55388;53357;69662;18792;66772;19852;58990;54109;18775;49302
evaluation,1944,73908;89506;41233;11960;148;69794;85936;88358;4963;71882
evaluation,1945,49202;90532;92244;58920;95727;90550;89340;49848;86950;91970
evaluation,1946,91970;82592;67048;99796;65981;76333;77982;25424;17546;5212
evaluation,1947,28816;60251;3174;65646;11666;85667;68492;9606;84340;54282
evaluation,1948,18190;39318;1160;59592;15102;60048;258;90786;60440;39828
evaluation,1949,45102;46160;53198;60650;59130;46868;50290;71882;22346;99374
evaluation,1950,76769;2660;44770;86459;48690;92854;28032;18814;5946;16644
evaluation,1951,35544;35742;40608;9254;44930;36072;15970;9750;10422;41492
evaluation,1952,76769;2660;44770;86459;48690;92854;28032;18814;18896;81382
evaluation,1953,17819;85110;57338;9108;85388;75354;28694;2190;41472;80338
evaluation,1954,24486;59164;35124;12740;41768;22902;910;61562;17382;66022
evaluation,1955,42458;94646;9308;65354;54010;6767;28064;75704;29514;17486
evaluation,1956,69878;99284;32646;83741;89252;32642;32016;33748;48486;51294
evaluation,1957,91890;91918;89917;89932;94570;86754;75354;80638;94434;75208
evaluation,1958,41010;43625;36804;19274;47926;68114;46616;32452;71082;24782
evaluation,1959,4688;90013;65198;89798;69836;98702;98166;19742;98476;40494
evaluation,1960,13068;754;512;48242;18954;6767;24652;2430;17562;45460
evaluation,1961,37654;41092;28376;53056;26744;57514;97124;64716;36288;53058
evaluation,1962,96146;72456;88296;1442;1424;74836;47490;40286;1322;7114
evaluation,1963,41450;41018;41287;41792;58684;58558;41565;41378;41660;36094
evaluation,1964,91918;91890;89917;89932;86754;90148;75354;80408;94748;75176
evaluation,1965,91918;91890;89917;89932;86754;90148;75354;80408;75176;94748
evaluation,1966,39820;13084;1094;48690;76874;87106;980;3174;3062;55652
evaluation,1967,93610;75208;27910;12840;25168;75176;6450;94748;6668;26664
evaluation,1968,44490;7290;1460;1459;62580;23118;62182;3738;74382;392
evaluation,1969,50290;46868;59130;45102;53198;60650;46160;46840;89506;13703
evaluation,1970,60356;46784;46752;34916;15182;94846;1758;3020;59638;1788
evaluation,1971,91918;12632;91890;17819;94846;81064;89917;13892;4099;94570
evaluation,1972,63500;19576;36172;53766;11468;47302;63692;35490;43069;18780
evaluation,1973,69626;11580;164;76886;30232;20424;87554;66928;26720;35462
evaluation,1974,62764;34536;24043;40254;35014;85706;24490;83264;88014;35968
evaluation,1975,2774;94560;57048;96056;68487;74260;4628;34454;46516;96854
evaluation,1976,15709;84858;16116;22262;71470;71330;82952;72527;87576;60955
evaluation,1977,80398;99466;3032;7452;8164;79218;10933;20386;96822;17876
evaluation,1978,17368;62246;32016;82716;97576;48050;68332;89240;56424;62112
evaluation,1979,86224;4708;83398;64986;39576;24940;78164;97530;97312;13288
evaluation,1980,98072;98094;98376;98210;90148;86754;91918;32750;84240;91890
evaluation,1981,76536;94002;7326;15354;58920;95414;31368;13504;23404;10223
evaluation,1982,90148;98072;98094;13252;89917;5920;84240;60592;75176;98376
evaluation,1983,10116;55450;92467;5080;72856;16374;8518;59432;74642;81268
evaluation,1984,76738;34576;30688;30166;2526;57182;98946;71788;57164;88986
evaluation,1985,214;26077;1852;81688;52030;552;51743;40128;79028;39656
evaluation,1986,53284;35258;27616;51208;20616;35155;61746;34814;7618;75834
evaluation,1987,18640;18352;53332;95623;87388;36532;34716;33882;3828;25830
evaluation,1988,47754;90942;91026;13712;53056;46516;76628;93744;65568;74024
evaluation,1989,25144;35830;2608;24806;52444;56613;13198;22403;46494;40184
evaluation,1990,9310;78652;64918;43512;8982;25398;90602;12738;9293;6026
evaluation,1991,97462;32476;32294;89838;35884;39576;97662;56258;24686;62246
evaluation,1992,59130;53198;45102;60650;46160;46868;50290;46696;89130;84324
evaluation,1993,97577;21028;85107;16710;22282;19961;40254;6202;24043;2652
evaluation,1994,9310;8982;9293;64918;12738;25398;78652;62796;64320;84901
evaluation,1995,67104;39314;68590;24154;96394;71824;69606;13360;69636;8524
evaluation,1996,2734;81170;17368;21096;16086;13182;5490;17724;75410;76460
evaluation,1997,49396;8828;53136;67979;79576;37476;69562;38972;95885;38338
evaluation,1998,28816;980;1094;9606;37832;83702;49302;2648;38680;19676
evaluation,1999,95769;99472;81768;44768;55658;81338;21526;78164;20662;55576
evaluation,2000,68332;47950;30563;32476;62684;97462;56258;55930;62246;68296
evaluation,2001,71043;62110;63862;74511;88748;99539;89240;23484;39843;17102
evaluation,2002,93120;38964;77464;45470;36387;93310;23214;10540;50190;72579
evaluation,2003,41474;97838;99224;99123;53428;12154;35592;20098;11712;81338
evaluation,2004,71671;62182;94877;62580;21528;244;8772;44490;25786;8846
evaluation,2005,39006;532;19714;3104;23804;3234;39657;588;19772;19562
evaluation,2006,90635;88526;99539;62112;24906;13696;39576;71174;78164;7386
evaluation,2007,88748;76764;83398;75516;39419;78164;4708;39576;39640;68332
evaluation,2008,91918;91890;89917;89932;75354;86754;94748;84240;96876;90148
evaluation,2009,9310;8982;9293;12738;64918;78652;64320;25398;62796;84901
evaluation,2010,9334;57920;5490;66560;22893;13182;12884;41472;15282;64492
evaluation,2011,81485;11600;7019;4699;32716;37373;300;8322;21042;15006
evaluation,2012,68248;76234;84660;68916;48216;47618;26364;19336;19468;85578
evaluation,2013,36030;62213;19922;48420;22902;71406;10052;21042;32444;68945
evaluation,2014,77034;1276;68562;4255;39196;1000;81038;88836;26309;60336
evaluation,2015,7386;39224;71174;98312;71043;89240;55658;56728;24686;86224
evaluation,2016,25668;84576;64552;97530;61238;22886;41943;90602;40772;7386
evaluation,2017,64986;11702;62112;7386;97530;83741;88748;39936;13696;39105
evaluation,2018,9940;30508;10156;57164;51118;4952;17908;19510;3015;37922
evaluation,2019,89232;17368;39640;51546;62112;4619;34298;55576;24874;32476
evaluation,2020,13068;754;512;48242;18954;24652;2430;17562;70068;8255
evaluation,2021,97124;33556;47754;56505;70403;13958;522;17816;15464;78130
evaluation,2022,55964;83702;14366;14150;58261;84164;88561;3110;86459;9523
evaluation,2023,75128;74010;75920;5684;71492;2639;71710;56168;8814;74116
evaluation,2024,92190;46132;17368;4619;51546;60282;39418;83094;6103;75516
evaluation,2025,724;87516;90605;49174;90146;24682;1268;53058;66120;36172
evaluation,2026,59257;39816;42076;32026;18814;84162;18426;40494;90013;13766
evaluation,2027,90635;99539;71043;89240;78164;88748;8538;83094;23484;88526
evaluation,2028,80638;94570;90119;94434;98210;1758;5920;12632;98376;43206
evaluation,2029,97294;28900;68042;89899;44194;80810;85328;70214;32750;37228
evaluation,2030,31162;89808;19828;52982;93094;25786;7724;50008;26994;20652
evaluation,2031,4934;96230;21652;82456;38333;87898;36862;7888;22078;89125
evaluation,2032,6794;2536;8900;5876;4952;50665;6616;10610;887;24259
evaluation,2033,75354;80338;90148;17819;90500;60592;86754;40264;81064;94748
evaluation,2034,55450;51174;66098;50812;97920;51564;62162;29872;76880;20424
evaluation,2035,91026;47754;15464;33556;54895;97124;90942;3314;53058;32562
evaluation,2036,37356;89352;1524;41536;62330;1240;47084;14622;6496;9826
evaluation,2037,16658;27616;69164;35155;8607;75668;53284;87093;96603;87688
evaluation,2038,6536;3264;90350;93798;69263;94732;86180;19128;83704;56998
evaluation,2039,97662;24874;39640;17368;89232;39576;32294;26628;75516;99538
evaluation,2040,3110;13190;32936;26586;18320;33206;49848;25424;78380;37146
evaluation,2041,2652;97806;42736;80658;1422;97259;8451;39296;8538;31370
evaluation,2042,86378;17999;13886;26412;1118;74960;74978;18642;38112;14012
evaluation,2043,90635;99539;11702;62222;83094;83614;49838;88526;88748;42988
evaluation,2044,89352;98240;47084;9826;48504;12304;656;880;41536;89791
evaluation,2045,72579;45470;50190;10540;77464;36387;93120;52709;99714;52251
evaluation,2046,14608;16118;51882;5024;30288;95318;11798;21652;26338;10150
evaluation,2047,82350;65370;82920;25126;25102;22148;58388;30536;32160;96797
evaluation,2048,68248;76234;84660;68916;47618;86459;78380;48216;85578;5354
evaluation,2049,19852;18792;9443;16080;53357;33492;67244;68262;20782;49302
evaluation,2050,38928;31950;8550;97254;98756;64510;40208;86180;74328;22144
evaluation,2051,2;5598;5159;14764;42248;90522;5130;14828;5344;46306
evaluation,2052,97102;51154;29722;97268;80692;58172;57254;14847;57502;55338
evaluation,2053,20424;3702;14216;622;11592;65568;47754;37282;67659;53056
evaluation,2054,98264;25578;27664;25976;85218;96986;33094;21420;17102;44718
evaluation,2055,34454;53190;59807;96944;23824;53398;11712;46804;35508;49452
evaluation,2056,86378;17999;13886;79076;38112;26412;14012;79571;48392;22499
evaluation,2057,16420;75878;16952;87028;39192;18700;64090;58310;33626;4772
evaluation,2058,17368;92190;60282;81170;55576;94748;56742;83094;69878;78164
evaluation,2059,89808;25786;19828;52982;93094;92461;92826;7724;26810;31162
evaluation,2060,87516;66120;37282;6536;26638;64658;39386;97197;9952;25518
evaluation,2061,36438;9828;66606;78994;3816;94393;64060;1796;93258;37554
evaluation,2062,71934;3040;10314;98731;93798;32916;59096;48400;58260;47994
evaluation,2063,62110;88748;62246;71043;89240;71174;63862;32016;58618;18184
evaluation,2064,6326;40014;85012;48919;45065;45454;35572;93546;35728;18426
evaluation,2065,83914;41528;64736;31175;91352;8016;82588;10424;11974;2062
evaluation,2066,1215;66314;11252;94616;2989;15884;53136;37080;404;13746
evaluation,2067,90534;35155;5424;8607;69164;74256;98102;16330;82516;12856
evaluation,2068,88844;22718;74836;71644;51498;88772;28154;21090;80794;1083
evaluation,2069,754;13068;512;18954;6767;48242;96238;43858;24652;2430
evaluation,2070,56044;91026;97124;42194;47754;53058;5956;15464;53056;574
evaluation,2071,66330;23894;75098;120;98080;40910;92410;71710;13598;88272
evaluation,2072,90534;35155;5424;8607;98102;74256;16330;69164;82516;12856
evaluation,2073,53286;19342;75404;91460;91942;26136;90550;18805;51666;63894
evaluation,2074,94146;30447;2630;11419;8879;68334;6824;6758;26528;7904
evaluation,2075,99796;73493;93312;8044;65981;3110;82592;31162;32936;49848
evaluation,2076,30870;28691;43360;28920;28970;31650;27996;292;8532;84756
evaluation,2077,62184;97292;97604;11320;84650;21528;90550;93312;4494;18786
evaluation,2078,59807;60112;34320;7760;612;39488;12154;21971;33416;55680
evaluation,2079,47098;16380;77378;41018;67822;47012;28281;14060;89125;8607
evaluation,2080,50072;32547;87597;99570;89896;24850;27555;95281;60566;4864
evaluation,2081,87540;31158;65148;39232;66952;56474;85334;89125;7840;38902
evaluation,2082,3444;59579;99702;25069;29634;77036;20830;39642;59702;27672
evaluation,2083,4838;33492;48832;40208;45886;75986;12262;11970;23338;39488
evaluation,2084,90534;12856;38016;38086;8607;34814;30738;69164;35010;96603
evaluation,2085,10979;40208;31174;41902;96822;1155;51792;7760;22710;16448
evaluation,2086,41564;8735;52698;98439;15088;5298;64674;40338;4192;20616
evaluation,2087,29108;5330;89808;94877;19828;26810;7472;21528;52982;88918
evaluation,2088,31850;39044;31950;7795;37602;47562;16204;54538;63692;54529
evaluation,2089,5766;29872;97920;38112;55450;59432;89944;19376;1695;18018
evaluation,2090,98702;4688;65198;89798;90013;19742;19968;98166;69836;7636
evaluation,2091,11133;9526;28930;58894;34856;67530;55334;26692;53491;15392
evaluation,2092,13068;754;512;18954;48242;6767;2430;70068;24652;43858
evaluation,2093,71644;45596;21516;87476;62994;8943;78994;7867;12079;31802
evaluation,2094,41564;26478;40338;5298;14171;80264;11716;41382;2868;52698
evaluation,2095,82520;7504;6006;27818;16027;5895;13116;80668;51572;14544
evaluation,2096,2068;98102;91243;96603;78930;54564;8607;25600;69164;99476
evaluation,2097,27842;27371;2783;91460;59542;84520;53286;48952;10556;35830
evaluation,2098,80942;18646;74050;18803;30134;40208;38482;12918;66908;31120
evaluation,2099,17368;81170;92190;55576;60282;83741;83094;56742;78164;47950
evaluation,2100,18184;23804;7386;71108;4904;29122;34102;83614;52946;12738
evaluation,2101,68248;76234;84660;68916;48216;85578;47618;5354;85460;26364
evaluation,2102,75986;26478;85936;77756;27370;19798;33522;88586;75114;45886
evaluation,2103,31412;2190;50484;34102;26052;67380;58574;55930;75294;61266
evaluation,2104,68020;22458;23116;4428;99498;15966;86891;97790;64053;12983
evaluation,2105,96238;94304;90550;90786;56558;81840;46516;14279;6552;20774
evaluation,2106,86378;17999;26412;13886;79076;48392;8108;13250;94501;14012
evaluation,2107,89352;37356;98240;9826;48504;41536;32554;880;656;62330
evaluation,2108,88526;68332;62112;48050;89838;89240;99539;68296;39419;83741
evaluation,2109,21650;68728;8532;8870;11108;13630;26412;93456;1434;2290
evaluation,2110,19767;40286;19967;87902;6994;33332;21162;21278;3746;22718
evaluation,2111,68248;76234;84660;68916;48216;5354;85460;47618;85578;76664
evaluation,2112,68020;15363;64053;23116;99498;4428;15966;1854;22458;97790
evaluation,2113,93953;97820;96000;13574;8510;17756;55830;8322;52271;5816
evaluation,2114,89352;62330;9826;37356;41536;8540;14068;47084;10872;21362
evaluation,2115,8320;8480;51792;15205;2092;41902;16650;63472;10855;4642
evaluation,2116,96876;16940;7284;75208;81064;31584;59964;98072;86754;90119
evaluation,2117,25236;99538;88748;88526;50208;9648;89838;7536;24686;22494
evaluation,2118,68248;76234;68916;84660;19336;55641;55310;21098;19468;48216
evaluation,2119,58240;30640;25026;3292;78994;80744;65989;27108;48400;66606
evaluation,2120,32112;80744;780;80858;3292;88844;98702;78994;30640;65989
evaluation,2121,93953;97820;96000;17756;8510;8322;55830;13574;52271;5816
evaluation,2122,96822;7760;40208;15205;8158;2;7198;61476;41902;14604
evaluation,2123,76764;75516;88748;39640;83398;39419;31510;99538;93772;68296
evaluation,2124,46132;89838;11702;88748;97576;99539;22494;32016;62222;39936
evaluation,2125,80338;5920;12632;98210;17819;632;90148;5862;75294;90500
evaluation,2126,15880;98950;99570;24806;69012;88603;57705;10014;34690;47012
evaluation,2127,73722;89872;74757;43992;11756;39419;96473;88170;94434;68042
evaluation,2128,88526;40373;62112;63910;55930;6136;68332;68296;56786;90500
evaluation,2129,91918;91890;89932;89917;93591;94434;46814;81064;87370;98072
evaluation,2130,68248;76234;84660;47618;19468;78380;13084;68916;19336;48216
evaluation,2131,34013;33030;24712;29858;48140;32422;98690;54541;90146;33556
evaluation,2132,66330;23894;98080;75920;75098;74010;120;13472;15722;40910
evaluation,2133,29402;18642;86378;6886;6690;880;9738;6574;6930;6150
evaluation,2134,62182;44490;244;49848;74256;81840;34814;34838;52982;88660
evaluation,2135,89352;37356;9826;98240;32554;48504;41536;880;62330;62312
evaluation,2136,60282;56742;31370;18388;51546;36472;82044;13892;31634;92190
evaluation,2137,91918;91890;89917;80408;89932;3994;17819;60592;6228;16940
evaluation,2138,13084;59164;59260;84206;1094;76874;19336;58506;26077;47264
evaluation,2139,6362;6420;25580;71218;6824;6868;62392;39509;7498;5828
evaluation,2140,97124;20376;25296;33556;5828;5610;1386;56044;47754;6824
evaluation,2141,18640;22620;66622;64852;51894;2592;20902;99678;2318;20302
evaluation,2142,57644;48576;4908;47934;5620;6150;3351;3459;51290;5104
evaluation,2143,18726;46960;31850;28019;18602;65581;26285;18780;4169;1248
evaluation,2144,91918;91890;89917;89932;80408;94748;75354;60592;84240;90148
evaluation,2145,63282;63343;94954;25047;49120;35478;28536;37636;37228;82150
evaluation,2146,15464;97124;47754;91026;70403;76628;85983;13922;33328;65568
evaluation,2147,83592;85540;9995;84620;36344;35836;73826;72686;38092;17546
evaluation,2148,86754;13044;94846;50746;94434;60356;12632;83088;2652;98210
evaluation,2149,63434;19034;17770;19314;12694;11166;84756;21636;15268;8990
evaluation,2150,29402;18642;6886;27076;40338;48392;77702;6690;9738;22499
evaluation,2151,60282;92190;55576;81170;83094;2734;20360;78164;90476;89240
evaluation,2152,80408;90119;75176;75354;89917;98376;80338;89932;81064;84240
evaluation,2153,78994;89826;63346;87714;74836;82700;69818;42716;21162;86082
evaluation,2154,68248;76234;84660;47618;19468;19336;13084;68916;55641;78380
evaluation,2155,66330;47707;92670;80509;74599;63951;12968;86011;4358;75098
evaluation,2156,78819;86459;76769;5946;19767;48690;44770;40802;18896;28032
evaluation,2157,3518;19990;96944;16226;52698;16952;702;60;27626;5002
evaluation,2158,44490;62182;62580;244;1098;17902;90150;74256;66172;12042
evaluation,2159,3518;16952;96944;52698;19990;702;27626;16420;14550;16226
evaluation,2160,75994;1968;54466;97516;82729;33626;96404;23100;8706;17626
evaluation,2161,56728;7386;41943;88660;56882;49838;58108;48360;26919;71154
evaluation,2162,6690;6886;6574;48392;18642;29402;584;86378;62330;56158
evaluation,2163,4781;31412;26919;38960;78164;28970;28988;15464;56728;81768
evaluation,2164,97259;96876;97806;90119;16940;41472;80338;12632;99952;60356
evaluation,2165,28376;41092;75858;30134;37220;36288;37654;684;26744;3378
evaluation,2166,68248;76234;84660;68916;47618;48216;85578;13084;22926;19336
evaluation,2167,19852;53628;53357;82952;9443;20782;14646;85936;44807;164
evaluation,2168,83598;83556;2500;62944;63450;99681;87106;20006;82944;3462
evaluation,2169,94877;62182;8846;62580;9104;44490;3812;244;8772;96169
evaluation,2170,24980;32016;89838;22494;83741;97662;97312;97576;69878;39419
evaluation,2171,6554;21650;24476;13462;6450;7170;1434;7659;1392;11108
evaluation,2172,28376;41092;37654;36288;26744;37220;16278;64716;30134;55462
evaluation,2173,69394;97124;6066;47754;15464;70192;60336;56322;522;42194
evaluation,2174,45174;29186;41568;72187;82398;65584;44742;44732;27124;28528
evaluation,2175,9520;4776;79266;38532;17287;31210;84520;10056;45875;72932
evaluation,2176,86459;2660;76769;44770;28032;48690;98702;13766;92854;81778
evaluation,2177,88670;88561;84164;6362;91960;6420;47618;13976;6851;18804
evaluation,2178,39192;26356;61020;86312;42580;47748;10150;47278;75596;5086
evaluation,2179,79764;46797;54640;99344;62528;46700;54670;47312;58975;59882
evaluation,2180,52224;80572;22020;9398;35530;90028;96344;7802;85698;20814
evaluation,2181,63434;17502;17770;19314;15268;26514;19034;8990;4416;11166
evaluation,2182,170;53707;75292;34690;91254;17474;94272;68006;91242;17376
evaluation,2183,88670;84164;88561;83702;6420;6362;91960;86459;47618;48690
evaluation,2184,44130;1060;3730;36010;37067;16452;5272;70630;98962;17714
evaluation,2185,93922;12154;16674;59807;34320;27002;16590;60112;86870;33074
evaluation,2186,71462;17778;15768;70932;46758;20744;2816;25974;61636;15158
evaluation,2187,11702;99539;88748;89240;13696;63862;90635;62222;62112;86224
evaluation,2188,81268;50031;51174;55450;51564;97920;90452;62162;9952;56161
evaluation,2189,55549;39760;83992;11592;39831;56106;53628;11808;55388;13494
evaluation,2190,11702;88748;86224;62112;99539;97530;4708;90635;13696;89240
evaluation,2191,7386;64986;56728;8812;97530;52946;66866;83741;2652;71174
evaluation,2192,93393;81145;74006;60858;49986;11494;83412;99952;87370;17102
evaluation,2193,31594;26438;59046;32129;13386;11696;18278;31778;87894;4390
evaluation,2194,93372;27810;76460;80338;2175;13182;8982;15824;99780;16406
evaluation,2195,1205;3020;4904;57705;61806;49413;23890;60806;78846;68728
evaluation,2196,75208;86754;94748;75354;89917;89932;91918;96876;91890;40264
evaluation,2197,47950;83140;68332;48106;93772;39843;16990;69356;68296;63910
evaluation,2198,68332;56424;62246;97576;82716;68296;88748;89240;32016;39419
evaluation,2199,55576;69878;24874;39640;99539;78164;83741;97662;90476;83094
evaluation,2200,92190;47950;5536;9332;3262;13500;31650;2398;13252;5862
evaluation,2201,62112;39105;83741;88526;7386;24906;52946;60282;51546;83168
evaluation,2202,97662;64940;93772;34160;40614;68332;83140;68296;46132;10637
evaluation,2203,39936;99538;83741;32294;75516;50208;39576;76764;51546;7536
evaluation,2204,62112;24906;39105;88526;11702;97576;4904;62104;83741;44410
evaluation,2205,13696;83904;88526;68332;56258;60282;62112;39105;97576;36918
evaluation,2206,39224;71174;7386;62112;51546;99539;39105;24686;23484;93591
evaluation,2207,32814;19831;17484;76618;4904;66866;62112;69760;23382;18302
evaluation,2208,90306;90635;23380;94434;29410;62738;71200;69156;12632;86224
evaluation,2209,1310;87590;19546;37800;2979;6886;12782;1118;13868;22499
evaluation,2210,25668;30563;55930;1088;61238;97312;71174;58618;5536;62112
evaluation,2211,51564;50031;9952;90452;81268;56161;97920;55450;62162;51174
evaluation,2212,15709;71470;22262;16116;71330;84858;87576;45875;72527;68178
evaluation,2213,35922;77034;25974;12544;71462;28023;5375;61636;17778;77480
evaluation,2214,99796;8044;93312;73493;3110;65981;82592;31162;32936;49848
evaluation,2215,15768;25974;52750;950;77034;5280;11372;4250;1236;26616
evaluation,2216,78930;76453;69164;67560;81074;87093;2068;98102;91243;8607
evaluation,2217,74599;80509;50812;51174;483;41854;97920;52452;63733;6346
evaluation,2218,24874;71043;24988;55576;89240;61238;17724;90500;472;64552
evaluation,2219,90119;11780;80338;80408;75176;93591;89932;10800;28694;10720
evaluation,2220,60356;1758;94846;12632;3020;46784;58050;11628;50746;59982
evaluation,2221,724;1268;87516;49174;84206;90605;18775;35124;56414;83088
evaluation,2222,53357;19852;4762;18792;9443;35326;55388;85936;54109;36438
evaluation,2223,55964;14366;83702;14150;76234;13212;3110;5946;6868;40826
evaluation,2224,27842;15224;87127;90550;12242;17963;2783;18805;24638;27371
evaluation,2225,99384;6056;6538;46960;49452;41040;66080;22587;87540;35508
evaluation,2226,28118;27456;25126;32356;58388;32160;13023;27694;53154;34504
evaluation,2227,17502;63434;17770;26514;13484;28962;1205;26538;19314;8990
evaluation,2228,37636;56930;49120;94954;63343;63282;37228;25047;35478;39286
evaluation,2229,11366;11106;13190;45542;54086;12834;2480;41770;11828;97120
evaluation,2230,57048;2774;96056;94560;46516;54258;95586;78130;56370;51000
evaluation,2231,44490;244;45460;5626;22500;28622;94877;74256;62182;62580
evaluation,2232,21024;21436;26820;21490;22960;3154;5078;75960;1046;4264
evaluation,2233,76962;91322;80942;17382;28034;910;73112;19514;77170;76686
evaluation,2234,702;16952;3518;19990;16226;5002;16420;5382;7914;1448
evaluation,2235,45102;53198;59130;46160;50290;60650;46868;73908;22346;772
evaluation,2236,10979;1146;5174;9606;60251;13752;38812;81948;91243;11070
evaluation,2237,81085;62466;77109;40276;87297;36304;22808;47720;80810;45688
evaluation,2238,62110;71043;32016;20427;62246;89240;17102;99539;24686;18184
evaluation,2239,24043;51802;29872;31790;18018;3068;5714;39401;55450;98572
evaluation,2240,99952;97259;96876;97806;16940;12632;49986;17819;20662;58294
evaluation,2241,11780;10800;10720;47950;1148;11194;80338;30867;50171;80638
evaluation,2242,75516;88748;83398;76764;39419;39640;31510;4708;83741;99538
evaluation,2243,41092;69818;26744;37220;28376;36288;37654;33556;684;37554
evaluation,2244,19850;18780;23790;19254;39008;22144;19576;19132;92410;35490
evaluation,2245,57048;2774;96056;46516;94560;54258;78130;95586;74260;3702
evaluation,2246,10772;10988;10663;92286;9616;91540;8360;654;43600;71614
evaluation,2247,71934;3264;3040;47994;48400;81328;32916;65974;98731;70682
evaluation,2248,21362;2047;77368;77960;88296;84162;16044;97120;46412;59667
evaluation,2249,33522;77756;45886;75986;48832;68262;33016;88586;26478;7451
evaluation,2250,86378;13886;25578;18642;26412;6150;80664;43768;25782;22499
evaluation,2251,51564;55450;50812;51174;72856;50031;24043;56161;9952;10116
evaluation,2252,46964;15200;9074;23338;9388;19107;15452;15224;14952;59579
evaluation,2253,68248;76234;84660;68916;48216;19336;47618;13084;85578;19468
evaluation,2254,88296;46412;21362;8648;84162;22718;44794;88772;7048;17468
evaluation,2255,97210;37422;42864;15040;7348;10426;89042;48026;24162;76644
evaluation,2256,97920;56161;56112;66098;31790;80509;51564;55450;81268;83194
evaluation,2257,62466;77109;81085;36304;40276;87297;24679;22808;67992;45688
evaluation,2258,46928;41902;96822;7760;31174;2092;29266;10979;11070;8158
evaluation,2259,45102;53198;59130;46160;60650;46868;50290;71882;22346;73908
evaluation,2260,754;13068;45460;4175;13848;94304;43012;7798;18954;48242
evaluation,2261,73666;72940;67510;29888;11974;84776;5382;8480;40208;10154
evaluation,2262,8320;15205;10424;14716;41902;2092;20974;33446;51792;8480
evaluation,2263,81840;90550;94877;26810;21528;96238;89808;19828;34232;7276
evaluation,2264,3668;31945;47818;32340;19607;89352;32748;47801;12248;47857
evaluation,2265,86378;13886;26412;9738;17723;17798;25578;38112;80664;19048
evaluation,2266,46132;83094;47896;88526;62112;84324;36472;97662;88748;11702
evaluation,2267,47754;91026;70192;97124;58584;574;90942;54895;66467;76628
evaluation,2268,73231;12347;16027;54211;20006;21712;62944;49840;20782;58320
evaluation,2269,46476;50512;85138;69394;13422;89536;11782;4528;49344;15386
evaluation,2270,45102;53198;59130;46160;60650;46868;50290;71882;22346;73908
evaluation,2271,64852;11372;3792;67552;398;85584;42554;79973;12280;68562
evaluation,2272,77109;62466;40276;81085;36304;87297;47720;87648;22808;24679
evaluation,2273,31379;33463;44446;82604;398;16114;26350;9106;77496;9254
evaluation,2274,56742;92190;60282;13252;17368;12694;81170;55576;17770;39224
evaluation,2275,72000;90720;65370;32160;34504;13154;32356;32120;99464;78402
evaluation,2276,68248;76234;68916;84660;48216;47618;85578;22926;5354;19336
evaluation,2277,59060;37282;18726;55388;83840;56094;56024;26032;4762;99681
evaluation,2278,90532;34628;42248;49202;20350;29716;2814;57378;89340;45548
evaluation,2279,63949;64484;97962;92644;72594;64021;52256;95240;15590;84457
evaluation,2280,45102;53198;46160;59130;60650;46868;50290;73908;89506;22346
evaluation,2281,91852;4960;5570;4946;45206;96150;58602;53912;76932;53592
evaluation,2282,9520;17287;79266;31210;45875;4776;10056;4255;38532;72932
evaluation,2283,8870;34340;43360;6893;68728;80470;6886;13084;11694;24466
evaluation,2284,68248;76234;84660;68916;55310;55641;19336;13084;59280;76664
evaluation,2285,76886;76874;13212;76769;9762;82520;66928;47424;92358;91232
evaluation,2286,13670;5610;85578;84660;26364;11828;5618;5828;5676;6788
evaluation,2287,68248;55310;76234;55641;68916;84660;59280;9948;136;76664
evaluation,2288,99768;16622;30629;1366;35836;45339;35922;27482;15846;16128
evaluation,2289,18532;17864;18368;16493;13276;15053;15876;23078;18948;15390
evaluation,2290,93798;94732;90350;33328;6536;3264;37596;80434;80504;12422
evaluation,2291,17864;14279;15053;33824;14024;18368;17858;71644;15876;16493
evaluation,2292,59096;98731;10314;93798;71934;3040;19310;3264;98700;98636
evaluation,2293,41660;45206;62696;22360;11528;442;17546;74800;46058;34091
evaluation,2294,77326;63652;10682;1153;11891;10740;87388;36094;98730;11288
evaluation,2295,24043;27682;39382;5714;41854;39401;66098;18018;62764;28456
evaluation,2296,72686;35836;12322;83592;61528;1366;24250;12290;58684;11916
evaluation,2297,91918;91890;89917;89932;80408;94748;75176;96876;75354;60592
evaluation,2298,61190;13752;79576;38812;82728;54282;53198;23576;69836;49102
evaluation,2299,91918;91890;89917;89932;94570;81064;90148;94434;96876;98376
evaluation,2300,12864;59166;57596;58776;63242;12197;1670;12254;41422;87388
evaluation,2301,55450;50812;97920;29872;59432;72526;38112;1695;81268;7426
evaluation,2302,19314;39214;63434;55587;19034;11166;77624;19119;27886;15268
evaluation,2303,26810;88944;88918;19828;5912;52982;26994;4732;5330;89808
evaluation,2304,86574;702;73849;3518;16420;60;74004;80952;76816;16952
evaluation,2305,45102;59130;53198;46160;60650;50290;46868;148;89506;69794
evaluation,2306,41660;45206;4276;22360;74800;46058;11528;96150;10768;41287
evaluation,2307,44954;45026;29186;38532;12558;30359;32960;46022;9520;95606
evaluation,2308,89506;81382;21700;40286;23872;6851;9762;56766;75858;21516
evaluation,2309,39214;19314;17770;41536;56162;5862;55587;19119;25074;63434
evaluation,2310,97920;66098;56161;81268;51174;55450;51564;56112;83194;50812
evaluation,2311,76268;48486;6136;44067;40373;22982;4750;83904;44410;56882
evaluation,2312,89899;21694;47806;69106;9928;63343;11756;10062;71866;6324
evaluation,2313,13068;24652;43012;13944;45460;3558;512;754;48242;13848
evaluation,2314,10998;93744;90;4699;58584;13614;15464;54846;2080;65568
evaluation,2315,21362;2047;97120;13958;77368;14770;39509;77960;29674;45542
evaluation,2316,28376;41092;36288;75858;37654;26744;37220;93258;28492;32704
evaluation,2317,59060;99821;54109;2026;48184;5956;54924;42495;54802;63450
evaluation,2318,86180;77520;87618;88461;77931;81046;88576;87710;6536;90350
evaluation,2319,27448;20210;11952;429;12854;75844;11684;53476;9194;32916
evaluation,2320,63434;17502;39214;19314;88611;10872;19034;69758;1962;6574
evaluation,2321,99324;69106;91580;74396;85328;10096;32750;14072;41581;63343
evaluation,2322,68248;76234;84660;68916;47618;48216;19336;21098;85578;19468
evaluation,2323,14062;89899;11756;71866;85328;21694;63343;50218;10062;91580
evaluation,2324,29874;22499;25578;28938;8556;25076;584;27664;18642;6150
evaluation,2325,78532;61982;96134;62428;75452;8134;18626;55678;36304;9468
evaluation,2326,90550;20350;21528;14828;17630;61784;89340;26810;90532;42248
evaluation,2327,612;12154;24568;13038;21470;21971;34320;97111;59807;97838
evaluation,2328,62110;71043;89240;71174;32016;24686;56258;63862;62246;88748
evaluation,2329,424;47971;11014;63598;2054;29250;14550;3518;21652;29490
evaluation,2330,89899;11756;32750;10062;21694;14062;9928;79646;47806;85328
evaluation,2331,45342;21515;8896;39509;7504;45498;51572;29956;10472;42510
evaluation,2332,49297;40406;85998;88196;58056;36600;5040;44574;3351;97389
evaluation,2333,46476;71690;27108;49344;49981;39386;97742;56998;56474;216
evaluation,2334,12910;15528;85390;83704;98700;36390;89462;1698;96584;97374
evaluation,2335,84164;88561;88670;91960;6420;47618;6362;6851;83702;29276
evaluation,2336,9578;35592;10056;65717;1071;14612;30316;10387;43687;29656
evaluation,2337,3690;20550;41660;66622;61228;442;26810;75670;7648;17546
evaluation,2338,68248;76234;84660;68916;48216;47618;5354;26364;85460;85578
evaluation,2339,47454;31802;96422;19967;79044;18814;51448;32026;18426;36480
evaluation,2340,63434;19314;19034;55587;17770;6690;34972;17502;4416;39214
evaluation,2341,13000;2570;8796;9464;8190;93456;2568;25354;13896;13368
evaluation,2342,65370;82350;25102;89894;30536;28960;96797;58388;67836;38907
evaluation,2343,4699;10998;21042;15006;86628;300;32716;14181;90;11600
evaluation,2344,88918;88944;94877;81840;58920;90550;26943;26994;3812;73902
evaluation,2345,63044;29594;79120;95318;92826;10972;3518;63598;68842;21652
evaluation,2346,14062;91580;11756;5068;50218;74396;6324;50070;44279;71866
evaluation,2347,63282;63343;49120;28536;82150;94954;37228;35478;25047;13944
evaluation,2348,9730;19172;45178;56542;39660;64943;73112;68078;58584;31456
evaluation,2349,63434;19314;19034;17502;39214;55587;17770;6690;34972;13500
evaluation,2350,89899;11756;10062;32750;21694;14062;9928;79646;47806;85328
evaluation,2351,29108;90550;45341;68060;67244;96238;81840;94877;74256;90150
evaluation,2352,90550;89340;14828;90532;20350;5598;23674;21528;76816;17630
evaluation,2353,25786;93094;89808;19828;31162;37146;52982;21656;50008;82592
evaluation,2354,35462;39820;13016;78154;78590;13766;70600;21408;47562;24581
evaluation,2355,97452;26478;75986;77756;68262;57048;62806;16080;56024;58990
evaluation,2356,33165;24236;63652;4210;31264;32734;7988;95621;92856;32264
evaluation,2357,14062;89899;11756;44279;32750;44266;91580;6324;10062;50218
evaluation,2358,55450;50812;97920;51174;66098;56161;51564;29872;63733;38112
evaluation,2359,34814;90534;77080;35155;74256;72686;75668;17160;53284;32734
evaluation,2360,78819;86459;76769;48690;18896;10454;44770;2660;92854;6994
evaluation,2361,55652;1146;81948;9606;21280;47926;11070;46616;89506;24782
evaluation,2362,69562;27600;27838;67979;59132;896;79576;46014;57708;85087
evaluation,2363,49396;27838;84776;896;69562;46014;75488;53136;67979;59132
evaluation,2364,47754;97124;26744;24854;17816;46142;33556;37220;52764;41092
evaluation,2365,31392;72000;99464;82920;50491;25126;90720;58388;32356;32160
evaluation,2366,16166;25622;16434;17022;30640;14035;14882;16176;92214;18262
evaluation,2367,4699;21042;10998;15006;300;32716;86628;14181;21484;90
evaluation,2368,45102;53198;59130;46160;60650;46868;50290;73908;89506;22346
evaluation,2369,52604;69263;68487;39314;67790;68590;14518;45698;12484;32444
evaluation,2370,42458;6767;17486;88896;752;35968;74196;68558;26586;27600
evaluation,2371,59102;2315;77445;70131;26550;9034;51546;26682;75452;53766
evaluation,2372,44067;6136;56882;48486;44904;66560;76268;56302;22982;7126
evaluation,2373,99768;16622;15546;1366;45339;16128;30629;27482;16914;15924
evaluation,2374,17287;79266;9520;31210;45875;10056;4776;4255;42864;42830
evaluation,2375,10314;93798;86180;83820;98636;2870;89151;98700;90350;27662
evaluation,2376,39509;76234;68248;16600;81382;75858;86459;76642;84660;48690
evaluation,2377,15709;16116;71470;84858;22262;71330;72527;60955;28190;87576
evaluation,2378,44490;62182;87036;51576;8772;30447;40635;244;10822;68492
evaluation,2379,1360;51872;86396;15354;3816;4176;12951;63044;10290;51596
evaluation,2380,98282;34298;40373;91996;5498;36918;13182;21870;62112;29152
evaluation,2381,84340;85667;79576;85087;84776;21046;59132;27838;13580;23770
evaluation,2382,68020;98584;47934;49339;77730;94065;22996;77252;38751;21260
evaluation,2383,63085;12322;3662;72686;4020;35836;42563;49324;61528;95582
evaluation,2384,38248;12254;45225;12197;36210;12211;85574;9890;42790;45174
evaluation,2385,2290;93456;1736;8796;1118;8540;1434;13000;2570;8752
evaluation,2386,47806;10062;89899;69106;11756;7226;9928;71866;85328;90410
evaluation,2387,21870;21886;13182;40373;34160;31686;34298;40772;83904;91996
evaluation,2388,78532;61982;96134;62428;8134;9932;75452;36304;18626;32750
evaluation,2389,70514;91582;39578;6013;64940;31132;26052;30554;33747;34298
evaluation,2390,87297;24679;77109;36304;44194;62466;56162;40276;80810;22808
evaluation,2391,98075;63910;41068;58108;32642;32646;46748;22494;90498;73722
evaluation,2392,20108;36984;90500;79516;8333;84576;45856;71108;13182;17724
evaluation,2393,68248;76234;84660;68916;48216;5354;85460;47618;85578;26364
evaluation,2394,59096;98731;93798;3040;71934;10314;98636;89151;48400;2870
evaluation,2395,6994;19767;19967;86372;47092;94428;59944;33332;21162;21516
evaluation,2396,5946;78819;76769;7048;86459;8648;10454;18896;39509;27230
evaluation,2397,95268;42260;2870;90013;2654;89798;13016;5786;3039;5628
evaluation,2398,32750;6324;44266;68040;50218;44279;89899;47806;28972;69106
evaluation,2399,72000;99464;32160;25126;32120;32270;50491;34504;90720;32356
evaluation,2400,77326;63652;1153;10682;11891;9212;10740;87388;98730;36094
evaluation,2401,77100;28878;29250;29490;3518;424;63598;23752;11014;14550
evaluation,2402,33463;31379;16114;9254;44446;82604;26350;77496;9106;398
evaluation,2403,67996;68136;4408;74424;12862;26164;24728;5748;71240;3640
evaluation,2404,50218;32750;6324;70288;39286;44266;44279;70214;70498;91580
evaluation,2405,38706;96246;69801;47532;97810;25442;15709;97724;78760;22262
evaluation,2406,48782;77100;9488;23752;42618;29250;28878;43938;11014;21652
evaluation,2407,68020;15363;64053;23116;99498;4428;15966;22458;97790;75920
evaluation,2408,8333;45856;84576;71108;90500;83614;33184;1088;64552;50900
evaluation,2409,35014;95865;66098;25002;60340;66106;76880;74599;88614;19961
evaluation,2410,87297;36304;44194;77109;24679;62466;56930;80810;22808;31946
evaluation,2411,19794;56460;87520;61784;17632;74555;15419;17052;22844;44702
evaluation,2412,28376;41092;90350;37220;30134;37554;53056;53058;90614;97124
evaluation,2413,65974;23092;32916;81328;73026;36804;14760;11198;66680;22567
evaluation,2414,73908;71882;70576;69794;88358;11960;14132;55652;64345;89506
evaluation,2415,56424;61238;89232;18184;6086;90500;84576;32759;34298;25176
evaluation,2416,63862;84834;99539;62110;89240;11702;71043;90476;79894;88748
evaluation,2417,34013;94242;94092;27386;29858;12740;88676;33030;34011;3646
evaluation,2418,37623;39322;37964;48919;11308;48228;67668;64745;42780;33782
evaluation,2419,73908;71882;14132;88358;55652;70576;69794;64345;11960;21280
evaluation,2420,24874;90498;91996;25176;64552;24988;5498;55576;24616;41068
evaluation,2421,56302;48486;44904;44067;56882;3670;33222;66560;18184;25176
evaluation,2422,32444;31850;67790;39044;37282;68487;7795;36390;26032;7636
evaluation,2423,36094;84704;26328;80112;6204;86002;7988;81893;9212;72114
evaluation,2424,31850;39044;37602;7795;16204;31950;54538;47562;54529;30376
evaluation,2425,39640;97662;99538;17368;89838;75516;22494;32294;97576;32476
evaluation,2426,34298;5498;40373;91996;98282;13182;62112;75354;33184;4708
evaluation,2427,30134;37554;28376;41092;36288;37654;93258;16278;6662;27780
evaluation,2428,89870;89658;86082;88846;42467;87902;63346;42716;89826;8042
evaluation,2429,59060;55916;20828;65974;33030;13890;18726;14160;19128;43308
evaluation,2430,3378;76962;16987;48420;28034;55349;64522;47758;91322;17382
evaluation,2431,87297;24679;77109;36304;44194;80810;67992;62466;48154;56162
evaluation,2432,56930;37636;45688;44194;32750;87297;36304;89872;44279;73722
evaluation,2433,19852;58990;55388;16080;5788;72458;68262;31550;56024;49302
evaluation,2434,21042;15006;10998;4699;14181;300;68558;32716;23414;86628
evaluation,2435,73908;71882;70576;69794;14132;55652;64345;88358;11960;89506
evaluation,2436,48360;98075;73722;32642;32646;41068;56786;32016;63910;89232
evaluation,2437,19852;53357;16080;12854;31550;18792;9443;54109;20782;68262
evaluation,2438,52604;68590;55806;20248;39314;62912;14882;26182;8524;69263
evaluation,2439,88526;62112;90635;68332;99539;48050;20470;83094;32476;39105
evaluation,2440,97662;39640;97576;89838;32294;22494;75516;39576;83094;88748
evaluation,2441,72210;71370;70838;6646;40444;26182;41302;24652;22704;23671
evaluation,2442,8208;8624;8358;79492;7820;77480;16658;8607;22546;53651
evaluation,2443,93456;13986;1118;9100;1434;49297;12694;19114;14592;1882
evaluation,2444,34298;36918;40373;91996;98282;6136;56336;48486;13182;5498
evaluation,2445,4699;300;10998;15006;21042;14181;234;68558;86628;11600
evaluation,2446,57048;2774;7952;95586;68487;34454;96056;4628;61524;94560
evaluation,2447,29250;9488;29490;424;50186;21652;2054;7004;3518;23752
evaluation,2448,98094;93488;10646;91890;91918;90148;94748;89917;60592;98376
evaluation,2449,90720;32160;72000;25126;99464;34504;13540;32120;32356;65370
evaluation,2450,39640;24874;75516;99538;93772;76764;88748;39576;78164;97662
evaluation,2451,31850;39044;7795;37602;31950;47562;16204;30376;7636;54538
evaluation,2452,91580;3068;14062;11756;97577;57078;50070;3248;74396;89480
evaluation,2453,87297;36304;32080;24679;70214;77109;56930;44279;37636;35478
evaluation,2454,62110;97576;88748;48050;24906;89240;32642;63862;56258;32016
evaluation,2455,70214;32080;35478;37636;56930;70498;44279;28972;44266;37356
evaluation,2456,15006;4699;21042;10998;300;21484;86628;14181;11600;32716
evaluation,2457,73908;71882;70576;69794;88358;55652;14132;64345;11960;89506
evaluation,2458,67262;86618;91852;4960;5570;20814;86580;90028;26434;10556
evaluation,2459,83904;98075;56424;96473;22502;31412;67380;56358;33838;25514
evaluation,2460,86621;24712;48140;77615;25462;43010;40208;34874;52772;23338
evaluation,2461,91580;39286;86654;14062;57078;5068;35000;99089;74396;92918
evaluation,2462,74396;30194;39286;30904;91580;99020;12992;69106;99749;99564
evaluation,2463,35478;32080;70214;70498;56930;37636;82150;28972;44279;63282
evaluation,2464,10646;98094;93488;23216;93591;89917;84240;98376;90148;91918
evaluation,2465,98210;98960;98376;86754;93591;94570;89932;87370;31584;94434
evaluation,2466,40373;5498;40772;13182;98282;34298;21870;43570;50180;91996
evaluation,2467,42458;9308;65354;6767;94646;29514;54010;19270;78936;75704
evaluation,2468,40373;21870;13182;40772;21886;34298;5498;98282;44410;36918
evaluation,2469,41092;28376;37654;37220;16278;26744;30134;27780;37554;69818
evaluation,2470,70838;71370;72210;6646;9523;65704;24652;11308;22704;9438
evaluation,2471,67200;68470;81696;66952;94218;70506;33416;85308;26090;52542
evaluation,2472,93456;1118;13368;21650;9100;8796;8540;13986;2570;19034
evaluation,2473,91918;91890;89917;89932;80408;94748;75176;34916;3994;75354
evaluation,2474,62466;87297;77109;56162;81085;24679;31946;67992;36304;40276
evaluation,2475,56930;32080;70214;37636;35478;70498;44279;6324;48154;63282
evaluation,2476,37636;56930;44279;45688;87297;36304;35478;44266;73722;89872
evaluation,2477,98094;93488;91918;91890;10646;94434;23216;93591;98072;94748
evaluation,2478,1030;3608;24434;8556;3352;40858;20574;80664;29874;5487
evaluation,2479,89894;30536;28960;82350;65370;96797;25102;25420;58388;50491
evaluation,2480,39936;6103;92190;62322;88748;51294;47950;97662;97576;1310
evaluation,2481,98094;93488;10646;94748;98376;91918;10720;91890;32750;23216
evaluation,2482,82682;17052;5844;1342;85552;19526;15419;66765;56460;98853
evaluation,2483,7276;12764;3944;98272;11419;35960;43462;6552;35018;6758
evaluation,2484,4838;93114;68262;14551;98344;34791;11506;33792;64021;75986
evaluation,2485,91500;66160;66928;59636;35960;12764;7276;6828;7064;91396
evaluation,2486,47748;54118;5086;61020;86510;13018;60955;30255;9916;29880
evaluation,2487,88748;16406;39843;99539;71174;22982;48050;24686;62110;62246
evaluation,2488,79516;84576;71108;90500;20108;36984;64552;90498;64051;8333
evaluation,2489,98075;49838;48360;6086;41943;43512;34298;78652;13182;25514
evaluation,2490,25668;84576;32759;64552;61238;18184;25514;6086;56358;56424
evaluation,2491,63910;55930;56786;98312;64940;6198;90712;48589;56336;33222
evaluation,2492,47754;70403;78130;32871;65568;15464;36900;65160;32562;3314
evaluation,2493,52604;69263;19138;86180;86694;6536;20248;8198;14992;83704
evaluation,2494,57884;1424;2772;59944;94428;47092;1442;86372;1476;89826
evaluation,2495,71154;90498;44904;48486;6136;57868;83168;56882;32642;64051
evaluation,2496,47748;5086;53958;70736;60955;9916;64752;12918;11304;10004
evaluation,2497,17422;1348;7472;29186;2868;3438;27124;14147;22683;5330
evaluation,2498,46784;60356;46752;3668;1788;23214;96308;3020;32598;95769
evaluation,2499,4960;91852;45206;4276;85138;4946;5570;96150;13234;58602
evaluation,2500,86891;120;98080;9274;102;46868;50290;88240;84660;74010
evaluation,2501,32080;56930;37636;70214;48154;44279;45688;35478;28972;44266
evaluation,2502,28988;91580;35246;14062;92918;39286;98492;52452;28512;50218
evaluation,2503,88748;99539;71174;58618;48050;32016;24686;39843;89240;75516
evaluation,2504,34298;40373;13182;91996;98282;21886;5498;21870;40772;64940
evaluation,2505,28376;41092;37654;37220;30134;26744;53058;16278;684;36288
evaluation,2506,1146;9606;81948;68248;47926;3174;46616;11070;13084;10979
evaluation,2507,76563;26528;88972;96484;56400;12079;16215;32416;21090;49572
evaluation,2508,9606;1146;81948;47926;55652;24782;3174;11580;89506;46616
evaluation,2509,71882;73908;70576;88358;14132;69794;55652;64345;21280;11960
evaluation,2510,70403;4762;47754;33556;78130;48610;3859;5206;14780;97124
evaluation,2511,52604;68590;62912;20248;14882;72334;86180;32444;78172;8524
evaluation,2512,8264;8190;39820;9116;8512;33196;54908;14592;86891;4088
evaluation,2513,424;48782;6751;76944;61608;63598;29250;11014;3518;30028
evaluation,2514,51294;6103;92190;39936;62322;45236;62222;1310;5536;19546
evaluation,2515,72000;99464;32160;90720;32120;32270;34504;78402;25126;99044
evaluation,2516,9293;90712;9310;55930;48589;41068;63910;6136;98312;34102
evaluation,2517,99539;11702;88748;62110;89240;63862;90635;39843;83094;71043
evaluation,2518,3352;47299;99780;1788;23496;79524;93120;39180;47154;59558
evaluation,2519,44730;43850;55334;28930;34856;89125;77312;18778;306;147
evaluation,2520,98282;34298;91996;13182;5498;21870;40373;21886;40772;25176
evaluation,2521,93456;39214;17798;2900;11166;1118;66602;69758;14447;4836
evaluation,2522,86378;5938;46994;25578;880;656;77702;48350;22499;26412
evaluation,2523,34298;40373;13182;32646;63910;6136;32642;90498;5498;91996
evaluation,2524,88296;21008;40286;1322;88772;96146;43522;27572;4558;2552
evaluation,2525,52604;68590;78172;62912;14882;8524;86180;39314;86694;12422
evaluation,2526,90720;32160;72000;25126;99464;34504;32120;65370;32270;32356
evaluation,2527,17368;50208;632;32016;39640;97662;40264;84240;86754;75354
evaluation,2528,88748;99539;71174;18748;16406;24686;23484;58618;48050;39843
evaluation,2529,5464;34298;25176;40512;98282;71418;69246;56424;30704;24988
evaluation,2530,62796;71108;71418;33820;18184;472;34298;24988;32646;32642
evaluation,2531,46784;60356;46752;3668;23214;32598;96308;1788;3020;95769
evaluation,2532,69106;91580;89899;71866;39286;9468;11756;85328;14062;50218
evaluation,2533,98282;34298;91996;5498;13182;40373;21870;21886;56336;36918
evaluation,2534,56424;90498;56786;25176;48486;44067;34298;79516;63910;6086
evaluation,2535,93798;10314;3040;47926;90350;32687;98731;2870;20362;95268
evaluation,2536,34013;88676;94242;31456;27386;2994;12740;34011;94092;97724
evaluation,2537,9606;81948;55652;49102;3174;1146;22356;60251;80286;47926
evaluation,2538,12406;10052;12350;10176;71495;59266;36888;12248;9526;29956
evaluation,2539,71882;73908;70576;88358;69794;55652;14132;21280;22356;11960
evaluation,2540,21526;43512;20014;95769;34263;44768;18124;99472;34264;81768
evaluation,2541,11780;12632;99952;8032;77378;39296;1422;62912;17048;90119
evaluation,2542,23100;76096;19834;46392;4080;79120;20782;75844;5098;75994
evaluation,2543,612;12154;21470;13038;22587;21971;59807;24568;97838;33074
evaluation,2544,25514;98075;34263;56882;56728;96473;46104;14200;63910;44904
evaluation,2545,81270;75522;67287;68110;18302;75338;76618;55230;73226;23382
evaluation,2546,42458;35968;17486;6767;88896;68558;27600;752;74196;88014
evaluation,2547,73908;71882;89506;88358;69794;70576;11960;55652;22356;21280
evaluation,2548,62246;76764;17368;90148;55576;93772;62110;89240;24686;97662
evaluation,2549,68248;76234;68916;84660;13084;59280;19336;41306;19468;58728
evaluation,2550,19262;57686;52656;45373;15383;26720;27316;29872;8828;10610
evaluation,2551,160;43704;50771;57468;3346;64006;98730;46392;5280;33738
evaluation,2552,96484;71644;33824;12079;90112;87201;4169;88972;79792;23078
evaluation,2553,24712;78232;11974;91232;3296;5259;1044;95885;59986;4894
evaluation,2554,56110;65410;98730;17066;49308;33584;57560;72932;42580;94282
evaluation,2555,59274;49986;62912;81145;90148;94570;12632;80470;60356;60592
evaluation,2556,81270;73836;70994;67287;62501;68110;18302;75522;19190;76618
evaluation,2557,73908;71882;70576;88358;69794;14132;55652;11960;64345;21280
evaluation,2558,28376;41092;37220;37554;36288;37654;30134;26744;53058;17816
evaluation,2559,53357;54109;55388;83840;19852;59060;18726;4762;96854;18792
evaluation,2560,12406;12248;39509;12350;10052;10176;14339;9526;52327;55412
evaluation,2561,88748;97662;46752;4708;31510;62322;39640;90635;24901;39936
evaluation,2562,63022;59461;43512;62222;76268;21318;97607;9373;22982;7064
evaluation,2563,68020;22458;99498;86891;97790;23116;4428;102;18872;21260
evaluation,2564,34814;90534;35155;74256;53284;62182;77080;94877;31034;30738
evaluation,2565,25168;53799;15088;27664;33094;51662;69582;74990;99021;31660
evaluation,2566,63343;47806;89899;7226;71866;69106;70131;21884;10062;9928
evaluation,2567,86378;17999;26412;13886;14012;79076;74960;17723;1118;22499
evaluation,2568,45856;8333;71108;84576;90500;18184;12756;90498;55576;63910
evaluation,2569,99539;11702;90635;89240;39843;63862;71043;24988;78164;97576
evaluation,2570,59096;10314;86180;83820;31850;93798;8550;98700;71934;19310
evaluation,2571,47754;70403;78130;32871;97124;65568;91026;19172;33556;36900
evaluation,2572,4699;10998;21042;15006;23414;300;86628;15091;32716;14181
evaluation,2573,41092;28376;37220;37554;30134;40228;684;97124;26744;36288
evaluation,2574,84206;37282;55388;96854;64354;66772;30242;29734;47707;92410
evaluation,2575,75858;28376;37654;41092;36288;37220;32704;27572;30134;26744
evaluation,2576,9491;94556;1002;97057;1328;38700;93650;8735;46462;67796
evaluation,2577,68020;77730;22458;15966;97790;71492;91088;5234;98584;32660
evaluation,2578,78532;61982;96134;8134;9932;75452;28988;75118;45688;74396
evaluation,2579,34504;25126;90720;99464;32160;13540;13023;32356;32120;58388
evaluation,2580,1146;9606;81948;11070;55652;10979;60251;3174;5174;47926
evaluation,2581,90550;94877;29108;26810;3812;81840;21528;89808;19828;26994
evaluation,2582,10832;4919;95698;24690;95352;45100;10620;11210;10316;26124
evaluation,2583,4960;91852;5570;96150;67262;46058;45206;4946;11528;9696
evaluation,2584,89232;39419;61238;97662;4708;99539;88748;68332;39640;74511
evaluation,2585,4960;91852;5570;96150;4276;46058;13234;6406;58602;4946
evaluation,2586,91852;4960;5570;67262;96150;13234;6406;11528;9696;53592
evaluation,2587,3378;70848;76962;7356;60140;48420;23112;10004;9308;14152
evaluation,2588,86754;75208;87370;75176;75354;90119;39296;89932;90148;31584
evaluation,2589,2092;8320;51792;15205;14434;24775;8480;5259;4740;15819
evaluation,2590,62246;17368;39640;97662;55576;39576;76764;24874;62110;93772
evaluation,2591,42458;27600;6767;57708;9308;752;26586;88014;54010;28178
evaluation,2592,25830;99165;99008;57596;97284;65910;45791;22476;56588;63242
evaluation,2593,71934;3040;86180;8550;59096;81046;47994;35738;73611;3264
evaluation,2594,54541;3646;34013;94092;27386;33030;27107;32422;39831;29858
evaluation,2595,69263;52604;86694;68590;78172;39314;12422;86752;86180;32444
evaluation,2596,39406;10276;42458;51862;34013;39102;12740;61570;37580;6767
evaluation,2597,86459;44770;76769;2660;48690;92854;28032;13766;98166;6894
evaluation,2598,3702;6536;12148;90350;12422;69263;3264;98731;90614;6558
evaluation,2599,81948;9606;60251;11070;1146;6994;898;5174;16448;55652
evaluation,2600,45102;53198;46160;59130;60650;46868;71882;50290;22346;73908
evaluation,2601,41068;48360;12718;6086;70680;25176;64918;49838;34298;18184
evaluation,2602,62246;76764;17368;90148;24686;93772;89240;55576;62110;89838
evaluation,2603,19834;42661;5159;79120;42250;42602;5178;46112;49080;32466
evaluation,2604,71876;68170;25047;76944;94954;51598;24263;28759;72190;26780
evaluation,2605,51564;50031;56161;62162;55450;81268;51174;9952;97920;28456
evaluation,2606,68248;76234;84660;68916;47618;22926;19336;21098;78380;85578
evaluation,2607,12422;25518;7952;56674;66120;65160;1382;3702;33328;45698
evaluation,2608,88460;87618;65974;29232;90256;93800;86180;61234;80092;90350
evaluation,2609,89808;19828;7724;25786;31162;52982;81840;94877;29108;93094
evaluation,2610,44194;24679;80810;87297;31946;77109;67992;63282;36304;48154
evaluation,2611,21886;8982;83326;21870;13182;55930;76460;65698;77445;83412
evaluation,2612,8320;2092;51792;8480;15205;91352;10424;82588;4740;5259
evaluation,2613,68248;76234;68916;84660;46840;5354;48216;76664;61456;25580
evaluation,2614,19852;54109;55388;18792;56024;30248;18726;53357;16080;10122
evaluation,2615,34013;33030;27386;29858;15480;3646;70131;27107;71694;32422
evaluation,2616,83840;53357;83992;55388;56094;96854;54109;66120;48764;4762
evaluation,2617,54924;54908;54802;59060;90605;99821;7795;5956;2026;63450
evaluation,2618,68562;68166;66212;54720;36064;88782;27224;70210;18700;28712
evaluation,2619,19579;63652;61945;61880;8006;3010;6204;23234;62228;4856
evaluation,2620,97959;99516;99476;98006;96603;22784;2068;93036;87688;12856
evaluation,2621,29108;39730;58322;94877;81840;3010;4732;22226;3812;84520
evaluation,2622,7988;18055;81893;77326;10740;26476;32734;85394;72114;32264
evaluation,2623,86621;24712;25462;24568;77615;48140;94846;14536;15450;10784
evaluation,2624,27842;12242;44374;66074;23851;63302;82214;46837;31516;8484
evaluation,2625,34298;56786;44067;63910;98282;90602;98194;25176;48486;50180
evaluation,2626,81948;9606;898;11070;60251;1146;5174;6994;55652;46616
evaluation,2627,42458;6767;27600;9308;27604;57708;26586;752;54010;75704
evaluation,2628,63336;36804;32452;46616;21052;43625;22567;68114;55820;36864
evaluation,2629,97124;36900;72996;56505;33556;52948;39630;13958;41092;26240
evaluation,2630,77960;77368;21362;2047;6662;84162;88296;16044;39462;32226
evaluation,2631,30656;98962;37067;10728;10734;36098;1410;17714;16452;44130
evaluation,2632,46928;35590;54282;10979;38468;20974;51786;31174;14716;96822
evaluation,2633,70838;71370;6646;10438;99060;9523;72210;11308;65704;22704
evaluation,2634,3582;16100;44702;3600;72670;44378;84129;20140;6874;44450
evaluation,2635,52616;91352;59986;65786;58215;64736;49080;1416;14854;27042
evaluation,2636,85667;84340;79576;99678;60878;84776;81686;17126;14060;74006
evaluation,2637,8556;42836;5487;29874;80664;85218;83966;6930;40858;3608
evaluation,2638,73908;71882;70576;69794;88358;55652;14132;11960;64345;21280
evaluation,2639,97124;33556;39630;72996;26744;47754;74024;70192;53056;20376
evaluation,2640,83140;86224;89240;49838;30570;64986;13198;90635;89232;62112
evaluation,2641,49056;19336;13084;19468;66052;45526;56152;65478;2407;34794
evaluation,2642,56110;33584;17516;46394;54650;57560;74912;17066;1106;41301
evaluation,2643,55450;50812;51564;66098;81268;59432;38112;51174;62162;97920
evaluation,2644,96473;76268;98075;4536;44904;83904;14200;56424;20427;98461
evaluation,2645,11380;12;19282;20782;88594;54977;37794;64021;87554;34874
evaluation,2646,52616;65786;49080;1416;894;64736;43498;41902;98872;7116
evaluation,2647,41564;52698;68932;5002;66952;47396;83586;19856;54786;40338
evaluation,2648,68248;76234;68916;5354;84660;59280;25580;48216;19336;55310
evaluation,2649,47238;40062;45572;12812;94146;3136;62392;2500;4996;11032
evaluation,2650,28376;53058;37220;41092;36288;37554;97124;53056;37654;93258
evaluation,2651,88748;11702;62222;99539;64986;24901;90635;13696;92041;74808
evaluation,2652,19828;82592;52982;89808;25786;25424;81840;93094;31162;49848
evaluation,2653,44490;62580;62182;64492;244;2984;22252;94877;147;40635
evaluation,2654,7484;49302;21460;23356;1360;58184;24720;164;31622;46300
evaluation,2655,98210;50180;33050;99538;37906;98194;13182;56312;26276;5498
evaluation,2656,14551;33792;48942;34104;93114;27158;77756;26970;34791;14147
evaluation,2657,77100;28878;42618;19456;14550;424;21652;23752;10802;50186
evaluation,2658,52616;65786;49080;64736;1416;894;41902;43498;58215;7116
evaluation,2659,6204;10132;7988;2195;5656;38750;2212;58146;27124;58182
evaluation,2660,91852;4960;5570;96150;13234;4276;9696;11528;4946;58602
evaluation,2661,72940;73666;17046;95885;48942;67510;57708;59132;96822;990
evaluation,2662,64852;354;3792;99678;30436;20302;18640;20902;45791;2592
evaluation,2663,91580;28988;35246;14062;92918;39286;28512;98492;75118;74396
evaluation,2664,56930;37636;32080;36304;35478;74757;45688;28972;44266;32554
evaluation,2665,71174;83398;78164;56742;83741;48050;39419;32476;64552;24686
evaluation,2666,4750;66560;3670;56728;66800;44067;56882;69356;2373;70680
evaluation,2667,81145;49986;87370;16940;80408;28938;86754;75208;17819;81064
evaluation,2668,21042;4699;15006;10998;300;86628;14181;32716;11600;306
evaluation,2669,2774;57048;96056;95586;54258;46516;30248;56370;94560;65160
evaluation,2670,66242;35218;26476;7618;9368;51208;10150;20616;98364;52650
evaluation,2671,10832;11210;95352;36364;42394;10966;23414;39356;86628;73044
evaluation,2672,80942;14828;9074;17414;13718;34628;81840;27370;20350;74050
evaluation,2673,81840;43856;90550;62364;62182;19342;93312;94877;74256;96238
evaluation,2674,4186;22710;54396;53836;990;146;20210;7326;4428;29918
evaluation,2675,81372;26136;77496;9582;9312;76644;48026;82604;51118;81360
evaluation,2676,99020;86654;41581;57577;69106;92918;47084;11756;15334;67610
evaluation,2677,98075;41068;73722;48360;32642;48486;32646;90498;40373;18184
evaluation,2678,71174;88748;39224;24686;48050;16406;99539;39843;22982;18748
evaluation,2679,68248;76234;68916;5354;22926;48216;96822;84660;26364;46840
evaluation,2680,13670;13958;13496;13712;11828;39630;26240;85460;7048;684
evaluation,2681,1094;13084;55652;9762;88358;76874;81382;21280;3136;94146
evaluation,2682,14314;90550;45373;27412;84806;27842;77306;27371;36034;33638
evaluation,2683,96473;76268;98075;49838;83904;33838;98194;71154;44904;50180
evaluation,2684,57048;96056;2774;94560;56370;54258;96854;46516;56028;90942
evaluation,2685,9578;12744;73124;15368;30316;19260;17284;36562;95698;42434
evaluation,2686,85138;69394;49344;97440;55362;14812;46022;15040;92374;58602
evaluation,2687,90500;33184;34298;12756;56424;2280;98461;33820;28759;5498
evaluation,2688,81145;87370;86754;75208;49986;80408;1422;74006;90148;60592
evaluation,2689,44490;30447;94877;50738;62182;21528;62580;6552;90550;11419
evaluation,2690,17546;66622;50268;10768;35836;85540;46058;31302;76932;13234
evaluation,2691,25168;53799;15088;56336;51662;74990;27664;9826;75208;39418
evaluation,2692,93456;1118;11108;13000;13368;8796;2570;3754;21650;8540
evaluation,2693,9468;9168;45068;78532;77402;61982;96134;8134;28988;47200
evaluation,2694,63434;19314;17770;19034;39214;13500;4416;17502;11166;27886
evaluation,2695,48486;44067;56882;56302;44904;33222;3670;69356;71154;18184
evaluation,2696,71043;62110;24940;17102;20427;16406;56258;2734;62246;68296
evaluation,2697,96473;98075;49838;33222;76268;25176;56424;6086;48360;33184
evaluation,2698,68248;76234;84660;68916;47618;19336;19468;21098;22926;48180
evaluation,2699,74213;13746;31868;81050;13016;37080;36976;81120;89798;24812
evaluation,2700,98102;72686;2068;16658;91243;78930;73493;97284;8711;98006
evaluation,2701,83914;31175;41528;64736;8016;91352;11974;82588;10424;1396
evaluation,2702,48486;44067;6136;44904;56302;90498;56882;18184;69356;76268
evaluation,2703,21870;40373;13182;40772;34298;21886;83904;76268;36918;91996
evaluation,2704,13746;74213;31868;81050;13016;81120;37080;36976;24812;13959
evaluation,2705,53357;54109;55388;19852;83840;4762;52750;3859;59060;81382
evaluation,2706,42495;30823;5956;38706;26574;34244;22252;97108;38260;22160
evaluation,2707,15266;15322;61698;34794;34010;37379;37106;89852;36854;65478
evaluation,2708,45065;50314;46412;51448;1322;35572;31080;71646;45237;19767
evaluation,2709,73908;71882;70576;14132;69794;88358;55652;11960;64345;22356
evaluation,2710,4996;12812;47238;47264;45572;74949;11032;40984;40062;2500
evaluation,2711,48834;16100;87520;57089;56460;44702;2814;14498;11802;5228
evaluation,2712,472;33184;34298;24988;18184;90500;56424;33820;5498;55576
evaluation,2713,84240;90148;98094;40264;60592;86754;94748;49986;80470;98376
evaluation,2714,94748;90119;96876;18736;87370;31584;60282;75354;42062;94434
evaluation,2715,90119;87370;12904;53906;98072;11780;10646;94434;80408;39296
evaluation,2716,115;23804;39006;32885;19912;532;56542;19018;25482;31242
evaluation,2717,17287;94646;37651;79266;14314;1648;62319;15750;5738;94002
evaluation,2718,60356;46752;51604;3668;72276;46784;78846;13346;63692;28064
evaluation,2719,98075;56424;83904;96473;25176;472;40512;76268;6086;17102
evaluation,2720,98702;44770;86459;21788;92854;5628;2660;92410;23470;90013
evaluation,2721,89808;52982;19828;25786;31162;93094;7724;29108;50008;49848
evaluation,2722,56110;57560;65410;49308;51830;33584;94282;42580;17066;77611
evaluation,2723,8320;2092;51792;8480;1155;146;63472;91352;10424;15205
evaluation,2724,11702;89240;63862;83094;99539;78164;88748;97576;69878;60282
evaluation,2725,17368;32016;97662;97576;83741;24874;83168;22494;55576;39640
evaluation,2726,7498;94034;69416;30942;11084;10387;4786;2480;25088;25694
evaluation,2727,52248;8828;27814;92374;88406;57686;27964;91118;10784;80987
evaluation,2728,62182;44490;68492;81840;62580;90550;62222;21528;94877;9590
evaluation,2729,7276;12764;35960;83586;7064;91500;6758;6828;54243;6552
evaluation,2730,612;86870;12154;34476;21470;87120;54544;21971;39488;34724
evaluation,2731,62902;98338;12700;21420;56336;68852;40452;83966;30848;40858
evaluation,2732,17368;97576;97662;32016;24874;83741;55576;22494;83168;39640
evaluation,2733,68248;76234;68916;84660;48216;5354;47618;19336;22926;19468
evaluation,2734,93798;2870;98731;10314;90350;90614;98636;89151;6603;50958
evaluation,2735,90712;9293;9310;11476;1148;55930;50171;50900;2190;80338
evaluation,2736,91996;5498;34298;13182;76232;40373;5490;98282;36918;56336
evaluation,2737,702;3518;27124;52420;60468;21460;19990;4838;26478;19002
evaluation,2738,52982;19828;25786;89808;26810;93094;4732;31162;26994;5330
evaluation,2739,34874;60188;23338;8402;57502;68945;69708;9074;38482;78232
evaluation,2740,56505;69708;97742;80784;68945;62518;14206;31456;20055;73112
evaluation,2741,6296;52030;85936;51743;22926;21046;33151;4963;84340;14451
evaluation,2742,94092;3646;29858;34013;27386;19128;94242;27107;32422;34011
evaluation,2743,29872;55450;50812;97920;38112;1695;76880;66098;59432;51564
evaluation,2744,33184;50180;75410;43570;7386;97312;18184;71043;90602;17724
evaluation,2745,51727;70498;49614;41581;70214;1707;12056;48458;51996;15479
evaluation,2746,27107;29858;27386;32422;32112;94092;34013;65989;63958;57514
evaluation,2747,21356;86396;41162;26586;62434;88896;598;6767;29514;54211
evaluation,2748,74213;31868;13746;81050;13016;36976;81120;37080;89798;24812
evaluation,2749,66106;89480;18018;67610;81268;76880;60340;76134;47619;1524
evaluation,2750,4592;51656;22;79301;11862;12070;14952;79164;4732;23844
evaluation,2751,4960;91852;5570;96150;67262;58602;76932;53592;4276;13234
evaluation,2752,41092;37220;74836;684;13890;93258;28376;36288;40228;37654
evaluation,2753,14279;73231;83598;56370;95586;54211;38422;26738;96056;87106
evaluation,2754,81840;90550;39730;29888;29108;33938;82592;91970;76992;77982
evaluation,2755,10630;95318;38902;21652;2248;51984;83160;14464;83317;88228
evaluation,2756,92467;9952;55450;27682;59432;50812;97254;13064;81268;50031
evaluation,2757,90498;61238;90500;13182;25668;40512;64552;70680;5498;98194
evaluation,2758,76234;68248;84660;47618;48216;68916;47454;48180;85578;86459
evaluation,2759,85574;64902;12197;4116;19002;97516;88569;86548;46837;97218
evaluation,2760,90550;81840;29108;62182;94877;58322;96238;89590;14314;41079
evaluation,2761,8290;20800;85574;1826;60488;8032;82592;8828;22226;81840
evaluation,2762,94877;81840;90550;21528;32300;26994;4732;35106;3812;26810
evaluation,2763,26128;12862;14822;16118;50624;83160;95318;14464;10630;21632
evaluation,2764,38751;39168;45004;76996;51290;21260;49339;43550;48576;1182
evaluation,2765,54220;43704;3548;46758;8308;17612;52301;53651;87800;8416
evaluation,2766,34264;10271;70131;65354;12659;69801;62466;26030;54466;9738
evaluation,2767,81145;49986;16940;80408;59274;93393;87370;80638;83412;86754
evaluation,2768,5498;34298;40373;13182;56728;98282;21870;21886;34653;40772
evaluation,2769,84704;923;86002;86580;6204;90028;96948;23007;96344;60662
evaluation,2770,92214;39808;8752;39873;85280;40094;15091;10547;16176;74949
evaluation,2771,39356;10620;36364;718;10832;85138;73044;27478;24690;6928
evaluation,2772,3670;57410;4750;66560;69356;7126;18581;56728;98461;33222
evaluation,2773,56728;56882;7386;76268;83614;44067;71154;71126;44410;62222
evaluation,2774,47430;46180;3670;61188;4750;67097;66560;69356;24906;14200
evaluation,2775,86754;75208;75176;75354;90119;87370;18302;18736;91918;52670
evaluation,2776,8333;90500;84576;71108;45856;64552;12756;25668;33184;30285
evaluation,2777,96473;76268;33838;98075;83904;49838;56424;94290;98461;13696
evaluation,2778,13182;34298;5498;91996;36918;32646;32642;40373;21870;98282
evaluation,2779,24874;90498;39640;41068;91996;55576;32646;32642;56336;24616
evaluation,2780,18184;6086;25176;48589;20427;24616;24988;32016;17724;90500
evaluation,2781,91582;25176;34298;41068;64918;69578;88170;12718;32646;32642
evaluation,2782,56728;72622;4750;39058;26664;60858;18832;25668;9334;6166
evaluation,2783,56728;69356;3670;56882;48486;33222;44067;66560;472;44904
evaluation,2784,20014;34263;18124;43512;97607;57410;57546;66800;63910;13846
evaluation,2785,84576;48360;63910;90498;55930;56786;98075;6086;25398;78853
evaluation,2786,89932;86754;94570;31584;84240;90119;75176;80338;75354;90148
evaluation,2787,39640;97662;32294;89838;22494;99538;32476;75516;97576;88748
evaluation,2788,93772;32294;97576;55576;62112;48050;24980;69878;89944;83168
evaluation,2789,62112;11702;99539;88748;90635;62222;13696;97576;63862;39105
evaluation,2790,8350;47430;8451;25922;12698;2274;17766;22224;44718;8288
evaluation,2791,30563;68296;68332;39936;62684;83741;47950;24906;31510;2175
evaluation,2792,18827;77402;71108;47440;39958;4904;63084;52764;62738;7575
evaluation,2793,68248;76234;84660;68916;48216;85578;85460;47618;19336;19468
evaluation,2794,71934;65974;32916;27448;73611;2870;48400;81328;39846;14580
evaluation,2795,90550;81840;29108;94877;21528;39730;73902;89808;89008;89918
evaluation,2796,65981;99796;94877;93312;73493;21528;31162;60;12951;67048
evaluation,2797,2092;79658;7336;4642;14995;15746;43460;63472;72828;98872
evaluation,2798,19852;44807;31550;70736;85936;9443;10122;36574;49302;26478
evaluation,2799,99796;73493;8044;65981;67048;3154;39730;72686;34814;8607
evaluation,2800,46928;54282;35590;10979;20974;108;11070;96822;15205;15512
evaluation,2801,21420;40858;83966;42836;42090;85218;5487;30848;3742;6930
evaluation,2802,66098;51564;55450;24043;56112;38112;31790;56161;1695;50812
evaluation,2803,93456;21650;6496;8796;98835;9464;6132;11476;12934;47308
evaluation,2804,32750;14062;11756;50218;91580;89899;98072;6324;74396;37228
evaluation,2805,44828;79516;5490;32646;14200;32642;69246;13182;90498;98282
evaluation,2806,93258;37220;41092;53058;64716;28376;32562;36288;75858;37654
evaluation,2807,5100;25108;66314;22128;54846;31042;23915;23210;7356;6030
evaluation,2808,79266;68698;42864;74222;17287;59078;59226;84520;10056;94646
evaluation,2809,13242;11970;12262;78258;66170;11910;4732;12122;77615;14952
evaluation,2810,57372;88228;55474;58173;23752;32264;73307;27626;923;59296
evaluation,2811,55334;44730;43850;28930;78172;89125;754;34856;75810;67530
evaluation,2812,68319;4894;78232;57418;58040;19396;12224;53306;61540;22474
evaluation,2813,31216;95318;14550;41474;71240;15520;68433;3518;63598;31560
evaluation,2814,91852;4960;5570;6406;96150;4946;13234;76932;58602;91783
evaluation,2815,1160;62470;62579;62124;20120;29270;15102;18190;60440;282
evaluation,2816,54220;8416;43704;30508;3015;38546;12206;9658;5042;3799
evaluation,2817,77510;26000;82216;31264;32734;10740;50826;60673;59502;36094
evaluation,2818,98102;86192;47098;89548;45450;47012;63778;2068;61616;93036
evaluation,2819,56168;89130;256;75920;15363;74010;15360;5684;278;10506
evaluation,2820,34232;78154;17956;43814;10610;81840;94877;47037;21528;4494
evaluation,2821,48264;69106;75062;41581;56140;35478;38920;31035;3248;85328
evaluation,2822,25047;71876;40254;24263;5080;94954;72190;28759;79212;51598
evaluation,2823,63434;39214;19314;17770;6614;6542;69758;11166;40054;67449
evaluation,2824,21870;40373;21886;34298;13182;40772;5498;91996;31686;98282
evaluation,2825,97462;9332;39640;44823;62110;56258;84834;89838;88748;99538
evaluation,2826,13868;5407;6604;7884;13020;3918;9464;5820;2568;11598
evaluation,2827,59964;94434;31584;87370;18736;94748;58334;80266;86754;58310
evaluation,2828,99464;72000;32160;89894;32120;82920;90720;65370;34504;32270
evaluation,2829,43918;5024;21024;30148;54786;8912;59770;91436;60140;38248
evaluation,2830,14836;14952;43894;77615;12090;42662;77036;8402;78258;93094
evaluation,2831,40971;14608;16118;26128;10630;95318;51984;21652;51508;61420
evaluation,2832,53274;46283;3979;16210;91436;46205;10832;41060;24114;46234
evaluation,2833,35478;70498;3248;70214;55944;3068;63282;56140;57078;60566
evaluation,2834,57372;88228;73307;55474;23752;32264;81893;33736;20814;73644
evaluation,2835,68319;60956;3296;31175;4894;34476;64026;78232;8888;75086
evaluation,2836,4832;732;14764;27042;36134;41498;9712;71963;5172;5344
evaluation,2837,1146;10979;9606;11070;54282;3174;81948;60251;5174;26720
evaluation,2838,6851;84162;3136;44770;6362;6824;48690;61698;21362;6420
evaluation,2839,91110;91865;26187;76738;92758;23048;63880;37922;65556;25770
evaluation,2840,61118;63726;60496;60874;60465;63974;60959;21828;79186;51326
evaluation,2841,4838;67244;26478;68262;93114;20782;13504;27124;37950;33492
evaluation,2842,15088;21420;53799;25578;25168;27664;30848;31275;74990;42836
evaluation,2843,9168;9468;10818;62428;78532;61982;33210;69106;45068;99020
evaluation,2844,21870;34298;40373;36918;83904;56564;76268;91996;64918;42754
evaluation,2845,98075;96473;44904;76268;56302;56882;83904;48486;44067;25176
evaluation,2846,10314;98731;93798;98636;90350;89151;90614;45698;3040;86180
evaluation,2847,98166;39462;26528;98702;98476;90013;6894;21090;78154;23030
evaluation,2848,68224;93086;27814;38844;21632;30826;9530;74492;87952;67354
evaluation,2849,29186;17326;45174;32719;27124;41602;54786;22546;86259;67963
evaluation,2850,62806;8402;36574;77615;14952;88586;26478;35378;75986;79301
evaluation,2851,91322;598;58212;3378;36030;16987;78652;24486;47758;80942
evaluation,2852,71370;72210;91992;92700;23671;70838;23824;23754;26182;10438
evaluation,2853,76176;76232;91996;95250;5498;13182;5490;34298;93372;55576
evaluation,2854,66098;51564;55450;29872;97920;56161;50812;51174;24043;81268
evaluation,2855,34454;46804;59807;96944;23824;45706;74250;53190;35508;49382
evaluation,2856,89917;91918;91890;89932;75354;10646;98094;93488;93591;86754
evaluation,2857,79164;46506;16476;79301;47282;82675;28390;30070;39070;51656
evaluation,2858,34454;46804;96944;23824;59807;74250;45706;35508;53190;23754
evaluation,2859,40858;40452;21420;5487;80664;98338;62902;83966;6262;56336
evaluation,2860,51894;3828;22306;31034;30738;18636;20902;2592;1462;35010
evaluation,2861,41450;41018;50624;15870;43131;30398;26316;57905;31560;23851
evaluation,2862,91852;4960;5570;4946;13234;11528;58602;96150;9696;53912
evaluation,2863,93456;13896;21650;17798;11476;8540;8812;2568;8796;98835
evaluation,2864,87297;24679;36304;77109;44194;62466;80810;40276;22808;70288
evaluation,2865,98075;6086;48360;56882;25176;76268;90498;78852;25514;41943
evaluation,2866,32646;40373;32642;34298;5498;91996;13182;21870;90498;2280
evaluation,2867,20108;36984;79516;84576;33184;56358;71108;32642;32646;45856
evaluation,2868,68248;76234;84660;68916;47618;21098;19336;85578;19468;48216
evaluation,2869,1146;9606;5174;81948;10979;76886;914;22090;55652;19912
evaluation,2870,21890;59579;82974;64090;27672;87576;23100;94851;92240;20830
evaluation,2871,1276;37922;9658;77034;42784;39196;3298;21898;88836;5042
evaluation,2872,99678;354;3792;8912;67552;20302;64852;19372;5094;5642
evaluation,2873,21650;68728;13000;13630;93456;56428;3754;8796;74599;26412
evaluation,2874,29402;27076;18642;6690;86378;14012;6574;6886;48392;9738
evaluation,2875,63910;55930;48589;98461;2175;98312;13182;56786;34102;34298
evaluation,2876,86378;13886;14012;26412;17999;74960;74978;5938;1118;13250
evaluation,2877,39172;90500;8333;71108;45856;36918;18184;42754;98072;84576
evaluation,2878,94242;97724;4169;69801;38706;39808;39873;7436;58240;20936
evaluation,2879,61118;60874;60465;60496;63726;60959;21828;63974;79502;15740
evaluation,2880,390;34968;87;43054;23248;1906;1098;53472;27494;1430
evaluation,2881,63450;54802;54924;20006;52750;54908;42495;99681;62944;5956
evaluation,2882,342;20780;8006;41696;88267;75910;8688;16728;1153;3010
evaluation,2883,30760;64026;76738;82604;91110;42790;91865;936;63880;26187
evaluation,2884,22128;43600;13574;30397;22550;23915;44446;13335;38680;54282
evaluation,2885,57372;55474;88228;58173;23752;59296;17024;73307;86618;33736
evaluation,2886,41450;41018;41287;41792;58684;41565;58558;43131;41660;80264
evaluation,2887,91852;4960;96150;53592;11528;53292;13234;4946;9696;76932
evaluation,2888,25056;32719;17720;67963;22546;66212;40714;15712;14162;17326
evaluation,2889,3792;67552;2318;64852;20902;15520;87898;99678;8912;354
evaluation,2890,26412;584;54072;25578;10984;89432;52864;99350;56428;18642
evaluation,2891,44067;33222;71154;56882;7126;3670;66560;50180;56728;44904
evaluation,2892,56370;95586;46516;96056;2774;83598;57048;14279;17024;59526
evaluation,2893,74841;15520;96246;38706;85280;29490;15091;96103;8164;20320
evaluation,2894,19828;52982;89808;94877;25786;31162;82592;50008;93094;49848
evaluation,2895,79756;11802;48834;29154;81304;3612;59120;2035;89340;44702
evaluation,2896,36992;46306;29716;7178;30707;57089;85132;2462;72828;2492
evaluation,2897,18190;62124;62470;70139;1160;59592;60440;62579;15102;29270
evaluation,2898,28816;98588;38680;259;33196;88130;38184;13574;61190;68492
evaluation,2899,79646;24263;80810;73136;35032;21694;5202;62332;18581;67380
evaluation,2900,20108;79516;36984;33184;98312;43570;47430;71108;49838;18827
evaluation,2901,86378;26412;17798;13886;62902;85218;17999;6346;23430;94678
evaluation,2902,18792;16080;30248;53628;65160;55388;38928;18726;68262;26478
evaluation,2903,9606;1146;81948;55652;24782;3174;60251;5174;11070;47926
evaluation,2904,2870;90614;93798;98731;98636;90350;89151;50958;10314;6603
evaluation,2905,90146;1268;9952;56766;81382;49174;48180;6824;8879;6362
evaluation,2906,64021;27964;76348;33378;68842;26128;34340;63949;57372;44738
evaluation,2907,483;61524;480;37636;11530;4068;38492;80658;68992;31312
evaluation,2908,30848;21420;36280;21581;85218;43768;83966;33269;31275;83088
evaluation,2909,68248;76234;68916;13084;84660;19336;47618;19468;55641;55310
evaluation,2910,69263;4628;85983;68487;20798;29922;81328;86150;57124;26851
evaluation,2911,54109;55388;53357;63450;19852;83840;16080;48764;96854;18792
evaluation,2912,90550;81840;29108;94877;26810;31162;89808;89008;15224;32300
evaluation,2913,79756;11802;59120;19636;2035;48834;44131;68888;89340;2492
evaluation,2914,97452;5788;35060;58990;97111;23112;33608;68262;80403;97810
evaluation,2915,44730;43850;28930;55334;34856;29894;90786;67530;53326;55324
evaluation,2916,91852;5570;4960;67262;6406;13234;96150;11528;9696;76932
evaluation,2917,63880;340;69619;19674;376;33165;77510;7988;36044;6931
evaluation,2918,99678;18640;66622;1826;51894;33882;50268;7980;48752;17546
evaluation,2919,96056;95586;56370;94560;57048;14279;46516;54258;38422;2774
evaluation,2920,52604;69263;68590;62912;78172;67790;86694;68487;32444;86180
evaluation,2921,91852;4960;5570;96150;9696;58602;6406;4946;13234;11528
evaluation,2922,35402;6931;19578;86618;51154;9582;2195;81372;49196;2212
evaluation,2923,66772;55388;64354;96857;17572;18775;63404;49572;33328;96934
evaluation,2924,64632;62182;2876;83704;83184;76944;14512;23870;18024;80093
evaluation,2925,24690;68020;2998;50698;67762;114;86312;97790;49582;118
evaluation,2926,9606;1146;81948;24782;47926;3174;55652;24616;11070;60251
evaluation,2927,90146;9952;1268;56766;81382;48180;29276;97197;53687;13064
evaluation,2928,72856;50812;55450;51174;72526;59432;50031;9952;16374;5714
evaluation,2929,35402;6931;19578;86618;81372;51154;9582;2195;2212;63880
evaluation,2930,18190;62124;62470;20120;60440;70139;60048;59592;29270;62579
evaluation,2931,28988;14062;23384;79646;79358;69106;47806;51802;98492;11756
evaluation,2932,3702;4628;67244;56674;68798;68487;34874;35060;69263;9526
evaluation,2933,36918;97607;39172;40373;12700;56882;34298;6178;14266;56728
evaluation,2934,56424;48486;56882;63910;3670;26842;69356;91582;79516;66560
evaluation,2935,47754;3314;70403;13922;15464;47619;70192;71540;78130;67659
evaluation,2936,71882;73908;70576;88358;14132;55652;69794;64345;11960;22356
evaluation,2937,1155;76356;5174;146;118;60251;9606;898;61410;22760
evaluation,2938,26350;59078;59226;22404;5428;9940;5876;33366;14152;23414
evaluation,2939,69940;63894;45638;25424;24048;44166;62713;98620;33801;60140
evaluation,2940,98080;99498;120;18322;51290;41792;102;63498;46252;76996
evaluation,2941,15006;14181;300;68558;234;21042;21484;10998;11600;86628
evaluation,2942,84776;79576;36412;38338;72940;59132;57708;57566;990;96822
evaluation,2943,11584;20866;20518;45791;11178;18640;1826;93206;19372;85574
evaluation,2944,7356;60140;3378;46230;76962;12984;59734;70848;23915;26156
evaluation,2945,18726;65581;33074;31850;97786;50186;46960;28019;80398;45726
evaluation,2946,57686;59410;61934;68262;8696;88406;40184;33492;34724;35918
evaluation,2947,77080;30738;75668;31034;38086;38016;51894;34814;34940;35010
evaluation,2948,15520;87898;60432;85280;12280;3792;50941;3438;79973;96230
evaluation,2949,30508;3015;43704;1276;8416;10814;5042;12206;38536;37422
evaluation,2950,99089;92650;35246;92918;74396;12992;69106;3068;31035;89899
evaluation,2951,52604;68590;69263;86694;8198;86752;10848;86180;67790;62912
evaluation,2952,66772;55388;64354;96857;17572;86594;63404;7484;96484;3859
evaluation,2953,28286;76272;67750;59171;60506;21547;11038;60503;8846;2608
evaluation,2954,57372;40971;7664;26128;63949;51956;14608;51882;98142;14464
evaluation,2955,8320;81850;15746;79658;8480;2092;15819;15222;7970;732
evaluation,2956,95081;93654;93862;97291;93854;97218;44024;44684;18744;64882
evaluation,2957,91852;4960;5570;13234;11528;9696;4276;4946;53592;96150
evaluation,2958,13182;9310;90712;1148;9293;30867;90500;17724;30704;20427
evaluation,2959,91852;4960;4946;53912;11528;9696;45206;5570;13234;53292
evaluation,2960,38482;20424;33608;60188;34874;4306;52656;33492;73112;674
evaluation,2961,89808;19828;52982;25786;93094;31162;7724;49848;12951;82592
evaluation,2962,26128;40971;7664;30398;57372;84457;26210;14464;34340;14608
evaluation,2963,3792;67552;87898;8912;20902;64852;354;96230;49079;99678
evaluation,2964,76738;25770;332;23048;65556;91865;11764;25831;91110;37432
evaluation,2965,34298;55576;71108;33184;64552;56424;90500;7386;24988;472
evaluation,2966,34298;56786;40373;56336;5498;62112;64918;63910;98312;36918
evaluation,2967,6066;97124;3314;60336;15464;6234;33556;41092;47754;68078
evaluation,2968,3828;98878;5659;68562;9870;95623;22306;1011;5760;19107
evaluation,2969,496;1330;2500;13514;3462;2994;18344;7150;13116;32754
evaluation,2970,81572;81543;44925;17326;43874;86723;85584;25056;44096;14162
evaluation,2971,36390;12910;15528;86870;55338;70662;16772;44788;21470;83704
evaluation,2972,99709;10174;60691;24882;7754;47278;73026;15114;66369;784
evaluation,2973,67963;63835;25056;44925;21170;82744;26086;81572;31034;85643
evaluation,2974,38338;36412;38972;87102;5382;16420;16952;81082;87366;43389
evaluation,2975,25786;89808;29108;52982;19828;15224;94877;31162;93094;7724
evaluation,2976,91322;69708;12740;61562;73112;41768;2047;5776;910;9491
evaluation,2977,4030;86723;47018;14402;11764;41422;85584;44925;86600;92036
evaluation,2978,15238;29978;63030;4767;48814;90534;14402;63778;67560;10754
evaluation,2979,98702;34496;39820;6314;6362;89931;48690;17956;78994;32112
evaluation,2980,91852;4960;5570;4946;11528;9696;53912;45206;53592;53292
evaluation,2981,62470;1160;62124;62579;29270;18190;70139;282;15102;60048
evaluation,2982,50031;9952;24043;81268;72856;55450;56161;97254;74599;72526
evaluation,2983,4740;4638;42250;42661;48416;5259;4636;58215;58114;64736
evaluation,2984,96246;85280;74841;26970;38706;15520;15091;57756;96103;25442
evaluation,2985,77100;11014;424;50186;14550;19456;19980;9488;80850;21652
evaluation,2986,67552;3792;64852;8912;87898;354;20902;15520;22620;99678
evaluation,2987,21170;24424;16438;16558;43143;85643;64900;65488;10636;79592
evaluation,2988,32038;67262;53676;88788;28510;3246;33700;74912;56110;45791
evaluation,2989,65556;76738;25770;16692;19510;91865;41528;42790;63880;17908
evaluation,2990,72190;71876;68170;24263;42656;25047;94954;47238;28759;64834
evaluation,2991,40286;21008;81778;50314;51448;71646;75858;21162;27572;21516
evaluation,2992,65955;7410;5895;19768;7504;21515;82520;7434;6410;6006
evaluation,2993,67244;68060;20424;87554;32466;9255;20006;64674;69626;47282
evaluation,2994,30898;30579;4618;90028;96344;86580;36274;36052;22020;81893
evaluation,2995,12992;74396;28988;91580;50070;30194;71866;14062;39286;98194
evaluation,2996,44490;244;62580;62182;94877;90550;30447;81840;50738;74256
evaluation,2997,41450;41018;4664;1876;9064;10004;5086;53958;2267;41287
evaluation,2998,31080;51448;18426;35728;32020;18814;35572;45065;50314;27230
evaluation,2999,13540;13023;96797;32120;58388;27694;25126;31819;34504;32356
evaluation,3000,5895;10472;6006;24102;80668;29956;7504;21515;14544;42789
evaluation,3001,72190;68170;25047;71876;79212;47424;24263;42656;29514;94954
evaluation,3002,91086;68262;97906;86621;97111;35060;97810;27370;61934;17632
evaluation,3003,90550;90532;26556;12654;34628;81840;39488;0;49202;20350
evaluation,3004,67552;3792;64852;8912;15520;354;99678;87898;20302;20902
evaluation,3005,57350;71788;210;68698;48026;61108;9940;42762;8900;88788
evaluation,3006,244;62580;28816;147;68492;16044;38812;11904;65998;50738
evaluation,3007,76880;66098;55450;51174;97920;24043;50812;5714;72856;18832
evaluation,3008,32080;56930;37636;70214;48154;87297;45688;35478;36304;97389
evaluation,3009,1146;9606;10979;5174;3174;38680;81948;60251;65646;17388
evaluation,3010,18792;53628;30248;55388;85936;16080;68262;36574;65160;53357
evaluation,3011,85552;56460;82682;98853;43298;5844;66765;19526;17052;84300
evaluation,3012,11772;48834;2462;7178;76348;36992;42248;17052;43894;57089
evaluation,3013,15880;99570;98950;10014;58744;23570;44544;23754;22587;46764
evaluation,3014,7336;72828;46306;30707;29716;4832;42248;95727;858;17639
evaluation,3015,21911;52886;18904;35104;93684;20760;65182;15210;98272;2407
evaluation,3016,13234;9696;11528;6406;4276;91783;53292;76932;92736;96150
evaluation,3017,64852;99678;3792;45791;87898;67552;96230;22620;82776;20902
evaluation,3018,85584;44925;27224;14162;43874;40714;15520;32719;50826;43143
evaluation,3019,66098;97920;81268;59432;55450;50812;35014;1524;51174;52452
evaluation,3020,32080;37636;56930;35478;70214;45688;44279;70498;97389;44266
evaluation,3021,81268;9952;56161;50031;55450;24043;80664;10116;40858;51564
evaluation,3022,15824;71824;5766;89944;56428;46994;80408;68728;56558;22499
evaluation,3023,68248;76234;68916;84660;19336;19468;13084;55310;21098;47618
evaluation,3024,82520;80668;6006;7504;23196;5895;19768;13116;51572;7410
evaluation,3025,59410;60188;61934;8696;4664;65710;12412;97111;77615;27370
evaluation,3026,41052;12224;4618;22020;45170;65410;92856;90028;86618;9838
evaluation,3027,20014;97607;56728;33628;26052;84901;14200;2014;98461;56882
evaluation,3028,15824;71824;5766;51230;46339;10586;89944;19376;10872;98835
evaluation,3029,86378;18642;13886;9738;38112;93610;55590;19566;56112;51564
evaluation,3030,35060;57048;94560;2774;52256;51276;2051;4628;61562;26538
evaluation,3031,62434;28988;50548;40628;30904;27228;77402;45688;9468;15334
evaluation,3032,79658;7336;15746;2092;4642;43460;49080;98872;63472;43498
evaluation,3033,57372;88228;55474;23752;73307;31082;58173;36094;26414;59296
evaluation,3034,55334;28930;44730;34856;29894;43850;67530;2274;6794;96804
evaluation,3035,77615;14952;11910;14836;12262;78258;11970;8402;89472;77384
evaluation,3036,51894;22306;3828;31034;20902;30738;27494;18636;2592;67963
evaluation,3037,3792;67552;87898;15520;99678;22306;64852;8912;80026;45791
evaluation,3038,31034;51894;20902;36862;398;22306;3662;77080;53286;4020
evaluation,3039,46758;43704;6406;54220;8416;3548;3015;30508;42197;87800
evaluation,3040,67552;3792;8912;64852;87898;20902;354;99678;15520;22620
evaluation,3041,63434;19034;6690;26514;17770;19314;91798;39214;4416;69758
evaluation,3042,25578;25076;880;42836;80664;94678;564;27664;22500;86378
evaluation,3043,88196;58056;40406;19566;3064;68852;36600;85998;44574;47966
evaluation,3044,72190;68170;25047;24263;71876;94954;76944;54010;28759;42656
evaluation,3045,89870;89658;88846;86082;42716;63346;69818;65955;22718;87902
evaluation,3046,19040;85676;17908;10264;42830;44954;87800;1836;46022;70932
evaluation,3047,99539;90635;55576;78164;83094;55658;90476;88748;39843;62110
evaluation,3048,13182;76268;40373;21870;40772;98282;34298;71154;62112;83904
evaluation,3049,19138;83704;14992;13276;19704;14432;63346;13880;10387;47556
evaluation,3050,7336;98806;99300;72828;26164;1492;3640;99768;32508;61784
evaluation,3051,85936;21046;85667;22926;84340;9948;68262;27600;19714;73231
evaluation,3052,31456;47308;21650;306;4078;12917;19046;24476;52772;34626
evaluation,3053,77510;83592;31264;28348;36344;18238;84620;38092;76972;9995
evaluation,3054,3434;35040;4952;81360;16889;46394;887;71946;7788;63302
evaluation,3055,10980;59580;94844;89220;44598;5096;69322;52744;88569;51030
evaluation,3056,20830;75994;15850;23100;358;33626;20782;69626;21712;52772
evaluation,3057,3378;7356;76962;70848;48420;23112;9308;60140;10004;14152
evaluation,3058,67552;3792;8912;64852;87898;15520;354;99678;20902;45791
evaluation,3059,91852;4960;5570;96150;4946;4276;13234;58602;53592;6406
evaluation,3060,33165;24236;4210;7988;59502;31264;56582;60662;5656;72114
evaluation,3061,15363;15966;68020;12983;4428;99498;79822;15360;16450;64053
evaluation,3062,48834;16100;44702;11802;87520;57089;14498;63234;7451;84300
evaluation,3063,77615;12090;89472;12318;62806;12262;78258;8402;14952;77384
evaluation,3064,17720;17326;15520;82744;18990;43874;51884;44925;32719;43143
evaluation,3065,60440;62124;70139;18190;62470;59592;70068;29270;15102;60048
evaluation,3066,34940;30738;77080;75668;35010;31034;34814;38086;51894;38016
evaluation,3067,65148;57048;48154;36642;18238;54258;88594;23248;60588;3886
evaluation,3068,1276;12846;77034;9658;3298;12558;81038;69322;93222;66988
evaluation,3069,12992;8736;89432;3248;50070;3068;35246;91580;75452;28988
evaluation,3070,5766;89944;2790;15824;71824;1524;46339;13868;10872;89480
evaluation,3071,82920;58388;34504;99464;96797;82350;32356;32160;25126;32270
evaluation,3072,54086;85578;85460;13670;45542;26240;5610;13496;54014;11106
evaluation,3073,12812;45572;40062;47238;4996;74949;62994;62392;47264;11032
evaluation,3074,32719;29186;33638;86016;17326;41568;58538;22546;71904;31144
evaluation,3075,17326;17720;14162;15520;60432;51884;54786;32719;50826;22546
evaluation,3076,34026;81448;64006;2880;96434;8706;63598;66364;77737;74646
evaluation,3077,3032;7452;8164;10933;99466;79218;11930;42602;33446;17876
evaluation,3078,74944;1011;3954;19579;23007;6204;3010;3246;52650;8006
evaluation,3079,40654;29186;59352;33626;87898;26338;3140;52744;38512;5024
evaluation,3080,95330;9810;58322;420;52924;39730;76333;53707;86956;91988
evaluation,3081,15480;62944;63864;29956;71694;82944;61570;14544;83598;14339
evaluation,3082,90350;94732;6536;86180;90614;98731;59096;98636;7952;8550
evaluation,3083,82670;45292;64376;30738;21170;42264;51164;65488;34940;81572
evaluation,3084,39419;74511;32476;75354;68332;89232;44718;97662;83398;98094
evaluation,3085,97124;33556;49344;6066;69394;54788;15874;15783;15487;70642
evaluation,3086,96085;5696;30244;39196;85827;3015;37370;30508;79485;210
evaluation,3087,32160;32120;25420;90720;99464;32384;89894;32356;32270;16772
evaluation,3088,93774;22508;68974;14612;29116;7754;89462;3468;1082;60230
evaluation,3089,24114;30288;23061;14902;67373;52400;67431;54730;20212;61438
evaluation,3090,19760;1248;49452;17328;7914;18200;53672;17530;57710;66080
evaluation,3091,48563;17052;56460;7451;6134;22844;57089;33016;15419;17632
evaluation,3092,14952;14836;77615;79301;8402;89472;11910;16476;22;79164
evaluation,3093,14712;65148;16352;14608;5024;52744;4168;11082;72266;49234
evaluation,3094,99000;89125;17222;5002;23067;46960;67562;51372;17530;76244
evaluation,3095,15880;99570;98950;10014;58744;89125;19914;44544;23754;82456
evaluation,3096,13018;85162;25056;51882;28854;27224;47748;30255;5086;61020
evaluation,3097,56998;37197;47562;46796;37428;20264;33328;18775;39684;33416
evaluation,3098,33882;1011;11082;41130;20190;76728;85658;76818;14748;73644
evaluation,3099,98344;21456;22902;58212;34454;4838;32028;17876;64021;47940
evaluation,3100,21484;21606;15006;34646;14181;98472;73070;23082;45875;71330
evaluation,3101,32160;27694;32120;31819;90720;34504;99464;30536;32270;53154
evaluation,3102,6006;10006;23196;7410;7504;82520;51572;7434;26738;13116
evaluation,3103,98282;34298;91996;5498;13182;40373;21870;56336;36918;21886
evaluation,3104,86618;67262;91852;4960;20814;5570;52700;6931;86580;11288
evaluation,3105,3792;67552;64852;8912;87898;15520;20902;49079;22620;96230
evaluation,3106,17720;31034;51884;17326;15520;44925;67963;91249;82744;22546
evaluation,3107,32958;88595;50771;79807;99234;27018;28298;79485;85900;98946
evaluation,3108,62470;62124;62579;1160;29270;70139;18190;282;59592;60440
evaluation,3109,990;29918;20210;22710;96464;4186;146;26804;140;1155
evaluation,3110,12322;63085;35836;61528;72686;3662;38092;4020;42563;17824
evaluation,3111,99678;354;58600;11092;20302;7980;3792;24758;53651;31302
evaluation,3112,56110;27372;42580;5280;26616;66988;14454;57560;98730;94282
evaluation,3113,87297;77109;62466;81085;56162;47720;24679;38492;31946;36304
evaluation,3114,6360;6310;4468;5782;5407;23218;2567;4368;6351;3416
evaluation,3115,2014;14200;20014;14038;64051;99326;13846;4536;90498;97607
evaluation,3116,26136;81372;11812;11982;71966;93530;7913;63302;73268;42864
evaluation,3117,91582;64552;26842;83614;75074;90602;8333;22982;69246;13846
evaluation,3118,86754;75208;75354;81145;90148;94748;91918;98094;91890;89917
evaluation,3119,5086;54118;47748;61020;99060;7830;29400;86510;91902;74844
evaluation,3120,59352;63044;63598;54572;40971;21632;9488;74492;1338;80110
evaluation,3121,81270;70994;73836;67287;68110;75522;18302;62501;76618;19190
evaluation,3122,96797;50491;65370;89894;90720;58388;31392;28960;25126;32356
evaluation,3123,19852;53357;9443;31550;16080;68262;10122;82952;18792;14646
evaluation,3124,1268;724;22284;87516;83088;75704;49174;84206;49302;40858
evaluation,3125,42495;5956;20006;54802;52750;54924;2500;86891;7138;20782
evaluation,3126,93456;68728;13368;3754;2570;8796;21650;1118;8540;9100
evaluation,3127,9310;64918;8982;12738;25398;78652;9293;43512;64320;62796
evaluation,3128,15520;17326;85280;32719;29186;79973;17720;43874;60432;27124
evaluation,3129,60440;18190;15102;20120;70068;62124;59592;70139;282;39318
evaluation,3130,64940;70514;6013;39578;17458;13182;91582;51862;55930;34298
evaluation,3131,3792;67552;64852;8912;87898;20902;354;99678;22620;15520
evaluation,3132,19852;53357;55388;68262;85936;18792;9443;33492;16080;53628
evaluation,3133,15006;10998;4699;21042;14181;300;86628;68558;234;11600
evaluation,3134,98102;91243;2068;65880;78930;97959;12856;32734;96603;16330
evaluation,3135,2068;8607;57876;68334;65880;88483;20774;99476;4767;2790
evaluation,3136,99678;354;3792;20302;92656;48752;67552;15942;85540;43054
evaluation,3137,3828;22306;31034;51894;98878;19372;1462;34814;68562;27494
evaluation,3138,48503;58768;89808;64026;58944;53580;5330;42790;88918;16330
evaluation,3139,38248;45225;12254;91249;7570;9890;17326;12211;7178;3926
evaluation,3140,22306;5659;5760;34968;3008;23248;21024;38248;15520;27494
evaluation,3141,53580;74649;16330;58944;67728;802;87952;68136;79780;33694
evaluation,3142,64882;17222;5002;96944;60112;6056;99570;49452;7914;66080
evaluation,3143,89808;19828;52982;25786;93094;26810;31162;7724;5330;92826
evaluation,3144,14952;14836;36574;79301;35378;77615;11910;8402;15200;42662
evaluation,3145,58212;63598;63044;1338;9488;59352;10508;21632;42580;42320
evaluation,3146,10150;1153;87336;98364;20616;7618;35218;552;26077;40464
evaluation,3147,67552;49079;20902;99678;3792;64852;22620;2318;20302;96230
evaluation,3148,31034;27494;51884;67963;22306;22546;30738;51894;1175;77080
evaluation,3149,14062;89899;21694;10062;5068;9928;11756;69106;7226;71866
evaluation,3150,5066;42874;4222;47144;3558;1618;45004;49339;9990;55000
evaluation,3151,946;1034;18310;1011;18700;17623;29250;69568;33776;68562
evaluation,3152,6360;6310;4468;23218;27664;57577;28248;6390;6554;66101
evaluation,3153,85512;35922;88382;44096;68006;85584;44925;16914;44374;77480
evaluation,3154,89808;7724;19828;8138;93094;92461;52982;31162;25786;92826
evaluation,3155,74213;13746;81050;81120;31868;13016;13959;93969;37080;13766
evaluation,3156,40240;32687;47994;48400;93798;68482;20532;42260;65974;2870
evaluation,3157,9308;42458;6767;54764;54010;49196;13848;26586;62764;7738
evaluation,3158,7451;56460;57089;48563;6134;17052;33016;22844;33522;15419
evaluation,3159,79714;61762;32866;46205;85654;40478;46283;65180;49774;670
evaluation,3160,65148;61967;14748;16352;3260;95392;11082;14712;72990;3308
evaluation,3161,54118;9916;5086;29880;47748;30255;68560;64562;29400;13018
evaluation,3162,7930;37155;7724;89808;92826;92461;93094;8138;37427;11328
evaluation,3163,5086;54118;29880;64562;47748;30255;74844;9916;71404;8102
evaluation,3164,4838;59164;9676;68262;20782;67244;33492;33608;65900;93114
evaluation,3165,66034;25934;44374;46336;1270;49308;44310;59762;56110;88284
evaluation,3166,17222;99000;89125;51372;57710;19760;5002;66618;95904;87962
evaluation,3167,58212;59352;54572;63044;37794;53096;40971;42320;43938;14464
evaluation,3168,17326;44925;75952;2592;85584;77611;55364;44096;31034;15520
evaluation,3169,24610;5680;47618;48180;13084;45670;85578;7018;26858;11419
evaluation,3170,42458;27600;9308;6767;54010;65354;57640;85406;22012;752
evaluation,3171,43512;25514;27251;41943;52054;60806;49838;93372;39958;78652
evaluation,3172,74944;3010;6204;1011;3954;4856;18238;63924;61945;72114
evaluation,3173,73680;73730;93922;96944;1248;82456;46804;22587;64882;60112
evaluation,3174,24114;30288;52400;23061;67373;67431;14902;41060;43918;61438
evaluation,3175,46394;7788;30962;81360;79794;30688;2668;79186;87920;87139
evaluation,3176,48641;51326;74912;9810;5212;86956;37676;60465;420;60305
evaluation,3177,17326;43874;82744;85584;32719;15520;26086;29186;44925;86259
evaluation,3178,74010;75920;75128;5684;8814;56168;71710;2639;24197;10506
evaluation,3179,46450;420;91242;60465;86956;86577;54244;87336;88788;87068
evaluation,3180,63434;17502;39214;10872;11166;6574;34972;19034;6690;97294
evaluation,3181,75074;77826;41434;99326;4536;56882;24988;26842;91582;20427
evaluation,3182,94748;96876;75354;98094;60592;90148;84240;40264;89917;6103
evaluation,3183,51326;4394;45434;74912;1108;12862;86950;30244;99234;1234
evaluation,3184,30244;96085;89024;79485;88595;5696;39196;32958;99234;79807
evaluation,3185,15520;51884;60432;8302;54786;43143;3792;17326;42563;32719
evaluation,3186,65488;88114;15356;16438;75844;64376;16558;9148;79592;43143
evaluation,3187,35040;3434;49382;4952;7998;7986;88388;7772;46394;71788
evaluation,3188,48563;56460;15419;17052;6134;85552;98853;82682;1342;5844
evaluation,3189,64882;96944;49452;17222;22587;46960;60112;5002;7914;6056
evaluation,3190,33016;63170;33522;21470;15419;17668;20482;57089;23826;86870
evaluation,3191,88594;41394;2722;6576;28196;8648;98364;7699;11380;15354
evaluation,3192,35494;11032;62994;6396;51647;94146;32416;1384;36385;2430
evaluation,3193,71710;8814;75920;75128;74010;5684;92402;74116;2639;71492
evaluation,3194,4372;31412;3257;59638;25354;43360;17504;15948;57577;27290
evaluation,3195,64882;96944;5002;17222;49452;60112;65562;65392;66080;7914
evaluation,3196,52604;6536;68590;69263;86180;32444;78172;19138;65160;55806
evaluation,3197,5886;50944;50652;19514;48538;13668;14216;93774;76403;20798
evaluation,3198,20400;40858;78784;656;3742;80664;22284;29874;880;3608
evaluation,3199,7410;26738;14544;7434;7504;6006;6410;4819;10006;5895
evaluation,3200,15487;15874;14279;6868;15783;28204;93800;54194;26692;68140
evaluation,3201,8138;36134;14764;18310;66804;11328;37155;80126;7930;17639
evaluation,3202,79714;65180;32866;5001;1876;46205;46460;670;59882;65581
evaluation,3203,65581;50298;55806;35508;26182;46960;17222;5380;47312;96944
evaluation,3204,67552;3792;87898;64852;8912;96230;20902;26878;99678;86026
evaluation,3205,81372;1836;26246;82604;7998;30508;16136;40608;19518;11812
evaluation,3206,53198;45102;59130;50290;46160;46868;60650;148;89130;73908
evaluation,3207,13574;43600;28816;33196;98588;60282;38184;22128;92286;38680
evaluation,3208,74396;10062;9928;99564;12992;99749;99020;28972;14072;14918
evaluation,3209,13152;6612;39388;45470;7575;42218;22120;41516;66242;19782
evaluation,3210,67048;65981;99806;23671;23754;23570;78268;15590;91992;23824
evaluation,3211,946;1034;99654;29250;33626;11014;1011;68562;18310;44742
evaluation,3212,64882;60112;5002;46046;49452;7914;17222;22587;96944;82456
evaluation,3213,94877;15224;9074;81840;11974;62182;23338;90550;73902;29108
evaluation,3214,89808;19828;88918;88944;52982;94877;25786;7724;26810;31162
evaluation,3215,89808;7724;19828;52982;25786;31162;94877;92826;26810;88918
evaluation,3216,54586;34454;88388;97124;10933;11982;2742;26136;9734;15252
evaluation,3217,64882;22587;49452;6056;46960;96944;17222;53672;99384;58744
evaluation,3218,94877;3812;29108;90550;88918;88944;21528;81840;15224;26994
evaluation,3219,15419;57089;63170;85552;82682;56460;5844;6134;17632;17052
evaluation,3220,1492;16454;1800;8138;15419;17052;82682;5844;99300;66765
evaluation,3221,3792;67552;99678;64852;22620;354;8912;15520;20302;20902
evaluation,3222,51950;66242;52650;63768;42736;15822;4898;9373;63762;73644
evaluation,3223,63652;4960;67262;86618;65910;65194;32734;5570;56588;91852
evaluation,3224,67552;99678;3792;2318;20902;64852;354;1906;43054;5094
evaluation,3225,43874;85584;17720;17326;15520;44925;82744;25056;43143;77480
evaluation,3226,37422;38536;26292;91884;41415;94370;79794;25932;84748;10150
evaluation,3227,91852;4960;96150;4946;5570;58602;13234;6406;67262;45206
evaluation,3228,13152;19782;47144;66242;45470;7575;22120;39388;11532;15870
evaluation,3229,78000;74990;77702;6840;11726;76740;22499;62684;27664;12934
evaluation,3230,74944;49382;6204;1011;3010;18238;19579;3954;11372;3246
evaluation,3231,73908;71882;69794;70576;89506;11960;88358;21280;55652;13084
evaluation,3232,30898;41052;4618;22020;30579;36274;2186;12564;33939;9124
evaluation,3233,90635;99539;90476;89240;11702;83094;92041;86224;78164;88748
evaluation,3234,5354;47618;78380;8879;22926;6224;8854;6362;85578;26858
evaluation,3235,20698;84812;18758;2042;19018;83958;70994;6868;5626;34794
evaluation,3236,21484;21606;34646;14181;19054;45875;98472;84858;46022;15006
evaluation,3237,15278;94877;82675;82974;29108;90550;87920;74256;46394;99060
evaluation,3238,34646;21484;21606;23915;14181;23210;89834;26804;15006;23414
evaluation,3239,31080;51448;18426;32020;35728;18814;35572;50314;45065;93546
evaluation,3240,84517;6064;83958;1236;9370;9628;10302;70954;22459;9726
evaluation,3241,429;48420;3378;9940;56806;16114;2047;7804;76962;198
evaluation,3242,1160;62470;62124;62579;15102;282;18190;29270;70139;60048
evaluation,3243,31312;69004;11530;31494;72086;4068;23594;61524;69749;71106
evaluation,3244,4984;54016;54924;1318;57126;24806;99686;9512;54846;58048
evaluation,3245,17222;64882;5002;96944;66080;25518;49452;65562;60112;19760
evaluation,3246,17326;44925;17720;85584;82744;67963;43874;26086;44096;21170
evaluation,3247,3792;67552;41932;99678;8912;354;87898;96230;15520;64852
evaluation,3248,91918;86754;91890;75208;75354;89932;75176;18736;98072;84240
evaluation,3249,81372;887;82604;71966;11812;30508;16136;7998;4859;98942
evaluation,3250,2092;15746;4642;33980;8320;8480;2168;4740;51792;16650
evaluation,3251,3792;67552;49079;64852;20902;87898;22620;45791;2318;15520
evaluation,3252,79807;28298;79485;99234;32958;98946;50771;88595;30244;86446
evaluation,3253,34814;90534;35155;53284;30738;77080;31034;27616;35258;75668
evaluation,3254,13152;19782;66242;26462;96308;41516;42218;45470;15870;39388
evaluation,3255,99539;63862;89240;11702;90635;90476;83094;88748;92041;78164
evaluation,3256,47200;32456;10116;74599;2790;28214;66106;81268;95865;29872
evaluation,3257,64552;33050;33820;90500;43570;79516;33184;13182;17724;84324
evaluation,3258,7788;81954;7754;12188;558;54330;11252;1712;59211;29116
evaluation,3259,7724;8138;89808;92826;7930;93094;92461;19828;31162;52982
evaluation,3260,81372;1836;88388;82604;2162;40608;6246;89024;30508;7822
evaluation,3261,3792;67552;15520;41932;64852;22306;20902;87898;45791;8912
evaluation,3262,81840;94877;61030;40464;32300;73902;80914;18214;26943;56171
evaluation,3263,98806;11938;99768;99300;30707;3640;23713;77118;77418;12090
evaluation,3264,429;42554;32038;14206;95621;53676;52444;3114;28510;14598
evaluation,3265,3434;35040;7788;71946;4952;46394;88388;81360;81372;30962
evaluation,3266,13152;66242;42218;26210;81496;33939;26462;39388;82523;73307
evaluation,3267,51230;34972;51000;10872;8190;96528;11166;58056;75794;54964
evaluation,3268,87370;75354;75208;86754;63862;18302;74006;23484;31686;71043
evaluation,3269,19852;31550;16080;36574;9443;68262;26478;18792;14646;44807
evaluation,3270,12812;40062;45572;47238;4996;94146;74949;62994;2500;47264
evaluation,3271,46916;63380;74842;11084;46958;35456;90605;42260;24581;13108
evaluation,3272,86754;62912;94846;39296;80338;75208;17819;46752;13892;83412
evaluation,3273,68916;68248;76234;924;19610;84660;19280;47618;1247;21098
evaluation,3274,80668;22160;18262;42789;26574;14544;12347;47264;5895;24102
evaluation,3275,42661;42250;48416;49080;4642;63472;58215;53306;64736;894
evaluation,3276,64882;17222;6056;5002;96542;45706;35508;99000;80952;65581
evaluation,3277,30738;75668;77080;34940;35010;38086;31034;38016;34814;36344
evaluation,3278,35040;3434;7986;887;2068;46394;99165;88388;30688;4952
evaluation,3279,8032;42836;27664;53799;99952;78784;8556;20616;69582;80264
evaluation,3280,64882;96944;6056;46960;22587;49452;17222;99384;60112;65581
evaluation,3281,8138;94877;52982;35086;4732;26994;89808;21528;4426;19828
evaluation,3282,78174;92393;71966;18430;36476;46394;11982;58184;81360;30166
evaluation,3283,44930;28434;10016;51394;33122;35544;71405;98198;11082;59211
evaluation,3284,22587;46804;45706;59807;60112;49482;74250;23754;76403;23570
evaluation,3285,13018;71404;5086;61020;47748;29400;31706;29880;86078;86510
evaluation,3286,60468;3518;702;27124;19990;14147;87206;33792;95318;7802
evaluation,3287,4168;3260;30186;99227;5024;95392;16352;30288;14712;10972
evaluation,3288,73307;57543;9124;71404;73438;8436;73644;82770;73098;73418
evaluation,3289,1034;946;1011;68562;74944;68166;1462;1048;18700;70210
evaluation,3290,98344;22902;91956;47940;47667;21456;21278;2051;75843;59164
evaluation,3291,20350;51984;34628;59480;38238;50950;9712;45957;82492;21660
evaluation,3292,77480;31034;27494;67552;15520;3792;67963;77034;1462;25056
evaluation,3293,30508;5696;30244;1276;3015;38546;57350;96085;1900;54314
evaluation,3294,62470;1160;60048;62579;62124;70068;70139;29270;282;18190
evaluation,3295,53198;45102;46160;59130;60650;46868;50290;73908;71882;69794
evaluation,3296,4020;3662;61528;31627;35836;12322;95582;49324;1366;42563
evaluation,3297,17778;91864;40608;77034;19518;21890;1064;1276;53676;85584
evaluation,3298,8416;12206;9042;9658;12535;2132;3298;2202;12846;1276
evaluation,3299,3434;35040;887;7986;4859;81360;73268;46394;99165;4952
evaluation,3300,55806;64702;24490;5983;30904;40254;51604;26412;28534;56686
evaluation,3301,26960;97920;51174;28456;46339;55450;80509;74599;66098;50812
evaluation,3302,13152;19782;66242;47144;22120;39388;7575;26462;45470;15870
evaluation,3303,99539;90635;89240;11702;83094;90476;88748;55576;75516;63862
evaluation,3304,70514;31132;41632;15182;59638;85152;41658;71832;73136;26052
evaluation,3305,68916;68248;924;76234;1247;19280;84660;19336;19610;11684
evaluation,3306,82728;24581;70682;36900;68289;35738;82060;13528;1568;1588
evaluation,3307,788;8712;46408;6210;13068;6478;59592;18206;4972;49396
evaluation,3308,42495;2500;7138;48184;75147;28190;10528;92321;14544;10472
evaluation,3309,45542;45342;17468;25088;70600;10387;47556;46916;11084;1316
evaluation,3310,88748;68332;84834;62110;90476;68296;4708;82044;63862;24901
evaluation,3311,45542;47556;17468;25088;70600;45342;46916;13766;54086;98136
evaluation,3312,47818;86150;2996;47857;81338;47801;79324;94387;80230;82893
evaluation,3313,9334;51536;79494;11698;1184;36558;70822;73226;39180;50190
evaluation,3314,65444;19208;21870;21886;69246;83326;65392;13182;33820;9310
evaluation,3315,1030;24434;30328;73836;3352;3608;96528;80664;4390;40858
evaluation,3316,9332;88086;84756;6080;7244;25354;31650;11598;5088;5020
evaluation,3317,1030;24434;30328;3608;3352;73836;4390;96528;80664;19190
evaluation,3318,99539;63862;89240;11702;90635;90476;83094;88748;92041;78164
evaluation,3319,9310;64918;8982;12738;25398;78652;64320;60340;2920;9293
evaluation,3320,16064;6198;64940;7188;91582;13182;57920;53957;41472;69578
evaluation,3321,6710;7170;7110;9299;13114;12008;2570;1962;9118;1736
evaluation,3322,47758;74050;66908;55582;24811;56490;20055;36348;43760;46296
evaluation,3323,45542;47556;46916;70600;17468;13766;25088;45342;98136;54086
evaluation,3324,33556;97124;53056;13922;53058;13958;36594;32562;74136;13712
evaluation,3325,46916;46958;63380;74842;11084;13108;40494;70600;39462;23280
evaluation,3326,2092;81850;79658;4642;7336;16650;63472;39040;4740;4910
evaluation,3327,14612;15970;58320;8896;30359;50512;81696;17802;15091;30823
evaluation,3328,8540;2290;93456;6668;7762;55590;9432;5536;8796;97920
evaluation,3329,2790;5766;89944;89480;1524;46339;89432;66106;19376;52452
evaluation,3330,13152;45470;39388;19782;66242;22120;34718;87300;42218;7575
evaluation,3331,19208;65444;21886;21870;9310;69246;83326;8708;83412;22436
evaluation,3332,42880;69888;39406;57338;51862;6026;31132;33270;10276;9108
evaluation,3333,85138;21902;46476;49196;49344;69394;89536;10620;24690;13422
evaluation,3334,88748;99539;4708;90635;97662;24901;83094;31510;93772;75516
evaluation,3335,62182;31162;18636;82592;50877;93312;19828;50008;21528;89808
evaluation,3336,72990;13614;49358;4168;41060;6576;65148;91436;88084;72266
evaluation,3337,702;27124;4408;60468;80400;54404;7802;3612;14147;48834
evaluation,3338,33882;1011;41130;429;76728;74872;22677;36532;3246;52650
evaluation,3339,98344;47940;22902;47667;75843;91956;2051;9828;17876;21456
evaluation,3340,32302;25350;702;51496;65522;89842;87698;63030;70186;78930
evaluation,3341,91852;4960;5570;96150;27437;6406;82776;9762;76932;58602
evaluation,3342,67552;3792;64852;8912;15520;87898;354;99678;41932;22620
evaluation,3343,18364;39008;19576;31850;38928;73110;92410;18780;35490;18726
evaluation,3344,5752;77170;74050;92284;55582;90;20055;73044;7298;52656
evaluation,3345,57048;56370;54258;46516;96056;95586;2774;94560;14279;7764
evaluation,3346,342;16728;15804;75910;2186;1153;86002;8006;82216;7830
evaluation,3347,69318;72732;45418;50631;49128;72119;75404;53421;74426;82328
evaluation,3348,92856;61945;86597;19578;9064;81496;15822;6931;9368;60662
evaluation,3349,21294;17800;21870;80040;99780;21886;27358;77445;3352;8982
evaluation,3350,64918;34264;66800;43512;55930;98282;66560;57546;21096;67097
evaluation,3351,83614;64552;90602;8333;57868;17774;27750;91582;50180;25668
evaluation,3352,25694;6712;51647;48454;5676;6420;48680;6362;96422;6824
evaluation,3353,91852;4960;5570;17004;67262;4946;96150;58602;9696;11528
evaluation,3354,59410;12952;66170;96169;26824;31175;66982;4094;4154;73309
evaluation,3355,1160;62470;62579;62124;15102;282;18190;29270;70139;60048
evaluation,3356,19208;65444;21886;21870;9310;69246;83412;8708;83326;22436
evaluation,3357,64882;96944;49452;93922;17222;60112;5002;46960;22587;7914
evaluation,3358,16420;16952;10822;30826;1448;58310;93448;15212;702;86574
evaluation,3359,48832;4;7198;45886;61476;58114;61540;40208;58758;10154
evaluation,3360,52616;58215;73706;58114;1637;84776;71834;26298;14604;2168
evaluation,3361,7930;37155;11328;22940;18700;18310;8138;98806;17623;92826
evaluation,3362,85308;66952;81357;66738;50298;82836;87028;73124;6056;46797
evaluation,3363,54120;87028;36134;10438;35850;17623;33776;23713;66804;12834
evaluation,3364,44130;1060;3730;16452;37067;5272;36010;7524;1410;17714
evaluation,3365,91086;48563;56460;97810;85552;97906;5844;82682;98853;22302
evaluation,3366,89808;7724;8138;19828;92461;92826;93094;52982;25786;16420
evaluation,3367,92418;19852;31550;48782;38706;9443;53357;4169;44807;94242
evaluation,3368,21456;32028;98344;22403;22902;47971;47940;58212;11506;17876
evaluation,3369,54786;31034;27494;30738;51894;22306;86600;77080;34814;65910
evaluation,3370,32958;28298;79807;79485;88595;99234;98946;86446;30244;17256
evaluation,3371,18190;62470;62579;62124;20120;60440;70139;70068;1160;29270
evaluation,3372,69318;72732;72119;49128;72090;53421;50631;74766;33914;81893
evaluation,3373,53676;12535;12846;91864;63484;12336;23124;23102;42830;9746
evaluation,3374,51230;42656;98240;10872;9826;58056;85998;75074;31312;27266
evaluation,3375,20960;28988;47200;9468;39286;22090;53766;19606;66098;35246
evaluation,3376,44586;28214;81268;62162;59432;32900;38112;97920;1524;32456
evaluation,3377,9334;79494;11698;39180;51536;2191;2144;50190;35956;77445
evaluation,3378,61118;60465;60874;60959;60496;63726;21828;86956;60374;51326
evaluation,3379,3792;64852;67552;45791;22620;49079;354;20902;20302;58782
evaluation,3380,342;16728;86002;84704;75910;8006;15804;2186;82216;36338
evaluation,3381,26592;19040;49880;5375;11958;27372;874;10264;1836;57164
evaluation,3382,22912;552;26309;17778;91864;59898;41415;60336;88836;17908
evaluation,3383,42790;9890;45174;65088;1064;12197;11516;85584;17778;9110
evaluation,3384,11212;60586;51468;30233;12292;13784;47018;88433;64192;50072
evaluation,3385,52220;5354;57566;9382;21046;84660;85087;38338;8839;60352
evaluation,3386,68020;64053;97790;39212;23116;102;30650;26570;22458;24870
evaluation,3387,146;61410;898;31974;1155;11070;5178;46422;81948;29266
evaluation,3388,62470;62124;1160;62579;282;70139;29270;59592;60440;18190
evaluation,3389,26738;7410;10528;7434;7504;82520;10472;92321;10006;6410
evaluation,3390,72996;97124;33328;13712;37596;66120;13922;13670;71488;65160
evaluation,3391,15520;17326;85280;32719;29186;79973;17720;43874;60432;27124
evaluation,3392,67552;3792;64852;8912;87898;99678;354;15520;22306;20902
evaluation,3393,34026;82774;9552;77737;91524;27564;81448;82523;14712;5024
evaluation,3394,75098;81834;92402;88240;71710;88272;92158;75920;5684;3290
evaluation,3395,41498;54064;72670;16454;15604;45957;51148;36134;19526;99300
evaluation,3396,81372;82604;30508;7998;887;16136;11812;71966;9106;1836
evaluation,3397,93456;21650;8796;13368;2290;6554;13462;1118;8190;8264
evaluation,3398,49302;11506;59164;46241;68262;24610;85936;84206;9676;33492
evaluation,3399,77034;17778;35922;5375;61636;71462;12544;17006;12846;15768
evaluation,3400,69318;72732;49128;72119;50631;45418;72090;53421;82328;41078
evaluation,3401,96114;63894;53286;26156;816;45638;34566;59734;28282;4926
evaluation,3402,99000;50852;46960;49452;37197;89125;22587;35508;36072;67562
evaluation,3403,33638;9110;68698;9226;48026;8724;93530;38326;39730;22476
evaluation,3404,51118;30508;936;3015;59579;36766;84806;57350;11764;67562
evaluation,3405,16136;887;1836;81372;82604;71966;10156;7998;53047;30508
evaluation,3406,74944;1011;3954;19579;23007;3246;3010;946;3299;6204
evaluation,3407,96434;34026;8706;81432;82729;2880;72932;81448;45478;24758
evaluation,3408,33700;29634;19760;59579;42762;99570;23035;15452;18200;82456
evaluation,3409,65554;77034;60336;91864;59898;85584;26309;9254;64090;53676
evaluation,3410,24250;10436;12211;51884;77080;75668;5012;1670;11162;390
evaluation,3411,15709;16116;22262;68178;71330;28190;84858;71470;16714;23527
evaluation,3412,1836;16136;30508;51118;67262;82604;81372;57350;88595;89024
evaluation,3413,88748;83094;75516;23484;4708;24901;63862;74511;26276;39105
evaluation,3414,86891;28034;54924;32038;48140;42495;36408;55388;52750;48772
evaluation,3415,51326;86956;74912;46450;60465;9810;420;74424;61118;34556
evaluation,3416,4960;91852;67262;10887;8660;6406;46058;96150;5570;74800
evaluation,3417,45339;16914;15846;15924;16128;35922;15942;15926;15546;16622
evaluation,3418,91086;97810;97452;48563;68262;35060;56460;15419;72142;97906
evaluation,3419,64882;93922;60112;96944;17222;49452;37846;17283;5002;22587
evaluation,3420,81840;62182;90550;94877;21528;96238;26810;97607;74256;20350
evaluation,3421,19852;4592;11904;12007;38706;22566;96103;3292;12070;84457
evaluation,3422,65581;50298;55806;26182;46960;82456;35508;47312;96944;5380
evaluation,3423,8912;3975;5094;5642;87898;19372;49079;82776;4946;55362
evaluation,3424,31152;2760;2734;46748;7386;43512;78652;11628;39102;23870
evaluation,3425,14062;99324;40254;30904;50218;62434;6324;28988;50070;8134
evaluation,3426,88748;75516;24901;4708;32476;31510;97576;68332;11702;39843
evaluation,3427,9334;79494;11698;39180;35956;51536;59046;2191;80853;69536
evaluation,3428,97662;75516;83094;39640;44823;90635;97576;90476;88748;22494
evaluation,3429,32160;32120;28960;53154;32384;25420;99464;30536;32270;54052
evaluation,3430,35958;12854;13338;14454;55349;4658;9520;80668;24102;92036
evaluation,3431,47756;44544;99570;86548;71502;85412;31945;56728;86060;22893
evaluation,3432,73680;93922;73730;44930;46804;96944;97838;82456;23527;60112
evaluation,3433,97452;77756;26478;75986;62806;93114;97111;68262;23527;23112
evaluation,3434,4960;91852;9696;96150;11528;5570;13234;58602;45206;53592
evaluation,3435,63434;17770;3132;6194;9332;17723;6080;8870;3064;40054
evaluation,3436,14062;40254;78532;8134;24490;9932;61982;6324;74396;30194
evaluation,3437,21294;80040;99780;17800;96796;33763;77445;21870;2280;58574
evaluation,3438,1146;9606;81948;10979;3174;5174;898;76886;59344;19986
evaluation,3439,45542;70600;47556;46916;13766;98136;17468;25088;1316;45342
evaluation,3440,21528;5072;94877;3718;29108;14828;7064;90550;7648;7930
evaluation,3441,33882;1011;11082;76728;41130;14748;73644;20190;15822;77680
evaluation,3442,6056;64882;49452;89125;17222;22587;41040;53672;6538;46046
evaluation,3443,8138;52982;89808;7724;93094;34415;19828;25786;35086;31162
evaluation,3444,48832;7198;4;61540;61476;58114;10154;2168;40208;58758
evaluation,3445,15709;84858;22262;16116;71470;71330;82952;87576;5086;96246
evaluation,3446,1876;11603;9488;1912;8102;10802;27462;13067;10630;81666
evaluation,3447,98344;22403;47667;21456;47940;22902;32028;17876;53136;34454
evaluation,3448,78783;86092;42051;61612;11712;23924;23652;20440;27672;4254
evaluation,3449,30288;41415;46022;48912;85676;84748;26246;50512;50602;50280
evaluation,3450,30738;38086;38016;31034;34814;77080;75668;51894;67963;14722
evaluation,3451,16136;1836;82604;30508;12378;26246;9106;798;21898;7998
evaluation,3452,77737;34026;49806;15916;9552;91524;51882;27564;19856;50018
evaluation,3453,2098;16044;4031;66052;82728;61410;54282;89834;16902;22132
evaluation,3454,8706;96434;81448;49806;8008;64006;34026;47098;2880;47396
evaluation,3455,35040;3434;46394;81360;7788;4952;30962;73268;7986;887
evaluation,3456,31264;38092;63085;36344;28348;58684;42563;58558;35836;18238
evaluation,3457,83184;19640;79212;57124;49413;47200;94410;28988;8736;19606
evaluation,3458,55450;29872;59432;66098;97920;50812;76880;38112;1695;95865
evaluation,3459,97806;97259;97530;31318;9235;17458;74808;1680;80230;1240
evaluation,3460,7930;37155;8138;41498;11328;7724;36134;18310;89808;37427
evaluation,3461,10071;61934;59410;10798;30088;19416;37950;79260;52600;73730
evaluation,3462,68248;68916;59280;76234;55310;55641;88972;71094;924;58728
evaluation,3463,55388;66772;96857;64354;69662;33328;96934;36594;52604;8604
evaluation,3464,64882;96944;49452;17222;60112;93922;5002;46960;22587;66080
evaluation,3465,40034;26556;24728;67996;92040;12318;2392;12090;9712;10656
evaluation,3466,42250;41528;71405;14434;16650;5259;28434;19884;66202;18060
evaluation,3467,85308;66952;81357;73124;66738;6056;50298;87028;99686;68470
evaluation,3468,60400;37328;1637;2168;58114;16650;25867;71834;26298;48416
evaluation,3469,32866;79714;65180;46460;46234;61762;46283;46205;27448;5001
evaluation,3470,42250;14434;41528;71405;28434;16650;53306;8016;79658;5259
evaluation,3471,8138;15604;72670;92460;7930;2492;16454;89340;9712;44131
evaluation,3472,91086;97810;35060;80942;34320;48563;56460;15419;97906;68262
evaluation,3473,15520;3792;60432;22546;59709;17326;67963;17720;32719;25056
evaluation,3474,77737;15916;91524;34026;81448;94338;92942;9552;27564;82774
evaluation,3475,75294;31412;17819;33838;34916;12632;80408;80638;85152;6052
evaluation,3476,96912;25362;54194;26538;34590;96584;34542;22160;99709;41162
evaluation,3477,93922;64882;96944;5002;17283;49452;17222;60112;91992;22587
evaluation,3478,89808;7724;94877;19828;26810;52982;88918;88944;25786;31162
evaluation,3479,55652;88358;76874;57962;89506;59344;5222;10142;13084;75458
evaluation,3480,90614;37654;28376;53056;15872;17294;37220;90350;53058;98636
evaluation,3481,26780;73136;50548;45068;14062;62332;35032;99324;57757;79952
evaluation,3482,58260;3264;3040;6558;71934;98731;70682;59096;29232;1846
evaluation,3483,66772;55388;64354;96857;17572;18775;33243;33328;3859;86594
evaluation,3484,35124;88676;910;94242;2047;780;12740;35456;1024;37602
evaluation,3485,65880;1236;33110;26077;4434;2068;6532;2790;92758;18872
evaluation,3486,15419;5844;82682;1342;17052;1258;85552;57089;98853;48563
evaluation,3487,12486;17623;3979;14764;23713;35962;18310;75661;21660;35914
evaluation,3488,97452;20384;93114;88586;68262;77756;26478;19526;80584;37427
evaluation,3489,64882;96944;49452;17222;22587;93922;60112;46960;5002;7914
evaluation,3490,77737;34026;9552;82774;15916;92942;27564;91524;81448;19856
evaluation,3491,88748;75516;24901;4708;68332;39843;99539;23484;32476;31510
evaluation,3492,35494;62994;6396;32416;11032;21964;87201;3468;77368;36385
evaluation,3493,7898;86180;90614;98636;87710;90350;83820;1846;6558;8550
evaluation,3494,59709;92656;22546;71142;67552;28452;65002;17926;23744;44434
evaluation,3495,29028;10154;12;8480;51792;26018;28054;2092;15746;2168
evaluation,3496,96584;26538;35547;54194;96912;17222;62756;34542;64882;4658
evaluation,3497,19208;8708;65444;21886;21870;69246;9310;83412;62796;33820
evaluation,3498,19852;68262;20782;53357;9443;49302;16080;36574;12854;78760
evaluation,3499,28188;97259;97806;96876;72622;31318;23632;4020;57876;20130
evaluation,3500,41516;17800;49932;69156;56972;98960;8708;77445;76136;58574
evaluation,3501,86510;61020;86312;47748;70736;5086;45004;12572;54118;60955
evaluation,3502,73438;73307;73590;9124;73098;57543;37938;71404;49994;73644
evaluation,3503,71370;13306;92700;26182;91992;23671;72210;1698;23824;24652
evaluation,3504,71876;28536;25047;42656;68170;51598;54010;90452;29514;31318
evaluation,3505,83264;97920;81268;66098;51174;61530;34536;81954;56112;5714
evaluation,3506,89352;47084;9826;88483;12304;14068;48504;98240;89791;40614
evaluation,3507,6360;5782;6418;6351;5542;5407;6310;5620;3416;9118
evaluation,3508,86396;99582;36472;9839;47299;26285;62710;64562;47037;96796
evaluation,3509,72142;36385;57232;35854;1384;82952;28821;62994;57388;11032
evaluation,3510,31819;96797;32160;28960;72000;32120;27694;34504;50491;50990
evaluation,3511,35547;96584;62756;34542;41474;54194;56806;15368;48420;8943
evaluation,3512,28118;32120;27694;32160;27456;31819;28960;53154;25420;32356
evaluation,3513,96857;86150;85983;37206;5510;81328;79212;14339;62392;97636
evaluation,3514,66034;1968;52476;29250;96434;18794;52504;7802;91002;87028
evaluation,3515,31202;99472;95769;81338;81768;57705;44768;86150;61530;10276
evaluation,3516,2734;81170;17368;16086;21096;13182;75410;5490;76460;17724
evaluation,3517,85584;43874;32719;25056;49788;22546;17326;44925;29186;40714
evaluation,3518,77034;1276;17494;54243;43594;36210;81038;73488;92240;21890
evaluation,3519,69106;28988;77402;5765;47302;14918;20960;31035;73136;59102
evaluation,3520,32444;90350;52772;88460;24102;94732;71694;6536;18868;86180
evaluation,3521,42495;15006;36662;59226;59078;75714;57124;71876;23822;65646
evaluation,3522,42260;2870;48400;65974;93798;40240;20532;10314;47994;70682
evaluation,3523,44024;73493;14550;97218;99796;21471;97292;52504;15210;14822
evaluation,3524,32719;91864;17326;58538;29186;71904;27124;86259;42830;85584
evaluation,3525,66772;55388;96857;64354;17572;63404;18775;49572;8604;14339
evaluation,3526,83276;63649;64750;83502;65656;64404;92157;68842;71084;17748
evaluation,3527,91086;97810;68262;97452;56460;48563;15419;35060;33016;87520
evaluation,3528,35850;54120;33776;87028;3171;36134;3570;28366;18310;96169
evaluation,3529,31080;18426;51448;18814;35728;32020;35572;45065;50314;47454
evaluation,3530,3792;67552;64852;99678;87898;9870;49079;20902;22620;354
evaluation,3531,91582;36426;69578;35001;26842;36258;85112;33748;39578;70514
evaluation,3532,80408;89917;91918;91890;28694;81145;98094;4099;17819;42880
evaluation,3533,51448;1322;22718;45065;46412;50314;40286;32754;84162;96146
evaluation,3534,2982;32547;24826;78962;3307;7258;5946;7048;39816;48690
evaluation,3535,35124;35456;910;37602;65989;780;58212;94242;63958;2047
evaluation,3536,46958;11084;63380;46916;23280;4688;82060;24581;40494;65198
evaluation,3537,30285;12756;44067;39172;76268;22982;62796;36984;56424;69246
evaluation,3538,95274;57596;82729;11516;86259;12254;950;1270;22006;71904
evaluation,3539,30172;81038;3298;9658;17908;14206;91864;2038;39196;3006
evaluation,3540,43704;8416;3015;1276;54220;12206;10814;3298;30508;9426
evaluation,3541,56882;56302;44904;44067;56728;46180;48486;3670;76268;71154
evaluation,3542,57048;54258;96056;94560;2774;56370;95586;46516;30248;35060
evaluation,3543,24728;39072;2392;12654;73366;11132;40034;9712;2894;1684
evaluation,3544,97452;33608;23527;68262;97111;75986;23112;58990;97906;35060
evaluation,3545,97636;98262;48610;93860;90605;82933;772;2654;2474;6362
evaluation,3546,46804;80426;49452;92040;19760;99000;42320;72752;27002;7914
evaluation,3547,51894;20902;31034;22306;27494;77080;30738;3828;2592;15520
evaluation,3548,5570;91852;4960;6406;96150;4276;55362;82776;53592;3975
evaluation,3549,22566;32842;990;56506;34504;29140;4116;86891;85334;60398
evaluation,3550,887;81372;4952;40608;9106;88388;48176;9822;80496;7998
evaluation,3551,77737;34026;82774;91524;9552;27564;81448;15916;82523;51882
evaluation,3552,66098;97920;80509;63951;63733;31212;50812;74599;39382;24043
evaluation,3553,50812;29872;1524;66106;51174;97920;34536;81268;63951;62162
evaluation,3554,1030;3608;96528;5438;89377;67772;72579;84834;8556;93236
evaluation,3555,30186;52234;5024;52744;16118;97218;3823;42218;23859;14712
evaluation,3556,12254;11516;12197;1064;42784;874;950;1659;52334;12864
evaluation,3557,32842;60398;85884;22566;59750;3014;82920;34504;17046;990
evaluation,3558,85676;95606;44954;2880;27124;34791;51596;66988;45026;45930
evaluation,3559,3975;4528;50512;6406;93036;55362;4276;2068;58602;87798
evaluation,3560,87688;5424;88157;96603;50812;71300;94556;89548;12856;20690
evaluation,3561,75668;77080;53651;30738;81074;79492;78930;38086;4767;31034
evaluation,3562,6360;6310;5782;2567;6418;5407;23218;4468;6351;5620
evaluation,3563,83184;79212;57124;19640;47200;49413;94410;19606;71824;23214
evaluation,3564,35494;62994;11032;6396;32416;36385;94146;51647;87201;1384
evaluation,3565,79360;13306;42529;8982;56880;16010;22584;80771;56948;51754
evaluation,3566,27456;28118;28960;32356;32384;54052;32160;32120;27694;57884
evaluation,3567,19852;53628;55549;39831;53357;11592;55388;39760;58990;14216
evaluation,3568,24690;23414;87220;86048;23210;55038;26804;95352;10620;95698
evaluation,3569,44067;2760;12738;96473;13846;33184;18184;83904;98075;83614
evaluation,3570,19794;56460;61784;87520;17632;74555;17052;15419;22844;42248
evaluation,3571,52256;9488;51276;74260;73366;14822;52234;3394;13466;31216
evaluation,3572,10071;61934;59410;30088;10798;19416;37950;40368;79260;52600
evaluation,3573,6828;7476;28676;59526;97254;46288;92240;24326;43704;86078
evaluation,3574,17326;44925;85584;55364;75952;43874;82744;44096;2592;81543
evaluation,3575,1106;26350;57350;35982;32038;56110;53676;79028;5212;17066
evaluation,3576,19640;71824;47200;89432;30194;28988;57124;83184;27228;14518
evaluation,3577,6710;7170;9299;1962;2570;12008;1002;7918;7110;13114
evaluation,3578,56474;10004;86892;49981;33608;12154;97111;14536;18803;39488
evaluation,3579,96584;35547;62756;34542;54194;28960;96797;46959;39873;48772
evaluation,3580,5912;58920;89808;26810;5330;52982;19828;25786;4732;92826
evaluation,3581,69488;24858;2262;2051;20912;37846;17127;83064;83317;34244
evaluation,3582,4934;21652;66952;40440;5024;26210;34288;40971;14464;80850
evaluation,3583,86754;75208;75176;90148;89932;5862;18302;84240;52296;91918
evaluation,3584,87688;64345;89548;55117;96603;78930;88157;72187;406;90534
evaluation,3585,22566;34504;32842;990;85884;56506;26364;90720;57390;60398
evaluation,3586,34791;34054;95606;58146;66988;6406;27124;19990;14674;27412
evaluation,3587,9592;9212;44864;72732;36094;41301;23626;11288;86580;40962
evaluation,3588,93036;27100;17186;17210;96603;53799;82516;61616;65606;87798
evaluation,3589,70131;51802;71866;69106;77402;74196;39286;22000;67992;21694
evaluation,3590,28960;50990;96797;89762;50491;32384;27456;16714;46959;58388
evaluation,3591,25694;6712;28118;99044;48680;67836;81328;57884;48400;96797
evaluation,3592,96584;62756;35547;34542;54194;48772;6778;16948;37806;58958
evaluation,3593,13306;16010;1698;72210;28804;46994;26412;71370;23890;75458
evaluation,3594,35547;69488;96584;2262;34542;3032;98344;21652;22902;54870
evaluation,3595,19336;19468;21098;76874;34010;34794;22926;21046;89506;37106
evaluation,3596,97124;72996;53058;93744;52764;13958;30242;57514;65568;13922
evaluation,3597,46234;670;46205;46283;46460;11060;45879;33384;65148;21632
evaluation,3598,64882;6056;49452;22587;46960;17222;99384;53672;96944;41040
evaluation,3599,946;1034;54572;11014;98420;71404;68562;51882;84748;51956
evaluation,3600,2051;17127;20912;83317;2262;83064;24858;98198;42602;3816
evaluation,3601,54586;30672;6134;22009;60172;71614;7451;87952;19794;87520
evaluation,3602,19852;16080;53357;18792;57048;97452;9443;56024;31550;72458
evaluation,3603,48454;28118;48680;25694;51392;30942;25088;64510;91637;37282
evaluation,3604,31080;51448;35728;18426;32020;18814;35572;50314;45065;48919
evaluation,3605,11702;2734;7386;23484;11678;64986;24906;24940;18748;8276
evaluation,3606,88228;23752;58173;57372;59296;55474;17024;27626;98114;73098
evaluation,3607,56474;86892;972;40176;38746;18803;33122;15931;27386;6278
evaluation,3608,28826;11014;8376;5524;30186;66364;52744;14712;52234;77656
evaluation,3609,55334;85574;28930;43850;22476;81304;30528;90802;89125;21660
evaluation,3610,18786;71370;14035;44490;37509;43622;21260;5814;72057;48333
evaluation,3611,82588;20974;52616;90522;91352;15222;8362;64736;75582;15512
evaluation,3612,3792;20902;67552;48752;99678;3828;49079;22306;22620;26878
evaluation,3613,20116;1318;6928;11212;67762;55324;16380;2020;6726;25778
evaluation,3614,93456;13368;9100;10872;21650;8540;47308;1118;2570;1896
evaluation,3615,62246;68332;56258;89838;68296;39419;48050;88748;89232;4708
evaluation,3616,57048;35060;94560;2774;96056;4628;68487;23826;54258;56370
evaluation,3617,33030;34013;27386;3646;29858;94092;54541;32422;34011;27107
evaluation,3618,9606;1146;81948;47926;24782;55652;11070;10979;46616;60251
evaluation,3619,65974;71934;8284;70948;27448;7898;3040;64510;25088;23092
evaluation,3620,57089;7451;44154;33016;33522;22844;16100;56460;87520;14498
evaluation,3621,93922;64882;96944;44930;60112;65392;65562;17222;97838;17283
evaluation,3622,25176;18184;91582;24988;64552;8333;6086;13846;83614;26842
evaluation,3623,85584;17326;44925;43874;75952;15520;82744;77611;44096;2592
evaluation,3624,23746;4946;46022;27100;96603;6406;4276;4528;25932;14402
evaluation,3625,75208;75176;86754;18302;98210;5862;89932;90119;91918;52296
evaluation,3626,35547;34542;96584;62756;32120;1024;96484;25362;22160;34590
evaluation,3627,13746;74213;31868;81050;81120;37080;13016;24812;13959;36976
evaluation,3628,94877;81840;3812;26994;21528;90550;26943;4732;88918;32300
evaluation,3629,12917;61020;12572;26952;5635;35530;77982;71614;6202;31560
evaluation,3630,98853;97906;5844;82682;85552;1342;66765;17052;15419;19794
evaluation,3631,93922;64882;97838;49452;5002;60112;612;59807;46960;36072
evaluation,3632,99466;8164;7452;79218;3032;10933;33446;17876;71488;61065
evaluation,3633,3792;8912;67552;87898;96230;49079;15520;354;64852;82776
evaluation,3634,55450;29872;50812;38112;1695;51564;97920;7426;72526;66098
evaluation,3635,1030;24434;5487;3686;96528;5938;30328;73836;13974;3352
evaluation,3636,96876;97806;97259;90119;26104;60596;1758;10620;70642;14726
evaluation,3637,66772;55388;64354;96857;33328;69662;66120;56094;10874;3859
evaluation,3638,4614;78380;98136;21022;1072;27230;6362;6824;8879;2874
evaluation,3639,97806;96876;97259;10620;14726;72057;60596;90119;49196;1071
evaluation,3640,91992;92700;23754;23824;23671;26182;23570;63030;82456;26374
evaluation,3641,49079;82776;5094;5642;87898;92736;8912;354;3792;19372
evaluation,3642,29108;90550;94877;5912;89808;19828;31162;52982;5330;3718
evaluation,3643,91852;4960;6406;67262;5570;96150;13234;9696;11528;46058
evaluation,3644,97120;28178;62392;18330;82933;24826;1080;522;72057;26104
evaluation,3645,55450;50812;51564;29872;56161;97920;59432;66098;62162;38112
evaluation,3646,52886;57218;90534;81074;2967;1448;16540;12917;20986;77080
evaluation,3647,55388;48764;96857;3062;58990;10472;69238;10528;25106;19852
evaluation,3648,54541;3646;47200;94092;39831;34011;13534;64510;8136;57514
evaluation,3649,788;6210;8712;46408;14171;13068;24610;2240;4972;6478
evaluation,3650,99434;340;63880;69619;91865;92758;936;91110;23048;376
evaluation,3651,41602;27224;14162;36200;23854;54720;85643;66212;25166;50826
evaluation,3652,11862;12070;12007;40208;85936;93114;22926;9948;19336;97452
evaluation,3653,32842;86600;60398;22566;34504;17046;90720;990;53154;85884
evaluation,3654,91992;92700;63030;26182;23824;23671;23570;23754;69510;61342
evaluation,3655,52234;30186;52744;16118;30398;42218;11014;5024;97218;94844
evaluation,3656,69488;24858;2051;2262;20912;83064;83317;68414;17127;96444
evaluation,3657,936;26350;67562;22948;47098;30508;65554;30090;398;48026
evaluation,3658,45930;28528;45875;51596;29186;7988;85676;33626;84657;9520
evaluation,3659,97959;99516;99476;98006;71126;26919;96603;11628;13496;24466
evaluation,3660,55576;99539;78164;18706;83094;89838;90476;22494;32016;62246
evaluation,3661,8708;47684;95384;39102;66101;28922;28754;34268;22508;31152
evaluation,3662,68248;76234;84660;68916;19336;76664;47618;19468;21098;924
evaluation,3663,66772;55388;96857;64354;33328;66120;17572;69662;65160;3859
evaluation,3664,2014;99326;13846;14200;4536;64051;32642;32646;97607;90498
evaluation,3665,99434;340;63880;69619;91865;92758;936;91110;23048;65556
evaluation,3666,36472;23382;87370;74006;62061;41943;84776;27163;99582;44234
evaluation,3667,55450;29872;97920;7426;51564;50812;38112;1695;24043;66098
evaluation,3668,88748;75516;11702;24901;62222;99539;90635;8276;94214;4708
evaluation,3669,3662;4020;63085;38092;36344;12322;15052;11916;35836;73826
evaluation,3670,11702;63862;89240;13696;99539;88748;7386;83094;90635;90476
evaluation,3671,26350;936;30508;86723;48026;67562;47098;82604;16114;41422
evaluation,3672,80338;12840;33270;89932;40718;37420;86108;80664;28534;31686
evaluation,3673,18581;5498;24798;45856;55930;98194;64940;40772;48360;29410
evaluation,3674,3792;67552;64852;8912;15520;87898;99678;354;22306;20902
evaluation,3675,39419;68332;56258;89232;68296;48050;60282;13696;89838;32476
evaluation,3676,36562;3975;10802;18738;58602;30359;16278;4946;47684;69510
evaluation,3677,44396;55268;44592;4418;17458;5090;99334;63168;97259;2351
evaluation,3678,86754;75208;75176;89932;98210;90148;94570;43206;90119;5862
evaluation,3679,39356;49196;23822;10620;21902;34212;24858;24162;69394;73884
evaluation,3680,93258;30134;13890;56806;29362;74836;47667;35124;9828;21320
evaluation,3681,946;1034;10150;1011;552;84748;4014;11798;35218;98364
evaluation,3682,96230;49079;45791;20902;22306;87898;410;26462;20518;1906
evaluation,3683,69318;49128;50631;82328;45418;72732;72119;75404;41078;57538
evaluation,3684,30738;31034;77080;17720;34940;51884;14722;75668;3792;67552
evaluation,3685,15520;17326;43874;44925;32719;85584;82744;71142;17720;60432
evaluation,3686,55450;97920;29872;38112;50812;59432;56161;1695;18018;7426
evaluation,3687,32546;77510;31627;31264;49324;14064;75670;5506;442;24236
evaluation,3688,51932;46252;49339;61020;74608;76996;4100;55000;84397;51290
evaluation,3689,49079;99678;3792;20902;87898;67552;22620;86026;22306;354
evaluation,3690,9074;22677;15200;38326;674;1826;42790;46964;40946;76818
evaluation,3691,1904;82036;58975;99344;14612;1615;30359;59882;87344;18738
evaluation,3692,9212;9592;46604;41052;44864;75576;48782;43938;11288;41301
evaluation,3693,26350;936;82216;86723;75576;16114;77034;67562;398;41176
evaluation,3694,99434;340;63880;376;69619;25770;65556;19674;82604;60673
evaluation,3695,55450;97920;29872;66098;51564;1695;95865;56112;24043;50812
evaluation,3696,94846;97259;96876;97806;28188;94434;94570;81145;67104;99952
evaluation,3697,99539;83094;90635;89240;90476;55576;88748;92041;63862;11702
evaluation,3698,91582;69246;58108;5362;26842;36984;62796;46748;33820;13846
evaluation,3699,22926;10198;48180;45670;14820;11960;39820;16164;47618;24154
evaluation,3700,35547;34542;96584;62756;2262;69488;98344;47667;3032;3816
evaluation,3701,55576;22494;99539;83094;78164;97662;88748;39640;18706;24901
evaluation,3702,16778;73268;51394;28434;93210;42434;71405;11082;98198;44930
evaluation,3703,69510;63030;91992;95698;42554;92700;15386;55324;6598;74538
evaluation,3704,48563;17052;15419;56460;82682;6134;1342;85552;98853;5844
evaluation,3705,26350;936;48026;86446;47098;86723;82216;816;16114;41176
evaluation,3706,376;63880;340;69619;99434;77510;60673;21016;86580;81893
evaluation,3707,51842;69106;21884;21694;70131;1707;7226;27266;23702;74396
evaluation,3708,79494;17800;9334;36558;69156;51536;49932;4372;41516;77445
evaluation,3709,32160;32120;31819;28118;28960;72000;32270;53154;27694;34504
evaluation,3710,3662;63085;4020;38092;36344;12322;73826;11916;15052;73764
evaluation,3711,55388;66772;96857;64354;33243;49572;63404;17572;14444;17956
evaluation,3712,96114;26156;23626;30629;75844;91460;7356;4926;30760;76096
evaluation,3713,68248;76234;84660;68916;19336;47618;19468;48180;21098;22926
evaluation,3714,46234;670;46460;46205;11060;46283;33384;52744;65148;21632
evaluation,3715,97124;33556;13712;94988;53056;70403;74136;90942;80504;72996
evaluation,3716,79714;46205;32866;61762;10834;46283;65180;46460;85654;60352
evaluation,3717,19852;9443;31550;92418;39008;14646;18726;18364;19576;48782
evaluation,3718,33882;73644;23746;57543;83100;41130;1011;76728;80108;52650
evaluation,3719,9488;14464;40971;26210;46582;40868;1912;14712;5118;5112
evaluation,3720,4960;91852;5570;4276;6406;4528;46058;96150;67262;45206
evaluation,3721,72090;10894;1706;9592;11891;2222;10740;80112;11288;5320
evaluation,3722,6360;5782;6310;2567;66101;6351;3459;57577;10404;85446
evaluation,3723,11702;7386;89240;63862;99539;88748;62112;13696;62222;39172
evaluation,3724,75354;87370;84240;40264;94748;80338;17819;89917;98376;86754
evaluation,3725,55388;66772;96857;64354;63404;17572;49572;44972;86594;17056
evaluation,3726,13746;74213;31868;81050;37080;36976;24812;13959;81120;24870
evaluation,3727,10438;28804;71370;11828;12614;70838;24760;72210;12834;11106
evaluation,3728,40373;40772;39105;13182;62112;19342;4708;34298;83904;98282
evaluation,3729,13846;14038;14200;2014;4536;64051;67097;71154;66800;33748
evaluation,3730,14612;83064;83317;32960;30823;30359;96444;96414;1904;50512
evaluation,3731,53958;35058;96414;4664;96444;1876;1912;91172;10930;86048
evaluation,3732,7367;74492;72912;73309;12952;3171;75395;35850;87952;27812
evaluation,3733,86618;91852;20814;6931;4960;67262;52700;11288;63880;10740
evaluation,3734,86446;99234;98946;50771;88595;85900;17256;32958;99387;28298
evaluation,3735,68965;87688;3700;61616;77378;5424;88157;89548;31144;59630
evaluation,3736,55450;97920;38112;59432;29872;50812;56161;1695;66098;7426
evaluation,3737,75062;85328;99089;27266;92650;7226;39286;55940;77402;79646
evaluation,3738,83184;19640;49413;16710;71824;57124;61530;79212;23214;13306
evaluation,3739,32160;32120;72000;28960;53154;32270;65370;99464;90720;27694
evaluation,3740,788;6210;46408;8712;13068;14171;13472;3355;24610;6478
evaluation,3741,96944;99384;60112;64882;17222;5002;6056;66080;57456;49452
evaluation,3742,35058;20912;1876;22404;32874;53958;96414;96444;88238;2926
evaluation,3743,50624;33792;21460;60468;91002;12314;11912;11310;77080;28826
evaluation,3744,88782;6880;46764;79324;85308;50298;59211;8943;73124;2996
evaluation,3745,12254;11516;12197;1064;42784;874;52334;950;1659;186
evaluation,3746,99434;376;340;63880;88388;25770;69619;9402;7772;82604
evaluation,3747,72090;53421;34054;65194;1706;28282;17064;8008;48782;32664
evaluation,3748,1318;25778;67762;16380;11212;20116;6928;43010;47018;2020
evaluation,3749,55450;29872;38112;97920;7426;1695;50812;66098;59432;63951
evaluation,3750,93456;21650;8540;7244;13044;5862;9118;584;68728;6554
evaluation,3751,89432;22282;57124;15334;14518;99020;14512;70131;83184;8736
evaluation,3752,62222;84576;88660;66438;97607;52670;80658;42754;81840;7386
evaluation,3753,98166;9628;76563;65704;98476;79296;6894;35494;10438;57946
evaluation,3754,68248;68916;76234;84660;924;1247;47618;21098;19336;19468
evaluation,3755,68916;68248;76234;924;84660;1247;19280;19610;21098;48180
evaluation,3756,74949;2054;4996;87201;47971;24858;7504;94954;17044;90112
evaluation,3757,50624;30398;91002;77656;33792;95240;29154;11310;11912;51508
evaluation,3758,10142;13084;19912;55652;9194;980;89916;88358;41328;6042
evaluation,3759,62222;42754;11702;19986;99539;88748;7386;39936;19962;39105
evaluation,3760,55576;24874;22494;39640;78164;91996;17368;90500;99538;97662
evaluation,3761,18706;90500;84834;90119;90635;78164;71108;88526;62112;83094
evaluation,3762,20427;25176;24988;18184;56882;77826;75074;90498;64552;91582
evaluation,3763,2630;35960;83586;20198;43858;91500;91396;13310;66928;32584
evaluation,3764,91081;99686;94616;66314;11600;23915;550;24690;92037;8760
evaluation,3765,38964;72579;77464;45470;10540;77445;79494;36387;93310;50190
evaluation,3766,89808;88918;88944;94877;19828;52982;25786;7724;26810;26943
evaluation,3767,2396;81840;89590;24236;93312;41588;74256;62182;126;8336
evaluation,3768,63030;69510;67048;91992;92700;3975;80840;12412;2248;6278
evaluation,3769,28426;28366;26556;88594;18794;2604;78268;6278;24728;62560
evaluation,3770,89808;19828;88918;88944;52982;94877;25786;7724;26810;31162
evaluation,3771,8912;19372;87898;82776;5094;5642;3792;354;49079;96230
evaluation,3772,77737;34026;15916;81448;91524;92942;9552;19856;82774;94338
evaluation,3773,50771;32958;79807;27018;99234;98946;28298;17256;88595;79485
evaluation,3774,990;1155;22458;20192;38784;38210;39186;96822;33296;53836
evaluation,3775,99434;376;340;63880;69619;25770;65556;7772;19674;9402
evaluation,3776,87688;65227;61616;89548;68965;90534;65606;88157;96603;5424
evaluation,3777,55450;97920;29872;51564;1695;38112;50812;66098;59432;62162
evaluation,3778,68248;68916;76234;84660;55310;8740;88972;76664;6210;59280
evaluation,3779,15480;84206;56024;71694;27004;83598;2026;44046;7138;83556
evaluation,3780,35547;96584;3032;62756;34542;46952;77312;54870;74370;37206
evaluation,3781,5354;5680;84660;4614;47618;96422;5610;24610;28948;6244
evaluation,3782,43498;43460;98872;63472;14854;79658;50040;42740;4638;37450
evaluation,3783,4395;29128;48748;54488;8216;84074;87402;6899;11436;84129
evaluation,3784,80987;24850;98420;38326;15996;75301;9074;80786;36034;35874
evaluation,3785,34677;85161;1276;1494;65182;5042;74844;39828;9370;53676
evaluation,3786,23746;1011;73644;33882;76728;57543;41130;76932;70506;15822
evaluation,3787,14464;9488;40971;30398;26210;46582;40868;5524;14712;52504
evaluation,3788,45684;3658;38345;35960;39403;29156;47619;86046;3960;39694
evaluation,3789,65656;83276;63649;64750;92157;64404;83502;68842;71084;17748
evaluation,3790,54640;54670;58975;1904;99344;87344;10280;14612;82036;23086
evaluation,3791,4169;20936;26478;18792;25102;67244;1260;58990;24102;45341
evaluation,3792,32476;88748;24901;75516;68332;31510;23484;4708;97576;22494
evaluation,3793,55576;18706;99539;68332;22494;68296;84834;89838;78164;97662
evaluation,3794,10116;9952;50031;1524;35014;74599;62162;59432;92467;97254
evaluation,3795,68248;68916;76234;84660;924;1247;47618;21098;19468;19336
evaluation,3796,19852;31550;53357;56024;20936;44807;10122;18792;40094;39808
evaluation,3797,68590;67104;78172;15392;38887;7484;73242;98492;19090;48254
evaluation,3798,9628;98166;65704;6894;12614;12374;12834;6646;35494;98476
evaluation,3799,46234;46460;46283;79714;5001;46205;61762;1876;49774;85654
evaluation,3800,77080;3438;11310;11912;52744;59352;42320;63044;7802;75576
evaluation,3801,64021;27003;26092;59750;3032;14551;4592;4838;67106;58212
evaluation,3802,10116;5080;72856;50031;9952;81268;72526;51174;16374;55450
evaluation,3803,10198;66530;78154;22292;35462;86594;8879;8854;96422;69626
evaluation,3804,92786;23214;18028;21886;58050;10276;21526;81768;61188;81338
evaluation,3805,35960;2630;7276;91396;91500;9910;83586;59636;12764;20198
evaluation,3806,4222;9491;9074;1618;4682;5066;37182;13994;32302;73112
evaluation,3807,43486;21958;7988;1348;21906;95758;98114;10740;20680;72758
evaluation,3808,39419;97576;78164;24901;55576;18706;60282;22494;68332;68296
evaluation,3809,10979;1146;76886;5174;11070;9606;60251;81948;38220;3174
evaluation,3810,85983;70192;47754;15464;58320;91026;684;56044;42194;10310
evaluation,3811,55576;18706;99539;68332;22494;68296;84834;89838;78164;97662
evaluation,3812,64021;27003;26092;59750;14551;4592;4838;58212;49126;67106
evaluation,3813,1034;946;26309;68562;1011;3718;74944;68166;1048;1462
evaluation,3814,3434;35040;73268;30962;81360;71946;79794;7788;46394;4952
evaluation,3815,3662;4020;63085;38092;36344;12322;73826;15052;11916;73764
evaluation,3816,75354;87370;80338;17819;89932;86754;89917;84240;94748;90148
evaluation,3817,25176;20427;26842;75074;24988;64552;18184;83614;91582;77826
evaluation,3818,57920;33222;21526;20470;57876;61188;31012;62738;75338;72276
evaluation,3819,22836;3140;26338;45174;17014;29186;21016;58538;41568;87728
evaluation,3820,1146;76886;9606;10979;5174;11070;898;81948;55652;60251
evaluation,3821,55349;22160;55176;24102;3462;26574;17730;54194;28190;99709
evaluation,3822,75336;64852;30436;73242;46958;2592;18640;37426;2318;14432
evaluation,3823,35547;96584;62756;34542;28118;8786;30233;92214;98012;27694
evaluation,3824,26338;22836;3140;45174;29186;58538;10980;41568;1064;27124
evaluation,3825,6646;12374;12614;65704;10438;11828;9523;98166;12834;6644
evaluation,3826,59462;21911;64174;45208;17894;59502;93684;52886;45305;9708
evaluation,3827,15520;17326;41568;51884;15646;32719;17720;60432;22546;14162
evaluation,3828,17406;4116;92700;51372;88284;93854;64882;58920;99570;95390
evaluation,3829,28434;71405;16778;23527;66952;42250;76492;92157;98198;93210
evaluation,3830,946;1034;18310;17623;18700;98420;53580;1011;29186;68562
evaluation,3831,36412;64764;38338;38972;52886;24326;19416;6828;16692;44310
evaluation,3832,2051;69488;20912;2262;37846;1876;17127;24858;3816;34244
evaluation,3833,4938;5078;80716;52526;26086;33792;54418;4264;14551;17046
evaluation,3834,67552;3792;49079;64852;99678;22620;20902;87898;8912;20302
evaluation,3835,44954;12558;29186;95606;45026;9520;14812;46022;15040;66988
evaluation,3836,20427;75074;24988;91582;26842;18184;25176;77826;64552;41434
evaluation,3837,86150;24906;60806;11678;11704;81338;2996;44768;13892;93297
evaluation,3838,25420;27694;32120;54052;32160;32384;28960;28118;32356;30642
evaluation,3839,53056;6558;53058;90614;64716;98731;3040;14216;11592;3264
evaluation,3840,49079;3792;99678;20902;67552;87898;86026;22620;22306;354
evaluation,3841,56460;57089;5844;43298;98853;15419;66765;85552;87520;82682
evaluation,3842,65656;64750;83276;63649;64404;71084;92157;83502;68842;11584
evaluation,3843,66952;85308;81357;66738;49482;34174;2744;76802;68470;4934
evaluation,3844,28930;55334;44730;34856;29894;43850;67530;89125;75810;80362
evaluation,3845,74256;81840;62182;55680;23118;7980;94877;96238;61228;91970
evaluation,3846,67552;3792;64852;99678;15520;8912;22306;354;20902;22620
evaluation,3847,69619;63880;376;340;99434;19674;18055;32734;20814;77510
evaluation,3848,93591;80338;75176;98960;8708;80638;46752;90108;98210;12632
evaluation,3849,50031;55450;72856;51564;24043;9952;81268;50812;72526;62162
evaluation,3850,19852;44807;36574;49302;85936;20782;31550;70736;3438;5298
evaluation,3851,33556;97124;53056;53058;94988;72996;13712;15464;70403;3859
evaluation,3852,31819;11580;87554;55549;25126;22566;65982;53154;29140;96797
evaluation,3853,51262;80784;5607;65160;9491;62213;11628;96056;5716;66120
evaluation,3854,46026;3108;9440;32814;22412;4100;79621;99184;19831;26955
evaluation,3855,5912;7472;39730;85574;5330;3010;42790;89808;15200;26414
evaluation,3856,42030;95392;46150;26229;46612;61967;3979;10972;99686;80866
evaluation,3857,77034;26285;33314;52750;61636;29590;95274;44234;45341;4250
evaluation,3858,59579;27672;85574;15452;29634;97516;15200;64068;21890;64090
evaluation,3859,18622;44130;30656;98962;87120;17714;3730;9908;37067;34724
evaluation,3860,79658;98872;2092;63472;43460;43498;4642;16650;50040;42740
evaluation,3861,32866;65180;46234;53398;40654;3166;5001;46283;46205;80747
evaluation,3862,15419;35060;56460;85552;5844;48563;82682;17052;97906;91086
evaluation,3863,74540;16650;2092;4642;7336;7198;15819;50040;96702;54461
evaluation,3864,59352;29250;41516;66242;63044;5112;49932;28446;82398;15996
evaluation,3865,95082;45826;10834;61762;46205;86890;46283;60352;53274;11210
evaluation,3866,49079;8912;354;3792;5094;5642;19372;99678;4946;87898
evaluation,3867,56460;57089;43298;5844;98853;15419;66765;85552;82682;87520
evaluation,3868,17668;33038;63418;22492;24836;21470;21971;34476;35918;70974
evaluation,3869,85308;66952;66738;76802;81357;49482;73124;4934;82398;76492
evaluation,3870,4740;4638;4636;4522;33446;59986;98872;91352;39040;5259
evaluation,3871,99434;63880;77611;75952;936;340;69619;92758;91865;23048
evaluation,3872,75074;26842;77826;63022;4536;7126;98461;91582;79516;20427
evaluation,3873,45470;36387;77464;50190;69156;66242;35490;77445;93310;8708
evaluation,3874,78164;71174;89240;86224;58108;24940;97312;32016;39576;7386
evaluation,3875,31850;38928;36172;39044;74328;18726;18364;69264;7795;17508
evaluation,3876,4740;98872;4638;22599;43498;2092;39040;11258;64736;63472
evaluation,3877,4395;84074;29128;8216;84129;44378;20140;87402;84300;6899
evaluation,3878,3792;67552;20902;49079;48752;22620;64852;8912;354;20302
evaluation,3879,12314;98690;11310;79764;11912;99344;12426;72814;53586;1022
evaluation,3880,788;8712;6210;46408;14171;55916;84206;20446;75704;20376
evaluation,3881,28712;27672;9890;59579;29634;1064;36210;64090;33742;2618
evaluation,3882,4960;91852;4276;4946;58602;4528;96150;45206;67262;5570
evaluation,3883,1146;9606;81948;5174;10979;76886;898;11070;6042;2536
evaluation,3884,19852;26478;31550;16080;36574;18792;44807;57048;56370;20782
evaluation,3885,13023;96797;90720;25102;13540;58388;28960;32160;50491;53154
evaluation,3886,72000;32160;65370;32120;90720;82350;99464;32356;89894;25126
evaluation,3887,9334;69156;51536;4372;4062;79494;39180;77445;50190;49413
evaluation,3888,70514;41632;15182;31132;41658;33748;84901;85152;18581;26052
evaluation,3889,3670;61188;4750;31510;44067;5490;48486;39854;70680;44410
evaluation,3890,30570;71043;83741;62110;62684;58618;47896;39936;16990;83140
evaluation,3891,71200;40772;64940;98194;18124;94290;76268;36472;41943;44410
evaluation,3892,16990;30570;82044;23484;60282;7386;96818;1088;64986;14020
evaluation,3893,74836;72456;580;96146;15876;1424;1442;13890;32026;86180
evaluation,3894,33556;97124;53056;53058;15464;72996;13712;13958;28376;41092
evaluation,3895,27694;25420;32120;30642;32160;54052;28118;53154;65370;31819
evaluation,3896,27838;27600;88676;43308;59132;57708;43010;52772;59266;13784
evaluation,3897,97724;28960;7436;16714;53154;50990;31819;8668;67836;89762
evaluation,3898,42260;32687;65974;40240;48400;93798;47994;2870;73611;20414
evaluation,3899,33030;74196;34011;94092;13890;27386;36917;87516;15480;18726
evaluation,3900,39220;46516;20318;27940;43012;44807;31234;82952;68060;91058
evaluation,3901,51448;1322;84162;21008;50314;22718;96146;45065;46412;40286
evaluation,3902,46958;46916;74842;63380;19742;11084;4688;24581;35456;42260
evaluation,3903,21362;2047;97120;77368;77960;45542;88296;16044;59667;52848
evaluation,3904,26936;70848;49196;52650;82776;7290;58602;53592;92736;93312
evaluation,3905,31162;94877;26810;8772;21528;81840;19828;26994;58920;89808
evaluation,3906,88388;46758;92758;82604;9106;7998;30508;57350;67262;37370
evaluation,3907,44490;244;84576;61190;43749;62580;48048;10223;24966;93610
evaluation,3908,85308;66952;81357;50298;49452;6056;73124;71798;68470;47312
evaluation,3909,75810;55334;89125;99344;28930;80987;67530;81304;43850;18310
evaluation,3910,92758;376;340;22912;99434;5320;63880;69619;9402;50826
evaluation,3911,9592;9212;44864;23626;9190;86580;58173;36338;26434;4255
evaluation,3912,81372;887;82604;11812;9106;40608;39346;88388;71966;7998
evaluation,3913,80777;4255;63598;60336;41415;24676;59898;9190;46726;12412
evaluation,3914,55450;97920;50812;29872;66098;59432;51564;38112;56161;9952
evaluation,3915,50180;64552;33184;40512;90602;79516;8333;6052;24988;91582
evaluation,3916,86754;75208;75176;90148;89932;84240;18302;91918;18736;91890
evaluation,3917,47200;89432;62162;1524;81268;2232;10116;9432;32456;19742
evaluation,3918,44067;56302;44904;56882;48486;76268;71154;3670;69356;56728
evaluation,3919,64940;70514;31132;39578;17096;57920;6198;33747;26052;91582
evaluation,3920,16438;65488;50826;16558;15356;88114;43143;54720;64376;9148
evaluation,3921,29108;5330;25786;89808;52982;94877;19828;39730;15224;7472
evaluation,3922,34013;54541;33030;94092;3646;27386;34011;27107;88676;74196
evaluation,3923,40240;42260;20532;93798;32687;47994;39979;48400;71934;32916
evaluation,3924,94877;81840;62182;44490;93312;58322;32300;1098;21528;90550
evaluation,3925,17232;288;45100;85716;13550;77312;77931;28832;77520;308
evaluation,3926,2668;10610;2068;10214;71234;97510;7772;17048;72686;2314
evaluation,3927,13608;16296;36364;13614;49358;42394;33782;3324;97510;10688
evaluation,3928,22458;38210;81170;50076;17368;21780;34008;35590;21996;46878
evaluation,3929,28596;94877;52030;20406;51743;4963;25482;3944;12968;41642
evaluation,3930,3444;3944;2362;43594;1072;45046;34476;21022;94218;37234
evaluation,3931,48834;80400;3640;3612;3600;3582;11802;29154;16100;63234
evaluation,3932,19336;19468;21098;76874;34010;34794;22926;19280;1247;37106
evaluation,3933,3792;67552;20902;49079;48752;22620;64852;8912;26878;354
evaluation,3934,24988;40512;64552;33820;25176;90500;18184;90498;17724;79516
evaluation,3935,6360;6351;5782;6418;5542;2290;10562;582;5407;8540
evaluation,3936,49234;64688;68616;64702;83276;57640;28196;64750;56686;8244
evaluation,3937,28188;38887;30316;69510;77426;67104;68170;5112;46230;78146
evaluation,3938,82716;21526;13892;95769;2373;46104;18706;20662;68296;18388
evaluation,3939,46750;45454;67090;85012;19967;40014;47092;21162;32020;1322
evaluation,3940,47684;95384;8708;22508;53216;80620;66101;39102;99952;31152
evaluation,3941,82520;7504;26738;14544;7150;13116;45498;19916;51572;29956
evaluation,3942,788;46408;8712;6210;13472;15722;14171;75704;55916;754
evaluation,3943,19336;19468;76874;21098;34010;34794;22926;13084;1247;924
evaluation,3944,72000;32160;32120;99464;90720;65370;13540;32356;25126;32270
evaluation,3945,39820;90605;13310;14348;66772;21788;32112;724;22718;32754
evaluation,3946,94877;3812;90550;29108;26994;81840;88918;21528;88944;4732
evaluation,3947,43498;43460;63472;98872;79658;14854;50040;81850;42740;41902
evaluation,3948,10547;18024;22262;50512;2876;18738;2070;21656;30359;32960
evaluation,3949,33882;1011;41130;76728;11082;73644;85658;77680;14748;52650
evaluation,3950,63030;91992;92700;69510;2248;23671;27437;42554;11782;23754
evaluation,3951,16778;93210;51394;11082;28434;85926;73268;98606;50072;10016
evaluation,3952,81082;52886;41244;8016;3472;23924;30998;66538;86574;23652
evaluation,3953,19760;49452;17530;17328;81496;1248;31560;18200;82456;89125
evaluation,3954,49079;99678;45791;1450;3792;64852;87898;20866;20902;20518
evaluation,3955,79807;79485;99234;98946;88595;50771;28298;32958;30244;39196
evaluation,3956,25176;20427;56302;24988;91582;77826;56882;18184;75074;48486
evaluation,3957,11702;99539;63862;88748;83094;97576;89240;18748;90635;92041
evaluation,3958,18706;90500;55576;84834;39576;19170;88526;68296;68332;83741
evaluation,3959,27694;53154;30642;30536;28960;25420;96797;50491;58388;65370
evaluation,3960,47618;4614;8879;78380;8854;45670;5354;68916;85578;76816
evaluation,3961,96584;35547;3032;34542;62756;92214;10454;41474;54194;93210
evaluation,3962,30707;4426;858;46306;29716;36992;95727;2492;2540;7178
evaluation,3963,96944;6056;5002;99384;17222;58744;7914;64882;66080;35508
evaluation,3964,81840;94877;82592;90550;89008;19828;89808;89340;25786;58322
evaluation,3965,77170;38338;80061;12998;12572;26936;27298;36412;82776;85920
evaluation,3966,14796;15205;13703;15819;10518;8480;10946;8362;14604;2168
evaluation,3967,11516;11574;12254;12197;12211;52334;12290;51884;874;1430
evaluation,3968,34794;39624;37106;39632;88670;924;1247;37379;21098;76874
evaluation,3969,18184;90498;25176;24988;6086;64552;32016;91582;50180;32646
evaluation,3970,25047;68170;72190;24263;76944;54010;79212;56160;74538;94954
evaluation,3971,97920;35014;55450;78846;56161;18018;56112;66098;62162;81268
evaluation,3972,90500;18706;71108;40512;34298;61238;48360;98312;3886;75176
evaluation,3973,75208;86754;75176;22254;98210;8708;90148;96876;90108;18302
evaluation,3974,75354;17819;93591;87370;41472;80338;98376;89917;98210;89932
evaluation,3975,11704;60806;2996;16406;7386;24906;93297;7696;12632;64986
evaluation,3976,89894;90720;65370;99464;25126;72000;32120;28960;32160;34504
evaluation,3977,1146;10979;11070;5174;38680;60251;9606;81948;898;38220
evaluation,3978,4169;71694;83840;90146;34542;83992;7150;68060;80092;73070
evaluation,3979,21098;19336;19468;76874;34794;34010;88670;21280;19280;88561
evaluation,3980,75294;31412;33747;80638;6052;9644;41434;68296;16208;27338
evaluation,3981,98094;93488;10646;89917;94748;90148;40264;91918;91890;75208
evaluation,3982,56460;85552;43298;57089;5844;7451;1258;15419;20384;6134
evaluation,3983,10802;28878;11603;19662;3827;29490;11772;25592;59352;65148
evaluation,3984,72000;32160;99464;32120;90720;13540;34504;25126;32270;65370
evaluation,3985,97124;27004;13958;33556;18750;6478;20152;13670;18330;72996
evaluation,3986,6326;35572;35728;48919;85012;45065;31080;32020;1322;18426
evaluation,3987,1330;496;13514;2500;32754;4819;7150;90605;2240;13116
evaluation,3988,16714;90720;53154;50491;36664;32120;31819;16772;28960;32160
evaluation,3989,33030;4169;34013;82350;54541;3646;39808;94092;41162;34011
evaluation,3990,79576;57708;58320;59132;69238;10472;95885;10528;51572;27600
evaluation,3991,17283;12998;3272;93922;80403;91322;50652;85376;612;80942
evaluation,3992,79714;11262;60352;61762;85654;46460;49774;670;59702;85308
evaluation,3993,15880;69012;98950;24806;99570;29796;446;19914;92890;19843
evaluation,3994,44864;9592;9212;23626;41301;86580;41052;96948;9190;96344
evaluation,3995,77737;82774;34026;9552;91524;82523;27564;81448;51882;15916
evaluation,3996,77826;91582;7386;14200;50180;14038;26842;56728;13846;98461
evaluation,3997,98240;72334;89352;20400;13722;47440;47084;40614;12304;85218
evaluation,3998,68916;76234;68248;84660;924;47618;19610;1247;48180;19280
evaluation,3999,3264;3040;71934;6558;58260;27448;98731;39846;1846;73611
evaluation,4000,50072;2894;65717;86312;61762;61967;75878;38746;85926;30186
evaluation,4001,91852;4960;5570;4276;4946;11528;9696;45206;67262;53912
evaluation,4002,9994;50018;64900;30998;21170;15491;21134;24424;16558;23626
evaluation,4003,19852;31550;39808;40094;44807;4169;70736;53357;20936;38706
evaluation,4004,1146;9606;81948;55652;11070;5174;47926;60251;80286;898
evaluation,4005,96944;64882;17222;46960;22587;6056;49452;60112;35508;99384
evaluation,4006,33608;33492;17868;97111;8696;68262;73730;73680;93730;34874
evaluation,4007,79756;11802;19636;29154;19798;77310;63234;15604;34415;59120
evaluation,4008,65581;50298;46960;55806;96944;82036;26182;47312;76474;12952
evaluation,4009,71876;28536;25047;90452;42656;31318;54010;51598;94954;24263
evaluation,4010,83088;30867;1080;47302;522;92254;2344;46856;32748;85376
evaluation,4011,82682;85552;5844;1342;98853;19526;17052;56460;33016;66765
evaluation,4012,93094;41212;67996;67728;3308;3196;68136;54404;67834;19828
evaluation,4013,3792;67552;64852;20902;49079;22620;99678;354;3828;22306
evaluation,4014,34940;30738;44925;31034;77080;46604;3994;51884;67963;26086
evaluation,4015,59580;31820;21170;69318;3008;28254;43486;14274;82729;16438
evaluation,4016,71824;19640;77402;47200;14512;14518;89432;57124;30194;27228
evaluation,4017,27158;7452;27476;99466;3032;42602;8164;79218;10933;20386
evaluation,4018,7788;81360;46394;73268;21076;14152;31210;71946;76644;30962
evaluation,4019,31820;69318;28254;59580;3008;21170;14274;43486;65488;9994
evaluation,4020,44930;96944;93922;14123;42320;17283;27626;68932;85376;2047
evaluation,4021,27158;99466;27476;3032;7452;42602;10933;11930;79218;8164
evaluation,4022,788;8712;6210;46408;13068;14171;4972;75704;6478;59592
evaluation,4023,11032;62994;35114;35494;34534;63864;1384;36385;45572;85983
evaluation,4024,25102;73666;82350;896;84776;34504;16620;72940;96797;57708
evaluation,4025,3264;3040;6558;71934;98731;58260;27448;19310;1846;39846
evaluation,4026,788;8712;6210;46408;14171;58212;75704;49396;53136;37476
evaluation,4027,1330;496;32754;13514;2500;4819;3536;2240;2407;90605
evaluation,4028,71694;15480;14544;7138;12347;74196;772;83598;65354;84206
evaluation,4029,64910;5382;46604;49326;32842;51884;92826;3014;75878;52420
evaluation,4030,91852;4960;5570;96150;53592;76932;3975;4946;13234;11528
evaluation,4031,77737;34026;9552;81448;82774;91524;15916;92942;94338;59580
evaluation,4032,51230;7226;85328;69106;96528;51842;89899;34972;9928;79646
evaluation,4033,22;12262;14836;8402;23428;14952;23844;45886;36574;48832
evaluation,4034,34874;674;8402;22403;33492;33608;60188;4894;68262;29068
evaluation,4035,10570;29883;37224;39232;30442;20550;14891;91172;56686;66738
evaluation,4036,28712;8302;19107;9890;36210;43594;2618;1064;17778;64090
evaluation,4037,2774;97124;33556;94988;13484;28962;25840;13958;34454;26514
evaluation,4038,87898;49079;3792;99678;20902;67552;96230;8912;26878;64852
evaluation,4039,3434;35040;73268;30962;81360;46394;16889;7788;71946;4952
evaluation,4040,47200;19640;10116;57124;89432;26052;28988;39578;2734;14918
evaluation,4041,22810;66842;10276;18124;67610;38402;90712;99089;26818;57124
evaluation,4042,75208;86754;75176;89917;89932;90148;91918;96876;98094;75354
evaluation,4043,11704;11678;89001;7696;24940;89240;27664;18748;86224;64986
evaluation,4044,4960;91852;4276;4946;5570;58602;6406;96150;4528;3975
evaluation,4045,62756;96584;48772;35547;9948;55388;4658;34542;98700;10392
evaluation,4046,2774;33556;97124;94988;13484;28962;25840;13958;34454;26514
evaluation,4047,1330;2500;496;90605;7150;14544;7504;32754;12347;29956
evaluation,4048,598;910;58212;12202;780;94242;88676;35456;17382;44656
evaluation,4049,33492;45886;46112;48832;23338;7198;2;28054;43298;40208
evaluation,4050,22823;37224;7312;15450;9294;8846;60506;71671;7368;21547
evaluation,4051,10570;19526;15419;66765;17052;68262;44952;30442;1342;56460
evaluation,4052,2618;86043;26106;28712;64090;36520;54720;17623;27672;18700
evaluation,4053,3434;35040;7788;46394;30962;4952;81360;71946;73268;79794
evaluation,4054,22810;66842;24976;31312;48664;96542;73849;31494;51496;11722
evaluation,4055,90720;34504;72000;99464;32160;25126;32120;65370;28960;32384
evaluation,4056,96584;35547;34542;62756;54194;69626;41474;59702;2051;21970
evaluation,4057,95330;58322;86577;60959;420;91988;52924;76333;29108;39730
evaluation,4058,48832;4;7198;40208;33492;45886;2;68262;12262;75986
evaluation,4059,10570;92438;29883;57640;66738;39232;92572;38558;30442;14891
evaluation,4060,77737;9552;49806;91524;15916;34026;81448;59580;92942;19856
evaluation,4061,32958;28298;79807;79485;99234;88595;98946;86446;30244;35086
evaluation,4062,51230;34972;68042;48392;36304;28248;85998;45688;62312;22808
evaluation,4063,66202;98872;63472;50040;42740;43498;43460;76992;41902;58215
evaluation,4064,82776;59078;26936;59226;45206;22872;58602;48814;4946;4306
evaluation,4065,4318;41993;22226;81634;74382;10138;98588;816;33149;8322
evaluation,4066,420;46450;58970;9810;86956;59584;91988;53707;60374;33700
evaluation,4067,136;6850;23750;146;86891;76356;3931;118;6216;54396
evaluation,4068,4960;91852;5570;76932;96150;9696;58602;6406;46058;11528
evaluation,4069,60586;11212;51468;12292;9542;13608;9730;50072;64192;1732
evaluation,4070,21098;76874;19336;19468;21046;34794;34010;1094;21280;37106
evaluation,4071,19090;23749;32932;63562;23822;46476;89536;47346;77350;14020
evaluation,4072,35058;20912;22404;1876;96414;96444;32874;53958;88238;27462
evaluation,4073,82216;44166;5002;85308;33700;15452;84519;85574;42394;41422
evaluation,4074,99466;7452;27158;8164;79218;42602;3032;27476;11930;10933
evaluation,4075,29490;49126;65581;41040;83064;11379;83317;11082;4262;17222
evaluation,4076,83276;83502;64750;65656;63649;92157;68842;64404;58602;71084
evaluation,4077,14550;50186;61762;22144;35832;412;14822;85390;18780;5909
evaluation,4078,49202;95727;33016;85552;15419;68888;77310;57089;19794;29716
evaluation,4079,14902;24114;41060;67122;45826;53274;9520;91436;10832;43918
evaluation,4080,67068;75878;38746;45957;19948;34628;33776;92890;4426;73366
evaluation,4081,4960;91852;4276;5570;85540;4946;13234;45206;58602;96150
evaluation,4082,9212;9592;23626;9190;41301;44864;23718;86580;26434;36094
evaluation,4083,34026;82774;77737;51882;27564;9552;91524;6751;19856;81448
evaluation,4084,29186;44954;34791;15040;12558;9520;95606;14812;7988;66988
evaluation,4085,49324;35922;12322;73826;83592;3662;72686;4020;61528;35836
evaluation,4086,22752;81893;36592;22683;80112;33165;7988;20814;17422;72758
evaluation,4087,340;376;99434;63880;69619;88388;60673;20814;7772;98942
evaluation,4088,96603;71300;65227;65606;64704;89548;93036;4946;58602;3975
evaluation,4089,9106;16136;80496;887;82604;81372;30508;1836;7998;40608
evaluation,4090,32719;33638;49788;49044;29186;17014;41568;45174;59750;2543
evaluation,4091,74010;75128;5684;75920;2639;71492;74116;71710;25922;8814
evaluation,4092,60806;61188;81768;7696;23870;43512;24906;99472;7386;18388
evaluation,4093,42656;35142;10620;3956;66842;12198;4919;7738;23218;58294
evaluation,4094,8708;51444;98210;61266;32162;80338;19272;80638;7230;73778
evaluation,4095,6360;6418;5782;5542;6351;50746;5407;19272;3416;23890
evaluation,4096,71824;19640;27228;48264;21028;30194;16710;57124;49413;83184
evaluation,4097,4732;44684;18744;20652;26810;26994;8772;26943;3812;52982
evaluation,4098,41212;36364;20550;3690;90814;20212;91436;6940;84528;91081
evaluation,4099,30148;30088;18700;15712;14789;14274;19107;54720;27224;66212
evaluation,4100,35572;45065;50314;48919;35728;6326;85012;18426;45237;32020
evaluation,4101,83598;51000;18368;28204;14279;7764;51978;51562;38422;45698
evaluation,4102,7336;72828;4832;17639;14995;27204;2092;17578;46306;4642
evaluation,4103,21098;76874;19468;19336;21046;34794;21280;13084;37379;1094
evaluation,4104,3040;29232;3264;58260;32916;70682;6558;71934;47994;81328
evaluation,4105,56460;20384;14498;87520;57089;1258;66765;6134;43298;15419
evaluation,4106,64882;49452;6056;22587;53672;46960;41040;99384;17222;96944
evaluation,4107,94877;90550;26810;88918;88944;21528;26994;19828;31162;4732
evaluation,4108,12262;11910;11970;7198;64819;67244;48832;45886;66982;3970
evaluation,4109,29490;83064;65581;83317;11379;37206;11082;55752;49126;83160
evaluation,4110,64852;99678;67552;3792;49079;354;20902;87898;8912;9870
evaluation,4111,3434;35040;71946;16889;4952;7788;46394;81360;30962;26187
evaluation,4112,34263;5498;64552;6052;65798;10276;98282;47430;21886;30704
evaluation,4113,75208;86754;8708;80338;75176;90108;3503;98210;94570;13892
evaluation,4114,35547;96584;62756;3816;3032;21970;91956;34542;58958;58112
evaluation,4115,19852;31550;30596;10071;39808;40094;44807;14646;39008;85884
evaluation,4116,94877;90550;4732;29108;21528;81840;96238;26994;8772;26943
evaluation,4117,42394;1150;31816;88986;69012;23778;13198;64986;34370;23713
evaluation,4118,38092;63085;36344;35836;12322;3662;42563;4020;75668;1366
evaluation,4119,63880;69619;65556;376;19674;340;25770;15467;30670;10682
evaluation,4120,77737;81448;49806;91524;92942;15916;86160;34026;9552;19856
evaluation,4121,6710;7170;1962;9299;2570;12008;7110;13114;1002;93232
evaluation,4122,23216;26550;31035;99749;96134;12056;80866;99020;71824;15479
evaluation,4123,36408;57390;22252;28034;42314;6423;140;26804;20192;29140
evaluation,4124,3264;3040;58260;29232;6558;71934;70682;27448;98731;59096
evaluation,4125,15819;11258;64736;15512;81850;91352;10424;82588;79658;14854
evaluation,4126,65581;81522;46804;26182;61342;83184;26374;38558;50298;57124
evaluation,4127,79780;80264;11304;1912;42340;26955;46026;31082;14112;14464
evaluation,4128,33556;4628;97124;10874;68487;72996;14992;66772;30242;3702
evaluation,4129,44067;44904;56302;56882;48486;76268;44410;56728;71154;62104
evaluation,4130,86754;75354;94748;60592;62912;94434;90148;90119;1310;87370
evaluation,4131,9212;9592;44864;41301;23626;40962;41052;11288;48782;43938
evaluation,4132,9212;9592;41301;41287;44864;17160;63652;40962;50941;9190
evaluation,4133,71824;47200;19640;30194;89432;27228;99749;78532;10116;28988
evaluation,4134,33556;4628;97124;10874;68487;72996;14992;30242;66772;43010
evaluation,4135,35572;45065;50314;35728;48919;6326;85012;18426;45237;51448
evaluation,4136,3264;3040;98731;90614;64716;70682;6558;90350;71934;59096
evaluation,4137,14952;11910;14836;4592;36574;15200;79301;11970;16476;35378
evaluation,4138,56460;85552;57089;5844;43298;82682;15419;98853;7451;1258
evaluation,4139,9738;14070;6690;91798;18728;17723;47966;20232;17999;19146
evaluation,4140,21526;18388;95769;81768;73525;99472;80230;82716;74152;24906
evaluation,4141,15182;5464;26052;65444;57124;71832;65392;65562;2190;2760
evaluation,4142,91852;4960;13234;5570;4946;96150;3975;9696;4276;53592
evaluation,4143,77737;9552;49806;15916;91524;30028;34026;81448;59580;58538
evaluation,4144,50652;16280;6960;51390;7754;8858;9578;25898;72061;4248
evaluation,4145,6418;5542;6360;6351;5782;50746;19272;13346;23754;23570
evaluation,4146,71043;86224;32282;61188;11704;16406;60806;23484;24940;81768
evaluation,4147,67552;99678;3792;22620;22780;354;48752;38248;92656;60488
evaluation,4148,72579;38964;50190;39180;9334;36387;10540;468;93120;10516
evaluation,4149,52616;82588;20974;90522;91352;8362;75582;15222;10424;58215
evaluation,4150,30672;30707;46306;3836;2162;38238;16210;7338;91324;33378
evaluation,4151,2462;36992;37450;732;63234;51148;82588;5172;58074;41498
evaluation,4152,26810;8772;21528;26943;26994;4732;94877;89808;90550;19828
evaluation,4153,27158;27476;7452;99466;8164;3032;79218;42602;20386;11930
evaluation,4154,36862;48912;26878;50602;50280;48752;55362;18636;74800;58602
evaluation,4155,71788;48026;10156;887;88388;210;9750;82604;89024;74995
evaluation,4156,85308;11712;61562;33700;4254;18982;77170;7968;41040;47908
evaluation,4157,9212;9592;23626;86580;44864;41301;96948;90028;23718;9190
evaluation,4158,35040;81360;7788;30962;73268;2668;7986;81372;12292;46394
evaluation,4159,65606;96603;65227;71300;64704;6406;4946;4276;17186;58602
evaluation,4160,38092;36344;63085;51894;35836;12322;22546;48752;58558;41078
evaluation,4161,5696;96085;39196;14284;30244;12206;3015;24914;9658;9210
evaluation,4162,30738;31034;77080;34814;51894;75668;27494;38086;22306;38016
evaluation,4163,16612;38960;20006;18386;68170;23702;62266;11468;9462;21174
evaluation,4164,70131;77402;55806;50548;69106;26780;50070;25047;61266;99020
evaluation,4165,11702;99539;89240;62222;88748;63862;62110;90635;62112;75516
evaluation,4166,26810;8772;21528;26943;4732;26994;94877;19828;89808;90550
evaluation,4167,8760;67996;3640;21588;85654;3308;1362;1398;53274;27090
evaluation,4168,67790;45698;64060;35124;14992;26032;86752;99681;13880;28114
evaluation,4169,6960;62994;6396;3468;35494;74949;18262;21964;89658;2380
evaluation,4170,67996;8760;85654;17623;4408;87336;3308;1444;5428;53274
evaluation,4171,66202;98872;58215;42740;63472;43498;45682;76992;50040;49080
evaluation,4172,10663;91540;1714;11380;34483;35776;82679;14856;88084;3980
evaluation,4173,51842;75301;3836;20350;79646;84218;47806;65148;75062;7226
evaluation,4174,29108;94877;90550;21528;81840;19828;3812;26810;32300;26994
evaluation,4175,92004;44131;27090;61784;4408;26810;2814;48834;732;52982
evaluation,4176,4960;91852;4946;5570;4276;6406;58602;3975;96150;4528
evaluation,4177,26350;936;47098;67562;47018;30508;798;86723;82604;48026
evaluation,4178,27003;26092;59750;64021;14551;41568;95318;49126;3518;39192
evaluation,4179,31242;51576;24478;532;25482;39657;44656;39006;10596;45046
evaluation,4180,4592;29154;80400;92418;47532;26478;3292;97291;93253;3612
evaluation,4181,65148;61967;64494;95392;36364;3444;72990;4168;6126;12520
evaluation,4182,10570;38558;30442;56686;33776;21622;3171;73309;35850;77680
evaluation,4183,44828;40364;50746;20798;80771;19272;77826;59807;30867;31152
evaluation,4184,32842;17046;3938;410;64910;85334;77170;990;5159;4772
evaluation,4185,99434;63880;340;376;19674;69619;65556;25770;26187;76738
evaluation,4186,55268;44396;44592;5090;23496;69888;1736;63168;4418;2351
evaluation,4187,1094;13084;55652;9762;88358;76874;9554;22816;49302;81382
evaluation,4188,21400;29140;22566;24870;21446;28118;16658;36664;60398;38210
evaluation,4189,21098;76874;19336;34794;19468;34010;924;1247;37106;39624
evaluation,4190,19767;45065;40014;45454;50314;35572;71646;31080;6326;32020
evaluation,4191,9606;1146;81948;55652;24782;5174;11070;60251;6994;47926
evaluation,4192,89808;19828;94877;25786;52982;7724;31162;26943;8138;4732
evaluation,4193,27003;26092;64021;59750;14551;41568;67106;49126;40971;52256
evaluation,4194,27158;27476;42602;3032;99466;11930;7452;19834;1416;10933
evaluation,4195,10663;91540;11380;1714;58944;76624;2784;69322;88084;87952
evaluation,4196,11379;80692;13466;4170;11982;11603;54586;26136;10802;10630
evaluation,4197,83276;63649;65656;64750;83502;64404;68842;92157;71084;3171
evaluation,4198,79592;67552;16438;54720;67963;3792;21134;65488;44925;31820
evaluation,4199,35040;3434;81360;7788;30962;82604;73268;81372;4859;4952
evaluation,4200,65606;96603;27100;26772;17186;27410;65227;17210;94078;71300
evaluation,4201,71824;16710;21028;97577;30194;48264;14518;78846;22282;15479
evaluation,4202,75354;87370;17819;80338;84240;40264;89917;94748;86754;98376
evaluation,4203,1247;39624;37106;39632;924;11684;21098;37379;76874;55652
evaluation,4204,67552;99678;3792;22620;22780;354;38248;48752;92656;60488
evaluation,4205,45065;50314;19767;35572;71646;93546;51448;45454;45237;31080
evaluation,4206,74949;87201;12812;40062;90112;2500;83820;3462;47264;89931
evaluation,4207,788;8712;6210;46408;14171;31622;55916;13068;6478;78928
evaluation,4208,96944;66080;72142;36662;44930;80403;60112;5002;64882;82456
evaluation,4209,91852;4960;5570;96150;53592;4946;9696;13234;58602;11528
evaluation,4210,5782;6360;5542;6418;6351;5407;5324;10444;1154;68146
evaluation,4211,74196;70131;71495;50548;63343;49234;74396;25047;71866;28900
evaluation,4212,31132;41632;70514;41658;15182;33838;6052;59638;39406;27664
evaluation,4213,22810;66842;26818;73849;81392;99089;96542;18124;24539;24976
evaluation,4214,54541;8258;78130;29858;39831;33030;57514;64510;53056;48140
evaluation,4215,78172;67104;65216;43308;14432;75336;73242;15392;3496;96394
evaluation,4216,48832;4;7198;58114;45886;41026;57418;26298;58758;25867
evaluation,4217,5002;64882;46046;6056;7914;49452;93922;91992;15850;80942
evaluation,4218,48832;4;58114;41026;7198;762;58758;26298;57418;53920
evaluation,4219,27003;26092;64021;95318;40971;41568;59750;49126;67756;42320
evaluation,4220,91540;10663;1714;72643;11380;80786;87952;71614;14856;3980
evaluation,4221,44130;17714;8938;1060;3730;16452;36010;30656;37067;1410
evaluation,4222,9212;9592;44864;41301;17066;41052;23626;72758;50941;4118
evaluation,4223,35040;3434;7986;7788;46394;4952;88388;30962;71788;887
evaluation,4224,9212;9592;44864;41301;41052;50941;96948;23626;48782;8691
evaluation,4225,95930;21986;6406;24521;21964;3975;55362;4946;4276;5094
evaluation,4226,37422;12558;14812;15040;42864;84748;85676;89501;91884;25932
evaluation,4227,70514;31132;41632;86150;15182;41658;31510;75516;23380;32282
evaluation,4228,55450;29872;97920;1695;59432;50812;7426;38112;66098;51564
evaluation,4229,5782;6360;5542;6351;6418;5407;5324;67412;6310;13868
evaluation,4230,6710;7170;7110;12008;9299;6928;13114;2570;1962;1002
evaluation,4231,81268;56161;1524;50031;66106;44586;71824;10116;28214;32456
evaluation,4232,20427;56882;25176;24988;18184;75074;56302;32642;32646;77826
evaluation,4233,35142;11722;35348;2979;3200;2900;66842;89252;87366;483
evaluation,4234,57757;3256;72190;41034;77402;63343;8736;70131;81392;83184
evaluation,4235,28960;28118;32120;27456;32160;32384;25420;27694;54052;53154
evaluation,4236,19852;31550;53357;9443;44807;14646;36574;49302;15709;12854
evaluation,4237,1146;10979;9606;81948;47926;3174;46616;5174;11070;76886
evaluation,4238,54541;3646;32422;29858;8258;94092;33030;724;27386;53056
evaluation,4239,10472;14544;10528;74196;12347;75147;24102;71694;20006;7150
evaluation,4240,3264;3040;98731;90614;64716;70682;6558;90350;47619;52656
evaluation,4241,46408;6210;8712;788;13068;49396;4972;18039;28962;6478
evaluation,4242,68248;68916;76234;84660;924;47618;19336;21098;48180;19468
evaluation,4243,1260;73680;18982;73730;97838;44930;16714;15368;36662;1732
evaluation,4244,37846;2051;20912;2262;98198;46804;17127;85308;34244;97218
evaluation,4245,3792;99678;20902;67552;49079;354;22306;64852;87898;8912
evaluation,4246,59432;29872;1695;50812;55450;55549;56112;53628;38112;164
evaluation,4247,85936;53357;18792;21460;54109;36574;28960;82952;19852;55388
evaluation,4248,35547;96584;34542;62756;3816;11346;54194;2262;22902;46959
evaluation,4249,89472;77384;11970;13242;16476;12122;11910;14952;12262;15224
evaluation,4250,17714;44130;3730;1060;8938;30656;36010;1410;37067;16452
evaluation,4251,64819;12262;4440;11970;11910;13242;23338;86621;4592;12122
evaluation,4252,4552;61342;19739;87898;3640;31216;52504;23851;38512;72266
evaluation,4253,29490;11082;11379;83064;49126;83317;65581;55752;33776;83160
evaluation,4254,51148;37450;4832;2492;7336;43498;5130;46306;71963;2540
evaluation,4255,93672;42176;22823;21547;11038;8846;37224;8016;60506;71671
evaluation,4256,17714;44130;3730;1060;8938;30656;36010;1410;37067;16452
evaluation,4257,10832;11210;10966;27478;45100;95082;27604;97510;15006;26124
evaluation,4258,97741;84726;35958;25392;50958;12812;23196;95111;59134;11952
evaluation,4259,37224;60506;20406;58040;40946;15450;9104;9294;33038;8846
evaluation,4260,29490;83317;83064;49126;11082;65581;83160;11379;33776;41040
evaluation,4261,35040;3434;7986;887;88388;4859;99165;4952;73268;46394
evaluation,4262,19510;1098;17006;17494;12211;41422;45339;91249;7254;64026
evaluation,4263,95930;21986;4276;33463;55362;22948;4528;6406;5094;5642
evaluation,4264,70514;31132;41632;15182;95769;58050;86150;2996;31510;41658
evaluation,4265,81268;50031;55450;62162;72856;51174;59432;50812;56161;74599
evaluation,4266,54109;53357;55388;63450;96854;83840;48764;19852;93860;56094
evaluation,4267,21098;19336;76874;34010;34794;19468;1247;21280;55652;11684
evaluation,4268,6644;6646;12614;65704;98166;12834;12374;11828;6894;9523
evaluation,4269,3040;27448;71934;81328;73611;3264;58260;6558;32916;48400
evaluation,4270,80264;46026;5635;79780;79621;33414;40388;11304;42340;22412
evaluation,4271,59050;18256;23630;2234;74981;12694;7989;21054;40406;16976
evaluation,4272,38092;36344;63085;48752;3662;12322;4020;35836;75668;51894
evaluation,4273,61188;86150;32282;60806;95769;70514;15182;44768;2996;96473
evaluation,4274,880;25578;86378;80664;27664;656;85218;78784;6150;20400
evaluation,4275,54541;3646;29858;32422;94092;48140;27386;33030;34013;724
evaluation,4276,13880;13890;1024;13154;99681;14160;14992;99821;74836;26032
evaluation,4277,10198;96422;35462;48180;47618;18896;11366;11106;55450;66530
evaluation,4278,7724;25786;19828;89808;93094;31162;8138;52982;49848;33136
evaluation,4279,78652;780;910;44656;598;17382;7636;53566;68945;74050
evaluation,4280,85390;1698;12316;51390;54356;19128;24811;15606;12740;19514
evaluation,4281,7336;72828;16650;43894;8480;32508;2092;17639;1492;4832
evaluation,4282,93672;42176;22823;21547;11038;8846;37224;60506;8016;71671
evaluation,4283,74050;47758;55582;43760;36348;66908;20055;24811;56490;54356
evaluation,4284,85138;39356;72990;10620;21902;24690;53274;27478;49344;60878
evaluation,4285,35572;50314;45065;35728;19767;51448;31080;18426;48919;32020
evaluation,4286,26851;27662;13860;48534;68487;28114;18894;17294;90256;26032
evaluation,4287,34334;9542;9382;7018;60342;24160;8578;24492;88433;4318
evaluation,4288,45065;35572;19767;45454;35728;50314;31080;18426;6326;93546
evaluation,4289,14836;14952;11910;22;10798;16476;10071;79301;11970;89472
evaluation,4290,46112;7198;4;74672;29028;48832;28054;1637;11258;45886
evaluation,4291,4552;61342;52744;87898;11014;20098;91942;51794;3640;21471
evaluation,4292,84457;12862;24216;404;2855;5738;95318;3878;52286;86574
evaluation,4293,10570;38558;56686;68858;33776;23778;3171;3980;21622;61065
evaluation,4294,9658;12206;5042;24060;88836;12846;12535;9210;30508;63484
evaluation,4295,38750;75714;70848;74995;2746;87336;23112;9216;51872;57906
evaluation,4296,6351;6360;5542;5782;4864;6418;10512;7230;45068;5566
evaluation,4297,55388;69662;66772;64354;84206;56024;10874;33366;65160;22144
evaluation,4298,21098;1247;34794;13084;55652;19336;21280;19468;39624;924
evaluation,4299,54541;29858;34013;3646;32422;33030;98136;29734;27107;27386
evaluation,4300,17450;15588;55684;22500;13504;35106;73231;51576;532;59898
evaluation,4301,48832;4;7198;40208;45886;33492;2;68262;12262;67244
evaluation,4302,7724;89808;19828;25786;93094;31162;8138;52982;7930;33136
evaluation,4303,7724;89808;92461;92826;93094;25786;19828;7930;8138;33136
evaluation,4304,91540;10663;1714;11380;2346;87952;2784;72643;1428;38902
evaluation,4305,35106;24850;3690;21622;17450;15996;64830;26070;1459;17284
evaluation,4306,51576;29582;31242;23804;43347;39006;23384;25018;239;25482
evaluation,4307,94092;33030;27107;54541;3646;88676;71694;34011;27386;58578
evaluation,4308,21964;62994;35494;32416;11032;3468;6396;77960;74949;35114
evaluation,4309,97124;33556;30172;20376;70192;7059;56044;49174;70403;10310
evaluation,4310,10310;70192;47754;76628;60336;97124;91026;574;3314;15464
evaluation,4311,85552;82682;41026;5844;57089;762;33016;15419;6134;98853
evaluation,4312,85552;82682;41026;57089;5844;762;33016;6134;15419;22844
evaluation,4313,70514;86150;31132;41632;15182;41658;95769;8276;31510;65392
evaluation,4314,9592;9212;41301;44864;10740;40962;11288;23626;10894;12402
evaluation,4315,66988;9520;44954;45875;85676;38532;45026;12558;20848;7988
evaluation,4316,42784;14891;12197;59750;58538;94342;11516;12254;11574;52334
evaluation,4317,19336;19468;76874;34010;13084;88561;88670;21098;22926;34794
evaluation,4318,65704;23872;6646;70838;9523;89506;71370;6644;5222;72210
evaluation,4319,35960;2630;12716;91500;20198;622;91396;14348;13310;13888
evaluation,4320,22718;96146;32026;28154;8648;31802;1322;88296;51448;84162
evaluation,4321,70514;86150;41632;31132;31510;95769;41658;15182;8276;46814
evaluation,4322,35142;35348;2979;3200;3956;2900;88740;12947;6618;44396
evaluation,4323,12262;11910;11970;13242;14952;16476;14836;78258;77615;79301
evaluation,4324,14836;14952;11910;10071;16476;10798;11970;89472;79301;78258
evaluation,4325,80264;79780;46026;22412;20690;11304;20474;26955;3296;38178
evaluation,4326,49079;8912;3792;354;82776;92736;87898;5094;5642;99678
evaluation,4327,27878;9744;96444;7552;96414;62710;82659;7746;7088;5072
evaluation,4328,39820;87516;43658;7048;48690;1268;29616;2240;18320;724
evaluation,4329,63085;38092;36344;35836;12322;58558;51894;41932;41078;48752
evaluation,4330,9658;63484;9210;9042;12846;12206;12535;7108;17612;24914
evaluation,4331,69106;11756;86654;14062;28512;7226;28988;15334;99020;35032
evaluation,4332,70514;86150;15182;95769;58050;8276;59638;61188;31132;41632
evaluation,4333,68110;67287;75522;62501;81270;18302;76618;75338;57561;16976
evaluation,4334,23872;65704;89506;71370;6646;9523;70838;5222;58261;9438
evaluation,4335,90605;496;2500;1330;7504;7150;14544;3462;10528;6756
evaluation,4336,17382;80784;44656;24486;34590;910;78652;88676;780;48420
evaluation,4337,33556;63500;33030;31574;71488;97124;69818;13922;72996;16278
evaluation,4338,20902;82328;390;34968;67756;69318;1906;77080;51894;77510
evaluation,4339,93974;46058;8660;6406;13234;96150;45206;91852;53292;22872
evaluation,4340,44864;17066;4118;50941;46392;53799;79266;41052;9592;3438
evaluation,4341,18292;33782;62182;65981;77982;23100;24160;18786;14314;52891
evaluation,4342,73686;42442;73045;15840;73902;15748;72950;74110;31597;1579
evaluation,4343,24114;61762;95082;10832;10834;23061;43918;11210;11262;53274
evaluation,4344,23804;39006;51576;532;19912;19018;19714;23384;31242;914
evaluation,4345,45688;37636;97124;29122;21884;32080;12228;78702;80810;14780
evaluation,4346,33939;36636;26328;5098;75576;36338;79726;35987;20814;61880
evaluation,4347,37422;15040;38536;91884;14812;84748;12558;85676;10300;42864
evaluation,4348,95930;6406;9106;21986;81360;7788;71946;22948;35040;33463
evaluation,4349,18018;55450;50812;29872;24043;97920;5714;51802;1695;31790
evaluation,4350,71824;27228;19640;30194;83184;49413;23216;8166;15479;55806
evaluation,4351,72086;31312;4068;29114;24092;39678;62162;27266;6106;71106
evaluation,4352,51564;50031;62162;24043;97254;50812;51174;55450;46339;31790
evaluation,4353,53357;85936;55388;68262;19852;18792;26478;56094;49302;54109
evaluation,4354,81948;1146;9606;898;55652;11070;5174;10979;60251;2536
evaluation,4355,11162;22306;3828;18352;36052;53332;38632;27494;9870;12211
evaluation,4356,5844;82682;85552;15419;98853;17052;1342;66765;56460;36992
evaluation,4357,70131;69106;71866;89899;21694;9928;79646;85328;47806;43992
evaluation,4358,53707;75292;170;8032;17474;58970;50268;34690;24850;74424
evaluation,4359,4960;91852;85138;5570;4276;76932;45206;4946;58602;46232
evaluation,4360,28396;95330;420;53707;7822;9810;75292;58970;46450;52156
evaluation,4361,8900;420;93530;47090;4952;887;5428;1234;74995;95330
evaluation,4362,26476;14350;64860;43938;4044;56582;92856;5656;88228;32264
evaluation,4363,9940;86621;798;429;91864;14536;29656;33700;186;64522
evaluation,4364,10310;574;91026;70192;47754;60336;3314;33556;97124;76628
evaluation,4365,60112;80403;93922;96944;36385;26030;5002;64882;59807;72142
evaluation,4366,63649;65656;64750;83276;83502;63044;22120;64404;68842;8702
evaluation,4367,5844;82682;85552;15419;1342;98853;17052;66765;56460;36992
evaluation,4368,8914;54586;92040;53132;16381;74540;86294;93494;67122;78988
evaluation,4369,2618;36520;9890;65088;5375;42790;36210;46758;67822;45174
evaluation,4370,39843;81768;88748;23484;39576;32294;94214;81338;16406;4708
evaluation,4371,75516;88748;90635;97662;99538;11702;94214;97576;39640;99539
evaluation,4372,3792;67552;64852;20902;8912;354;99678;20302;22620;49079
evaluation,4373,67262;4960;91852;5570;7788;37422;30962;88788;14402;2068
evaluation,4374,44954;45026;45930;29186;45875;46022;38750;7988;12558;25932
evaluation,4375,62579;62470;1160;20120;62124;18190;29270;60440;39828;41306
evaluation,4376,98946;50771;99234;32958;79807;79485;30244;28298;88595;2526
evaluation,4377,1155;17046;990;32842;3114;4428;54396;73666;896;57218
evaluation,4378,74010;75128;5684;75920;2639;71710;8814;71492;74116;56168
evaluation,4379,21986;9750;6406;33463;95930;398;10156;4528;5094;5642
evaluation,4380,38750;75714;70848;2746;87336;67996;30957;19990;2622;60959
evaluation,4381,6360;5782;6351;6418;5542;5407;6310;13868;50746;3416
evaluation,4382,10979;11070;53536;1155;54396;61410;14182;46146;13212;59344
evaluation,4383,99564;34972;51230;7226;16208;32340;27266;40338;43086;57577
evaluation,4384,72000;32160;99464;90720;65370;32120;82920;89894;25126;34504
evaluation,4385,23872;65704;6646;71370;9523;89506;5222;11308;70838;58261
evaluation,4386,54541;29858;3646;34013;32422;57514;8258;29734;33030;94092
evaluation,4387,496;1330;32754;13514;92354;2500;1998;89870;37379;87106
evaluation,4388,59461;76268;83614;85574;63022;439;25668;65698;71154;43512
evaluation,4389,33556;71488;63500;33030;72996;97124;30242;2426;6536;29116
evaluation,4390,5570;4960;91852;6406;24162;93974;60042;23822;4276;53592
evaluation,4391,85552;82682;41026;5844;57089;2462;762;98853;15419;54461
evaluation,4392,7452;99466;27158;27476;8164;33446;79218;42602;3032;11930
evaluation,4393,14836;14952;11910;10071;16476;79301;89472;22;11970;78258
evaluation,4394,97124;13958;13484;33556;72996;13670;522;13496;45542;64943
evaluation,4395,6360;5782;6418;6351;5542;5407;19272;50746;3416;10444
evaluation,4396,74642;72856;62162;51564;83816;16374;32456;78568;96854;25722
evaluation,4397,71876;26780;8012;31318;22000;24263;28536;1082;99324;99334
evaluation,4398,80509;41642;12968;62104;99350;31212;88250;41854;63733;63951
evaluation,4399,4494;28188;94954;22666;47424;90410;99564;6824;68170;84812
evaluation,4400,7436;94242;97724;35547;8620;34542;4169;37806;62756;8668
evaluation,4401,2630;35960;14348;13310;91500;91396;7276;54812;59636;83586
evaluation,4402,3792;20902;51894;48752;22780;2592;27494;22620;31034;18636
evaluation,4403,38248;41171;21958;7178;58074;19107;36064;21906;48503;28712
evaluation,4404,3171;3894;53274;38558;3979;54730;5024;16210;33776;18310
evaluation,4405,9592;9212;26434;41301;8691;62228;86580;57468;9190;44864
evaluation,4406,77737;15916;49806;9552;34026;81448;59580;58538;81038;82774
evaluation,4407,38750;75714;2746;70848;7630;74995;2622;87336;67996;60959
evaluation,4408,22836;3140;26338;86016;45174;17014;51352;21016;2222;41568
evaluation,4409,9210;63484;12535;9426;38546;9042;65437;12846;17612;24914
evaluation,4410,88196;58056;40406;85998;49297;44574;29730;19566;36600;19264
evaluation,4411,24114;61762;95082;30288;10834;23061;53274;10832;43918;11262
evaluation,4412,11970;14952;12262;78258;13242;11910;14836;77615;12122;12318
evaluation,4413,95606;34791;30957;25932;23527;7988;46758;27124;26292;38750
evaluation,4414,5844;82682;1342;85552;17052;98853;66765;15419;56460;6134
evaluation,4415,38092;36344;63085;51894;35836;22546;12322;48752;41078;58558
evaluation,4416,36862;74800;3016;424;48912;31034;26878;51894;96230;87898
evaluation,4417,9212;9592;44864;23626;72932;72732;41301;86580;72758;40962
evaluation,4418,89472;77384;11970;13242;16476;11910;12122;15224;14952;12262
evaluation,4419,24114;95082;61762;10834;30288;23061;10832;53274;43918;11262
evaluation,4420,42006;40478;51632;78858;49560;65717;52266;11038;76272;35914
evaluation,4421,7724;89808;19828;25786;31162;93094;8138;52982;7930;33136
evaluation,4422,7452;27158;99466;27476;8164;3032;42602;79218;11930;33446
evaluation,4423,2967;4767;78930;52886;25350;29978;89842;73849;85920;8607
evaluation,4424,15006;9382;4699;300;7019;32716;11600;23210;21042;86628
evaluation,4425,73686;73902;73045;15748;15840;42442;74110;31597;89008;19384
evaluation,4426,18904;80108;60662;61945;63924;83100;16631;6204;15822;61880
evaluation,4427,3792;51894;20902;27494;48752;2592;3828;31034;15520;17014
evaluation,4428,35040;3434;887;4859;88388;7986;81360;4952;81372;46394
evaluation,4429,37055;25792;29804;88267;43486;5656;72732;52444;7820;60662
evaluation,4430,8320;41902;8480;15205;15448;11568;10979;51792;33446;15819
evaluation,4431,33556;69818;97124;16278;63500;33030;7138;724;31574;70403
evaluation,4432,59461;83614;85574;76268;25668;65698;439;31152;63022;25958
evaluation,4433,14181;24208;27818;87576;28190;46916;97906;22262;15006;17412
evaluation,4434,63562;86396;9839;94393;1260;20006;98472;24102;64674;67244
evaluation,4435,12952;53190;4254;86092;53398;7710;50750;53812;54243;3928
evaluation,4436,28970;30870;31650;67200;28754;28691;14726;80922;97210;10620
evaluation,4437,44864;9212;9592;23626;41052;2543;1000;61636;72932;65410
evaluation,4438,65606;17186;87798;96603;17210;3975;93036;44954;27100;94078
evaluation,4439,99434;340;376;63880;69619;88388;60673;65556;30508;53421
evaluation,4440,33296;85087;79164;20192;90786;9034;73666;67510;17902;95582
evaluation,4441,61188;4750;49838;71154;48360;3670;70680;43512;44067;76268
evaluation,4442,23484;89838;89001;22494;13892;69196;97576;24504;32016;47950
evaluation,4443,91540;10663;1714;14856;43894;34483;3980;11380;80786;72643
evaluation,4444,8138;36134;732;4832;37450;51148;14764;35962;36992;5172
evaluation,4445,68922;24850;15996;93190;20190;16850;16830;21660;54314;70848
evaluation,4446,5844;17052;1342;15419;73045;19526;17632;74110;85552;74192
evaluation,4447,88388;32770;5983;28878;11982;26136;19270;7466;19422;3294
evaluation,4448,4960;91852;5570;4946;45206;4276;96150;85138;58602;23928
evaluation,4449,74912;51326;60305;3246;95621;46450;56155;71240;19776;21911
evaluation,4450,73686;42442;73902;73045;1579;15748;15840;72950;74110;1402
evaluation,4451,11970;11910;13242;12262;78258;12122;77615;14952;4732;16476
evaluation,4452,10663;91540;1714;80786;11380;74649;14856;72643;66264;43894
evaluation,4453,8914;54586;92040;67834;79780;27814;78988;45412;67728;73058
evaluation,4454,18904;16631;60662;61945;80108;83100;63924;61880;32264;15822
evaluation,4455,14902;67122;24114;91436;41060;10832;36364;45100;44876;90814
evaluation,4456,3792;20902;51894;48752;2592;22780;31034;22620;27494;15520
evaluation,4457,9592;9212;44864;72758;41301;32734;23626;11288;40962;72732
evaluation,4458,82729;59762;2222;95274;1064;94342;86259;1270;86016;11516
evaluation,4459,37055;25792;31139;85161;38398;61880;56582;61945;52444;29804
evaluation,4460,19579;71142;35054;65002;37055;59709;57538;30998;43486;36636
evaluation,4461,10392;1155;85087;33296;8016;5259;53836;4910;22474;4740
evaluation,4462,496;1330;32754;99709;3462;2500;54194;90605;65478;25106
evaluation,4463,33165;24236;14895;31264;77510;59502;4210;11288;5656;80112
evaluation,4464,9472;44954;45026;45930;972;1000;13166;45875;10056;51596
evaluation,4465,71824;99472;21028;78846;95769;16710;19640;49413;30194;1205
evaluation,4466,59102;99714;82150;4496;38333;31035;41581;14918;9468;15479
evaluation,4467,28970;27290;28962;30870;28691;31650;81666;20424;28754;87590
evaluation,4468,72579;10540;69156;11874;31035;8244;82150;47044;99714;1788
evaluation,4469,32080;37636;45688;49120;26198;56930;85998;48154;22666;97389
evaluation,4470,85446;2487;2056;4368;86351;6262;5564;5407;1880;5324
evaluation,4471,81522;24682;94146;32598;97636;3039;3094;3127;61698;94322
evaluation,4472,85584;69322;4116;43874;44925;44096;46582;86723;1064;2948
evaluation,4473,16084;429;60140;29140;16948;19518;93741;16716;31392;15967
evaluation,4474,89762;99464;90720;72000;50491;99044;31819;78402;89894;31392
evaluation,4475,65704;6646;5222;70838;71370;23872;9523;72210;6644;89506
evaluation,4476,7504;6006;10472;10528;6410;7410;14544;7434;5895;82520
evaluation,4477,76536;32476;3260;77328;34370;56110;26229;33786;4127;990
evaluation,4478,66314;94616;60254;20650;62364;58471;10988;5952;50616;15884
evaluation,4479,29830;86891;4186;64598;35476;4428;22458;9050;53836;76356
evaluation,4480,98588;17756;68404;38680;38184;67915;38220;88130;45460;53404
evaluation,4481,9606;55652;24782;47926;1146;81948;11070;46616;6994;21280
evaluation,4482,85446;2056;2487;4368;86351;5564;1880;5324;582;4468
evaluation,4483,26514;13484;25840;94988;26240;27158;51276;29734;28962;26538
evaluation,4484,88550;49848;1338;28676;89808;50008;19416;15944;93094;29156
evaluation,4485,24114;95082;61762;10834;30288;23061;10832;53274;43918;11262
evaluation,4486,9472;44954;45026;45930;1000;13166;972;45875;10056;51596
evaluation,4487,65656;64750;63649;83276;64404;68842;92157;17748;83502;33626
evaluation,4488,89472;11970;13242;77384;12122;16476;11910;12262;14952;77615
evaluation,4489,46960;65581;17498;12412;17626;11060;74250;50298;1248;29594
evaluation,4490,35040;3434;81360;7788;73268;46394;30962;4952;31210;7986
evaluation,4491,9160;22416;14828;91254;27434;214;52616;15452;88084;90550
evaluation,4492,25102;96797;30536;82350;28960;82952;65370;58388;4169;82920
evaluation,4493,11032;62994;80403;35494;68052;1384;35114;21964;32598;36385
evaluation,4494,74872;27371;42583;46726;91118;17498;87344;3894;97962;62528
evaluation,4495,68922;24850;15996;93190;80987;20800;16850;16830;97102;17284
evaluation,4496,33914;48176;45228;89201;46392;2948;17530;47396;17778;25988
evaluation,4497,41770;73242;64852;78172;29934;45373;66622;90974;22078;84806
evaluation,4498,8638;1684;4196;6156;91242;24850;541;2392;25956;6278
evaluation,4499,3171;3894;53274;38558;3979;54730;5024;16210;33776;18310
evaluation,4500,71963;49252;77234;30921;9712;1800;8138;12090;27042;15604
evaluation,4501,17186;65606;89548;17210;61616;90534;86192;87688;98102;68965
evaluation,4502,75292;53707;3246;34690;17474;3954;23007;170;29108;21890
evaluation,4503,46022;93036;25932;4946;15774;23746;3975;27100;4528;88206
evaluation,4504,99434;7998;376;340;63880;88388;9402;82604;65556;69619
evaluation,4505,6710;7170;7110;13114;2570;12008;9299;1962;9118;14592
evaluation,4506,85446;2056;2487;5564;6262;4368;1880;582;5324;5407
evaluation,4507,75516;94214;88748;90635;39640;99538;39936;97662;62222;99539
evaluation,4508,59050;2234;18256;21054;23630;40406;12694;22668;19119;1882
evaluation,4509,2630;622;35960;66928;13310;50588;13888;14348;8879;8854
evaluation,4510,44656;13534;69708;78652;58212;6478;99498;24486;7636;59592
evaluation,4511,19852;85936;68262;3438;49302;31550;70736;18792;36574;9443
evaluation,4512,55388;58990;53357;54109;56024;68262;18792;19852;66772;90146
evaluation,4513,70784;69256;94954;59266;81392;30344;66098;15948;98136;21950
evaluation,4514,89472;77384;77615;73730;73680;23338;12262;33492;43894;11970
evaluation,4515,17186;89548;17210;5024;90534;946;86192;27616;42218;16330
evaluation,4516,9212;9592;81893;7988;22752;80112;72758;36592;72732;11288
evaluation,4517,89201;28023;4250;26616;1324;26086;46392;25974;17778;5375
evaluation,4518,76874;13084;19336;21098;19468;34794;39624;88561;34010;37106
evaluation,4519,9628;12614;10438;11828;65198;12834;98166;76563;24581;6894
evaluation,4520,76136;43392;43152;87028;3570;68898;4664;46026;22412;16648
evaluation,4521,96944;93922;64882;65392;44930;65562;17283;66080;60112;42320
evaluation,4522,43498;98872;63472;39040;50040;43460;42740;4740;4910;79658
evaluation,4523,15419;85552;5844;82682;1342;17052;98853;6134;56460;19526
evaluation,4524,11070;26970;25442;78760;61934;52420;11142;30957;71470;57502
evaluation,4525,27476;27158;99466;7452;79218;3032;11930;90896;61065;8164
evaluation,4526,46868;64308;26528;38468;89870;43858;59344;23770;72499;21090
evaluation,4527,3894;3171;53274;18700;3979;12486;36134;16210;18310;54730
evaluation,4528,28691;28970;30870;28754;31650;4372;27290;59032;27886;14726
evaluation,4529,67963;26086;63835;32719;15520;51884;82744;27494;3828;43874
evaluation,4530,7988;45875;84748;84657;25932;2880;28528;29186;30359;9520
evaluation,4531,3662;4020;63085;38092;1366;14402;31627;36344;20902;12322
evaluation,4532,4192;81840;74256;31706;94877;29108;4016;21528;14464;35155
evaluation,4533,57182;2526;98946;33540;88986;30166;50771;89042;45228;80
evaluation,4534,37055;29804;67963;51164;25792;43486;52444;28254;38398;85161
evaluation,4535,37422;84748;89501;12558;85676;14812;15040;91884;42864;46022
evaluation,4536,32719;85584;43874;49788;22546;29186;25056;86259;41568;81543
evaluation,4537,18190;282;70068;60440;20120;60048;15102;70139;62124;1160
evaluation,4538,71876;42656;31318;24263;17458;28536;62044;97806;68170;97259
evaluation,4539,57757;55806;50548;26780;14512;76944;25047;77402;83184;99714
evaluation,4540,4496;99714;79952;77554;21886;84901;39216;21870;58050;77445
evaluation,4541,70514;86150;15182;95769;81338;31132;57124;41632;44768;49413
evaluation,4542,39936;51546;57124;16406;18388;32282;79324;86150;24906;71174
evaluation,4543,85998;49297;88196;40406;29402;36600;58056;44574;1834;97389
evaluation,4544,94846;96876;97259;97806;94434;28188;94570;8230;80664;42836
evaluation,4545,19334;45090;39830;7284;40542;36860;39546;96796;6462;16036
evaluation,4546,22749;48140;78652;17382;87576;35456;22252;70736;68945;69708
evaluation,4547,1146;9606;81948;5174;898;10979;13084;55652;11070;60251
evaluation,4548,53428;3646;19132;34013;7754;56474;27780;57514;39878;27386
evaluation,4549,496;1330;32754;99709;2500;13514;89870;3462;4819;90605
evaluation,4550,14434;83914;8016;11974;41528;64736;58215;52616;65786;4740
evaluation,4551,73902;31597;15840;94877;15748;73686;74110;73045;89008;42442
evaluation,4552,18060;32874;83160;99654;50072;83064;83317;28434;37938;10802
evaluation,4553,21652;4934;66952;23851;33384;85308;22120;64688;412;30288
evaluation,4554,38345;35058;7974;39694;39403;15944;61556;35960;23851;5994
evaluation,4555,27158;99466;7452;42602;3032;79218;27476;8164;11930;17876
evaluation,4556,85936;86621;75986;33492;68262;48832;24592;40368;40208;4440
evaluation,4557,73686;73045;73902;42442;15840;15748;74110;72950;70974;1579
evaluation,4558,99654;11603;10802;83160;28826;65006;44732;44742;84748;32874
evaluation,4559,18060;98198;2894;76492;66836;67200;94218;99654;45875;22122
evaluation,4560,946;1034;82398;1011;26772;61272;33626;42340;29250;85658
evaluation,4561,1398;318;1362;99768;25860;1332;11938;3394;37084;26480
evaluation,4562,97806;97259;96876;14726;28188;49986;16402;31318;90119;19296
evaluation,4563,2948;33914;48176;46392;89201;17530;47396;45228;17778;3007
evaluation,4564,3792;99678;354;1450;2318;65880;4946;1360;31302;64852
evaluation,4565,35040;3434;7986;88388;49382;2068;887;340;71788;4952
evaluation,4566,29186;66988;84657;25932;7988;45875;33626;9520;12558;30359
evaluation,4567,77737;34026;91524;82774;9552;59580;15916;81448;27564;94338
evaluation,4568,63085;38092;35836;36344;75668;51894;77080;48752;12322;3662
evaluation,4569,23234;37055;60662;25792;61880;61945;56582;52444;6204;63652
evaluation,4570,87800;10300;15040;9520;37422;84748;12558;85676;38536;86970
evaluation,4571,71876;28536;25047;42656;68170;76944;94954;24263;17458;31318
evaluation,4572,50180;91582;56882;75074;26842;7386;77826;56728;41434;25176
evaluation,4573,17382;24486;44656;34590;46408;97724;35456;69857;68945;80784
evaluation,4574,19336;19468;21098;34010;76874;13084;34794;1094;22926;21046
evaluation,4575,23872;65704;6646;71370;9523;5222;11308;89506;70838;9438
evaluation,4576,45065;50314;75858;31080;71646;32020;21278;35572;45237;51448
evaluation,4577,10310;91026;90942;56044;59;574;522;13712;7059;6842
evaluation,4578,14062;5068;91580;50218;36304;87297;99089;27266;39286;44266
evaluation,4579,94877;29108;26994;90550;4732;88944;21528;1579;3812;81840
evaluation,4580,90522;52616;20974;64736;58215;15512;82588;8362;91352;37450
evaluation,4581,15419;85552;5844;82682;1342;98853;17052;6134;56460;19526
evaluation,4582,34476;21470;17668;21971;35918;86870;612;8158;34724;87120
evaluation,4583,83160;99654;50072;35544;11082;10802;11798;11603;10016;28826
evaluation,4584,94877;26994;29108;4732;90550;88944;21528;88918;26943;1579
evaluation,4585,25442;26970;78760;11070;61934;52420;11142;30957;57502;14604
evaluation,4586,36134;8138;4832;26994;26943;14764;16454;74555;84129;8772
evaluation,4587,67104;78172;73242;15392;38887;64852;14432;80093;43308;39314
evaluation,4588,35040;7986;3434;46394;79794;7998;88388;30962;7788;30688
evaluation,4589,71174;16406;7686;86150;81338;24906;24686;23638;95769;99472
evaluation,4590,26000;66242;63652;56588;52650;77152;11372;19036;18238;35922
evaluation,4591,35142;35348;3200;2979;2900;88740;3956;12947;6618;12120
evaluation,4592,99472;95769;81768;81338;97530;23484;97662;71174;32294;17102
evaluation,4593,27158;27476;42602;99466;7452;3032;11930;10933;44738;8164
evaluation,4594,11162;12211;22306;18352;9870;36052;53332;51884;25830;30760
evaluation,4595,19566;14070;58056;13886;88196;38282;99036;97228;19264;47966
evaluation,4596,65136;23007;73307;76818;18904;17422;80112;67128;87952;65962
evaluation,4597,6930;27664;7191;80664;880;584;42836;85218;3742;22500
evaluation,4598,22836;87728;65410;26086;26338;2816;17014;3140;58538;21016
evaluation,4599,76880;97920;19449;26960;45932;29872;80658;33414;62764;50812
evaluation,4600,9468;91580;38333;39286;69106;77402;35032;2315;38964;99089
evaluation,4601,72579;60858;38964;16612;39180;19542;69536;10540;93120;73850
evaluation,4602,44954;12558;45026;87336;9520;1000;43704;45875;84748;46022
evaluation,4603,7686;81338;71174;16406;99472;86150;95769;24906;81768;23638
evaluation,4604,39462;30232;22718;98166;45764;83456;35124;55150;98476;9628
evaluation,4605,71388;73570;74646;95274;63598;3781;27372;44374;4250;94282
evaluation,4606,39006;19714;51576;31242;25482;532;29582;115;18758;19018
evaluation,4607,41472;75294;2190;38728;80338;85388;85110;39296;67380;46752
evaluation,4608,28034;92284;17382;27600;7760;59132;3378;98756;61476;40958
evaluation,4609,158;82110;4031;15716;31042;47926;65998;28816;1094;47994
evaluation,4610,46764;36064;83704;88782;99384;46804;35508;5366;46960;25518
evaluation,4611,71174;16406;86150;24686;99472;18748;24906;81338;95769;8276
evaluation,4612,35494;62994;11032;21964;32416;3468;1384;6396;77960;36385
evaluation,4613,8006;19579;3010;40946;4856;74944;61880;23408;63652;6204
evaluation,4614,45820;45932;21400;64852;33882;35832;3496;87388;18640;45791
evaluation,4615,78760;25442;15709;71470;23527;22262;87576;27818;71330;26970
evaluation,4616,83160;99654;28826;32874;11603;10802;50072;11082;26091;84748
evaluation,4617,9472;44954;45026;1000;13166;45930;972;45875;10056;51596
evaluation,4618,38248;15646;7178;19107;41171;8302;58074;1462;28712;58768
evaluation,4619,35040;3434;7986;88388;46394;887;7998;81372;82604;2668
evaluation,4620,158;82110;4031;15716;31042;47926;65998;28816;47994;1094
evaluation,4621,64736;5630;8362;76992;58114;48416;66202;49772;90522;4740
evaluation,4622,99434;340;376;63880;69619;60673;21016;19674;53421;65556
evaluation,4623,22836;26086;29186;54806;45174;3140;87728;8194;26338;67963
evaluation,4624,77737;9552;34026;91524;15916;92942;81448;82774;19856;27564
evaluation,4625,73570;71388;27372;4250;74646;95274;51830;94282;1270;3781
evaluation,4626,27158;27476;7452;99466;8164;42602;11930;3032;79218;33446
evaluation,4627,53791;19334;45090;39830;36860;7284;40542;96796;39546;6462
evaluation,4628,20350;73366;34628;17578;59702;27370;9742;670;90532;14856
evaluation,4629,86956;51326;91988;86577;420;74912;15740;88788;60465;46450
evaluation,4630,95330;68994;58322;52924;86956;34091;31706;442;29108;9810
evaluation,4631,86577;15740;88788;86956;54244;420;60465;46450;87336;96222
evaluation,4632,8900;9810;7822;9226;5428;95330;88788;59584;6078;3246
evaluation,4633,8138;51148;89340;84300;28426;26994;10494;44131;4832;28366
evaluation,4634,64882;96944;5112;17406;82456;5002;85308;27002;89125;66952
evaluation,4635,31819;31868;42314;32120;89762;34504;82350;50491;32160;28960
evaluation,4636,1260;97374;20214;3114;1732;69857;4248;50652;48420;25898
evaluation,4637,496;1330;32754;2500;1998;3462;13514;32452;90605;92354
evaluation,4638,24263;71876;25047;31318;76944;26780;42656;68170;80230;72190
evaluation,4639,69106;70131;7226;77402;47806;37228;78702;21694;51842;9928
evaluation,4640,67104;38887;15392;10710;10387;4451;79556;7484;33824;68590
evaluation,4641,22492;24836;34724;87120;34476;75086;21971;21547;76074;21470
evaluation,4642,98006;53284;96603;65880;97959;87688;38086;79492;38016;68965
evaluation,4643,37055;25792;3926;17720;77480;43486;72732;72119;33736;67963
evaluation,4644,97920;29872;66098;59432;35014;40254;38112;55450;50812;24490
evaluation,4645,89472;11970;77384;13242;12122;12262;15224;16476;11910;23338
evaluation,4646,2267;5001;10004;96444;38345;39694;96414;1494;39403;6495
evaluation,4647,46764;83704;69263;56998;5366;36064;88782;16204;15528;25026
evaluation,4648,13580;896;85087;57566;59132;21046;27838;27600;84776;57708
evaluation,4649,89472;77384;13242;11970;12122;12262;15224;16476;11910;23338
evaluation,4650,76623;74740;61556;5348;10004;57905;51702;23851;96444;96414
evaluation,4651,99654;83160;84748;83317;83064;35544;65006;44742;11082;50072
evaluation,4652,41588;52476;23928;19002;64598;4588;34232;7560;9106;16830
evaluation,4653,99678;3792;67552;20902;20302;64852;45791;96230;354;22620
evaluation,4654,88595;86446;30244;32958;99234;79807;98946;50771;85900;96085
evaluation,4655,71876;68170;25047;42656;47424;94954;99324;69106;72190;77402
evaluation,4656,99564;70131;63343;31035;85328;99749;75062;79358;69106;99020
evaluation,4657,29747;78846;97254;56112;43768;34536;17508;724;77996;83264
evaluation,4658,45688;37636;21884;56930;80810;29122;5666;68042;97124;73722
evaluation,4659,97259;97806;96876;99952;14726;16402;66101;31318;28188;17458
evaluation,4660,26574;51572;92321;24102;22160;18868;16027;12347;38260;23196
evaluation,4661,55964;16600;3136;6851;34794;56766;48690;48216;5354;45237
evaluation,4662,79658;8320;81850;16650;15746;15819;8480;10424;4832;2092
evaluation,4663,16802;67979;23771;24356;17604;18330;20152;20446;19130;27094
evaluation,4664,80771;32282;79324;60806;39296;13892;73584;49413;81768;1758
evaluation,4665,59050;18256;23630;17412;2234;8538;12694;1882;7989;88196
evaluation,4666,17842;46752;41472;80338;39296;1148;17048;93591;75294;46784
evaluation,4667,65656;64750;83276;63649;64404;71084;92157;83502;68842;11584
evaluation,4668,93448;16420;22862;16952;3166;18746;53208;78783;15212;53398
evaluation,4669,71470;15709;78760;27818;25442;71330;23527;22262;87576;30957
evaluation,4670,115;23804;19714;2742;38090;45046;43347;25482;21046;31242
evaluation,4671,74649;3864;73248;8914;77178;45412;4524;802;65136;9558
evaluation,4672,42556;84858;15996;60955;5112;4262;9182;18060;9488;83160
evaluation,4673,79714;46234;54730;61762;60352;45879;11262;54064;53274;45548
evaluation,4674,35040;46394;4952;79794;7788;49382;7986;81360;30962;21076
evaluation,4675,9592;23626;9212;44864;9190;41301;86580;96948;8691;40962
evaluation,4676,53284;38086;38016;98006;90534;79492;96603;87688;64704;32734
evaluation,4677,78172;3596;11628;6194;15392;15624;42100;80914;21286;54524
evaluation,4678,35547;96584;62756;34542;92214;98012;54194;41474;30233;48420
evaluation,4679,10314;28114;32444;99681;67790;27662;99821;62944;26032;26851
evaluation,4680,9712;15604;61784;14764;11328;74555;14498;15552;9786;15586
evaluation,4681,98853;85552;6134;5844;82682;57089;15419;56460;19794;2462
evaluation,4682,71470;15709;78760;27818;25442;71330;23527;22262;87576;30957
evaluation,4683,64680;76874;41328;70662;13084;25482;19714;84206;19912;44656
evaluation,4684,2267;5001;10004;39694;38345;96444;96414;61556;1494;6495
evaluation,4685,54730;91436;20550;12918;27509;82336;3970;16952;4254;86043
evaluation,4686,76492;98198;18060;33776;66952;2894;19948;22122;51394;28826
evaluation,4687,27158;27476;42602;3032;7452;99466;11930;10933;44738;19834
evaluation,4688,6278;50512;15822;32932;11082;49344;55362;49196;3975;20264
evaluation,4689,31627;1366;12322;3662;4020;1460;72686;73882;17824;5572
evaluation,4690,50771;85900;98946;79807;99234;30244;28298;88595;2526;57182
evaluation,4691,25792;37055;88267;29804;72732;5656;57468;7820;80112;43486
evaluation,4692,89201;28023;1324;26086;46392;17530;25974;26616;3007;48176
evaluation,4693,88748;97662;39936;39640;68332;97576;39843;30563;11702;47124
evaluation,4694,87134;9239;44770;19274;36804;42148;32452;56052;47926;41010
evaluation,4695,35494;21964;3468;62994;11032;32416;97636;35114;82933;1288
evaluation,4696,74949;8943;24650;7867;24882;56806;66369;15114;89462;24521
evaluation,4697,29108;89808;52982;49848;19828;25786;5330;31162;50008;39730
evaluation,4698,42602;27158;7452;99466;3032;27476;79218;8164;11930;10933
evaluation,4699,39006;532;19018;39657;115;19714;18758;31242;23804;914
evaluation,4700,5001;2267;10004;39694;15944;1494;38345;96444;61556;49774
evaluation,4701,42394;34242;58471;4255;9190;61608;906;3007;88228;26229
evaluation,4702,65148;34340;63949;64484;5524;37794;26210;12862;40971;4999
evaluation,4703,80840;18738;30359;21084;83064;83317;49344;83160;93190;96702
evaluation,4704,3792;67552;49079;99678;2318;9870;64852;354;20902;8912
evaluation,4705,9212;9592;44864;41301;41052;23626;43938;9190;72732;72758
evaluation,4706,4960;91852;5570;67262;22780;22620;4946;4276;85138;56588
evaluation,4707,35040;3434;46394;7986;7788;30962;79794;81360;58184;73268
evaluation,4708,77510;82216;32734;31264;63880;95758;18055;10740;80112;10682
evaluation,4709,50771;98946;30244;79485;99234;79807;2526;88595;53478;32958
evaluation,4710,37055;25792;29804;56582;60662;52444;23234;8706;7820;61880
evaluation,4711,22836;26086;95616;2816;67963;2543;2222;87728;28023;63835
evaluation,4712,38750;2746;7630;5212;9226;5428;2810;6246;87336;4408
evaluation,4713,95930;5094;5642;55362;3975;21986;58602;6406;24521;45791
evaluation,4714,40254;99324;14062;79358;50070;45068;63343;14072;62434;26780
evaluation,4715,70131;31035;63343;69106;74396;99564;71866;99749;99020;74196
evaluation,4716,44279;44266;6324;32750;14062;34972;11756;80810;50218;70288
evaluation,4717,88748;93772;83140;99539;62112;46132;97576;39936;68332;12756
evaluation,4718,96528;44823;15824;46748;18388;14200;24940;69878;20427;71020
evaluation,4719,86396;36472;44234;99582;9839;58172;45470;19546;34008;63562
evaluation,4720,40406;88196;85998;49297;58056;5088;10800;5020;5040;36600
evaluation,4721,72579;59558;93120;45470;32162;60858;34718;36558;36387;38964
evaluation,4722,496;1330;3462;32754;2500;99709;90605;64742;13514;23030
evaluation,4723,74949;8943;24882;15368;7867;66369;10174;99709;15114;7754
evaluation,4724,39220;46516;20318;43012;27940;31234;82952;56936;74024;91058
evaluation,4725,26032;14992;99681;99821;64060;67790;45698;16616;13890;35124
evaluation,4726,17106;26851;46959;17294;73611;93798;7504;41170;41046;27662
evaluation,4727,67963;27494;51894;22306;25056;67552;3792;31034;17720;15520
evaluation,4728,46394;81360;79794;4952;81372;7788;71946;30962;2668;16889
evaluation,4729,38092;63085;36344;51894;31034;22546;48752;35836;41078;80708
evaluation,4730,22836;51352;29186;45174;86016;3140;54806;41568;26086;26338
evaluation,4731,91988;86956;420;45791;37676;7822;46450;60959;60465;38750
evaluation,4732,86396;62710;9839;55338;52370;34008;47037;58172;73644;56156
evaluation,4733,26970;25442;78760;52420;11070;61934;30957;11142;57502;7642
evaluation,4734,66836;98198;2894;33416;33776;38746;60576;40176;83317;87602
evaluation,4735,35142;35348;3200;11722;2979;3696;9464;2900;2567;7170
evaluation,4736,48420;35456;64192;41170;1024;51104;53884;46916;97724;29362
evaluation,4737,88748;97662;39936;92190;30563;32476;68332;97576;81170;6103
evaluation,4738,10834;79714;61762;60352;46205;46283;45879;85654;95082;45826
evaluation,4739,4496;99714;84901;36918;39216;20014;37420;79952;77554;42754
evaluation,4740,88196;40406;85998;49297;8538;5088;5040;10800;13252;5020
evaluation,4741,13846;14038;14200;2014;4536;65444;20014;5490;57920;83614
evaluation,4742,97920;56161;55450;52452;51174;59432;56112;1524;50812;83194
evaluation,4743,35508;923;65581;60112;81328;83184;22587;29922;57886;86150
evaluation,4744,15746;20974;90522;15222;10424;82588;64736;52616;75582;91352
evaluation,4745,91852;4960;5570;4946;74800;96150;45206;53592;13234;53912
evaluation,4746,68332;88748;68296;24980;39936;97662;4127;24901;39105;31510
evaluation,4747,19852;16080;56024;44807;53357;31550;68262;10122;48140;20782
evaluation,4748,79714;65180;32866;46205;1876;46460;5001;61762;46283;670
evaluation,4749,18055;21364;21564;77510;7988;81893;31264;59502;56582;33165
evaluation,4750,51118;64522;65556;5042;936;53676;19040;9940;19518;34372
evaluation,4751,6360;5782;6351;6418;5542;6310;50746;19272;27664;7110
evaluation,4752,88748;18388;39936;62222;5490;39843;90635;16406;39640;32476
evaluation,4753,8518;34718;4720;57564;11532;4781;28393;3492;23496;2226
evaluation,4754,9606;81948;1146;11070;60251;5174;2536;55652;898;10979
evaluation,4755,35508;99384;65581;46960;43152;6056;923;11458;7914;25026
evaluation,4756,4664;35058;39403;61556;57905;38345;96414;96444;1876;1912
evaluation,4757,86396;26285;9839;44234;52370;3352;36472;24498;58172;12951
evaluation,4758,63652;73307;9124;73098;36338;57543;73590;71404;73418;75910
evaluation,4759,97806;42736;94218;97259;60596;10620;67200;28691;28754;429
evaluation,4760,9402;7998;63880;25831;1064;86600;950;8632;12254;17066
evaluation,4761,37220;14992;68487;26032;64060;35124;90350;45698;98636;99681
evaluation,4762,9334;83088;12718;2996;12884;50128;47756;56358;97530;26842
evaluation,4763,73307;3194;73590;73644;67128;71404;73098;73438;57543;8436
evaluation,4764,4496;99714;79952;99089;21886;78702;77445;84901;21870;4372
evaluation,4765,25026;54538;28594;69264;30376;29184;54529;31950;31850;47562
evaluation,4766,36072;40608;16778;37197;44930;10016;35544;26090;66952;93210
evaluation,4767,39936;62112;11702;83741;4904;32814;62222;39105;69760;51546
evaluation,4768,56674;923;35508;99384;6056;22587;20424;6538;85308;14216
evaluation,4769,12202;35456;48420;88676;29362;2047;910;30233;22749;35547
evaluation,4770,4031;82110;15716;158;31042;38492;51647;65998;5222;67186
evaluation,4771,55349;55176;22160;26574;34590;17730;52327;24102;34542;28190
evaluation,4772,28948;21712;2706;73231;49056;58320;14544;12347;33151;92354
evaluation,4773,63652;8020;98730;88267;9960;80572;80112;30670;12564;14422
evaluation,4774,73307;36338;36636;73098;73590;57543;76480;73418;73438;25792
evaluation,4775,18904;80108;83100;3658;16631;3194;82994;36338;82523;16728
evaluation,4776,96948;71404;3194;73098;46428;73590;98730;86580;9124;73644
evaluation,4777,574;91026;56044;76628;53058;97124;85983;13494;33712;32562
evaluation,4778,13574;98588;43600;70923;22128;55830;52271;17756;66723;76774
evaluation,4779,17946;35592;51262;12154;10387;14206;42002;97838;9578;14957
evaluation,4780,43768;99952;1384;20766;83412;69582;28938;93393;26030;80403
evaluation,4781,64736;79658;10424;60400;48416;37450;81850;63472;15512;90522
evaluation,4782,57710;41450;26955;53672;2267;49452;90942;35508;22587;17222
evaluation,4783,86396;26285;44234;31484;24498;3352;21438;8231;9839;99582
evaluation,4784,50771;79807;98946;57182;30244;99234;79485;88595;53478;32958
evaluation,4785,5912;29108;5330;94877;3718;8724;25786;58322;3812;39730
evaluation,4786,17963;8308;19510;17908;19518;99302;21898;30244;65554;84806
evaluation,4787,30948;64026;42790;85512;440;9552;10903;99768;2618;23124
evaluation,4788,9402;332;11516;63880;1064;950;25831;53472;12254;12197
evaluation,4789,37055;31139;1150;25792;64006;38398;8706;50941;52444;94844
evaluation,4790,98946;2526;57182;50771;79807;30244;79485;88595;99234;53478
evaluation,4791,47018;47098;5148;47012;7773;89125;77034;61636;71462;93206
evaluation,4792,22836;58538;29186;41568;168;316;1270;26086;3140;45174
evaluation,4793,2868;6440;27124;26970;26478;9726;87898;354;702;1906
evaluation,4794,10044;9995;31264;28348;46058;3662;4020;63714;8290;31302
evaluation,4795,19852;9443;14646;31550;83840;11506;53357;39008;18364;20782
evaluation,4796,17106;26851;73611;17294;2870;27662;93798;7504;10528;6603
evaluation,4797,35508;99384;65581;46960;43152;6056;11458;923;7914;25026
evaluation,4798,10570;38558;21622;30442;56686;29883;14891;82588;91352;73309
evaluation,4799,9592;9212;44864;23626;41301;72932;17066;4118;41052;40962
evaluation,4800,13574;98588;17756;55830;43600;67915;52271;38220;68404;25778
evaluation,4801,35142;35348;11722;2979;3200;2900;3956;79324;75529;66842
evaluation,4802,35508;923;7988;65581;26090;95904;83184;84519;41040;32264
evaluation,4803,99838;8360;10988;92286;87036;24524;10772;4154;34646;82728
evaluation,4804,9402;11516;1064;17066;12197;12254;63880;12864;950;17908
evaluation,4805,4514;65880;53799;1459;98102;69164;4594;27616;2068;4767
evaluation,4806,71174;16406;24906;86224;23638;49413;79324;24940;1758;33050
evaluation,4807,96584;35547;54194;1260;34542;4169;32250;62756;85390;15368
evaluation,4808,2078;2836;1144;76886;4086;10198;24362;92358;26104;10643
evaluation,4809,82336;82398;35776;87006;30818;14748;73309;51670;1702;72912
evaluation,4810,26955;49452;23851;22587;57710;62710;41450;26952;43131;57905
evaluation,4811,35040;88388;7986;81372;81360;887;3434;4952;11982;2668
evaluation,4812,76874;13084;88561;88670;34794;22926;89658;39624;1094;39632
evaluation,4813,55349;24102;67178;22160;55176;34542;1024;66774;3462;15872
evaluation,4814,9334;28938;14014;67772;41960;76240;23496;32162;16940;5490
evaluation,4815,36134;99300;36992;1060;82682;44130;5844;4832;5272;84300
evaluation,4816,82682;5844;98853;1342;56460;85552;15419;57089;36992;17052
evaluation,4817,36992;732;84300;63234;48834;29154;14498;56460;68262;84129
evaluation,4818,82682;5844;1342;98853;56460;15419;85552;84300;57089;17052
evaluation,4819,66080;5524;14464;4999;88228;42218;33914;26210;5118;1398
evaluation,4820,66836;98198;27842;87994;74676;83317;6495;26682;83064;44954
evaluation,4821,65006;32874;99654;84748;35058;83160;83317;45875;83064;4255
evaluation,4822,46205;45826;46283;45879;86890;79714;10834;45548;61762;85654
evaluation,4823,10570;14891;62696;94877;73902;73045;84340;82588;73309;67750
evaluation,4824,40946;4856;3010;6078;23007;6204;81893;12224;3246;26414
evaluation,4825,15102;18190;282;70139;60048;59592;60440;1160;62124;77252
evaluation,4826,30508;57350;3015;5042;5696;21898;96085;334;54314;30244
evaluation,4827,1155;85087;896;27434;990;22566;57708;26804;13580;68178
evaluation,4828,64986;23484;7386;17102;44718;12632;86224;32282;46104;71174
evaluation,4829,6360;6418;6351;5782;5542;6310;13346;5407;3416;9356
evaluation,4830,12632;93310;36387;52256;15282;13306;80853;58744;80771;19640
evaluation,4831,86396;64680;44234;45964;36472;99582;10276;87590;31012;16230
evaluation,4832,55502;44718;68332;6910;39640;89838;99538;39576;17102;38112
evaluation,4833,2047;44656;22459;17382;28034;12740;4176;99498;58212;910
evaluation,4834,99464;90720;89894;65370;25126;32160;72000;82920;32120;32356
evaluation,4835,35494;62994;32416;21964;3468;11032;6396;74949;77960;87201
evaluation,4836,19336;19468;21098;76874;34010;34794;21046;13084;1094;88670
evaluation,4837,19852;72458;56024;58990;16080;53357;18792;53628;5788;54258
evaluation,4838,45065;51448;35572;50314;31080;32020;18426;45237;19767;35728
evaluation,4839,27108;38910;69662;11960;3859;63534;3942;78172;94393;25026
evaluation,4840,19512;20694;19916;55462;23078;82350;53706;16278;33556;65370
evaluation,4841,5068;14062;39286;91580;50218;37228;68040;32750;11756;87297
evaluation,4842,13574;16620;25670;25778;98588;38184;22618;234;22128;23915
evaluation,4843,71174;16406;24906;24686;48050;99472;8276;21526;23870;95769
evaluation,4844,97806;97259;16402;558;96876;12596;16848;14726;94589;11782
evaluation,4845,35142;35348;2900;2979;3200;11722;44396;88740;3956;12947
evaluation,4846,65646;28034;16448;22252;29918;44656;60251;13752;68945;69708
evaluation,4847,16714;32160;31819;32120;34504;50491;58388;16772;32356;53154
evaluation,4848,19512;16278;59164;14160;82350;13890;33556;69818;14686;65370
evaluation,4849,16448;65646;29918;13752;20210;43250;54282;22252;28034;35590
evaluation,4850,28948;33151;73231;94616;22926;8360;85936;15884;9676;92321
evaluation,4851,23872;6646;65704;5222;24362;71370;10438;58261;10624;89506
evaluation,4852,77960;85376;574;522;50646;55338;867;38482;2047;2344
evaluation,4853,10834;61762;79714;60352;46205;45879;46283;11262;85654;95082
evaluation,4854,6536;26182;50298;20798;52604;85983;15322;5001;61342;29858
evaluation,4855,4440;23428;66804;22;33038;86621;23844;3970;14498;84300
evaluation,4856,13986;6310;21650;6554;9332;7884;93456;9118;8264;1328
evaluation,4857,72579;45470;36387;10540;35299;93120;19542;9334;59558;31035
evaluation,4858,7198;23338;45886;48832;40208;33492;85936;64819;35378;9074
evaluation,4859,98194;47806;97312;83904;41960;48106;47950;6103;4720;33628
evaluation,4860,5836;47950;18736;62684;33222;38008;83741;50208;93772;90148
evaluation,4861,34718;46080;52709;32814;47144;16612;31864;45470;67287;50382
evaluation,4862,58108;32282;86224;94846;1758;70514;49838;97312;59638;78164
evaluation,4863,69878;48050;62110;62246;56882;32476;62112;56302;75516;97662
evaluation,4864,10720;89932;89917;98376;91918;91890;84240;75354;94434;7536
evaluation,4865,29108;5330;64026;7472;94877;52982;89808;25786;5912;93672
evaluation,4866,21098;76874;34794;1247;19336;39624;39632;924;34010;55652
evaluation,4867,50958;48400;21052;32916;65974;66680;2870;27049;4166;36804
evaluation,4868,53580;65488;54720;58768;44260;16438;368;75844;27224;88114
evaluation,4869,48503;30192;3438;28712;86043;58768;21958;75395;74766;96169
evaluation,4870,76874;21098;1247;39624;37106;39632;34794;924;19336;11684
evaluation,4871,66772;55388;64354;69662;96857;56094;33328;10874;65160;18775
evaluation,4872,26970;78760;25442;11070;57502;30957;61934;23527;71470;14182
evaluation,4873,33560;29788;27052;25018;29582;26030;31636;23670;70906;40984
evaluation,4874,18904;36338;16631;83100;82770;36636;16728;43970;80108;26000
evaluation,4875,6324;69106;74396;39286;63282;37636;32750;49120;31790;50218
evaluation,4876,55450;29872;97920;50812;1695;38112;51564;56161;59432;63951
evaluation,4877,98376;75354;75208;86754;96876;89917;91918;91890;98210;87370
evaluation,4878,58471;34370;86890;28948;24690;13608;42394;33782;267;60352
evaluation,4879,29788;29582;27052;23384;25018;40984;31636;33560;26030;27883
evaluation,4880,61438;45826;86890;14902;3803;30288;10834;46205;24114;4648
evaluation,4881,90119;84240;75354;75176;80408;89932;86754;43206;7536;98094
evaluation,4882,98094;60592;40264;89932;91918;91890;94748;84240;89917;75354
evaluation,4883,99538;75516;39576;76764;32294;39640;97312;97576;7536;69878
evaluation,4884,39640;32294;97662;39576;75516;76764;39419;93772;89838;99538
evaluation,4885,19208;65444;64552;84576;2188;32759;26052;49413;71970;12718
evaluation,4886,84240;90148;59274;86754;75354;89917;94748;80338;75208;49986
evaluation,4887,19342;6176;16708;31698;18278;72622;28060;23632;21468;29338
evaluation,4888,62246;55576;93772;39640;97662;90148;48050;96876;90498;56258
evaluation,4889,89917;89932;10720;91918;91890;98376;84240;75354;75176;98094
evaluation,4890,13892;3020;8538;81170;91164;39958;78164;17368;60282;13252
evaluation,4891,1330;496;4819;13514;90605;89870;2500;80668;3462;32754
evaluation,4892,82729;86016;96344;93222;32664;8706;46336;32884;81856;81432
evaluation,4893,37422;15040;89501;38536;9696;91884;84748;85676;11528;14812
evaluation,4894,12254;51118;11574;9402;11516;41244;12197;5042;92976;26187
evaluation,4895,15916;94338;81448;74646;77737;91050;59580;63484;9658;88836
evaluation,4896,8308;19040;17963;17908;19510;99302;30244;57350;71788;32038
evaluation,4897,1695;5820;2008;1882;38112;97920;55450;29872;59432;8538
evaluation,4898,50771;98946;99234;2526;27018;79807;30244;79485;88595;3346
evaluation,4899,87520;61784;74555;44702;19794;7451;42248;56460;33522;15419
evaluation,4900,80840;49344;3975;55362;4528;20264;27437;49196;54788;69394
evaluation,4901,27158;27476;99466;7452;42602;11930;8164;3032;79218;44738
evaluation,4902,42006;78858;11038;40478;51632;60506;2608;49560;53374;76272
evaluation,4903,9402;332;7998;1064;33110;210;4124;63880;7772;17908
evaluation,4904,28712;38248;86043;74766;72950;26943;21958;26994;30192;29883
evaluation,4905,86754;98376;98072;90148;98210;84240;632;98094;91918;94434
evaluation,4906,19512;59164;33556;16278;82350;13890;14160;69818;14686;65370
evaluation,4907,68248;68916;1247;76234;21098;19280;924;84660;19336;11684
evaluation,4908,90148;81064;84240;80266;98376;96876;94570;86754;94434;98094
evaluation,4909,93772;6800;8196;17723;93297;8108;9332;42100;54964;17798
evaluation,4910,90119;84240;80408;75354;75176;89932;43206;98094;86754;91918
evaluation,4911,17368;83168;89232;23804;23484;39576;24901;56786;32016;88526
evaluation,4912,67104;68590;8600;39314;78172;96394;11996;12170;69606;7040
evaluation,4913,46696;674;8846;66982;77036;3970;28286;59171;60506;66022
evaluation,4914,68916;68248;76234;1247;924;84660;21098;19280;47618;19610
evaluation,4915,79714;61762;10834;46205;45879;46283;60352;85654;45826;11262
evaluation,4916,79164;46506;16476;79301;47282;82675;13242;4732;11970;28390
evaluation,4917,98094;84240;39418;90148;60592;86754;31370;5862;94748;34916
evaluation,4918,77034;65554;7998;45292;332;7772;22948;9750;798;74508
evaluation,4919,22836;26086;95616;2543;67963;2816;63835;17326;54806;87728
evaluation,4920,90119;75176;84240;75354;86754;7536;80408;99538;94570;80338
evaluation,4921,97806;42736;97259;94218;60596;10620;67200;28691;429;28754
evaluation,4922,44828;4904;39618;29410;15282;49192;9334;38964;98282;25355
evaluation,4923,23872;6646;65704;10438;70838;72210;80509;71370;5222;23558
evaluation,4924,2630;35960;622;50588;8879;8854;14348;11419;13310;83586
evaluation,4925,75516;99538;39640;39576;22494;76764;88748;32294;62110;97662
evaluation,4926,49772;4;4636;5159;91352;4638;5630;43460;11258;63472
evaluation,4927,65581;35508;46804;61342;57886;923;43152;99384;29922;81522
evaluation,4928,35040;3434;7986;46394;7788;30962;41415;79794;4952;71788
evaluation,4929,30508;53676;3015;5042;21898;88836;57350;96085;9658;82814
evaluation,4930,98094;89932;91918;91890;60592;89917;40264;86754;75354;90148
evaluation,4931,88748;16406;18748;22982;62222;11702;99539;39224;58618;24686
evaluation,4932,9168;19640;9468;71824;47200;10818;77402;14518;12992;62434
evaluation,4933,31698;87894;30056;30052;14250;14266;18278;29338;27750;12700
evaluation,4934,2604;22306;38632;27003;84457;27494;5659;5760;75395;75834
evaluation,4935,18904;16631;80108;83100;36338;73644;16728;3194;82523;57471
evaluation,4936,47950;84834;39576;50208;60282;89838;68332;97312;632;32476
evaluation,4937,55652;14132;13084;76874;88358;70906;64345;1247;9194;914
evaluation,4938,23872;24362;10438;24772;65704;25560;89506;10624;6646;9523
evaluation,4939,82944;39878;1330;27600;27004;26738;32510;59612;78854;73231
evaluation,4940,67104;21286;67530;68590;73242;19968;29710;6194;16402;87590
evaluation,4941,67790;27049;45698;99821;28114;26032;65974;16616;99681;28019
evaluation,4942,19510;82604;17908;8308;46758;71788;17963;41176;19040;32038
evaluation,4943,74646;15916;94338;81448;91050;59580;69619;77737;3015;63484
evaluation,4944,65998;5674;1162;4149;28816;2098;2134;68404;68492;67915
evaluation,4945,15102;18190;70139;60048;282;59592;60440;1160;62124;78728
evaluation,4946,55216;87220;15884;66314;20650;7370;1200;58471;50616;52074
evaluation,4947,20384;14498;1258;22302;56460;98853;87520;84300;48563;84129
evaluation,4948,4395;29128;84074;8216;48748;84129;87402;66804;34415;6899
evaluation,4949,44952;41171;54730;68006;15452;38238;27509;19107;91436;23338
evaluation,4950,67244;48832;8158;11258;46112;7198;45886;9388;4;26018
evaluation,4951,10834;61762;79714;46205;60352;85654;46283;95082;45879;45957
evaluation,4952,35508;923;65581;43152;46960;41040;22587;49452;99000;7914
evaluation,4953,89808;25786;19828;52982;93094;92461;92826;7724;26810;31162
evaluation,4954,64852;49079;354;99678;22078;3792;45791;19372;92736;82776
evaluation,4955,9212;9592;23626;44864;48782;41301;36094;41052;72758;63778
evaluation,4956,9402;332;11516;1064;63880;25831;950;42784;12254;12197
evaluation,4957,16540;66842;87798;57218;58886;4984;31574;10850;75794;38700
evaluation,4958,16612;25722;25047;1834;29934;74538;79212;18822;26638;16776
evaluation,4959,75516;88748;39640;76764;93772;83398;97662;11702;39576;83741
evaluation,4960,35572;45065;48919;35728;50314;45237;6326;18426;51448;85012
evaluation,4961,91852;4960;5570;6406;67262;96150;10156;9106;46058;85540
evaluation,4962,75516;39640;39576;76764;97662;39418;99538;22494;83741;74808
evaluation,4963,24160;3246;86446;3010;95650;71788;72266;10214;446;3299
evaluation,4964,36338;36636;73307;23234;63924;73098;25792;73590;57543;86580
evaluation,4965,71470;15709;27818;78760;71330;28190;23527;30957;25442;36385
evaluation,4966,22587;35508;50298;65581;43152;26182;60112;99384;23754;83184
evaluation,4967,90028;86580;73307;73438;73098;9124;96948;36052;76480;73590
evaluation,4968,50186;90602;28970;16674;2162;23356;96912;5909;98572;51996
evaluation,4969,35040;3434;7986;31210;73762;30962;4859;76478;35794;82604
evaluation,4970,77737;82774;91524;9552;81448;27564;34026;51882;92942;15916
evaluation,4971,15102;18190;60048;70139;62124;1160;59592;282;20120;60440
evaluation,4972,30508;3015;5042;1276;49076;91050;5696;67562;54314;3006
evaluation,4973,4496;99714;79952;78702;99089;4372;21886;21870;72294;77445
evaluation,4974,95769;49413;70514;81768;15182;86150;59638;85152;99472;31132
evaluation,4975,98094;89932;91918;91890;60592;89917;86754;90148;40264;75354
evaluation,4976,86754;98072;98376;75354;89917;632;90148;98094;84240;89932
evaluation,4977,69524;23382;32814;69156;80771;35956;72579;11698;19831;55230
evaluation,4978,1330;496;13514;99709;18344;89870;54194;32754;2500;69238
evaluation,4979,19852;65982;53357;53628;20782;9443;18792;16080;38928;49302
evaluation,4980,74949;8943;7867;7754;24882;9822;24650;87476;99709;10174
evaluation,4981,4395;84074;29128;34415;84129;40824;11436;66804;8216;6899
evaluation,4982,26480;25860;2;5172;49252;5344;25956;61784;5228;58310
evaluation,4983,27842;66836;85926;98198;2894;59702;90336;16778;40608;42122
evaluation,4984,92240;43704;91354;82729;9472;59750;81856;66988;34612;2880
evaluation,4985,76136;43392;43152;87028;3570;46026;68898;22412;22646;61346
evaluation,4986,65581;81522;57124;25026;83184;46804;28594;1248;26182;85983
evaluation,4987,73231;27004;62944;13116;83598;10472;14544;24208;10528;52764
evaluation,4988,9402;7998;1064;63880;25831;332;11764;19510;8632;19040
evaluation,4989,13574;98588;43600;81485;38184;17756;76774;25778;8322;88130
evaluation,4990,35142;35348;3200;2979;2900;3956;11722;44396;6618;12120
evaluation,4991,72190;68170;94954;71876;25047;63343;24263;76944;28759;10096
evaluation,4992,80408;90119;8532;99538;84240;75176;11780;11108;80338;59274
evaluation,4993,55349;34590;22160;55176;15872;24102;17730;26574;41162;28190
evaluation,4994,18904;80108;83100;9368;3658;57471;9064;16728;36338;61945
evaluation,4995,68916;68248;1247;76234;924;21098;19280;84660;11684;19336
evaluation,4996,76886;99709;9602;6960;3468;62994;74949;54194;26720;96484
evaluation,4997,69878;32016;89838;56258;68332;62246;39419;62110;48050;68296
evaluation,4998,19512;16278;59164;82350;14160;13890;69818;33556;14686;65370
evaluation,4999,28948;22926;7484;2195;2212;77756;6440;8360;38750;33151
