id,user_id,timestamp_micros
0,65,1509
1,96,4608
2,12,-3799
3,1,-4842
4,78,2887
5,60,1082
6,83,3337
7,0,-4978
8,49,-99
9,0,-4996
10,27,-2242
11,1,-4856
12,44,-551
13,13,-3696
14,54,477
15,40,-926
16,71,2157
17,28,-2114
18,41,-882
19,17,-3260
20,72,2247
21,12,-3746
22,65,1596
23,1,-4822
24,77,2731
25,68,1802
26,19,-3095
27,77,2782
28,61,1151
29,13,-3672
30,27,-2299
31,5,-4452
32,81,3104
33,14,-3538
34,95,4558
35,37,-1214
36,25,-2499
37,12,-3778
38,83,3361
39,12,-3770
40,5,-4458
41,17,-3234
42,87,3722
43,30,-1966
44,81,3103
45,86,3672
46,97,4744
47,3,-4626
48,93,4395
49,83,3360
50,75,2504
51,0,-4957
52,81,3119
53,7,-4274
54,79,2917
55,76,2616
56,79,2929
57,52,228
58,7,-4252
59,55,512
60,61,1181
61,59,930
62,83,3313
63,85,3542
64,55,517
65,99,4912
66,86,3686
67,51,178
68,39,-1098
69,2,-4770
70,79,2996
71,26,-2346
72,25,-2474
73,5,-4444
74,65,1505
75,80,3024
76,67,1727
77,0,-4924
78,6,-4328
79,11,-3850
80,52,251
81,97,4756
82,24,-2531
83,34,-1502
84,98,4855
85,82,3270
86,77,2766
87,0,-4917
88,64,1446
89,27,-2230
90,84,3420
91,0,-4931
92,96,4609
93,88,3880
94,21,-2884
95,96,4686
96,9,-4093
97,79,2968
98,51,153
99,0,-4947
100,34,-1541
101,1,-4816
102,82,3221
103,18,-3120
104,49,-53
105,10,-3904
106,44,-575
107,1,-4806
108,85,3567
109,56,658
110,62,1274
111,2,-4744
112,52,238
113,71,2164
114,49,-64
115,31,-1826
116,94,4447
117,15,-3488
118,70,2033
119,58,854
120,68,1859
121,13,-3624
122,57,777
123,84,3418
124,75,2515
125,10,-3980
126,34,-1548
127,68,1838
128,41,-839
129,80,3014
130,73,2300
131,5,-4412
132,36,-1325
133,6,-4314
134,68,1846
135,46,-326
136,57,782
137,54,410
138,86,3685
139,23,-2658
140,96,4671
141,1,-4899
142,42,-786
143,7,-4300
144,49,-83
145,70,2076
146,98,4882
147,40,-972
148,50,71
149,8,-4112
150,67,1726
151,21,-2804
152,80,3003
153,3,-4640
154,33,-1679
155,74,2454
156,45,-407
157,6,-4336
158,14,-3523
159,17,-3214
160,60,1040
161,60,1054
162,72,2216
163,3,-4622
164,85,3535
165,83,3390
166,76,2685
167,80,3064
168,95,4515
169,39,-1040
170,24,-2586
171,58,848
172,91,4176
173,1,-4839
174,96,4694
175,18,-3158
176,90,4003
177,77,2796
178,98,4870
179,66,1616
180,46,-353
181,27,-2260
182,26,-2370
183,4,-4534
184,29,-2095
185,59,940
186,57,740
187,9,-4072
188,49,-13
189,89,3954
190,59,941
191,29,-2070
192,93,4384
193,78,2860
194,36,-1399
195,71,2114
196,87,3701
197,44,-578
198,53,329
199,24,-2538
200,14,-3532
201,6,-4380
202,88,3876
203,36,-1330
204,19,-3053
205,71,2178
206,93,4361
207,75,2556
208,96,4644
209,97,4794
210,13,-3623
211,1,-4831
212,24,-2585
213,54,456
214,67,1777
215,11,-3892
216,37,-1253
217,73,2320
218,22,-2711
219,0,-4961
220,46,-397
221,79,2910
222,21,-2866
223,1,-4884
224,88,3830
225,91,4102
226,26,-2335
227,54,436
228,56,698
229,20,-2976
230,39,-1078
231,30,-1926
232,83,3379
233,2,-4781
234,99,4930
235,9,-4074
236,87,3771
237,47,-216
238,80,3097
239,2,-4773
240,51,158
241,69,1992
242,14,-3507
243,23,-2636
244,87,3797
245,19,-3082
246,10,-3903
247,1,-4823
248,46,-343
249,36,-1306
250,69,1973
251,72,2280
252,40,-941
253,59,974
254,80,3026
255,0,-4903
256,64,1438
257,0,-5000
258,18,-3194
259,6,-4372
260,92,4296
261,68,1834
262,41,-830
263,82,3232
264,16,-3335
265,5,-4472
266,96,4645
267,1,-4805
268,82,3217
269,2,-4790
270,5,-4455
271,2,-4765
272,47,-237
273,83,3308
274,81,3133
275,23,-2690
276,95,4511
277,30,-1952
278,19,-3012
279,42,-724
280,84,3433
281,25,-2428
282,15,-3494
283,59,918
284,13,-3605
285,59,910
286,69,1960
287,44,-576
288,65,1572
289,61,1160
290,16,-3359
291,87,3780
292,82,3271
293,8,-4162
294,47,-300
295,2,-4729
296,98,4869
297,17,-3250
298,57,774
299,75,2540
300,94,4403
301,34,-1586
302,98,4877
303,4,-4592
304,98,4867
305,11,-3852
306,94,4449
307,12,-3726
308,93,4359
309,56,696
310,16,-3386
311,21,-2848
312,21,-2819
313,14,-3520
314,16,-3320
315,19,-3096
316,48,-113
317,2,-4736
318,82,3245
319,25,-2418
320,58,845
321,17,-3252
322,27,-2266
323,84,3452
324,20,-2931
325,75,2528
326,5,-4431
327,3,-4697
328,61,1195
329,52,236
330,7,-4230
331,2,-4763
332,80,3055
333,3,-4686
334,93,4376
335,94,4410
336,86,3659
337,9,-4012
338,21,-2835
339,26,-2392
340,95,4535
341,13,-3640
342,34,-1551
343,45,-482
344,92,4200
345,58,886
346,1,-4801
347,30,-1976
348,95,4572
349,45,-406
350,9,-4038
351,48,-106
352,39,-1070
353,57,736
354,94,4482
355,53,396
356,92,4274
357,9,-4070
358,63,1324
359,14,-3554
360,63,1376
361,93,4372
362,23,-2659
363,3,-4681
364,90,4043
365,55,502
366,27,-2202
367,86,3610
368,66,1673
369,6,-4320
370,1,-4877
371,22,-2798
372,87,3791
373,13,-3644
374,97,4793
375,29,-2004
376,34,-1600
377,60,1024
378,32,-1715
379,3,-4616
380,69,1971
381,16,-3394
382,58,841
383,3,-4680
384,22,-2765
385,18,-3136
386,79,2994
387,14,-3530
388,58,827
389,36,-1370
390,35,-1495
391,56,690
392,56,618
393,14,-3578
394,75,2588
395,28,-2188
396,72,2223
397,15,-3414
398,92,4262
399,49,-52
400,70,2092
401,7,-4290
402,50,6
403,49,-40
404,64,1409
405,8,-4178
406,99,4966
407,35,-1428
408,92,4211
409,3,-4669
410,10,-3951
411,20,-2962
412,59,923
413,24,-2524
414,65,1557
415,38,-1164
416,73,2322
417,20,-2936
418,92,4213
419,48,-132
420,85,3598
421,37,-1252
422,78,2801
423,96,4634
424,98,4845
425,38,-1124
426,67,1742
427,32,-1762
428,77,2783
429,42,-758
430,35,-1426
431,8,-4140
432,70,2050
433,76,2626
434,1,-4832
435,61,1116
436,71,2149
437,1,-4896
438,62,1201
439,11,-3820
440,40,-989
441,13,-3634
442,16,-3348
443,22,-2752
444,89,3983
445,12,-3708
446,86,3657
447,87,3788
448,50,83
449,55,562
450,3,-4614
451,79,2936
452,92,4241
453,42,-714
454,11,-3830
455,78,2862
456,67,1707
457,82,3280
458,46,-314
459,8,-4166
460,92,4223
461,98,4872
462,90,4000
463,6,-4344
464,62,1241
465,84,3414
466,12,-3779
467,2,-4777
468,71,2167
469,11,-3884
470,12,-3792
471,61,1108
472,86,3625
473,16,-3398
474,84,3457
475,20,-2998
476,24,-2581
477,2,-4728
478,14,-3547
479,99,4988
480,46,-359
481,2,-4715
482,11,-3862
483,83,3394
484,73,2377
485,47,-234
486,26,-2359
487,51,134
488,63,1305
489,14,-3528
490,34,-1534
491,5,-4468
492,56,665
493,91,4108
494,47,-264
495,11,-3882
496,14,-3573
497,90,4068
498,22,-2760
499,15,-3466
500,93,4323
501,70,2080
502,91,4145
503,32,-1784
504,52,259
505,41,-870
506,7,-4207
507,4,-4507
508,62,1276
509,74,2492
510,48,-179
511,4,-4565
512,44,-581
513,6,-4360
514,55,568
515,9,-4050
516,99,4939
517,40,-958
518,3,-4698
519,9,-4026
520,67,1787
521,1,-4873
522,51,132
523,38,-1126
524,47,-213
525,64,1418
526,21,-2856
527,35,-1404
528,24,-2571
529,36,-1400
530,29,-2016
531,15,-3434
532,96,4681
533,89,3980
534,24,-2527
535,3,-4612
536,84,3435
537,2,-4707
538,90,4021
539,3,-4621
540,99,4975
541,38,-1178
542,30,-1943
543,87,3720
544,53,345
545,0,-4966
546,79,2937
547,5,-4495
548,94,4451
549,62,1246
550,71,2169
551,7,-4242
552,37,-1300
553,14,-3564
554,54,481
555,5,-4471
556,91,4114
557,3,-4637
558,45,-446
559,10,-3990
560,49,-100
561,9,-4008
562,30,-1914
563,46,-320
564,68,1824
565,37,-1280
566,16,-3400
567,4,-4513
568,61,1129
569,7,-4288
570,10,-3902
571,55,590
572,99,4917
573,40,-966
574,54,404
575,3,-4643
576,93,4373
577,71,2156
578,85,3573
579,3,-4602
580,96,4683
581,13,-3622
582,63,1325
583,3,-4609
584,60,1073
585,12,-3752
586,50,92
587,3,-4661
588,90,4075
589,31,-1868
590,37,-1266
591,0,-4955
592,92,4208
593,72,2290
594,44,-592
595,4,-4501
596,66,1671
597,3,-4674
598,27,-2211
599,19,-3022
600,91,4144
601,75,2586
602,58,884
603,60,1010
604,19,-3057
605,53,324
606,12,-3751
607,6,-4378
608,58,828
609,58,892
610,36,-1360
611,32,-1714
612,91,4103
613,16,-3358
614,5,-4488
615,25,-2458
616,35,-1411
617,69,1900
618,91,4170
619,28,-2108
620,92,4257
621,4,-4545
622,42,-703
623,15,-3442
624,93,4379
625,16,-3334
626,69,1933
627,88,3814
628,63,1391
629,81,3178
630,77,2745
631,26,-2358
632,83,3357
633,15,-3484
634,24,-2562
635,5,-4459
636,56,613
637,8,-4120
638,28,-2135
639,24,-2510
640,91,4190
641,68,1840
642,43,-692
643,29,-2040
644,93,4315
645,41,-892
646,67,1705
647,19,-3050
648,23,-2685
649,12,-3780
650,80,3073
651,82,3238
652,78,2802
653,70,2028
654,20,-2974
655,56,686
656,52,232
657,0,-4923
658,94,4497
659,3,-4652
660,86,3639
661,95,4550
662,96,4665
663,42,-778
664,77,2787
665,12,-3734
666,82,3285
667,9,-4048
668,98,4859
669,2,-4796
670,74,2440
671,1,-4857
672,8,-4131
673,99,4984
674,92,4276
675,34,-1590
676,37,-1241
677,96,4632
678,98,4817
679,33,-1684
680,27,-2253
681,16,-3362
682,68,1889
683,2,-4720
684,67,1756
685,78,2864
686,66,1622
687,30,-1930
688,64,1401
689,28,-2172
690,20,-2983
691,63,1308
692,30,-1945
693,26,-2320
694,60,1084
695,36,-1312
696,63,1346
697,99,4910
698,89,3905
699,38,-1146
700,39,-1057
701,17,-3222
702,2,-4750
703,88,3810
704,52,289
705,0,-4946
706,12,-3731
707,5,-4413
708,98,4831
709,62,1228
710,78,2837
711,4,-4528
712,90,4099
713,29,-2094
714,74,2446
715,44,-548
716,69,1990
717,8,-4194
718,39,-1027
719,56,676
720,66,1617
721,6,-4389
722,60,1021
723,30,-1992
724,94,4407
725,58,874
726,0,-4951
727,63,1354
728,43,-607
729,0,-4991
730,90,4018
731,25,-2482
732,91,4179
733,46,-342
734,97,4753
735,20,-2980
736,66,1685
737,93,4348
738,91,4185
739,92,4290
740,32,-1745
741,2,-4727
742,65,1566
743,30,-1920
744,99,4921
745,17,-3266
746,13,-3698
747,34,-1522
748,32,-1781
749,74,2432
750,55,592
751,5,-4407
752,58,881
753,9,-4024
754,45,-464
755,77,2784
756,64,1435
757,37,-1270
758,53,354
759,6,-4305
760,33,-1637
761,41,-836
762,89,3946
763,47,-294
764,61,1105
765,36,-1398
766,28,-2115
767,5,-4489
768,51,176
769,6,-4335
770,43,-628
771,6,-4382
772,82,3281
773,16,-3354
774,85,3549
775,88,3882
776,9,-4054
777,14,-3522
778,1,-4827
779,18,-3138
780,83,3345
781,2,-4701
782,68,1866
783,15,-3422
784,34,-1555
785,85,3546
786,98,4825
787,73,2358
788,86,3671
789,27,-2300
790,4,-4538
791,70,2098
792,57,765
793,69,1928
794,84,3405
795,33,-1636
796,32,-1727
797,43,-648
798,24,-2579
799,10,-3924
800,56,603
801,83,3378
802,62,1202
803,5,-4451
804,51,123
805,20,-2910
806,17,-3295
807,26,-2368
808,98,4875
809,11,-3854
810,29,-2075
811,54,480
812,88,3800
813,28,-2102
814,15,-3436
815,27,-2250
816,58,801
817,11,-3816
818,87,3765
819,89,3962
820,64,1415
821,12,-3724
822,83,3365
823,17,-3232
824,67,1797
825,26,-2386
826,96,4629
827,6,-4337
828,76,2651
829,4,-4529
830,70,2089
831,37,-1204
832,96,4669
833,79,2958
834,8,-4192
835,7,-4289
836,27,-2233
837,37,-1218
838,79,2957
839,49,-90
840,6,-4303
841,16,-3304
842,32,-1723
843,92,4232
844,46,-325
845,22,-2796
846,12,-3744
847,53,332
848,71,2161
849,75,2512
850,49,-47
851,19,-3074
852,77,2743
853,2,-4789
854,87,3754
855,52,250
856,72,2286
857,99,4952
858,97,4725
859,74,2412
860,65,1567
861,75,2568
862,28,-2111
863,8,-4118
864,73,2361
865,41,-822
866,35,-1472
867,4,-4523
868,87,3711
869,8,-4172
870,18,-3159
871,64,1462
872,61,1142
873,92,4240
874,65,1513
875,56,604
876,81,3134
877,6,-4394
878,62,1205
879,8,-4129
880,64,1411
881,30,-1912
882,65,1593
883,5,-4439
884,65,1559
885,0,-4973
886,52,209
887,3,-4657
888,7,-4296
889,0,-4942
890,84,3401
891,1,-4863
892,50,38
893,22,-2786
894,67,1714
895,9,-4066
896,52,267
897,83,3346
898,88,3812
899,72,2228
900,41,-884
901,61,1118
902,70,2005
903,27,-2222
904,43,-605
905,64,1434
906,27,-2279
907,9,-4082
908,36,-1345
909,37,-1298
910,31,-1871
911,33,-1628
912,83,3374
913,16,-3378
914,29,-2006
915,30,-1970
916,91,4119
917,32,-1768
918,40,-935
919,69,1912
920,39,-1012
921,76,2654
922,39,-1100
923,68,1870
924,79,2971
925,6,-4398
926,80,3000
927,65,1508
928,95,4555
929,37,-1292
930,57,706
931,6,-4301
932,82,3288
933,88,3816
934,26,-2327
935,72,2282
936,17,-3207
937,14,-3566
938,93,4336
939,4,-4597
940,77,2704
941,56,668
942,96,4604
943,8,-4181
944,98,4830
945,13,-3610
946,76,2665
947,40,-962
948,92,4243
949,2,-4709
950,92,4248
951,32,-1800
952,38,-1189
953,6,-4352
954,0,-4960
955,29,-2074
956,46,-384
957,35,-1410
958,9,-4059
959,67,1764
960,76,2666
961,16,-3368
962,46,-363
963,97,4764
964,56,659
965,80,3012
966,88,3813
967,64,1428
968,68,1835
969,26,-2324
970,55,553
971,21,-2814
972,80,3074
973,72,2222
974,37,-1219
975,20,-2984
976,76,2643
977,8,-4196
978,29,-2007
979,27,-2228
980,85,3511
981,75,2598
982,24,-2598
983,96,4636
984,48,-109
985,0,-4950
986,67,1793
987,7,-4245
988,67,1741
989,5,-4425
990,5,-4465
991,94,4428
992,91,4155
993,66,1684
994,33,-1691
995,18,-3168
996,94,4442
997,8,-4134
998,6,-4322
999,69,1922
1000,93,4341
1001,74,2418
1002,71,2134
1003,28,-2180
1004,75,2511
1005,20,-2948
1006,28,-2159
1007,38,-1180
1008,81,3125
1009,18,-3196
1010,28,-2127
1011,4,-4580
1012,64,1495
1013,10,-3912
1014,47,-259
1015,31,-1890
1016,55,598
1017,52,288
1018,79,2926
1019,75,2516
1020,21,-2865
1021,50,60
1022,31,-1819
1023,66,1668
1024,27,-2259
1025,50,36
1026,68,1829
1027,20,-2994
1028,40,-945
1029,64,1482
1030,88,3809
1031,2,-4764
1032,18,-3157
1033,9,-4100
1034,17,-3264
1035,0,-4937
1036,88,3803
1037,3,-4685
1038,26,-2318
1039,39,-1054
1040,98,4891
1041,26,-2338
1042,15,-3467
1043,28,-2200
1044,73,2391
1045,0,-4908
1046,23,-2619
1047,17,-3230
1048,55,563
1049,2,-4797
1050,30,-1915
1051,0,-4940
1052,56,691
1053,9,-4011
1054,29,-2052
1055,1,-4888
1056,32,-1759
1057,8,-4138
1058,84,3417
1059,49,-56
1060,71,2191
1061,15,-3452
1062,2,-4747
1063,9,-4033
1064,73,2344
1065,33,-1656
1066,84,3409
1067,57,764
1068,9,-4075
1069,64,1424
1070,7,-4298
1071,49,-98
1072,60,1083
1073,47,-296
1074,2,-4799
1075,4,-4571
1076,87,3746
1077,34,-1538
1078,49,-24
1079,8,-4124
1080,55,579
1081,60,1016
1082,5,-4405
1083,4,-4586
1084,17,-3254
1085,56,602
1086,43,-658
1087,27,-2204
1088,45,-469
1089,9,-4085
1090,22,-2748
1091,4,-4508
1092,99,4967
1093,29,-2066
1094,44,-539
1095,85,3582
1096,42,-795
1097,4,-4600
1098,74,2460
1099,23,-2688
1100,93,4314
1101,34,-1550
1102,66,1624
1103,65,1584
1104,22,-2710
1105,32,-1794
1106,75,2526
1107,2,-4794
1108,88,3823
1109,7,-4204
1110,73,2321
1111,91,4182
1112,39,-1061
1113,21,-2822
1114,12,-3723
1115,98,4812
1116,13,-3684
1117,42,-718
1118,10,-3982
1119,7,-4237
1120,48,-159
1121,77,2764
1122,40,-959
1123,55,584
1124,68,1863
1125,8,-4136
1126,94,4452
1127,81,3144
1128,70,2049
1129,10,-3971
1130,20,-2907
1131,10,-3922
1132,52,224
1133,1,-4850
1134,50,52
1135,51,182
1136,73,2350
1137,1,-4814
1138,52,285
1139,9,-4004
1140,64,1429
1141,87,3744
1142,50,29
1143,13,-3658
1144,76,2677
1145,48,-116
1146,55,505
1147,4,-4510
1148,63,1371
1149,8,-4193
1150,58,864
1151,10,-3913
1152,30,-1967
1153,34,-1518
1154,54,494
1155,60,1030
1156,93,4399
1157,16,-3332
1158,20,-2968
1159,12,-3798
1160,77,2701
1161,55,536
1162,67,1776
1163,54,478
1164,42,-760
1165,7,-4279
1166,43,-667
1167,10,-3993
1168,26,-2373
1169,8,-4114
1170,84,3494
1171,8,-4117
1172,88,3835
1173,38,-1184
1174,65,1574
1175,7,-4209
1176,44,-525
1177,14,-3556
1178,36,-1302
1179,38,-1170
1180,63,1311
1181,83,3328
1182,67,1789
1183,25,-2500
1184,1,-4898
1185,6,-4357
1186,35,-1474
1187,40,-910
1188,43,-673
1189,8,-4144
1190,99,4953
1191,67,1798
1192,61,1174
1193,6,-4395
1194,48,-163
1195,3,-4636
1196,71,2184
1197,22,-2712
1198,76,2633
1199,17,-3242
1200,61,1185
1201,55,514
1202,70,2006
1203,65,1590
1204,69,1947
1205,5,-4422
1206,21,-2836
1207,38,-1186
1208,71,2179
1209,55,554
1210,45,-475
1211,7,-4235
1212,39,-1013
1213,10,-3966
1214,15,-3475
1215,93,4320
1216,39,-1069
1217,50,78
1218,45,-430
1219,45,-404
1220,63,1301
1221,92,4228
1222,0,-4972
1223,52,202
1224,62,1238
1225,31,-1844
1226,34,-1595
1227,17,-3286
1228,86,3643
1229,54,406
1230,60,1097
1231,9,-4037
1232,76,2656
1233,52,234
1234,83,3341
1235,55,550
1236,89,3959
1237,48,-138
1238,55,593
1239,53,380
1240,68,1853
1241,68,1892
1242,87,3769
1243,62,1230
1244,98,4895
1245,39,-1072
1246,64,1445
1247,20,-2992
1248,99,4996
1249,24,-2532
1250,90,4006
1251,28,-2144
1252,95,4579
1253,64,1488
1254,93,4386
1255,73,2326
1256,79,2974
1257,87,3732
1258,79,2938
1259,1,-4830
1260,89,3922
1261,52,272
1262,9,-4077
1263,3,-4650
1264,34,-1589
1265,69,1970
1266,61,1176
1267,91,4180
1268,84,3495
1269,18,-3162
1270,85,3597
1271,14,-3600
1272,7,-4218
1273,31,-1848
1274,41,-864
1275,48,-110
1276,76,2623
1277,58,832
1278,59,945
1279,11,-3857
1280,82,3267
1281,10,-3940
1282,61,1112
1283,13,-3674
1284,85,3583
1285,46,-344
1286,22,-2704
1287,31,-1804
1288,29,-2044
1289,53,314
1290,4,-4525
1291,43,-624
1292,98,4847
1293,11,-3900
1294,60,1053
1295,20,-2932
1296,61,1130
1297,34,-1514
1298,6,-4375
1299,41,-852
1300,97,4791
1301,26,-2344
1302,78,2853
1303,52,216
1304,81,3150
1305,18,-3124
1306,17,-3203
1307,88,3866
1308,29,-2029
1309,8,-4170
1310,98,4865
1311,40,-936
1312,7,-4259
1313,10,-3999
1314,19,-3023
1315,67,1746
1316,98,4899
1317,76,2692
1318,20,-2939
1319,12,-3773
1320,90,4088
1321,78,2868
1322,61,1145
1323,50,46
1324,46,-347
1325,4,-4589
1326,31,-1891
1327,8,-4107
1328,29,-2099
1329,47,-276
1330,81,3152
1331,59,950
1332,16,-3340
1333,37,-1222
1334,42,-747
1335,6,-4307
1336,53,325
1337,7,-4231
1338,20,-2927
1339,12,-3737
1340,97,4755
1341,32,-1780
1342,14,-3580
1343,10,-3929
1344,95,4532
1345,21,-2828
1346,93,4345
1347,0,-4910
1348,80,3047
1349,14,-3590
1350,87,3774
1351,27,-2296
1352,70,2027
1353,85,3580
1354,58,858
1355,31,-1886
1356,30,-1960
1357,5,-4462
1358,25,-2407
1359,6,-4366
1360,75,2566
1361,86,3646
1362,30,-1903
1363,27,-2232
1364,56,633
1365,41,-844
1366,75,2581
1367,72,2254
1368,62,1293
1369,86,3604
1370,29,-2048
1371,62,1260
1372,96,4639
1373,30,-1998
1374,93,4358
1375,15,-3418
1376,22,-2789
1377,35,-1482
1378,32,-1739
1379,9,-4078
1380,65,1555
1381,90,4054
1382,10,-3972
1383,12,-3704
1384,70,2026
1385,49,-4
1386,48,-140
1387,29,-2046
1388,56,667
1389,5,-4406
1390,50,44
1391,15,-3426
1392,58,833
1393,45,-500
1394,78,2852
1395,10,-3918
1396,57,775
1397,6,-4391
1398,22,-2730
1399,11,-3813
1400,33,-1607
1401,14,-3546
1402,6,-4390
1403,88,3802
1404,71,2124
1405,78,2844
1406,93,4322
1407,80,3016
1408,93,4387
1409,36,-1356
1410,48,-136
1411,0,-4989
1412,87,3783
1413,21,-2868
1414,4,-4547
1415,13,-3656
1416,16,-3323
1417,81,3184
1418,1,-4834
1419,13,-3687
1420,40,-981
1421,12,-3716
1422,19,-3027
1423,22,-2738
1424,87,3753
1425,0,-4994
1426,58,818
1427,63,1398
1428,90,4031
1429,26,-2360
1430,64,1420
1431,92,4236
1432,79,2947
1433,54,492
1434,36,-1331
1435,10,-3995
1436,88,3828
1437,73,2370
1438,34,-1575
1439,7,-4249
1440,59,915
1441,36,-1372
1442,95,4544
1443,11,-3837
1444,72,2271
1445,6,-4371
1446,64,1474
1447,21,-2870
1448,82,3205
1449,11,-3885
1450,65,1597
1451,96,4696
1452,19,-3055
1453,0,-4968
1454,66,1698
1455,70,2086
1456,44,-502
1457,98,4876
1458,66,1678
1459,48,-164
1460,45,-441
1461,23,-2668
1462,59,913
1463,81,3168
1464,5,-4494
1465,36,-1326
1466,33,-1611
1467,11,-3879
1468,4,-4590
1469,25,-2436
1470,29,-2010
1471,10,-3947
1472,76,2691
1473,27,-2236
1474,48,-146
1475,13,-3697
1476,92,4277
1477,15,-3478
1478,66,1664
1479,12,-3745
1480,89,3994
1481,6,-4311
1482,59,920
1483,13,-3627
1484,80,3035
1485,8,-4104
1486,1,-4802
1487,77,2760
1488,96,4657
1489,5,-4410
1490,10,-3968
1491,13,-3661
1492,80,3063
1493,22,-2708
1494,69,1997
1495,33,-1612
1496,92,4237
1497,49,-2
1498,91,4104
1499,57,766
1500,65,1587
1501,0,-4995
1502,24,-2515
1503,13,-3625
1504,70,2097
1505,3,-4601
1506,99,4949
1507,10,-3981
1508,94,4455
1509,48,-120
1510,50,97
1511,4,-4581
1512,90,4051
1513,49,-48
1514,28,-2190
1515,4,-4593
1516,96,4673
1517,3,-4668
1518,59,900
1519,41,-820
1520,32,-1741
1521,18,-3134
1522,74,2457
1523,28,-2138
1524,90,4007
1525,76,2648
1526,97,4749
1527,22,-2706
1528,75,2585
1529,49,-94
1530,70,2037
1531,30,-1978
1532,90,4042
1533,42,-762
1534,94,4425
1535,14,-3531
1536,51,129
1537,12,-3774
1538,11,-3881
1539,90,4030
1540,47,-222
1541,47,-242
1542,15,-3451
1543,24,-2540
1544,88,3811
1545,15,-3473
1546,77,2761
1547,57,734
1548,83,3304
1549,15,-3493
1550,19,-3051
1551,6,-4325
1552,52,293
1553,39,-1080
1554,15,-3469
1555,30,-1984
1556,83,3383
1557,2,-4793
1558,18,-3126
1559,11,-3872
1560,3,-4678
1561,46,-318
1562,53,392
1563,11,-3855
1564,20,-2971
1565,5,-4446
1566,1,-4809
1567,10,-3937
1568,79,2976
1569,52,284
1570,27,-2206
1571,41,-886
1572,44,-545
1573,18,-3170
1574,27,-2247
1575,72,2294
1576,49,-76
1577,68,1882
1578,69,1966
1579,44,-522
1580,84,3427
1581,1,-4818
1582,68,1885
1583,6,-4393
1584,52,269
1585,33,-1624
1586,85,3533
1587,34,-1574
1588,98,4823
1589,63,1392
1590,56,629
1591,44,-572
1592,53,328
1593,91,4166
1594,26,-2391
1595,76,2644
1596,97,4751
1597,7,-4247
1598,61,1173
1599,33,-1652
1600,89,3963
1601,67,1752
1602,36,-1314
1603,12,-3712
1604,92,4259
1605,19,-3010
1606,61,1162
1607,4,-4540
1608,52,299
1609,6,-4373
1610,13,-3646
1611,58,800
1612,75,2559
1613,11,-3896
1614,9,-4092
1615,12,-3757
1616,4,-4520
1617,4,-4512
1618,67,1788
1619,10,-3949
1620,88,3898
1621,19,-3090
1622,44,-571
1623,15,-3409
1624,74,2437
1625,39,-1086
1626,75,2596
1627,11,-3815
1628,68,1833
1629,25,-2444
1630,72,2201
1631,59,968
1632,3,-4700
1633,38,-1182
1634,26,-2348
1635,8,-4115
1636,20,-2949
1637,4,-4558
1638,99,4937
1639,7,-4213
1640,69,1977
1641,22,-2702
1642,50,77
1643,42,-716
1644,46,-305
1645,97,4728
1646,87,3713
1647,51,100
1648,16,-3301
1649,46,-400
1650,49,-78
1651,80,3090
1652,73,2315
1653,4,-4503
1654,2,-4766
1655,3,-4605
1656,17,-3253
1657,8,-4139
1658,48,-143
1659,12,-3789
1660,84,3497
1661,1,-4881
1662,0,-4983
1663,76,2672
1664,50,5
1665,59,934
1666,48,-175
1667,88,3832
1668,87,3794
1669,13,-3681
1670,2,-4786
1671,12,-3777
1672,29,-2061
1673,34,-1556
1674,15,-3500
1675,41,-874
1676,43,-621
1677,10,-3973
1678,81,3166
1679,22,-2776
1680,67,1732
1681,37,-1206
1682,97,4774
1683,60,1076
1684,75,2571
1685,50,10
1686,73,2333
1687,97,4766
1688,87,3763
1689,4,-4519
1690,31,-1815
1691,3,-4625
1692,53,378
1693,11,-3812
1694,72,2225
1695,12,-3729
1696,97,4705
1697,58,898
1698,70,2062
1699,8,-4113
1700,73,2375
1701,24,-2600
1702,22,-2727
1703,9,-4005
1704,88,3874
1705,28,-2192
1706,25,-2438
1707,87,3752
1708,60,1064
1709,67,1772
1710,92,4209
1711,8,-4133
1712,0,-4992
1713,0,-4967
1714,40,-930
1715,57,714
1716,74,2407
1717,11,-3840
1718,90,4081
1719,15,-3479
1720,58,835
1721,25,-2462
1722,98,4886
1723,87,3700
1724,96,4642
1725,12,-3766
1726,67,1782
1727,26,-2366
1728,66,1613
1729,11,-3806
1730,2,-4754
1731,78,2894
1732,65,1504
1733,1,-4894
1734,59,956
1735,50,28
1736,90,4083
1737,65,1570
1738,74,2473
1739,27,-2286
1740,91,4107
1741,14,-3553
1742,97,4733
1743,7,-4225
1744,49,-82
1745,71,2144
1746,86,3662
1747,98,4854
1748,77,2703
1749,2,-4738
1750,28,-2150
1751,69,1940
1752,64,1419
1753,16,-3372
1754,75,2589
1755,31,-1846
1756,64,1491
1757,78,2832
1758,23,-2630
1759,20,-2946
1760,91,4147
1761,5,-4441
1762,6,-4341
1763,14,-3561
1764,90,4062
1765,7,-4285
1766,39,-1010
1767,50,80
1768,98,4803
1769,8,-4110
1770,48,-108
1771,52,274
1772,63,1347
1773,85,3578
1774,83,3377
1775,92,4210
1776,75,2510
1777,15,-3457
1778,87,3785
1779,3,-4647
1780,83,3399
1781,1,-4841
1782,73,2336
1783,15,-3454
1784,64,1410
1785,42,-792
1786,95,4504
1787,3,-4675
1788,92,4222
1789,27,-2214
1790,78,2840
1791,38,-1162
1792,19,-3069
1793,5,-4416
1794,11,-3804
1795,15,-3496
1796,89,3936
1797,4,-4599
1798,64,1406
1799,15,-3433
1800,46,-341
1801,60,1058
1802,65,1532
1803,40,-908
1804,51,139
1805,29,-2084
1806,53,300
1807,68,1886
1808,67,1761
1809,89,3992
1810,96,4678
1811,86,3648
1812,79,2999
1813,8,-4158
1814,60,1066
1815,52,270
1816,89,3932
1817,0,-4974
1818,52,258
1819,4,-4548
1820,35,-1464
1821,6,-4348
1822,52,245
1823,11,-3817
1824,31,-1872
1825,46,-394
1826,18,-3198
1827,25,-2492
1828,86,3679
1829,9,-4068
1830,74,2416
1831,57,760
1832,26,-2312
1833,14,-3519
1834,82,3213
1835,36,-1390
1836,29,-2059
1837,11,-3818
1838,39,-1014
1839,17,-3273
1840,25,-2479
1841,65,1502
1842,93,4377
1843,74,2414
1844,99,4961
1845,10,-3975
1846,14,-3597
1847,13,-3609
1848,75,2587
1849,4,-4504
1850,23,-2647
1851,63,1366
1852,99,4955
1853,39,-1030
1854,89,3908
1855,14,-3592
1856,44,-557
1857,60,1028
1858,68,1817
1859,6,-4343
1860,99,4909
1861,28,-2118
1862,31,-1840
1863,63,1306
1864,53,306
1865,48,-156
1866,81,3116
1867,59,972
1868,77,2781
1869,81,3198
1870,47,-295
1871,3,-4665
1872,30,-1931
1873,13,-3639
1874,76,2689
1875,51,160
1876,80,3007
1877,8,-4147
1878,15,-3450
1879,8,-4149
1880,76,2699
1881,18,-3199
1882,12,-3739
1883,65,1506
1884,65,1528
1885,22,-2762
1886,14,-3572
1887,5,-4409
1888,68,1876
1889,40,-982
1890,34,-1515
1891,80,3062
1892,98,4839
1893,36,-1332
1894,95,4581
1895,66,1650
1896,93,4381
1897,6,-4346
1898,94,4465
1899,83,3362
1900,91,4101
1901,74,2404
1902,94,4430
1903,9,-4001
1904,6,-4330
1905,3,-4639
1906,68,1893
1907,1,-4882
1908,98,4843
1909,23,-2624
1910,81,3189
1911,4,-4569
1912,41,-879
1913,4,-4509
1914,85,3505
1915,14,-3569
1916,91,4111
1917,18,-3123
1918,59,925
1919,21,-2816
1920,77,2753
1921,36,-1388
1922,80,3040
1923,88,3886
1924,47,-273
1925,13,-3641
1926,91,4165
1927,0,-4944
1928,17,-3294
1929,82,3258
1930,4,-4555
1931,51,154
1932,83,3388
1933,19,-3048
1934,86,3620
1935,45,-472
1936,35,-1447
1937,14,-3595
1938,11,-3814
1939,29,-2014
1940,97,4767
1941,25,-2476
1942,27,-2264
1943,52,204
1944,62,1203
1945,16,-3326
1946,92,4286
1947,19,-3068
1948,17,-3297
1949,77,2750
1950,88,3805
1951,34,-1544
1952,30,-1935
1953,13,-3676
1954,30,-1999
1955,57,780
1956,90,4072
1957,68,1836
1958,67,1786
1959,19,-3056
1960,86,3627
1961,31,-1884
1962,51,194
1963,95,4508
1964,79,2921
1965,24,-2560
1966,31,-1839
1967,38,-1106
1968,33,-1693
1969,8,-4182
1970,33,-1635
1971,20,-2956
1972,79,2991
1973,9,-4046
1974,27,-2256
1975,24,-2578
1976,96,4685
1977,98,4806
1978,12,-3718
1979,39,-1022
1980,82,3234
1981,94,4490
1982,68,1865
1983,79,2978
1984,63,1374
1985,48,-150
1986,14,-3541
1987,19,-3067
1988,73,2311
1989,24,-2534
1990,44,-532
1991,24,-2530
1992,30,-1979
1993,55,576
1994,72,2234
1995,99,4904
1996,43,-669
1997,25,-2420
1998,23,-2638
1999,60,1080
2000,38,-1197
2001,30,-1938
2002,1,-4858
2003,9,-4021
2004,83,3319
2005,12,-3769
2006,92,4281
2007,68,1874
2008,89,3987
2009,95,4566
2010,33,-1622
2011,17,-3213
2012,84,3471
2013,16,-3303
2014,23,-2618
2015,58,880
2016,97,4746
2017,97,4712
2018,85,3572
2019,0,-4997
2020,62,1218
2021,5,-4479
2022,23,-2675
2023,13,-3617
2024,81,3171
2025,52,276
2026,67,1757
2027,19,-3025
2028,94,4466
2029,1,-4810
2030,72,2213
2031,53,362
2032,77,2773
2033,19,-3034
2034,38,-1127
2035,16,-3322
2036,77,2775
2037,5,-4450
2038,65,1585
2039,46,-304
2040,67,1733
2041,57,724
2042,66,1637
2043,13,-3633
2044,49,-63
2045,54,418
2046,46,-332
2047,20,-2920
2048,96,4633
2049,1,-4817
2050,32,-1754
2051,27,-2208
2052,66,1695
2053,14,-3509
2054,90,4048
2055,49,-20
2056,82,3269
2057,50,56
2058,92,4268
2059,18,-3197
2060,26,-2337
2061,57,718
2062,1,-4864
2063,92,4272
2064,57,755
2065,4,-4517
2066,3,-4682
2067,6,-4387
2068,77,2751
2069,41,-850
2070,13,-3663
2071,61,1178
2072,98,4896
2073,37,-1220
2074,40,-911
2075,25,-2478
2076,37,-1287
2077,60,1032
2078,36,-1322
2079,92,4260
2080,95,4525
2081,12,-3738
2082,98,4800
2083,23,-2676
2084,31,-1887
2085,19,-3058
2086,19,-3016
2087,93,4340
2088,35,-1498
2089,33,-1644
2090,45,-444
2091,29,-2038
2092,61,1167
2093,7,-4246
2094,25,-2414
2095,14,-3562
2096,95,4507
2097,17,-3269
2098,45,-456
2099,20,-2902
2100,62,1220
2101,12,-3719
2102,98,4856
2103,59,998
2104,8,-4183
2105,73,2368
2106,46,-358
2107,42,-772
2108,85,3519
2109,29,-2018
2110,58,885
2111,62,1248
2112,71,2193
2113,18,-3115
2114,25,-2402
2115,77,2702
2116,70,2070
2117,75,2506
2118,65,1514
2119,47,-210
2120,38,-1187
2121,99,4972
2122,19,-3065
2123,37,-1282
2124,41,-801
2125,14,-3537
2126,75,2560
2127,30,-2000
2128,71,2195
2129,15,-3487
2130,67,1744
2131,19,-3083
2132,92,4269
2133,79,2904
2134,11,-3876
2135,83,3316
2136,99,4944
2137,33,-1610
2138,91,4133
2139,18,-3105
2140,32,-1758
2141,67,1734
2142,46,-364
2143,62,1282
2144,65,1561
2145,19,-3011
2146,56,674
2147,93,4362
2148,62,1255
2149,18,-3179
2150,62,1229
2151,58,888
2152,73,2307
2153,51,112
2154,40,-990
2155,17,-3290
2156,96,4612
2157,38,-1114
2158,23,-2603
2159,77,2768
2160,35,-1438
2161,38,-1158
2162,18,-3185
2163,25,-2424
2164,96,4691
2165,5,-4438
2166,16,-3346
2167,80,3048
2168,91,4158
2169,16,-3331
2170,81,3129
2171,1,-4821
2172,59,944
2173,44,-596
2174,40,-904
2175,66,1682
2176,63,1348
2177,14,-3567
2178,92,4233
2179,15,-3470
2180,84,3430
2181,9,-4061
2182,4,-4553
2183,25,-2412
2184,75,2532
2185,75,2578
2186,79,2986
2187,83,3302
2188,95,4568
2189,86,3694
2190,12,-3725
2191,12,-3733
2192,9,-4030
2193,32,-1750
2194,16,-3376
2195,6,-4308
2196,99,4960
2197,34,-1568
2198,56,622
2199,15,-3421
2200,34,-1501
2201,25,-2448
2202,88,3873
2203,21,-2847
2204,88,3817
2205,22,-2794
2206,24,-2580
2207,20,-2921
2208,80,3028
2209,17,-3244
2210,7,-4229
2211,33,-1602
2212,57,787
2213,48,-200
2214,75,2529
2215,27,-2262
2216,24,-2504
2217,19,-3094
2218,99,4929
2219,19,-3073
2220,84,3407
2221,19,-3047
2222,47,-202
2223,17,-3282
2224,83,3356
2225,8,-4109
2226,56,605
2227,69,1982
2228,98,4834
2229,76,2646
2230,71,2125
2231,0,-4971
2232,3,-4664
2233,17,-3271
2234,3,-4672
2235,92,4230
2236,65,1554
2237,10,-3998
2238,63,1349
2239,59,954
2240,86,3683
2241,1,-4853
2242,41,-840
2243,21,-2815
2244,97,4787
2245,14,-3571
2246,69,1913
2247,22,-2783
2248,69,1945
2249,16,-3339
2250,37,-1223
2251,28,-2178
2252,52,278
2253,21,-2861
2254,23,-2700
2255,32,-1738
2256,68,1844
2257,6,-4351
2258,37,-1211
2259,19,-3013
2260,68,1815
2261,54,470
2262,29,-2043
2263,30,-1916
2264,83,3318
2265,61,1128
2266,45,-420
2267,72,2202
2268,40,-929
2269,69,1972
2270,96,4677
2271,82,3290
2272,61,1122
2273,94,4486
2274,98,4898
2275,16,-3381
2276,66,1677
2277,94,4420
2278,51,169
2279,56,672
2280,50,45
2281,39,-1024
2282,76,2625
2283,49,-62
2284,71,2145
2285,11,-3844
2286,57,709
2287,20,-2925
2288,93,4329
2289,11,-3887
2290,57,773
2291,9,-4073
2292,89,3927
2293,97,4772
2294,78,2845
2295,26,-2398
2296,96,4675
2297,24,-2546
2298,5,-4464
2299,86,3666
2300,93,4319
2301,33,-1648
2302,67,1729
2303,49,-84
2304,73,2339
2305,81,3194
2306,91,4121
2307,44,-504
2308,79,2959
2309,37,-1236
2310,79,2965
2311,43,-684
2312,98,4801
2313,24,-2506
2314,95,4553
2315,95,4552
2316,45,-479
2317,20,-2987
2318,36,-1371
2319,13,-3607
2320,37,-1288
2321,32,-1734
2322,36,-1368
2323,33,-1698
2324,90,4055
2325,40,-938
2326,10,-3978
2327,22,-2779
2328,91,4195
2329,92,4284
2330,32,-1736
2331,73,2328
2332,60,1035
2333,25,-2456
2334,57,746
2335,6,-4332
2336,1,-4811
2337,99,4920
2338,17,-3259
2339,97,4732
2340,97,4723
2341,68,1832
2342,33,-1674
2343,8,-4161
2344,34,-1578
2345,8,-4141
2346,35,-1462
2347,49,-58
2348,96,4641
2349,22,-2750
2350,90,4061
2351,19,-3089
2352,68,1819
2353,54,428
2354,65,1533
2355,21,-2877
2356,62,1295
2357,3,-4607
2358,34,-1570
2359,32,-1728
2360,18,-3187
2361,19,-3019
2362,70,2021
2363,16,-3347
2364,68,1855
2365,22,-2797
2366,22,-2740
2367,51,168
2368,28,-2197
2369,75,2546
2370,81,3158
2371,46,-382
2372,49,-57
2373,77,2738
2374,58,894
2375,44,-598
2376,48,-133
2377,80,3030
2378,72,2214
2379,3,-4638
2380,86,3677
2381,28,-2146
2382,89,3906
2383,93,4396
2384,44,-524
2385,99,4998
2386,84,3489
2387,94,4432
2388,73,2371
2389,22,-2707
2390,31,-1832
2391,47,-274
2392,15,-3430
2393,9,-4097
2394,63,1373
2395,58,830
2396,86,3641
2397,92,4252
2398,65,1501
2399,22,-2764
2400,92,4217
2401,44,-564
2402,30,-1910
2403,41,-842
2404,91,4199
2405,49,-26
2406,38,-1132
2407,13,-3666
2408,67,1763
2409,22,-2729
2410,47,-226
2411,82,3242
2412,92,4266
2413,7,-4269
2414,57,748
2415,20,-2909
2416,56,675
2417,20,-2960
2418,71,2120
2419,20,-2978
2420,71,2121
2421,21,-2840
2422,43,-674
2423,15,-3431
2424,50,26
2425,8,-4179
2426,32,-1735
2427,17,-3272
2428,87,3761
2429,65,1586
2430,1,-4872
2431,41,-878
2432,73,2334
2433,35,-1468
2434,43,-622
2435,20,-2957
2436,88,3879
2437,27,-2234
2438,69,1965
2439,33,-1682
2440,49,-11
2441,51,144
2442,0,-4926
2443,45,-470
2444,92,4265
2445,2,-4740
2446,41,-876
2447,17,-3279
2448,39,-1031
2449,27,-2284
2450,31,-1882
2451,19,-3021
2452,53,387
2453,31,-1842
2454,0,-4901
2455,23,-2625
2456,65,1524
2457,15,-3485
2458,46,-375
2459,21,-2890
2460,93,4383
2461,8,-4146
2462,99,4994
2463,56,662
2464,93,4326
2465,61,1186
2466,34,-1547
2467,61,1120
2468,34,-1585
2469,47,-212
2470,32,-1710
2471,44,-582
2472,86,3649
2473,3,-4630
2474,72,2241
2475,47,-218
2476,40,-914
2477,52,206
2478,50,9
2479,58,896
2480,84,3402
2481,91,4146
2482,52,253
2483,29,-2002
2484,74,2449
2485,44,-510
2486,50,37
2487,19,-3097
2488,7,-4267
2489,12,-3788
2490,19,-3044
2491,45,-494
2492,61,1147
2493,94,4470
2494,37,-1271
2495,8,-4152
2496,58,802
2497,0,-4933
2498,77,2762
2499,14,-3560
2500,45,-433
2501,11,-3871
2502,27,-2280
2503,55,574
2504,57,779
2505,21,-2887
2506,33,-1683
2507,26,-2384
2508,92,4271
2509,60,1014
2510,4,-4543
2511,18,-3143
2512,38,-1149
2513,13,-3695
2514,46,-308
2515,94,4492
2516,81,3127
2517,93,4370
2518,49,-66
2519,19,-3009
2520,90,4067
2521,37,-1278
2522,47,-235
2523,73,2342
2524,87,3743
2525,75,2584
2526,23,-2653
2527,24,-2568
2528,92,4275
2529,5,-4496
2530,13,-3619
2531,69,1968
2532,55,511
2533,22,-2767
2534,64,1481
2535,61,1136
2536,23,-2620
2537,0,-4928
2538,89,3961
2539,2,-4784
2540,66,1693
2541,29,-2034
2542,9,-4090
2543,23,-2617
2544,77,2756
2545,21,-2878
2546,59,917
2547,4,-4554
2548,92,4255
2549,47,-246
2550,28,-2199
2551,2,-4775
2552,85,3563
2553,24,-2539
2554,59,914
2555,22,-2785
2556,59,971
2557,26,-2340
2558,32,-1783
2559,42,-706
2560,10,-3992
2561,53,302
2562,64,1437
2563,68,1884
2564,73,2385
2565,43,-616
2566,87,3737
2567,22,-2705
2568,41,-812
2569,3,-4655
2570,17,-3225
2571,14,-3565
2572,62,1291
2573,40,-974
2574,63,1341
2575,21,-2889
2576,91,4128
2577,12,-3735
2578,84,3436
2579,15,-3449
2580,77,2752
2581,69,1988
2582,54,448
2583,19,-3075
2584,69,1918
2585,14,-3549
2586,98,4841
2587,67,1710
2588,93,4337
2589,26,-2302
2590,46,-340
2591,18,-3195
2592,81,3149
2593,10,-3996
2594,80,3057
2595,23,-2621
2596,2,-4782
2597,57,726
2598,79,2940
2599,23,-2665
2600,38,-1102
2601,17,-3274
2602,77,2721
2603,42,-752
2604,57,757
2605,16,-3365
2606,89,3952
2607,1,-4840
2608,65,1568
2609,31,-1874
2610,56,669
2611,28,-2186
2612,90,4047
2613,35,-1460
2614,0,-4939
2615,79,2900
2616,76,2632
2617,90,4044
2618,4,-4556
2619,23,-2626
2620,42,-728
2621,10,-3962
2622,37,-1262
2623,26,-2393
2624,70,2011
2625,5,-4424
2626,41,-898
2627,15,-3461
2628,77,2790
2629,16,-3312
2630,66,1602
2631,95,4574
2632,14,-3516
2633,24,-2570
2634,54,429
2635,21,-2867
2636,45,-440
2637,89,3986
2638,24,-2505
2639,41,-848
2640,96,4667
2641,33,-1654
2642,75,2545
2643,72,2224
2644,81,3121
2645,58,850
2646,78,2865
2647,23,-2604
2648,54,459
2649,74,2426
2650,19,-3091
2651,59,922
2652,19,-3043
2653,88,3836
2654,19,-3092
2655,75,2524
2656,39,-1091
2657,4,-4559
2658,97,4734
2659,54,426
2660,98,4871
2661,43,-632
2662,55,586
2663,21,-2849
2664,75,2594
2665,30,-1986
2666,88,3857
2667,71,2160
2668,60,1005
2669,95,4546
2670,26,-2376
2671,13,-3629
2672,75,2539
2673,60,1092
2674,87,3702
2675,61,1114
2676,97,4717
2677,36,-1358
2678,71,2182
2679,18,-3101
2680,95,4541
2681,8,-4187
2682,88,3862
2683,32,-1720
2684,68,1811
2685,26,-2388
2686,57,781
2687,58,846
2688,93,4397
2689,73,2364
2690,78,2866
2691,72,2212
2692,42,-715
2693,57,720
2694,68,1837
2695,16,-3343
2696,4,-4564
2697,12,-3749
2698,33,-1659
2699,21,-2882
2700,58,879
2701,31,-1816
2702,6,-4370
2703,24,-2577
2704,93,4349
2705,4,-4522
2706,37,-1207
2707,23,-2649
2708,34,-1557
2709,54,400
2710,40,-999
2711,17,-3231
2712,77,2741
2713,74,2482
2714,86,3653
2715,36,-1366
2716,97,4735
2717,18,-3129
2718,16,-3313
2719,38,-1108
2720,46,-346
2721,72,2266
2722,53,376
2723,46,-356
2724,54,422
2725,6,-4396
2726,42,-750
2727,36,-1344
2728,86,3638
2729,91,4122
2730,43,-644
2731,25,-2489
2732,32,-1791
2733,66,1646
2734,13,-3630
2735,21,-2897
2736,10,-3944
2737,20,-2904
2738,95,4565
2739,25,-2426
2740,89,3982
2741,31,-1806
2742,70,2094
2743,25,-2443
2744,57,732
2745,22,-2771
2746,58,814
2747,39,-1094
2748,69,1941
2749,57,798
2750,94,4461
2751,17,-3241
2752,85,3521
2753,38,-1118
2754,30,-1940
2755,7,-4281
2756,47,-219
2757,8,-4102
2758,98,4892
2759,23,-2644
2760,38,-1109
2761,99,4978
2762,74,2402
2763,3,-4677
2764,63,1387
2765,0,-4963
2766,48,-131
2767,48,-168
2768,86,3632
2769,20,-2914
2770,3,-4688
2771,47,-208
2772,98,4887
2773,63,1356
2774,23,-2632
2775,37,-1264
2776,1,-4813
2777,80,3038
2778,22,-2766
2779,11,-3877
2780,83,3372
2781,82,3294
2782,42,-764
2783,27,-2272
2784,1,-4851
2785,76,2688
2786,95,4512
2787,59,978
2788,87,3759
2789,37,-1256
2790,87,3793
2791,44,-530
2792,64,1492
2793,67,1708
2794,64,1494
2795,15,-3423
2796,70,2083
2797,80,3078
2798,57,721
2799,23,-2601
2800,55,555
2801,90,4064
2802,37,-1263
2803,50,64
2804,39,-1085
2805,18,-3163
2806,39,-1059
2807,27,-2257
2808,78,2830
2809,34,-1524
2810,49,-71
2811,68,1808
2812,82,3231
2813,31,-1866
2814,11,-3893
2815,27,-2249
2816,85,3558
2817,21,-2801
2818,71,2197
2819,69,1924
2820,86,3614
2821,84,3406
2822,58,870
2823,83,3314
2824,99,4970
2825,28,-2177
2826,12,-3772
2827,8,-4159
2828,64,1485
2829,94,4446
2830,5,-4461
2831,23,-2605
2832,39,-1077
2833,74,2474
2834,41,-854
2835,41,-814
2836,40,-961
2837,9,-4096
2838,60,1089
2839,64,1448
2840,35,-1413
2841,24,-2536
2842,23,-2674
2843,54,432
2844,65,1551
2845,17,-3268
2846,33,-1638
2847,28,-2193
2848,69,1925
2849,2,-4737
2850,76,2684
2851,30,-1936
2852,61,1138
2853,27,-2244
2854,90,4041
2855,24,-2502
2856,88,3897
2857,91,4164
2858,45,-415
2859,5,-4463
2860,44,-561
2861,40,-976
2862,6,-4340
2863,19,-3062
2864,71,2141
2865,48,-174
2866,78,2810
2867,26,-2363
2868,59,975
2869,35,-1412
2870,92,4270
2871,55,526
2872,37,-1285
2873,24,-2542
2874,16,-3338
2875,93,4352
2876,98,4821
2877,7,-4239
2878,24,-2507
2879,16,-3389
2880,89,3972
2881,19,-3041
2882,38,-1151
2883,56,656
2884,70,2066
2885,8,-4130
2886,54,454
2887,7,-4277
2888,78,2889
2889,81,3160
2890,71,2177
2891,78,2842
2892,95,4557
2893,26,-2397
2894,45,-462
2895,78,2812
2896,95,4537
2897,3,-4699
2898,7,-4294
2899,49,-32
2900,88,3831
2901,71,2188
2902,7,-4253
2903,56,692
2904,78,2875
2905,2,-4779
2906,37,-1286
2907,57,794
2908,93,4366
2909,19,-3059
2910,68,1852
2911,45,-480
2912,15,-3441
2913,71,2158
2914,96,4637
2915,8,-4173
2916,16,-3352
2917,6,-4399
2918,68,1801
2919,95,4522
2920,55,573
2921,31,-1896
2922,6,-4379
2923,12,-3736
2924,24,-2564
2925,79,2972
2926,83,3342
2927,6,-4381
2928,95,4570
2929,16,-3366
2930,31,-1876
2931,13,-3606
2932,53,343
2933,1,-4874
2934,36,-1335
2935,28,-2109
2936,25,-2413
2937,16,-3350
2938,46,-316
2939,26,-2395
2940,93,4333
2941,26,-2311
2942,94,4485
2943,26,-2313
2944,86,3693
2945,78,2820
2946,91,4152
2947,98,4864
2948,39,-1055
2949,40,-932
2950,62,1296
2951,5,-4484
2952,39,-1023
2953,85,3552
2954,52,205
2955,44,-526
2956,86,3680
2957,72,2200
2958,6,-4359
2959,27,-2209
2960,68,1841
2961,49,-74
2962,96,4630
2963,6,-4369
2964,60,1017
2965,0,-4962
2966,10,-3954
2967,59,908
2968,99,4907
2969,4,-4574
2970,46,-362
2971,70,2000
2972,55,509
2973,16,-3387
2974,67,1781
2975,45,-414
2976,62,1268
2977,19,-3099
2978,21,-2846
2979,59,904
2980,47,-203
2981,24,-2574
2982,12,-3713
2983,7,-4251
2984,52,219
2985,13,-3632
2986,18,-3139
2987,26,-2301
2988,42,-797
2989,29,-2090
2990,9,-4076
2991,28,-2153
2992,27,-2221
2993,90,4012
2994,57,705
2995,13,-3614
2996,84,3453
2997,8,-4188
2998,81,3110
2999,55,572
3000,56,627
3001,28,-2154
3002,13,-3679
3003,56,682
3004,82,3295
3005,71,2102
3006,23,-2602
3007,9,-4080
3008,66,1626
3009,40,-968
3010,56,697
3011,16,-3310
3012,63,1319
3013,71,2128
3014,2,-4752
3015,24,-2582
3016,89,3933
3017,9,-4016
3018,46,-387
3019,42,-770
3020,60,1003
3021,53,316
3022,76,2680
3023,28,-2104
3024,62,1253
3025,44,-534
3026,90,4069
3027,21,-2817
3028,95,4547
3029,96,4600
3030,69,1998
3031,11,-3822
3032,97,4781
3033,14,-3527
3034,1,-4854
3035,31,-1824
3036,76,2607
3037,20,-2940
3038,17,-3275
3039,72,2236
3040,29,-2049
3041,51,186
3042,23,-2607
3043,99,4940
3044,24,-2552
3045,2,-4733
3046,31,-1892
3047,3,-4633
3048,65,1548
3049,15,-3480
3050,32,-1779
3051,99,4902
3052,71,2181
3053,30,-1977
3054,44,-512
3055,29,-2089
3056,67,1725
3057,33,-1608
3058,43,-683
3059,92,4256
3060,59,935
3061,38,-1122
3062,11,-3856
3063,96,4666
3064,43,-672
3065,20,-2923
3066,55,578
3067,30,-1954
3068,83,3398
3069,19,-3031
3070,71,2112
3071,32,-1704
3072,35,-1453
3073,25,-2463
3074,72,2249
3075,64,1408
3076,45,-461
3077,9,-4064
3078,33,-1646
3079,21,-2841
3080,5,-4474
3081,69,1948
3082,79,2988
3083,63,1358
3084,88,3833
3085,14,-3508
3086,87,3777
3087,11,-3824
3088,62,1259
3089,28,-2116
3090,49,-12
3091,69,1976
3092,80,3086
3093,74,2470
3094,97,4724
3095,22,-2755
3096,68,1862
3097,30,-1996
3098,42,-723
3099,88,3894
3100,99,4971
3101,23,-2623
3102,61,1193
3103,42,-768
3104,5,-4497
3105,10,-3942
3106,81,3102
3107,59,916
3108,81,3111
3109,70,2056
3110,58,822
3111,40,-980
3112,51,187
3113,27,-2297
3114,39,-1028
3115,81,3196
3116,76,2698
3117,19,-3100
3118,3,-4604
3119,7,-4283
3120,73,2348
3121,39,-1032
3122,9,-4055
3123,70,2046
3124,75,2503
3125,11,-3809
3126,70,2090
3127,21,-2833
3128,96,4652
3129,34,-1560
3130,28,-2171
3131,28,-2122
3132,77,2795
3133,79,2998
3134,52,201
3135,72,2220
3136,43,-630
3137,62,1270
3138,24,-2567
3139,8,-4103
3140,68,1827
3141,20,-2933
3142,73,2329
3143,8,-4195
3144,32,-1709
3145,26,-2307
3146,44,-587
3147,13,-3682
3148,79,2913
3149,72,2268
3150,99,4942
3151,76,2636
3152,53,301
3153,19,-3061
3154,86,3681
3155,72,2296
3156,95,4599
3157,24,-2590
3158,72,2245
3159,44,-542
3160,17,-3246
3161,29,-2083
3162,79,2982
3163,41,-880
3164,96,4687
3165,25,-2483
3166,84,3493
3167,29,-2093
3168,58,851
3169,25,-2437
3170,5,-4453
3171,46,-374
3172,56,670
3173,29,-2091
3174,63,1350
3175,26,-2399
3176,40,-957
3177,25,-2401
3178,9,-4019
3179,52,240
3180,59,988
3181,18,-3110
3182,50,53
3183,2,-4751
3184,82,3233
3185,13,-3631
3186,63,1330
3187,78,2874
3188,82,3227
3189,16,-3333
3190,24,-2555
3191,27,-2265
3192,52,280
3193,31,-1851
3194,57,784
3195,98,4860
3196,12,-3714
3197,17,-3298
3198,23,-2651
3199,9,-4015
3200,69,1905
3201,8,-4132
3202,6,-4386
3203,18,-3151
3204,52,265
3205,22,-2756
3206,5,-4426
3207,82,3212
3208,60,1099
3209,90,4080
3210,81,3197
3211,30,-1909
3212,99,4931
3213,7,-4255
3214,21,-2855
3215,24,-2553
3216,67,1780
3217,36,-1364
3218,0,-4934
3219,85,3594
3220,78,2899
3221,13,-3692
3222,13,-3675
3223,76,2668
3224,40,-931
3225,24,-2513
3226,65,1544
3227,23,-2678
3228,20,-2966
3229,0,-4949
3230,20,-2961
3231,25,-2455
3232,75,2553
3233,34,-1520
3234,42,-743
3235,31,-1861
3236,69,1983
3237,1,-4837
3238,70,2036
3239,41,-896
3240,97,4777
3241,3,-4645
3242,92,4254
3243,13,-3693
3244,17,-3257
3245,0,-4993
3246,64,1490
3247,20,-2995
3248,6,-4374
3249,26,-2372
3250,20,-2973
3251,45,-424
3252,65,1577
3253,45,-402
3254,25,-2404
3255,29,-2088
3256,72,2283
3257,20,-2982
3258,88,3885
3259,12,-3727
3260,86,3611
3261,99,4924
3262,63,1312
3263,25,-2417
3264,44,-549
3265,93,4328
3266,7,-4271
3267,6,-4350
3268,61,1196
3269,22,-2768
3270,8,-4143
3271,51,174
3272,33,-1696
3273,20,-2945
3274,54,465
3275,5,-4428
3276,80,3023
3277,35,-1442
3278,41,-835
3279,32,-1785
3280,88,3849
3281,30,-1959
3282,74,2461
3283,4,-4572
3284,92,4279
3285,4,-4511
3286,81,3145
3287,25,-2467
3288,53,333
3289,25,-2431
3290,22,-2714
3291,49,-10
3292,69,1963
3293,61,1110
3294,6,-4316
3295,22,-2728
3296,25,-2441
3297,65,1550
3298,74,2430
3299,20,-2905
3300,56,679
3301,8,-4126
3302,97,4704
3303,68,1814
3304,88,3864
3305,24,-2518
3306,46,-327
3307,31,-1843
3308,79,2907
3309,24,-2572
3310,12,-3761
3311,31,-1833
3312,62,1227
3313,25,-2461
3314,58,844
3315,87,3750
3316,87,3775
3317,43,-618
3318,18,-3133
3319,4,-4539
3320,57,790
3321,27,-2216
3322,12,-3703
3323,2,-4778
3324,50,99
3325,12,-3763
3326,11,-3886
3327,58,824
3328,25,-2468
3329,40,-998
3330,5,-4500
3331,48,-124
3332,46,-311
3333,2,-4774
3334,18,-3122
3335,51,102
3336,57,753
3337,22,-2734
3338,90,4040
3339,13,-3612
3340,80,3075
3341,25,-2421
3342,61,1161
3343,27,-2201
3344,57,768
3345,86,3660
3346,70,2010
3347,32,-1753
3348,73,2363
3349,12,-3793
3350,46,-335
3351,92,4234
3352,55,587
3353,89,3958
3354,28,-2145
3355,39,-1018
3356,66,1621
3357,1,-4862
3358,58,861
3359,25,-2442
3360,74,2478
3361,80,3018
3362,55,565
3363,0,-4981
3364,83,3367
3365,81,3130
3366,33,-1668
3367,23,-2669
3368,99,4965
3369,17,-3285
3370,13,-3652
3371,32,-1713
3372,71,2187
3373,40,-960
3374,3,-4646
3375,11,-3807
3376,95,4595
3377,74,2406
3378,51,138
3379,21,-2851
3380,90,4014
3381,27,-2219
3382,88,3822
3383,34,-1542
3384,53,365
3385,15,-3404
3386,14,-3550
3387,12,-3728
3388,57,770
3389,5,-4457
3390,27,-2292
3391,26,-2345
3392,51,125
3393,49,-86
3394,86,3628
3395,35,-1422
3396,89,3943
3397,9,-4063
3398,72,2297
3399,25,-2425
3400,48,-191
3401,42,-756
3402,76,2697
3403,23,-2641
3404,55,543
3405,90,4016
3406,31,-1894
3407,18,-3107
3408,92,4267
3409,44,-574
3410,85,3541
3411,91,4162
3412,94,4444
3413,85,3518
3414,18,-3156
3415,18,-3200
3416,99,4987
3417,1,-4835
3418,89,3973
3419,22,-2759
3420,67,1784
3421,67,1730
3422,36,-1308
3423,33,-1689
3424,64,1469
3425,73,2324
3426,47,-255
3427,59,980
3428,93,4382
3429,40,-944
3430,25,-2430
3431,44,-590
3432,66,1603
3433,71,2146
3434,35,-1402
3435,25,-2497
3436,93,4302
3437,52,214
3438,42,-787
3439,38,-1154
3440,76,2613
3441,6,-4323
3442,72,2278
3443,35,-1432
3444,97,4742
3445,32,-1757
3446,25,-2423
3447,24,-2509
3448,31,-1853
3449,23,-2634
3450,7,-4257
3451,21,-2869
3452,64,1453
3453,11,-3891
3454,10,-3984
3455,22,-2761
3456,36,-1318
3457,16,-3370
3458,51,198
3459,56,608
3460,8,-4199
3461,35,-1434
3462,4,-4516
3463,30,-1923
3464,55,520
3465,9,-4029
3466,92,4212
3467,6,-4356
3468,54,411
3469,1,-4895
3470,8,-4191
3471,84,3492
3472,95,4516
3473,30,-1987
3474,65,1549
3475,90,4084
3476,12,-3753
3477,39,-1068
3478,9,-4098
3479,29,-2062
3480,83,3371
3481,0,-4907
3482,4,-4502
3483,10,-3925
3484,4,-4542
3485,30,-1902
3486,0,-4970
3487,34,-1525
3488,68,1883
3489,22,-2787
3490,44,-594
3491,32,-1764
3492,70,2082
3493,54,458
3494,92,4261
3495,76,2600
3496,68,1849
3497,56,632
3498,84,3413
3499,62,1224
3500,72,2267
3501,88,3820
3502,6,-4329
3503,2,-4735
3504,52,213
3505,40,-992
3506,7,-4256
3507,63,1318
3508,96,4688
3509,88,3856
3510,88,3865
3511,60,1018
3512,95,4580
3513,64,1412
3514,42,-710
3515,86,3664
3516,98,4809
3517,7,-4295
3518,62,1277
3519,33,-1653
3520,52,211
3521,8,-4185
3522,0,-4904
3523,56,630
3524,86,3605
3525,54,450
3526,63,1321
3527,25,-2450
3528,86,3629
3529,1,-4852
3530,3,-4696
3531,17,-3218
3532,78,2883
3533,94,4476
3534,55,585
3535,21,-2825
3536,27,-2276
3537,89,3916
3538,77,2798
3539,8,-4175
3540,92,4247
3541,17,-3236
3542,36,-1346
3543,27,-2229
3544,50,11
3545,27,-2288
3546,33,-1673
3547,9,-4069
3548,48,-127
3549,34,-1583
3550,40,-987
3551,33,-1625
3552,52,266
3553,55,540
3554,16,-3345
3555,10,-3914
3556,88,3815
3557,34,-1553
3558,18,-3127
3559,68,1890
3560,31,-1860
3561,63,1382
3562,69,1906
3563,7,-4223
3564,95,4523
3565,66,1656
3566,92,4292
3567,15,-3401
3568,84,3459
3569,2,-4713
3570,3,-4610
3571,20,-2930
3572,75,2533
3573,71,2168
3574,11,-3847
3575,24,-2520
3576,36,-1323
3577,23,-2670
3578,47,-263
3579,95,4590
3580,83,3375
3581,78,2850
3582,49,-8
3583,24,-2569
3584,84,3498
3585,32,-1752
3586,9,-4079
3587,13,-3685
3588,70,2063
3589,84,3482
3590,8,-4189
3591,31,-1865
3592,39,-1003
3593,83,3384
3594,7,-4284
3595,35,-1499
3596,73,2355
3597,69,1938
3598,50,82
3599,27,-2220
3600,39,-1088
3601,82,3286
3602,11,-3880
3603,35,-1490
3604,80,3083
3605,13,-3660
3606,82,3229
3607,32,-1761
3608,47,-214
3609,50,74
3610,14,-3557
3611,31,-1888
3612,53,351
3613,83,3300
3614,88,3877
3615,57,708
3616,78,2809
3617,30,-1985
3618,37,-1290
3619,21,-2891
3620,64,1425
3621,9,-4035
3622,84,3442
3623,33,-1688
3624,71,2118
3625,70,2058
3626,11,-3861
3627,44,-506
3628,62,1294
3629,1,-4870
3630,19,-3030
3631,14,-3510
3632,14,-3506
3633,60,1046
3634,82,3260
3635,24,-2563
3636,42,-708
3637,46,-360
3638,52,257
3639,50,50
3640,42,-735
3641,35,-1445
3642,49,-79
3643,36,-1391
3644,83,3343
3645,42,-740
3646,53,348
3647,68,1800
3648,87,3787
3649,44,-580
3650,56,638
3651,63,1332
3652,65,1534
3653,14,-3539
3654,28,-2158
3655,94,4402
3656,57,747
3657,18,-3116
3658,35,-1461
3659,53,334
3660,77,2714
3661,58,882
3662,22,-2774
3663,40,-902
3664,69,1915
3665,91,4116
3666,8,-4128
3667,13,-3649
3668,92,4283
3669,37,-1296
3670,73,2332
3671,64,1498
3672,23,-2645
3673,33,-1650
3674,73,2314
3675,42,-734
3676,56,644
3677,7,-4263
3678,40,-983
3679,14,-3577
3680,6,-4384
3681,60,1048
3682,63,1320
3683,27,-2285
3684,70,2087
3685,23,-2631
3686,6,-4364
3687,27,-2217
3688,45,-443
3689,21,-2875
3690,87,3709
3691,33,-1686
3692,26,-2355
3693,18,-3152
3694,9,-4014
3695,16,-3388
3696,90,4085
3697,6,-4385
3698,55,500
3699,79,2918
3700,79,2967
3701,11,-3838
3702,48,-128
3703,35,-1481
3704,82,3251
3705,35,-1415
3706,13,-3647
3707,93,4350
3708,88,3860
3709,5,-4420
3710,98,4829
3711,56,660
3712,75,2576
3713,31,-1873
3714,19,-3076
3715,96,4640
3716,97,4711
3717,36,-1383
3718,71,2101
3719,36,-1352
3720,80,3094
3721,15,-3437
3722,51,181
3723,94,4456
3724,26,-2396
3725,10,-3915
3726,46,-399
3727,42,-774
3728,83,3387
3729,10,-3989
3730,18,-3174
3731,27,-2294
3732,81,3175
3733,33,-1627
3734,14,-3515
3735,34,-1505
3736,24,-2559
3737,29,-2086
3738,3,-4611
3739,61,1192
3740,88,3899
3741,18,-3118
3742,5,-4417
3743,3,-4683
3744,92,4249
3745,34,-1561
3746,27,-2218
3747,3,-4653
3748,0,-4930
3749,0,-4941
3750,22,-2701
3751,33,-1664
3752,63,1355
3753,30,-1953
3754,70,2048
3755,90,4086
3756,75,2547
3757,29,-2026
3758,11,-3894
3759,35,-1405
3760,66,1634
3761,66,1652
3762,50,12
3763,24,-2548
3764,95,4563
3765,36,-1310
3766,0,-4925
3767,29,-2087
3768,46,-333
3769,9,-4007
3770,43,-664
3771,59,960
3772,64,1487
3773,29,-2079
3774,39,-1015
3775,91,4184
3776,86,3640
3777,67,1724
3778,57,725
3779,10,-3933
3780,83,3305
3781,77,2710
3782,37,-1216
3783,27,-2203
3784,38,-1131
3785,74,2456
3786,72,2237
3787,0,-4943
3788,52,277
3789,32,-1702
3790,76,2638
3791,25,-2434
3792,46,-350
3793,22,-2780
3794,72,2298
3795,29,-2037
3796,87,3735
3797,56,680
3798,79,2912
3799,29,-2054
3800,36,-1387
3801,25,-2439
3802,88,3872
3803,70,2032
3804,78,2869
3805,57,722
3806,58,810
3807,94,4438
3808,36,-1347
3809,28,-2169
3810,17,-3283
3811,67,1768
3812,32,-1756
3813,72,2284
3814,8,-4119
3815,33,-1629
3816,82,3298
3817,15,-3483
3818,16,-3316
3819,44,-584
3820,9,-4089
3821,78,2854
3822,81,3132
3823,54,402
3824,98,4837
3825,68,1818
3826,59,994
3827,23,-2693
3828,75,2579
3829,30,-1948
3830,62,1252
3831,51,106
3832,70,2072
3833,33,-1658
3834,94,4481
3835,35,-1493
3836,9,-4020
3837,10,-3908
3838,17,-3265
3839,37,-1225
3840,52,237
3841,12,-3786
3842,17,-3263
3843,65,1546
3844,85,3553
3845,69,1984
3846,26,-2381
3847,72,2246
3848,93,4365
3849,16,-3384
3850,54,469
3851,53,356
3852,89,3999
3853,13,-3628
3854,78,2805
3855,32,-1775
3856,24,-2558
3857,78,2828
3858,5,-4483
3859,10,-3969
3860,82,3230
3861,9,-4039
3862,91,4174
3863,35,-1497
3864,70,2013
3865,29,-2081
3866,38,-1136
3867,33,-1613
3868,93,4307
3869,4,-4551
3870,62,1261
3871,52,262
3872,40,-920
3873,9,-4002
3874,28,-2152
3875,70,2030
3876,45,-405
3877,19,-3018
3878,27,-2238
3879,37,-1227
3880,69,1955
3881,32,-1711
3882,87,3790
3883,30,-1988
3884,96,4613
3885,37,-1276
3886,90,4065
3887,60,1020
3888,37,-1237
3889,65,1526
3890,10,-3987
3891,56,634
3892,19,-3049
3893,22,-2799
3894,66,1690
3895,25,-2457
3896,75,2500
3897,35,-1437
3898,35,-1485
3899,18,-3150
3900,47,-245
3901,50,32
3902,61,1101
3903,37,-1297
3904,85,3589
3905,42,-720
3906,60,1045
3907,84,3468
3908,89,3977
3909,91,4138
3910,32,-1772
3911,63,1368
3912,39,-1005
3913,36,-1350
3914,12,-3787
3915,23,-2615
3916,95,4529
3917,11,-3851
3918,83,3333
3919,99,4946
3920,12,-3758
3921,14,-3588
3922,49,-22
3923,98,4820
3924,84,3415
3925,38,-1155
3926,94,4462
3927,36,-1309
3928,60,1025
3929,11,-3805
3930,47,-266
3931,45,-452
3932,1,-4808
3933,52,218
3934,27,-2245
3935,18,-3121
3936,33,-1677
3937,53,390
3938,40,-939
3939,14,-3589
3940,79,2983
3941,65,1520
3942,32,-1774
3943,36,-1311
3944,45,-427
3945,82,3282
3946,25,-2432
3947,16,-3328
3948,45,-428
3949,35,-1407
3950,16,-3319
3951,76,2634
3952,47,-251
3953,12,-3771
3954,60,1074
3955,18,-3108
3956,98,4802
3957,2,-4706
3958,56,609
3959,6,-4361
3960,76,2649
3961,61,1140
3962,98,4853
3963,77,2728
3964,74,2495
3965,16,-3377
3966,84,3428
3967,5,-4491
3968,87,3731
3969,33,-1662
3970,16,-3317
3971,42,-794
3972,89,3981
3973,97,4736
3974,42,-759
3975,32,-1729
3976,38,-1128
3977,24,-2535
3978,40,-903
3979,31,-1831
3980,97,4703
3981,77,2774
3982,55,560
3983,4,-4531
3984,76,2617
3985,6,-4363
3986,55,510
3987,62,1292
3988,84,3479
3989,36,-1324
3990,51,128
3991,36,-1359
3992,61,1107
3993,98,4888
3994,7,-4216
3995,3,-4689
3996,98,4863
3997,96,4648
3998,1,-4826
3999,8,-4151
4000,18,-3182
4001,33,-1675
4002,99,4941
4003,35,-1427
4004,58,895
4005,15,-3435
4006,99,4945
4007,43,-676
4008,22,-2739
4009,16,-3374
4010,10,-3938
4011,17,-3238
4012,83,3359
4013,22,-2743
4014,75,2518
4015,28,-2141
4016,69,1996
4017,36,-1348
4018,83,3301
4019,71,2170
4020,88,3863
4021,37,-1255
4022,77,2734
4023,29,-2033
4024,43,-659
4025,37,-1245
4026,68,1858
4027,26,-2365
4028,84,3411
4029,15,-3489
4030,45,-455
4031,52,256
4032,67,1701
4033,51,148
4034,83,3326
4035,63,1378
4036,54,462
4037,74,2494
4038,39,-1020
4039,39,-1087
4040,31,-1881
4041,2,-4741
4042,3,-4659
4043,49,-88
4044,99,4928
4045,18,-3132
4046,86,3665
4047,93,4338
4048,20,-2950
4049,34,-1521
4050,54,441
4051,71,2140
4052,90,4087
4053,98,4846
4054,36,-1329
4055,34,-1569
4056,95,4513
4057,30,-1927
4058,69,1902
4059,29,-2051
4060,79,2934
4061,0,-4927
4062,18,-3165
4063,91,4124
4064,81,3131
4065,7,-4227
4066,54,452
4067,28,-2185
4068,63,1351
4069,6,-4318
4070,65,1540
4071,74,2428
4072,60,1051
4073,8,-4163
4074,63,1340
4075,63,1370
4076,73,2335
4077,34,-1517
4078,31,-1880
4079,23,-2613
4080,64,1486
4081,87,3796
4082,72,2277
4083,99,4932
4084,44,-509
4085,33,-1601
4086,36,-1395
4087,1,-4900
4088,76,2683
4089,1,-4847
4090,54,486
4091,25,-2465
4092,78,2859
4093,15,-3408
4094,15,-3412
4095,13,-3635
4096,56,685
4097,35,-1430
4098,56,606
4099,26,-2400
4100,87,3719
4101,39,-1042
4102,5,-4485
4103,62,1254
4104,34,-1512
4105,72,2244
4106,51,116
4107,37,-1272
4108,91,4131
4109,66,1604
4110,34,-1576
4111,40,-928
4112,97,4780
4113,47,-228
4114,23,-2666
4115,32,-1767
4116,61,1166
4117,29,-2008
4118,41,-846
4119,34,-1543
4120,63,1389
4121,71,2176
4122,98,4813
4123,15,-3492
4124,75,2575
4125,22,-2724
4126,90,4058
4127,82,3240
4128,76,2627
4129,6,-4321
4130,64,1416
4131,35,-1484
4132,87,3727
4133,35,-1496
4134,33,-1649
4135,4,-4557
4136,60,1061
4137,26,-2305
4138,87,3798
4139,32,-1787
4140,66,1615
4141,22,-2770
4142,91,4112
4143,32,-1760
4144,34,-1503
4145,1,-4860
4146,34,-1566
4147,0,-4938
4148,85,3543
4149,7,-4258
4150,61,1153
4151,31,-1825
4152,66,1697
4153,26,-2333
4154,55,577
4155,97,4778
4156,99,4957
4157,60,1044
4158,43,-615
4159,43,-680
4160,24,-2595
4161,49,-28
4162,31,-1849
4163,38,-1183
4164,77,2726
4165,7,-4280
4166,89,3918
4167,30,-1933
4168,97,4715
4169,20,-2937
4170,25,-2427
4171,40,-979
4172,65,1573
4173,33,-1647
4174,96,4690
4175,43,-634
4176,56,646
4177,21,-2843
4178,93,4305
4179,21,-2810
4180,74,2415
4181,56,648
4182,86,3690
4183,80,3082
4184,39,-1017
4185,7,-4241
4186,16,-3361
4187,58,804
4188,17,-3288
4189,35,-1500
4190,99,4981
4191,70,2002
4192,66,1660
4193,30,-1991
4194,29,-2064
4195,39,-1075
4196,45,-401
4197,12,-3701
4198,32,-1712
4199,22,-2769
4200,32,-1719
4201,26,-2352
4202,3,-4656
4203,36,-1393
4204,94,4457
4205,83,3352
4206,5,-4421
4207,56,600
4208,79,2939
4209,1,-4838
4210,70,2061
4211,86,3668
4212,58,855
4213,59,926
4214,30,-1904
4215,41,-862
4216,75,2521
4217,24,-2588
4218,87,3706
4219,23,-2639
4220,59,955
4221,13,-3694
4222,50,34
4223,40,-905
4224,72,2210
4225,38,-1165
4226,33,-1609
4227,20,-2934
4228,73,2379
4229,81,3172
4230,16,-3307
4231,14,-3524
4232,65,1565
4233,19,-3085
4234,41,-805
4235,14,-3596
4236,57,795
4237,23,-2694
4238,82,3289
4239,17,-3289
4240,49,-16
4241,36,-1351
4242,71,2110
4243,19,-3077
4244,98,4804
4245,81,3148
4246,8,-4155
4247,98,4828
4248,44,-523
4249,2,-4743
4250,76,2614
4251,26,-2329
4252,92,4239
4253,6,-4353
4254,3,-4684
4255,18,-3145
4256,45,-477
4257,41,-894
4258,2,-4721
4259,16,-3396
4260,92,4295
4261,51,156
4262,49,-72
4263,89,3966
4264,4,-4587
4265,3,-4624
4266,41,-838
4267,36,-1336
4268,70,2004
4269,10,-3905
4270,13,-3678
4271,51,146
4272,81,3124
4273,41,-865
4274,48,-184
4275,1,-4820
4276,79,2973
4277,21,-2871
4278,91,4118
4279,36,-1361
4280,89,3957
4281,24,-2519
4282,25,-2490
4283,23,-2616
4284,69,1964
4285,31,-1817
4286,15,-3402
4287,76,2622
4288,33,-1645
4289,10,-3901
4290,6,-4333
4291,26,-2377
4292,87,3715
4293,75,2508
4294,93,4394
4295,41,-857
4296,37,-1261
4297,40,-984
4298,28,-2164
4299,95,4528
4300,6,-4345
4301,3,-4635
4302,74,2400
4303,14,-3525
4304,91,4196
4305,14,-3568
4306,37,-1217
4307,30,-1908
4308,96,4638
4309,39,-1053
4310,4,-4585
4311,14,-3563
4312,32,-1740
4313,36,-1394
4314,95,4554
4315,39,-1056
4316,75,2591
4317,8,-4108
4318,27,-2263
4319,57,710
4320,34,-1593
4321,41,-877
4322,93,4310
4323,33,-1669
4324,90,4053
4325,35,-1463
4326,16,-3360
4327,50,14
4328,58,875
4329,3,-4608
4330,42,-753
4331,30,-1981
4332,94,4475
4333,71,2130
4334,34,-1591
4335,95,4586
4336,60,1034
4337,87,3710
4338,45,-471
4339,34,-1579
4340,84,3465
4341,23,-2611
4342,36,-1303
4343,39,-1001
4344,69,1994
4345,43,-688
4346,79,2920
4347,91,4186
4348,77,2725
4349,34,-1563
4350,66,1606
4351,40,-919
4352,97,4797
4353,28,-2162
4354,38,-1133
4355,17,-3226
4356,66,1608
4357,28,-2160
4358,59,993
4359,24,-2543
4360,8,-4186
4361,9,-4040
4362,65,1564
4363,5,-4456
4364,17,-3261
4365,34,-1535
4366,63,1352
4367,2,-4705
4368,30,-1972
4369,24,-2522
4370,52,292
4371,3,-4649
4372,79,2919
4373,56,678
4374,25,-2446
4375,39,-1052
4376,93,4306
4377,48,-144
4378,89,3944
4379,51,166
4380,93,4301
4381,34,-1567
4382,83,3329
4383,31,-1828
4384,73,2317
4385,59,938
4386,71,2136
4387,39,-1007
4388,80,3041
4389,43,-623
4390,93,4360
4391,98,4824
4392,24,-2549
4393,9,-4053
4394,62,1232
4395,16,-3349
4396,77,2735
4397,71,2100
4398,63,1377
4399,35,-1487
4400,49,-23
4401,89,3974
4402,22,-2713
4403,24,-2528
4404,73,2387
4405,44,-597
4406,51,172
4407,40,-975
4408,76,2667
4409,84,3444
4410,89,3998
4411,70,2078
4412,58,869
4413,18,-3112
4414,68,1878
4415,81,3114
4416,33,-1633
4417,28,-2112
4418,23,-2689
4419,29,-2055
4420,54,463
4421,79,2922
4422,66,1625
4423,64,1454
4424,49,-6
4425,76,2652
4426,60,1056
4427,42,-791
4428,85,3523
4429,50,76
4430,65,1521
4431,39,-1065
4432,12,-3794
4433,47,-232
4434,42,-780
4435,6,-4312
4436,90,4009
4437,42,-713
4438,24,-2501
4439,43,-671
4440,64,1440
4441,2,-4762
4442,73,2305
4443,21,-2829
4444,79,2923
4445,96,4672
4446,98,4822
4447,97,4792
4448,18,-3142
4449,27,-2289
4450,43,-656
4451,35,-1423
4452,90,4025
4453,28,-2136
4454,64,1465
4455,32,-1789
4456,50,67
4457,38,-1179
4458,91,4141
4459,51,170
4460,26,-2330
4461,41,-887
4462,46,-322
4463,42,-705
4464,14,-3526
4465,51,190
4466,22,-2721
4467,11,-3835
4468,94,4487
4469,44,-588
4470,10,-3991
4471,4,-4541
4472,60,1002
4473,37,-1267
4474,72,2233
4475,82,3292
4476,76,2635
4477,55,504
4478,10,-3911
4479,93,4374
4480,19,-3008
4481,50,54
4482,51,113
4483,92,4298
4484,46,-398
4485,10,-3931
4486,13,-3615
4487,41,-829
4488,72,2219
4489,1,-4824
4490,99,4968
4491,15,-3486
4492,45,-491
4493,43,-686
4494,35,-1416
4495,22,-2781
4496,83,3353
4497,37,-1239
4498,54,413
4499,28,-2107
4500,59,990
4501,67,1794
4502,90,4032
4503,41,-869
4504,56,620
4505,68,1830
4506,13,-3671
4507,78,2858
4508,88,3839
4509,52,294
4510,74,2485
4511,63,1336
4512,11,-3888
4513,42,-702
4514,41,-826
4515,69,1956
4516,23,-2655
4517,43,-641
4518,94,4489
4519,44,-563
4520,85,3588
4521,86,3652
4522,7,-4287
4523,12,-3741
4524,56,683
4525,22,-2778
4526,31,-1854
4527,22,-2791
4528,79,2908
4529,24,-2503
4530,21,-2892
4531,69,1962
4532,73,2327
4533,91,4198
4534,37,-1226
4535,95,4556
4536,92,4225
4537,15,-3495
4538,82,3254
4539,39,-1081
4540,74,2458
4541,27,-2239
4542,22,-2763
4543,13,-3669
4544,38,-1119
4545,32,-1721
4546,87,3734
4547,50,40
4548,69,1987
4549,28,-2143
4550,73,2365
4551,64,1470
4552,60,1052
4553,83,3396
4554,62,1265
4555,31,-1859
4556,48,-134
4557,39,-1082
4558,18,-3146
4559,85,3556
4560,37,-1201
4561,43,-619
4562,37,-1203
4563,43,-663
4564,56,631
4565,25,-2403
4566,92,4285
4567,45,-442
4568,14,-3591
4569,31,-1852
4570,73,2313
4571,61,1150
4572,12,-3775
4573,1,-4803
4574,66,1633
4575,90,4056
4576,53,398
4577,53,366
4578,24,-2550
4579,45,-459
4580,94,4479
4581,28,-2149
4582,66,1641
4583,44,-521
4584,35,-1483
4585,30,-1939
4586,21,-2857
4587,33,-1619
4588,57,731
4589,52,220
4590,44,-515
4591,53,358
4592,41,-891
4593,86,3676
4594,4,-4518
4595,70,2024
4596,85,3559
4597,42,-777
4598,70,2052
4599,68,1804
4600,37,-1294
4601,6,-4347
4602,86,3656
4603,30,-1973
4604,81,3183
4605,71,2172
4606,85,3529
4607,1,-4865
4608,65,1589
4609,28,-2134
4610,82,3273
4611,43,-685
4612,96,4615
4613,57,776
4614,55,521
4615,24,-2511
4616,36,-1377
4617,51,130
4618,53,313
4619,46,-393
4620,88,3893
4621,2,-4742
4622,35,-1451
4623,43,-681
4624,36,-1373
4625,2,-4739
4626,18,-3131
4627,28,-2113
4628,54,455
4629,21,-2813
4630,56,625
4631,43,-601
4632,80,3077
4633,4,-4515
4634,59,924
4635,39,-1021
4636,79,2963
4637,2,-4716
4638,5,-4493
4639,38,-1129
4640,27,-2283
4641,71,2148
4642,71,2113
4643,77,2720
4644,26,-2306
4645,18,-3119
4646,43,-675
4647,86,3650
4648,1,-4819
4649,4,-4537
4650,26,-2357
4651,63,1302
4652,26,-2367
4653,44,-570
4654,37,-1238
4655,85,3540
4656,1,-4885
4657,26,-2325
4658,81,3101
4659,20,-2901
4660,89,3929
4661,29,-2022
4662,70,2074
4663,14,-3542
4664,59,979
4665,46,-371
4666,58,889
4667,2,-4798
4668,65,1503
4669,46,-376
4670,15,-3438
4671,45,-425
4672,71,2109
4673,9,-4062
4674,90,4076
4675,46,-365
4676,55,597
4677,37,-1229
4678,44,-589
4679,97,4798
4680,71,2186
4681,33,-1643
4682,66,1662
4683,77,2794
4684,93,4304
4685,43,-608
4686,37,-1231
4687,39,-1073
4688,81,3113
4689,41,-808
4690,41,-899
4691,23,-2662
4692,95,4567
4693,16,-3357
4694,62,1264
4695,28,-2165
4696,98,4848
4697,56,652
4698,59,964
4699,46,-388
4700,28,-2151
4701,10,-3977
4702,48,-147
4703,31,-1801
4704,9,-4099
4705,15,-3413
4706,0,-4953
4707,23,-2635
4708,62,1221
4709,41,-837
4710,4,-4576
4711,39,-1016
4712,82,3264
4713,2,-4755
4714,82,3261
4715,32,-1748
4716,66,1640
4717,12,-3759
4718,78,2825
4719,32,-1766
4720,88,3875
4721,69,1980
4722,13,-3690
4723,16,-3371
4724,82,3241
4725,27,-2293
4726,3,-4619
4727,28,-2137
4728,58,825
4729,88,3804
4730,93,4332
4731,53,340
4732,64,1471
4733,31,-1845
4734,46,-302
4735,90,4052
4736,99,4979
4737,73,2378
4738,32,-1705
4739,74,2442
4740,88,3892
4741,82,3256
4742,69,1942
4743,22,-2773
4744,13,-3662
4745,93,4344
4746,47,-206
4747,47,-299
4748,39,-1008
4749,29,-2020
4750,74,2445
4751,91,4150
4752,97,4750
4753,40,-995
4754,81,3105
4755,30,-1919
4756,83,3331
4757,9,-4036
4758,75,2572
4759,66,1658
4760,51,131
4761,23,-2648
4762,54,453
4763,29,-2032
4764,3,-4667
4765,94,4414
4766,26,-2394
4767,31,-1850
4768,52,243
4769,51,118
4770,88,3853
4771,83,3376
4772,88,3859
4773,40,-965
4774,39,-1074
4775,45,-485
4776,4,-4544
4777,2,-4772
4778,79,2970
4779,26,-2390
4780,18,-3153
4781,26,-2341
4782,3,-4692
4783,33,-1632
4784,87,3723
4785,63,1390
4786,54,497
4787,84,3460
4788,76,2647
4789,33,-1667
4790,20,-2947
4791,97,4700
4792,8,-4148
4793,18,-3144
4794,10,-3976
4795,23,-2686
4796,67,1743
4797,39,-1026
4798,2,-4718
4799,29,-2057
4800,34,-1540
4801,38,-1140
4802,40,-952
4803,7,-4238
4804,13,-3668
4805,34,-1577
4806,94,4437
4807,23,-2642
4808,68,1867
4809,37,-1291
4810,99,4986
4811,19,-3078
4812,30,-1911
4813,2,-4761
4814,76,2637
4815,64,1496
4816,81,3186
4817,18,-3191
4818,58,816
4819,29,-2097
4820,95,4543
4821,14,-3511
4822,29,-2012
4823,28,-2191
4824,64,1443
4825,39,-1043
4826,48,-171
4827,65,1538
4828,72,2204
4829,8,-4176
4830,25,-2491
4831,43,-617
4832,47,-220
4833,42,-796
4834,68,1857
4835,90,4010
4836,85,3527
4837,3,-4666
4838,84,3400
4839,25,-2454
4840,3,-4644
4841,46,-357
4842,65,1582
4843,35,-1406
4844,89,3965
4845,20,-2918
4846,47,-277
4847,70,2064
4848,64,1451
4849,48,-187
4850,74,2421
4851,53,310
4852,69,1951
4853,3,-4641
4854,27,-2271
4855,39,-1033
4856,36,-1334
4857,84,3496
4858,26,-2371
4859,34,-1572
4860,51,191
4861,99,4950
4862,69,1949
4863,52,208
4864,72,2257
4865,38,-1130
4866,34,-1511
4867,19,-3020
4868,78,2882
4869,39,-1038
4870,94,4409
4871,30,-1944
4872,63,1365
4873,46,-348
4874,21,-2895
4875,1,-4855
4876,58,813
4877,26,-2383
4878,51,126
4879,35,-1454
4880,77,2786
4881,28,-2157
4882,38,-1152
4883,10,-3930
4884,94,4423
4885,34,-1510
4886,5,-4443
4887,37,-1265
4888,20,-2967
4889,52,260
4890,22,-2788
4891,61,1146
4892,85,3599
4893,16,-3315
4894,57,738
4895,43,-649
4896,75,2561
4897,82,3218
4898,27,-2252
4899,33,-1621
4900,68,1875
4901,10,-3950
4902,62,1280
4903,45,-489
4904,85,3564
4905,78,2884
4906,75,2505
4907,18,-3114
4908,33,-1620
4909,45,-403
4910,90,4045
4911,39,-1041
4912,70,2077
4913,37,-1269
4914,28,-2117
4915,28,-2175
4916,22,-2753
4917,29,-2067
4918,23,-2695
4919,14,-3559
4920,93,4331
4921,38,-1175
4922,96,4601
4923,47,-289
4924,7,-4292
4925,41,-885
4926,22,-2741
4927,41,-809
4928,89,3953
4929,58,826
4930,56,657
4931,32,-1737
4932,89,3971
4933,36,-1337
4934,56,681
4935,36,-1353
4936,85,3515
4937,45,-426
4938,87,3786
4939,41,-851
4940,92,4299
4941,55,546
4942,8,-4168
4943,40,-973
4944,93,4300
4945,21,-2807
4946,83,3317
4947,25,-2472
4948,95,4577
4949,60,1098
4950,12,-3755
4951,27,-2226
4952,5,-4430
4953,97,4784
4954,57,769
4955,11,-3823
4956,99,4911
4957,29,-2076
4958,51,180
4959,67,1778
4960,65,1578
4961,41,-843
4962,13,-3645
4963,76,2624
4964,1,-4883
4965,38,-1116
4966,57,737
4967,34,-1528
4968,91,4163
4969,42,-721
4970,73,2369
4971,51,108
4972,72,2203
4973,1,-4897
4974,68,1813
4975,47,-261
4976,68,1822
4977,37,-1221
4978,59,992
4979,27,-2258
4980,78,2835
4981,10,-3936
4982,87,3781
4983,36,-1382
4984,85,3562
4985,49,-73
4986,52,241
4987,27,-2241
4988,78,2833
4989,43,-629
4990,35,-1446
4991,34,-1545
4992,67,1704
4993,16,-3356
4994,79,2925
4995,29,-2085
4996,94,4431
4997,15,-3465
4998,79,2953
4999,46,-313
5000,12,-3764
5001,43,-611
5002,36,-1396
5003,71,2194
5004,57,763
5005,51,164
5006,47,-280
5007,21,-2808
5008,91,4139
5009,45,-499
5010,75,2502
5011,40,-912
5012,81,3143
5013,56,654
5014,42,-785
5015,40,-937
5016,64,1459
5017,57,762
5018,61,1141
5019,42,-781
5020,90,4019
5021,44,-505
5022,86,3613
5023,67,1740
5024,85,3586
5025,42,-729
5026,40,-922
5027,24,-2529
5028,91,4109
5029,21,-2864
5030,32,-1790
5031,46,-396
5032,42,-744
5033,47,-243
5034,1,-4836
5035,3,-4671
5036,4,-4546
5037,43,-640
5038,80,3068
5039,46,-391
5040,22,-2736
5041,37,-1289
5042,92,4273
5043,2,-4714
5044,82,3287
5045,30,-1924
5046,58,877
5047,44,-541
5048,90,4029
5049,38,-1117
5050,71,2137
5051,44,-517
5052,58,863
5053,74,2434
5054,26,-2336
5055,54,476
5056,97,4788
5057,67,1736
5058,69,1920
5059,48,-135
5060,4,-4579
5061,44,-518
5062,87,3757
5063,42,-757
5064,97,4738
5065,71,2174
5066,38,-1120
5067,44,-556
5068,47,-233
5069,41,-841
5070,17,-3219
5071,28,-2121
5072,77,2757
5073,30,-1962
5074,25,-2449
5075,48,-141
5076,94,4471
5077,29,-2060
5078,35,-1494
5079,45,-450
5080,7,-4261
5081,40,-985
5082,13,-3616
5083,48,-126
5084,56,617
5085,96,4646
5086,96,4697
5087,38,-1157
5088,61,1121
5089,54,414
5090,53,361
5091,44,-537
5092,92,4294
5093,42,-722
5094,26,-2332
5095,35,-1408
5096,85,3577
5097,41,-832
5098,13,-3683
5099,83,3340
5100,76,2611
5101,20,-2965
5102,62,1289
5103,2,-4724
5104,75,2501
5105,19,-3064
5106,3,-4648
5107,95,4584
5108,96,4659
5109,27,-2273
5110,95,4589
5111,54,488
5112,66,1667
5113,29,-2015
5114,0,-4985
5115,39,-1093
5116,86,3695
5117,3,-4651
5118,35,-1448
5119,49,-14
5120,67,1755
5121,50,16
5122,20,-2955
5123,47,-229
5124,97,4719
5125,36,-1338
5126,53,381
5127,49,-9
5128,28,-2196
5129,36,-1355
5130,77,2758
5131,82,3278
5132,18,-3184
5133,77,2730
5134,85,3516
5135,79,2984
5136,54,483
5137,88,3854
5138,91,4117
5139,76,2618
5140,79,2951
5141,48,-157
5142,32,-1701
5143,50,25
5144,98,4851
5145,35,-1450
5146,48,-182
5147,40,-997
5148,97,4789
5149,26,-2326
5150,14,-3551
5151,78,2824
5152,32,-1765
5153,58,876
5154,8,-4123
5155,92,4264
5156,19,-3024
5157,77,2708
5158,73,2366
5159,43,-603
5160,83,3323
5161,85,3514
5162,91,4126
5163,76,2612
5164,43,-696
5165,46,-377
5166,53,370
5167,36,-1354
5168,44,-516
5169,28,-2182
5170,67,1700
5171,26,-2308
5172,61,1144
5173,96,4676
5174,17,-3223
5175,45,-409
5176,80,3001
5177,91,4192
5178,80,3089
5179,78,2800
5180,86,3663
5181,55,594
5182,89,3937
5183,75,2520
5184,56,649
5185,34,-1584
5186,75,2548
5187,34,-1592
5188,91,4135
5189,45,-417
5190,88,3801
5191,14,-3514
5192,41,-847
5193,41,-875
5194,32,-1747
5195,83,3312
5196,89,3910
5197,56,688
5198,52,229
5199,61,1164
5200,68,1842
5201,63,1314
5202,91,4194
5203,83,3364
5204,63,1383
5205,88,3848
5206,96,4668
5207,32,-1733
5208,74,2468
5209,15,-3476
5210,70,2041
5211,37,-1244
5212,43,-677
5213,55,570
5214,53,385
5215,51,143
5216,66,1610
5217,51,110
5218,18,-3125
5219,49,-37
5220,95,4559
5221,10,-3961
5222,87,3778
5223,27,-2269
5224,50,47
5225,72,2252
5226,97,4790
5227,30,-1942
5228,63,1360
5229,47,-267
5230,15,-3419
5231,93,4392
5232,78,2873
5233,62,1256
5234,5,-4477
5235,42,-775
5236,75,2599
5237,64,1414
5238,58,805
5239,73,2330
5240,56,645
5241,48,-137
5242,55,569
5243,24,-2551
5244,94,4411
5245,4,-4506
5246,91,4197
5247,16,-3306
5248,95,4517
5249,33,-1655
5250,11,-3810
5251,68,1810
5252,70,2051
5253,16,-3390
5254,5,-4401
5255,50,0
5256,35,-1429
5257,6,-4349
5258,79,2944
5259,39,-1099
5260,90,4089
5261,96,4660
5262,30,-1947
5263,88,3834
5264,93,4339
5265,0,-4998
5266,31,-1841
5267,35,-1440
5268,99,4918
5269,42,-789
5270,71,2173
5271,58,866
5272,70,2035
5273,48,-177
5274,60,1050
5275,10,-3986
5276,94,4413
5277,87,3764
5278,32,-1773
5279,32,-1782
5280,17,-3280
5281,50,75
5282,89,3997
5283,5,-4454
5284,96,4680
5285,34,-1580
5286,36,-1386
5287,38,-1125
5288,94,4499
5289,16,-3367
5290,10,-3907
5291,26,-2310
5292,50,13
5293,7,-4286
5294,59,965
5295,43,-613
5296,47,-217
5297,51,149
5298,37,-1212
5299,80,3056
5300,78,2816
5301,56,650
5302,74,2486
5303,16,-3353
5304,14,-3594
5305,86,3692
5306,2,-4725
5307,46,-310
5308,78,2847
5309,15,-3497
5310,63,1345
5311,20,-2926
5312,47,-268
5313,62,1222
5314,52,282
5315,22,-2757
5316,21,-2860
5317,32,-1797
5318,18,-3192
5319,91,4154
5320,48,-167
5321,9,-4087
5322,74,2465
5323,44,-511
5324,40,-906
5325,81,3138
5326,51,193
5327,61,1190
5328,34,-1549
5329,71,2162
5330,70,2053
5331,36,-1305
5332,88,3819
5333,30,-1990
5334,9,-4045
5335,52,239
5336,18,-3178
5337,39,-1046
5338,64,1477
5339,47,-241
5340,30,-1950
5341,51,135
5342,27,-2225
5343,41,-828
5344,58,806
5345,64,1400
5346,1,-4846
5347,19,-3017
5348,50,48
5349,73,2390
5350,70,2042
5351,54,464
5352,14,-3574
5353,11,-3890
5354,99,4993
5355,86,3654
5356,91,4130
5357,53,312
5358,78,2813
5359,49,-25
5360,36,-1341
5361,24,-2597
5362,74,2441
5363,52,254
5364,80,3065
5365,73,2354
5366,74,2469
5367,40,-993
5368,44,-543
5369,42,-742
5370,8,-4184
5371,53,355
5372,99,4962
5373,41,-868
5374,34,-1527
5375,49,-91
5376,9,-4047
5377,13,-3604
5378,24,-2561
5379,47,-269
5380,64,1447
5381,27,-2251
5382,48,-195
5383,29,-2001
5384,10,-3923
5385,20,-2903
5386,2,-4756
5387,20,-2969
5388,54,479
5389,27,-2243
5390,62,1204
5391,38,-1123
5392,89,3969
5393,30,-1941
5394,59,948
5395,83,3382
5396,94,4491
5397,50,90
5398,94,4468
5399,54,440
5400,61,1197
5401,31,-1879
5402,37,-1209
5403,44,-595
5404,22,-2731
5405,49,-7
5406,7,-4275
5407,55,524
5408,99,4969
5409,82,3276
5410,32,-1798
5411,53,307
5412,77,2771
5413,70,2020
5414,76,2657
5415,45,-454
5416,98,4827
5417,39,-1092
5418,80,3092
5419,58,856
5420,96,4607
5421,25,-2440
5422,95,4569
5423,28,-2167
5424,3,-4606
5425,48,-181
5426,20,-2990
5427,23,-2661
5428,9,-4025
5429,1,-4812
5430,42,-704
5431,33,-1676
5432,83,3339
5433,43,-614
5434,59,949
5435,45,-408
5436,2,-4783
5437,13,-3611
5438,4,-4530
5439,65,1516
5440,40,-994
5441,44,-599
5442,48,-189
5443,89,3942
5444,83,3395
5445,22,-2703
5446,57,793
5447,75,2554
5448,69,1974
5449,77,2744
5450,35,-1420
5451,75,2580
5452,95,4575
5453,33,-1606
5454,7,-4202
5455,45,-488
5456,82,3220
5457,20,-2911
5458,23,-2673
5459,3,-4642
5460,86,3612
5461,32,-1717
5462,95,4505
5463,24,-2591
5464,97,4721
5465,29,-2009
5466,89,3921
5467,7,-4224
5468,54,405
5469,25,-2405
5470,83,3381
5471,47,-201
5472,11,-3860
5473,53,383
5474,65,1529
5475,42,-749
5476,89,3975
5477,16,-3330
5478,41,-804
5479,94,4494
5480,56,653
5481,45,-416
5482,49,-45
5483,4,-4582
5484,96,4627
5485,5,-4498
5486,5,-4445
5487,78,2822
5488,83,3309
5489,28,-2195
5490,85,3581
5491,70,2012
5492,64,1467
5493,48,-169
5494,39,-1019
5495,49,-81
5496,49,-75
5497,48,-151
5498,85,3537
5499,3,-4628
5500,94,4458
5501,73,2304
5502,5,-4440
5503,48,-105
5504,90,4059
5505,43,-698
5506,30,-1975
5507,6,-4317
5508,88,3861
5509,54,473
5510,93,4380
5511,5,-4418
5512,74,2413
5513,11,-3858
5514,3,-4618
5515,62,1272
5516,98,4885
5517,63,1316
5518,46,-312
5519,19,-3072
5520,63,1317
5521,15,-3460
5522,94,4477
5523,50,61
5524,71,2103
5525,87,3756
5526,17,-3229
5527,35,-1417
5528,90,4011
5529,4,-4526
5530,96,4693
5531,94,4404
5532,55,591
5533,25,-2451
5534,96,4624
5535,54,495
5536,28,-2184
5537,44,-586
5538,60,1037
5539,8,-4200
5540,82,3259
5541,49,-51
5542,29,-2036
5543,6,-4302
5544,58,840
5545,40,-978
5546,29,-2017
5547,37,-1210
5548,67,1766
5549,94,4498
5550,5,-4402
5551,51,177
5552,97,4720
5553,13,-3655
5554,99,4901
5555,52,275
5556,92,4291
5557,14,-3545
5558,11,-3869
5559,38,-1198
5560,59,907
5561,5,-4466
5562,77,2712
5563,50,49
5564,89,3923
5565,17,-3262
5566,22,-2754
5567,84,3404
5568,18,-3148
5569,47,-297
5570,60,1069
5571,49,-97
5572,59,999
5573,43,-691
5574,72,2265
5575,33,-1605
5576,9,-4006
5577,47,-211
5578,42,-707
5579,63,1322
5580,12,-3776
5581,51,192
5582,52,296
5583,64,1458
5584,8,-4135
5585,7,-4264
5586,74,2472
5587,46,-323
5588,97,4727
5589,91,4188
5590,66,1636
5591,39,-1096
5592,75,2523
5593,33,-1695
5594,93,4317
5595,47,-236
5596,78,2879
5597,23,-2671
5598,42,-701
5599,92,4224
5600,86,3667
5601,22,-2719
5602,13,-3626
5603,36,-1374
5604,96,4647
5605,28,-2110
5606,57,758
5607,85,3530
5608,31,-1837
5609,47,-282
5610,62,1240
5611,76,2664
5612,81,3156
5613,17,-3243
5614,56,666
5615,78,2846
5616,80,3054
5617,30,-1963
5618,78,2808
5619,35,-1466
5620,71,2135
5621,20,-2944
5622,66,1645
5623,46,-385
5624,10,-3959
5625,48,-107
5626,38,-1196
5627,30,-1968
5628,90,4015
5629,9,-4010
5630,96,4653
5631,51,119
5632,81,3163
5633,55,567
5634,53,360
5635,34,-1513
5636,37,-1254
5637,4,-4598
5638,31,-1899
5639,55,595
5640,84,3464
5641,36,-1315
5642,5,-4492
5643,74,2424
5644,91,4173
5645,48,-198
5646,59,957
5647,35,-1476
5648,5,-4427
5649,12,-3756
5650,21,-2830
5651,53,311
5652,98,4815
5653,53,346
5654,53,364
5655,45,-419
5656,82,3244
5657,54,457
5658,81,3120
5659,48,-161
5660,35,-1444
5661,47,-283
5662,16,-3305
5663,50,31
5664,86,3600
5665,90,4046
5666,30,-1995
5667,36,-1357
5668,1,-4815
5669,48,-148
5670,40,-915
5671,86,3642
5672,91,4187
5673,89,3912
5674,41,-807
5675,52,248
5676,71,2133
5677,41,-900
5678,71,2117
5679,83,3330
5680,75,2582
5681,10,-3934
5682,13,-3659
5683,48,-154
5684,77,2742
5685,64,1426
5686,82,3297
5687,52,207
5688,19,-3001
5689,34,-1539
5690,34,-1508
5691,53,367
5692,74,2479
5693,61,1102
5694,0,-4918
5695,44,-513
5696,51,162
5697,19,-3033
5698,62,1257
5699,15,-3462
5700,77,2715
5701,29,-2023
5702,82,3208
5703,85,3590
5704,77,2777
5705,79,2980
5706,31,-1827
5707,43,-694
5708,39,-1048
5709,63,1326
5710,31,-1897
5711,46,-309
5712,87,3728
5713,53,320
5714,95,4597
5715,63,1304
5716,77,2791
5717,55,596
5718,63,1313
5719,10,-3927
5720,8,-4142
5721,34,-1519
5722,12,-3800
5723,84,3416
5724,25,-2496
5725,69,1986
5726,54,438
5727,33,-1623
5728,69,1934
5729,87,3770
5730,62,1208
5731,94,4440
5732,4,-4577
5733,53,377
5734,29,-2078
5735,85,3500
5736,99,4977
5737,48,-149
5738,21,-2872
5739,42,-727
5740,26,-2319
5741,43,-690
5742,7,-4203
5743,56,607
5744,95,4561
5745,49,-67
5746,55,522
5747,46,-366
5748,86,3651
5749,99,4936
5750,46,-355
5751,44,-536
5752,97,4754
5753,51,185
5754,94,4434
5755,10,-3916
5756,80,3052
5757,57,751
5758,95,4592
5759,33,-1657
5760,51,150
5761,62,1214
5762,22,-2782
5763,53,373
5764,91,4169
5765,76,2690
5766,2,-4731
5767,41,-811
5768,8,-4121
5769,83,3306
5770,82,3249
5771,81,3126
5772,95,4545
5773,17,-3205
5774,0,-4905
5775,42,-761
5776,80,3004
5777,37,-1259
5778,5,-4467
5779,88,3840
5780,92,4231
5781,20,-2915
5782,44,-560
5783,69,1950
5784,71,2131
5785,17,-3249
5786,42,-773
5787,10,-3988
5788,80,3019
5789,46,-306
5790,33,-1685
5791,57,759
5792,50,95
5793,80,3020
5794,75,2574
5795,19,-3005
5796,74,2489
5797,54,442
5798,75,2564
5799,21,-2881
5800,13,-3689
5801,67,1718
5802,92,4218
5803,73,2380
5804,21,-2821
5805,22,-2733
5806,14,-3582
5807,9,-4049
5808,41,-834
5809,18,-3193
5810,24,-2594
5811,56,661
5812,53,338
5813,54,419
5814,69,1917
5815,49,-61
5816,83,3310
5817,69,1944
5818,5,-4435
5819,63,1342
5820,88,3807
5821,57,761
5822,28,-2174
5823,51,115
5824,60,1027
5825,68,1888
5826,21,-2898
5827,28,-2187
5828,47,-293
5829,66,1648
5830,75,2577
5831,61,1148
5832,63,1395
5833,93,4390
5834,25,-2419
5835,52,221
5836,62,1249
5837,7,-4276
5838,24,-2565
5839,42,-745
5840,90,4070
5841,12,-3747
5842,42,-799
5843,31,-1808
5844,91,4151
5845,30,-1949
5846,50,70
5847,46,-301
5848,10,-3906
5849,7,-4293
5850,72,2289
5851,48,-104
5852,8,-4165
5853,21,-2876
5854,39,-1002
5855,58,819
5856,58,891
5857,35,-1470
5858,43,-631
5859,49,-39
5860,15,-3429
5861,38,-1148
5862,76,2658
5863,39,-1039
5864,54,484
5865,23,-2629
5866,6,-4354
5867,18,-3109
5868,90,4097
5869,53,395
5870,7,-4217
5871,5,-4480
5872,82,3272
5873,84,3422
5874,19,-3040
5875,28,-2189
5876,97,4708
5877,64,1484
5878,24,-2583
5879,35,-1473
5880,17,-3287
5881,23,-2660
5882,33,-1681
5883,31,-1814
5884,95,4571
5885,21,-2823
5886,91,4177
5887,57,729
5888,91,4140
5889,41,-825
5890,49,-95
5891,78,2806
5892,0,-4936
5893,65,1536
5894,92,4258
5895,41,-816
5896,99,4938
5897,57,789
5898,53,318
5899,22,-2722
5900,62,1215
5901,54,491
5902,48,-170
5903,51,189
5904,20,-2963
5905,26,-2321
5906,64,1405
5907,46,-330
5908,77,2767
5909,34,-1531
5910,2,-4771
5911,51,175
5912,85,3561
5913,28,-2106
5914,95,4509
5915,44,-546
5916,87,3733
5917,17,-3281
5918,34,-1516
5919,92,4206
5920,61,1171
5921,25,-2494
5922,80,3096
5923,41,-859
5924,65,1535
5925,32,-1731
5926,83,3338
5927,32,-1722
5928,58,839
5929,57,704
5930,80,3006
5931,17,-3248
5932,72,2209
5933,59,984
5934,91,4157
5935,49,-49
5936,66,1691
5937,33,-1672
5938,13,-3642
5939,23,-2677
5940,12,-3754
5941,23,-2606
5942,15,-3447
5943,57,735
5944,35,-1489
5945,16,-3391
5946,64,1450
5947,8,-4198
5948,20,-2975
5949,55,528
5950,63,1333
5951,70,2096
5952,94,4464
5953,45,-495
5954,15,-3453
5955,54,433
5956,65,1583
5957,0,-4921
5958,24,-2596
5959,55,564
5960,49,-80
5961,13,-3664
5962,90,4005
5963,8,-4145
5964,75,2527
5965,14,-3536
5966,58,821
5967,93,4334
5968,61,1115
5969,24,-2508
5970,7,-4240
5971,57,796
5972,12,-3730
5973,89,3902
5974,97,4713
5975,11,-3865
5976,46,-390
5977,28,-2124
5978,77,2724
5979,20,-2972
5980,23,-2628
5981,37,-1251
5982,17,-3277
5983,50,69
5984,60,1019
5985,38,-1185
5986,23,-2684
5987,72,2276
5988,17,-3228
5989,32,-1770
5990,70,2017
5991,36,-1304
5992,78,2857
5993,28,-2142
5994,47,-290
5995,52,281
5996,87,3795
5997,50,81
5998,48,-112
5999,43,-620
6000,77,2722
6001,53,388
6002,69,1946
6003,48,-101
6004,45,-493
6005,26,-2374
6006,87,3789
6007,62,1262
6008,55,599
6009,23,-2609
6010,86,3645
6011,34,-1529
6012,71,2115
6013,42,-741
6014,20,-2943
6015,54,493
6016,48,-196
6017,60,1062
6018,56,612
6019,2,-4788
6020,33,-1641
6021,14,-3598
6022,51,105
6023,61,1124
6024,11,-3842
6025,54,482
6026,35,-1436
6027,84,3488
6028,85,3508
6029,56,655
6030,5,-4411
6031,49,-65
6032,21,-2838
6033,50,27
6034,98,4850
6035,48,-142
6036,27,-2240
6037,21,-2880
6038,65,1598
6039,59,931
6040,6,-4365
6041,15,-3482
6042,83,3321
6043,42,-765
6044,80,3059
6045,46,-336
6046,21,-2803
6047,15,-3459
6048,63,1353
6049,40,-964
6050,85,3585
6051,59,985
6052,16,-3321
6053,2,-4757
6054,31,-1818
6055,85,3526
6056,14,-3512
6057,69,1932
6058,93,4357
6059,60,1008
6060,92,4242
6061,68,1864
6062,3,-4654
6063,43,-602
6064,20,-2979
6065,30,-1929
6066,5,-4448
6067,55,503
6068,80,3099
6069,48,-152
6070,18,-3113
6071,74,2466
6072,54,475
6073,26,-2389
6074,92,4244
6075,62,1226
6076,90,4095
6077,53,304
6078,66,1665
6079,50,21
6080,96,4699
6081,34,-1537
6082,68,1820
6083,74,2464
6084,17,-3299
6085,59,981
6086,66,1632
6087,55,542
6088,75,2536
6089,81,3192
6090,75,2517
6091,8,-4101
6092,25,-2470
6093,56,619
6094,67,1785
6095,55,582
6096,94,4480
6097,3,-4660
6098,88,3842
6099,40,-971
6100,89,3984
6101,32,-1793
6102,39,-1089
6103,74,2498
6104,3,-4623
6105,35,-1425
6106,99,4985
6107,43,-687
6108,3,-4662
6109,23,-2697
6110,99,4934
6111,37,-1257
6112,4,-4561
6113,39,-1067
6114,85,3568
6115,14,-3529
6116,76,2663
6117,44,-555
6118,31,-1834
6119,0,-4969
6120,89,3970
6121,47,-252
6122,19,-3014
6123,52,215
6124,77,2776
6125,30,-1906
6126,64,1442
6127,56,693
6128,70,2068
6129,48,-111
6130,12,-3795
6131,29,-2069
6132,84,3481
6133,4,-4535
6134,90,4036
6135,72,2274
6136,82,3211
6137,38,-1168
6138,86,3633
6139,45,-445
6140,69,1979
6141,58,842
6142,81,3180
6143,55,527
6144,59,939
6145,7,-4214
6146,56,664
6147,57,799
6148,66,1663
6149,66,1600
6150,28,-2119
6151,61,1180
6152,0,-4984
6153,65,1512
6154,84,3454
6155,40,-969
6156,6,-4326
6157,23,-2610
6158,44,-531
6159,60,1096
6160,68,1851
6161,45,-476
6162,89,3925
6163,37,-1260
6164,65,1575
6165,52,287
6166,44,-585
6167,32,-1742
6168,81,3161
6169,58,893
6170,62,1278
6171,40,-927
6172,49,-55
6173,59,932
6174,15,-3463
6175,50,63
6176,65,1539
6177,71,2106
6178,20,-2964
6179,67,1770
6180,93,4327
6181,55,523
6182,24,-2533
6183,59,995
6184,97,4771
6185,12,-3711
6186,71,2105
6187,45,-490
6188,26,-2343
6189,90,4024
6190,31,-1889
6191,57,723
6192,12,-3743
6193,45,-438
6194,46,-369
6195,20,-2997
6196,86,3618
6197,25,-2410
6198,55,575
6199,35,-1478
6200,99,4947
6201,21,-2826
6202,91,4156
6203,67,1750
6204,86,3603
6205,19,-3079
6206,7,-4208
6207,60,1091
6208,85,3507
6209,51,161
6210,78,2893
6211,11,-3821
6212,98,4835
6213,25,-2415
6214,46,-395
6215,60,1087
6216,6,-4339
6217,79,2966
6218,64,1489
6219,55,551
6220,98,4883
6221,37,-1242
6222,28,-2140
6223,83,3334
6224,19,-3026
6225,52,217
6226,74,2417
6227,33,-1618
6228,75,2551
6229,6,-4377
6230,26,-2356
6231,49,-93
6232,78,2834
6233,34,-1530
6234,77,2788
6235,38,-1194
6236,7,-4270
6237,50,79
6238,59,966
6239,60,1047
6240,1,-4845
6241,74,2438
6242,53,339
6243,60,1023
6244,27,-2261
6245,48,-118
6246,15,-3410
6247,29,-2005
6248,82,3252
6249,40,-956
6250,48,-160
6251,36,-1313
6252,95,4500
6253,87,3772
6254,49,-92
6255,39,-1009
6256,54,466
6257,62,1242
6258,29,-2063
6259,35,-1439
6260,68,1809
6261,11,-3846
6262,63,1338
6263,55,531
6264,44,-535
6265,36,-1379
6266,48,-178
6267,40,-949
6268,34,-1523
6269,56,628
6270,33,-1630
6271,61,1143
6272,31,-1838
6273,54,451
6274,32,-1724
6275,57,783
6276,33,-1700
6277,2,-4711
6278,43,-679
6279,59,903
6280,36,-1320
6281,38,-1113
6282,10,-3957
6283,2,-4792
6284,87,3739
6285,53,322
6286,43,-635
6287,84,3480
6288,97,4707
6289,31,-1813
6290,9,-4056
6291,51,171
6292,94,4417
6293,20,-3000
6294,82,3274
6295,46,-361
6296,82,3275
6297,53,350
6298,5,-4499
6299,56,651
6300,59,983
6301,39,-1063
6302,87,3773
6303,20,-2913
6304,86,3636
6305,39,-1029
6306,74,2493
6307,63,1300
6308,98,4807
6309,52,291
6310,40,-901
6311,60,1033
6312,74,2467
6313,29,-2058
6314,80,3009
6315,29,-2021
6316,25,-2408
6317,54,403
6318,7,-4210
6319,43,-665
6320,99,4914
6321,38,-1142
6322,56,636
6323,46,-349
6324,90,4066
6325,5,-4486
6326,29,-2092
6327,57,743
6328,96,4617
6329,73,2392
6330,27,-2291
6331,74,2488
6332,92,4207
6333,36,-1384
6334,26,-2323
6335,53,359
6336,95,4542
6337,42,-719
6338,62,1212
6339,23,-2633
6340,97,4783
6341,34,-1587
6342,98,4866
6343,49,-31
6344,76,2604
6345,43,-646
6346,77,2754
6347,55,533
6348,90,4027
6349,73,2362
6350,48,-166
6351,13,-3665
6352,78,2891
6353,0,-4909
6354,7,-4297
6355,45,-410
6356,28,-2120
6357,98,4810
6358,30,-1980
6359,44,-573
6360,2,-4712
6361,51,124
6362,16,-3393
6363,62,1239
6364,84,3439
6365,3,-4658
6366,13,-3691
6367,85,3548
6368,91,4171
6369,32,-1707
6370,80,3025
6371,43,-689
6372,18,-3141
6373,35,-1459
6374,51,147
6375,67,1754
6376,77,2717
6377,30,-1965
6378,37,-1250
6379,86,3606
6380,83,3370
6381,61,1183
6382,34,-1509
6383,98,4842
6384,56,695
6385,47,-207
6386,6,-4342
6387,49,-30
6388,40,-948
6389,86,3626
6390,69,1969
6391,60,1063
6392,13,-3602
6393,57,744
6394,72,2293
6395,44,-528
6396,96,4622
6397,39,-1079
6398,76,2629
6399,53,375
6400,50,59
6401,63,1310
6402,58,897
6403,98,4880
6404,67,1759
6405,10,-3985
6406,27,-2287
6407,48,-153
6408,21,-2862
6409,63,1339
6410,79,2928
6411,33,-1631
6412,75,2550
6413,53,386
6414,53,342
6415,60,1075
6416,3,-4673
6417,47,-249
6418,77,2740
6419,18,-3106
6420,99,4964
6421,55,548
6422,63,1361
6423,23,-2667
6424,38,-1174
6425,45,-465
6426,31,-1870
6427,89,3988
6428,84,3462
6429,76,2670
6430,50,30
6431,66,1642
6432,53,321
6433,3,-4687
6434,6,-4310
6435,82,3262
6436,95,4521
6437,6,-4376
6438,24,-2575
6439,70,2088
6440,84,3408
6441,16,-3397
6442,13,-3618
6443,82,3250
6444,98,4879
6445,58,820
6446,92,4202
6447,73,2306
6448,37,-1228
6449,27,-2212
6450,74,2422
6451,38,-1138
6452,70,2023
6453,23,-2679
6454,21,-2809
6455,37,-1213
6456,99,4915
6457,63,1397
6458,20,-2959
6459,53,389
6460,13,-3620
6461,45,-468
6462,8,-4160
6463,66,1680
6464,50,8
6465,61,1170
6466,96,4650
6467,25,-2498
6468,80,3011
6469,53,353
6470,99,4905
6471,66,1612
6472,45,-439
6473,30,-1901
6474,66,1681
6475,95,4524
6476,68,1826
6477,31,-1812
6478,9,-4088
6479,57,713
6480,22,-2717
6481,27,-2254
6482,88,3841
6483,6,-4309
6484,17,-3270
6485,3,-4694
6486,64,1432
6487,25,-2433
6488,78,2817
6489,81,3142
6490,7,-4268
6491,58,859
6492,46,-380
6493,58,868
6494,21,-2850
6495,40,-986
6496,69,1909
6497,85,3574
6498,3,-4615
6499,53,305
6500,55,506
6501,33,-1666
6502,28,-2126
6503,3,-4617
6504,76,2619
6505,55,566
6506,91,4172
6507,99,4906
6508,75,2531
6509,81,3108
6510,22,-2720
6511,75,2530
6512,68,1828
6513,67,1748
6514,1,-4848
6515,75,2538
6516,89,3917
6517,82,3216
6518,26,-2314
6519,21,-2811
6520,94,4406
6521,37,-1208
6522,10,-3917
6523,97,4748
6524,94,4463
6525,62,1244
6526,69,1901
6527,7,-4262
6528,68,1856
6529,58,852
6530,35,-1479
6531,15,-3491
6532,10,-4000
6533,1,-4875
6534,86,3609
6535,25,-2445
6536,51,165
6537,30,-1928
6538,41,-815
6539,55,589
6540,98,4805
6541,75,2592
6542,13,-3638
6543,25,-2488
6544,74,2475
6545,50,51
6546,35,-1477
6547,22,-2732
6548,66,1619
6549,20,-2977
6550,96,4625
6551,45,-448
6552,58,878
6553,55,535
6554,21,-2859
6555,44,-577
6556,73,2325
6557,11,-3839
6558,1,-4861
6559,38,-1145
6560,79,2949
6561,12,-3760
6562,96,4670
6563,25,-2493
6564,67,1760
6565,18,-3166
6566,43,-662
6567,47,-285
6568,56,614
6569,57,771
6570,84,3466
6571,89,3996
6572,82,3299
6573,64,1472
6574,60,1022
6575,31,-1829
6576,98,4819
6577,66,1696
6578,58,899
6579,76,2694
6580,95,4510
6581,5,-4434
6582,27,-2270
6583,45,-435
6584,90,4037
6585,65,1518
6586,67,1728
6587,26,-2354
6588,64,1461
6589,64,1483
6590,88,3870
6591,61,1155
6592,2,-4708
6593,37,-1295
6594,48,-145
6595,85,3554
6596,88,3871
6597,31,-1900
6598,86,3688
6599,62,1283
6600,61,1154
6601,32,-1726
6602,8,-4111
6603,2,-4723
6604,36,-1365
6605,1,-4890
6606,30,-1932
6607,97,4710
6608,51,103
6609,42,-783
6610,51,196
6611,51,199
6612,99,4992
6613,21,-2827
6614,42,-726
6615,68,1816
6616,91,4123
6617,82,3284
6618,2,-4785
6619,53,379
6620,85,3595
6621,58,812
6622,90,4028
6623,29,-2065
6624,83,3369
6625,27,-2246
6626,78,2877
6627,20,-2924
6628,89,3907
6629,1,-4869
6630,39,-1044
6631,76,2602
6632,84,3403
6633,63,1385
6634,81,3141
6635,29,-2100
6636,85,3571
6637,18,-3111
6638,2,-4759
6639,39,-1037
6640,5,-4460
6641,41,-821
6642,15,-3415
6643,33,-1615
6644,18,-3173
6645,83,3380
6646,9,-4042
6647,49,-33
6648,69,1939
6649,36,-1392
6650,59,906
6651,43,-610
6652,31,-1855
6653,50,42
6654,48,-102
6655,74,2448
6656,31,-1883
6657,36,-1367
6658,40,-977
6659,66,1628
6660,84,3446
6661,85,3512
6662,65,1510
6663,52,247
6664,65,1588
6665,43,-651
6666,76,2662
6667,16,-3363
6668,71,2111
6669,95,4564
6670,2,-4767
6671,82,3236
6672,55,508
6673,78,2890
6674,25,-2466
6675,25,-2435
6676,20,-2908
6677,52,295
6678,12,-3783
6679,63,1367
6680,82,3291
6681,82,3246
6682,21,-2885
6683,88,3888
6684,26,-2382
6685,31,-1877
6686,98,4832
6687,59,919
6688,15,-3403
6689,24,-2587
6690,14,-3544
6691,75,2514
6692,48,-129
6693,66,1683
6694,10,-3919
6695,98,4826
6696,59,959
6697,76,2696
6698,78,2861
6699,61,1191
6700,81,3135
6701,42,-790
6702,89,3993
6703,58,847
6704,97,4761
6705,0,-4912
6706,71,2180
6707,49,-35
6708,14,-3587
6709,93,4316
6710,21,-2831
6711,18,-3160
6712,84,3499
6713,35,-1424
6714,66,1654
6715,26,-2375
6716,47,-275
6717,47,-286
6718,94,4484
6719,82,3228
6720,88,3889
6721,47,-253
6722,60,1049
6723,11,-3811
6724,19,-3086
6725,28,-2129
6726,50,86
6727,58,867
6728,15,-3427
6729,69,1914
6730,78,2849
6731,45,-413
6732,48,-115
6733,73,2382
6734,26,-2380
6735,56,663
6736,9,-4013
6737,18,-3177
6738,17,-3206
6739,46,-386
6740,99,4973
6741,97,4702
6742,35,-1492
6743,80,3050
6744,79,2981
6745,53,323
6746,28,-2170
6747,48,-125
6748,97,4773
6749,18,-3137
6750,42,-746
6751,55,571
6752,19,-3042
6753,48,-139
6754,91,4142
6755,39,-1097
6756,92,4253
6757,12,-3782
6758,70,2069
6759,15,-3455
6760,19,-3015
6761,12,-3706
6762,30,-1957
6763,66,1643
6764,75,2513
6765,82,3248
6766,15,-3456
6767,57,703
6768,68,1805
6769,7,-4291
6770,40,-970
6771,62,1211
6772,87,3712
6773,93,4312
6774,82,3253
6775,65,1511
6776,97,4747
6777,21,-2839
6778,43,-626
6779,55,561
6780,86,3631
6781,71,2116
6782,36,-1380
6783,60,1067
6784,57,707
6785,98,4816
6786,2,-4758
6787,69,1916
6788,79,2941
6789,70,2084
6790,51,136
6791,74,2408
6792,43,-666
6793,0,-4975
6794,78,2841
6795,25,-2460
6796,86,3682
6797,13,-3700
6798,63,1328
6799,12,-3707
6800,16,-3302
6801,18,-3135
6802,63,1344
6803,58,823
6804,89,3979
6805,18,-3149
6806,78,2856
6807,36,-1343
6808,77,2765
6809,5,-4433
6810,80,3046
6811,39,-1025
6812,53,315
6813,18,-3147
6814,49,-70
6815,54,471
6816,81,3115
6817,79,2950
6818,23,-2696
6819,58,890
6820,90,4035
6821,39,-1050
6822,3,-4679
6823,43,-655
6824,89,3913
6825,41,-866
6826,65,1531
6827,50,91
6828,94,4419
6829,90,4092
6830,27,-2215
6831,97,4722
6832,62,1206
6833,53,397
6834,72,2230
6835,33,-1626
6836,80,3095
6837,47,-247
6838,79,2962
6839,77,2772
6840,4,-4596
6841,37,-1277
6842,7,-4248
6843,76,2606
6844,72,2207
6845,80,3008
6846,95,4573
6847,29,-2024
6848,51,195
6849,60,1093
6850,80,3049
6851,2,-4719
6852,85,3501
6853,22,-2758
6854,8,-4177
6855,98,4814
6856,14,-3513
6857,67,1753
6858,50,73
6859,43,-653
6860,70,2034
6861,38,-1111
6862,71,2190
6863,55,588
6864,87,3707
6865,90,4060
6866,51,157
6867,48,-123
6868,84,3483
6869,16,-3399
6870,15,-3448
6871,43,-682
6872,1,-4844
6873,36,-1376
6874,44,-550
6875,65,1563
6876,36,-1349
6877,48,-192
6878,8,-4122
6879,61,1117
6880,46,-379
6881,79,2916
6882,58,836
6883,61,1187
6884,21,-2900
6885,30,-1964
6886,59,936
6887,67,1751
6888,69,1931
6889,27,-2275
6890,0,-4916
6891,0,-4987
6892,37,-1284
6893,26,-2303
6894,27,-2223
6895,50,35
6896,27,-2282
6897,32,-1763
6898,94,4478
6899,49,-29
6900,33,-1660
6901,33,-1680
6902,78,2881
6903,49,-3
6904,17,-3239
6905,8,-4157
6906,27,-2231
6907,12,-3709
6908,79,2911
6909,40,-950
6910,30,-1994
6911,57,791
6912,15,-3440
6913,62,1225
6914,22,-2716
6915,24,-2517
6916,44,-533
6917,13,-3688
6918,66,1630
6919,71,2150
6920,81,3169
6921,18,-3172
6922,0,-4988
6923,68,1894
6924,88,3827
6925,15,-3490
6926,50,41
6927,89,3960
6928,47,-260
6929,19,-3098
6930,50,20
6931,48,-173
6932,97,4775
6933,14,-3543
6934,15,-3425
6935,55,557
6936,78,2843
6937,56,637
6938,88,3846
6939,51,155
6940,12,-3720
6941,30,-1905
6942,69,1929
6943,60,1079
6944,80,3022
6945,27,-2237
6946,60,1001
6947,44,-569
6948,98,4844
6949,4,-4591
6950,71,2165
6951,44,-567
6952,60,1042
6953,56,611
6954,0,-4952
6955,29,-2045
6956,44,-529
6957,66,1675
6958,33,-1616
6959,46,-315
6960,16,-3314
6961,42,-739
6962,5,-4481
6963,67,1795
6964,88,3838
6965,31,-1802
6966,58,849
6967,34,-1599
6968,79,2995
6969,45,-487
6970,87,3782
6971,26,-2385
6972,97,4726
6973,55,549
6974,40,-991
6975,86,3634
6976,22,-2725
6977,34,-1581
6978,16,-3375
6979,2,-4710
6980,32,-1749
6981,37,-1283
6982,86,3644
6983,47,-240
6984,71,2163
6985,6,-4338
6986,26,-2322
6987,17,-3245
6988,93,4393
6989,48,-199
6990,4,-4552
6991,38,-1172
6992,79,2946
6993,29,-2053
6994,39,-1090
6995,25,-2486
6996,91,4168
6997,11,-3819
6998,73,2337
6999,63,1384
7000,45,-492
7001,57,752
7002,31,-1878
7003,79,2932
7004,77,2747
7005,64,1449
7006,69,1989
7007,49,-18
7008,67,1771
7009,15,-3474
7010,99,4974
7011,24,-2514
7012,79,2987
7013,40,-963
7014,46,-331
7015,26,-2339
7016,96,4635
7017,45,-457
7018,88,3878
7019,42,-709
7020,80,3087
7021,84,3486
7022,38,-1188
7023,10,-3941
7024,78,2892
7025,71,2166
7026,71,2138
7027,35,-1486
7028,80,3061
7029,54,449
7030,84,3473
7031,7,-4201
7032,15,-3471
7033,47,-270
7034,71,2132
7035,21,-2824
7036,77,2799
7037,22,-2751
7038,52,242
7039,60,1065
7040,41,-817
7041,50,96
7042,58,829
7043,50,84
7044,99,4903
7045,73,2338
7046,31,-1836
7047,65,1594
7048,77,2769
7049,39,-1083
7050,67,1715
7051,67,1799
7052,7,-4265
7053,9,-4051
7054,94,4400
7055,30,-1913
7056,76,2621
7057,59,982
7058,85,3569
7059,83,3366
7060,72,2299
7061,6,-4368
7062,22,-2792
7063,45,-473
7064,43,-697
7065,81,3162
7066,85,3517
7067,82,3214
7068,9,-4009
7069,10,-3979
7070,60,1068
7071,45,-481
7072,53,363
7073,17,-3233
7074,62,1285
7075,46,-354
7076,71,2151
7077,28,-2125
7078,76,2678
7079,60,1013
7080,2,-4703
7081,90,4026
7082,93,4346
7083,95,4594
7084,22,-2742
7085,11,-3803
7086,95,4506
7087,90,4038
7088,72,2259
7089,9,-4032
7090,87,3724
7091,68,1869
7092,11,-3883
7093,58,817
7094,59,969
7095,76,2650
7096,79,2955
7097,64,1476
7098,85,3550
7099,84,3470
7100,25,-2406
7101,9,-4083
7102,5,-4442
7103,26,-2369
7104,29,-2042
7105,12,-3702
7106,74,2433
7107,75,2534
7108,99,4927
7109,50,62
7110,13,-3680
7111,7,-4233
7112,45,-466
7113,34,-1596
7114,5,-4414
7115,85,3596
7116,84,3469
7117,81,3188
7118,47,-250
7119,56,673
7120,58,865
7121,42,-712
7122,10,-3956
7123,86,3630
7124,97,4759
7125,69,1921
7126,49,-27
7127,74,2452
7128,5,-4473
7129,28,-2139
7130,82,3201
7131,59,963
7132,57,750
7133,8,-4156
7134,5,-4437
7135,61,1199
7136,94,4488
7137,28,-2133
7138,54,461
7139,65,1547
7140,94,4473
7141,59,902
7142,73,2349
7143,70,2040
7144,3,-4620
7145,60,1029
7146,77,2793
7147,17,-3240
7148,44,-538
7149,80,3076
7150,49,-59
7151,14,-3504
7152,93,4313
7153,11,-3863
7154,67,1702
7155,56,687
7156,7,-4260
7157,34,-1582
7158,66,1644
7159,19,-3032
7160,81,3173
7161,58,811
7162,67,1712
7163,20,-2954
7164,0,-4956
7165,55,534
7166,28,-2181
7167,70,2039
7168,14,-3575
7169,30,-1951
7170,18,-3128
7171,91,4148
7172,93,4356
7173,99,4980
7174,21,-2806
7175,47,-224
7176,16,-3383
7177,32,-1778
7178,10,-3926
7179,84,3472
7180,14,-3583
7181,65,1569
7182,90,4050
7183,50,7
7184,58,872
7185,5,-4487
7186,72,2285
7187,70,2031
7188,38,-1176
7189,62,1275
7190,98,4861
7191,42,-767
7192,54,460
7193,87,3726
7194,13,-3699
7195,62,1217
7196,62,1250
7197,70,2065
7198,11,-3873
7199,83,3336
7200,81,3109
7201,64,1452
7202,3,-4690
7203,64,1423
7204,69,1935
7205,63,1375
7206,81,3185
7207,33,-1694
7208,21,-2873
7209,49,-60
7210,29,-2003
7211,66,1655
7212,83,3327
7213,27,-2255
7214,61,1125
7215,41,-806
7216,97,4731
7217,33,-1634
7218,51,197
7219,0,-4911
7220,80,3027
7221,8,-4137
7222,92,4288
7223,38,-1160
7224,87,3705
7225,88,3868
7226,81,3164
7227,58,887
7228,17,-3276
7229,89,3928
7230,96,4621
7231,48,-121
7232,93,4371
7233,76,2676
7234,38,-1110
7235,61,1126
7236,29,-2041
7237,20,-2988
7238,0,-4945
7239,68,1821
7240,94,4408
7241,78,2896
7242,32,-1755
7243,10,-3932
7244,14,-3599
7245,73,2372
7246,83,3393
7247,67,1767
7248,30,-1993
7249,97,4706
7250,59,927
7251,62,1247
7252,83,3311
7253,72,2256
7254,30,-1974
7255,45,-460
7256,16,-3382
7257,57,715
7258,73,2398
7259,42,-766
7260,91,4193
7261,50,72
7262,7,-4221
7263,61,1175
7264,99,4995
7265,14,-3521
7266,21,-2883
7267,62,1231
7268,77,2785
7269,60,1009
7270,40,-946
7271,71,2155
7272,90,4077
7273,51,122
7274,46,-383
7275,93,4398
7276,86,3691
7277,41,-827
7278,10,-3958
7279,57,756
7280,95,4576
7281,13,-3643
7282,89,3949
7283,63,1357
7284,82,3263
7285,47,-298
7286,68,1880
7287,70,2060
7288,59,961
7289,25,-2495
7290,95,4534
7291,60,1006
7292,85,3547
7293,86,3696
7294,94,4429
7295,80,3036
7296,29,-2068
7297,36,-1307
7298,54,468
7299,10,-3953
7300,82,3222
7301,23,-2691
7302,41,-831
7303,94,4422
7304,12,-3797
7305,72,2261
7306,5,-4429
7307,41,-860
7308,61,1152
7309,78,2804
7310,52,231
7311,45,-474
7312,84,3491
7313,17,-3220
7314,38,-1134
7315,66,1601
7316,98,4893
7317,25,-2487
7318,78,2814
7319,81,3140
7320,78,2872
7321,52,252
7322,5,-4404
7323,63,1393
7324,80,3091
7325,27,-2207
7326,87,3792
7327,68,1871
7328,7,-4215
7329,62,1288
7330,42,-731
7331,15,-3446
7332,1,-4889
7333,65,1556
7334,54,427
7335,38,-1101
7336,95,4588
7337,57,733
7338,53,337
7339,63,1388
7340,2,-4748
7341,46,-328
7342,54,444
7343,93,4324
7344,19,-3029
7345,28,-2161
7346,33,-1692
7347,60,1094
7348,91,4160
7349,1,-4871
7350,40,-924
7351,60,1007
7352,86,3619
7353,58,871
7354,95,4549
7355,71,2171
7356,17,-3212
7357,77,2748
7358,14,-3586
7359,68,1831
7360,68,1868
7361,68,1812
7362,70,2018
7363,63,1363
7364,1,-4879
7365,43,-609
7366,12,-3781
7367,65,1523
7368,44,-520
7369,45,-418
7370,49,-50
7371,62,1243
7372,42,-711
7373,84,3434
7374,87,3717
7375,82,3204
7376,3,-4613
7377,23,-2627
7378,83,3397
7379,58,809
7380,99,4999
7381,89,3924
7382,95,4598
7383,77,2792
7384,88,3843
7385,94,4454
7386,41,-893
7387,18,-3189
7388,96,4618
7389,90,4008
7390,43,-643
7391,46,-321
7392,96,4662
7393,10,-3964
7394,40,-909
7395,26,-2334
7396,97,4795
7397,20,-2953
7398,47,-279
7399,45,-412
7400,59,933
7401,88,3824
7402,98,4849
7403,59,942
7404,82,3247
7405,45,-421
7406,18,-3130
7407,47,-281
7408,95,4502
7409,71,2129
7410,69,1919
7411,30,-1989
7412,4,-4578
7413,17,-3204
7414,70,2016
7415,53,335
7416,23,-2650
7417,46,-345
7418,0,-4935
7419,64,1473
7420,90,4033
7421,28,-2130
7422,28,-2168
7423,69,1911
7424,61,1134
7425,53,344
7426,48,-186
7427,32,-1703
7428,86,3687
7429,16,-3373
7430,5,-4419
7431,59,928
7432,79,2905
7433,30,-1921
7434,21,-2854
7435,67,1783
7436,99,4997
7437,48,-162
7438,79,2964
7439,69,1991
7440,8,-4150
7441,67,1717
7442,85,3504
7443,56,621
7444,19,-3045
7445,18,-3169
7446,69,1904
7447,22,-2726
7448,92,4238
7449,65,1525
7450,83,3324
7451,32,-1792
7452,96,4655
7453,11,-3808
7454,1,-4893
7455,69,1967
7456,20,-2985
7457,71,2196
7458,89,3956
7459,90,4002
7460,75,2563
7461,38,-1163
7462,53,303
7463,1,-4876
7464,31,-1862
7465,66,1638
7466,48,-119
7467,18,-3103
7468,46,-381
7469,35,-1457
7470,8,-4180
7471,46,-324
7472,42,-779
7473,43,-647
7474,54,472
7475,73,2388
7476,18,-3140
7477,48,-122
7478,94,4418
7479,16,-3379
7480,29,-2025
7481,65,1579
7482,9,-4052
7483,31,-1807
7484,81,3107
7485,68,1873
7486,10,-3943
7487,62,1281
7488,85,3579
7489,36,-1339
7490,0,-4919
7491,0,-4976
7492,6,-4304
7493,16,-3385
7494,8,-4116
7495,21,-2858
7496,73,2318
7497,86,3674
7498,96,4682
7499,11,-3899
7500,54,499
7501,36,-1316
7502,59,958
7503,87,3740
7504,48,-103
7505,95,4540
7506,97,4765
7507,38,-1181
7508,95,4591
7509,29,-2047
7510,5,-4475
7511,57,730
7512,44,-552
7513,39,-1006
7514,96,4658
7515,75,2507
7516,4,-4536
7517,64,1422
7518,53,382
7519,59,970
7520,80,3043
7521,79,2942
7522,51,167
7523,34,-1554
7524,95,4519
7525,44,-566
7526,84,3441
7527,59,991
7528,47,-258
7529,17,-3284
7530,91,4105
7531,8,-4105
7532,55,532
7533,63,1359
7534,60,1059
7535,61,1123
7536,20,-2919
7537,62,1251
7538,64,1427
7539,23,-2681
7540,84,3443
7541,89,3990
7542,89,3989
7543,48,-117
7544,93,4368
7545,40,-940
7546,20,-2928
7547,56,677
7548,15,-3444
7549,59,905
7550,31,-1823
7551,68,1847
7552,79,2961
7553,65,1562
7554,35,-1433
7555,72,2231
7556,89,3935
7557,52,283
7558,31,-1864
7559,37,-1232
7560,70,2081
7561,88,3852
7562,55,507
7563,57,717
7564,20,-2981
7565,52,255
7566,96,4606
7567,73,2359
7568,11,-3802
7569,53,384
7570,33,-1640
7571,38,-1193
7572,73,2373
7573,15,-3443
7574,18,-3176
7575,3,-4603
7576,81,3155
7577,7,-4243
7578,49,-38
7579,46,-334
7580,96,4623
7581,84,3458
7582,10,-3921
7583,12,-3762
7584,13,-3657
7585,44,-547
7586,95,4501
7587,15,-3411
7588,77,2713
7589,60,1057
7590,18,-3104
7591,19,-3028
7592,85,3557
7593,86,3602
7594,69,1993
7595,21,-2820
7596,88,3855
7597,11,-3801
7598,14,-3540
7599,63,1327
7600,94,4453
7601,57,719
7602,54,431
7603,57,727
7604,3,-4676
7605,91,4134
7606,73,2310
7607,58,843
7608,24,-2593
7609,98,4874
7610,82,3224
7611,52,271
7612,68,1860
7613,79,2960
7614,33,-1699
7615,71,2143
7616,30,-1918
7617,71,2152
7618,51,117
7619,34,-1552
7620,55,513
7621,10,-3935
7622,43,-606
7623,63,1343
7624,81,3146
7625,17,-3255
7626,47,-292
7627,5,-4408
7628,92,4227
7629,11,-3875
7630,67,1713
7631,45,-498
7632,91,4125
7633,30,-1956
7634,81,3170
7635,66,1689
7636,92,4245
7637,43,-678
7638,80,3037
7639,85,3532
7640,83,3373
7641,56,624
7642,62,1298
7643,10,-3948
7644,13,-3601
7645,47,-215
7646,0,-4920
7647,61,1100
7648,54,498
7649,69,1958
7650,40,-953
7651,51,159
7652,14,-3555
7653,57,712
7654,6,-4355
7655,64,1431
7656,24,-2556
7657,74,2480
7658,9,-4003
7659,76,2639
7660,91,4129
7661,62,1297
7662,36,-1321
7663,85,3584
7664,78,2870
7665,89,3926
7666,69,1978
7667,61,1168
7668,20,-2929
7669,59,987
7670,62,1263
7671,37,-1247
7672,94,4441
7673,62,1258
7674,45,-432
7675,19,-3037
7676,89,3903
7677,59,912
7678,87,3738
7679,26,-2328
7680,50,65
7681,70,2029
7682,92,4282
7683,53,394
7684,60,1012
7685,95,4530
7686,93,4389
7687,30,-1958
7688,90,4001
7689,29,-2019
7690,50,3
7691,1,-4866
7692,46,-392
7693,96,4656
7694,45,-497
7695,93,4308
7696,8,-4190
7697,29,-2028
7698,65,1515
7699,67,1745
7700,40,-933
7701,56,689
7702,16,-3337
7703,63,1307
7704,33,-1697
7705,86,3698
7706,87,3729
7707,17,-3216
7708,29,-2096
7709,23,-2657
7710,73,2340
7711,80,3084
7712,25,-2480
7713,59,929
7714,60,1071
7715,58,853
7716,35,-1421
7717,51,107
7718,47,-225
7719,68,1807
7720,15,-3498
7721,94,4436
7722,94,4448
7723,21,-2812
7724,83,3389
7725,27,-2205
7726,71,2126
7727,57,785
7728,31,-1893
7729,80,3088
7730,36,-1363
7731,17,-3247
7732,63,1379
7733,71,2108
7734,98,4858
7735,4,-4549
7736,32,-1788
7737,84,3456
7738,22,-2745
7739,73,2399
7740,82,3215
7741,69,1957
7742,66,1674
7743,87,3714
7744,89,3945
7745,74,2409
7746,73,2397
7747,75,2565
7748,15,-3407
7749,65,1500
7750,44,-508
7751,51,183
7752,71,2189
7753,73,2347
7754,58,883
7755,17,-3258
7756,6,-4367
7757,41,-855
7758,22,-2747
7759,17,-3256
7760,2,-4776
7761,33,-1663
7762,88,3890
7763,18,-3183
7764,4,-4562
7765,52,230
7766,33,-1603
7767,66,1623
7768,87,3768
7769,66,1653
7770,20,-2958
7771,62,1273
7772,65,1560
7773,28,-2101
7774,23,-2687
7775,72,2217
7776,70,2047
7777,18,-3155
7778,2,-4795
7779,52,279
7780,87,3718
7781,61,1198
7782,43,-642
7783,75,2562
7784,91,4113
7785,60,1070
7786,53,369
7787,15,-3458
7788,40,-934
7789,35,-1455
7790,15,-3472
7791,95,4596
7792,73,2353
7793,85,3502
7794,35,-1443
7795,81,3118
7796,88,3891
7797,57,742
7798,73,2376
7799,22,-2772
7800,32,-1706
7801,48,-190
7802,75,2549
7803,70,2054
7804,11,-3826
7805,45,-467
7806,75,2590
7807,72,2295
7808,76,2661
7809,69,1953
7810,28,-2173
7811,26,-2361
7812,22,-2793
7813,36,-1340
7814,36,-1333
7815,84,3432
7816,98,4857
7817,10,-3960
7818,2,-4749
7819,71,2147
7820,90,4020
7821,31,-1830
7822,14,-3518
7823,55,538
7824,40,-951
7825,26,-2317
7826,36,-1397
7827,27,-2248
7828,6,-4383
7829,38,-1107
7830,52,212
7831,64,1417
7832,7,-4205
7833,78,2886
7834,74,2499
7835,3,-4634
7836,80,3093
7837,32,-1799
7838,91,4153
7839,69,1975
7840,29,-2035
7841,64,1444
7842,41,-810
7843,21,-2852
7844,79,2948
7845,8,-4164
7846,38,-1153
7847,12,-3791
7848,19,-3088
7849,74,2477
7850,28,-2166
7851,74,2423
7852,67,1765
7853,67,1792
7854,65,1580
7855,65,1553
7856,10,-3983
7857,35,-1435
7858,38,-1161
7859,72,2250
7860,92,4229
7861,18,-3102
7862,2,-4753
7863,71,2199
7864,24,-2544
7865,13,-3636
7866,26,-2315
7867,69,1907
7868,98,4808
7869,55,529
7870,89,3900
7871,90,4098
7872,49,-36
7873,62,1216
7874,25,-2409
7875,54,430
7876,27,-2281
7877,85,3528
7878,64,1493
7879,70,2015
7880,46,-319
7881,92,4214
7882,1,-4849
7883,43,-627
7884,12,-3765
7885,73,2312
7886,77,2737
7887,51,133
7888,7,-4236
7889,52,235
7890,19,-3002
7891,47,-231
7892,69,1954
7893,87,3704
7894,16,-3341
7895,35,-1467
7896,7,-4206
7897,99,4900
7898,98,4818
7899,61,1111
7900,9,-4086
7901,16,-3364
7902,74,2491
7903,72,2211
7904,79,2931
7905,33,-1614
7906,29,-2071
7907,64,1439
7908,97,4743
7909,13,-3613
7910,2,-4746
7911,38,-1156
7912,38,-1103
7913,81,3106
7914,67,1711
7915,39,-1045
7916,54,424
7917,89,3964
7918,85,3510
7919,78,2871
7920,87,3747
7921,74,2405
7922,8,-4197
7923,72,2281
7924,96,4664
7925,11,-3878
7926,43,-604
7927,78,2839
7928,40,-917
7929,11,-3859
7930,67,1791
7931,20,-2993
7932,55,547
7933,50,89
7934,28,-2155
7935,75,2583
7936,7,-4250
7937,77,2789
7938,17,-3224
7939,0,-4948
7940,91,4161
7941,7,-4282
7942,38,-1190
7943,79,2954
7944,84,3426
7945,81,3122
7946,55,580
7947,24,-2516
7948,31,-1820
7949,55,581
7950,7,-4254
7951,59,951
7952,81,3147
7953,40,-1000
7954,36,-1369
7955,88,3884
7956,97,4799
7957,47,-256
7958,17,-3210
7959,75,2544
7960,50,94
7961,64,1403
7962,93,4325
7963,15,-3445
7964,50,2
7965,30,-1971
7966,60,1041
7967,73,2381
7968,4,-4560
7969,23,-2646
7970,88,3845
7971,94,4496
7972,54,446
7973,68,1879
7974,96,4689
7975,31,-1898
7976,51,173
7977,13,-3686
7978,18,-3161
7979,76,2631
7980,53,368
7981,73,2374
7982,22,-2723
7983,40,-996
7984,54,408
7985,80,3042
7986,86,3608
7987,55,518
7988,43,-612
7989,55,501
7990,58,837
7991,64,1475
7992,91,4110
7993,78,2855
7994,9,-4027
7995,14,-3581
7996,48,-188
7997,70,2043
7998,45,-486
7999,82,3206
8000,56,641
8001,13,-3621
8002,24,-2525
8003,66,1661
8004,99,4991
8005,18,-3188
8006,62,1269
8007,60,1055
8008,79,2990
8009,80,3070
8010,60,1004
8011,89,3930
8012,47,-204
8013,75,2567
8014,92,4201
8015,15,-3406
8016,89,3938
8017,9,-4034
8018,91,4137
8019,96,4602
8020,19,-3071
8021,34,-1533
8022,78,2897
8023,43,-699
8024,86,3689
8025,19,-3081
8026,76,2681
8027,89,3920
8028,1,-4828
8029,61,1132
8030,97,4741
8031,96,4698
8032,62,1299
8033,16,-3392
8034,10,-3955
8035,54,415
8036,62,1279
8037,33,-1661
8038,80,3060
8039,70,2059
8040,65,1537
8041,84,3474
8042,73,2384
8043,86,3616
8044,43,-637
8045,51,188
8046,31,-1805
8047,68,1839
8048,99,4990
8049,17,-3211
8050,99,4926
8051,69,1923
8052,95,4503
8053,49,-68
8054,17,-3292
8055,76,2687
8056,57,754
8057,33,-1651
8058,93,4369
8059,54,434
8060,92,4246
8061,91,4178
8062,97,4796
8063,62,1271
8064,2,-4732
8065,0,-4964
8066,68,1877
8067,80,3031
8068,86,3623
8069,26,-2379
8070,43,-652
8071,78,2898
8072,80,3098
8073,32,-1786
8074,44,-562
8075,7,-4244
8076,68,1825
8077,71,2139
8078,11,-3866
8079,63,1337
8080,35,-1475
8081,25,-2411
8082,62,1266
8083,57,778
8084,87,3767
8085,35,-1456
8086,74,2487
8087,99,4916
8088,95,4536
8089,61,1149
8090,18,-3164
8091,42,-738
8092,98,4897
8093,58,862
8094,44,-565
8095,8,-4154
8096,31,-1858
8097,44,-519
8098,77,2719
8099,68,1823
8100,96,4651
8101,0,-4954
8102,35,-1431
8103,97,4762
8104,97,4769
8105,24,-2599
8106,18,-3171
8107,66,1670
8108,28,-2131
8109,22,-2735
8110,11,-3845
8111,76,2669
8112,96,4626
8113,79,2992
8114,38,-1191
8115,73,2386
8116,33,-1642
8117,20,-2986
8118,4,-4573
8119,17,-3227
8120,99,4908
8121,22,-2784
8122,45,-496
8123,70,2071
8124,60,1090
8125,63,1394
8126,41,-895
8127,80,3010
8128,60,1038
8129,11,-3868
8130,42,-748
8131,41,-871
8132,15,-3424
8133,38,-1167
8134,54,401
8135,78,2815
8136,42,-798
8137,17,-3215
8138,58,860
8139,6,-4319
8140,50,93
8141,83,3354
8142,75,2522
8143,62,1207
8144,11,-3828
8145,50,18
8146,25,-2416
8147,41,-863
8148,15,-3468
8149,25,-2429
8150,77,2763
8151,59,953
8152,39,-1011
8153,79,2903
8154,55,552
8155,61,1158
8156,83,3350
8157,2,-4780
8158,31,-1835
8159,77,2779
8160,24,-2584
8161,46,-378
8162,4,-4584
8163,29,-2056
8164,72,2221
8165,75,2555
8166,50,57
8167,49,-21
8168,14,-3585
8169,26,-2304
8170,23,-2663
8171,55,539
8172,93,4363
8173,53,372
8174,67,1722
8175,87,3760
8176,4,-4588
8177,74,2483
8178,32,-1746
8179,76,2659
8180,76,2682
8181,9,-4067
8182,51,101
8183,97,4740
8184,5,-4403
8185,54,490
8186,43,-639
8187,65,1517
8188,74,2444
8189,14,-3576
8190,89,3901
8191,76,2679
8192,92,4293
8193,1,-4886
8194,95,4585
8195,31,-1857
8196,30,-1969
8197,2,-4704
8198,34,-1564
8199,47,-291
8200,51,104
8201,25,-2459
8202,73,2351
8203,19,-3035
8204,67,1775
8205,76,2628
8206,74,2431
8207,65,1558
8208,43,-654
8209,50,24
8210,37,-1234
8211,53,308
8212,22,-2749
8213,32,-1744
8214,82,3225
8215,0,-4986
8216,16,-3344
8217,61,1103
8218,67,1774
8219,67,1779
8220,87,3708
8221,92,4280
8222,6,-4327
8223,70,2055
8224,18,-3154
8225,15,-3417
8226,42,-732
8227,80,3029
8228,67,1709
8229,12,-3767
8230,66,1687
8231,74,2447
8232,88,3837
8233,64,1433
8234,63,1323
8235,17,-3278
8236,54,447
8237,78,2807
8238,19,-3084
8239,74,2435
8240,92,4289
8241,80,3015
8242,95,4578
8243,53,357
8244,90,4079
8245,75,2570
8246,4,-4514
8247,40,-916
8248,88,3844
8249,70,2014
8250,57,716
8251,4,-4563
8252,14,-3505
8253,37,-1268
8254,0,-4977
8255,55,583
8256,9,-4041
8257,35,-1441
8258,29,-2030
8259,74,2471
8260,42,-771
8261,80,3058
8262,41,-819
8263,97,4752
8264,46,-368
8265,82,3235
8266,67,1723
8267,36,-1317
8268,89,3967
8269,52,233
8270,9,-4028
8271,44,-527
8272,73,2331
8273,23,-2683
8274,71,2104
8275,23,-2640
8276,88,3847
8277,78,2863
8278,87,3730
8279,47,-209
8280,9,-4084
8281,61,1127
8282,87,3736
8283,69,1910
8284,89,3947
8285,34,-1571
8286,66,1688
8287,53,391
8288,77,2727
8289,39,-1062
8290,37,-1230
8291,60,1095
8292,8,-4106
8293,6,-4324
8294,34,-1562
8295,43,-625
8296,6,-4392
8297,76,2642
8298,72,2272
8299,47,-271
8300,19,-3039
8301,16,-3318
8302,20,-2916
8303,71,2154
8304,42,-725
8305,70,2079
8306,20,-2989
8307,96,4692
8308,85,3591
8309,75,2552
8310,30,-1961
8311,72,2279
8312,65,1592
8313,37,-1235
8314,40,-954
8315,78,2895
8316,85,3576
8317,26,-2364
8318,53,309
8319,76,2605
8320,61,1135
8321,62,1245
8322,44,-600
8323,99,4956
8324,23,-2622
8325,31,-1867
8326,0,-4982
8327,36,-1378
8328,3,-4631
8329,45,-463
8330,14,-3501
8331,82,3255
8332,93,4367
8333,42,-730
8334,16,-3380
8335,30,-1937
8336,85,3520
8337,20,-2922
8338,37,-1279
8339,29,-2072
8340,98,4884
8341,85,3592
8342,72,2226
8343,64,1421
8344,86,3684
8345,79,2997
8346,82,3226
8347,27,-2298
8348,50,58
8349,61,1159
8350,83,3348
8351,83,3315
8352,22,-2718
8353,9,-4017
8354,31,-1875
8355,6,-4313
8356,31,-1810
8357,67,1773
8358,99,4982
8359,72,2273
8360,43,-660
8361,97,4718
8362,13,-3648
8363,33,-1639
8364,89,3914
8365,32,-1776
8366,48,-193
8367,52,225
8368,92,4235
8369,9,-4094
8370,44,-554
8371,55,525
8372,93,4311
8373,3,-4693
8374,25,-2469
8375,21,-2893
8376,87,3762
8377,75,2593
8378,67,1738
8379,19,-3054
8380,50,1
8381,25,-2464
8382,9,-4031
8383,69,1943
8384,76,2608
8385,1,-4878
8386,89,3941
8387,48,-197
8388,2,-4722
8389,25,-2422
8390,91,4100
8391,79,2914
8392,42,-736
8393,92,4220
8394,12,-3750
8395,73,2383
8396,51,114
8397,61,1182
8398,38,-1200
8399,78,2876
8400,91,4132
8401,45,-451
8402,37,-1293
8403,72,2243
8404,51,127
8405,92,4278
8406,25,-2471
8407,64,1413
8408,41,-803
8409,34,-1559
8410,3,-4670
8411,65,1599
8412,93,4355
8413,2,-4730
8414,11,-3834
8415,81,3123
8416,32,-1716
8417,22,-2746
8418,5,-4470
8419,1,-4833
8420,90,4017
8421,82,3243
8422,79,2956
8423,70,2073
8424,88,3883
8425,47,-244
8426,94,4421
8427,82,3200
8428,44,-559
8429,52,222
8430,68,1843
8431,39,-1051
8432,59,989
8433,72,2292
8434,11,-3897
8435,41,-813
8436,48,-155
8437,80,3071
8438,89,3985
8439,54,420
8440,92,4251
8441,59,986
8442,61,1157
8443,23,-2664
8444,91,4127
8445,2,-4734
8446,47,-262
8447,83,3351
8448,37,-1243
8449,66,1607
8450,37,-1273
8451,60,1072
8452,99,4935
8453,61,1169
8454,48,-158
8455,71,2175
8456,62,1284
8457,57,741
8458,86,3617
8459,54,425
8460,37,-1233
8461,11,-3848
8462,94,4405
8463,79,2935
8464,41,-883
8465,78,2823
8466,11,-3867
8467,77,2718
8468,71,2192
8469,28,-2147
8470,14,-3548
8471,34,-1546
8472,84,3484
8473,59,996
8474,49,-42
8475,76,2655
8476,52,223
8477,77,2732
8478,65,1507
8479,23,-2692
8480,89,3995
8481,79,2993
8482,1,-4843
8483,75,2519
8484,88,3867
8485,90,4094
8486,65,1552
8487,53,399
8488,87,3745
8489,69,1937
8490,72,2242
8491,65,1595
8492,34,-1597
8493,5,-4415
8494,65,1576
8495,71,2123
8496,19,-3087
8497,80,3081
8498,56,699
8499,43,-638
8500,94,4439
8501,4,-4595
8502,69,1908
8503,73,2394
8504,99,4922
8505,16,-3395
8506,69,1927
8507,74,2481
8508,68,1898
8509,58,803
8510,11,-3831
8511,69,1999
8512,52,227
8513,76,2673
8514,50,66
8515,54,489
8516,46,-338
8517,53,327
8518,17,-3221
8519,83,3322
8520,68,1803
8521,98,4852
8522,94,4474
8523,70,2067
8524,74,2411
8525,56,601
8526,47,-265
8527,79,2989
8528,99,4976
8529,21,-2894
8530,82,3210
8531,37,-1299
8532,68,1895
8533,74,2490
8534,51,151
8535,76,2695
8536,81,3190
8537,9,-4043
8538,54,439
8539,54,407
8540,94,4435
8541,27,-2268
8542,9,-4018
8543,61,1133
8544,29,-2011
8545,74,2410
8546,10,-3974
8547,30,-1925
8548,97,4782
8549,89,3948
8550,0,-4999
8551,62,1237
8552,22,-2715
8553,31,-1885
8554,61,1179
8555,84,3477
8556,70,2022
8557,59,901
8558,84,3490
8559,91,4106
8560,16,-3325
8561,83,3363
8562,34,-1565
8563,48,-183
8564,96,4631
8565,60,1043
8566,62,1235
8567,54,435
8568,63,1386
8569,20,-2952
8570,84,3424
8571,2,-4791
8572,30,-1955
8573,58,857
8574,9,-4058
8575,84,3437
8576,0,-4965
8577,85,3509
8578,19,-3038
8579,37,-1281
8580,55,558
8581,84,3445
8582,7,-4226
8583,38,-1112
8584,13,-3608
8585,91,4120
8586,27,-2295
8587,82,3279
8588,24,-2537
8589,98,4868
8590,51,120
8591,52,200
8592,69,1985
8593,66,1627
8594,29,-2039
8595,85,3593
8596,68,1891
8597,49,-19
8598,69,1981
8599,44,-579
8600,13,-3677
8601,88,3818
8602,60,1077
8603,31,-1809
8604,64,1460
8605,69,1903
8606,85,3534
8607,84,3450
8608,52,298
8609,63,1329
8610,47,-248
8611,24,-2521
8612,65,1527
8613,31,-1847
8614,57,797
8615,77,2759
8616,81,3112
8617,29,-2031
8618,59,943
8619,12,-3717
8620,4,-4550
8621,25,-2477
8622,59,911
8623,41,-849
8624,63,1381
8625,51,163
8626,67,1716
8627,76,2640
8628,99,4959
8629,54,485
8630,57,745
8631,81,3187
8632,29,-2077
8633,57,711
8634,65,1591
8635,94,4472
8636,57,701
8637,50,23
8638,70,2019
8639,55,559
8640,94,4426
8641,44,-507
8642,54,423
8643,58,838
8644,21,-2899
8645,72,2229
8646,21,-2874
8647,66,1692
8648,83,3358
8649,63,1396
8650,25,-2473
8651,70,2075
8652,38,-1135
8653,63,1369
8654,11,-3849
8655,97,4760
8656,17,-3237
8657,12,-3784
8658,61,1194
8659,60,1078
8660,21,-2832
8661,5,-4436
8662,90,4057
8663,57,767
8664,17,-3235
8665,72,2262
8666,75,2558
8667,26,-2309
8668,23,-2637
8669,59,967
8670,22,-2709
8671,35,-1449
8672,62,1236
8673,62,1290
8674,83,3386
8675,68,1899
8676,24,-2576
8677,19,-3036
8678,68,1861
8679,78,2885
8680,13,-3603
8681,35,-1491
8682,83,3347
8683,63,1315
8684,96,4605
8685,78,2880
8686,13,-3651
8687,83,3335
8688,28,-2103
8689,0,-4932
8690,59,909
8691,89,3904
8692,97,4785
8693,37,-1224
8694,8,-4167
8695,8,-4153
8696,32,-1771
8697,77,2729
8698,56,635
8699,54,445
8700,16,-3327
8701,65,1541
8702,31,-1803
8703,63,1399
8704,51,184
8705,80,3017
8706,45,-434
8707,2,-4800
8708,81,3136
8709,38,-1171
8710,20,-2951
8711,60,1011
8712,52,210
8713,47,-223
8714,97,4709
8715,39,-1049
8716,48,-176
8717,79,2909
8718,81,3100
8719,55,515
8720,99,4989
8721,55,519
8722,40,-918
8723,23,-2652
8724,93,4375
8725,77,2705
8726,88,3850
8727,34,-1507
8728,18,-3175
8729,95,4582
8730,99,4954
8731,22,-2744
8732,37,-1258
8733,66,1605
8734,7,-4266
8735,84,3412
8736,38,-1169
8737,42,-776
8738,97,4701
8739,75,2557
8740,56,615
8741,45,-458
8742,75,2525
8743,56,694
8744,9,-4023
8745,29,-2073
8746,87,3725
8747,54,417
8748,94,4467
8749,99,4958
8750,28,-2183
8751,85,3525
8752,11,-3853
8753,42,-788
8754,39,-1095
8755,70,2009
8756,87,3766
8757,51,137
8758,14,-3503
8759,72,2251
8760,49,-15
8761,75,2543
8762,40,-921
8763,96,4616
8764,42,-769
8765,65,1530
8766,77,2706
8767,49,-34
8768,98,4894
8769,66,1669
8770,36,-1389
8771,68,1896
8772,39,-1064
8773,37,-1249
8774,32,-1718
8775,77,2711
8776,99,4913
8777,84,3485
8778,11,-3833
8779,43,-657
8780,6,-4306
8781,44,-553
8782,89,3934
8783,66,1659
8784,47,-205
8785,10,-3994
8786,94,4450
8787,90,4082
8788,94,4483
8789,64,1456
8790,15,-3432
8791,71,2107
8792,96,4603
8793,42,-782
8794,94,4469
8795,78,2811
8796,33,-1678
8797,79,2975
8798,72,2218
8799,73,2396
8800,55,541
8801,79,2977
8802,88,3806
8803,86,3678
8804,99,4963
8805,80,3005
8806,25,-2452
8807,82,3265
8808,59,921
8809,80,3085
8810,3,-4632
8811,80,3053
8812,20,-2942
8813,26,-2387
8814,5,-4449
8815,88,3896
8816,5,-4423
8817,37,-1205
8818,82,3283
8819,84,3463
8820,13,-3673
8821,21,-2879
8822,55,544
8823,69,1926
8824,43,-661
8825,79,2969
8826,85,3531
8827,24,-2592
8828,38,-1147
8829,36,-1319
8830,42,-717
8831,82,3277
8832,18,-3190
8833,78,2827
8834,21,-2842
8835,79,2927
8836,93,4391
8837,13,-3650
8838,50,85
8839,42,-784
8840,64,1436
8841,18,-3180
8842,36,-1301
8843,78,2838
8844,25,-2475
8845,42,-793
8846,92,4205
8847,42,-751
8848,88,3858
8849,40,-925
8850,61,1137
8851,47,-284
8852,73,2302
8853,24,-2589
8854,50,22
8855,68,1845
8856,14,-3552
8857,31,-1811
8858,27,-2224
8859,54,437
8860,45,-449
8861,83,3349
8862,11,-3827
8863,80,3079
8864,58,873
8865,86,3673
8866,7,-4273
8867,39,-1047
8868,20,-2991
8869,48,-130
8870,16,-3342
8871,27,-2267
8872,79,2933
8873,2,-4760
8874,13,-3653
8875,83,3325
8876,87,3749
8877,13,-3654
8878,27,-2227
8879,53,331
8880,5,-4490
8881,25,-2447
8882,81,3176
8883,50,43
8884,85,3524
8885,35,-1403
8886,31,-1856
8887,70,2008
8888,65,1545
8889,61,1139
8890,77,2749
8891,4,-4568
8892,20,-2938
8893,46,-339
8894,29,-2013
8895,75,2535
8896,74,2439
8897,53,371
8898,79,2930
8899,54,496
8900,89,3919
8901,26,-2347
8902,19,-3003
8903,90,4022
8904,95,4562
8905,43,-700
8906,73,2352
8907,80,3039
8908,76,2660
8909,62,1213
8910,32,-1730
8911,81,3159
8912,45,-423
8913,86,3637
8914,43,-668
8915,85,3522
8916,35,-1480
8917,79,2943
8918,41,-867
8919,33,-1690
8920,30,-1922
8921,80,3002
8922,84,3423
8923,66,1647
8924,66,1679
8925,30,-1983
8926,44,-544
8927,89,3911
8928,4,-4533
8929,21,-2805
8930,74,2451
8931,6,-4331
8932,73,2341
8933,10,-3965
8934,93,4388
8935,0,-4913
8936,50,4
8937,57,788
8938,12,-3721
8939,92,4216
8940,25,-2481
8941,52,297
8942,2,-4768
8943,89,3931
8944,64,1478
8945,85,3536
8946,18,-3186
8947,11,-3843
8948,14,-3535
8949,78,2888
8950,23,-2608
8951,53,319
8952,66,1686
8953,89,3950
8954,11,-3870
8955,65,1543
8956,88,3869
8957,85,3566
8958,9,-4060
8959,80,3013
8960,61,1177
8961,16,-3329
8962,0,-4958
8963,47,-227
8964,76,2645
8965,83,3391
8966,15,-3481
8967,45,-437
8968,56,642
8969,60,1088
8970,77,2709
8971,67,1703
8972,7,-4228
8973,40,-907
8974,29,-2098
8975,40,-913
8976,59,947
8977,53,341
8978,16,-3369
8979,71,2198
8980,4,-4570
8981,53,352
8982,65,1571
8983,79,2952
8984,84,3410
8985,12,-3785
8986,76,2610
8987,61,1104
8988,90,4091
8989,56,684
8990,82,3202
8991,73,2303
8992,13,-3667
8993,66,1611
8994,21,-2837
8995,60,1015
8996,95,4531
8997,53,336
8998,7,-4232
8999,42,-737
9000,98,4811
9001,26,-2351
9002,6,-4358
9003,24,-2573
9004,21,-2818
9005,14,-3517
9006,51,121
9007,49,-41
9008,0,-4959
9009,17,-3217
9010,55,556
9011,0,-4979
9012,14,-3579
9013,80,3034
9014,70,2007
9015,68,1881
9016,11,-3841
9017,87,3755
9018,76,2674
9019,84,3476
9020,24,-2557
9021,88,3808
9022,80,3069
9023,72,2215
9024,81,3174
9025,71,2183
9026,73,2360
9027,54,409
9028,38,-1139
9029,51,142
9030,17,-3296
9031,89,3951
9032,40,-955
9033,81,3157
9034,42,-800
9035,86,3615
9036,58,808
9037,60,1036
9038,21,-2853
9039,95,4514
9040,29,-2027
9041,64,1457
9042,77,2739
9043,73,2319
9044,92,4263
9045,13,-3670
9046,38,-1141
9047,61,1165
9048,14,-3593
9049,97,4770
9050,12,-3748
9051,1,-4880
9052,70,2038
9053,83,3303
9054,55,530
9055,57,792
9056,35,-1465
9057,23,-2699
9058,19,-3060
9059,79,2902
9060,35,-1458
9061,87,3742
9062,82,3257
9063,84,3447
9064,7,-4299
9065,12,-3796
9066,84,3475
9067,62,1209
9068,92,4250
9069,54,412
9070,81,3195
9071,87,3721
9072,90,4071
9073,80,3072
9074,77,2746
9075,28,-2123
9076,96,4695
9077,77,2707
9078,87,3741
9079,84,3429
9080,78,2818
9081,12,-3705
9082,77,2700
9083,78,2826
9084,12,-3768
9085,78,2867
9086,10,-3920
9087,63,1335
9088,59,937
9089,81,3139
9090,54,474
9091,68,1848
9092,94,4401
9093,89,3955
9094,61,1188
9095,19,-3006
9096,61,1106
9097,99,4948
9098,55,545
9099,41,-823
9100,32,-1708
9101,36,-1327
9102,97,4786
9103,49,-1
9104,7,-4222
9105,69,1930
9106,80,3067
9107,79,2915
9108,41,-824
9109,56,647
9110,39,-1066
9111,96,4614
9112,97,4714
9113,71,2142
9114,24,-2541
9115,81,3191
9116,1,-4859
9117,28,-2163
9118,40,-923
9119,86,3607
9120,74,2429
9121,44,-503
9122,33,-1670
9123,84,3461
9124,72,2248
9125,22,-2775
9126,34,-1536
9127,36,-1328
9128,53,317
9129,32,-1796
9130,12,-3740
9131,58,815
9132,86,3621
9133,65,1522
9134,95,4520
9135,96,4674
9136,11,-3889
9137,20,-2941
9138,4,-4527
9139,9,-4065
9140,64,1464
9141,57,728
9142,49,-87
9143,64,1479
9144,63,1372
9145,50,17
9146,37,-1248
9147,74,2419
9148,67,1747
9149,60,1026
9150,86,3658
9151,95,4526
9152,93,4364
9153,83,3344
9154,74,2462
9155,38,-1192
9156,73,2389
9157,4,-4532
9158,37,-1240
9159,54,443
9160,86,3635
9161,52,246
9162,47,-278
9163,73,2323
9164,21,-2844
9165,80,3045
9166,4,-4594
9167,98,4836
9168,35,-1419
9169,10,-3997
9170,66,1657
9171,48,-172
9172,93,4343
9173,78,2821
9174,27,-2235
9175,66,1614
9176,96,4610
9177,61,1189
9178,5,-4476
9179,9,-4022
9180,9,-4081
9181,7,-4219
9182,12,-3742
9183,86,3655
9184,33,-1665
9185,35,-1414
9186,11,-3829
9187,72,2275
9188,12,-3722
9189,49,-5
9190,98,4840
9191,76,2653
9192,16,-3309
9193,39,-1084
9194,73,2346
9195,76,2620
9196,92,4219
9197,91,4136
9198,90,4096
9199,90,4093
9200,23,-2654
9201,4,-4524
9202,96,4620
9203,53,374
9204,7,-4278
9205,68,1806
9206,46,-303
9207,74,2484
9208,52,268
9209,73,2357
9210,41,-890
9211,75,2595
9212,15,-3439
9213,24,-2523
9214,38,-1199
9215,91,4115
9216,42,-755
9217,36,-1342
9218,70,2025
9219,69,1952
9220,11,-3874
9221,82,3237
9222,32,-1777
9223,93,4318
9224,38,-1105
9225,60,1085
9226,81,3193
9227,77,2770
9228,17,-3300
9229,28,-2198
9230,39,-1060
9231,98,4890
9232,6,-4397
9233,3,-4663
9234,28,-2105
9235,20,-2912
9236,97,4776
9237,74,2401
9238,23,-2656
9239,61,1119
9240,15,-3416
9241,84,3451
9242,94,4424
9243,36,-1381
9244,44,-583
9245,92,4215
9246,97,4716
9247,87,3703
9248,52,261
9249,6,-4388
9250,27,-2274
9251,81,3165
9252,45,-484
9253,93,4342
9254,94,4445
9255,71,2119
9256,34,-1588
9257,85,3551
9258,61,1184
9259,47,-221
9260,28,-2128
9261,85,3560
9262,73,2316
9263,10,-3909
9264,19,-3093
9265,80,3051
9266,63,1364
9267,79,2906
9268,17,-3202
9269,83,3307
9270,37,-1275
9271,93,4330
9272,39,-1036
9273,76,2693
9274,19,-3052
9275,53,349
9276,74,2425
9277,85,3587
9278,35,-1418
9279,60,1031
9280,52,290
9281,69,1936
9282,5,-4469
9283,50,55
9284,67,1790
9285,20,-2917
9286,33,-1671
9287,81,3177
9288,80,3033
9289,35,-1401
9290,14,-3570
9291,41,-861
9292,39,-1071
9293,66,1618
9294,1,-4804
9295,62,1223
9296,90,4039
9297,71,2153
9298,41,-897
9299,86,3699
9300,66,1635
9301,21,-2845
9302,96,4649
9303,72,2291
9304,56,643
9305,72,2288
9306,85,3570
9307,76,2601
9308,24,-2545
9309,57,772
9310,22,-2737
9311,75,2509
9312,17,-3267
9313,82,3293
9314,83,3332
9315,79,2924
9316,66,1699
9317,45,-431
9318,72,2239
9319,55,516
9320,1,-4807
9321,27,-2290
9322,38,-1143
9323,38,-1173
9324,67,1719
9325,2,-4702
9326,72,2258
9327,84,3487
9328,10,-3970
9329,71,2185
9330,46,-373
9331,69,1995
9332,47,-287
9333,38,-1115
9334,59,952
9335,81,3167
9336,95,4539
9337,95,4518
9338,72,2270
9339,72,2235
9340,89,3978
9341,24,-2547
9342,85,3503
9343,23,-2682
9344,59,962
9345,19,-3066
9346,86,3669
9347,52,249
9348,72,2260
9349,4,-4521
9350,11,-3825
9351,86,3661
9352,17,-3201
9353,19,-3063
9354,75,2569
9355,49,-89
9356,19,-3080
9357,16,-3351
9358,77,2797
9359,91,4167
9360,77,2716
9361,43,-695
9362,2,-4717
9363,49,-46
9364,97,4737
9365,82,3219
9366,52,273
9367,57,739
9368,38,-1159
9369,28,-2156
9370,8,-4125
9371,66,1620
9372,34,-1558
9373,28,-2194
9374,37,-1246
9375,12,-3710
9376,41,-872
9377,92,4226
9378,72,2238
9379,72,2253
9380,26,-2331
9381,52,203
9382,84,3448
9383,51,111
9384,59,976
9385,87,3716
9386,95,4593
9387,82,3296
9388,27,-2278
9389,18,-3167
9390,54,421
9391,29,-2082
9392,50,39
9393,77,2723
9394,61,1109
9395,37,-1202
9396,8,-4171
9397,9,-4057
9398,41,-888
9399,62,1219
9400,63,1331
9401,53,326
9402,51,152
9403,74,2453
9404,50,87
9405,72,2255
9406,11,-3898
9407,78,2803
9408,20,-2996
9409,12,-3732
9410,16,-3324
9411,46,-372
9412,94,4495
9413,82,3203
9414,4,-4567
9415,62,1286
9416,7,-4212
9417,90,4023
9418,62,1233
9419,75,2597
9420,2,-4787
9421,79,2901
9422,43,-645
9423,91,4183
9424,84,3467
9425,88,3821
9426,67,1721
9427,1,-4829
9428,45,-478
9429,84,3438
9430,6,-4400
9431,24,-2512
9432,22,-2777
9433,96,4654
9434,16,-3355
9435,32,-1769
9436,96,4628
9437,64,1404
9438,35,-1409
9439,2,-4769
9440,10,-3967
9441,7,-4220
9442,28,-2148
9443,50,19
9444,50,68
9445,29,-2080
9446,60,1086
9447,64,1407
9448,99,4923
9449,10,-3928
9450,22,-2790
9451,91,4189
9452,66,1609
9453,68,1854
9454,61,1131
9455,83,3320
9456,21,-2888
9457,93,4303
9458,78,2836
9459,90,4073
9460,95,4560
9461,47,-288
9462,99,4925
9463,84,3421
9464,43,-633
9465,36,-1375
9466,10,-3946
9467,75,2541
9468,8,-4174
9469,85,3506
9470,16,-3311
9471,81,3153
9472,67,1731
9473,45,-422
9474,34,-1573
9475,54,467
9476,25,-2485
9477,94,4416
9478,72,2232
9479,37,-1274
9480,16,-3336
9481,50,88
9482,73,2309
9483,56,626
9484,96,4661
9485,22,-2800
9486,23,-2672
9487,89,3939
9488,80,3044
9489,83,3385
9490,12,-3715
9491,73,2343
9492,74,2436
9493,17,-3208
9494,0,-4990
9495,49,-54
9496,86,3624
9497,67,1758
9498,23,-2612
9499,97,4730
9500,67,1739
9501,56,616
9502,46,-329
9503,38,-1137
9504,43,-650
9505,44,-568
9506,9,-4044
9507,64,1480
9508,83,3368
9509,91,4181
9510,85,3544
9511,74,2455
9512,93,4354
9513,42,-763
9514,98,4881
9515,73,2393
9516,19,-3046
9517,41,-845
9518,42,-754
9519,89,3940
9520,64,1463
9521,26,-2316
9522,1,-4825
9523,75,2537
9524,70,2044
9525,73,2301
9526,90,4063
9527,79,2979
9528,95,4533
9529,55,537
9530,89,3968
9531,56,671
9532,81,3182
9533,32,-1751
9534,14,-3534
9535,34,-1532
9536,77,2736
9537,45,-429
9538,81,3128
9539,32,-1795
9540,15,-3420
9541,33,-1604
9542,36,-1385
9543,78,2851
9544,69,1961
9545,98,4878
9546,66,1676
9547,82,3223
9548,92,4204
9549,51,141
9550,4,-4583
9551,48,-165
9552,96,4619
9553,41,-818
9554,18,-3181
9555,47,-239
9556,38,-1177
9557,87,3784
9558,81,3154
9559,95,4527
9560,98,4862
9561,35,-1452
9562,48,-185
9563,72,2263
9564,3,-4695
9565,80,3080
9566,24,-2566
9567,81,3137
9568,56,639
9569,45,-411
9570,67,1720
9571,70,2045
9572,87,3748
9573,90,4013
9574,41,-802
9575,83,3355
9576,5,-4432
9577,80,3032
9578,17,-3291
9579,47,-257
9580,97,4768
9581,32,-1743
9582,39,-1035
9583,47,-238
9584,73,2356
9585,18,-3117
9586,20,-2906
9587,0,-4922
9588,97,4779
9589,78,2829
9590,22,-2795
9591,3,-4627
9592,48,-180
9593,0,-4914
9594,41,-856
9595,88,3826
9596,31,-1863
9597,14,-3584
9598,42,-733
9599,58,831
9600,68,1872
9601,90,4090
9602,49,-44
9603,6,-4362
9604,40,-947
9605,74,2427
9606,53,393
9607,43,-670
9608,52,286
9609,77,2733
9610,86,3675
9611,95,4551
9612,85,3545
9613,65,1519
9614,76,2671
9615,66,1639
9616,70,2001
9617,21,-2896
9618,92,4287
9619,17,-3293
9620,59,973
9621,95,4548
9622,7,-4234
9623,57,700
9624,70,2057
9625,77,2778
9626,50,15
9627,23,-2698
9628,61,1172
9629,68,1897
9630,67,1749
9631,40,-942
9632,99,4933
9633,93,4385
9634,10,-3952
9635,9,-4095
9636,99,4943
9637,31,-1895
9638,87,3799
9639,73,2367
9640,98,4889
9641,91,4159
9642,64,1455
9643,84,3431
9644,24,-2526
9645,44,-558
9646,10,-3939
9647,62,1234
9648,26,-2362
9649,63,1362
9650,47,-230
9651,95,4583
9652,45,-453
9653,43,-636
9654,5,-4447
9655,94,4443
9656,51,109
9657,93,4353
9658,8,-4169
9659,76,2603
9660,46,-351
9661,58,834
9662,49,-17
9663,92,4221
9664,94,4415
9665,49,-96
9666,34,-1594
9667,74,2497
9668,75,2542
9669,28,-2176
9670,94,4460
9671,86,3647
9672,64,1430
9673,62,1267
9674,54,487
9675,80,3066
9676,50,98
9677,71,2122
9678,13,-3637
9679,93,4335
9680,91,4175
9681,41,-881
9682,64,1468
9683,49,-85
9684,79,2985
9685,30,-1917
9686,72,2206
9687,56,623
9688,91,4143
9689,27,-2213
9690,7,-4272
9691,44,-501
9692,85,3538
9693,31,-1822
9694,67,1706
9695,66,1672
9696,36,-1362
9697,14,-3502
9698,23,-2680
9699,93,4321
9700,44,-593
9701,46,-370
9702,38,-1150
9703,49,-43
9704,66,1649
9705,14,-3558
9706,6,-4334
9707,46,-367
9708,50,33
9709,62,1287
9710,41,-833
9711,88,3887
9712,7,-4211
9713,0,-4915
9714,41,-889
9715,70,2091
9716,26,-2378
9717,70,2095
9718,38,-1195
9719,76,2675
9720,1,-4891
9721,92,4297
9722,49,-69
9723,87,3751
9724,38,-1104
9725,20,-2999
9726,86,3601
9727,72,2227
9728,1,-4892
9729,96,4679
9730,81,3181
9731,35,-1471
9732,21,-2863
9733,90,4034
9734,47,-272
9735,46,-307
9736,63,1334
9737,88,3829
9738,16,-3308
9739,34,-1506
9740,37,-1215
9741,68,1850
9742,38,-1166
9743,67,1737
9744,65,1542
9745,11,-3895
9746,66,1651
9747,84,3419
9748,99,4919
9749,86,3697
9750,51,179
9751,86,3670
9752,80,3021
9753,76,2641
9754,63,1309
9755,40,-967
9756,0,-4929
9757,94,4459
9758,26,-2342
9759,76,2615
9760,81,3179
9761,53,330
9762,66,1631
9763,30,-1997
9764,21,-2802
9765,59,946
9766,48,-194
9767,88,3895
9768,82,3209
9769,52,226
9770,60,1081
9771,17,-3209
9772,83,3392
9773,29,-2050
9774,88,3825
9775,67,1796
9776,11,-3832
9777,88,3851
9778,21,-2834
9779,93,4347
9780,53,347
9781,8,-4127
9782,86,3622
9783,73,2308
9784,15,-3499
9785,60,1060
9786,62,1210
9787,91,4191
9788,14,-3533
9789,89,3915
9790,31,-1869
9791,97,4757
9792,1,-4868
9793,59,977
9794,39,-1034
9795,82,3239
9796,15,-3405
9797,94,4427
9798,28,-2132
9799,97,4729
9800,61,1113
9801,10,-3910
9802,87,3779
9803,97,4758
9804,63,1303
9805,84,3455
9806,93,4378
9807,70,2099
9808,93,4351
9809,71,2127
9810,46,-389
9811,57,749
9812,99,4951
9813,90,4074
9814,45,-447
9815,90,4078
9816,27,-2210
9817,76,2630
9818,84,3440
9819,78,2819
9820,31,-1821
9821,4,-4575
9822,95,4538
9823,67,1735
9824,35,-1469
9825,93,4309
9826,52,263
9827,72,2208
9828,33,-1687
9829,97,4745
9830,97,4763
9831,96,4611
9832,2,-4745
9833,82,3268
9834,85,3555
9835,45,-483
9836,74,2496
9837,41,-853
9838,30,-1982
9839,90,4049
9840,82,3266
9841,19,-3004
9842,44,-514
9843,68,1887
9844,74,2459
9845,34,-1598
9846,94,4412
9847,57,786
9848,6,-4315
9849,0,-4906
9850,65,1581
9851,77,2780
9852,52,244
9853,39,-1004
9854,56,610
9855,96,4663
9856,74,2450
9857,76,2686
9858,79,2945
9859,89,3909
9860,64,1466
9861,88,3881
9862,32,-1732
9863,25,-2484
9864,24,-2554
9865,20,-2935
9866,58,807
9867,73,2395
9868,61,1163
9869,44,-591
9870,78,2848
9871,59,997
9872,3,-4691
9873,40,-988
9874,28,-2179
9875,27,-2277
9876,11,-3836
9877,70,2085
9878,74,2463
9879,85,3513
9880,51,140
9881,46,-317
9882,63,1380
9883,78,2831
9884,96,4643
9885,67,1762
9886,1,-4867
9887,85,3575
9888,39,-1076
9889,39,-1058
9890,82,3207
9891,98,4838
9892,78,2878
9893,67,1769
9894,74,2476
9895,17,-3251
9896,72,2264
9897,94,4433
9898,64,1497
9899,41,-858
9900,90,4004
9901,47,-254
9902,26,-2349
9903,41,-873
9904,38,-1144
9905,30,-1934
9906,66,1694
9907,15,-3428
9908,61,1156
9909,84,3449
9910,46,-352
9911,71,2159
9912,5,-4478
9913,85,3539
9914,74,2403
9915,46,-337
9916,40,-943
9917,85,3565
9918,69,1959
9919,64,1499
9920,15,-3477
9921,56,640
9922,48,-114
9923,5,-4482
9924,30,-1907
9925,10,-3945
9926,60,1039
9927,84,3478
9928,72,2287
9929,70,2093
9930,76,2609
9931,72,2205
9932,26,-2350
9933,3,-4629
9934,1,-4887
9935,60,1000
9936,23,-2614
9937,45,-436
9938,54,416
9939,92,4203
9940,99,4983
9941,10,-3963
9942,96,4684
9943,11,-3864
9944,19,-3007
9945,84,3425
9946,33,-1617
9947,12,-3790
9948,87,3758
9949,51,145
9950,2,-4726
9951,21,-2886
9952,19,-3070
9953,75,2573
9954,49,-77
9955,81,3151
9956,72,2240
9957,74,2443
9958,23,-2643
9959,34,-1526
9960,91,4149
9961,87,3776
9962,72,2269
9963,43,-693
9964,77,2755
9965,97,4739
9966,35,-1488
9967,81,3199
9968,98,4873
9969,70,2003
9970,57,702
9971,38,-1121
9972,44,-540
9973,66,1666
9974,52,264
9975,34,-1504
9976,30,-1946
9977,0,-4902
9978,9,-4071
9979,89,3976
9980,64,1441
9981,73,2345
9982,4,-4566
9983,25,-2453
9984,0,-4980
9985,15,-3464
9986,64,1402
9987,26,-2353
9988,20,-2970
9989,4,-4505
9990,9,-4091
9991,94,4493
9992,89,3991
9993,62,1200
9994,66,1629
9995,98,4833
9996,32,-1725
9997,81,3117
9998,74,2420
9999,95,4587
