run,batch_index,query_index,latency_ns,recall_at_10,result_ids,scores
0,0,0,73758702,1.0,57290;57805;51132;56547;58126;49779;56616;56530;98653;50481,0.4850430488586426;0.47703856229782104;0.46925389766693115;0.4628117084503174;0.4591856002807617;0.4556238055229187;0.45283079147338867;0.45077574253082275;0.447323203086853;0.4468556046485901
0,1,52,75390834,1.0,81338;81528;81931;95349;76805;76824;82481;81487;73606;81768,0.7219030857086182;0.721625566482544;0.7165313959121704;0.7104883193969727;0.7041453123092651;0.6853947639465332;0.6814562678337097;0.6712855696678162;0.6694487929344177;0.6607108116149902
0,2,62,71189951,1.0,83720;4655;75018;18180;40692;22721;31360;23154;22770;31063,0.724543571472168;0.7238723039627075;0.7129076719284058;0.7108968496322632;0.7013508677482605;0.6958955526351929;0.6841968894004822;0.6814895868301392;0.6744676232337952;0.6681736707687378
0,3,334,75125416,1.0,53510;26816;96481;34030;53715;10314;62803;21353;78435;28786,0.7481470704078674;0.6712977886199951;0.6690387725830078;0.6625648736953735;0.6357325315475464;0.6136112809181213;0.6021280288696289;0.5949282646179199;0.5924102663993835;0.5787276029586792
0,4,14,74283576,1.0,99962;5313;2089;63049;9870;5161;20705;20601;4813;5659,0.9191614389419556;0.6054434776306152;0.5888164043426514;0.5854514241218567;0.5664740800857544;0.5605651140213013;0.551490306854248;0.5480172634124756;0.546504020690918;0.5413216948509216
0,5,338,76662219,1.0,74796;74648;72229;74749;71526;71527;71723;71810;41038;71701,0.7984277009963989;0.7811484336853027;0.7796996235847473;0.7767302393913269;0.7509755492210388;0.7436333894729614;0.7147005796432495;0.7143427729606628;0.7112953662872314;0.7089158296585083
0,6,44,73711642,1.0,16950;44685;44727;5264;4553;16379;21429;16527;93245;21661,0.64777672290802;0.6356031894683838;0.6259047985076904;0.6221164464950562;0.6152312755584717;0.5919632911682129;0.5828128457069397;0.5638684034347534;0.5593321323394775;0.5498898029327393
0,7,216,78272622,1.0,99654;82841;99826;99858;82098;80500;80691;81006;67987;80941,0.8192189931869507;0.7566678524017334;0.7476649284362793;0.7267910242080688;0.7185714244842529;0.7000561356544495;0.6930645704269409;0.6896113157272339;0.6762117147445679;0.6758861541748047
0,8,46,75614431,1.0,12079;11725;16218;21957;96705;11791;16362;96485;34162;16274,0.65350341796875;0.6245180368423462;0.6231536865234375;0.6176329255104065;0.605767011642456;0.5994049310684204;0.5986921787261963;0.5959439277648926;0.5924868583679199;0.5905534029006958
0,9,74,79122122,1.0,69943;10551;89608;16566;16457;20039;85880;72303;48074;16173,0.5980681777000427;0.5900980234146118;0.5278432369232178;0.5225504040718079;0.5170338749885559;0.5077612996101379;0.5056061148643494;0.4935356378555298;0.4911016821861267;0.4903244972229004
0,10,4,73750083,1.0,53908;91579;57744;20755;81835;92650;93091;18179;48191;42772,0.5753862857818604;0.5294069051742554;0.5178807973861694;0.49776017665863037;0.47105300426483154;0.45619428157806396;0.45349931716918945;0.4523022174835205;0.4510936737060547;0.4507572054862976
0,11,408,77427461,1.0,30798;73131;72577;77924;39300;83236;74935;73813;83107;82536,0.8480715751647949;0.7318033576011658;0.6561287045478821;0.624347984790802;0.6087630987167358;0.6073914170265198;0.603840708732605;0.5993794798851013;0.5988817811012268;0.597942590713501
0,12,98,77604119,1.0,99824;63967;63880;63875;99245;36755;71032;37402;21769;99881,0.7291542291641235;0.6413541436195374;0.6284260749816895;0.6229829788208008;0.6150176525115967;0.6045563220977783;0.6042582988739014;0.593262791633606;0.5891266465187073;0.5871161818504333
0,13,190,77610839,1.0,98397;96976;97694;98450;52082;69663;98222;92344;98370;96588,0.6818365454673767;0.6782965064048767;0.6571502685546875;0.6562014222145081;0.6297789812088013;0.548040509223938;0.5410885810852051;0.5235929489135742;0.51796954870224;0.5177295207977295
0,14,276,76149556,1.0,99887;97105;54899;34828;83713;12445;84790;72711;79096;99874,0.6882970929145813;0.5360207557678223;0.5358428955078125;0.529318630695343;0.527077853679657;0.5207524299621582;0.5191271901130676;0.5141915678977966;0.5132320523262024;0.5091303586959839
0,15,106,77516170,1.0,48160;53922;34902;53854;55511;29567;54414;44271;45480;34824,0.5734657049179077;0.5624808073043823;0.5498412847518921;0.5406742095947266;0.5403517484664917;0.5350182056427002;0.5326199531555176;0.5280989408493042;0.5278407335281372;0.5225727558135986
0,16,336,75578911,1.0,62274;62315;62177;62362;34339;33603;62343;33355;13807;34084,0.8594354391098022;0.8498767018318176;0.838801920413971;0.8002147674560547;0.7516508102416992;0.7445135116577148;0.7387444972991943;0.7355225086212158;0.7351388931274414;0.7338416576385498
0,17,126,78084204,1.0,35529;35521;16540;48961;17242;48835;15772;95622;70070;26250,0.509161651134491;0.503683865070343;0.4676780700683594;0.4634387493133545;0.4535598158836365;0.4266856908798218;0.4245487451553345;0.4044657349586487;0.3896770477294922;0.38108813762664795
0,18,156,77217703,1.0,13980;25825;14759;12215;18815;14463;21603;19756;19842;19740,0.8148611187934875;0.7993972301483154;0.796008825302124;0.7910342216491699;0.7868854403495789;0.7835455536842346;0.7696877121925354;0.7670812010765076;0.7485486268997192;0.7484238147735596
0,19,24,74689792,1.0,98017;98388;99877;99317;97959;98689;98933;99469;99516;99632,0.7080996036529541;0.7061125040054321;0.7050612568855286;0.703702986240387;0.7019186019897461;0.6853029131889343;0.6842652559280396;0.6807845830917358;0.6745389699935913;0.6697559356689453
0,20,198,76220214,1.0,19099;23196;39379;15405;51420;18220;31360;45762;47025;84653,0.562830924987793;0.5438501238822937;0.5306019186973572;0.5303885340690613;0.5244060754776001;0.5238418579101562;0.5198591351509094;0.5157216191291809;0.5153591632843018;0.5151621103286743
0,21,413,77641568,1.0,23816;69004;12595;68936;24476;72086;72407;70956;69145;24605,0.6686561107635498;0.6471635103225708;0.623961865901947;0.6222294569015503;0.6154597997665405;0.6042158603668213;0.6019030809402466;0.5973459482192993;0.5903311967849731;0.5886257886886597
0,22,38,76349592,1.0,52147;51492;51778;62704;97221;75380;62615;51637;74159;52929,0.5679265260696411;0.5630751848220825;0.5629920959472656;0.5611241459846497;0.5609794855117798;0.5581847429275513;0.5562819242477417;0.5525870323181152;0.5521669387817383;0.5436274409294128
0,23,55,73817551,1.0,35264;52025;98572;94458;74444;1709;70861;70030;19184;86336,0.5139609575271606;0.5064042806625366;0.5049279928207397;0.4934190511703491;0.4795420169830322;0.47059178352355957;0.47053050994873047;0.46964043378829956;0.4676749110221863;0.4668329358100891
0,24,20,75254675,1.0,44446;22528;64519;15084;84881;1862;13378;22425;93287;22561,0.5068272352218628;0.4918730854988098;0.4429546594619751;0.4418599605560303;0.44028377532958984;0.44019079208374023;0.43364399671554565;0.4320736527442932;0.4275617003440857;0.42635202407836914
0,25,296,77154984,1.0,81872;82030;80077;85910;92300;80609;83297;81650;80565;79882,0.7193847298622131;0.6494113802909851;0.6477900743484497;0.646409273147583;0.6358940601348877;0.6267185807228088;0.6260945200920105;0.6082383990287781;0.608161985874176;0.6010737419128418
0,26,176,76509901,1.0,98717;38670;63524;63514;51282;51366;87875;74616;99994;44717,0.49315595626831055;0.4813648462295532;0.4549136757850647;0.4539748430252075;0.4477134346961975;0.4432997703552246;0.43875497579574585;0.43707627058029175;0.43227553367614746;0.43008530139923096
0,27,68,75359034,1.0,96005;95649;42646;97711;42791;99433;35449;51722;35524;98561,0.5044288635253906;0.4746180772781372;0.46637117862701416;0.46394336223602295;0.45500844717025757;0.44726765155792236;0.4374944567680359;0.437009334564209;0.4315941333770752;0.43106263875961304
0,28,273,75797769,1.0,91177;2634;3296;2609;76624;1655;59233;80183;81817;84480,0.7598990201950073;0.5981278419494629;0.5457578897476196;0.48084938526153564;0.4802125096321106;0.4780750274658203;0.47267860174179077;0.4674414396286011;0.45774292945861816;0.4551280736923218
0,29,132,77004705,1.0,96173;4647;59736;61532;73870;37198;37412;95630;84656;14737,0.5642853379249573;0.5438390970230103;0.5387852787971497;0.5377445816993713;0.536763072013855;0.5257142782211304;0.5233794450759888;0.5186886191368103;0.5170251131057739;0.5158541202545166
0,30,356,76453942,1.0,80152;78702;4518;5704;78546;81711;82150;78943;99714;41998,0.6541664600372314;0.5874994993209839;0.5618565082550049;0.5591671466827393;0.5539446473121643;0.5532979369163513;0.5495642423629761;0.5241243243217468;0.5222954750061035;0.5119962096214294
0,31,143,74324396,1.0,17155;81815;81602;24555;14607;18126;95116;47687;43517;77150,0.5287662744522095;0.5233290195465088;0.5161759853363037;0.5150235891342163;0.47191816568374634;0.4466499090194702;0.44627755880355835;0.4412806034088135;0.42749565839767456;0.4258161783218384
0,32,322,72350327,1.0,59486;80045;80208;73224;57301;87699;30445;98014;79931;51295,0.46888530254364014;0.4596901535987854;0.4359394907951355;0.4344484210014343;0.4216867685317993;0.4194549322128296;0.4105685353279114;0.40819382667541504;0.4056297540664673;0.4027995467185974
0,33,80,76777018,1.0,83484;18860;83938;94357;86632;62460;83481;64775;23511;47738,0.6400935649871826;0.5725219249725342;0.5680088996887207;0.5669341087341309;0.5553672313690186;0.555300772190094;0.5525410175323486;0.5388307571411133;0.5352671146392822;0.5351550579071045
0,34,138,72432127,1.0,99872;99360;99412;99415;24567;26307;24542;89950;99219;32254,0.9815616607666016;0.7297857999801636;0.7130539417266846;0.6884580850601196;0.6611184477806091;0.6539981365203857;0.6502480506896973;0.6386666297912598;0.6238275766372681;0.6078346967697144
0,35,440,72799553,1.0,94217;94773;93854;97845;94910;94011;93732;97635;94527;93614,0.6330771446228027;0.6179684400558472;0.6147165298461914;0.5766686201095581;0.5499966144561768;0.5494101047515869;0.5467600226402283;0.5441285371780396;0.541914165019989;0.5381247997283936
0,36,212,74046549,1.0,99845;45509;99684;4094;93512;85466;67653;91213;5733;48474,0.8381650447845459;0.6615133881568909;0.5889900922775269;0.546626091003418;0.5464327335357666;0.5407524108886719;0.5406357049942017;0.5402809381484985;0.5369613766670227;0.532679557800293
0,37,82,75561592,1.0,98359;97545;62937;98183;9484;11639;97738;98330;97999;97853,0.7132462859153748;0.6611827611923218;0.6563371419906616;0.6496903896331787;0.6494542956352234;0.640620231628418;0.6331571340560913;0.6319258809089661;0.6291216015815735;0.6220677495002747
0,38,450,74733190,1.0,53467;32745;53488;3143;79622;31655;46723;30593;95994;1719,0.5528917908668518;0.5360524654388428;0.5357540845870972;0.5126616954803467;0.5082399845123291;0.504540205001831;0.49962717294692993;0.4986652135848999;0.4950982928276062;0.4908817410469055
0,39,437,73088870,1.0,70375;68577;1646;2262;1994;1884;1609;1738;2170;1749,0.8150582313537598;0.8102740049362183;0.7774050831794739;0.774863064289093;0.7565715312957764;0.7546163201332092;0.747855544090271;0.7347887754440308;0.7346545457839966;0.7314425110816956
0,40,10,74424165,1.0,93729;95417;72318;56702;72360;76514;99958;756;96114;26156,0.7042524814605713;0.6969096064567566;0.6683027148246765;0.6458683609962463;0.6031961441040039;0.5948952436447144;0.5867507457733154;0.5653438568115234;0.5137524604797363;0.49170470237731934
0,41,204,75066987,1.0,38769;38704;48299;80881;77442;39190;48263;48355;55587;79097,0.5577192306518555;0.5480481386184692;0.5382604002952576;0.5122882723808289;0.5068202018737793;0.48599934577941895;0.48414862155914307;0.47807133197784424;0.46982455253601074;0.46495312452316284
0,42,186,75854118,1.0,99903;98278;99168;98780;94251;99114;94396;14726;99349;95191,0.6821521520614624;0.6141693592071533;0.6005808711051941;0.5635319948196411;0.5212842226028442;0.5004050135612488;0.4997031092643738;0.4949679374694824;0.4935567378997803;0.48466992378234863
0,43,70,72644694,1.0,51357;49850;49133;49148;49542;49537;49470;49596;49788;50715,0.8587819337844849;0.8115479946136475;0.8038353323936462;0.8017427921295166;0.7943687438964844;0.7885923385620117;0.7804398536682129;0.7796952128410339;0.7791914939880371;0.7786445617675781
0,44,60,74489244,1.0,88027;88628;98519;89332;90758;91501;89784;93090;87927;88461,0.8077578544616699;0.7931016087532043;0.7656222581863403;0.7376744747161865;0.7289825081825256;0.7273427248001099;0.7219517827033997;0.7149394750595093;0.7146817445755005;0.7074097394943237
0,45,316,75594111,1.0,31663;43517;30385;32003;30297;30667;30545;30478;30479;31740,0.8550375699996948;0.8365820646286011;0.8301441669464111;0.8260853290557861;0.8249822854995728;0.8141809701919556;0.8073998689651489;0.8016043305397034;0.7993274331092834;0.7884894609451294
0,46,254,76498051,1.0,46446;7336;7334;8745;72828;87780;93617;65840;36993;7481,0.8168773651123047;0.815413236618042;0.8055384159088135;0.7773141860961914;0.7769722938537598;0.774571418762207;0.7431634068489075;0.7349148988723755;0.7284247875213623;0.7254821062088013
0,47,64,73109059,1.0,9717;9791;22477;11123;12523;12465;9751;12476;80544;44995,0.9059544801712036;0.8173891305923462;0.7727552652359009;0.770879864692688;0.7648164629936218;0.7627756595611572;0.756147563457489;0.7366954684257507;0.6919394731521606;0.6821223497390747
0,48,380,74864669,1.0,17897;21560;20714;88863;82184;25901;87919;42431;42742;14690,0.6859283447265625;0.6851409673690796;0.640184760093689;0.6380872130393982;0.6350393295288086;0.6271987557411194;0.6154483556747437;0.6140055656433105;0.6062585711479187;0.5912836790084839
0,49,158,79540647,1.0,99946;95325;99932;96278;95065;99472;99465;95349;95769;96090,0.8531219959259033;0.8099645376205444;0.7906167507171631;0.788841187953949;0.775395929813385;0.7748904228210449;0.7647392749786377;0.7571049928665161;0.7533602714538574;0.7207437753677368
0,50,130,75918447,1.0,94173;82123;23205;23750;23372;25764;17854;99298;94193;38431,0.8038545250892639;0.5802575349807739;0.5553842782974243;0.5507926940917969;0.5309906005859375;0.5244917869567871;0.52219557762146;0.4916453957557678;0.4553796052932739;0.45331108570098877
0,51,377,72716223,1.0,83200;59868;95469;50263;35537;76547;36950;1973;60016;59463,0.6383705735206604;0.6099213361740112;0.5884822607040405;0.5601784586906433;0.5530891418457031;0.5508838295936584;0.5390303730964661;0.5382919907569885;0.5363666415214539;0.5356160402297974
0,52,66,77731908,1.0,12520;906;21768;36702;64923;69914;35440;1095;95708;97420,0.5429151654243469;0.48629671335220337;0.48066335916519165;0.46571964025497437;0.4571186304092407;0.45294487476348877;0.45213305950164795;0.4514843225479126;0.441054105758667;0.4380815625190735
0,53,448,76372273,1.0,99037;97214;97152;97189;97280;97056;99375;96982;98244;96985,0.6494114995002747;0.6304743885993958;0.604193389415741;0.5943890810012817;0.5885324478149414;0.5849055051803589;0.5827445983886719;0.5774177312850952;0.5712389945983887;0.5682108998298645
0,54,447,76950926,1.0,76969;78959;58798;76932;4349;59326;47017;76259;47710;4185,0.680469810962677;0.6613631248474121;0.6543667912483215;0.6535654067993164;0.6508127450942993;0.6500785946846008;0.6481884717941284;0.6412161588668823;0.6386532783508301;0.6358497738838196
0,55,328,74907389,1.0,10493;10539;45050;11459;77369;48842;59650;92140;54487;80245,0.7262014746665955;0.7187269926071167;0.5905736088752747;0.5863277912139893;0.5340151786804199;0.5324734449386597;0.5189132690429688;0.5183550119400024;0.5158411264419556;0.5132807493209839
0,56,33,76308353,1.0,90972;18047;64541;50765;60295;34406;51109;57834;20115;17168,0.4656698703765869;0.4289109706878662;0.4201204776763916;0.4116939306259155;0.4005809426307678;0.3987906575202942;0.3921605944633484;0.3813478946685791;0.37735414505004883;0.3770853281021118
0,57,364,76796567,1.0,9717;12185;12523;9920;65074;12476;12465;10502;9791;80544,0.715334951877594;0.6999334692955017;0.6966415643692017;0.6763328909873962;0.6685938835144043;0.667056679725647;0.6488699913024902;0.6464017629623413;0.6457372903823853;0.6279131174087524
0,58,136,77851916,1.0,35420;25710;83950;33050;49329;7520;23633;97389;42868;77454,0.5781571269035339;0.5616059303283691;0.5536460280418396;0.5376399159431458;0.5329329371452332;0.5301811695098877;0.5249709486961365;0.517620325088501;0.5161370038986206;0.5080705881118774
0,59,112,78763296,1.0,99487;63913;58914;58849;58690;98292;60628;32843;47172;38474,0.7622238397598267;0.5738678574562073;0.5631273984909058;0.5624380111694336;0.5532522201538086;0.5469849705696106;0.5417754054069519;0.5413387417793274;0.5359086990356445;0.5312391519546509
0,60,246,71597006,1.0,92449;38042;22486;98311;85370;54632;51536;41251;20311;91208,0.5198147892951965;0.49112915992736816;0.44158607721328735;0.41884469985961914;0.38226211071014404;0.3817535638809204;0.3776959776878357;0.37748074531555176;0.3727644085884094;0.3708730936050415
0,61,122,77526180,1.0,98885;98816;98993;98677;99752;98745;98714;99025;98701;99481,0.6759986877441406;0.6588839292526245;0.6544683575630188;0.6508834362030029;0.6454128623008728;0.6209975481033325;0.6200645565986633;0.5890079736709595;0.5716386437416077;0.5641186833381653
0,62,48,75487302,1.0,99788;98878;28603;13191;5069;45251;50807;5071;96226;19574,0.7741503715515137;0.5682030916213989;0.561562716960907;0.5554133653640747;0.5360857248306274;0.5307837724685669;0.5202829837799072;0.5191162824630737;0.5147073268890381;0.5121920108795166
0,63,215,76342823,1.0,99784;99658;99430;99359;99672;99453;99596;99381;99384;43141,0.6799679398536682;0.6706346273422241;0.6623539924621582;0.6579620838165283;0.655176043510437;0.6502680778503418;0.6415830254554749;0.6362528800964355;0.6349934339523315;0.6309391260147095
0,64,144,73597203,1.0,40263;78699;74488;90990;40774;20231;15064;66119;14523;97705,0.4446139335632324;0.4282650947570801;0.4082155227661133;0.4020640254020691;0.3939536213874817;0.38870787620544434;0.3871411085128784;0.38451534509658813;0.38025546073913574;0.37886786460876465
0,65,242,75660671,1.0,40311;60266;34216;38555;29081;32051;40122;59153;32502;30099,0.6741983294487;0.6515921950340271;0.62287837266922;0.6142003536224365;0.602465033531189;0.5988832712173462;0.5828999280929565;0.581831693649292;0.5608882904052734;0.5565589666366577
0,66,6,72429277,1.0,30545;30667;30385;30297;43517;46303;31740;30638;99916;23155,0.7703675627708435;0.769213080406189;0.7660353183746338;0.7540284395217896;0.7459182143211365;0.7302759885787964;0.7238612174987793;0.7178562879562378;0.7129713892936707;0.7076305150985718
0,67,231,74113878,1.0,49871;80567;67428;50149;49215;5733;38290;38911;22941;91268,0.7318062782287598;0.7311221361160278;0.6790587902069092;0.6756657361984253;0.6710487604141235;0.6448901295661926;0.6409479379653931;0.6316725015640259;0.6273849010467529;0.6220632195472717
0,68,76,73736792,1.0,99487;58690;58849;58914;78808;98292;57740;52071;32843;60628,0.6128605604171753;0.5347499847412109;0.4951024055480957;0.49128156900405884;0.4876367449760437;0.48415201902389526;0.48076844215393066;0.47623640298843384;0.4698219299316406;0.4694705009460449
0,69,39,74844630,1.0,99778;99799;99709;96558;99782;45762;47025;16463;3041;80124,0.7161986827850342;0.7077280879020691;0.6562178730964661;0.6439293026924133;0.6406125426292419;0.5989363193511963;0.5948274731636047;0.585408091545105;0.5827613472938538;0.5653639435768127
0,70,494,73675093,1.0,65952;39223;41149;99089;41998;4404;99714;38212;79323;81341,0.5113451480865479;0.47892582416534424;0.46246910095214844;0.4385642409324646;0.43704116344451904;0.43448787927627563;0.42536741495132446;0.41348910331726074;0.4124743938446045;0.4117238521575928
0,71,142,73191208,1.0,77065;29614;89911;3338;45364;99393;33453;94662;90080;8671,0.7402220368385315;0.6729615926742554;0.6372578144073486;0.6219933032989502;0.610538125038147;0.6063146591186523;0.6057189702987671;0.599587082862854;0.5988907217979431;0.5918413400650024
0,72,442,73491545,1.0,16039;16699;17040;16065;16978;17019;16774;24274;5394;26920,0.4939674735069275;0.49333226680755615;0.48460662364959717;0.48431509733200073;0.48222875595092773;0.4816674590110779;0.4755152463912964;0.4361649751663208;0.43447792530059814;0.4333656430244446
0,73,146,75020818,1.0,62874;62868;63478;91143;84565;63902;38206;84633;63365;29162,0.6462805271148682;0.6420088410377502;0.6416254043579102;0.6344588398933411;0.6058594584465027;0.595306396484375;0.5528568625450134;0.538237452507019;0.5337671637535095;0.5151987075805664
0,74,18,71237051,1.0,74976;74025;96789;73559;73383;74500;58076;74142;91376;73593,0.8031822443008423;0.7798741459846497;0.771885335445404;0.7681083679199219;0.7542785406112671;0.7474732398986816;0.747262716293335;0.7255481481552124;0.7249350547790527;0.7221855521202087
0,75,99,73325407,1.0,52685;55516;88023;30814;28841;85791;84399;29311;49742;26713,0.4678521156311035;0.45752662420272827;0.4551205635070801;0.45184987783432007;0.4516150951385498;0.4471781849861145;0.4434281587600708;0.4422774314880371;0.4418987035751343;0.4364132285118103
0,76,394,73932990,1.0,96213;48508;76259;47089;76969;77925;95304;47017;98988;98589,0.7637073993682861;0.7635693550109863;0.7584264278411865;0.7573603391647339;0.7422393560409546;0.7416872978210449;0.7376223206520081;0.7375712394714355;0.7320898175239563;0.7316756248474121
0,77,118,75776020,1.0,99533;93234;92879;95261;99575;99604;92780;93023;94002;95366,0.8361697793006897;0.8048975467681885;0.7948154211044312;0.7934777736663818;0.7934179306030273;0.7704018950462341;0.7662174701690674;0.7375609874725342;0.725865364074707;0.7251380085945129
0,78,284,73716442,1.0,67564;43826;64841;5269;66750;34008;93122;64480;68682;93185,0.5539474487304688;0.47030651569366455;0.46337002515792847;0.45774728059768677;0.4477957487106323;0.4411613941192627;0.44058775901794434;0.4370371699333191;0.43299973011016846;0.43190842866897583
0,79,210,74023329,1.0,32003;31740;31663;43517;30385;22930;22300;22336;22897;38174,0.8446074724197388;0.8441404104232788;0.8374819755554199;0.8117923736572266;0.7965021133422852;0.7962629795074463;0.7904083728790283;0.7871461510658264;0.7860804796218872;0.7854128479957581
0,80,397,73208687,1.0,10081;10135;50734;77130;77131;74668;61460;46489;53141;42897,0.5427444577217102;0.542431652545929;0.5228462219238281;0.5184124112129211;0.5180306434631348;0.5147026777267456;0.5121845006942749;0.5059436559677124;0.503457248210907;0.5009475946426392
0,81,340,76372953,1.0,99517;93690;93234;95366;95809;94002;94076;93023;94310;95329,0.5990099906921387;0.5722461342811584;0.5536203980445862;0.547887921333313;0.5469932556152344;0.5445057153701782;0.5399054288864136;0.5356086492538452;0.5303001403808594;0.5298406481742859
0,82,256,73679243,1.0,90992;93534;16194;35631;17628;7338;42261;44631;30178;36947,0.7854484915733337;0.7659946084022522;0.6525649428367615;0.6444910168647766;0.6398271322250366;0.6272561550140381;0.6216980814933777;0.6152472496032715;0.6141539812088013;0.6081042289733887
0,83,307,74367315,1.0,14357;98689;2699;1918;98933;7555;98561;83038;2068;99469,0.7032932639122009;0.6490064859390259;0.608994722366333;0.5996593236923218;0.5745002627372742;0.5728700757026672;0.5633491277694702;0.5597227215766907;0.5522311925888062;0.5510571002960205
0,84,32,73596504,1.0,99988;99842;42490;53498;42581;42572;53633;38924;72013;53671,0.9635693430900574;0.8804630041122437;0.6836193799972534;0.6724334955215454;0.6580028533935547;0.651894211769104;0.6511974334716797;0.6419292688369751;0.6411292552947998;0.6367672681808472
0,85,220,75044348,1.0,86889;67634;67428;37049;67719;67334;67317;86906;10745;81399,0.8565598726272583;0.8177153468132019;0.814055323600769;0.8071869015693665;0.7886378765106201;0.7866361737251282;0.7828567624092102;0.7762953042984009;0.7737926244735718;0.7665441036224365
0,86,86,74467704,1.0,18854;92230;97665;24989;88768;89626;57936;93399;45926;55771,0.6095820069313049;0.5349469780921936;0.5292973518371582;0.5247969627380371;0.5177838206291199;0.5172824263572693;0.5131129622459412;0.48940885066986084;0.48619383573532104;0.48562657833099365
0,87,372,76238354,1.0,9765;26583;82014;18162;93779;38370;59348;31145;73502;57342,0.5528133511543274;0.5231462717056274;0.5137042999267578;0.48147135972976685;0.4759175181388855;0.4736543297767639;0.4728432893753052;0.4720621109008789;0.47028446197509766;0.4642663598060608
0,88,423,73748503,1.0,33479;62219;54720;34816;25381;79768;26395;67757;34714;68205,0.6695547103881836;0.662040114402771;0.6428523063659668;0.6342954635620117;0.6335979700088501;0.632975161075592;0.6306487917900085;0.6255786418914795;0.625482439994812;0.6253781318664551
0,89,352,73127959,1.0,39989;39961;4301;53838;89888;91523;79471;79605;85628;87164,0.6091729402542114;0.5943769216537476;0.5878443717956543;0.5790881514549255;0.5785616636276245;0.5676215887069702;0.5551279187202454;0.5551279187202454;0.5436248779296875;0.5402894616127014
0,90,222,74148637,1.0,99836;99990;99827;2927;18777;71945;84849;85159;35208;89443,0.7233518362045288;0.7185614109039307;0.6628458499908447;0.614384651184082;0.6116902828216553;0.5618709325790405;0.5487960577011108;0.5453498959541321;0.5243980288505554;0.5239434242248535
0,91,200,76173994,1.0,84479;77390;85564;65958;65166;87529;8902;97835;69174;52548,0.5326836705207825;0.470888614654541;0.46318918466567993;0.4587029218673706;0.43767815828323364;0.4358292818069458;0.4323471188545227;0.4301159381866455;0.4249032735824585;0.42241424322128296
0,92,412,74858720,1.0,85479;85703;84796;85329;11875;68331;36586;66342;97091;68904,0.6696407794952393;0.5765087604522705;0.560910165309906;0.5290564894676208;0.48336291313171387;0.4807647466659546;0.4765864610671997;0.4515482187271118;0.4487304091453552;0.4357423782348633
0,93,454,74222437,1.0,62362;62274;62177;62315;13807;13815;13963;67090;14213;13904,0.7723302841186523;0.766243577003479;0.764022707939148;0.7336475849151611;0.7270750999450684;0.714602530002594;0.7036794424057007;0.7001563906669617;0.6911548376083374;0.6872105598449707
0,94,104,74324576,1.0,97812;97079;78006;97497;97180;97204;99861;97362;19437;8207,0.7484062314033508;0.7257606983184814;0.6998441219329834;0.6947097778320312;0.6839990615844727;0.6516019105911255;0.6408546566963196;0.6258829832077026;0.6199338436126709;0.6138756275177002
0,95,347,75829858,1.0,89066;14239;30919;61463;54324;11037;46659;11524;82510;45598,0.5886305570602417;0.422987699508667;0.4152573347091675;0.41058027744293213;0.391807496547699;0.37670469284057617;0.3765198588371277;0.37398529052734375;0.3733835220336914;0.3648605942726135
0,96,279,73941130,1.0,99988;99842;54391;42572;53671;42490;53753;38924;73307;56180,0.8862330317497253;0.8335989713668823;0.6617733836174011;0.6452803611755371;0.6370747685432434;0.6321381330490112;0.6303406953811646;0.6284595727920532;0.6185206770896912;0.6174657940864563
0,97,111,74151058,1.0,36068;99968;5287;9266;65819;35559;67489;35565;99995;58388,0.6500986218452454;0.6482702493667603;0.6463636159896851;0.6463636159896851;0.6442133188247681;0.6441622972488403;0.6415726542472839;0.6298273801803589;0.6202878952026367;0.6200790405273438
0,98,34,73132599,1.0,17780;23299;54057;25223;64647;54346;23724;64935;81136;87768,0.7169705629348755;0.7148743867874146;0.7047291994094849;0.7045050859451294;0.7007917165756226;0.6972070336341858;0.695732831954956;0.6931759119033813;0.6907452940940857;0.6889204978942871
0,99,102,75210465,1.0,99909;95325;99472;81403;99465;95349;96090;95065;95769;81743,0.7298744916915894;0.7074671983718872;0.6618701219558716;0.6524673700332642;0.6463152766227722;0.6316385269165039;0.6312892436981201;0.6300650835037231;0.6269813776016235;0.6258233785629272
0,100,409,73849211,1.0,19314;56831;55587;38361;38953;9737;18684;39246;52992;21932,0.5260834693908691;0.5164604187011719;0.4911004304885864;0.47915124893188477;0.4778519868850708;0.4666098952293396;0.4604918956756592;0.4599384665489197;0.45626139640808105;0.4520610570907593
0,101,466,73761852,1.0,95140;16473;82468;99908;28062;17203;71852;61210;13214;12075,0.582977294921875;0.569178581237793;0.5160502791404724;0.4867985248565674;0.47995108366012573;0.4769628047943115;0.4707057476043701;0.4636387825012207;0.4625844955444336;0.4608105421066284
0,102,451,72564885,1.0,5385;5405;5941;39421;47238;39496;39614;15790;39638;11281,0.694449782371521;0.6859179735183716;0.6704801917076111;0.6155112981796265;0.6009975671768188;0.5944468975067139;0.5836641192436218;0.5826848745346069;0.5737150311470032;0.5693303346633911
0,103,441,76909556,1.0,7614;7404;88962;96525;83829;70717;68337;38511;67935;10332,0.5546042919158936;0.5243207812309265;0.4894763231277466;0.4883100390434265;0.48097407817840576;0.47440648078918457;0.47307389974594116;0.47263914346694946;0.47020554542541504;0.467044472694397
0,104,385,74443424,1.0,28430;98689;14357;98933;99469;99885;2699;1918;200;98561,0.6447829604148865;0.6366228461265564;0.6163961291313171;0.6094733476638794;0.602471113204956;0.5910052061080933;0.5848629474639893;0.5838146209716797;0.5765743851661682;0.5696973204612732
0,105,23,74792421,1.0,92285;93075;98918;54912;12139;56439;9575;41527;41925;55064,0.8180884122848511;0.6885268688201904;0.681260347366333;0.6573196053504944;0.6379539966583252;0.6364436745643616;0.5961580276489258;0.5930414199829102;0.5895213484764099;0.585479199886322
0,106,124,73994179,1.0,75097;76680;48324;99885;7555;200;46586;28430;99153;91243,0.6755871176719666;0.6741093993186951;0.6655161380767822;0.64219731092453;0.637366771697998;0.6353228092193604;0.6084004640579224;0.6044127941131592;0.5926819443702698;0.5897693634033203
0,107,188,74211407,1.0,98149;98133;62400;62385;18699;55889;83536;96877;92131;69985,0.7244800329208374;0.6645874381065369;0.6354525089263916;0.6343116760253906;0.629250168800354;0.6275907754898071;0.6269785165786743;0.623430609703064;0.6194181442260742;0.6173677444458008
0,108,272,74640462,1.0,99994;97510;49754;96685;70138;49240;38670;48930;28430;49337,0.7842584848403931;0.44584566354751587;0.35435038805007935;0.3538343906402588;0.3514401912689209;0.34908968210220337;0.3458336591720581;0.3418668508529663;0.33831465244293213;0.3375859260559082
0,109,71,74769720,1.0,74159;60327;97073;97221;63130;52929;56275;56287;72856;55450,0.5988837480545044;0.5779300928115845;0.5757098197937012;0.5737698674201965;0.5718040466308594;0.568253755569458;0.5668644309043884;0.562027633190155;0.5616633892059326;0.5604391694068909
0,110,35,72218959,1.0,96978;84033;55309;62854;62930;89578;62792;99710;90461;98421,0.7049221992492676;0.5077661275863647;0.5027673244476318;0.5005441308021545;0.5003224015235901;0.48125624656677246;0.4771794080734253;0.4734722375869751;0.46621084213256836;0.4597771167755127
0,111,484,74242586,1.0,8996;77781;59497;71911;73032;74098;72956;73098;29239;72214,0.6942902207374573;0.6471906900405884;0.626808762550354;0.6192529201507568;0.6175475716590881;0.6160286068916321;0.6143301725387573;0.6113559603691101;0.6093122959136963;0.6081200838088989
0,112,332,73903740,1.0,82580;19869;79614;65496;38721;51298;78408;39370;83184;40282,0.592475950717926;0.4894198775291443;0.4588574171066284;0.45309388637542725;0.4505787491798401;0.44663357734680176;0.4405938982963562;0.4280552268028259;0.42403721809387207;0.4230703115463257
0,113,369,75528883,1.0,68696;20493;2999;60344;2081;96002;20217;65825;68664;20208,0.5762468576431274;0.5580227375030518;0.5354634523391724;0.5351381301879883;0.5021752715110779;0.4948035478591919;0.49323272705078125;0.48317229747772217;0.4788852334022522;0.47811728715896606
0,114,182,72582275,1.0,99881;96539;99824;98777;99157;98951;98986;96734;99372;98803,0.8502452969551086;0.7981237173080444;0.7947448492050171;0.7716716527938843;0.7537416219711304;0.7427431344985962;0.7338390350341797;0.7277852296829224;0.7071387767791748;0.6990517377853394
0,115,381,75119056,1.0,84234;4560;51209;34066;19316;38620;33624;89527;17642;29162,0.6146056652069092;0.6120696067810059;0.6045860648155212;0.5707316398620605;0.5684370398521423;0.5648614764213562;0.5570560693740845;0.554485559463501;0.5460657477378845;0.5340180397033691
0,116,370,72875962,1.0,48808;21081;21727;58326;47226;51027;50946;51498;25466;25053,0.6529028415679932;0.6448514461517334;0.6373238563537598;0.6344997882843018;0.6340210437774658;0.6189962029457092;0.618090033531189;0.6168243288993835;0.6151615381240845;0.6138613820075989
0,117,230,74633892,1.0,36910;53274;25586;85654;14664;53813;36948;11847;17615;84565,0.5047330856323242;0.5026676654815674;0.49954354763031006;0.4950110912322998;0.4818583130836487;0.47416090965270996;0.4695994257926941;0.4672688841819763;0.46666836738586426;0.46111851930618286
0,118,234,73864901,1.0,93939;84734;95143;95263;99884;94175;95130;85741;74635;77267,0.6775988936424255;0.6608294248580933;0.6419864892959595;0.6375373601913452;0.6326950788497925;0.6318955421447754;0.6245197057723999;0.6147726774215698;0.5718926191329956;0.5461078882217407
0,119,473,75073847,1.0,92968;99873;81865;93515;83245;92767;81464;82487;92727;44085,0.5914454460144043;0.5531531572341919;0.5220142006874084;0.5017547607421875;0.4936326742172241;0.48562437295913696;0.4839569926261902;0.48197317123413086;0.4792613983154297;0.4765892028808594
0,120,403,73590603,1.0,99891;52961;52566;55522;52061;51790;52803;52234;51788;55562,0.8600928783416748;0.5750246047973633;0.568813145160675;0.5671515464782715;0.559941291809082;0.5537482500076294;0.5495319366455078;0.5437585115432739;0.5423609018325806;0.5341224670410156
0,121,121,74764111,1.0,18897;18327;34871;18932;18726;19406;38947;19392;37930;37801,0.7370622158050537;0.7298600673675537;0.7242963314056396;0.720839262008667;0.7182391881942749;0.7001825571060181;0.6863725185394287;0.6845612525939941;0.6660975217819214;0.6605910062789917
0,122,485,73384726,1.0,99830;99654;83911;80691;24295;24166;80455;80500;80630;79618,0.9248822927474976;0.6597681641578674;0.6458799242973328;0.6157220602035522;0.6003376245498657;0.5966317057609558;0.5894936323165894;0.5726552605628967;0.569198489189148;0.5610383749008179
0,123,139,74364525,1.0,39701;62559;26260;82558;93643;27925;35254;47741;88907;58184,0.3700827360153198;0.3685075044631958;0.36652839183807373;0.36628782749176025;0.35980963706970215;0.3579769730567932;0.3528076410293579;0.35181283950805664;0.34173667430877686;0.3394594192504883
0,124,195,74000069,1.0,82975;84456;64182;31306;34918;15967;33277;1355;34617;37945,0.6369268894195557;0.5858368873596191;0.5435939431190491;0.5342040657997131;0.518443763256073;0.5114670991897583;0.5103120803833008;0.5080651044845581;0.5071959495544434;0.5046977996826172
0,125,119,74204707,1.0,99895;94761;80215;94939;14599;95310;96266;14380;23449;23249,0.7652332782745361;0.6595959067344666;0.6212571859359741;0.6160030364990234;0.6107131242752075;0.6064598560333252;0.594131350517273;0.5939403772354126;0.5935996770858765;0.590234637260437
0,126,258,73520184,1.0,67333;67268;67247;45543;47847;10785;67271;79714;46328;45476,0.7277905344963074;0.7175076603889465;0.7134383916854858;0.6939083933830261;0.6837109327316284;0.6802869439125061;0.6746748685836792;0.6726222038269043;0.6724761724472046;0.669318437576294
0,127,233,73200228,1.0,99891;55522;52566;51790;52961;52803;52061;52234;51788;52336,0.9248489141464233;0.5555978417396545;0.5415929555892944;0.5351657867431641;0.5350635647773743;0.524568498134613;0.5233044028282166;0.5134493708610535;0.5112775564193726;0.5091513991355896
0,128,226,73540685,1.0,87867;95516;88156;64661;82011;63917;69307;98130;80632;64656,0.818603515625;0.8138893842697144;0.7863109707832336;0.7637406587600708;0.7558411955833435;0.7460052967071533;0.7199747562408447;0.7181314826011658;0.7129381895065308;0.708992063999176
0,129,257,74825820,1.0,99970;99876;47276;40810;44884;46948;46020;44954;45158;44796,0.8408121466636658;0.8114779591560364;0.7113761901855469;0.6867238283157349;0.6788978576660156;0.6668468713760376;0.6599851846694946;0.6553855538368225;0.6530540585517883;0.6519969701766968
0,130,337,73679163,1.0,67286;67317;67334;67331;38439;67634;80567;67428;3960;67335,0.624633252620697;0.6213679909706116;0.6191664934158325;0.603868305683136;0.6000229120254517;0.5963655710220337;0.5951711535453796;0.5881574153900146;0.5833688974380493;0.5819238424301147
0,131,420,74346025,1.0,12673;92702;5793;72002;7276;13233;93573;12764;5929;92681,0.5299454927444458;0.5265199542045593;0.5189182162284851;0.5136565566062927;0.5133734941482544;0.5127483606338501;0.5080109238624573;0.5030201077461243;0.5000797510147095;0.4964669942855835
0,132,224,73733622,1.0,46020;99970;46022;99876;44884;45796;43341;86922;44796;47276,0.6710783839225769;0.651015043258667;0.6510093808174133;0.627890944480896;0.5775685906410217;0.5673199892044067;0.5656614303588867;0.5645896196365356;0.5604010820388794;0.5602298974990845
0,133,145,73053450,1.0,98359;97795;11639;9484;97426;62913;62937;10624;10824;98330,0.8250409960746765;0.6850842237472534;0.6711267232894897;0.6603699326515198;0.6403001546859741;0.6278018951416016;0.6265304088592529;0.6095512509346008;0.6087430715560913;0.5922216176986694
0,134,12,73976230,1.0,30898;30753;33334;23726;33353;30598;90367;7767;35614;30965,0.49740326404571533;0.477710485458374;0.44470226764678955;0.44392967224121094;0.43717968463897705;0.4343297481536865;0.43431228399276733;0.43157368898391724;0.43004733324050903;0.42831891775131226
0,135,378,75120177,1.0,99963;19107;74436;74426;82188;89904;86090;89197;10981;34939,0.7844183444976807;0.5639893412590027;0.5156519412994385;0.5090924501419067;0.5090389847755432;0.5029646158218384;0.49452340602874756;0.49363720417022705;0.4932258725166321;0.48623013496398926
0,136,16,73408596,1.0,82304;60898;23225;91424;84306;30208;91541;99606;42953;71518,0.6868691444396973;0.6332185864448547;0.4083607792854309;0.39425230026245117;0.36787551641464233;0.3676968812942505;0.3671931028366089;0.3663478493690491;0.36163341999053955;0.3613842725753784
0,137,57,72940512,1.0,61002;2420;89585;56305;93236;93523;93371;32624;64772;2294,0.5550053715705872;0.5407843589782715;0.5312830209732056;0.517047107219696;0.5142362713813782;0.5071226358413696;0.5062708854675293;0.5052699446678162;0.502616822719574;0.4979751706123352
0,138,152,72053831,1.0,94196;93123;34348;32929;64117;41580;43221;97650;39798;19089,0.716248095035553;0.6906212568283081;0.6857292056083679;0.678033173084259;0.672369122505188;0.6717813014984131;0.6708496809005737;0.6663669347763062;0.6648056507110596;0.6647226214408875
0,139,304,74464064,1.0,99970;44884;99876;25907;60157;46020;43881;46022;26475;84751,0.6447548866271973;0.6283444166183472;0.6248362064361572;0.6192639470100403;0.609633207321167;0.6017694473266602;0.5920073986053467;0.5835427045822144;0.5813688039779663;0.5783925652503967
0,140,155,73456415,1.0,43517;30385;30297;31663;30667;30545;32003;31740;38174;22300,0.8130114078521729;0.8008723258972168;0.7982535362243652;0.7725818157196045;0.771413266658783;0.7631669640541077;0.757691502571106;0.7475043535232544;0.7264435887336731;0.7060230374336243
0,141,379,74358266,1.0,63772;82770;44427;56406;41263;18118;18193;63880;55665;85216,0.5595316886901855;0.5343218445777893;0.5288082361221313;0.5262050032615662;0.5241227149963379;0.5207338333129883;0.520592451095581;0.5107199549674988;0.5097629427909851;0.5085721611976624
0,142,470,73639844,1.0,92895;258;15446;51109;998;53942;39861;65477;81939;556,0.49230659008026123;0.41731852293014526;0.4164583683013916;0.4117010831832886;0.40343236923217773;0.39894968271255493;0.39440709352493286;0.3913279175758362;0.38118815422058105;0.37872421741485596
0,143,239,73918290,1.0,96628;82211;66035;81297;81372;82498;66039;33052;94990;37310,0.6452838182449341;0.6330915689468384;0.621770977973938;0.6077106595039368;0.6034265756607056;0.5981379747390747;0.597592830657959;0.5947350859642029;0.5944163203239441;0.5927265882492065
0,144,168,73309697,1.0,94196;34348;39798;93123;34337;46104;42435;19089;34263;38848,0.718665599822998;0.7014663219451904;0.696097195148468;0.6315515041351318;0.6235278248786926;0.6231018304824829;0.6177791953086853;0.6076462268829346;0.5869048833847046;0.5825721025466919
0,145,314,76154385,1.0,99918;97721;98637;97783;97865;97823;99429;98624;97459;97991,0.8444118499755859;0.709821343421936;0.6864258050918579;0.6617082357406616;0.6393285393714905;0.6391643285751343;0.6303309202194214;0.6020095944404602;0.5893793702125549;0.5854014158248901
0,146,183,74506114,1.0,99911;47613;95863;70582;20736;68228;16703;44960;104;79027,0.8352223634719849;0.636975884437561;0.5915940999984741;0.5693649649620056;0.5182830095291138;0.514013946056366;0.5104479789733887;0.5097195506095886;0.49604856967926025;0.49589014053344727
0,147,294,73577234,1.0,38947;24266;18364;18308;20346;90727;18435;22833;17606;18882,0.7057012319564819;0.7019162178039551;0.6919947862625122;0.6895872354507446;0.6798152923583984;0.6789910793304443;0.6778989434242249;0.6771146059036255;0.6762516498565674;0.6741182804107666
0,148,417,71872034,1.0,61878;61715;64097;53617;99358;64064;32234;50111;61761;23753,0.7289122343063354;0.7198339700698853;0.6948344111442566;0.6896132230758667;0.6882723569869995;0.680274486541748;0.6796295642852783;0.6768730282783508;0.6723012924194336;0.6676193475723267
0,149,359,74824410,1.0,70670;64742;56549;51312;14751;32179;31882;47026;56414;70601,0.4973610043525696;0.481412410736084;0.46462422609329224;0.4559605121612549;0.4548456072807312;0.45468735694885254;0.4538843631744385;0.45193958282470703;0.4496040940284729;0.44705235958099365
0,150,148,73055450,1.0,23724;17780;23299;81136;33132;33133;25223;64647;23721;56707,0.7358708381652832;0.7245165705680847;0.7089632749557495;0.7024664282798767;0.6886885166168213;0.6879376769065857;0.6843286752700806;0.6809073090553284;0.6792407035827637;0.6786593794822693
0,151,180,81570204,1.0,45006;46445;44356;45504;45457;44373;11805;89285;45488;14963,0.627816915512085;0.6261998414993286;0.6009671688079834;0.5985268354415894;0.5968025922775269;0.592314600944519;0.5632784366607666;0.5628654956817627;0.553178608417511;0.5278635621070862
0,152,2,72632324,1.0,70817;29513;81063;74396;71463;67810;72122;57669;46166;35792,0.5041247606277466;0.49741435050964355;0.467789888381958;0.45763492584228516;0.45676296949386597;0.4487599730491638;0.4476678967475891;0.4471108913421631;0.4465144872665405;0.44467461109161377
0,153,199,73609654,1.0,65743;73472;2192;22714;45511;63824;63363;63149;63416;21061,0.6468633413314819;0.6352748274803162;0.6330488920211792;0.6302911043167114;0.6285557150840759;0.6276254653930664;0.6269525289535522;0.6239020824432373;0.6232216358184814;0.6213335990905762
0,154,270,72652325,1.0,91056;81687;81727;14165;13505;10238;13898;71292;28547;13919,0.7050960063934326;0.7043483853340149;0.6683193445205688;0.6584734916687012;0.6327762603759766;0.6294939517974854;0.6269904375076294;0.6252947449684143;0.6243691444396973;0.6207155585289001
0,155,317,72936051,1.0,3329;89112;17581;74539;3545;75940;17297;29759;30162;17532,0.6796563267707825;0.66536945104599;0.6515607833862305;0.6481144428253174;0.6369774341583252;0.6272789835929871;0.6201654672622681;0.6135621070861816;0.6130402088165283;0.6124317646026611
0,156,36,72174140,1.0,92573;86983;92073;92027;85320;69380;63189;92231;91890;91999,0.7279102206230164;0.7203258275985718;0.7150691747665405;0.6949522495269775;0.6933743357658386;0.6920105814933777;0.6800345182418823;0.6796524524688721;0.679594874382019;0.6793258786201477
0,157,472,74555963,1.0,4488;4194;10901;10654;15307;90555;10632;10535;10658;10663,0.7260374426841736;0.5739576816558838;0.5665780305862427;0.5518425703048706;0.5211236476898193;0.5058801770210266;0.5042043328285217;0.5032607316970825;0.5026718378067017;0.4957371950149536
0,158,401,71675436,1.0,99882;99402;77141;89411;34306;4704;33479;33933;33493;33563,0.875739574432373;0.7386466264724731;0.6365025043487549;0.6308929920196533;0.6247483491897583;0.6228023171424866;0.6221086978912354;0.6208874583244324;0.6170989274978638;0.6114238500595093
0,159,287,72255969,1.0,5787;2386;2596;98205;638;666;78251;639;1325;10391,0.82401442527771;0.7727522850036621;0.7243303656578064;0.6465175151824951;0.6448581218719482;0.6414980292320251;0.624693751335144;0.6155909895896912;0.6151662468910217;0.6120327711105347
0,160,116,72754373,1.0,84845;93875;73308;18268;71922;72882;71413;71470;85200;71806,0.6014480590820312;0.5936753749847412;0.5834119319915771;0.5810539722442627;0.5697439908981323;0.5605918765068054;0.5602622628211975;0.5599225163459778;0.5574373006820679;0.554999828338623
0,161,436,77172973,0.9,87934;97112;96218;74765;16718;78939;72797;91254;42931;97185,0.4349680542945862;0.4216815233230591;0.39415276050567627;0.3503687381744385;0.3486710786819458;0.3468672037124634;0.34361732006073;0.3386649489402771;0.3372589945793152;0.3333871364593506
0,162,30,72281299,1.0,97871;98272;98254;97876;83446;13347;27197;855;99613;82800,0.45880550146102905;0.4421735405921936;0.3868897557258606;0.377763032913208;0.349737286567688;0.34785932302474976;0.3367643356323242;0.3284562826156616;0.3271430730819702;0.3271424174308777
0,163,429,72737943,1.0,95847;95349;97744;20423;96090;81528;99580;74719;99472;82408,0.6152381896972656;0.5795953273773193;0.5465689897537231;0.5452695488929749;0.5393397808074951;0.5344365835189819;0.5297310948371887;0.5270472764968872;0.5258568525314331;0.524620532989502
0,164,306,73129389,1.0,98388;99433;99574;98561;97959;98662;98017;99877;99725;99516,0.8368776440620422;0.8146841526031494;0.8103712797164917;0.8007910251617432;0.7988288402557373;0.793262779712677;0.7853440046310425;0.7804378271102905;0.7648319005966187;0.7612172365188599
0,165,175,74854080,1.0,84633;91143;41060;63478;37198;95630;37412;62868;62874;4647,0.5458317399024963;0.5453454852104187;0.4963904619216919;0.483578622341156;0.47260385751724243;0.46582120656967163;0.46418285369873047;0.4640638828277588;0.45963895320892334;0.4593927264213562
0,166,8,72062441,1.0,65819;66428;13540;65895;13447;34510;80765;13110;5287;9266,0.7278066873550415;0.6851184368133545;0.6797768473625183;0.6768525242805481;0.6594944596290588;0.6592659950256348;0.6568453311920166;0.6506698131561279;0.6381016969680786;0.6381016373634338
0,167,285,74600382,1.0,97189;98134;99375;99185;97214;96989;97072;97152;97113;99289,0.7463405132293701;0.7428156137466431;0.733620285987854;0.7328097820281982;0.7173395156860352;0.7096236944198608;0.6940306425094604;0.6847360134124756;0.6713970899581909;0.6625142097473145
0,168,290,73240467,1.0,99918;99429;98938;97865;97823;98637;97721;60455;97783;51351,0.7837139368057251;0.7729821801185608;0.6669756770133972;0.6597455143928528;0.644072413444519;0.6226579546928406;0.6142980456352234;0.6119369864463806;0.607611358165741;0.5473834276199341
0,169,259,73258237,1.0,38296;38911;38290;38439;80567;38292;39070;49871;38341;74416,0.7728402018547058;0.7508741617202759;0.7201220989227295;0.7186707258224487;0.7134592533111572;0.7115092277526855;0.7086825370788574;0.6943037509918213;0.6749887466430664;0.6749682426452637
0,170,184,71728234,1.0,99402;99882;33493;4704;33563;34159;34714;33941;34520;33595,0.7538039684295654;0.7458330392837524;0.7303314208984375;0.7116864919662476;0.7102167010307312;0.7099510431289673;0.7079594135284424;0.6894025802612305;0.6519496440887451;0.6450382471084595
0,171,49,73848831,1.0,49943;50601;49470;49133;49455;50823;49850;49542;49682;49537,0.9968053102493286;0.9078898429870605;0.886447548866272;0.8814194798469543;0.872046947479248;0.8697306513786316;0.8695597648620605;0.8654742240905762;0.8633571267127991;0.8566601276397705
0,172,128,72541146,1.0,19787;38524;19717;20063;20045;38864;81994;39086;20072;38669,0.7835148572921753;0.7477917671203613;0.7305919528007507;0.7261571884155273;0.6984562277793884;0.6401921510696411;0.617145836353302;0.6123896837234497;0.6079891920089722;0.5949708223342896
0,173,302,74085559,1.0,92193;95502;49311;71833;71869;19362;71846;71895;11658;44217,0.474365770816803;0.470192015171051;0.46283578872680664;0.45822715759277344;0.45304858684539795;0.44818127155303955;0.44302213191986084;0.43566930294036865;0.41565412282943726;0.4153761863708496
0,174,360,72976061,1.0,99487;1505;78808;2528;60390;57740;57199;82503;137;82922,0.6462686061859131;0.5383598804473877;0.5127030611038208;0.5084015130996704;0.48390424251556396;0.48278045654296875;0.4815858006477356;0.4789447784423828;0.46919572353363037;0.4682629108428955
0,175,268,71712695,1.0,99968;99995;13565;25113;25083;25126;25092;13540;58422;32685,0.7492008805274963;0.7354279160499573;0.7014553546905518;0.6825994253158569;0.6564135551452637;0.6518927216529846;0.6408315300941467;0.6389753818511963;0.638080358505249;0.6369239091873169
0,176,110,72272749,1.0,80272;83528;94434;80345;85735;83730;95638;80549;81809;85482,0.6676458716392517;0.6676256060600281;0.6618715524673462;0.6611913442611694;0.6591430902481079;0.6584957242012024;0.6311089992523193;0.6275438666343689;0.626573920249939;0.6230956315994263
0,177,393,74828789,1.0,80560;58651;40857;21732;91599;83654;42255;87011;92057;82335,0.5213866233825684;0.46945077180862427;0.45846307277679443;0.45844775438308716;0.4435400366783142;0.4434753656387329;0.4343196153640747;0.4328038692474365;0.4297741651535034;0.42929762601852417
0,178,478,73774182,1.0,15139;76929;16531;87077;66190;9376;6702;65532;155;27343,0.5192816257476807;0.4843367338180542;0.4700969457626343;0.42715150117874146;0.42320454120635986;0.42094314098358154;0.4125767946243286;0.4124768376350403;0.40418314933776855;0.40250563621520996
0,179,311,74768051,1.0,99294;98109;98989;38515;19617;99771;92951;90579;85324;93769,0.7061004042625427;0.5389046669006348;0.504482090473175;0.48021161556243896;0.4775840640068054;0.472880482673645;0.46385490894317627;0.45973050594329834;0.45832210779190063;0.455233097076416
0,180,432,70479969,1.0,16764;94510;94576;44471;35470;60400;23519;94909;94790;47034,0.7612305879592896;0.734061598777771;0.7306442260742188;0.7163180708885193;0.7093929648399353;0.679742693901062;0.6781752109527588;0.6740651726722717;0.6704357862472534;0.6649303436279297
0,181,131,73900831,1.0,91763;62764;27276;24043;65014;63001;99462;24444;24537;22137,0.6032550930976868;0.5862226486206055;0.525079607963562;0.5208451747894287;0.5148636698722839;0.4921916127204895;0.4901621341705322;0.4827660918235779;0.4795728325843811;0.4787455201148987
0,182,47,73125609,1.0,99517;95329;94048;95366;94076;93234;95261;93888;93049;94002,0.6022002696990967;0.5902068614959717;0.5746508240699768;0.5623356699943542;0.5597240924835205;0.5505246520042419;0.5495836138725281;0.5341768264770508;0.5320557355880737;0.5200525522232056
0,183,405,74038009,1.0,88154;87970;97583;89160;88058;87871;88189;90650;88818;87323,0.7704910039901733;0.738383948802948;0.7360526323318481;0.7096428871154785;0.7031129002571106;0.7007831335067749;0.6915372014045715;0.6847671270370483;0.6722022891044617;0.6648856401443481
0,184,50,73690713,1.0,84120;75648;67166;64608;66322;61809;23247;29758;99713;96555,0.3937333822250366;0.36439865827560425;0.353091835975647;0.3510584235191345;0.3464508652687073;0.33794957399368286;0.32838743925094604;0.3276258111000061;0.32476288080215454;0.3237578868865967
0,185,103,75256305,1.0,65986;74347;85100;37400;87934;36482;62634;40489;66358;87127,0.5365269184112549;0.48370838165283203;0.46516817808151245;0.4361773729324341;0.41358524560928345;0.37082672119140625;0.3681495189666748;0.36588841676712036;0.3646230697631836;0.36437028646469116
0,186,498,73074830,1.0,83742;83439;74696;64222;25050;80121;30556;59626;77432;47648,0.6836283206939697;0.6761192083358765;0.5648945569992065;0.4723031520843506;0.4711528420448303;0.4652476906776428;0.46210265159606934;0.4557458162307739;0.452128529548645;0.44963347911834717
0,187,421,73341817,1.0,25290;93258;25173;98504;96860;66606;39751;58346;63169;63792,0.6321017742156982;0.6257897019386292;0.6218411326408386;0.6186423897743225;0.5990278124809265;0.577369213104248;0.5724462270736694;0.5606186389923096;0.5577948093414307;0.557055652141571
0,188,460,72823023,1.0,73164;77727;73781;33744;31110;32211;40497;59439;68978;37488,0.4924442172050476;0.469319224357605;0.4610852599143982;0.4587063193321228;0.4539682865142822;0.4463130235671997;0.43261194229125977;0.427803099155426;0.42696791887283325;0.42541998624801636
0,189,280,72574915,1.0,50709;50651;63942;77863;27325;72258;16487;50783;52577;59802,0.7867817878723145;0.78570157289505;0.7692334651947021;0.7635236978530884;0.7626367807388306;0.759523332118988;0.7346488237380981;0.7343525290489197;0.733344554901123;0.7324547171592712
0,190,78,72867932,1.0,1265;79824;85440;15581;77629;22050;75176;79585;77784;77733,0.5561974048614502;0.5285575985908508;0.48419898748397827;0.47766363620758057;0.45661914348602295;0.4559366703033447;0.4389539957046509;0.4345594644546509;0.4307239055633545;0.4262138605117798
0,191,396,74150268,1.0,72002;12673;98545;5793;5904;93573;7276;12764;5778;92702,0.5322440266609192;0.4967736005783081;0.4854480028152466;0.48388785123825073;0.4720720648765564;0.47069406509399414;0.4697198271751404;0.4684944152832031;0.46338891983032227;0.4578542709350586
0,192,22,72819223,1.0,57306;312;45183;23991;24016;19115;10594;7789;15236;45290,0.5367583632469177;0.5366702079772949;0.5067692399024963;0.4978060722351074;0.4939916133880615;0.4871683120727539;0.48435860872268677;0.4792943000793457;0.4749066233634949;0.47439730167388916
0,193,351,74916949,1.0,99533;99575;93888;92879;94002;95261;93023;92780;93690;93234,0.8094713687896729;0.8089240789413452;0.7862951755523682;0.7789655923843384;0.7696212530136108;0.7685744762420654;0.766930341720581;0.7578229308128357;0.7399059534072876;0.7394299507141113
0,194,166,72670135,1.0,93573;92702;12673;7276;92681;92773;12778;5793;21371;92596,0.5440167188644409;0.5415759086608887;0.5364850759506226;0.5184295177459717;0.5174843072891235;0.5068243741989136;0.4977887272834778;0.4974985122680664;0.49345141649246216;0.4930664896965027
0,195,499,75421703,1.0,32326;30546;32354;32206;32603;32271;32270;33051;32160;33273,0.693522036075592;0.6855005025863647;0.6745660305023193;0.6711090803146362;0.6692241430282593;0.6683522462844849;0.663181722164154;0.6521883606910706;0.6372462511062622;0.6359203457832336
0,196,194,73156488,1.0,99709;99799;99782;96558;99268;85597;85186;635;84653;34909,0.8751893043518066;0.8259163498878479;0.7374180555343628;0.7040711045265198;0.6672196388244629;0.6188534498214722;0.597917377948761;0.5968270301818848;0.5908077955245972;0.5875353813171387
0,197,363,73339496,1.0,80574;10333;49015;50939;49693;80996;50316;80566;28165;49701,0.6225619316101074;0.6222871541976929;0.6142160892486572;0.6111074686050415;0.6004667282104492;0.5950978994369507;0.5946773290634155;0.5940427184104919;0.583528995513916;0.5802443027496338
0,198,170,73325407,1.0,9526;72807;10616;11133;10272;9622;13361;19740;16318;10676,0.6129230260848999;0.598525881767273;0.5978829860687256;0.5943351984024048;0.5893863439559937;0.5889058113098145;0.5775362253189087;0.5703467130661011;0.5688912272453308;0.567534863948822
0,199,395,75419363,1.0,99242;91356;91290;91617;91463;99303;84527;84366;84457;84654,0.6671334505081177;0.6389318108558655;0.6132377982139587;0.6048165559768677;0.602078914642334;0.5917831063270569;0.5883007049560547;0.5835254192352295;0.5828885436058044;0.5662903189659119
0,200,426,74130347,1.0,99289;99444;99390;97189;6725;98134;96985;99240;99375;96887,0.5549103021621704;0.5488680005073547;0.5280286073684692;0.526894211769104;0.5098022818565369;0.5083233714103699;0.5076063871383667;0.5058523416519165;0.5028007626533508;0.4934130311012268
0,201,252,75404993,1.0,12082;12101;85936;74765;73045;73171;10536;73442;73158;74110,0.6526356935501099;0.6346138715744019;0.6102635264396667;0.6005814075469971;0.5970790982246399;0.5939775705337524;0.590862512588501;0.5857110619544983;0.5791605114936829;0.5719830989837646
0,202,228,72795443,1.0,86889;67634;37049;67331;67286;67428;67334;81891;67719;86906,0.8222309350967407;0.7878584861755371;0.7836943864822388;0.7813898324966431;0.7779098749160767;0.7707401514053345;0.7614916563034058;0.7606030702590942;0.7572200298309326;0.7481777667999268
0,203,348,75633771,1.0,63365;84633;63478;84565;62868;62874;63377;63902;63784;63854,0.8007897138595581;0.7483819723129272;0.7325564622879028;0.7238470315933228;0.7227456569671631;0.7161274552345276;0.6973899602890015;0.6937159299850464;0.6143847703933716;0.6089193224906921
0,204,286,74095319,1.0,50089;34221;47053;50085;47686;32560;91016;93554;95375;79798,0.4819183945655823;0.47077882289886475;0.4704989790916443;0.46465736627578735;0.4635089635848999;0.4605024456977844;0.4555385112762451;0.45516490936279297;0.4513434171676636;0.45020246505737305
0,205,260,75860528,1.0,12861;55811;9343;55801;63054;47081;659;56465;8943;55797,0.585416316986084;0.5210826396942139;0.520045280456543;0.5188162326812744;0.5158265233039856;0.5076802968978882;0.4979623556137085;0.4939219355583191;0.4880775213241577;0.4840272068977356
0,206,54,74641792,1.0,96392;95981;29081;94866;94284;29064;97726;93891;96606;94983,0.69880211353302;0.644056499004364;0.6403418183326721;0.6400065422058105;0.635718584060669;0.6357005834579468;0.6337446570396423;0.6331711411476135;0.6252992153167725;0.6217414140701294
0,207,218,75575612,1.0,75575;75283;76752;75401;75316;75918;75619;75665;98381;76570,0.6851745843887329;0.6716433763504028;0.667516827583313;0.6526727676391602;0.6477317214012146;0.6466692686080933;0.6367603540420532;0.6314023733139038;0.627495527267456;0.6137094497680664
0,208,354,74454364,1.0,99602;98934;99401;99132;97010;96133;98867;96371;90570;35258,0.5590768456459045;0.5181055665016174;0.49323737621307373;0.4910481572151184;0.4811525344848633;0.47279053926467896;0.4594374895095825;0.4566325545310974;0.45467811822891235;0.45250600576400757
0,209,247,74964648,1.0,98087;71373;99917;99708;93437;78967;97770;88540;13512;38940,0.7513057589530945;0.7056275010108948;0.650994062423706;0.6240220069885254;0.6237183809280396;0.6219710111618042;0.6181062459945679;0.6096101403236389;0.6086934804916382;0.6076181530952454
0,210,274,73864280,1.0,7555;2699;75256;1918;83038;76680;76189;77938;75097;80970,0.6911094188690186;0.6357671022415161;0.6352032423019409;0.6325645446777344;0.625099778175354;0.6217328310012817;0.621574342250824;0.6198124885559082;0.6181782484054565;0.6067441701889038
0,211,455,74878979,1.0,78488;76968;85872;77034;75136;74392;50442;71242;84428;85947,0.7869242429733276;0.7243572473526001;0.6444917917251587;0.6328902840614319;0.6240680813789368;0.6119915843009949;0.6053065657615662;0.6026557087898254;0.6004856824874878;0.5985145568847656
0,212,67,76434632,1.0,99855;67640;37475;67730;31450;47588;67302;31805;9874;67946,0.7891373634338379;0.5355532169342041;0.5123617649078369;0.499767005443573;0.4959421157836914;0.4899851679801941;0.48713159561157227;0.4862207770347595;0.4857966899871826;0.48546457290649414
0,213,422,79036492,1.0,67144;99874;53637;7750;58563;4826;45455;79129;4666;83312,0.6521052122116089;0.6375057697296143;0.6168903112411499;0.5976210832595825;0.5920504331588745;0.5909634828567505;0.5862706899642944;0.581668496131897;0.5804987549781799;0.5754329562187195
0,214,250,74297986,1.0,81602;81815;79851;24555;17155;71910;71733;71656;79402;79244,0.6250068545341492;0.6236510276794434;0.5941559076309204;0.5906938910484314;0.584187924861908;0.5660699605941772;0.5624343156814575;0.5502118468284607;0.5490683317184448;0.5354974269866943
0,215,243,74106328,1.0,91031;64904;80197;26512;35016;10607;81323;56162;46341;55214,0.5753656625747681;0.5467307567596436;0.5219582319259644;0.4847567677497864;0.4804328680038452;0.4800644516944885;0.47506916522979736;0.47346675395965576;0.46128320693969727;0.45887184143066406
0,216,398,73260038,1.0,89008;88989;89016;77130;30869;77131;30987;30884;11964;61460,0.8127674460411072;0.7980900406837463;0.7397795915603638;0.7128185033798218;0.6935102939605713;0.6853163242340088;0.6833868026733398;0.678433895111084;0.6748853325843811;0.6659178137779236
0,217,418,74563732,1.0,99988;99842;73396;74316;55063;66332;72013;65992;66292;72446,0.7258673906326294;0.6991321444511414;0.6725696921348572;0.6705123782157898;0.6665042042732239;0.6488077640533447;0.6451289653778076;0.6373541951179504;0.6364685893058777;0.6340524554252625
0,218,223,74508053,1.0,98656;99001;98578;99276;98844;99047;98442;99865;98548;99638,0.6690238118171692;0.6638213396072388;0.6636297702789307;0.6542497873306274;0.6426109075546265;0.6355865001678467;0.6339657306671143;0.6296535134315491;0.6290784478187561;0.6289406418800354
0,219,371,75977067,1.0,23186;23191;81880;20559;28953;7091;20200;19959;66725;6752,0.4436837434768677;0.42967820167541504;0.40545302629470825;0.40017151832580566;0.3999655246734619;0.3916511535644531;0.3878779411315918;0.3826358914375305;0.37686002254486084;0.3736155033111572
0,220,91,71506117,1.0,28959;9694;43602;81141;80188;80792;42890;27597;81374;29082,0.6731650233268738;0.6641579866409302;0.6545675992965698;0.6428427696228027;0.6379602551460266;0.6320354342460632;0.6313106417655945;0.6031451225280762;0.6007723808288574;0.5971823930740356
0,221,59,75000598,1.0,56388;57410;57296;20804;20772;20819;20756;61999;57977;44777,0.763658881187439;0.681240975856781;0.6646208167076111;0.6492366790771484;0.6468722224235535;0.645050048828125;0.6425513029098511;0.6270349025726318;0.6181510090827942;0.5864415168762207
0,222,114,74491324,1.0,21653;60546;57344;92937;28196;22120;29153;57903;16684;73418,0.5764447450637817;0.4977392554283142;0.48641252517700195;0.47852855920791626;0.477109432220459;0.4770587086677551;0.4729998707771301;0.46527111530303955;0.4635751247406006;0.4594190716743469
0,223,415,74232357,1.0,84314;32283;32396;32431;32206;30820;97686;34166;30546;32515,0.7205832004547119;0.7078624963760376;0.6967992782592773;0.6953794956207275;0.6933228969573975;0.6837043166160583;0.6831905841827393;0.6829761862754822;0.6788477897644043;0.6732426881790161
0,224,43,74486844,1.0,91893;91992;94772;92590;95746;33285;92628;34976;34574;35352,0.6472299098968506;0.6428976655006409;0.6391474604606628;0.636838436126709;0.629967451095581;0.6241862177848816;0.6177627444267273;0.6136832237243652;0.6115217804908752;0.6111252307891846
0,225,283,76012976,1.0,99911;79027;95863;16703;16446;79018;16169;82116;78837;78830,0.7665613889694214;0.6403964757919312;0.637488842010498;0.6362966299057007;0.6302834749221802;0.6203650236129761;0.6141932010650635;0.6003462672233582;0.582535982131958;0.580412745475769
0,226,90,72903801,1.0,98940;99372;98986;98951;96734;99434;99157;98803;96808;96539,0.9620634913444519;0.9515188336372375;0.9316997528076172;0.9171960353851318;0.9158138632774353;0.907333493232727;0.8642679452896118;0.8449753522872925;0.8211098909378052;0.8150208592414856
0,227,362,75571271,1.0,28430;48324;7555;200;99885;1918;76680;75097;2699;14357,0.5877343416213989;0.5860174894332886;0.5770598649978638;0.5644304752349854;0.561088502407074;0.5445212721824646;0.5385857820510864;0.5378592610359192;0.5370554327964783;0.5362951755523682
0,228,427,73128479,1.0,71852;72407;70897;72086;60190;70687;70956;69004;70768;24489,0.7289167046546936;0.6819640398025513;0.6544426083564758;0.6443676948547363;0.6435937881469727;0.6260892748832703;0.6256049871444702;0.6207805275917053;0.6144790649414062;0.6134329438209534
0,229,324,74533923,1.0,70017;78319;70426;39941;23960;96077;96015;69463;98602;95739,0.6593890190124512;0.5898221731185913;0.5853935480117798;0.5853530168533325;0.568842351436615;0.5629457235336304;0.5602849721908569;0.5597244501113892;0.5592207908630371;0.5514804124832153
0,230,63,76532420,1.0,45961;88280;96740;54659;54671;53276;53142;92819;30825;68250,0.5260547399520874;0.5143439769744873;0.496341347694397;0.49593108892440796;0.489591121673584;0.4880380630493164;0.485828697681427;0.48165082931518555;0.47981715202331543;0.47814416885375977
0,231,213,74019649,1.0,98096;19330;18945;92230;63043;39629;39920;39620;18854;51645,0.7167081832885742;0.6244396567344666;0.6040991544723511;0.5959233641624451;0.5832454562187195;0.5803451538085938;0.577637791633606;0.5633304119110107;0.5613781809806824;0.5606942772865295
0,232,386,74344885,1.0,96603;96084;92159;92050;91947;96256;85594;64982;93586;96472,0.8768789768218994;0.7975494861602783;0.789870023727417;0.7880051732063293;0.7655705213546753;0.7508578300476074;0.7475908994674683;0.7430800199508667;0.7365975379943848;0.7362082004547119
0,233,318,74973498,1.0,98770;13156;96447;48113;13791;99804;13092;90849;13793;99048,0.563524067401886;0.5412583351135254;0.5297170877456665;0.5140616297721863;0.5057762861251831;0.504355788230896;0.49508237838745117;0.4770418405532837;0.46611809730529785;0.46604275703430176
0,234,9,73848541,1.0,68546;79162;71468;83691;68834;74076;78069;77292;78554;80662,0.7765666246414185;0.7352660894393921;0.7060893177986145;0.6984254717826843;0.6966649293899536;0.6921185255050659;0.6824753284454346;0.6678224802017212;0.6669127345085144;0.6638529300689697
0,235,323,73703892,1.0,99472;99465;95847;99909;95349;95769;95065;95719;96090;95325,0.882422924041748;0.8742632269859314;0.8673494458198547;0.8488739728927612;0.8423854112625122;0.812025785446167;0.8114733695983887;0.7967218160629272;0.7951025366783142;0.7610971927642822
0,236,221,74859360,1.0,74676;3329;17197;74612;74539;87994;2560;3428;70024;89112,0.7004711031913757;0.6700724363327026;0.6603399515151978;0.6567419767379761;0.6548139452934265;0.654082715511322;0.653677761554718;0.6534847021102905;0.6510321497917175;0.6424258947372437
0,237,7,75809589,1.0,28948;28833;6217;41097;27876;28094;33610;61370;30894;33576,0.581961989402771;0.5678068399429321;0.512604832649231;0.471882700920105;0.4693031907081604;0.46225762367248535;0.4555760622024536;0.45238637924194336;0.449762761592865;0.4416489601135254
0,238,11,74135628,1.0,10884;10617;71278;10934;16121;26644;26539;85319;35171;70987,0.6099876761436462;0.6031607389450073;0.5688997507095337;0.5513877272605896;0.5403956770896912;0.5373433828353882;0.5290716886520386;0.5262402892112732;0.5234792828559875;0.5160640478134155
0,239,5,74663552,1.0,83059;84126;83061;99536;84209;99680;88552;60968;97173;94748,0.803592324256897;0.7911999821662903;0.7542254328727722;0.7538000345230103;0.7484829425811768;0.7426307201385498;0.7374628782272339;0.7322202920913696;0.7258577942848206;0.7244389057159424
0,240,157,74095708,1.0,82975;31306;89805;69212;34918;84456;61425;89601;89227;72924,0.5176299810409546;0.5125331878662109;0.47531282901763916;0.47464215755462646;0.47310739755630493;0.47021400928497314;0.46718817949295044;0.46469736099243164;0.4626641273498535;0.4620612859725952
0,241,477,76615260,1.0,6752;62402;50580;4266;94838;55769;95413;4950;5852;55740,0.3759336471557617;0.36811214685440063;0.36677873134613037;0.3571104407310486;0.35412871837615967;0.3524829149246216;0.34909582138061523;0.34805387258529663;0.34805387258529663;0.34760814905166626
0,242,236,74658372,1.0,98925;7565;28362;82323;91415;246;20210;61412;58987;85520,0.7160060405731201;0.48265540599823;0.479974627494812;0.47973358631134033;0.4750814437866211;0.47415149211883545;0.46120864152908325;0.459756076335907;0.45074737071990967;0.44636213779449463
0,243,181,76467322,1.0,99086;97959;99877;98561;99469;98017;98388;98985;99516;98970,0.7829710841178894;0.6973469257354736;0.6849199533462524;0.6802031993865967;0.6735968589782715;0.6732633113861084;0.6663188934326172;0.6646676063537598;0.6620913743972778;0.6607958674430847
0,244,249,71312459,1.0,98700;98636;95389;98182;98062;97834;98823;97895;94090;95910,0.6783609390258789;0.6706986427307129;0.6530905961990356;0.6333112120628357;0.6268847584724426;0.6266458034515381;0.6212934255599976;0.61905837059021;0.6162497997283936;0.6125471591949463
0,245,339,74697012,1.0,96075;59985;23692;91754;62815;23916;3258;24011;74281;84839,0.7525268197059631;0.6801154613494873;0.645514726638794;0.5772194266319275;0.5693383812904358;0.5673015117645264;0.5653965473175049;0.5578761696815491;0.5524073839187622;0.5506043434143066
0,246,297,73477365,1.0,99775;99644;99636;84609;99652;99620;99792;99996;99546;99483,0.7761743068695068;0.7732846736907959;0.757016658782959;0.7540761232376099;0.7532449960708618;0.7515434622764587;0.7512049674987793;0.7432196140289307;0.7393400073051453;0.7392090559005737
0,247,299,73916450,1.0,31091;19444;40705;30823;22370;7676;10681;66399;83939;23665,0.4584847092628479;0.43448352813720703;0.4310920238494873;0.42425429821014404;0.4145604968070984;0.41030699014663696;0.41029369831085205;0.40712010860443115;0.4035698175430298;0.4013058543205261
0,248,174,73862021,1.0,99672;99453;99381;99522;99430;99384;99809;59332;99596;99658,0.752968966960907;0.6419895887374878;0.6023752093315125;0.5955853462219238;0.5899465084075928;0.5898313522338867;0.571748673915863;0.5705527067184448;0.5683966875076294;0.5580348968505859
0,249,449,76103276,1.0,77681;76359;69007;94222;94424;94330;94130;69138;94334;58726,0.5823652744293213;0.5724685788154602;0.5588817000389099;0.5328283309936523;0.5258095264434814;0.520336389541626;0.5193434953689575;0.5175387859344482;0.4980323910713196;0.4948813319206238
0,250,406,73842961,1.0,99373;99283;99534;99264;99299;99477;84523;66762;87276;67214,0.7436753511428833;0.6999410390853882;0.6978969573974609;0.6954873204231262;0.6929780840873718;0.6353261470794678;0.5906482934951782;0.5545316934585571;0.550764262676239;0.5498490333557129
0,251,326,74818990,1.0,88989;89008;89016;30869;77131;77130;30987;12013;73031;30884,0.7681971192359924;0.7385436296463013;0.7049278020858765;0.6325746178627014;0.6230989694595337;0.6030483841896057;0.586674690246582;0.5812627077102661;0.5764837265014648;0.5734771490097046
0,252,392,73669723,1.0,99826;99654;80941;82841;82098;99858;81354;81006;80500;82251,0.7678753733634949;0.7668672800064087;0.7313138246536255;0.7256187796592712;0.7114014029502869;0.7059020400047302;0.6838721632957458;0.6820734739303589;0.6768460273742676;0.6416953206062317
0,253,330,74840410,1.0,38947;13512;90727;17606;18308;37891;24266;93815;18435;20346,0.7341815829277039;0.7296147346496582;0.7124685645103455;0.6836636066436768;0.6817166209220886;0.6803462505340576;0.6802368760108948;0.6682074666023254;0.6672714948654175;0.665552020072937
0,254,266,74659272,1.0,45006;46445;45457;44356;45504;44373;11805;89285;45488;45616,0.6370864510536194;0.6340328454971313;0.6236062049865723;0.6091797351837158;0.6063466668128967;0.6053025722503662;0.5804117918014526;0.5651452541351318;0.5642712116241455;0.5260898470878601
0,255,265,74981549,1.0,32206;97686;33167;33273;32160;30546;34166;25044;72000;90720,0.7525839805603027;0.7479699850082397;0.7401324510574341;0.7258540391921997;0.7214420437812805;0.7205809354782104;0.7087460160255432;0.7043876647949219;0.7000350952148438;0.6964401006698608
0,256,100,73360406,1.0,28959;81417;29082;43602;80901;81183;65441;81141;41998;14062,0.7161942720413208;0.7082710266113281;0.6395391821861267;0.6142758131027222;0.6025639772415161;0.6002793312072754;0.59046471118927;0.5842908620834351;0.5800249576568604;0.5788083672523499
0,257,319,75771999,1.0,91754;4425;23692;59985;23916;96075;12415;4937;24011;12412,0.7132436633110046;0.6786864995956421;0.6522899866104126;0.6496371030807495;0.6398668885231018;0.6275696158409119;0.6230897903442383;0.6178405284881592;0.6172856092453003;0.6080670356750488
0,258,92,74111198,1.0,4920;15670;33720;62852;62730;69815;97716;18317;72122;78027,0.5042451620101929;0.47934865951538086;0.46438175439834595;0.4577317237854004;0.457566499710083;0.4456171989440918;0.4434725046157837;0.43762385845184326;0.43642181158065796;0.43640023469924927
0,259,434,76890957,1.0,73379;3570;23922;23840;49493;87150;75902;79911;72071;72115,0.6136754751205444;0.5923709869384766;0.5755100250244141;0.5595021843910217;0.5556881427764893;0.5544090270996094;0.5525819063186646;0.5515204668045044;0.5341761708259583;0.5339100360870361
0,260,298,73727552,1.0,99867;8991;8846;8832;71527;71526;9503;71701;8969;71810,0.7674529552459717;0.7589637041091919;0.7108606696128845;0.684316873550415;0.6817976832389832;0.6776835322380066;0.6707652807235718;0.6699320077896118;0.6646753549575806;0.6611449718475342
0,261,269,75028318,1.0,43517;30545;30667;31740;46303;31663;30297;30385;24349;24316,0.777427613735199;0.7558859586715698;0.7470797300338745;0.7311292290687561;0.7243300676345825;0.7133777141571045;0.7073702216148376;0.7046852111816406;0.7034540772438049;0.6992120742797852
0,262,486,74756951,1.0,92702;93573;92681;72002;98545;96832;13653;59930;5793;7276,0.4812748432159424;0.45483583211898804;0.44720005989074707;0.4323660135269165;0.42397540807724;0.4186345338821411;0.4181044101715088;0.4134615659713745;0.4095454812049866;0.4091266989707947
0,263,344,75560201,1.0,80697;66588;19581;87070;91430;92659;66106;57059;57122;73105,0.6180154085159302;0.5212905406951904;0.4884617328643799;0.48508936166763306;0.48434925079345703;0.47559040784835815;0.4684576392173767;0.465623676776886;0.45640289783477783;0.4554317593574524
0,264,162,73604423,1.0,98713;99997;39047;98603;99821;48370;98307;62508;48288;67177,0.756570041179657;0.7492375373840332;0.7106165885925293;0.679740846157074;0.6740759015083313;0.6633855104446411;0.6615570783615112;0.6416794061660767;0.6163443326950073;0.6151639819145203
0,265,410,74599042,1.0,49329;25710;35420;78702;8466;7520;77454;73285;28609;78943,0.566525936126709;0.5660760402679443;0.5261693000793457;0.5258380174636841;0.5207616090774536;0.5164714455604553;0.5162573456764221;0.5134222507476807;0.5063562393188477;0.5023807287216187
0,266,40,73745402,1.0,56388;57410;57977;20819;20756;20804;20772;57296;30390;57473,0.7937664985656738;0.7261576652526855;0.7098774313926697;0.6776556968688965;0.6765139102935791;0.6758931875228882;0.6645736694335938;0.654498279094696;0.6329687833786011;0.6328831911087036
0,267,81,76140825,1.0,99917;79803;13512;99708;98087;98698;37801;91880;94997;98793,0.9538967609405518;0.7395779490470886;0.7334513664245605;0.7127689123153687;0.6938268542289734;0.671384334564209;0.6653523445129395;0.661352276802063;0.6557974219322205;0.6532843112945557
0,268,291,74767781,1.0,94512;43021;57303;41321;69992;70642;16689;58246;54788;41290,0.6893092393875122;0.4862537384033203;0.4815179705619812;0.45544010400772095;0.448999285697937;0.44467079639434814;0.43917423486709595;0.4313313364982605;0.42883777618408203;0.4274381399154663
0,269,201,72490026,1.0,83642;55418;28035;55589;83206;85819;52873;74220;55632;55456,0.7337847948074341;0.6959772109985352;0.695930004119873;0.6747055053710938;0.6733033657073975;0.6720939874649048;0.6696609258651733;0.6663668751716614;0.6625074148178101;0.6607590913772583
0,270,262,73256858,1.0,43726;44137;43783;43920;77051;77093;77086;44573;77164;77776,0.7184114456176758;0.7087470293045044;0.7057741284370422;0.6518096923828125;0.6375144720077515;0.6290092468261719;0.6214934587478638;0.6187361478805542;0.6171189546585083;0.6072909832000732
0,271,366,74592853,1.0,89651;91399;47404;60139;1235;2730;1366;60663;95377;20521,0.640468955039978;0.6350208520889282;0.6265919208526611;0.616030216217041;0.6129205226898193;0.6129205226898193;0.6064028143882751;0.6052418947219849;0.6035792827606201;0.6016501188278198
0,272,275,73566885,1.0,95263;95130;93939;95143;85741;77267;99884;94175;74635;84734,0.672081708908081;0.6623625755310059;0.655068039894104;0.6300398707389832;0.6216737627983093;0.6124069094657898;0.604075014591217;0.5875509977340698;0.5772016048431396;0.5543258190155029
0,273,107,76215744,1.0,99956;99394;99421;99133;98958;99893;99207;99156;17761;98955,0.903887152671814;0.8544608354568481;0.8392881751060486;0.7537537813186646;0.7407889366149902;0.739230215549469;0.6710004806518555;0.6472958922386169;0.6440759897232056;0.6343144178390503
0,274,438,72034801,1.0,12899;9392;15646;713;75369;1515;30748;941;931;929,0.5771322250366211;0.5712778568267822;0.5644016265869141;0.5579556226730347;0.5547667145729065;0.5465073585510254;0.5431972742080688;0.5390267968177795;0.537727952003479;0.5289410352706909
0,275,368,72989391,1.0,26459;58635;28034;59124;50828;84730;60628;37641;58662;66870,0.5569870471954346;0.5534322261810303;0.5427774786949158;0.5392426252365112;0.534209132194519;0.5340893268585205;0.5305162072181702;0.5259694457054138;0.5255348682403564;0.5206711888313293
0,276,196,73429685,1.0,90146;30504;38131;1268;87246;724;32269;11506;96069;46929,0.6139735579490662;0.5920168161392212;0.551270604133606;0.541100263595581;0.5307677984237671;0.5232630968093872;0.5126784443855286;0.5111426115036011;0.5087533593177795;0.508592426776886
0,277,389,72816323,1.0,10462;58183;78186;54698;10422;44085;10103;95476;43483;47354,0.49024713039398193;0.479577898979187;0.4780151844024658;0.4754140377044678;0.46499085426330566;0.4520289897918701;0.44066065549850464;0.44019514322280884;0.4377412796020508;0.4259342551231384
0,278,56,72348478,1.0,93837;60699;60592;60380;60424;63874;99902;58153;62662;62760,0.7950184941291809;0.7868272066116333;0.7756757736206055;0.7751752138137817;0.7610673904418945;0.730959415435791;0.7201275825500488;0.7196502685546875;0.7082216143608093;0.7039035558700562
0,279,390,71848643,1.0,91143;84633;84565;63478;86916;38206;41060;37198;96268;62868,0.7430949807167053;0.6057952046394348;0.604936957359314;0.5864306092262268;0.5254908800125122;0.5232471227645874;0.513073742389679;0.5095412731170654;0.5087600350379944;0.4943997859954834
0,280,425,72128530,1.0,63432;63800;60534;61034;63760;60501;60843;60713;60374;66748,0.8262330293655396;0.7865716814994812;0.7445990443229675;0.7106775045394897;0.6983259916305542;0.6934810876846313;0.6857272982597351;0.6762006282806396;0.6577463150024414;0.6458856463432312
0,281,469,71460877,1.0,79840;95985;70408;79869;71038;55452;78387;78552;80047;62505,0.6327909231185913;0.6138839721679688;0.5809451937675476;0.5783320069313049;0.5748183727264404;0.566277027130127;0.5632747411727905;0.5616518259048462;0.560899555683136;0.5559207201004028
0,282,79,72476516,1.0,94739;97417;94681;94279;96524;36857;96416;96645;94811;33936,0.6441982984542847;0.6432837247848511;0.6137257814407349;0.6065076589584351;0.5871879458427429;0.5788109302520752;0.577170193195343;0.5747758150100708;0.5737003087997437;0.5718226432800293
0,283,37,74289595,1.0,99821;98331;62508;36322;36975;98307;99566;98348;36239;98399,0.6019678115844727;0.6007112264633179;0.5606534481048584;0.5598871111869812;0.5532400608062744;0.5408754944801331;0.527218759059906;0.5161674618721008;0.5137388110160828;0.5079796314239502
0,284,58,70944013,1.0,99871;96829;76441;18706;96910;39586;90248;96895;84860;69485,0.681026816368103;0.5760591626167297;0.5681702494621277;0.5556729435920715;0.5510081052780151;0.5506867170333862;0.5469330549240112;0.5344240069389343;0.5322784185409546;0.5253016352653503
0,285,117,74982278,1.0,89103;91480;63529;71210;63006;84532;83276;64750;69307;64687,0.7250745296478271;0.7051524519920349;0.6635727882385254;0.65416419506073;0.6502255201339722;0.642859935760498;0.6327258944511414;0.6316691040992737;0.6201610565185547;0.6191306710243225
0,286,350,73131499,1.0,89008;88989;89016;30987;30869;77130;30884;11964;77131;12013,0.711007297039032;0.7008544206619263;0.6626551747322083;0.5881301760673523;0.5879272818565369;0.5829125642776489;0.5803465843200684;0.5746273994445801;0.5687681436538696;0.5638312101364136
0,287,295,74217047,1.0,84314;33193;33205;30546;33273;88118;32206;32160;75381;34166,0.7463312745094299;0.7458147406578064;0.7397143840789795;0.7315760850906372;0.7270833849906921;0.7197457551956177;0.713471531867981;0.7127261161804199;0.6982795000076294;0.6943498849868774
0,288,464,71573237,1.0,87422;87434;82978;11682;83223;45577;10916;83191;45643;45572,0.6356520652770996;0.6317092180252075;0.6242574453353882;0.5979444980621338;0.5961090922355652;0.5791388154029846;0.5755487084388733;0.5680961608886719;0.5625147819519043;0.5611958503723145
0,289,127,74227247,1.0,13980;12215;14759;15395;11690;14463;72878;19740;11655;25825,0.8710465431213379;0.8338290452957153;0.8314718008041382;0.8261697292327881;0.811457097530365;0.8068355321884155;0.8052117824554443;0.7966314554214478;0.7916700839996338;0.7721518278121948
0,290,240,73311307,1.0,1175;36094;1513;1166;31082;82606;91975;91985;96629;27467,0.5774574279785156;0.5752865672111511;0.5721808671951294;0.5698503255844116;0.5657899379730225;0.5520457029342651;0.542294442653656;0.5398394465446472;0.5250705480575562;0.523834764957428
0,291,69,74189187,1.0,99895;23249;94761;96266;59272;21152;24054;80215;49647;80954,0.8907160758972168;0.6357017159461975;0.5898356437683105;0.583427906036377;0.5665274858474731;0.565873384475708;0.5649732351303101;0.5563243627548218;0.5502471923828125;0.5465131998062134
0,292,480,72346788,1.0,99880;199;24407;36449;8615;10341;11764;30809;12134;61262,0.7440508008003235;0.5440806150436401;0.4904935359954834;0.4711897373199463;0.4691697359085083;0.4660070538520813;0.4652089476585388;0.4528236389160156;0.45146942138671875;0.44610297679901123
0,293,400,74032969,1.0,99874;67144;79129;84188;49161;53637;52915;91837;36248;98910,0.8350961208343506;0.6675259470939636;0.5710266828536987;0.5407627820968628;0.5323917865753174;0.5230013132095337;0.5213824510574341;0.5210554003715515;0.5163323283195496;0.5118459463119507
0,294,151,73198269,1.0,98986;99434;98940;99372;98951;96734;99157;96539;96808;99403,0.9242568016052246;0.8943325877189636;0.8748290538787842;0.8706550598144531;0.8633314371109009;0.8484792113304138;0.821732223033905;0.7990927696228027;0.7881548404693604;0.7784494757652283
0,295,376,75670771,0.9,4330;93882;94084;39539;58990;25212;94354;30284;82314;56609,0.4470057487487793;0.4276541471481323;0.4180905222892761;0.4123213291168213;0.36607325077056885;0.3654802441596985;0.36047226190567017;0.35851192474365234;0.3565518856048584;0.3523292541503906
0,296,28,72973991,1.0,27320;62317;74264;48690;67573;48275;48872;47753;48005;48425,0.5979247093200684;0.5535271167755127;0.5157174468040466;0.5088353157043457;0.5074468851089478;0.49358105659484863;0.48711884021759033;0.48643970489501953;0.47945111989974976;0.4712454676628113
0,297,93,75053627,1.0,43767;16496;28094;16444;10555;58501;1746;28948;28833;4398,0.4066578149795532;0.40120816230773926;0.3998321294784546;0.38577234745025635;0.38366854190826416;0.38356590270996094;0.3744692802429199;0.37256669998168945;0.37246614694595337;0.3621143102645874
0,298,244,72716783,1.0,82912;82724;44292;83348;87731;40259;79278;41147;36174;85064,0.6029160022735596;0.572136640548706;0.5684926509857178;0.5554745197296143;0.5508871078491211;0.5490038394927979;0.5428012609481812;0.5294501185417175;0.5283008813858032;0.5215548276901245
0,299,419,77179074,1.0,4934;15439;5047;21652;26607;4289;72726;98633;21719;96414,0.42122578620910645;0.4099218249320984;0.4000208377838135;0.3954411745071411;0.3947599530220032;0.39470934867858887;0.3903472423553467;0.3898923993110657;0.3868873119354248;0.38563698530197144
0,300,108,71227980,1.0,99726;99349;98278;98780;99578;99168;99903;99114;99706;98600,0.7137902975082397;0.6182044148445129;0.614069938659668;0.5533597469329834;0.5459306836128235;0.5249836444854736;0.5113446116447449;0.5074386596679688;0.4762536287307739;0.4621783494949341
0,301,115,74985848,1.0,98717;99994;38670;48324;34360;14357;63116;70138;66442;200,0.5230769515037537;0.5058248043060303;0.49874603748321533;0.487110435962677;0.47704237699508667;0.475280225276947;0.47378337383270264;0.47137272357940674;0.4679639935493469;0.4594871997833252
0,302,453,72839482,1.0,19078;18104;79352;6332;38364;79009;39217;43018;79223;38799,0.6406791806221008;0.6168085336685181;0.5966634750366211;0.5955682992935181;0.5943725109100342;0.5911897420883179;0.5843331813812256;0.5507920384407043;0.542352557182312;0.5376608371734619
0,303,353,74379985,1.0,99010;99896;33541;99035;30946;30940;33699;36779;41671;41641,0.7632628679275513;0.7303938865661621;0.730380117893219;0.7264408469200134;0.6850697994232178;0.657391369342804;0.6291191577911377;0.6236739754676819;0.5765789151191711;0.5719527006149292
0,304,346,74960778,0.8,61463;30919;89053;96313;89066;82510;72573;14828;20350;67774,0.6723683476448059;0.6145387887954712;0.5732735395431519;0.5702621936798096;0.5184575319290161;0.4847603440284729;0.3947945237159729;0.3846879005432129;0.3782287836074829;0.3749386668205261
0,305,51,77707647,1.0,98780;99114;99168;98278;99903;99578;99349;98600;98869;99726,0.7232977747917175;0.6960587501525879;0.6795117855072021;0.6782417893409729;0.6481384038925171;0.6470356583595276;0.6183055639266968;0.5121101140975952;0.4721904993057251;0.461608350276947
0,306,468,77211243,1.0,98457;97888;56696;99458;26759;73833;97869;98664;26780;72580,0.48124510049819946;0.4776071310043335;0.46588945388793945;0.4655632972717285;0.46296751499176025;0.46176213026046753;0.45545411109924316;0.45300328731536865;0.45272886753082275;0.4501112699508667
0,307,496,76460012,1.0,18028;18010;60273;55128;46747;79748;79523;58049;79606;23185,0.5433139204978943;0.5331945419311523;0.5242727994918823;0.5117485523223877;0.5063756108283997;0.5023149251937866;0.49531495571136475;0.49081742763519287;0.4878731966018677;0.48684728145599365
0,308,358,73285767,1.0,98636;98823;98182;51256;98700;51212;97834;97895;92102;97813,0.7122384905815125;0.7008576393127441;0.6923627853393555;0.6893577575683594;0.6749221682548523;0.6679543256759644;0.6634261608123779;0.6620991230010986;0.6532618403434753;0.6460164189338684
0,309,433,75121157,1.0,68426;6750;61419;82762;83104;83064;68414;8102;29374;83317,0.5081272721290588;0.48331308364868164;0.47466719150543213;0.4672778844833374;0.4649272561073303;0.4603263735771179;0.457988440990448;0.45798224210739136;0.4453132748603821;0.44504880905151367
0,310,134,74150347,1.0,30858;5641;97728;6203;10659;99710;55710;55386;95411;1141,0.5264114737510681;0.5118964910507202;0.5061405897140503;0.4934958219528198;0.48142582178115845;0.47916561365127563;0.4580897092819214;0.45673757791519165;0.450478196144104;0.4497661590576172
0,311,125,73511395,1.0,59202;58474;59262;58688;45429;63152;49139;42169;85373;46860,0.7046381235122681;0.6646405458450317;0.6559245586395264;0.647454023361206;0.6294859051704407;0.6254935264587402;0.6149612069129944;0.5950043201446533;0.5902552008628845;0.5891879200935364
0,312,27,73673473,1.0,35842;99498;46545;37271;99676;36612;74366;28177;35612;28384,0.7593405246734619;0.7535296678543091;0.7357950210571289;0.7203952074050903;0.7044249773025513;0.6841139793395996;0.677230715751648;0.6717022061347961;0.652489423751831;0.6410484910011292
0,313,147,74797451,1.0,50614;40201;35976;42975;38523;43973;70904;52393;68169;34271,0.6109144687652588;0.5903401374816895;0.5890556573867798;0.5694888234138489;0.5482136011123657;0.5092799067497253;0.5060195326805115;0.5021458864212036;0.5015043020248413;0.49349653720855713
0,314,458,75095657,1.0,12794;72544;12998;16209;23401;6997;42209;17492;1219;21323,0.5855868458747864;0.5788209438323975;0.5684772729873657;0.5627822875976562;0.5593247413635254;0.5515936613082886;0.5511001944541931;0.5466362833976746;0.5466302633285522;0.5383369326591492
0,315,205,74479514,1.0,99910;99455;19089;41580;94664;93932;40404;94196;91826;43221,0.7816221117973328;0.7273940443992615;0.532573401927948;0.5267961621284485;0.5192945003509521;0.5153809785842896;0.4932304620742798;0.48615896701812744;0.4791412353515625;0.4738471508026123
0,316,31,73976320,1.0,99876;99970;45524;44884;47276;43881;46717;46020;49259;46022,0.7986617088317871;0.7894130945205688;0.7381929755210876;0.7230795621871948;0.7175217866897583;0.7016867399215698;0.6815700531005859;0.6803285479545593;0.6796460747718811;0.6743336319923401
0,317,446,75677241,1.0,94813;94904;94421;96483;93178;96457;46872;60053;99984;53368,0.6810215711593628;0.5978478193283081;0.5973864793777466;0.5496792793273926;0.5405769944190979;0.5358004570007324;0.5161410570144653;0.5140775442123413;0.5132063031196594;0.49333590269088745
0,318,476,74775531,0.9,757;3769;27509;1448;27443;76398;80340;31053;97600;5209,0.46173709630966187;0.4405621290206909;0.42938220500946045;0.41583704948425293;0.4125305414199829;0.39182984828948975;0.38424253463745117;0.3828297257423401;0.3827661871910095;0.3765857219696045
0,319,497,73739192,1.0,93484;94409;89135;80279;95031;93692;80149;94983;93891;95191,0.6358668804168701;0.5891085267066956;0.5834847688674927;0.5827526450157166;0.5522737503051758;0.5500476956367493;0.5454186201095581;0.5421223640441895;0.5360771417617798;0.5050209164619446
0,320,164,74811450,1.0,28948;28833;34620;41097;28094;6217;8683;33383;33610;98755,0.5315238833427429;0.5291104316711426;0.4784509539604187;0.46773695945739746;0.46438759565353394;0.46431493759155273;0.46028411388397217;0.45931506156921387;0.45618677139282227;0.4504495859146118
0,321,109,74717451,1.0,99020;99552;99169;83230;83081;83089;99749;82913;70461;87857,0.6792927980422974;0.6752400994300842;0.6435683965682983;0.6073537468910217;0.6026393175125122;0.5821637511253357;0.5810350179672241;0.5721136927604675;0.5438282489776611;0.5431860685348511
0,322,167,74048449,1.0,99552;99169;99020;83089;83230;34100;83081;82913;42063;84547,0.7255352735519409;0.7135339379310608;0.6895204186439514;0.6789601445198059;0.6658873558044434;0.6490786075592041;0.639888346195221;0.638526201248169;0.6320079565048218;0.6296866536140442
0,323,197,75426034,1.0,83811;83777;84362;89731;87042;83896;84505;84708;83962;85339,0.7711278796195984;0.729731023311615;0.6727139949798584;0.6515347957611084;0.6337713003158569;0.627184271812439;0.6226917505264282;0.6212644577026367;0.6206645369529724;0.617200493812561
0,324,173,75683071,0.9,19079;3652;96799;31581;17452;92823;76530;31024;87437;46590,0.43978631496429443;0.4160115122795105;0.4013035297393799;0.39464837312698364;0.3839735984802246;0.3838721513748169;0.37469494342803955;0.36723464727401733;0.3615676760673523;0.361120343208313
0,325,1,75407024,1.0,83081;99552;4920;99169;99020;99564;99749;79969;83018;52919,0.6774842143058777;0.6637164950370789;0.6411682367324829;0.6362151503562927;0.6325393915176392;0.6092123985290527;0.607930064201355;0.6057844161987305;0.5835710763931274;0.5638439655303955
0,326,474,73736912,1.0,45869;28153;45839;45742;45899;28167;65361;65249;64188;92407,0.6148806810379028;0.6084104776382446;0.5980137586593628;0.5852367877960205;0.5814588069915771;0.5475687980651855;0.5472967624664307;0.5471745729446411;0.5403450131416321;0.5382302403450012
0,327,343,74103228,1.0,59443;24620;91875;79868;34007;65376;19118;91585;81231;24565,0.6336790323257446;0.6196591854095459;0.6129980683326721;0.6074802875518799;0.5849593877792358;0.5623493194580078;0.5498272180557251;0.5462653636932373;0.5299555063247681;0.517667293548584
0,328,88,72733294,1.0,25979;25995;50938;59642;57797;52362;77871;76360;23073;1701,0.6274040937423706;0.5689243078231812;0.5613759756088257;0.5506963729858398;0.5317659378051758;0.5230410099029541;0.5205506086349487;0.5176001787185669;0.5062134265899658;0.5054739713668823
0,329,229,74974869,1.0,38439;38292;38289;38341;74388;38429;74414;38296;74416;74491,0.8318440914154053;0.8241878747940063;0.7938134074211121;0.7898147106170654;0.7501512169837952;0.7286393642425537;0.7183154821395874;0.7121157050132751;0.7028390765190125;0.7028149962425232
0,330,87,74860740,1.0,16077;62117;18393;16253;3758;99780;50258;54141;59056;76862,0.7660738229751587;0.7642896175384521;0.7574523687362671;0.7572424411773682;0.7502950429916382;0.7444462180137634;0.7387628555297852;0.727120041847229;0.7204434871673584;0.6849058866500854
0,331,113,75927228,1.0,99970;99876;47276;44884;40810;44954;43881;46020;46948;44796,0.8123897314071655;0.791797935962677;0.6998010873794556;0.6963970065116882;0.6897814273834229;0.6628084778785706;0.6618533730506897;0.6582410335540771;0.6551167964935303;0.6524259448051453
0,332,202,74233096,1.0,99948;99868;57883;98034;96876;96985;96828;77625;96907;96838,0.6658874154090881;0.646926999092102;0.6105812788009644;0.6028608679771423;0.5714598894119263;0.5703179836273193;0.5688605308532715;0.5682052373886108;0.5655093193054199;0.5532333850860596
0,333,263,75055518,1.0,33052;66039;82306;87274;4060;81297;82849;4859;68796;66035,0.6554665565490723;0.6375269889831543;0.636339008808136;0.6183446645736694;0.6174914836883545;0.5942991971969604;0.5939228534698486;0.5858007669448853;0.5830145478248596;0.5793647766113281
0,334,206,73514445,1.0,93772;99872;26307;99415;99412;81724;32084;99360;88539;82152,0.5652316808700562;0.5175403356552124;0.5129319429397583;0.5057247281074524;0.5016412138938904;0.49576622247695923;0.49454188346862793;0.4908614754676819;0.4796726107597351;0.4787949323654175
0,335,391,75199685,1.0,99988;99842;73180;74419;72013;57543;50478;65992;66332;73367,0.840027928352356;0.7446093559265137;0.7258543968200684;0.7212008237838745;0.7209388017654419;0.7130920886993408;0.711932897567749;0.7089871168136597;0.7022624015808105;0.7005364894866943
0,336,424,75006628,1.0,99887;97105;72711;12445;79096;91426;96344;84790;85003;31765,0.6772395372390747;0.5387665629386902;0.5373415946960449;0.520887017250061;0.5206762552261353;0.5071582794189453;0.5070910453796387;0.5055201053619385;0.5027264356613159;0.5013473033905029
0,337,475,75713521,1.0,27879;36950;58732;95609;59898;50263;95469;76281;60336;65851,0.6851425766944885;0.6761290431022644;0.66423100233078;0.6504003405570984;0.6455255746841431;0.6439357399940491;0.6385228633880615;0.6375883221626282;0.6223564147949219;0.6139124631881714
0,338,42,73482225,1.0,91872;88725;95906;46781;87391;46373;57272;34844;98932;46387,0.8499437570571899;0.8337686061859131;0.8164377808570862;0.8045318126678467;0.8019454479217529;0.7961506247520447;0.7893683314323425;0.7869805097579956;0.7842328548431396;0.7818742990493774
0,339,375,80343498,1.0,39989;82278;39961;79729;29901;87946;80709;79485;32757;30897,0.7849493026733398;0.7711505889892578;0.7492011785507202;0.7322282791137695;0.7063726186752319;0.7017761468887329;0.7010006308555603;0.6992598176002502;0.6967688202857971;0.6944544315338135
0,340,267,80077021,1.0,82912;44292;27789;82724;27529;33904;39417;41147;33510;87731,0.604608416557312;0.584314227104187;0.5750386714935303;0.5743306875228882;0.5694471597671509;0.5532006025314331;0.5492247343063354;0.548552393913269;0.5467406511306763;0.5431457757949829
0,341,129,75227026,1.0,35529;35521;16540;17242;48961;70070;15772;10698;48835;26250,0.5037503242492676;0.499541699886322;0.46357232332229614;0.451480507850647;0.422898530960083;0.42256367206573486;0.41964489221572876;0.3924342393875122;0.38169050216674805;0.37643712759017944
0,342,25,74580213,1.0,69395;69434;95052;35498;99982;99314;99226;26852;99274;41868,0.8158252239227295;0.8069964647293091;0.7653625011444092;0.7481244802474976;0.7338624000549316;0.718923807144165;0.6940147876739502;0.6861224174499512;0.677138090133667;0.5849692821502686
0,343,61,74839859,1.0,58936;50946;58326;58420;96251;31826;96705;60246;29670;96485,0.6714303493499756;0.6700440645217896;0.6582902669906616;0.6418931484222412;0.6330870389938354;0.6287158727645874;0.6211196184158325;0.6204245686531067;0.6196445226669312;0.6173962354660034
0,344,452,75536512,1.0,64452;11934;36722;22864;61489;23307;12272;74567;33340;19599,0.5415186882019043;0.5375920534133911;0.5154575109481812;0.5129881501197815;0.5129867792129517;0.5090004205703735;0.5056103467941284;0.4990309476852417;0.49591732025146484;0.49588966369628906
0,345,255,74522384,1.0,28286;86755;28265;59354;9493;74314;28295;10344;28486;9448,0.9257316589355469;0.9127683639526367;0.9098060131072998;0.8655399084091187;0.8634154200553894;0.8616716861724854;0.8602613210678101;0.8573307991027832;0.8559185862541199;0.8487060070037842
0,346,140,72100671,1.0,99792;99775;86640;86636;86772;99644;99652;99546;99483;99620,0.8325451612472534;0.8198534846305847;0.815443754196167;0.8152627944946289;0.8120278716087341;0.8109853267669678;0.8008466958999634;0.7955585718154907;0.7912591695785522;0.7875199317932129
0,347,467,74660712,1.0,16531;67053;87077;8738;76929;53117;6989;76130;66190;6702,0.45679664611816406;0.43903905153274536;0.43290817737579346;0.4263187050819397;0.4217110872268677;0.4185672402381897;0.4183705449104309;0.41101497411727905;0.41066598892211914;0.4103691577911377
0,348,388,72586565,1.0,2114;82941;61730;19161;34910;83901;40170;88662;82932;51862,0.5319677591323853;0.5000447034835815;0.4995343089103699;0.4969087243080139;0.49415600299835205;0.49332523345947266;0.4912869334220886;0.4870034456253052;0.48472845554351807;0.4827871322631836
0,349,251,73451926,1.0,88945;66491;88347;81099;88702;89664;81347;90681;81429;87774,0.6012866497039795;0.5264702439308167;0.4667700529098511;0.46558940410614014;0.45728206634521484;0.45528870820999146;0.4542859196662903;0.45342808961868286;0.4473841190338135;0.4448738098144531
0,350,203,73004611,1.0,78702;79952;80209;25710;8466;4496;35420;99714;81183;66205,0.6189261674880981;0.6169759631156921;0.6011512875556946;0.5783597230911255;0.5699297189712524;0.5698753595352173;0.567062497138977;0.5604593753814697;0.5583420991897583;0.548238217830658
0,351,414,73387676,1.0,63596;32607;48466;40038;62512;62914;29845;85242;32702;32680,0.7580751776695251;0.7192676067352295;0.6992702484130859;0.6763119101524353;0.6743818521499634;0.6717298030853271;0.6715325713157654;0.6681966781616211;0.6640299558639526;0.6600937843322754
0,352,248,72481916,1.0,51340;96899;58326;51502;77556;82789;58299;22318;58936;50946,0.7315346002578735;0.6954047679901123;0.6841007471084595;0.6837639808654785;0.6742265820503235;0.6606509685516357;0.6582072377204895;0.6515928506851196;0.6509557962417603;0.6493964791297913
0,353,261,74290106,1.0,63917;87867;64661;88156;95516;80553;80632;83276;69307;82011,0.8139073848724365;0.8095881342887878;0.8062335252761841;0.8029773235321045;0.7991360425949097;0.797029972076416;0.7957830429077148;0.7455477714538574;0.7284561395645142;0.7069475650787354
0,354,192,73587664,1.0,99487;58849;58914;98292;63913;97427;58690;13162;91412;137,0.8538390398025513;0.5630443096160889;0.5626325607299805;0.5586535930633545;0.5430494546890259;0.5376414060592651;0.5347542762756348;0.5257381200790405;0.5122615098953247;0.5042484998703003
0,355,349,74535473,1.0,99242;91356;73988;91190;84527;91210;91617;85129;91463;91290,0.6169154644012451;0.5840613842010498;0.5650585889816284;0.5650182962417603;0.5620669722557068;0.5532176494598389;0.5484997034072876;0.5473045110702515;0.5455431938171387;0.5443763732910156
0,356,490,74015609,1.0,93234;95329;95261;95366;94310;93023;99575;94002;99517;92879,0.743340253829956;0.74073326587677;0.734811544418335;0.6821509599685669;0.6728910803794861;0.6665680408477783;0.6592274904251099;0.6518868207931519;0.6497286558151245;0.64896160364151
0,357,235,73808472,1.0,99882;99402;33493;34159;34306;33941;43996;4704;34520;33860,0.7639859318733215;0.7542427778244019;0.6950958967208862;0.6832811832427979;0.6802372932434082;0.6754406690597534;0.6740189790725708;0.6735955476760864;0.6651101112365723;0.6600232124328613
0,358,238,73023741,1.0,99887;72711;96344;17008;97105;58658;97011;40681;32827;33091,0.8033714294433594;0.6316554546356201;0.6081571578979492;0.5905911922454834;0.5905225276947021;0.5848134756088257;0.5809149742126465;0.5737173557281494;0.572817862033844;0.5718526840209961
0,359,402,74246346,1.0,284;50360;104;52887;2889;135;35842;46545;99676;35612,0.7149907350540161;0.6585841178894043;0.654475212097168;0.6382589340209961;0.629486083984375;0.6235865950584412;0.6225420236587524;0.6095839142799377;0.5693272352218628;0.5606124997138977
0,360,333,72120530,1.0,99502;94968;94818;76535;87931;76538;75587;99792;99483;81326,0.7169473171234131;0.6990549564361572;0.6760585308074951;0.6607759594917297;0.6564195156097412;0.6564062833786011;0.653014063835144;0.6527142524719238;0.6521275043487549;0.6519363522529602
0,361,459,75388844,1.0,59573;85036;67261;76773;67252;84593;34901;84502;84736;68126,0.7133629322052002;0.5378481149673462;0.49063998460769653;0.4812265634536743;0.4756484031677246;0.449546217918396;0.42952191829681396;0.42874598503112793;0.42682528495788574;0.42335909605026245
0,362,495,73496725,1.0,81374;45688;65465;80939;45719;75896;36304;65446;80792;66595,0.830204427242279;0.6481025218963623;0.6383480429649353;0.6220424771308899;0.6200124621391296;0.6186061501502991;0.6176914572715759;0.6135504245758057;0.6073939800262451;0.6024993658065796
0,363,387,76291643,1.0,287;75502;70339;4318;4037;4039;50434;41993;47638;18497,0.5531356334686279;0.5293020009994507;0.48563408851623535;0.4605642557144165;0.43299347162246704;0.4121859669685364;0.4102916121482849;0.40790414810180664;0.3980850577354431;0.37326669692993164
0,364,444,74360765,1.0,99242;91617;99303;91356;73988;84654;91463;91290;85129;84366,0.6453249454498291;0.5915403366088867;0.5874800086021423;0.5779640078544617;0.5763830542564392;0.5679939389228821;0.5671303272247314;0.5669851303100586;0.5615411996841431;0.5602414011955261
0,365,355,74489924,1.0,2988;24759;23955;74965;75196;88485;77258;63652;67855;94365,0.6138958930969238;0.5752207636833191;0.5372421741485596;0.5346564054489136;0.5346563458442688;0.5206340551376343;0.5202609896659851;0.5194244980812073;0.5157936811447144;0.5133410692214966
0,366,367,75454683,1.0,99913;89236;19196;88220;80391;89632;84467;86383;81260;84844,0.8415578603744507;0.7100028991699219;0.6792179942131042;0.6748802661895752;0.6688171029090881;0.664120078086853;0.617661714553833;0.6131095290184021;0.6116684675216675;0.6041146516799927
0,367,383,74781860,1.0,99869;17895;17821;35128;89217;17894;35531;68826;25593;85394,0.9680580496788025;0.6611038446426392;0.6507651805877686;0.6468771696090698;0.6085735559463501;0.5695090889930725;0.5600022077560425;0.5478541254997253;0.5455214977264404;0.5419129133224487
0,368,303,80428197,1.0,53285;67317;22802;67334;67428;94976;53037;94965;67335;53060,0.8216162919998169;0.770714282989502;0.7574607729911804;0.7573167681694031;0.7537888884544373;0.7522565126419067;0.7503103017807007;0.7460818290710449;0.7451581954956055;0.7440257668495178
0,369,17,80954822,1.0,82310;79350;74500;91376;73383;73559;76015;73593;89594;74142,0.6182513236999512;0.5983742475509644;0.5848324298858643;0.565054714679718;0.5506377220153809;0.5476843118667603;0.545192539691925;0.5442026257514954;0.5374371409416199;0.5369540452957153
0,370,72,80668695,1.0,7456;79630;45067;32383;84471;86976;28453;19365;60858;97005,0.4520688056945801;0.42535775899887085;0.4189721345901489;0.4041181802749634;0.4027239680290222;0.4003526568412781;0.3981204628944397;0.38674402236938477;0.38491588830947876;0.3841259479522705
0,371,384,81378266,1.0,92968;93679;88120;81474;93476;81865;81755;81736;81533;92671,0.6827223300933838;0.6341729760169983;0.620193600654602;0.6083173155784607;0.601853609085083;0.599084734916687;0.5879265666007996;0.5814205408096313;0.5723766684532166;0.5689774751663208
0,372,96,74250396,1.0,12425;12131;10842;49337;11937;14843;49754;48930;14895;14231,0.5473697185516357;0.5411989688873291;0.5157201290130615;0.5121591091156006;0.512028157711029;0.5020649433135986;0.4906931519508362;0.48879873752593994;0.4855203628540039;0.4822448492050171
0,373,225,78884704,1.0,38980;37498;45395;45443;52498;45565;14489;37451;48948;76201,0.5215376615524292;0.46027857065200806;0.4328594207763672;0.43267929553985596;0.43051284551620483;0.42921435832977295;0.42326050996780396;0.418399453163147;0.4101836681365967;0.40904152393341064
0,374,342,74643162,1.0,85479;84796;66767;20005;85703;66842;67096;66887;20682;68437,0.5907751321792603;0.5572481751441956;0.5548691153526306;0.5436141490936279;0.5396853685379028;0.5358808040618896;0.5223444104194641;0.5206421613693237;0.5187557935714722;0.5095577239990234
0,375,189,74486823,1.0,17819;94916;68249;67584;69314;68406;94287;94195;4430;94323,0.6664407253265381;0.6562708616256714;0.6538630127906799;0.5998375415802002;0.5828099250793457;0.5794475078582764;0.5758926868438721;0.5686740875244141;0.56429123878479;0.53106290102005
0,376,416,74886529,1.0,20916;63719;40700;89773;87733;89803;90489;89151;2870;2965,0.6983658075332642;0.698015570640564;0.6830489039421082;0.6588238477706909;0.6381844282150269;0.6125515103340149;0.6020416021347046;0.5909601449966431;0.5852997899055481;0.5851757526397705
0,377,407,78688036,1.0,99880;36329;38502;75060;199;46317;42560;8615;61262;63826,0.5640432834625244;0.4766930341720581;0.46264147758483887;0.4570966362953186;0.4544740319252014;0.4420665502548218;0.43471670150756836;0.4299510717391968;0.42216718196868896;0.42001408338546753
0,378,150,74088658,1.0,99970;99876;40810;47276;38495;44796;44884;41106;46022;46020,0.765276312828064;0.732304573059082;0.6641536951065063;0.6526944637298584;0.638353168964386;0.6377425193786621;0.6375149488449097;0.6219854354858398;0.6196609139442444;0.6193985939025879
0,379,153,75125786,1.0,21276;96013;74803;74718;22183;5435;25980;26366;4572;44142,0.6165894269943237;0.5877096056938171;0.583145022392273;0.5465549230575562;0.5100645422935486;0.5058807134628296;0.5017123818397522;0.49389469623565674;0.4934309124946594;0.4930253028869629
0,380,310,73044990,1.0,99872;99415;99412;99360;26307;89838;97263;24567;95739;24542,0.8368976712226868;0.8034705519676208;0.7878881692886353;0.7779176831245422;0.710151195526123;0.6616684198379517;0.647126317024231;0.6424816846847534;0.6413516998291016;0.6405590176582336
0,381,488,74952409,1.0,45565;37451;42445;45621;65293;91416;42461;93765;91443;83450,0.49321436882019043;0.4752846956253052;0.4734506607055664;0.4713866710662842;0.4565173387527466;0.4554100036621094;0.45063257217407227;0.44798529148101807;0.44298267364501953;0.4410324692726135
0,382,120,74061699,1.0,99665;98810;98984;99886;98694;99246;99814;99087;63595;64852,0.7383062839508057;0.7070943713188171;0.6780575513839722;0.6619174480438232;0.623136043548584;0.6164357662200928;0.600128173828125;0.5711449384689331;0.5530188083648682;0.5434240698814392
0,383,487,75702610,1.0,86241;70138;38670;87169;17726;7807;49937;8101;99994;57041,0.4719662070274353;0.4702327251434326;0.4622344374656677;0.451185941696167;0.4378257393836975;0.4377843737602234;0.4357771873474121;0.43060392141342163;0.43024754524230957;0.42868053913116455
0,384,29,74799650,1.0,90972;1318;10341;85518;11850;90337;64538;95267;163;82630,0.49746406078338623;0.45783287286758423;0.4333797097206116;0.4253404140472412;0.42209237813949585;0.4193462133407593;0.4170323610305786;0.4124336242675781;0.41149401664733887;0.404682457447052
0,385,281,73717343,1.0,83581;80499;88806;79997;97137;50946;97017;95959;22718;83241,0.7355130910873413;0.7139713764190674;0.7135186195373535;0.6913717985153198;0.6750327348709106;0.6719011068344116;0.6677513718605042;0.6663392186164856;0.6638412475585938;0.6608386039733887
0,386,214,74716391,1.0,72753;63377;63365;84633;62868;62874;63854;75480;61482;63478,0.7658637762069702;0.726143479347229;0.7159410715103149;0.6198562383651733;0.5842726230621338;0.573753833770752;0.5678792595863342;0.5650039911270142;0.5460119843482971;0.5385099649429321
0,387,313,75176496,1.0,70218;39362;95853;39086;89776;35490;799;34971;89732;90875,0.6249549388885498;0.6032278537750244;0.5888127088546753;0.587584376335144;0.5709635615348816;0.56693035364151;0.5633035898208618;0.5613926649093628;0.5612545013427734;0.5533491969108582
0,388,207,73000820,1.0,99932;96278;99946;75291;77881;99472;95349;99465;96090;95769,0.7569775581359863;0.7350978851318359;0.7335231304168701;0.7209944725036621;0.7208585739135742;0.6948976516723633;0.6922948360443115;0.6912466883659363;0.6881775856018066;0.683112621307373
0,389,163,74523963,1.0,91741;91717;95228;90480;90835;92855;95490;72947;88016;91793,0.5845902562141418;0.5568395256996155;0.5420414805412292;0.534186840057373;0.5322756767272949;0.5293163657188416;0.521027147769928;0.5206958055496216;0.5117897987365723;0.5111141204833984
0,390,45,73104000,1.0,23729;4647;95630;96024;23691;73870;37412;59736;37198;59400,0.5277919173240662;0.5105575919151306;0.5094311237335205;0.5004743337631226;0.4991897940635681;0.49843716621398926;0.49671363830566406;0.4939069151878357;0.4922236204147339;0.49086451530456543
0,391,463,75293795,1.0,36612;37271;99498;35842;49390;74366;99676;77173;62132;44960,0.7040483355522156;0.6951119899749756;0.6531552076339722;0.5955466032028198;0.5856174230575562;0.5777942538261414;0.5717042684555054;0.5661065578460693;0.5555809140205383;0.5486550331115723
0,392,489,80771014,1.0,38354;74414;38439;38292;38368;74416;38341;38289;38429;74491,0.6539226770401001;0.6325257420539856;0.6306920647621155;0.6240969896316528;0.6202023029327393;0.614727795124054;0.6111799478530884;0.6066426038742065;0.6059861183166504;0.6026390790939331
0,393,83,74575673,1.0,29245;31789;32228;31718;32479;34101;29778;31398;30634;32277,0.8176003694534302;0.8143336772918701;0.8137672543525696;0.8119611740112305;0.8090615272521973;0.8090229034423828;0.8041337728500366;0.8038330078125;0.7827122211456299;0.7757530212402344
0,394,94,72865602,1.0,99792;99636;99644;99652;99775;99546;99620;99483;93455;99996,0.918399453163147;0.9040076732635498;0.9025880694389343;0.8989931344985962;0.8964478969573975;0.8902640342712402;0.8840088844299316;0.8745518326759338;0.8665584325790405;0.8607929944992065
0,395,217,74856070,1.0,58084;58208;74514;15641;58057;58200;58319;77918;87011;83654,0.526070773601532;0.4854675531387329;0.4790492653846741;0.47108781337738037;0.4669024348258972;0.46367835998535156;0.4631246328353882;0.4547915458679199;0.44993841648101807;0.44720351696014404
0,396,271,73895321,1.0,98885;98677;98993;99752;99025;98816;98745;98714;72673;98701,0.5621676445007324;0.5584362149238586;0.5461295247077942;0.5369472503662109;0.5247830748558044;0.5087010264396667;0.5006033778190613;0.4979146122932434;0.48239898681640625;0.47739142179489136
0,397,345,73172969,1.0,41038;74796;74648;71527;74749;72229;71526;93607;42176;71675,0.8062307834625244;0.7419085502624512;0.7078697681427002;0.7053637504577637;0.6941070556640625;0.6894829273223877;0.6882233619689941;0.6869708895683289;0.6792749762535095;0.6737448573112488
0,398,13,72790693,1.0,63881;64044;63884;71527;9294;93607;71810;71701;8969;71526,0.6322889924049377;0.6261568665504456;0.6210469007492065;0.5782037973403931;0.5766294598579407;0.5748789310455322;0.5701357126235962;0.5698511600494385;0.5694754123687744;0.5671570301055908
0,399,465,74869319,1.0,45869;28153;45839;45899;45742;92407;65249;28167;51601;46140,0.617198646068573;0.6041461825370789;0.6010328531265259;0.5857398509979248;0.585644006729126;0.5499898791313171;0.5410732626914978;0.5371997356414795;0.5355218648910522;0.5345673561096191
0,400,435,74055368,1.0,99874;67144;98910;4826;49161;91837;52915;53637;55052;9922,0.6857091188430786;0.6551973819732666;0.634147047996521;0.6108628511428833;0.6088491678237915;0.6005681157112122;0.5972548723220825;0.5966249108314514;0.5800182223320007;0.5728338360786438
0,401,492,74468714,1.0,63967;99245;99881;99824;63880;37548;63875;69619;37525;87171,0.7113398909568787;0.702775239944458;0.6930205821990967;0.6839152574539185;0.6835083961486816;0.6689696311950684;0.6637706160545349;0.6521848440170288;0.6501965522766113;0.6386459469795227
0,402,149,72500186,1.0,99839;86949;84627;82583;12536;4091;94152;71583;67183;95098,0.818925142288208;0.7597543001174927;0.7578283548355103;0.7564527988433838;0.7504518032073975;0.7484606504440308;0.7468664646148682;0.7422429323196411;0.7412787675857544;0.7302147150039673
0,403,89,73807441,1.0,99737;99791;30706;63402;30849;44817;79883;35728;48886;27050,0.9792916774749756;0.90867018699646;0.8828604221343994;0.8716813921928406;0.8712837100028992;0.8710521459579468;0.8677060008049011;0.8620087504386902;0.860031247138977;0.8541728854179382
0,404,172,73463855,1.0,8991;9285;75389;8846;72570;8832;72404;72592;72357;9503,0.7371707558631897;0.7017489075660706;0.669643759727478;0.6628125905990601;0.6452834606170654;0.6408368349075317;0.6404231786727905;0.6385906934738159;0.6373537182807922;0.635556697845459
0,405,327,74448065,1.0,99242;99303;91356;73988;84366;84527;85049;91617;84654;84457,0.6582187414169312;0.6093038320541382;0.608260989189148;0.5961833000183105;0.5829071998596191;0.5777390003204346;0.5642359852790833;0.5635356307029724;0.5556076169013977;0.552300751209259
0,406,84,73264868,1.0,62112;91165;89985;99744;83723;40667;89572;48130;70122;83738,0.7016368508338928;0.6817203164100647;0.6801245212554932;0.6601159572601318;0.6524623036384583;0.6486577987670898;0.6405525803565979;0.6312972903251648;0.6194919347763062;0.5991071462631226
0,407,341,74900769,1.0,73670;24644;28988;4518;33719;73671;64277;76975;97856;81341,0.5272326469421387;0.507982075214386;0.5065425634384155;0.5037229061126709;0.5015235543251038;0.4991391897201538;0.49746012687683105;0.49609375;0.49537336826324463;0.49348461627960205
0,408,462,73944160,1.0,59914;73345;66374;1011;67855;96226;70451;79465;71253;67485,0.597375214099884;0.5221954584121704;0.5127769708633423;0.4804813265800476;0.47925400733947754;0.4771522283554077;0.47295284271240234;0.4704800844192505;0.46449899673461914;0.46367013454437256
0,409,75,73717233,1.0,97137;58326;18348;97610;97017;51340;58420;50946;51324;25231,0.7444010972976685;0.7432649731636047;0.7396693229675293;0.7071501016616821;0.7013488411903381;0.6990222930908203;0.695040225982666;0.6881645917892456;0.6859049797058105;0.6806420683860779
0,410,329,73264598,1.0,39460;30229;94052;39727;31883;25625;39338;26239;30106;25739,0.6053044199943542;0.6038675308227539;0.5966379642486572;0.5871272683143616;0.5869905948638916;0.5869537591934204;0.5852789878845215;0.5784092545509338;0.5781114101409912;0.5780021548271179
0,411,289,75634241,1.0,50275;95193;7818;7363;8507;8646;98398;8245;7360;7335,0.7689374089241028;0.7100136280059814;0.6673533916473389;0.6620768308639526;0.6545350551605225;0.6496303081512451;0.646847128868103;0.6430279016494751;0.6249474287033081;0.6247793436050415
0,412,428,73262917,1.0,68904;51663;51362;51271;51024;51279;5321;54952;10262;10276,0.7658798694610596;0.7552304267883301;0.7494082450866699;0.7472182512283325;0.7454591989517212;0.7443259358406067;0.7240662574768066;0.7097407579421997;0.6987048387527466;0.6982864737510681
0,413,3,74393975,1.0,84811;85413;74257;84770;74149;71463;77940;84875;77929;78461,0.7668057680130005;0.7664216756820679;0.7040113806724548;0.7012709379196167;0.6982443332672119;0.665773868560791;0.6509541273117065;0.6461212635040283;0.6447427272796631;0.6427391767501831
0,414,361,73497735,1.0,52380;57954;60877;82411;9913;94791;56466;13912;66387;55929,0.729689359664917;0.6545684337615967;0.6142274141311646;0.6045150756835938;0.5993454456329346;0.5868430733680725;0.5787696838378906;0.5763497352600098;0.5746791362762451;0.5665335059165955
0,415,457,74315235,1.0,49138;84895;23753;32234;23187;61878;61715;50111;23303;84838,0.7674745321273804;0.756790041923523;0.7461017370223999;0.7456746101379395;0.7418196201324463;0.7372933626174927;0.7363584041595459;0.7297354936599731;0.7171806693077087;0.7169010639190674
0,416,133,73468215,1.0,88975;4151;29441;29108;37217;7705;5503;5205;35073;35819,0.8310744166374207;0.7624378204345703;0.7552309632301331;0.7442846298217773;0.6705528497695923;0.6667372584342957;0.6578315496444702;0.6569201946258545;0.6563841104507446;0.6480087041854858
0,417,373,75537192,1.0,72;9538;9809;48761;20970;220;48022;88176;1995;80300,0.5287280678749084;0.4944387674331665;0.492758572101593;0.47205162048339844;0.4675983786582947;0.4503706693649292;0.42448747158050537;0.42010390758514404;0.4148615598678589;0.40720343589782715
0,418,482,73779401,1.0,64593;92715;106;28373;95636;53714;88457;51308;51556;37902,0.5125197172164917;0.44268524646759033;0.42112839221954346;0.41341835260391235;0.40984266996383667;0.4067666530609131;0.4060143828392029;0.4059852957725525;0.4030005931854248;0.4024609327316284
0,419,321,74674182,1.0,86257;26432;26813;53611;60847;42838;14700;34397;68477;41850,0.7184854745864868;0.6784835457801819;0.6564966440200806;0.6441857814788818;0.6363477110862732;0.6121915578842163;0.6032930016517639;0.6020516157150269;0.5991898775100708;0.59747314453125
0,420,154,74315405,1.0,84456;82975;37958;61425;37945;31306;1355;64182;15967;71062,0.6741219758987427;0.6530340313911438;0.5566203594207764;0.5500479340553284;0.5409348011016846;0.539034366607666;0.5338234305381775;0.5264191031455994;0.5249720811843872;0.5210540294647217
0,421,21,75356474,1.0,99880;10341;63826;11764;30809;98318;59117;199;48940;11850,0.6664214134216309;0.44723761081695557;0.42879366874694824;0.4136173725128174;0.3992685079574585;0.39631396532058716;0.39492225646972656;0.3931461572647095;0.3917829394340515;0.3911406397819519
0,422,399,75223426,1.0,93234;99575;93888;94310;99533;93711;95366;92879;93023;95329,0.8098814487457275;0.7967950105667114;0.7817015647888184;0.7782996296882629;0.7678747773170471;0.7520809173583984;0.7467480897903442;0.7458259463310242;0.7436270117759705;0.7407991886138916
0,423,253,73884291,1.0,38439;38292;38341;38289;74388;38429;38296;74491;74416;74414,0.8239561915397644;0.8105698823928833;0.7489019632339478;0.7484702467918396;0.7187113761901855;0.7080873847007751;0.7049342393875122;0.6749359965324402;0.6748325824737549;0.6721256971359253
0,424,308,79680366,1.0,99207;99156;98958;99394;99421;99893;99133;99956;98955;34597,0.9335260987281799;0.8839747309684753;0.879462480545044;0.837763786315918;0.8230814933776855;0.7391311526298523;0.6892423033714294;0.6837064027786255;0.6262936592102051;0.600122332572937
0,425,15,73015340,1.0,83743;39681;69548;64557;65701;86534;38053;51546;32695;70264,0.6899986267089844;0.6350089311599731;0.6330170631408691;0.6095103621482849;0.6090654730796814;0.5983938574790955;0.5942374467849731;0.5917518138885498;0.5875312089920044;0.5668654441833496
0,426,41,72002941,1.0,72005;91326;71943;15586;91171;9831;10736;9858;68181;15552,0.7396302223205566;0.7149076461791992;0.7126609086990356;0.6988511085510254;0.6927279233932495;0.6848323941230774;0.68302321434021;0.6749205589294434;0.6697038412094116;0.6680084466934204
0,427,53,74548583,1.0,57744;18840;18771;53908;6269;28902;13177;81418;95515;18619,0.49560683965682983;0.4805396795272827;0.4701421856880188;0.4671100378036499;0.4539377689361572;0.4483771324157715;0.433286190032959;0.43278229236602783;0.42859041690826416;0.42771852016448975
0,428,232,73710173,1.0,99575;92879;93234;93023;94310;99533;95261;92780;93888;95366,0.8151878118515015;0.8098260164260864;0.8016477823257446;0.7910944223403931;0.7872453331947327;0.7843904495239258;0.7814280390739441;0.7695907950401306;0.7639188170433044;0.7498382329940796
0,429,73,74767390,1.0,81865;81498;81062;81464;92767;81105;81533;4000;92671;81179,0.5706996917724609;0.5370266437530518;0.5355691909790039;0.5341145396232605;0.5327956676483154;0.5251493453979492;0.5231735706329346;0.5215820074081421;0.5198181867599487;0.5191286206245422
0,430,456,73481975,1.0,83742;83439;74696;25050;30556;80121;59626;77432;67942;64222,0.6958748698234558;0.6821649074554443;0.5753229856491089;0.47983670234680176;0.47918909788131714;0.4762392044067383;0.4742705821990967;0.47392940521240234;0.4710872769355774;0.4703625440597534
0,431,277,74489294,1.0,64985;72485;59443;79868;90539;56275;90411;90452;34007;90487,0.6276533603668213;0.6006665825843811;0.5839458703994751;0.579180121421814;0.5598201751708984;0.553659200668335;0.5535944700241089;0.5532458424568176;0.5515398979187012;0.5488137006759644
0,432,141,73301797,1.0,30385;30545;30297;30667;43517;24349;30638;31740;46303;23155,0.8557897806167603;0.846569299697876;0.8450879454612732;0.8376427888870239;0.8254216909408569;0.815101146697998;0.8051111102104187;0.792590856552124;0.7913880348205566;0.7899985313415527
0,433,65,74596502,1.0,99988;99842;55063;73180;74419;72013;72091;73974;65992;50478,0.8043152689933777;0.7713993191719055;0.6811680197715759;0.6712656617164612;0.6669814586639404;0.665558397769928;0.6630805730819702;0.6583113670349121;0.6561245322227478;0.6542530059814453
0,434,374,75422503,1.0,99970;99876;44884;47276;45524;43881;46022;46020;45158;46717,0.7271486520767212;0.7222913503646851;0.6121379733085632;0.5911557078361511;0.5866676568984985;0.5629298090934753;0.5562540888786316;0.5531982779502869;0.5395230054855347;0.5385764241218567
0,435,443,75091917,1.0,10777;29963;99993;89937;56282;56247;54331;35449;87492;38493,0.7180715799331665;0.6106939315795898;0.4907337427139282;0.4758925437927246;0.4700990319252014;0.4653059244155884;0.46223658323287964;0.46081286668777466;0.4578742980957031;0.45248907804489136
0,436,245,74195867,1.0,38769;38953;38704;39190;48299;79147;38859;55587;97389;59716,0.5996279716491699;0.574883222579956;0.5516561269760132;0.5382372140884399;0.5245338678359985;0.49298757314682007;0.4925401210784912;0.48826032876968384;0.4876518249511719;0.48695629835128784
0,437,185,76255003,1.0,90973;20867;19907;70138;70536;93465;80322;70534;6445;9301,0.5013600587844849;0.4394131898880005;0.42919105291366577;0.41999924182891846;0.417415976524353;0.4053158164024353;0.3931129574775696;0.3881070613861084;0.3879420757293701;0.37955814599990845
0,438,430,73186858,1.0,99620;99652;99644;99775;99996;99483;99636;99792;84609;85544,0.7750592231750488;0.7711673378944397;0.7678627967834473;0.7662787437438965;0.7647687196731567;0.7561529874801636;0.744072675704956;0.7426657676696777;0.7318339347839355;0.7246956825256348
0,439,461,74590502,1.0,99670;99546;99775;99620;99483;99644;99996;99792;99652;93556,0.954429030418396;0.8976410627365112;0.8772830963134766;0.872144341468811;0.8712825775146484;0.8707650899887085;0.8697043657302856;0.858237624168396;0.8525042533874512;0.8268829584121704
0,440,159,73227127,1.0,99971;69874;98639;69948;69759;70046;70336;99383;98632;96488,0.7538676261901855;0.70649254322052;0.6868891716003418;0.6827640533447266;0.6809269189834595;0.6694802045822144;0.6256712675094604;0.6255488991737366;0.602081298828125;0.5874401330947876
0,441,179,75119797,1.0,99988;99842;55063;53558;53787;72013;53862;74419;73180;53827,0.8707513809204102;0.7830784320831299;0.6563715934753418;0.6499655842781067;0.6480780839920044;0.6467398405075073;0.63917475938797;0.6378947496414185;0.6307461857795715;0.6289651393890381
0,442,160,74296776,1.0,86435;97428;57608;14042;97434;97456;2384;1016;1114;14045,0.6043902635574341;0.5939333438873291;0.5858057737350464;0.5838907957077026;0.57760089635849;0.5706992149353027;0.5578798651695251;0.5478501915931702;0.5446054935455322;0.5418901443481445
0,443,241,75096097,1.0,89504;89438;89184;98276;98088;99312;98233;98143;89421;97975,0.6907821893692017;0.6684030890464783;0.6519904136657715;0.6493963003158569;0.6468139886856079;0.6442433595657349;0.643916666507721;0.6439102292060852;0.6394717693328857;0.6367807984352112
0,444,404,73999619,1.0,99153;76680;75097;48324;74616;7555;200;75195;27739;69496,0.6457873582839966;0.6174355745315552;0.6144059896469116;0.5736635327339172;0.570315420627594;0.547069251537323;0.5316829681396484;0.5306761860847473;0.5273597240447998;0.5270516872406006
0,445,177,74987548,1.0,15582;15709;15725;15724;18268;15845;15829;15997;15972;16067,0.7149001955986023;0.7045531868934631;0.692198634147644;0.6888264417648315;0.6728324294090271;0.6708373427391052;0.6703585386276245;0.6592771410942078;0.6434680819511414;0.6425744891166687
0,446,137,73655134,1.0,83081;4920;52919;83018;5054;79969;69971;31035;99564;29377,0.655535101890564;0.6538167595863342;0.6329395174980164;0.6196316480636597;0.6019662618637085;0.5887411236763;0.5705204010009766;0.5614866018295288;0.56122225522995;0.5437560677528381
0,447,165,76210284,1.0,33257;91312;88353;6010;33578;22359;10718;12776;78300;6285,0.48982352018356323;0.4760453701019287;0.46802639961242676;0.46057724952697754;0.44842982292175293;0.4448329210281372;0.43863391876220703;0.434842050075531;0.42856645584106445;0.4279903173446655
0,448,123,72941611,1.0,99970;99876;44884;43881;40810;44954;46020;47276;46022;38495,0.7717652320861816;0.769385814666748;0.7033511400222778;0.680931806564331;0.6795046925544739;0.6768510937690735;0.6758521199226379;0.6755017042160034;0.661455512046814;0.6516299247741699
0,449,365,72620575,1.0,99970;99876;47276;44884;40810;46020;44954;46022;43881;46948,0.7982749938964844;0.7873790264129639;0.6914910674095154;0.686631977558136;0.6796460747718811;0.6792681813240051;0.6700313687324524;0.664958119392395;0.6630021333694458;0.6559093594551086
0,450,300,74097038,1.0,59553;59491;60061;48282;91411;59652;86245;63328;86385;73246,0.6805574297904968;0.6798274517059326;0.6711456775665283;0.605635404586792;0.5947903990745544;0.5718249082565308;0.5663412809371948;0.5350073575973511;0.4982668161392212;0.4942220449447632
0,451,301,75090317,1.0,31216;8749;15747;23799;79911;53889;14736;9162;14822;15027,0.6902936697006226;0.6563612222671509;0.653069794178009;0.6442197561264038;0.6209969520568848;0.6199847459793091;0.6101579070091248;0.5964359045028687;0.5905295610427856;0.5788472890853882
0,452,237,73785362,1.0,82278;39989;30897;99704;79729;30097;39961;29901;80709;80204,0.7382961511611938;0.7300617694854736;0.7294168472290039;0.7286744117736816;0.7201234698295593;0.7176656126976013;0.7141053676605225;0.7071325778961182;0.7064744234085083;0.7046512365341187
0,453,445,75207156,1.0,23070;65497;92953;57989;99780;33803;17430;89505;34451;50258,0.47989940643310547;0.4768873453140259;0.4744260311126709;0.4704986810684204;0.4519294500350952;0.4502773880958557;0.44977807998657227;0.44928479194641113;0.44593673944473267;0.4429091215133667
0,454,320,74283446,1.0,99517;93023;93234;99575;94310;95261;99533;92879;93690;92780,0.8787713050842285;0.8396347761154175;0.837851345539093;0.8351738452911377;0.833774209022522;0.8292348980903625;0.8231326341629028;0.8170000910758972;0.8010663986206055;0.7993486523628235
0,455,77,74989538,1.0,84861;72231;80194;80637;80768;80709;98693;79729;72271;29901,0.8238794803619385;0.8145498037338257;0.8097241520881653;0.8091873526573181;0.7899594306945801;0.77541184425354;0.7738711833953857;0.77203369140625;0.7694074511528015;0.767725944519043
0,456,187,74188947,1.0,99901;83885;87261;33990;99169;15737;48539;9694;13173;85367,0.6419409513473511;0.6206226944923401;0.6121412515640259;0.6005635261535645;0.5796836018562317;0.5773385763168335;0.5766615867614746;0.5733503103256226;0.5711976885795593;0.5706027150154114
0,457,439,74564283,1.0,3969;4481;10967;95918;53301;37233;45422;60530;53302;76058,0.8670147657394409;0.8162058591842651;0.8077701330184937;0.8061543703079224;0.7886461019515991;0.7850081920623779;0.7806407809257507;0.7641058564186096;0.7545782923698425;0.751405656337738
0,458,331,75723549,1.0,98933;98561;98788;99877;99180;99433;98388;98513;99469;99516,0.6999009251594543;0.6987216472625732;0.6970288753509521;0.6869552731513977;0.6724556684494019;0.6709671020507812;0.6638681888580322;0.6629365682601929;0.6611260175704956;0.6609094142913818
0,459,325,75312904,1.0,99294;98109;97361;97483;95877;90579;97916;80482;97174;89253,0.7266169786453247;0.6479055285453796;0.6295165419578552;0.6203601956367493;0.6043102741241455;0.6034560799598694;0.5763070583343506;0.5733864307403564;0.5708273649215698;0.5697598457336426
0,460,382,74998708,1.0,99970;99876;44884;46020;46022;47276;43881;40810;44954;44898,0.7545392513275146;0.7477949857711792;0.6626380085945129;0.6531791687011719;0.6498481631278992;0.6457031965255737;0.6439026594161987;0.6430424451828003;0.6334455013275146;0.6214339137077332
0,461,471,74536793,1.0,52380;56426;94791;96349;56466;57428;14257;95773;56370;57954,0.6358305215835571;0.6209367513656616;0.6201604604721069;0.616811990737915;0.6101550459861755;0.6091853976249695;0.6027853488922119;0.5906335115432739;0.5896549224853516;0.5852254033088684
0,462,208,72674674,1.0,56774;61196;68463;35429;76327;31737;35403;47144;60909;70435,0.6656054854393005;0.64537513256073;0.6221066117286682;0.6191954612731934;0.5999462604522705;0.5933188199996948;0.5894198417663574;0.583938717842102;0.5819701552391052;0.5812722444534302
0,463,309,74023119,1.0,5951;80697;45211;12479;56313;44311;71546;66106;66588;92390,0.41495662927627563;0.41368043422698975;0.4087867736816406;0.40027952194213867;0.3975193500518799;0.39012718200683594;0.3831620216369629;0.380859375;0.3804445266723633;0.37818580865859985
0,464,26,73222358,1.0,77493;42348;68556;503;7797;71178;5636;5942;70578;81910,0.5205643773078918;0.4951380491256714;0.486549973487854;0.47711122035980225;0.46617233753204346;0.4523676037788391;0.4475233554840088;0.44270896911621094;0.4383694529533386;0.42521148920059204
0,465,431,73436015,1.0,99985;44217;44734;67495;44305;44153;44850;67385;44844;67381,0.7603899240493774;0.6860338449478149;0.6773304343223572;0.6523393392562866;0.6493493318557739;0.648688793182373;0.6462557315826416;0.6424247026443481;0.6410231590270996;0.6358249187469482
0,466,178,72995981,1.0,91480;38240;71210;69307;84532;82011;64750;89103;63917;63006,0.6341134309768677;0.6210193037986755;0.6101961135864258;0.6048046350479126;0.600871741771698;0.5927454829216003;0.5921899080276489;0.5908052921295166;0.5887933373451233;0.5883890986442566
0,467,97,73898141,1.0,13699;12523;9552;9591;12071;13243;12476;12055;88397;12465,0.7413784265518188;0.6781255602836609;0.6621862053871155;0.6571497917175293;0.6138883829116821;0.5687776803970337;0.5648542642593384;0.5641539692878723;0.5638177990913391;0.5626614093780518
0,468,292,73180449,1.0,44085;43605;43640;43396;74913;43483;92710;42952;4000;92739,0.6613503694534302;0.6381916999816895;0.6361614465713501;0.5983883142471313;0.5920904874801636;0.5883632898330688;0.584455132484436;0.5719183683395386;0.5702559351921082;0.5621501207351685
0,469,169,73234918,1.0,94752;87599;32458;78553;84352;99670;85546;93556;84609;99620,0.6875631809234619;0.6572925448417664;0.5829654932022095;0.579404354095459;0.5785561800003052;0.5776136517524719;0.5752243995666504;0.5722370743751526;0.568212628364563;0.5659202933311462
0,470,95,73348877,1.0,92712;98795;89813;74490;98641;36005;6627;93046;44051;83674,0.6023153066635132;0.5599926710128784;0.5556818842887878;0.5347008109092712;0.5164090394973755;0.5159171223640442;0.5108438730239868;0.5103957653045654;0.5002726316452026;0.4982626438140869
0,471,479,73630084,1.0,94173;94193;78150;95242;61752;61792;45485;94327;94838;18769,0.4846559762954712;0.4767720699310303;0.46460211277008057;0.4626287817955017;0.461198627948761;0.4579809308052063;0.4534262418746948;0.45188015699386597;0.4436158537864685;0.44265514612197876
0,472,282,73781322,1.0,99709;99799;99782;96558;34909;85597;54194;80124;54162;635,0.9471267461776733;0.8812922239303589;0.8012902736663818;0.779586911201477;0.6308038830757141;0.602473795413971;0.5979026556015015;0.5854934453964233;0.5826175212860107;0.5693057775497437
0,473,219,74886290,1.0,38439;38292;38289;38341;38296;74388;38429;74416;10224;74491,0.7894836664199829;0.7770373821258545;0.7004023790359497;0.6997861266136169;0.6797760725021362;0.6730912923812866;0.645362138748169;0.623738169670105;0.6226227283477783;0.6218259334564209
0,474,491,74517294,1.0,95263;93939;95130;85741;95143;74635;99884;94175;84734;77267,0.6994680762290955;0.6791031360626221;0.6761807203292847;0.6628036499023438;0.6531671285629272;0.6338594555854797;0.6218748092651367;0.6086812019348145;0.5878476500511169;0.5711777210235596
0,475,305,78071954,1.0,60657;73129;67699;54516;60348;86554;73518;19853;19980;22037,0.5605208277702332;0.5363608598709106;0.5198594927787781;0.49252843856811523;0.4671975374221802;0.4354094862937927;0.4245089888572693;0.4231828451156616;0.41913455724716187;0.4188711643218994
0,476,191,74525234,1.0,82408;81403;87372;81760;77881;75291;96090;81846;96278;73606,0.629528284072876;0.6213618516921997;0.6172052621841431;0.6158257722854614;0.6155672073364258;0.6149160861968994;0.6003473997116089;0.5878880620002747;0.5853219628334045;0.5814741849899292
0,477,211,74560313,1.0,99821;36975;98603;98307;98331;98713;98540;36322;98348;98399,0.6331733465194702;0.6023266315460205;0.6009487509727478;0.6008951663970947;0.5787961483001709;0.5711084008216858;0.5645548105239868;0.562333345413208;0.5544157028198242;0.5517506003379822
0,478,135,75415783,1.0,84811;84875;85328;89382;74149;85413;63491;74257;84770;78461,0.660855770111084;0.6322147250175476;0.6036645174026489;0.6023536324501038;0.5984090566635132;0.58913254737854;0.5842623710632324;0.5816487669944763;0.5756524801254272;0.5578104257583618
0,479,481,76743139,1.0,27343;87077;43927;1838;59740;16531;66190;6989;76929;65532,0.6612080931663513;0.6026677489280701;0.5791261196136475;0.547012448310852;0.5376190543174744;0.528397798538208;0.4784280061721802;0.4673120975494385;0.4593353271484375;0.4501000642776489
0,480,312,72072991,1.0,38769;38953;39190;39439;38704;97389;97342;39393;97156;95203,0.6790968179702759;0.6260496377944946;0.5732407569885254;0.5506613850593567;0.5504107475280762;0.5500545501708984;0.5478007197380066;0.5438079833984375;0.5146701335906982;0.514289140701294
0,481,357,75204585,1.0,85479;84796;66342;29473;96542;31757;95043;85703;11875;38137,0.6533912420272827;0.5798146724700928;0.5735640525817871;0.5644346475601196;0.5638954639434814;0.5553505420684814;0.5525895953178406;0.5506945848464966;0.5500165224075317;0.5458145141601562
0,482,227,74370685,1.0,99242;91356;91617;73988;99303;84366;84941;91463;84527;85129,0.6400865316390991;0.5976312160491943;0.5891353487968445;0.5888541340827942;0.5726127028465271;0.5702369213104248;0.5676781535148621;0.558992326259613;0.5588517189025879;0.5574227571487427
0,483,209,74620963,1.0,62290;61558;88859;89465;89940;97416;68507;47992;48099;48049,0.83647620677948;0.8231472373008728;0.7987411022186279;0.7930648922920227;0.7754219770431519;0.7714715600013733;0.762384295463562;0.7535430192947388;0.746610164642334;0.7390124797821045
0,484,411,74403485,1.0,64904;80197;47973;46341;47628;46926;47772;67127;84740;74359,0.6538833379745483;0.5790556073188782;0.5694261193275452;0.561303973197937;0.5218103528022766;0.5056284666061401;0.5051218271255493;0.49264049530029297;0.4911576509475708;0.48965978622436523
0,485,315,73653324,1.0,82975;31306;33277;34918;34617;45705;64182;33909;43840;84456,0.5950221419334412;0.5304684638977051;0.5189216732978821;0.5109053254127502;0.49696099758148193;0.4928241968154907;0.49162793159484863;0.47277867794036865;0.4650242328643799;0.462130069732666
0,486,483,76402752,1.0,70;99890;37386;77522;37415;42184;9866;73715;65538;41897,0.5803791284561157;0.5620744228363037;0.5427205562591553;0.5418297052383423;0.5333579778671265;0.5323828458786011;0.5290589332580566;0.5210221409797668;0.5203679800033569;0.5036304593086243
0,487,101,75312424,1.0,4920;79969;83081;64806;83018;64805;48980;33720;79373;62493,0.6757354736328125;0.669499397277832;0.6675362586975098;0.651457667350769;0.6029073596000671;0.5999077558517456;0.5997215509414673;0.5984241366386414;0.5927375555038452;0.5851765871047974
0,488,171,74019919,1.0,32087;36821;28735;60406;26702;32076;33215;27973;14866;25080,0.4846360683441162;0.4762656092643738;0.4734742045402527;0.47153955698013306;0.46807682514190674;0.46703672409057617;0.4650611877441406;0.458726704120636;0.45809870958328247;0.4518658518791199
0,489,19,75245385,1.0,440;15688;85882;43968;18806;15510;15835;16425;92505;444,0.5116740465164185;0.48937559127807617;0.4874143600463867;0.48247313499450684;0.4773693084716797;0.4762195944786072;0.46635591983795166;0.45845502614974976;0.45718514919281006;0.45715057849884033
0,490,288,73490935,1.0,99878;99951;89831;95901;96363;86562;97589;96866;96913;95653,0.8760851621627808;0.7450211644172668;0.6707651615142822;0.6648638844490051;0.6613447070121765;0.6359913349151611;0.6028435230255127;0.5891949534416199;0.582134485244751;0.5813301205635071
0,491,161,74502814,1.0,50275;95193;7818;7363;8507;7434;7335;7360;7410;8245,0.7335561513900757;0.716101884841919;0.650092601776123;0.6058757305145264;0.6040089726448059;0.5878651738166809;0.5873022079467773;0.5859401226043701;0.5858391523361206;0.5817415714263916
0,492,335,73700212,1.0,82975;84456;31306;1355;61425;45705;33277;34918;34617;89805,0.6370106935501099;0.5927330851554871;0.5576891899108887;0.5132585167884827;0.5040737390518188;0.5033133625984192;0.5026923418045044;0.5025061964988708;0.4980074167251587;0.49697238206863403
0,493,105,75048137,1.0,30662;34432;30672;37120;2843;37264;22534;26774;91059;72837,0.43362289667129517;0.39953839778900146;0.3908355236053467;0.38670259714126587;0.3839385509490967;0.38194137811660767;0.38192713260650635;0.37759339809417725;0.3767760992050171;0.3728523254394531
0,494,278,74693211,1.0,91143;84633;63478;84565;62868;62874;96268;41060;63902;37198,0.7095228433609009;0.6426404714584351;0.6170064210891724;0.6150157451629639;0.557519793510437;0.5484405159950256;0.5470376014709473;0.5350393056869507;0.5337343215942383;0.5335251092910767
0,495,85,74674731,1.0,83743;39681;65701;69548;51546;38053;64557;86534;32292;70264,0.7198916077613831;0.6581540703773499;0.6389758586883545;0.6291033029556274;0.6208450198173523;0.6194217205047607;0.6135649681091309;0.5994831323623657;0.5907597541809082;0.5695801377296448
0,496,193,72903761,1.0,22558;68486;87185;66491;81409;2405;60077;32916;99135;99292,0.49459588527679443;0.49293482303619385;0.482366144657135;0.4795968532562256;0.47936367988586426;0.47921013832092285;0.4712425470352173;0.4703702926635742;0.46999257802963257;0.46315544843673706
0,497,293,74715831,1.0,27165;19917;36437;68983;63939;36041;26032;91317;63822;93701,0.5427874326705933;0.5388208627700806;0.5264765024185181;0.5132055282592773;0.5130360126495361;0.5005747079849243;0.49890267848968506;0.4979894161224365;0.49562472105026245;0.49516475200653076
0,498,264,73841931,1.0,69874;99971;69759;70046;70336;18207;26281;99383;69948;98639,0.7097025513648987;0.7020273208618164;0.6983392834663391;0.6874955892562866;0.6784268021583557;0.6580089926719666;0.635506808757782;0.6342377662658691;0.6327136158943176;0.6283668279647827
0,499,493,74406875,1.0,85642;34581;33964;34528;31300;85845;99281;85839;85513;30730,0.8103394508361816;0.801565408706665;0.7923622727394104;0.7104509472846985;0.7054896354675293;0.6913833618164062;0.690041720867157;0.6899107098579407;0.6870371103286743;0.6870087385177612
1,0,1,74450974,1.0,83081;99552;4920;99169;99020;99564;99749;79969;83018;52919,0.6774842143058777;0.6637164950370789;0.6411682367324829;0.6362151503562927;0.6325393915176392;0.6092123985290527;0.607930064201355;0.6057844161987305;0.5835710763931274;0.5638439655303955
1,1,492,74171328,1.0,63967;99245;99881;99824;63880;37548;63875;69619;37525;87171,0.7113398909568787;0.702775239944458;0.6930205821990967;0.6839152574539185;0.6835083961486816;0.6689696311950684;0.6637706160545349;0.6521848440170288;0.6501965522766113;0.6386459469795227
1,2,45,73983020,1.0,23729;4647;95630;96024;23691;73870;37412;59736;37198;59400,0.5277919173240662;0.5105575919151306;0.5094311237335205;0.5004743337631226;0.4991897940635681;0.49843716621398926;0.49671363830566406;0.4939069151878357;0.4922236204147339;0.49086451530456543
1,3,394,74267756,1.0,96213;48508;76259;47089;76969;77925;95304;47017;98988;98589,0.7637073993682861;0.7635693550109863;0.7584264278411865;0.7573603391647339;0.7422393560409546;0.7416872978210449;0.7376223206520081;0.7375712394714355;0.7320898175239563;0.7316756248474121
1,4,221,74468794,1.0,74676;3329;17197;74612;74539;87994;2560;3428;70024;89112,0.7004711031913757;0.6700724363327026;0.6603399515151978;0.6567419767379761;0.6548139452934265;0.654082715511322;0.653677761554718;0.6534847021102905;0.6510321497917175;0.6424258947372437
1,5,377,74898579,1.0,83200;59868;95469;50263;35537;76547;36950;1973;60016;59463,0.6383705735206604;0.6099213361740112;0.5884822607040405;0.5601784586906433;0.5530891418457031;0.5508838295936584;0.5390303730964661;0.5382919907569885;0.5363666415214539;0.5356160402297974
1,6,12,73428126,1.0,30898;30753;33334;23726;33353;30598;90367;7767;35614;30965,0.49740326404571533;0.477710485458374;0.44470226764678955;0.44392967224121094;0.43717968463897705;0.4343297481536865;0.43431228399276733;0.43157368898391724;0.43004733324050903;0.42831891775131226
1,7,429,74974279,1.0,95847;95349;97744;20423;96090;81528;99580;74719;99472;82408,0.6152381896972656;0.5795953273773193;0.5465689897537231;0.5452695488929749;0.5393397808074951;0.5344365835189819;0.5297310948371887;0.5270472764968872;0.5258568525314331;0.524620532989502
1,8,185,74844570,1.0,90973;20867;19907;70138;70536;93465;80322;70534;6445;9301,0.5013600587844849;0.4394131898880005;0.42919105291366577;0.41999924182891846;0.417415976524353;0.4053158164024353;0.3931129574775696;0.3881070613861084;0.3879420757293701;0.37955814599990845
1,9,177,74755521,1.0,15582;15709;15725;15724;18268;15845;15829;15997;15972;16067,0.7149001955986023;0.7045531868934631;0.692198634147644;0.6888264417648315;0.6728324294090271;0.6708373427391052;0.6703585386276245;0.6592771410942078;0.6434680819511414;0.6425744891166687
1,10,490,73980969,1.0,93234;95329;95261;95366;94310;93023;99575;94002;99517;92879,0.743340253829956;0.74073326587677;0.734811544418335;0.6821509599685669;0.6728910803794861;0.6665680408477783;0.6592274904251099;0.6518868207931519;0.6497286558151245;0.64896160364151
1,11,467,75978067,1.0,16531;67053;87077;8738;76929;53117;6989;76130;66190;6702,0.45679664611816406;0.43903905153274536;0.43290817737579346;0.4263187050819397;0.4217110872268677;0.4185672402381897;0.4183705449104309;0.41101497411727905;0.41066598892211914;0.4103691577911377
1,12,134,74673632,1.0,30858;5641;97728;6203;10659;99710;55710;55386;95411;1141,0.5264114737510681;0.5118964910507202;0.5061405897140503;0.4934958219528198;0.48142582178115845;0.47916561365127563;0.4580897092819214;0.45673757791519165;0.450478196144104;0.4497661590576172
1,13,247,74869820,1.0,98087;71373;99917;99708;93437;78967;97770;88540;13512;38940,0.7513057589530945;0.7056275010108948;0.650994062423706;0.6240220069885254;0.6237183809280396;0.6219710111618042;0.6181062459945679;0.6096101403236389;0.6086934804916382;0.6076181530952454
1,14,13,73717022,1.0,63881;64044;63884;71527;9294;93607;71810;71701;8969;71526,0.6322889924049377;0.6261568665504456;0.6210469007492065;0.5782037973403931;0.5766294598579407;0.5748789310455322;0.5701357126235962;0.5698511600494385;0.5694754123687744;0.5671570301055908
1,15,23,74368685,1.0,92285;93075;98918;54912;12139;56439;9575;41527;41925;55064,0.8180884122848511;0.6885268688201904;0.681260347366333;0.6573196053504944;0.6379539966583252;0.6364436745643616;0.5961580276489258;0.5930414199829102;0.5895213484764099;0.585479199886322
1,16,441,74481563,1.0,7614;7404;88962;96525;83829;70717;68337;38511;67935;10332,0.5546042919158936;0.5243207812309265;0.4894763231277466;0.4883100390434265;0.48097407817840576;0.47440648078918457;0.47307389974594116;0.47263914346694946;0.47020554542541504;0.467044472694397
1,17,407,74928439,1.0,99880;36329;38502;75060;199;46317;42560;8615;61262;63826,0.5640432834625244;0.4766930341720581;0.46264147758483887;0.4570966362953186;0.4544740319252014;0.4420665502548218;0.43471670150756836;0.4299510717391968;0.42216718196868896;0.42001408338546753
1,18,21,74185578,1.0,99880;10341;63826;11764;30809;98318;59117;199;48940;11850,0.6664214134216309;0.44723761081695557;0.42879366874694824;0.4136173725128174;0.3992685079574585;0.39631396532058716;0.39492225646972656;0.3931461572647095;0.3917829394340515;0.3911406397819519
1,19,294,74309606,1.0,38947;24266;18364;18308;20346;90727;18435;22833;17606;18882,0.7057012319564819;0.7019162178039551;0.6919947862625122;0.6895872354507446;0.6798152923583984;0.6789910793304443;0.6778989434242249;0.6771146059036255;0.6762516498565674;0.6741182804107666
1,20,9,73340296,1.0,68546;79162;71468;83691;68834;74076;78069;77292;78554;80662,0.7765666246414185;0.7352660894393921;0.7060893177986145;0.6984254717826843;0.6966649293899536;0.6921185255050659;0.6824753284454346;0.6678224802017212;0.6669127345085144;0.6638529300689697
1,21,6,74819291,1.0,30545;30667;30385;30297;43517;46303;31740;30638;99916;23155,0.7703675627708435;0.769213080406189;0.7660353183746338;0.7540284395217896;0.7459182143211365;0.7302759885787964;0.7238612174987793;0.7178562879562378;0.7129713892936707;0.7076305150985718
1,22,40,74007399,1.0,56388;57410;57977;20819;20756;20804;20772;57296;30390;57473,0.7937664985656738;0.7261576652526855;0.7098774313926697;0.6776556968688965;0.6765139102935791;0.6758931875228882;0.6645736694335938;0.654498279094696;0.6329687833786011;0.6328831911087036
1,23,372,76329912,1.0,9765;26583;82014;18162;93779;38370;59348;31145;73502;57342,0.5528133511543274;0.5231462717056274;0.5137042999267578;0.48147135972976685;0.4759175181388855;0.4736543297767639;0.4728432893753052;0.4720621109008789;0.47028446197509766;0.4642663598060608
1,24,440,74290636,1.0,94217;94773;93854;97845;94910;94011;93732;97635;94527;93614,0.6330771446228027;0.6179684400558472;0.6147165298461914;0.5766686201095581;0.5499966144561768;0.5494101047515869;0.5467600226402283;0.5441285371780396;0.541914165019989;0.5381247997283936
1,25,248,73991929,1.0,51340;96899;58326;51502;77556;82789;58299;22318;58936;50946,0.7315346002578735;0.6954047679901123;0.6841007471084595;0.6837639808654785;0.6742265820503235;0.6606509685516357;0.6582072377204895;0.6515928506851196;0.6509557962417603;0.6493964791297913
1,26,196,74919989,1.0,90146;30504;38131;1268;87246;724;32269;11506;96069;46929,0.6139735579490662;0.5920168161392212;0.551270604133606;0.541100263595581;0.5307677984237671;0.5232630968093872;0.5126784443855286;0.5111426115036011;0.5087533593177795;0.508592426776886
1,27,125,75315435,1.0,59202;58474;59262;58688;45429;63152;49139;42169;85373;46860,0.7046381235122681;0.6646405458450317;0.6559245586395264;0.647454023361206;0.6294859051704407;0.6254935264587402;0.6149612069129944;0.5950043201446533;0.5902552008628845;0.5891879200935364
1,28,68,74929789,1.0,96005;95649;42646;97711;42791;99433;35449;51722;35524;98561,0.5044288635253906;0.4746180772781372;0.46637117862701416;0.46394336223602295;0.45500844717025757;0.44726765155792236;0.4374944567680359;0.437009334564209;0.4315941333770752;0.43106263875961304
1,29,488,75479913,1.0,45565;37451;42445;45621;65293;91416;42461;93765;91443;83450,0.49321436882019043;0.4752846956253052;0.4734506607055664;0.4713866710662842;0.4565173387527466;0.4554100036621094;0.45063257217407227;0.44798529148101807;0.44298267364501953;0.4410324692726135
1,30,357,74379585,1.0,85479;84796;66342;29473;96542;31757;95043;85703;11875;38137,0.6533912420272827;0.5798146724700928;0.5735640525817871;0.5644346475601196;0.5638954639434814;0.5553505420684814;0.5525895953178406;0.5506945848464966;0.5500165224075317;0.5458145141601562
1,31,77,75357784,1.0,84861;72231;80194;80637;80768;80709;98693;79729;72271;29901,0.8238794803619385;0.8145498037338257;0.8097241520881653;0.8091873526573181;0.7899594306945801;0.77541184425354;0.7738711833953857;0.77203369140625;0.7694074511528015;0.767725944519043
1,32,126,74809890,1.0,35529;35521;16540;48961;17242;48835;15772;95622;70070;26250,0.509161651134491;0.503683865070343;0.4676780700683594;0.4634387493133545;0.4535598158836365;0.4266856908798218;0.4245487451553345;0.4044657349586487;0.3896770477294922;0.38108813762664795
1,33,330,74911779,1.0,38947;13512;90727;17606;18308;37891;24266;93815;18435;20346,0.7341815829277039;0.7296147346496582;0.7124685645103455;0.6836636066436768;0.6817166209220886;0.6803462505340576;0.6802368760108948;0.6682074666023254;0.6672714948654175;0.665552020072937
1,34,207,74751841,1.0,99932;96278;99946;75291;77881;99472;95349;99465;96090;95769,0.7569775581359863;0.7350978851318359;0.7335231304168701;0.7209944725036621;0.7208585739135742;0.6948976516723633;0.6922948360443115;0.6912466883659363;0.6881775856018066;0.683112621307373
1,35,356,75505392,1.0,80152;78702;4518;5704;78546;81711;82150;78943;99714;41998,0.6541664600372314;0.5874994993209839;0.5618565082550049;0.5591671466827393;0.5539446473121643;0.5532979369163513;0.5495642423629761;0.5241243243217468;0.5222954750061035;0.5119962096214294
1,36,73,74570102,1.0,81865;81498;81062;81464;92767;81105;81533;4000;92671;81179,0.5706996917724609;0.5370266437530518;0.5355691909790039;0.5341145396232605;0.5327956676483154;0.5251493453979492;0.5231735706329346;0.5215820074081421;0.5198181867599487;0.5191286206245422
1,37,160,75321144,1.0,86435;97428;57608;14042;97434;97456;2384;1016;1114;14045,0.6043902635574341;0.5939333438873291;0.5858057737350464;0.5838907957077026;0.57760089635849;0.5706992149353027;0.5578798651695251;0.5478501915931702;0.5446054935455322;0.5418901443481445
1,38,282,74026339,1.0,99709;99799;99782;96558;34909;85597;54194;80124;54162;635,0.9471267461776733;0.8812922239303589;0.8012902736663818;0.779586911201477;0.6308038830757141;0.602473795413971;0.5979026556015015;0.5854934453964233;0.5826175212860107;0.5693057775497437
1,39,59,74939589,1.0,56388;57410;57296;20804;20772;20819;20756;61999;57977;44777,0.763658881187439;0.681240975856781;0.6646208167076111;0.6492366790771484;0.6468722224235535;0.645050048828125;0.6425513029098511;0.6270349025726318;0.6181510090827942;0.5864415168762207
1,40,241,76271304,1.0,89504;89438;89184;98276;98088;99312;98233;98143;89421;97975,0.6907821893692017;0.6684030890464783;0.6519904136657715;0.6493963003158569;0.6468139886856079;0.6442433595657349;0.643916666507721;0.6439102292060852;0.6394717693328857;0.6367807984352112
1,41,57,78605917,1.0,61002;2420;89585;56305;93236;93523;93371;32624;64772;2294,0.5550053715705872;0.5407843589782715;0.5312830209732056;0.517047107219696;0.5142362713813782;0.5071226358413696;0.5062708854675293;0.5052699446678162;0.502616822719574;0.4979751706123352
1,42,225,74433304,1.0,38980;37498;45395;45443;52498;45565;14489;37451;48948;76201,0.5215376615524292;0.46027857065200806;0.4328594207763672;0.43267929553985596;0.43051284551620483;0.42921435832977295;0.42326050996780396;0.418399453163147;0.4101836681365967;0.40904152393341064
1,43,92,75148786,1.0,4920;15670;33720;62852;62730;69815;97716;18317;72122;78027,0.5042451620101929;0.47934865951538086;0.46438175439834595;0.4577317237854004;0.457566499710083;0.4456171989440918;0.4434725046157837;0.43762385845184326;0.43642181158065796;0.43640023469924927
1,44,422,74009118,1.0,67144;99874;53637;7750;58563;4826;45455;79129;4666;83312,0.6521052122116089;0.6375057697296143;0.6168903112411499;0.5976210832595825;0.5920504331588745;0.5909634828567505;0.5862706899642944;0.581668496131897;0.5804987549781799;0.5754329562187195
1,45,396,75508872,1.0,72002;12673;98545;5793;5904;93573;7276;12764;5778;92702,0.5322440266609192;0.4967736005783081;0.4854480028152466;0.48388785123825073;0.4720720648765564;0.47069406509399414;0.4697198271751404;0.4684944152832031;0.46338891983032227;0.4578542709350586
1,46,75,73067849,1.0,97137;58326;18348;97610;97017;51340;58420;50946;51324;25231,0.7444010972976685;0.7432649731636047;0.7396693229675293;0.7071501016616821;0.7013488411903381;0.6990222930908203;0.695040225982666;0.6881645917892456;0.6859049797058105;0.6806420683860779
1,47,63,74829369,1.0,45961;88280;96740;54659;54671;53276;53142;92819;30825;68250,0.5260547399520874;0.5143439769744873;0.496341347694397;0.49593108892440796;0.489591121673584;0.4880380630493164;0.485828697681427;0.48165082931518555;0.47981715202331543;0.47814416885375977
1,48,61,73232278,1.0,58936;50946;58326;58420;96251;31826;96705;60246;29670;96485,0.6714303493499756;0.6700440645217896;0.6582902669906616;0.6418931484222412;0.6330870389938354;0.6287158727645874;0.6211196184158325;0.6204245686531067;0.6196445226669312;0.6173962354660034
1,49,189,74877440,1.0,17819;94916;68249;67584;69314;68406;94287;94195;4430;94323,0.6664407253265381;0.6562708616256714;0.6538630127906799;0.5998375415802002;0.5828099250793457;0.5794475078582764;0.5758926868438721;0.5686740875244141;0.56429123878479;0.53106290102005
1,50,393,75159446,1.0,80560;58651;40857;21732;91599;83654;42255;87011;92057;82335,0.5213866233825684;0.46945077180862427;0.45846307277679443;0.45844775438308716;0.4435400366783142;0.4434753656387329;0.4343196153640747;0.4328038692474365;0.4297741651535034;0.42929762601852417
1,51,50,76513521,1.0,84120;75648;67166;64608;66322;61809;23247;29758;99713;96555,0.3937333822250366;0.36439865827560425;0.353091835975647;0.3510584235191345;0.3464508652687073;0.33794957399368286;0.32838743925094604;0.3276258111000061;0.32476288080215454;0.3237578868865967
1,52,116,74429454,1.0,84845;93875;73308;18268;71922;72882;71413;71470;85200;71806,0.6014480590820312;0.5936753749847412;0.5834119319915771;0.5810539722442627;0.5697439908981323;0.5605918765068054;0.5602622628211975;0.5599225163459778;0.5574373006820679;0.554999828338623
1,53,198,74708181,1.0,19099;23196;39379;15405;51420;18220;31360;45762;47025;84653,0.562830924987793;0.5438501238822937;0.5306019186973572;0.5303885340690613;0.5244060754776001;0.5238418579101562;0.5198591351509094;0.5157216191291809;0.5153591632843018;0.5151621103286743
1,54,41,73195869,1.0,72005;91326;71943;15586;91171;9831;10736;9858;68181;15552,0.7396302223205566;0.7149076461791992;0.7126609086990356;0.6988511085510254;0.6927279233932495;0.6848323941230774;0.68302321434021;0.6749205589294434;0.6697038412094116;0.6680084466934204
1,55,107,74949749,1.0,99956;99394;99421;99133;98958;99893;99207;99156;17761;98955,0.903887152671814;0.8544608354568481;0.8392881751060486;0.7537537813186646;0.7407889366149902;0.739230215549469;0.6710004806518555;0.6472958922386169;0.6440759897232056;0.6343144178390503
1,56,79,75020708,1.0,94739;97417;94681;94279;96524;36857;96416;96645;94811;33936,0.6441982984542847;0.6432837247848511;0.6137257814407349;0.6065076589584351;0.5871879458427429;0.5788109302520752;0.577170193195343;0.5747758150100708;0.5737003087997437;0.5718226432800293
1,57,352,75545802,1.0,39989;39961;4301;53838;89888;91523;79471;79605;85628;87164,0.6091729402542114;0.5943769216537476;0.5878443717956543;0.5790881514549255;0.5785616636276245;0.5676215887069702;0.5551279187202454;0.5551279187202454;0.5436248779296875;0.5402894616127014
1,58,346,75387954,0.8,61463;30919;89053;96313;89066;82510;72573;14828;20350;67774,0.6723683476448059;0.6145387887954712;0.5732735395431519;0.5702621936798096;0.5184575319290161;0.4847603440284729;0.3947945237159729;0.3846879005432129;0.3782287836074829;0.3749386668205261
1,59,264,74820620,1.0,69874;99971;69759;70046;70336;18207;26281;99383;69948;98639,0.7097025513648987;0.7020273208618164;0.6983392834663391;0.6874955892562866;0.6784268021583557;0.6580089926719666;0.635506808757782;0.6342377662658691;0.6327136158943176;0.6283668279647827
1,60,448,74733061,1.0,99037;97214;97152;97189;97280;97056;99375;96982;98244;96985,0.6494114995002747;0.6304743885993958;0.604193389415741;0.5943890810012817;0.5885324478149414;0.5849055051803589;0.5827445983886719;0.5774177312850952;0.5712389945983887;0.5682108998298645
1,61,368,75317305,1.0,26459;58635;28034;59124;50828;84730;60628;37641;58662;66870,0.5569870471954346;0.5534322261810303;0.5427774786949158;0.5392426252365112;0.534209132194519;0.5340893268585205;0.5305162072181702;0.5259694457054138;0.5255348682403564;0.5206711888313293
1,62,27,74028879,1.0,35842;99498;46545;37271;99676;36612;74366;28177;35612;28384,0.7593405246734619;0.7535296678543091;0.7357950210571289;0.7203952074050903;0.7044249773025513;0.6841139793395996;0.677230715751648;0.6717022061347961;0.652489423751831;0.6410484910011292
1,63,121,75239616,1.0,18897;18327;34871;18932;18726;19406;38947;19392;37930;37801,0.7370622158050537;0.7298600673675537;0.7242963314056396;0.720839262008667;0.7182391881942749;0.7001825571060181;0.6863725185394287;0.6845612525939941;0.6660975217819214;0.6605910062789917
1,64,131,73658593,1.0,91763;62764;27276;24043;65014;63001;99462;24444;24537;22137,0.6032550930976868;0.5862226486206055;0.525079607963562;0.5208451747894287;0.5148636698722839;0.4921916127204895;0.4901621341705322;0.4827660918235779;0.4795728325843811;0.4787455201148987
1,65,472,74089358,1.0,4488;4194;10901;10654;15307;90555;10632;10535;10658;10663,0.7260374426841736;0.5739576816558838;0.5665780305862427;0.5518425703048706;0.5211236476898193;0.5058801770210266;0.5042043328285217;0.5032607316970825;0.5026718378067017;0.4957371950149536
1,66,67,74878659,1.0,99855;67640;37475;67730;31450;47588;67302;31805;9874;67946,0.7891373634338379;0.5355532169342041;0.5123617649078369;0.499767005443573;0.4959421157836914;0.4899851679801941;0.48713159561157227;0.4862207770347595;0.4857966899871826;0.48546457290649414
1,67,401,74214837,1.0,99882;99402;77141;89411;34306;4704;33479;33933;33493;33563,0.875739574432373;0.7386466264724731;0.6365025043487549;0.6308929920196533;0.6247483491897583;0.6228023171424866;0.6221086978912354;0.6208874583244324;0.6170989274978638;0.6114238500595093
1,68,52,74658352,1.0,81338;81528;81931;95349;76805;76824;82481;81487;73606;81768,0.7219030857086182;0.721625566482544;0.7165313959121704;0.7104883193969727;0.7041453123092651;0.6853947639465332;0.6814562678337097;0.6712855696678162;0.6694487929344177;0.6607108116149902
1,69,265,74452314,1.0,32206;97686;33167;33273;32160;30546;34166;25044;72000;90720,0.7525839805603027;0.7479699850082397;0.7401324510574341;0.7258540391921997;0.7214420437812805;0.7205809354782104;0.7087460160255432;0.7043876647949219;0.7000350952148438;0.6964401006698608
1,70,153,74204537,1.0,21276;96013;74803;74718;22183;5435;25980;26366;4572;44142,0.6165894269943237;0.5877096056938171;0.583145022392273;0.5465549230575562;0.5100645422935486;0.5058807134628296;0.5017123818397522;0.49389469623565674;0.4934309124946594;0.4930253028869629
1,71,342,77986754,1.0,85479;84796;66767;20005;85703;66842;67096;66887;20682;68437,0.5907751321792603;0.5572481751441956;0.5548691153526306;0.5436141490936279;0.5396853685379028;0.5358808040618896;0.5223444104194641;0.5206421613693237;0.5187557935714722;0.5095577239990234
1,72,252,74411935,1.0,12082;12101;85936;74765;73045;73171;10536;73442;73158;74110,0.6526356935501099;0.6346138715744019;0.6102635264396667;0.6005814075469971;0.5970790982246399;0.5939775705337524;0.590862512588501;0.5857110619544983;0.5791605114936829;0.5719830989837646
1,73,224,75123427,1.0,46020;99970;46022;99876;44884;45796;43341;86922;44796;47276,0.6710783839225769;0.651015043258667;0.6510093808174133;0.627890944480896;0.5775685906410217;0.5673199892044067;0.5656614303588867;0.5645896196365356;0.5604010820388794;0.5602298974990845
1,74,53,73963300,1.0,57744;18840;18771;53908;6269;28902;13177;81418;95515;18619,0.49560683965682983;0.4805396795272827;0.4701421856880188;0.4671100378036499;0.4539377689361572;0.4483771324157715;0.433286190032959;0.43278229236602783;0.42859041690826416;0.42771852016448975
1,75,434,76887396,1.0,73379;3570;23922;23840;49493;87150;75902;79911;72071;72115,0.6136754751205444;0.5923709869384766;0.5755100250244141;0.5595021843910217;0.5556881427764893;0.5544090270996094;0.5525819063186646;0.5515204668045044;0.5341761708259583;0.5339100360870361
1,76,446,76309783,1.0,94813;94904;94421;96483;93178;96457;46872;60053;99984;53368,0.6810215711593628;0.5978478193283081;0.5973864793777466;0.5496792793273926;0.5405769944190979;0.5358004570007324;0.5161410570144653;0.5140775442123413;0.5132063031196594;0.49333590269088745
1,77,254,74156678,1.0,46446;7336;7334;8745;72828;87780;93617;65840;36993;7481,0.8168773651123047;0.815413236618042;0.8055384159088135;0.7773141860961914;0.7769722938537598;0.774571418762207;0.7431634068489075;0.7349148988723755;0.7284247875213623;0.7254821062088013
1,78,147,73914460,1.0,50614;40201;35976;42975;38523;43973;70904;52393;68169;34271,0.6109144687652588;0.5903401374816895;0.5890556573867798;0.5694888234138489;0.5482136011123657;0.5092799067497253;0.5060195326805115;0.5021458864212036;0.5015043020248413;0.49349653720855713
1,79,87,75315854,1.0,16077;62117;18393;16253;3758;99780;50258;54141;59056;76862,0.7660738229751587;0.7642896175384521;0.7574523687362671;0.7572424411773682;0.7502950429916382;0.7444462180137634;0.7387628555297852;0.727120041847229;0.7204434871673584;0.6849058866500854
1,80,204,75566521,1.0,38769;38704;48299;80881;77442;39190;48263;48355;55587;79097,0.5577192306518555;0.5480481386184692;0.5382604002952576;0.5122882723808289;0.5068202018737793;0.48599934577941895;0.48414862155914307;0.47807133197784424;0.46982455253601074;0.46495312452316284
1,81,117,76388592,1.0,89103;91480;63529;71210;63006;84532;83276;64750;69307;64687,0.7250745296478271;0.7051524519920349;0.6635727882385254;0.65416419506073;0.6502255201339722;0.642859935760498;0.6327258944511414;0.6316691040992737;0.6201610565185547;0.6191306710243225
1,82,334,73602204,1.0,53510;26816;96481;34030;53715;10314;62803;21353;78435;28786,0.7481470704078674;0.6712977886199951;0.6690387725830078;0.6625648736953735;0.6357325315475464;0.6136112809181213;0.6021280288696289;0.5949282646179199;0.5924102663993835;0.5787276029586792
1,83,168,75116926,1.0,94196;34348;39798;93123;34337;46104;42435;19089;34263;38848,0.718665599822998;0.7014663219451904;0.696097195148468;0.6315515041351318;0.6235278248786926;0.6231018304824829;0.6177791953086853;0.6076462268829346;0.5869048833847046;0.5825721025466919
1,84,256,73776432,1.0,90992;93534;16194;35631;17628;7338;42261;44631;30178;36947,0.7854484915733337;0.7659946084022522;0.6525649428367615;0.6444910168647766;0.6398271322250366;0.6272561550140381;0.6216980814933777;0.6152472496032715;0.6141539812088013;0.6081042289733887
1,85,229,76779328,1.0,38439;38292;38289;38341;74388;38429;74414;38296;74416;74491,0.8318440914154053;0.8241878747940063;0.7938134074211121;0.7898147106170654;0.7501512169837952;0.7286393642425537;0.7183154821395874;0.7121157050132751;0.7028390765190125;0.7028149962425232
1,86,188,72216489,1.0,98149;98133;62400;62385;18699;55889;83536;96877;92131;69985,0.7244800329208374;0.6645874381065369;0.6354525089263916;0.6343116760253906;0.629250168800354;0.6275907754898071;0.6269785165786743;0.623430609703064;0.6194181442260742;0.6173677444458008
1,87,291,74200067,1.0,94512;43021;57303;41321;69992;70642;16689;58246;54788;41290,0.6893092393875122;0.4862537384033203;0.4815179705619812;0.45544010400772095;0.448999285697937;0.44467079639434814;0.43917423486709595;0.4313313364982605;0.42883777618408203;0.4274381399154663
1,88,157,73183139,1.0,82975;31306;89805;69212;34918;84456;61425;89601;89227;72924,0.5176299810409546;0.5125331878662109;0.47531282901763916;0.47464215755462646;0.47310739755630493;0.47021400928497314;0.46718817949295044;0.46469736099243164;0.4626641273498535;0.4620612859725952
1,89,382,74563333,1.0,99970;99876;44884;46020;46022;47276;43881;40810;44954;44898,0.7545392513275146;0.7477949857711792;0.6626380085945129;0.6531791687011719;0.6498481631278992;0.6457031965255737;0.6439026594161987;0.6430424451828003;0.6334455013275146;0.6214339137077332
1,90,95,75024318,1.0,92712;98795;89813;74490;98641;36005;6627;93046;44051;83674,0.6023153066635132;0.5599926710128784;0.5556818842887878;0.5347008109092712;0.5164090394973755;0.5159171223640442;0.5108438730239868;0.5103957653045654;0.5002726316452026;0.4982626438140869
1,91,102,74623142,1.0,99909;95325;99472;81403;99465;95349;96090;95065;95769;81743,0.7298744916915894;0.7074671983718872;0.6618701219558716;0.6524673700332642;0.6463152766227722;0.6316385269165039;0.6312892436981201;0.6300650835037231;0.6269813776016235;0.6258233785629272
1,92,30,74215527,1.0,97871;98272;98254;97876;83446;13347;27197;855;99613;82800,0.45880550146102905;0.4421735405921936;0.3868897557258606;0.377763032913208;0.349737286567688;0.34785932302474976;0.3367643356323242;0.3284562826156616;0.3271430730819702;0.3271424174308777
1,93,38,74412514,1.0,52147;51492;51778;62704;97221;75380;62615;51637;74159;52929,0.5679265260696411;0.5630751848220825;0.5629920959472656;0.5611241459846497;0.5609794855117798;0.5581847429275513;0.5562819242477417;0.5525870323181152;0.5521669387817383;0.5436274409294128
1,94,430,72793973,1.0,99620;99652;99644;99775;99996;99483;99636;99792;84609;85544,0.7750592231750488;0.7711673378944397;0.7678627967834473;0.7662787437438965;0.7647687196731567;0.7561529874801636;0.744072675704956;0.7426657676696777;0.7318339347839355;0.7246956825256348
1,95,111,73930730,1.0,36068;99968;5287;9266;65819;35559;67489;35565;99995;58388,0.6500986218452454;0.6482702493667603;0.6463636159896851;0.6463636159896851;0.6442133188247681;0.6441622972488403;0.6415726542472839;0.6298273801803589;0.6202878952026367;0.6200790405273438
1,96,35,74122207,1.0,96978;84033;55309;62854;62930;89578;62792;99710;90461;98421,0.7049221992492676;0.5077661275863647;0.5027673244476318;0.5005441308021545;0.5003224015235901;0.48125624656677246;0.4771794080734253;0.4734722375869751;0.46621084213256836;0.4597771167755127
1,97,260,74732931,1.0,12861;55811;9343;55801;63054;47081;659;56465;8943;55797,0.585416316986084;0.5210826396942139;0.520045280456543;0.5188162326812744;0.5158265233039856;0.5076802968978882;0.4979623556137085;0.4939219355583191;0.4880775213241577;0.4840272068977356
1,98,39,73299847,1.0,99778;99799;99709;96558;99782;45762;47025;16463;3041;80124,0.7161986827850342;0.7077280879020691;0.6562178730964661;0.6439293026924133;0.6406125426292419;0.5989363193511963;0.5948274731636047;0.585408091545105;0.5827613472938538;0.5653639435768127
1,99,462,75013058,1.0,59914;73345;66374;1011;67855;96226;70451;79465;71253;67485,0.597375214099884;0.5221954584121704;0.5127769708633423;0.4804813265800476;0.47925400733947754;0.4771522283554077;0.47295284271240234;0.4704800844192505;0.46449899673461914;0.46367013454437256
1,100,128,74345685,1.0,19787;38524;19717;20063;20045;38864;81994;39086;20072;38669,0.7835148572921753;0.7477917671203613;0.7305919528007507;0.7261571884155273;0.6984562277793884;0.6401921510696411;0.617145836353302;0.6123896837234497;0.6079891920089722;0.5949708223342896
1,101,318,75343804,1.0,98770;13156;96447;48113;13791;99804;13092;90849;13793;99048,0.563524067401886;0.5412583351135254;0.5297170877456665;0.5140616297721863;0.5057762861251831;0.504355788230896;0.49508237838745117;0.4770418405532837;0.46611809730529785;0.46604275703430176
1,102,115,74008389,1.0,98717;99994;38670;48324;34360;14357;63116;70138;66442;200,0.5230769515037537;0.5058248043060303;0.49874603748321533;0.487110435962677;0.47704237699508667;0.475280225276947;0.47378337383270264;0.47137272357940674;0.4679639935493469;0.4594871997833252
1,103,151,81392736,1.0,98986;99434;98940;99372;98951;96734;99157;96539;96808;99403,0.9242568016052246;0.8943325877189636;0.8748290538787842;0.8706550598144531;0.8633314371109009;0.8484792113304138;0.821732223033905;0.7990927696228027;0.7881548404693604;0.7784494757652283
1,104,11,72382907,1.0,10884;10617;71278;10934;16121;26644;26539;85319;35171;70987,0.6099876761436462;0.6031607389450073;0.5688997507095337;0.5513877272605896;0.5403956770896912;0.5373433828353882;0.5290716886520386;0.5262402892112732;0.5234792828559875;0.5160640478134155
1,105,124,74338116,1.0,75097;76680;48324;99885;7555;200;46586;28430;99153;91243,0.6755871176719666;0.6741093993186951;0.6655161380767822;0.64219731092453;0.637366771697998;0.6353228092193604;0.6084004640579224;0.6044127941131592;0.5926819443702698;0.5897693634033203
1,106,460,73875590,1.0,73164;77727;73781;33744;31110;32211;40497;59439;68978;37488,0.4924442172050476;0.469319224357605;0.4610852599143982;0.4587063193321228;0.4539682865142822;0.4463130235671997;0.43261194229125977;0.427803099155426;0.42696791887283325;0.42541998624801636
1,107,379,74299076,1.0,63772;82770;44427;56406;41263;18118;18193;63880;55665;85216,0.5595316886901855;0.5343218445777893;0.5288082361221313;0.5262050032615662;0.5241227149963379;0.5207338333129883;0.520592451095581;0.5107199549674988;0.5097629427909851;0.5085721611976624
1,108,123,73182018,1.0,99970;99876;44884;43881;40810;44954;46020;47276;46022;38495,0.7717652320861816;0.769385814666748;0.7033511400222778;0.680931806564331;0.6795046925544739;0.6768510937690735;0.6758521199226379;0.6755017042160034;0.661455512046814;0.6516299247741699
1,109,4,74552723,1.0,53908;91579;57744;20755;81835;92650;93091;18179;48191;42772,0.5753862857818604;0.5294069051742554;0.5178807973861694;0.49776017665863037;0.47105300426483154;0.45619428157806396;0.45349931716918945;0.4523022174835205;0.4510936737060547;0.4507572054862976
1,110,60,71802454,1.0,88027;88628;98519;89332;90758;91501;89784;93090;87927;88461,0.8077578544616699;0.7931016087532043;0.7656222581863403;0.7376744747161865;0.7289825081825256;0.7273427248001099;0.7219517827033997;0.7149394750595093;0.7146817445755005;0.7074097394943237
1,111,359,73274517,1.0,70670;64742;56549;51312;14751;32179;31882;47026;56414;70601,0.4973610043525696;0.481412410736084;0.46462422609329224;0.4559605121612549;0.4548456072807312;0.45468735694885254;0.4538843631744385;0.45193958282470703;0.4496040940284729;0.44705235958099365
1,112,99,73127819,1.0,52685;55516;88023;30814;28841;85791;84399;29311;49742;26713,0.4678521156311035;0.45752662420272827;0.4551205635070801;0.45184987783432007;0.4516150951385498;0.4471781849861145;0.4434281587600708;0.4422774314880371;0.4418987035751343;0.4364132285118103
1,113,363,73948690,1.0,80574;10333;49015;50939;49693;80996;50316;80566;28165;49701,0.6225619316101074;0.6222871541976929;0.6142160892486572;0.6111074686050415;0.6004667282104492;0.5950978994369507;0.5946773290634155;0.5940427184104919;0.583528995513916;0.5802443027496338
1,114,80,73145039,1.0,83484;18860;83938;94357;86632;62460;83481;64775;23511;47738,0.6400935649871826;0.5725219249725342;0.5680088996887207;0.5669341087341309;0.5553672313690186;0.555300772190094;0.5525410175323486;0.5388307571411133;0.5352671146392822;0.5351550579071045
1,115,155,73624134,1.0,43517;30385;30297;31663;30667;30545;32003;31740;38174;22300,0.8130114078521729;0.8008723258972168;0.7982535362243652;0.7725818157196045;0.771413266658783;0.7631669640541077;0.757691502571106;0.7475043535232544;0.7264435887336731;0.7060230374336243
1,116,104,74013039,1.0,97812;97079;78006;97497;97180;97204;99861;97362;19437;8207,0.7484062314033508;0.7257606983184814;0.6998441219329834;0.6947097778320312;0.6839990615844727;0.6516019105911255;0.6408546566963196;0.6258829832077026;0.6199338436126709;0.6138756275177002
1,117,205,73717252,1.0,99910;99455;19089;41580;94664;93932;40404;94196;91826;43221,0.7816221117973328;0.7273940443992615;0.532573401927948;0.5267961621284485;0.5192945003509521;0.5153809785842896;0.4932304620742798;0.48615896701812744;0.4791412353515625;0.4738471508026123
1,118,253,73081749,1.0,38439;38292;38341;38289;74388;38429;38296;74491;74416;74414,0.8239561915397644;0.8105698823928833;0.7489019632339478;0.7484702467918396;0.7187113761901855;0.7080873847007751;0.7049342393875122;0.6749359965324402;0.6748325824737549;0.6721256971359253
1,119,473,74644622,1.0,92968;99873;81865;93515;83245;92767;81464;82487;92727;44085,0.5914454460144043;0.5531531572341919;0.5220142006874084;0.5017547607421875;0.4936326742172241;0.48562437295913696;0.4839569926261902;0.48197317123413086;0.4792613983154297;0.4765892028808594
1,120,197,72628095,1.0,83811;83777;84362;89731;87042;83896;84505;84708;83962;85339,0.7711278796195984;0.729731023311615;0.6727139949798584;0.6515347957611084;0.6337713003158569;0.627184271812439;0.6226917505264282;0.6212644577026367;0.6206645369529724;0.617200493812561
1,121,176,75098117,1.0,98717;38670;63524;63514;51282;51366;87875;74616;99994;44717,0.49315595626831055;0.4813648462295532;0.4549136757850647;0.4539748430252075;0.4477134346961975;0.4432997703552246;0.43875497579574585;0.43707627058029175;0.43227553367614746;0.43008530139923096
1,122,139,74217367,1.0,39701;62559;26260;82558;93643;27925;35254;47741;88907;58184,0.3700827360153198;0.3685075044631958;0.36652839183807373;0.36628782749176025;0.35980963706970215;0.3579769730567932;0.3528076410293579;0.35181283950805664;0.34173667430877686;0.3394594192504883
1,123,418,74520753,1.0,99988;99842;73396;74316;55063;66332;72013;65992;66292;72446,0.7258673906326294;0.6991321444511414;0.6725696921348572;0.6705123782157898;0.6665042042732239;0.6488077640533447;0.6451289653778076;0.6373541951179504;0.6364685893058777;0.6340524554252625
1,124,450,74034849,1.0,53467;32745;53488;3143;79622;31655;46723;30593;95994;1719,0.5528917908668518;0.5360524654388428;0.5357540845870972;0.5126616954803467;0.5082399845123291;0.504540205001831;0.49962717294692993;0.4986652135848999;0.4950982928276062;0.4908817410469055
1,125,400,74241136,1.0,99874;67144;79129;84188;49161;53637;52915;91837;36248;98910,0.8350961208343506;0.6675259470939636;0.5710266828536987;0.5407627820968628;0.5323917865753174;0.5230013132095337;0.5213824510574341;0.5210554003715515;0.5163323283195496;0.5118459463119507
1,126,37,73309307,1.0,99821;98331;62508;36322;36975;98307;99566;98348;36239;98399,0.6019678115844727;0.6007112264633179;0.5606534481048584;0.5598871111869812;0.5532400608062744;0.5408754944801331;0.527218759059906;0.5161674618721008;0.5137388110160828;0.5079796314239502
1,127,307,75294815,1.0,14357;98689;2699;1918;98933;7555;98561;83038;2068;99469,0.7032932639122009;0.6490064859390259;0.608994722366333;0.5996593236923218;0.5745002627372742;0.5728700757026672;0.5633491277694702;0.5597227215766907;0.5522311925888062;0.5510571002960205
1,128,361,73191458,1.0,52380;57954;60877;82411;9913;94791;56466;13912;66387;55929,0.729689359664917;0.6545684337615967;0.6142274141311646;0.6045150756835938;0.5993454456329346;0.5868430733680725;0.5787696838378906;0.5763497352600098;0.5746791362762451;0.5665335059165955
1,129,161,72109520,1.0,50275;95193;7818;7363;8507;7434;7335;7360;7410;8245,0.7335561513900757;0.716101884841919;0.650092601776123;0.6058757305145264;0.6040089726448059;0.5878651738166809;0.5873022079467773;0.5859401226043701;0.5858391523361206;0.5817415714263916
1,130,402,71992962,1.0,284;50360;104;52887;2889;135;35842;46545;99676;35612,0.7149907350540161;0.6585841178894043;0.654475212097168;0.6382589340209961;0.629486083984375;0.6235865950584412;0.6225420236587524;0.6095839142799377;0.5693272352218628;0.5606124997138977
1,131,478,75266955,1.0,15139;76929;16531;87077;66190;9376;6702;65532;155;27343,0.5192816257476807;0.4843367338180542;0.4700969457626343;0.42715150117874146;0.42320454120635986;0.42094314098358154;0.4125767946243286;0.4124768376350403;0.40418314933776855;0.40250563621520996
1,132,183,71952423,1.0,99911;47613;95863;70582;20736;68228;16703;44960;104;79027,0.8352223634719849;0.636975884437561;0.5915940999984741;0.5693649649620056;0.5182830095291138;0.514013946056366;0.5104479789733887;0.5097195506095886;0.49604856967926025;0.49589014053344727
1,133,293,73887130,1.0,27165;19917;36437;68983;63939;36041;26032;91317;63822;93701,0.5427874326705933;0.5388208627700806;0.5264765024185181;0.5132055282592773;0.5130360126495361;0.5005747079849243;0.49890267848968506;0.4979894161224365;0.49562472105026245;0.49516475200653076
1,134,227,73053260,1.0,99242;91356;91617;73988;99303;84366;84941;91463;84527;85129,0.6400865316390991;0.5976312160491943;0.5891353487968445;0.5888541340827942;0.5726127028465271;0.5702369213104248;0.5676781535148621;0.558992326259613;0.5588517189025879;0.5574227571487427
1,135,143,72308117,1.0,17155;81815;81602;24555;14607;18126;95116;47687;43517;77150,0.5287662744522095;0.5233290195465088;0.5161759853363037;0.5150235891342163;0.47191816568374634;0.4466499090194702;0.44627755880355835;0.4412806034088135;0.42749565839767456;0.4258161783218384
1,136,433,72438607,1.0,68426;6750;61419;82762;83104;83064;68414;8102;29374;83317,0.5081272721290588;0.48331308364868164;0.47466719150543213;0.4672778844833374;0.4649272561073303;0.4603263735771179;0.457988440990448;0.45798224210739136;0.4453132748603821;0.44504880905151367
1,137,158,72839613,1.0,99946;95325;99932;96278;95065;99472;99465;95349;95769;96090,0.8531219959259033;0.8099645376205444;0.7906167507171631;0.788841187953949;0.775395929813385;0.7748904228210449;0.7647392749786377;0.7571049928665161;0.7533602714538574;0.7207437753677368
1,138,109,72804223,1.0,99020;99552;99169;83230;83081;83089;99749;82913;70461;87857,0.6792927980422974;0.6752400994300842;0.6435683965682983;0.6073537468910217;0.6026393175125122;0.5821637511253357;0.5810350179672241;0.5721136927604675;0.5438282489776611;0.5431860685348511
1,139,267,73516485,1.0,82912;44292;27789;82724;27529;33904;39417;41147;33510;87731,0.604608416557312;0.584314227104187;0.5750386714935303;0.5743306875228882;0.5694471597671509;0.5532006025314331;0.5492247343063354;0.548552393913269;0.5467406511306763;0.5431457757949829
1,140,190,73370496,1.0,98397;96976;97694;98450;52082;69663;98222;92344;98370;96588,0.6818365454673767;0.6782965064048767;0.6571502685546875;0.6562014222145081;0.6297789812088013;0.548040509223938;0.5410885810852051;0.5235929489135742;0.51796954870224;0.5177295207977295
1,141,376,73512764,0.9,4330;93882;94084;39539;58990;25212;94354;30284;82314;56609,0.4470057487487793;0.4276541471481323;0.4180905222892761;0.4123213291168213;0.36607325077056885;0.3654802441596985;0.36047226190567017;0.35851192474365234;0.3565518856048584;0.3523292541503906
1,142,272,74737191,1.0,99994;97510;49754;96685;70138;49240;38670;48930;28430;49337,0.7842584848403931;0.44584566354751587;0.35435038805007935;0.3538343906402588;0.3514401912689209;0.34908968210220337;0.3458336591720581;0.3418668508529663;0.33831465244293213;0.3375859260559082
1,143,336,73309047,1.0,62274;62315;62177;62362;34339;33603;62343;33355;13807;34084,0.8594354391098022;0.8498767018318176;0.838801920413971;0.8002147674560547;0.7516508102416992;0.7445135116577148;0.7387444972991943;0.7355225086212158;0.7351388931274414;0.7338416576385498
1,144,281,72583155,1.0,83581;80499;88806;79997;97137;50946;97017;95959;22718;83241,0.7355130910873413;0.7139713764190674;0.7135186195373535;0.6913717985153198;0.6750327348709106;0.6719011068344116;0.6677513718605042;0.6663392186164856;0.6638412475585938;0.6608386039733887
1,145,244,74802221,1.0,82912;82724;44292;83348;87731;40259;79278;41147;36174;85064,0.6029160022735596;0.572136640548706;0.5684926509857178;0.5554745197296143;0.5508871078491211;0.5490038394927979;0.5428012609481812;0.5294501185417175;0.5283008813858032;0.5215548276901245
1,146,424,75363634,1.0,99887;97105;72711;12445;79096;91426;96344;84790;85003;31765,0.6772395372390747;0.5387665629386902;0.5373415946960449;0.520887017250061;0.5206762552261353;0.5071582794189453;0.5070910453796387;0.5055201053619385;0.5027264356613159;0.5013473033905029
1,147,163,73026791,1.0,91741;91717;95228;90480;90835;92855;95490;72947;88016;91793,0.5845902562141418;0.5568395256996155;0.5420414805412292;0.534186840057373;0.5322756767272949;0.5293163657188416;0.521027147769928;0.5206958055496216;0.5117897987365723;0.5111141204833984
1,148,206,72746633,1.0,93772;99872;26307;99415;99412;81724;32084;99360;88539;82152,0.5652316808700562;0.5175403356552124;0.5129319429397583;0.5057247281074524;0.5016412138938904;0.49576622247695923;0.49454188346862793;0.4908614754676819;0.4796726107597351;0.4787949323654175
1,149,164,74909919,1.0,28948;28833;34620;41097;28094;6217;8683;33383;33610;98755,0.5315238833427429;0.5291104316711426;0.4784509539604187;0.46773695945739746;0.46438759565353394;0.46431493759155273;0.46028411388397217;0.45931506156921387;0.45618677139282227;0.4504495859146118
1,150,29,73946089,1.0,90972;1318;10341;85518;11850;90337;64538;95267;163;82630,0.49746406078338623;0.45783287286758423;0.4333797097206116;0.4253404140472412;0.42209237813949585;0.4193462133407593;0.4170323610305786;0.4124336242675781;0.41149401664733887;0.404682457447052
1,151,412,75888798,1.0,85479;85703;84796;85329;11875;68331;36586;66342;97091;68904,0.6696407794952393;0.5765087604522705;0.560910165309906;0.5290564894676208;0.48336291313171387;0.4807647466659546;0.4765864610671997;0.4515482187271118;0.4487304091453552;0.4357423782348633
1,152,455,72881072,1.0,78488;76968;85872;77034;75136;74392;50442;71242;84428;85947,0.7869242429733276;0.7243572473526001;0.6444917917251587;0.6328902840614319;0.6240680813789368;0.6119915843009949;0.6053065657615662;0.6026557087898254;0.6004856824874878;0.5985145568847656
1,153,237,74427434,1.0,82278;39989;30897;99704;79729;30097;39961;29901;80709;80204,0.7382961511611938;0.7300617694854736;0.7294168472290039;0.7286744117736816;0.7201234698295593;0.7176656126976013;0.7141053676605225;0.7071325778961182;0.7064744234085083;0.7046512365341187
1,154,31,73013790,1.0,99876;99970;45524;44884;47276;43881;46717;46020;49259;46022,0.7986617088317871;0.7894130945205688;0.7381929755210876;0.7230795621871948;0.7175217866897583;0.7016867399215698;0.6815700531005859;0.6803285479545593;0.6796460747718811;0.6743336319923401
1,155,195,72921892,1.0,82975;84456;64182;31306;34918;15967;33277;1355;34617;37945,0.6369268894195557;0.5858368873596191;0.5435939431190491;0.5342040657997131;0.518443763256073;0.5114670991897583;0.5103120803833008;0.5080651044845581;0.5071959495544434;0.5046977996826172
1,156,314,72728654,1.0,99918;97721;98637;97783;97865;97823;99429;98624;97459;97991,0.8444118499755859;0.709821343421936;0.6864258050918579;0.6617082357406616;0.6393285393714905;0.6391643285751343;0.6303309202194214;0.6020095944404602;0.5893793702125549;0.5854014158248901
1,157,16,74986948,1.0,82304;60898;23225;91424;84306;30208;91541;99606;42953;71518,0.6868691444396973;0.6332185864448547;0.4083607792854309;0.39425230026245117;0.36787551641464233;0.3676968812942505;0.3671931028366089;0.3663478493690491;0.36163341999053955;0.3613842725753784
1,158,56,73009921,1.0,93837;60699;60592;60380;60424;63874;99902;58153;62662;62760,0.7950184941291809;0.7868272066116333;0.7756757736206055;0.7751752138137817;0.7610673904418945;0.730959415435791;0.7201275825500488;0.7196502685546875;0.7082216143608093;0.7039035558700562
1,159,284,72207399,1.0,67564;43826;64841;5269;66750;34008;93122;64480;68682;93185,0.5539474487304688;0.47030651569366455;0.46337002515792847;0.45774728059768677;0.4477957487106323;0.4411613941192627;0.44058775901794434;0.4370371699333191;0.43299973011016846;0.43190842866897583
1,160,113,71352990,1.0,99970;99876;47276;44884;40810;44954;43881;46020;46948;44796,0.8123897314071655;0.791797935962677;0.6998010873794556;0.6963970065116882;0.6897814273834229;0.6628084778785706;0.6618533730506897;0.6582410335540771;0.6551167964935303;0.6524259448051453
1,161,203,72520266,1.0,78702;79952;80209;25710;8466;4496;35420;99714;81183;66205,0.6189261674880981;0.6169759631156921;0.6011512875556946;0.5783597230911255;0.5699297189712524;0.5698753595352173;0.567062497138977;0.5604593753814697;0.5583420991897583;0.548238217830658
1,162,103,72351168,1.0,65986;74347;85100;37400;87934;36482;62634;40489;66358;87127,0.5365269184112549;0.48370838165283203;0.46516817808151245;0.4361773729324341;0.41358524560928345;0.37082672119140625;0.3681495189666748;0.36588841676712036;0.3646230697631836;0.36437028646469116
1,163,316,72415627,1.0,31663;43517;30385;32003;30297;30667;30545;30478;30479;31740,0.8550375699996948;0.8365820646286011;0.8301441669464111;0.8260853290557861;0.8249822854995728;0.8141809701919556;0.8073998689651489;0.8016043305397034;0.7993274331092834;0.7884894609451294
1,164,187,70193602,1.0,99901;83885;87261;33990;99169;15737;48539;9694;13173;85367,0.6419409513473511;0.6206226944923401;0.6121412515640259;0.6005635261535645;0.5796836018562317;0.5773385763168335;0.5766615867614746;0.5733503103256226;0.5711976885795593;0.5706027150154114
1,165,255,72412857,1.0,28286;86755;28265;59354;9493;74314;28295;10344;28486;9448,0.9257316589355469;0.9127683639526367;0.9098060131072998;0.8655399084091187;0.8634154200553894;0.8616716861724854;0.8602613210678101;0.8573307991027832;0.8559185862541199;0.8487060070037842
1,166,481,72938552,1.0,27343;87077;43927;1838;59740;16531;66190;6989;76929;65532,0.6612080931663513;0.6026677489280701;0.5791261196136475;0.547012448310852;0.5376190543174744;0.528397798538208;0.4784280061721802;0.4673120975494385;0.4593353271484375;0.4501000642776489
1,167,474,72568056,1.0,45869;28153;45839;45742;45899;28167;65361;65249;64188;92407,0.6148806810379028;0.6084104776382446;0.5980137586593628;0.5852367877960205;0.5814588069915771;0.5475687980651855;0.5472967624664307;0.5471745729446411;0.5403450131416321;0.5382302403450012
1,168,93,72948431,1.0,43767;16496;28094;16444;10555;58501;1746;28948;28833;4398,0.4066578149795532;0.40120816230773926;0.3998321294784546;0.38577234745025635;0.38366854190826416;0.38356590270996094;0.3744692802429199;0.37256669998168945;0.37246614694595337;0.3621143102645874
1,169,44,72814372,1.0,16950;44685;44727;5264;4553;16379;21429;16527;93245;21661,0.64777672290802;0.6356031894683838;0.6259047985076904;0.6221164464950562;0.6152312755584717;0.5919632911682129;0.5828128457069397;0.5638684034347534;0.5593321323394775;0.5498898029327393
1,170,138,71387088,1.0,99872;99360;99412;99415;24567;26307;24542;89950;99219;32254,0.9815616607666016;0.7297857999801636;0.7130539417266846;0.6884580850601196;0.6611184477806091;0.6539981365203857;0.6502480506896973;0.6386666297912598;0.6238275766372681;0.6078346967697144
1,171,209,71714685,1.0,62290;61558;88859;89465;89940;97416;68507;47992;48099;48049,0.83647620677948;0.8231472373008728;0.7987411022186279;0.7930648922920227;0.7754219770431519;0.7714715600013733;0.762384295463562;0.7535430192947388;0.746610164642334;0.7390124797821045
1,172,136,73320767,1.0,35420;25710;83950;33050;49329;7520;23633;97389;42868;77454,0.5781571269035339;0.5616059303283691;0.5536460280418396;0.5376399159431458;0.5329329371452332;0.5301811695098877;0.5249709486961365;0.517620325088501;0.5161370038986206;0.5080705881118774
1,173,236,73827731,1.0,98925;7565;28362;82323;91415;246;20210;61412;58987;85520,0.7160060405731201;0.48265540599823;0.479974627494812;0.47973358631134033;0.4750814437866211;0.47415149211883545;0.46120864152908325;0.459756076335907;0.45074737071990967;0.44636213779449463
1,174,33,73278117,1.0,90972;18047;64541;50765;60295;34406;51109;57834;20115;17168,0.4656698703765869;0.4289109706878662;0.4201204776763916;0.4116939306259155;0.4005809426307678;0.3987906575202942;0.3921605944633484;0.3813478946685791;0.37735414505004883;0.3770853281021118
1,175,199,78915834,1.0,65743;73472;2192;22714;45511;63824;63363;63149;63416;21061,0.6468633413314819;0.6352748274803162;0.6330488920211792;0.6302911043167114;0.6285557150840759;0.6276254653930664;0.6269525289535522;0.6239020824432373;0.6232216358184814;0.6213335990905762
1,176,127,74510143,1.0,13980;12215;14759;15395;11690;14463;72878;19740;11655;25825,0.8710465431213379;0.8338290452957153;0.8314718008041382;0.8261697292327881;0.811457097530365;0.8068355321884155;0.8052117824554443;0.7966314554214478;0.7916700839996338;0.7721518278121948
1,177,201,73025410,1.0,83642;55418;28035;55589;83206;85819;52873;74220;55632;55456,0.7337847948074341;0.6959772109985352;0.695930004119873;0.6747055053710938;0.6733033657073975;0.6720939874649048;0.6696609258651733;0.6663668751716614;0.6625074148178101;0.6607590913772583
1,178,173,74853869,0.9,19079;3652;96799;31581;17452;92823;76530;31024;87437;46590,0.43978631496429443;0.4160115122795105;0.4013035297393799;0.39464837312698364;0.3839735984802246;0.3838721513748169;0.37469494342803955;0.36723464727401733;0.3615676760673523;0.361120343208313
1,179,464,74239056,1.0,87422;87434;82978;11682;83223;45577;10916;83191;45643;45572,0.6356520652770996;0.6317092180252075;0.6242574453353882;0.5979444980621338;0.5961090922355652;0.5791388154029846;0.5755487084388733;0.5680961608886719;0.5625147819519043;0.5611958503723145
1,180,277,73254887,1.0,64985;72485;59443;79868;90539;56275;90411;90452;34007;90487,0.6276533603668213;0.6006665825843811;0.5839458703994751;0.579180121421814;0.5598201751708984;0.553659200668335;0.5535944700241089;0.5532458424568176;0.5515398979187012;0.5488137006759644
1,181,427,74088578,1.0,71852;72407;70897;72086;60190;70687;70956;69004;70768;24489,0.7289167046546936;0.6819640398025513;0.6544426083564758;0.6443676948547363;0.6435937881469727;0.6260892748832703;0.6256049871444702;0.6207805275917053;0.6144790649414062;0.6134329438209534
1,182,470,74708021,1.0,92895;258;15446;51109;998;53942;39861;65477;81939;556,0.49230659008026123;0.41731852293014526;0.4164583683013916;0.4117010831832886;0.40343236923217773;0.39894968271255493;0.39440709352493286;0.3913279175758362;0.38118815422058105;0.37872421741485596
1,183,477,75293595,1.0,6752;62402;50580;4266;94838;55769;95413;4950;5852;55740,0.3759336471557617;0.36811214685440063;0.36677873134613037;0.3571104407310486;0.35412871837615967;0.3524829149246216;0.34909582138061523;0.34805387258529663;0.34805387258529663;0.34760814905166626
1,184,288,73149079,1.0,99878;99951;89831;95901;96363;86562;97589;96866;96913;95653,0.8760851621627808;0.7450211644172668;0.6707651615142822;0.6648638844490051;0.6613447070121765;0.6359913349151611;0.6028435230255127;0.5891949534416199;0.582134485244751;0.5813301205635071
1,185,391,74955299,1.0,99988;99842;73180;74419;72013;57543;50478;65992;66332;73367,0.840027928352356;0.7446093559265137;0.7258543968200684;0.7212008237838745;0.7209388017654419;0.7130920886993408;0.711932897567749;0.7089871168136597;0.7022624015808105;0.7005364894866943
1,186,171,74118448,1.0,32087;36821;28735;60406;26702;32076;33215;27973;14866;25080,0.4846360683441162;0.4762656092643738;0.4734742045402527;0.47153955698013306;0.46807682514190674;0.46703672409057617;0.4650611877441406;0.458726704120636;0.45809870958328247;0.4518658518791199
1,187,283,75017888,1.0,99911;79027;95863;16703;16446;79018;16169;82116;78837;78830,0.7665613889694214;0.6403964757919312;0.637488842010498;0.6362966299057007;0.6302834749221802;0.6203650236129761;0.6141932010650635;0.6003462672233582;0.582535982131958;0.580412745475769
1,188,370,72020362,1.0,48808;21081;21727;58326;47226;51027;50946;51498;25466;25053,0.6529028415679932;0.6448514461517334;0.6373238563537598;0.6344997882843018;0.6340210437774658;0.6189962029457092;0.618090033531189;0.6168243288993835;0.6151615381240845;0.6138613820075989
1,189,28,79630686,1.0,27320;62317;74264;48690;67573;48275;48872;47753;48005;48425,0.5979247093200684;0.5535271167755127;0.5157174468040466;0.5088353157043457;0.5074468851089478;0.49358105659484863;0.48711884021759033;0.48643970489501953;0.47945111989974976;0.4712454676628113
1,190,414,73096809,1.0,63596;32607;48466;40038;62512;62914;29845;85242;32702;32680,0.7580751776695251;0.7192676067352295;0.6992702484130859;0.6763119101524353;0.6743818521499634;0.6717298030853271;0.6715325713157654;0.6681966781616211;0.6640299558639526;0.6600937843322754
1,191,302,76604519,1.0,92193;95502;49311;71833;71869;19362;71846;71895;11658;44217,0.474365770816803;0.470192015171051;0.46283578872680664;0.45822715759277344;0.45304858684539795;0.44818127155303955;0.44302213191986084;0.43566930294036865;0.41565412282943726;0.4153761863708496
1,192,228,75420303,1.0,86889;67634;37049;67331;67286;67428;67334;81891;67719;86906,0.8222309350967407;0.7878584861755371;0.7836943864822388;0.7813898324966431;0.7779098749160767;0.7707401514053345;0.7614916563034058;0.7606030702590942;0.7572200298309326;0.7481777667999268
1,193,154,80323798,1.0,84456;82975;37958;61425;37945;31306;1355;64182;15967;71062,0.6741219758987427;0.6530340313911438;0.5566203594207764;0.5500479340553284;0.5409348011016846;0.539034366607666;0.5338234305381775;0.5264191031455994;0.5249720811843872;0.5210540294647217
1,194,191,72749753,1.0,82408;81403;87372;81760;77881;75291;96090;81846;96278;73606,0.629528284072876;0.6213618516921997;0.6172052621841431;0.6158257722854614;0.6155672073364258;0.6149160861968994;0.6003473997116089;0.5878880620002747;0.5853219628334045;0.5814741849899292
1,195,375,73806811,1.0,39989;82278;39961;79729;29901;87946;80709;79485;32757;30897,0.7849493026733398;0.7711505889892578;0.7492011785507202;0.7322282791137695;0.7063726186752319;0.7017761468887329;0.7010006308555603;0.6992598176002502;0.6967688202857971;0.6944544315338135
1,196,390,73833801,1.0,91143;84633;84565;63478;86916;38206;41060;37198;96268;62868,0.7430949807167053;0.6057952046394348;0.604936957359314;0.5864306092262268;0.5254908800125122;0.5232471227645874;0.513073742389679;0.5095412731170654;0.5087600350379944;0.4943997859954834
1,197,457,74479954,1.0,49138;84895;23753;32234;23187;61878;61715;50111;23303;84838,0.7674745321273804;0.756790041923523;0.7461017370223999;0.7456746101379395;0.7418196201324463;0.7372933626174927;0.7363584041595459;0.7297354936599731;0.7171806693077087;0.7169010639190674
1,198,480,73916770,1.0,99880;199;24407;36449;8615;10341;11764;30809;12134;61262,0.7440508008003235;0.5440806150436401;0.4904935359954834;0.4711897373199463;0.4691697359085083;0.4660070538520813;0.4652089476585388;0.4528236389160156;0.45146942138671875;0.44610297679901123
1,199,245,74510173,1.0,38769;38953;38704;39190;48299;79147;38859;55587;97389;59716,0.5996279716491699;0.574883222579956;0.5516561269760132;0.5382372140884399;0.5245338678359985;0.49298757314682007;0.4925401210784912;0.48826032876968384;0.4876518249511719;0.48695629835128784
1,200,47,73409906,1.0,99517;95329;94048;95366;94076;93234;95261;93888;93049;94002,0.6022002696990967;0.5902068614959717;0.5746508240699768;0.5623356699943542;0.5597240924835205;0.5505246520042419;0.5495836138725281;0.5341768264770508;0.5320557355880737;0.5200525522232056
1,201,215,74823510,1.0,99784;99658;99430;99359;99672;99453;99596;99381;99384;43141,0.6799679398536682;0.6706346273422241;0.6623539924621582;0.6579620838165283;0.655176043510437;0.6502680778503418;0.6415830254554749;0.6362528800964355;0.6349934339523315;0.6309391260147095
1,202,327,74306706,1.0,99242;99303;91356;73988;84366;84527;85049;91617;84654;84457,0.6582187414169312;0.6093038320541382;0.608260989189148;0.5961833000183105;0.5829071998596191;0.5777390003204346;0.5642359852790833;0.5635356307029724;0.5556076169013977;0.552300751209259
1,203,392,76229414,1.0,99826;99654;80941;82841;82098;99858;81354;81006;80500;82251,0.7678753733634949;0.7668672800064087;0.7313138246536255;0.7256187796592712;0.7114014029502869;0.7059020400047302;0.6838721632957458;0.6820734739303589;0.6768460273742676;0.6416953206062317
1,204,485,76488001,1.0,99830;99654;83911;80691;24295;24166;80455;80500;80630;79618,0.9248822927474976;0.6597681641578674;0.6458799242973328;0.6157220602035522;0.6003376245498657;0.5966317057609558;0.5894936323165894;0.5726552605628967;0.569198489189148;0.5610383749008179
1,205,231,76963196,1.0,49871;80567;67428;50149;49215;5733;38290;38911;22941;91268,0.7318062782287598;0.7311221361160278;0.6790587902069092;0.6756657361984253;0.6710487604141235;0.6448901295661926;0.6409479379653931;0.6316725015640259;0.6273849010467529;0.6220632195472717
1,206,76,72301888,1.0,99487;58690;58849;58914;78808;98292;57740;52071;32843;60628,0.6128605604171753;0.5347499847412109;0.4951024055480957;0.49128156900405884;0.4876367449760437;0.48415201902389526;0.48076844215393066;0.47623640298843384;0.4698219299316406;0.4694705009460449
1,207,223,74278206,1.0,98656;99001;98578;99276;98844;99047;98442;99865;98548;99638,0.6690238118171692;0.6638213396072388;0.6636297702789307;0.6542497873306274;0.6426109075546265;0.6355865001678467;0.6339657306671143;0.6296535134315491;0.6290784478187561;0.6289406418800354
1,208,5,73414995,1.0,83059;84126;83061;99536;84209;99680;88552;60968;97173;94748,0.803592324256897;0.7911999821662903;0.7542254328727722;0.7538000345230103;0.7484829425811768;0.7426307201385498;0.7374628782272339;0.7322202920913696;0.7258577942848206;0.7244389057159424
1,209,459,73599683,1.0,59573;85036;67261;76773;67252;84593;34901;84502;84736;68126,0.7133629322052002;0.5378481149673462;0.49063998460769653;0.4812265634536743;0.4756484031677246;0.449546217918396;0.42952191829681396;0.42874598503112793;0.42682528495788574;0.42335909605026245
1,210,378,74293456,1.0,99963;19107;74436;74426;82188;89904;86090;89197;10981;34939,0.7844183444976807;0.5639893412590027;0.5156519412994385;0.5090924501419067;0.5090389847755432;0.5029646158218384;0.49452340602874756;0.49363720417022705;0.4932258725166321;0.48623013496398926
1,211,142,75037348,1.0,77065;29614;89911;3338;45364;99393;33453;94662;90080;8671,0.7402220368385315;0.6729615926742554;0.6372578144073486;0.6219933032989502;0.610538125038147;0.6063146591186523;0.6057189702987671;0.599587082862854;0.5988907217979431;0.5918413400650024
1,212,3,83949647,1.0,84811;85413;74257;84770;74149;71463;77940;84875;77929;78461,0.7668057680130005;0.7664216756820679;0.7040113806724548;0.7012709379196167;0.6982443332672119;0.665773868560791;0.6509541273117065;0.6461212635040283;0.6447427272796631;0.6427391767501831
1,213,351,76230954,1.0,99533;99575;93888;92879;94002;95261;93023;92780;93690;93234,0.8094713687896729;0.8089240789413452;0.7862951755523682;0.7789655923843384;0.7696212530136108;0.7685744762420654;0.766930341720581;0.7578229308128357;0.7399059534072876;0.7394299507141113
1,214,26,74422165,1.0,77493;42348;68556;503;7797;71178;5636;5942;70578;81910,0.5205643773078918;0.4951380491256714;0.486549973487854;0.47711122035980225;0.46617233753204346;0.4523676037788391;0.4475233554840088;0.44270896911621094;0.4383694529533386;0.42521148920059204
1,215,261,75245645,1.0,63917;87867;64661;88156;95516;80553;80632;83276;69307;82011,0.8139073848724365;0.8095881342887878;0.8062335252761841;0.8029773235321045;0.7991360425949097;0.797029972076416;0.7957830429077148;0.7455477714538574;0.7284561395645142;0.7069475650787354
1,216,83,74577542,1.0,29245;31789;32228;31718;32479;34101;29778;31398;30634;32277,0.8176003694534302;0.8143336772918701;0.8137672543525696;0.8119611740112305;0.8090615272521973;0.8090229034423828;0.8041337728500366;0.8038330078125;0.7827122211456299;0.7757530212402344
1,217,350,74393525,1.0,89008;88989;89016;30987;30869;77130;30884;11964;77131;12013,0.711007297039032;0.7008544206619263;0.6626551747322083;0.5881301760673523;0.5879272818565369;0.5829125642776489;0.5803465843200684;0.5746273994445801;0.5687681436538696;0.5638312101364136
1,218,51,75157937,1.0,98780;99114;99168;98278;99903;99578;99349;98600;98869;99726,0.7232977747917175;0.6960587501525879;0.6795117855072021;0.6782417893409729;0.6481384038925171;0.6470356583595276;0.6183055639266968;0.5121101140975952;0.4721904993057251;0.461608350276947
1,219,174,75048647,1.0,99672;99453;99381;99522;99430;99384;99809;59332;99596;99658,0.752968966960907;0.6419895887374878;0.6023752093315125;0.5955853462219238;0.5899465084075928;0.5898313522338867;0.571748673915863;0.5705527067184448;0.5683966875076294;0.5580348968505859
1,220,276,73866451,1.0,99887;97105;54899;34828;83713;12445;84790;72711;79096;99874,0.6882970929145813;0.5360207557678223;0.5358428955078125;0.529318630695343;0.527077853679657;0.5207524299621582;0.5191271901130676;0.5141915678977966;0.5132320523262024;0.5091303586959839
1,221,303,74477794,1.0,53285;67317;22802;67334;67428;94976;53037;94965;67335;53060,0.8216162919998169;0.770714282989502;0.7574607729911804;0.7573167681694031;0.7537888884544373;0.7522565126419067;0.7503103017807007;0.7460818290710449;0.7451581954956055;0.7440257668495178
1,222,279,73268528,1.0,99988;99842;54391;42572;53671;42490;53753;38924;73307;56180,0.8862330317497253;0.8335989713668823;0.6617733836174011;0.6452803611755371;0.6370747685432434;0.6321381330490112;0.6303406953811646;0.6284595727920532;0.6185206770896912;0.6174657940864563
1,223,257,75213496,1.0,99970;99876;47276;40810;44884;46948;46020;44954;45158;44796,0.8408121466636658;0.8114779591560364;0.7113761901855469;0.6867238283157349;0.6788978576660156;0.6668468713760376;0.6599851846694946;0.6553855538368225;0.6530540585517883;0.6519969701766968
1,224,325,73477485,1.0,99294;98109;97361;97483;95877;90579;97916;80482;97174;89253,0.7266169786453247;0.6479055285453796;0.6295165419578552;0.6203601956367493;0.6043102741241455;0.6034560799598694;0.5763070583343506;0.5733864307403564;0.5708273649215698;0.5697598457336426
1,225,469,75396303,1.0,79840;95985;70408;79869;71038;55452;78387;78552;80047;62505,0.6327909231185913;0.6138839721679688;0.5809451937675476;0.5783320069313049;0.5748183727264404;0.566277027130127;0.5632747411727905;0.5616518259048462;0.560899555683136;0.5559207201004028
1,226,15,74481564,1.0,83743;39681;69548;64557;65701;86534;38053;51546;32695;70264,0.6899986267089844;0.6350089311599731;0.6330170631408691;0.6095103621482849;0.6090654730796814;0.5983938574790955;0.5942374467849731;0.5917518138885498;0.5875312089920044;0.5668654441833496
1,227,186,75216675,1.0,99903;98278;99168;98780;94251;99114;94396;14726;99349;95191,0.6821521520614624;0.6141693592071533;0.6005808711051941;0.5635319948196411;0.5212842226028442;0.5004050135612488;0.4997031092643738;0.4949679374694824;0.4935567378997803;0.48466992378234863
1,228,55,74224016,1.0,35264;52025;98572;94458;74444;1709;70861;70030;19184;86336,0.5139609575271606;0.5064042806625366;0.5049279928207397;0.4934190511703491;0.4795420169830322;0.47059178352355957;0.47053050994873047;0.46964043378829956;0.4676749110221863;0.4668329358100891
1,229,321,74236676,1.0,86257;26432;26813;53611;60847;42838;14700;34397;68477;41850,0.7184854745864868;0.6784835457801819;0.6564966440200806;0.6441857814788818;0.6363477110862732;0.6121915578842163;0.6032930016517639;0.6020516157150269;0.5991898775100708;0.59747314453125
1,230,156,74731631,1.0,13980;25825;14759;12215;18815;14463;21603;19756;19842;19740,0.8148611187934875;0.7993972301483154;0.796008825302124;0.7910342216491699;0.7868854403495789;0.7835455536842346;0.7696877121925354;0.7670812010765076;0.7485486268997192;0.7484238147735596
1,231,343,75481693,1.0,59443;24620;91875;79868;34007;65376;19118;91585;81231;24565,0.6336790323257446;0.6196591854095459;0.6129980683326721;0.6074802875518799;0.5849593877792358;0.5623493194580078;0.5498272180557251;0.5462653636932373;0.5299555063247681;0.517667293548584
1,232,165,75880119,1.0,33257;91312;88353;6010;33578;22359;10718;12776;78300;6285,0.48982352018356323;0.4760453701019287;0.46802639961242676;0.46057724952697754;0.44842982292175293;0.4448329210281372;0.43863391876220703;0.434842050075531;0.42856645584106445;0.4279903173446655
1,233,182,74148868,1.0,99881;96539;99824;98777;99157;98951;98986;96734;99372;98803,0.8502452969551086;0.7981237173080444;0.7947448492050171;0.7716716527938843;0.7537416219711304;0.7427431344985962;0.7338390350341797;0.7277852296829224;0.7071387767791748;0.6990517377853394
1,234,305,74437084,1.0,60657;73129;67699;54516;60348;86554;73518;19853;19980;22037,0.5605208277702332;0.5363608598709106;0.5198594927787781;0.49252843856811523;0.4671975374221802;0.4354094862937927;0.4245089888572693;0.4231828451156616;0.41913455724716187;0.4188711643218994
1,235,355,74690341,1.0,2988;24759;23955;74965;75196;88485;77258;63652;67855;94365,0.6138958930969238;0.5752207636833191;0.5372421741485596;0.5346564054489136;0.5346563458442688;0.5206340551376343;0.5202609896659851;0.5194244980812073;0.5157936811447144;0.5133410692214966
1,236,292,74353975,1.0,44085;43605;43640;43396;74913;43483;92710;42952;4000;92739,0.6613503694534302;0.6381916999816895;0.6361614465713501;0.5983883142471313;0.5920904874801636;0.5883632898330688;0.584455132484436;0.5719183683395386;0.5702559351921082;0.5621501207351685
1,237,36,74287446,1.0,92573;86983;92073;92027;85320;69380;63189;92231;91890;91999,0.7279102206230164;0.7203258275985718;0.7150691747665405;0.6949522495269775;0.6933743357658386;0.6920105814933777;0.6800345182418823;0.6796524524688721;0.679594874382019;0.6793258786201477
1,238,105,74547053,1.0,30662;34432;30672;37120;2843;37264;22534;26774;91059;72837,0.43362289667129517;0.39953839778900146;0.3908355236053467;0.38670259714126587;0.3839385509490967;0.38194137811660767;0.38192713260650635;0.37759339809417725;0.3767760992050171;0.3728523254394531
1,239,385,75244265,1.0,28430;98689;14357;98933;99469;99885;2699;1918;200;98561,0.6447829604148865;0.6366228461265564;0.6163961291313171;0.6094733476638794;0.602471113204956;0.5910052061080933;0.5848629474639893;0.5838146209716797;0.5765743851661682;0.5696973204612732
1,240,19,72675935,1.0,440;15688;85882;43968;18806;15510;15835;16425;92505;444,0.5116740465164185;0.48937559127807617;0.4874143600463867;0.48247313499450684;0.4773693084716797;0.4762195944786072;0.46635591983795166;0.45845502614974976;0.45718514919281006;0.45715057849884033
1,241,329,71576416,1.0,39460;30229;94052;39727;31883;25625;39338;26239;30106;25739,0.6053044199943542;0.6038675308227539;0.5966379642486572;0.5871272683143616;0.5869905948638916;0.5869537591934204;0.5852789878845215;0.5784092545509338;0.5781114101409912;0.5780021548271179
1,242,17,71613256,1.0,82310;79350;74500;91376;73383;73559;76015;73593;89594;74142,0.6182513236999512;0.5983742475509644;0.5848324298858643;0.565054714679718;0.5506377220153809;0.5476843118667603;0.545192539691925;0.5442026257514954;0.5374371409416199;0.5369540452957153
1,243,332,74823440,1.0,82580;19869;79614;65496;38721;51298;78408;39370;83184;40282,0.592475950717926;0.4894198775291443;0.4588574171066284;0.45309388637542725;0.4505787491798401;0.44663357734680176;0.4405938982963562;0.4280552268028259;0.42403721809387207;0.4230703115463257
1,244,389,72900902,1.0,10462;58183;78186;54698;10422;44085;10103;95476;43483;47354,0.49024713039398193;0.479577898979187;0.4780151844024658;0.4754140377044678;0.46499085426330566;0.4520289897918701;0.44066065549850464;0.44019514322280884;0.4377412796020508;0.4259342551231384
1,245,271,73701082,1.0,98885;98677;98993;99752;99025;98816;98745;98714;72673;98701,0.5621676445007324;0.5584362149238586;0.5461295247077942;0.5369472503662109;0.5247830748558044;0.5087010264396667;0.5006033778190613;0.4979146122932434;0.48239898681640625;0.47739142179489136
1,246,65,71825104,1.0,99988;99842;55063;73180;74419;72013;72091;73974;65992;50478,0.8043152689933777;0.7713993191719055;0.6811680197715759;0.6712656617164612;0.6669814586639404;0.665558397769928;0.6630805730819702;0.6583113670349121;0.6561245322227478;0.6542530059814453
1,247,262,72673894,1.0,43726;44137;43783;43920;77051;77093;77086;44573;77164;77776,0.7184114456176758;0.7087470293045044;0.7057741284370422;0.6518096923828125;0.6375144720077515;0.6290092468261719;0.6214934587478638;0.6187361478805542;0.6171189546585083;0.6072909832000732
1,248,344,74198578,1.0,80697;66588;19581;87070;91430;92659;66106;57059;57122;73105,0.6180154085159302;0.5212905406951904;0.4884617328643799;0.48508936166763306;0.48434925079345703;0.47559040784835815;0.4684576392173767;0.465623676776886;0.45640289783477783;0.4554317593574524
1,249,72,74211657,1.0,7456;79630;45067;32383;84471;86976;28453;19365;60858;97005,0.4520688056945801;0.42535775899887085;0.4189721345901489;0.4041181802749634;0.4027239680290222;0.4003526568412781;0.3981204628944397;0.38674402236938477;0.38491588830947876;0.3841259479522705
1,250,499,70699177,1.0,32326;30546;32354;32206;32603;32271;32270;33051;32160;33273,0.693522036075592;0.6855005025863647;0.6745660305023193;0.6711090803146362;0.6692241430282593;0.6683522462844849;0.663181722164154;0.6521883606910706;0.6372462511062622;0.6359203457832336
1,251,94,71882823,1.0,99792;99636;99644;99652;99775;99546;99620;99483;93455;99996,0.918399453163147;0.9040076732635498;0.9025880694389343;0.8989931344985962;0.8964478969573975;0.8902640342712402;0.8840088844299316;0.8745518326759338;0.8665584325790405;0.8607929944992065
1,252,193,70908874,1.0,22558;68486;87185;66491;81409;2405;60077;32916;99135;99292,0.49459588527679443;0.49293482303619385;0.482366144657135;0.4795968532562256;0.47936367988586426;0.47921013832092285;0.4712425470352173;0.4703702926635742;0.46999257802963257;0.46315544843673706
1,253,220,73685263,1.0,86889;67634;67428;37049;67719;67334;67317;86906;10745;81399,0.8565598726272583;0.8177153468132019;0.814055323600769;0.8071869015693665;0.7886378765106201;0.7866361737251282;0.7828567624092102;0.7762953042984009;0.7737926244735718;0.7665441036224365
1,254,32,71793914,1.0,99988;99842;42490;53498;42581;42572;53633;38924;72013;53671,0.9635693430900574;0.8804630041122437;0.6836193799972534;0.6724334955215454;0.6580028533935547;0.651894211769104;0.6511974334716797;0.6419292688369751;0.6411292552947998;0.6367672681808472
1,255,383,73399656,1.0,99869;17895;17821;35128;89217;17894;35531;68826;25593;85394,0.9680580496788025;0.6611038446426392;0.6507651805877686;0.6468771696090698;0.6085735559463501;0.5695090889930725;0.5600022077560425;0.5478541254997253;0.5455214977264404;0.5419129133224487
1,256,353,73720552,1.0,99010;99896;33541;99035;30946;30940;33699;36779;41671;41641,0.7632628679275513;0.7303938865661621;0.730380117893219;0.7264408469200134;0.6850697994232178;0.657391369342804;0.6291191577911377;0.6236739754676819;0.5765789151191711;0.5719527006149292
1,257,280,73200468,1.0,50709;50651;63942;77863;27325;72258;16487;50783;52577;59802,0.7867817878723145;0.78570157289505;0.7692334651947021;0.7635236978530884;0.7626367807388306;0.759523332118988;0.7346488237380981;0.7343525290489197;0.733344554901123;0.7324547171592712
1,258,408,74495444,1.0,30798;73131;72577;77924;39300;83236;74935;73813;83107;82536,0.8480715751647949;0.7318033576011658;0.6561287045478821;0.624347984790802;0.6087630987167358;0.6073914170265198;0.603840708732605;0.5993794798851013;0.5988817811012268;0.597942590713501
1,259,339,74551743,1.0,96075;59985;23692;91754;62815;23916;3258;24011;74281;84839,0.7525268197059631;0.6801154613494873;0.645514726638794;0.5772194266319275;0.5693383812904358;0.5673015117645264;0.5653965473175049;0.5578761696815491;0.5524073839187622;0.5506043434143066
1,260,232,74588053,1.0,99575;92879;93234;93023;94310;99533;95261;92780;93888;95366,0.8151878118515015;0.8098260164260864;0.8016477823257446;0.7910944223403931;0.7872453331947327;0.7843904495239258;0.7814280390739441;0.7695907950401306;0.7639188170433044;0.7498382329940796
1,261,345,77742947,1.0,41038;74796;74648;71527;74749;72229;71526;93607;42176;71675,0.8062307834625244;0.7419085502624512;0.7078697681427002;0.7053637504577637;0.6941070556640625;0.6894829273223877;0.6882233619689941;0.6869708895683289;0.6792749762535095;0.6737448573112488
1,262,476,73690573,0.9,757;3769;27509;1448;27443;76398;80340;31053;97600;5209,0.46173709630966187;0.4405621290206909;0.42938220500946045;0.41583704948425293;0.4125305414199829;0.39182984828948975;0.38424253463745117;0.3828297257423401;0.3827661871910095;0.3765857219696045
1,263,146,74629202,1.0,62874;62868;63478;91143;84565;63902;38206;84633;63365;29162,0.6462805271148682;0.6420088410377502;0.6416254043579102;0.6344588398933411;0.6058594584465027;0.595306396484375;0.5528568625450134;0.538237452507019;0.5337671637535095;0.5151987075805664
1,264,384,73715692,1.0,92968;93679;88120;81474;93476;81865;81755;81736;81533;92671,0.6827223300933838;0.6341729760169983;0.620193600654602;0.6083173155784607;0.601853609085083;0.599084734916687;0.5879265666007996;0.5814205408096313;0.5723766684532166;0.5689774751663208
1,265,413,74307076,1.0,23816;69004;12595;68936;24476;72086;72407;70956;69145;24605,0.6686561107635498;0.6471635103225708;0.623961865901947;0.6222294569015503;0.6154597997665405;0.6042158603668213;0.6019030809402466;0.5973459482192993;0.5903311967849731;0.5886257886886597
1,266,166,71897643,1.0,93573;92702;12673;7276;92681;92773;12778;5793;21371;92596,0.5440167188644409;0.5415759086608887;0.5364850759506226;0.5184295177459717;0.5174843072891235;0.5068243741989136;0.4977887272834778;0.4974985122680664;0.49345141649246216;0.4930664896965027
1,267,310,73841261,1.0,99872;99415;99412;99360;26307;89838;97263;24567;95739;24542,0.8368976712226868;0.8034705519676208;0.7878881692886353;0.7779176831245422;0.710151195526123;0.6616684198379517;0.647126317024231;0.6424816846847534;0.6413516998291016;0.6405590176582336
1,268,25,73641923,1.0,69395;69434;95052;35498;99982;99314;99226;26852;99274;41868,0.8158252239227295;0.8069964647293091;0.7653625011444092;0.7481244802474976;0.7338624000549316;0.718923807144165;0.6940147876739502;0.6861224174499512;0.677138090133667;0.5849692821502686
1,269,172,73863750,1.0,8991;9285;75389;8846;72570;8832;72404;72592;72357;9503,0.7371707558631897;0.7017489075660706;0.669643759727478;0.6628125905990601;0.6452834606170654;0.6408368349075317;0.6404231786727905;0.6385906934738159;0.6373537182807922;0.635556697845459
1,270,366,73759222,1.0,89651;91399;47404;60139;1235;2730;1366;60663;95377;20521,0.640468955039978;0.6350208520889282;0.6265919208526611;0.616030216217041;0.6129205226898193;0.6129205226898193;0.6064028143882751;0.6052418947219849;0.6035792827606201;0.6016501188278198
1,271,300,74737531,1.0,59553;59491;60061;48282;91411;59652;86245;63328;86385;73246,0.6805574297904968;0.6798274517059326;0.6711456775665283;0.605635404586792;0.5947903990745544;0.5718249082565308;0.5663412809371948;0.5350073575973511;0.4982668161392212;0.4942220449447632
1,272,240,73429455,1.0,1175;36094;1513;1166;31082;82606;91975;91985;96629;27467,0.5774574279785156;0.5752865672111511;0.5721808671951294;0.5698503255844116;0.5657899379730225;0.5520457029342651;0.542294442653656;0.5398394465446472;0.5250705480575562;0.523834764957428
1,273,114,74092898,1.0,21653;60546;57344;92937;28196;22120;29153;57903;16684;73418,0.5764447450637817;0.4977392554283142;0.48641252517700195;0.47852855920791626;0.477109432220459;0.4770587086677551;0.4729998707771301;0.46527111530303955;0.4635751247406006;0.4594190716743469
1,274,135,74536133,1.0,84811;84875;85328;89382;74149;85413;63491;74257;84770;78461,0.660855770111084;0.6322147250175476;0.6036645174026489;0.6023536324501038;0.5984090566635132;0.58913254737854;0.5842623710632324;0.5816487669944763;0.5756524801254272;0.5578104257583618
1,275,349,74772101,1.0,99242;91356;73988;91190;84527;91210;91617;85129;91463;91290,0.6169154644012451;0.5840613842010498;0.5650585889816284;0.5650182962417603;0.5620669722557068;0.5532176494598389;0.5484997034072876;0.5473045110702515;0.5455431938171387;0.5443763732910156
1,276,364,73638154,1.0,9717;12185;12523;9920;65074;12476;12465;10502;9791;80544,0.715334951877594;0.6999334692955017;0.6966415643692017;0.6763328909873962;0.6685938835144043;0.667056679725647;0.6488699913024902;0.6464017629623413;0.6457372903823853;0.6279131174087524
1,277,466,74732251,1.0,95140;16473;82468;99908;28062;17203;71852;61210;13214;12075,0.582977294921875;0.569178581237793;0.5160502791404724;0.4867985248565674;0.47995108366012573;0.4769628047943115;0.4707057476043701;0.4636387825012207;0.4625844955444336;0.4608105421066284
1,278,181,72547265,1.0,99086;97959;99877;98561;99469;98017;98388;98985;99516;98970,0.7829710841178894;0.6973469257354736;0.6849199533462524;0.6802031993865967;0.6735968589782715;0.6732633113861084;0.6663188934326172;0.6646676063537598;0.6620913743972778;0.6607958674430847
1,279,295,74349245,1.0,84314;33193;33205;30546;33273;88118;32206;32160;75381;34166,0.7463312745094299;0.7458147406578064;0.7397143840789795;0.7315760850906372;0.7270833849906921;0.7197457551956177;0.713471531867981;0.7127261161804199;0.6982795000076294;0.6943498849868774
1,280,323,73247977,1.0,99472;99465;95847;99909;95349;95769;95065;95719;96090;95325,0.882422924041748;0.8742632269859314;0.8673494458198547;0.8488739728927612;0.8423854112625122;0.812025785446167;0.8114733695983887;0.7967218160629272;0.7951025366783142;0.7610971927642822
1,281,493,73237608,1.0,85642;34581;33964;34528;31300;85845;99281;85839;85513;30730,0.8103394508361816;0.801565408706665;0.7923622727394104;0.7104509472846985;0.7054896354675293;0.6913833618164062;0.690041720867157;0.6899107098579407;0.6870371103286743;0.6870087385177612
1,282,7,74438724,1.0,28948;28833;6217;41097;27876;28094;33610;61370;30894;33576,0.581961989402771;0.5678068399429321;0.512604832649231;0.471882700920105;0.4693031907081604;0.46225762367248535;0.4555760622024536;0.45238637924194336;0.449762761592865;0.4416489601135254
1,283,365,73932260,1.0,99970;99876;47276;44884;40810;46020;44954;46022;43881;46948,0.7982749938964844;0.7873790264129639;0.6914910674095154;0.686631977558136;0.6796460747718811;0.6792681813240051;0.6700313687324524;0.664958119392395;0.6630021333694458;0.6559093594551086
1,284,179,72247649,1.0,99988;99842;55063;53558;53787;72013;53862;74419;73180;53827,0.8707513809204102;0.7830784320831299;0.6563715934753418;0.6499655842781067;0.6480780839920044;0.6467398405075073;0.63917475938797;0.6378947496414185;0.6307461857795715;0.6289651393890381
1,285,200,73787452,1.0,84479;77390;85564;65958;65166;87529;8902;97835;69174;52548,0.5326836705207825;0.470888614654541;0.46318918466567993;0.4587029218673706;0.43767815828323364;0.4358292818069458;0.4323471188545227;0.4301159381866455;0.4249032735824585;0.42241424322128296
1,286,0,74045809,1.0,57290;57805;51132;56547;58126;49779;56616;56530;98653;50481,0.4850430488586426;0.47703856229782104;0.46925389766693115;0.4628117084503174;0.4591856002807617;0.4556238055229187;0.45283079147338867;0.45077574253082275;0.447323203086853;0.4468556046485901
1,287,486,74702882,1.0,92702;93573;92681;72002;98545;96832;13653;59930;5793;7276,0.4812748432159424;0.45483583211898804;0.44720005989074707;0.4323660135269165;0.42397540807724;0.4186345338821411;0.4181044101715088;0.4134615659713745;0.4095454812049866;0.4091266989707947
1,288,275,73784072,1.0,95263;95130;93939;95143;85741;77267;99884;94175;74635;84734,0.672081708908081;0.6623625755310059;0.655068039894104;0.6300398707389832;0.6216737627983093;0.6124069094657898;0.604075014591217;0.5875509977340698;0.5772016048431396;0.5543258190155029
1,289,432,74431135,1.0,16764;94510;94576;44471;35470;60400;23519;94909;94790;47034,0.7612305879592896;0.734061598777771;0.7306442260742188;0.7163180708885193;0.7093929648399353;0.679742693901062;0.6781752109527588;0.6740651726722717;0.6704357862472534;0.6649303436279297
1,290,388,72963231,1.0,2114;82941;61730;19161;34910;83901;40170;88662;82932;51862,0.5319677591323853;0.5000447034835815;0.4995343089103699;0.4969087243080139;0.49415600299835205;0.49332523345947266;0.4912869334220886;0.4870034456253052;0.48472845554351807;0.4827871322631836
1,291,420,74029829,1.0,12673;92702;5793;72002;7276;13233;93573;12764;5929;92681,0.5299454927444458;0.5265199542045593;0.5189182162284851;0.5136565566062927;0.5133734941482544;0.5127483606338501;0.5080109238624573;0.5030201077461243;0.5000797510147095;0.4964669942855835
1,292,452,73166098,1.0,64452;11934;36722;22864;61489;23307;12272;74567;33340;19599,0.5415186882019043;0.5375920534133911;0.5154575109481812;0.5129881501197815;0.5129867792129517;0.5090004205703735;0.5056103467941284;0.4990309476852417;0.49591732025146484;0.49588966369628906
1,293,14,73024220,1.0,99962;5313;2089;63049;9870;5161;20705;20601;4813;5659,0.9191614389419556;0.6054434776306152;0.5888164043426514;0.5854514241218567;0.5664740800857544;0.5605651140213013;0.551490306854248;0.5480172634124756;0.546504020690918;0.5413216948509216
1,294,137,73169829,1.0,83081;4920;52919;83018;5054;79969;69971;31035;99564;29377,0.655535101890564;0.6538167595863342;0.6329395174980164;0.6196316480636597;0.6019662618637085;0.5887411236763;0.5705204010009766;0.5614866018295288;0.56122225522995;0.5437560677528381
1,295,266,71812044,1.0,45006;46445;45457;44356;45504;44373;11805;89285;45488;45616,0.6370864510536194;0.6340328454971313;0.6236062049865723;0.6091797351837158;0.6063466668128967;0.6053025722503662;0.5804117918014526;0.5651452541351318;0.5642712116241455;0.5260898470878601
1,296,258,73583623,1.0,67333;67268;67247;45543;47847;10785;67271;79714;46328;45476,0.7277905344963074;0.7175076603889465;0.7134383916854858;0.6939083933830261;0.6837109327316284;0.6802869439125061;0.6746748685836792;0.6726222038269043;0.6724761724472046;0.669318437576294
1,297,333,72837952,1.0,99502;94968;94818;76535;87931;76538;75587;99792;99483;81326,0.7169473171234131;0.6990549564361572;0.6760585308074951;0.6607759594917297;0.6564195156097412;0.6564062833786011;0.653014063835144;0.6527142524719238;0.6521275043487549;0.6519363522529602
1,298,313,72890581,1.0,70218;39362;95853;39086;89776;35490;799;34971;89732;90875,0.6249549388885498;0.6032278537750244;0.5888127088546753;0.587584376335144;0.5709635615348816;0.56693035364151;0.5633035898208618;0.5613926649093628;0.5612545013427734;0.5533491969108582
1,299,319,73847791,1.0,91754;4425;23692;59985;23916;96075;12415;4937;24011;12412,0.7132436633110046;0.6786864995956421;0.6522899866104126;0.6496371030807495;0.6398668885231018;0.6275696158409119;0.6230897903442383;0.6178405284881592;0.6172856092453003;0.6080670356750488
1,300,273,72846312,1.0,91177;2634;3296;2609;76624;1655;59233;80183;81817;84480,0.7598990201950073;0.5981278419494629;0.5457578897476196;0.48084938526153564;0.4802125096321106;0.4780750274658203;0.47267860174179077;0.4674414396286011;0.45774292945861816;0.4551280736923218
1,301,309,72174159,1.0,5951;80697;45211;12479;56313;44311;71546;66106;66588;92390,0.41495662927627563;0.41368043422698975;0.4087867736816406;0.40027952194213867;0.3975193500518799;0.39012718200683594;0.3831620216369629;0.380859375;0.3804445266723633;0.37818580865859985
1,302,287,71190350,1.0,5787;2386;2596;98205;638;666;78251;639;1325;10391,0.82401442527771;0.7727522850036621;0.7243303656578064;0.6465175151824951;0.6448581218719482;0.6414980292320251;0.624693751335144;0.6155909895896912;0.6151662468910217;0.6120327711105347
1,303,447,73651293,1.0,76969;78959;58798;76932;4349;59326;47017;76259;47710;4185,0.680469810962677;0.6613631248474121;0.6543667912483215;0.6535654067993164;0.6508127450942993;0.6500785946846008;0.6481884717941284;0.6412161588668823;0.6386532783508301;0.6358497738838196
1,304,219,71626336,1.0,38439;38292;38289;38341;38296;74388;38429;74416;10224;74491,0.7894836664199829;0.7770373821258545;0.7004023790359497;0.6997861266136169;0.6797760725021362;0.6730912923812866;0.645362138748169;0.623738169670105;0.6226227283477783;0.6218259334564209
1,305,482,74445374,1.0,64593;92715;106;28373;95636;53714;88457;51308;51556;37902,0.5125197172164917;0.44268524646759033;0.42112839221954346;0.41341835260391235;0.40984266996383667;0.4067666530609131;0.4060143828392029;0.4059852957725525;0.4030005931854248;0.4024609327316284
1,306,326,72394847,1.0,88989;89008;89016;30869;77131;77130;30987;12013;73031;30884,0.7681971192359924;0.7385436296463013;0.7049278020858765;0.6325746178627014;0.6230989694595337;0.6030483841896057;0.586674690246582;0.5812627077102661;0.5764837265014648;0.5734771490097046
1,307,425,73085060,1.0,63432;63800;60534;61034;63760;60501;60843;60713;60374;66748,0.8262330293655396;0.7865716814994812;0.7445990443229675;0.7106775045394897;0.6983259916305542;0.6934810876846313;0.6857272982597351;0.6762006282806396;0.6577463150024414;0.6458856463432312
1,308,484,72452136,1.0,8996;77781;59497;71911;73032;74098;72956;73098;29239;72214,0.6942902207374573;0.6471906900405884;0.626808762550354;0.6192529201507568;0.6175475716590881;0.6160286068916321;0.6143301725387573;0.6113559603691101;0.6093122959136963;0.6081200838088989
1,309,268,74551072,1.0,99968;99995;13565;25113;25083;25126;25092;13540;58422;32685,0.7492008805274963;0.7354279160499573;0.7014553546905518;0.6825994253158569;0.6564135551452637;0.6518927216529846;0.6408315300941467;0.6389753818511963;0.638080358505249;0.6369239091873169
1,310,373,73719232,1.0,72;9538;9809;48761;20970;220;48022;88176;1995;80300,0.5287280678749084;0.4944387674331665;0.492758572101593;0.47205162048339844;0.4675983786582947;0.4503706693649292;0.42448747158050537;0.42010390758514404;0.4148615598678589;0.40720343589782715
1,311,404,73645963,1.0,99153;76680;75097;48324;74616;7555;200;75195;27739;69496,0.6457873582839966;0.6174355745315552;0.6144059896469116;0.5736635327339172;0.570315420627594;0.547069251537323;0.5316829681396484;0.5306761860847473;0.5273597240447998;0.5270516872406006
1,312,374,71737604,1.0,99970;99876;44884;47276;45524;43881;46022;46020;45158;46717,0.7271486520767212;0.7222913503646851;0.6121379733085632;0.5911557078361511;0.5866676568984985;0.5629298090934753;0.5562540888786316;0.5531982779502869;0.5395230054855347;0.5385764241218567
1,313,88,73419916,1.0,25979;25995;50938;59642;57797;52362;77871;76360;23073;1701,0.6274040937423706;0.5689243078231812;0.5613759756088257;0.5506963729858398;0.5317659378051758;0.5230410099029541;0.5205506086349487;0.5176001787185669;0.5062134265899658;0.5054739713668823
1,314,328,73312867,1.0,10493;10539;45050;11459;77369;48842;59650;92140;54487;80245,0.7262014746665955;0.7187269926071167;0.5905736088752747;0.5863277912139893;0.5340151786804199;0.5324734449386597;0.5189132690429688;0.5183550119400024;0.5158411264419556;0.5132807493209839
1,315,335,73475075,1.0,82975;84456;31306;1355;61425;45705;33277;34918;34617;89805,0.6370106935501099;0.5927330851554871;0.5576891899108887;0.5132585167884827;0.5040737390518188;0.5033133625984192;0.5026923418045044;0.5025061964988708;0.4980074167251587;0.49697238206863403
1,316,360,71386528,1.0,99487;1505;78808;2528;60390;57740;57199;82503;137;82922,0.6462686061859131;0.5383598804473877;0.5127030611038208;0.5084015130996704;0.48390424251556396;0.48278045654296875;0.4815858006477356;0.4789447784423828;0.46919572353363037;0.4682629108428955
1,317,320,73061410,1.0,99517;93023;93234;99575;94310;95261;99533;92879;93690;92780,0.8787713050842285;0.8396347761154175;0.837851345539093;0.8351738452911377;0.833774209022522;0.8292348980903625;0.8231326341629028;0.8170000910758972;0.8010663986206055;0.7993486523628235
1,318,444,73727562,1.0,99242;91617;99303;91356;73988;84654;91463;91290;85129;84366,0.6453249454498291;0.5915403366088867;0.5874800086021423;0.5779640078544617;0.5763830542564392;0.5679939389228821;0.5671303272247314;0.5669851303100586;0.5615411996841431;0.5602414011955261
1,319,415,73674732,1.0,84314;32283;32396;32431;32206;30820;97686;34166;30546;32515,0.7205832004547119;0.7078624963760376;0.6967992782592773;0.6953794956207275;0.6933228969573975;0.6837043166160583;0.6831905841827393;0.6829761862754822;0.6788477897644043;0.6732426881790161
1,320,96,73786572,1.0,12425;12131;10842;49337;11937;14843;49754;48930;14895;14231,0.5473697185516357;0.5411989688873291;0.5157201290130615;0.5121591091156006;0.512028157711029;0.5020649433135986;0.4906931519508362;0.48879873752593994;0.4855203628540039;0.4822448492050171
1,321,230,74561733,1.0,36910;53274;25586;85654;14664;53813;36948;11847;17615;84565,0.5047330856323242;0.5026676654815674;0.49954354763031006;0.4950110912322998;0.4818583130836487;0.47416090965270996;0.4695994257926941;0.4672688841819763;0.46666836738586426;0.46111851930618286
1,322,152,74973178,1.0,94196;93123;34348;32929;64117;41580;43221;97650;39798;19089,0.716248095035553;0.6906212568283081;0.6857292056083679;0.678033173084259;0.672369122505188;0.6717813014984131;0.6708496809005737;0.6663669347763062;0.6648056507110596;0.6647226214408875
1,323,387,73848461,1.0,287;75502;70339;4318;4037;4039;50434;41993;47638;18497,0.5531356334686279;0.5293020009994507;0.48563408851623535;0.4605642557144165;0.43299347162246704;0.4121859669685364;0.4102916121482849;0.40790414810180664;0.3980850577354431;0.37326669692993164
1,324,148,73197718,1.0,23724;17780;23299;81136;33132;33133;25223;64647;23721;56707,0.7358708381652832;0.7245165705680847;0.7089632749557495;0.7024664282798767;0.6886885166168213;0.6879376769065857;0.6843286752700806;0.6809073090553284;0.6792407035827637;0.6786593794822693
1,325,341,74156597,1.0,73670;24644;28988;4518;33719;73671;64277;76975;97856;81341,0.5272326469421387;0.507982075214386;0.5065425634384155;0.5037229061126709;0.5015235543251038;0.4991391897201538;0.49746012687683105;0.49609375;0.49537336826324463;0.49348461627960205
1,326,119,73435425,1.0,99895;94761;80215;94939;14599;95310;96266;14380;23449;23249,0.7652332782745361;0.6595959067344666;0.6212571859359741;0.6160030364990234;0.6107131242752075;0.6064598560333252;0.594131350517273;0.5939403772354126;0.5935996770858765;0.590234637260437
1,327,411,74508133,1.0,64904;80197;47973;46341;47628;46926;47772;67127;84740;74359,0.6538833379745483;0.5790556073188782;0.5694261193275452;0.561303973197937;0.5218103528022766;0.5056284666061401;0.5051218271255493;0.49264049530029297;0.4911576509475708;0.48965978622436523
1,328,250,72796063,1.0,81602;81815;79851;24555;17155;71910;71733;71656;79402;79244,0.6250068545341492;0.6236510276794434;0.5941559076309204;0.5906938910484314;0.584187924861908;0.5660699605941772;0.5624343156814575;0.5502118468284607;0.5490683317184448;0.5354974269866943
1,329,296,74529793,1.0,81872;82030;80077;85910;92300;80609;83297;81650;80565;79882,0.7193847298622131;0.6494113802909851;0.6477900743484497;0.646409273147583;0.6358940601348877;0.6267185807228088;0.6260945200920105;0.6082383990287781;0.608161985874176;0.6010737419128418
1,330,133,75033027,1.0,88975;4151;29441;29108;37217;7705;5503;5205;35073;35819,0.8310744166374207;0.7624378204345703;0.7552309632301331;0.7442846298217773;0.6705528497695923;0.6667372584342957;0.6578315496444702;0.6569201946258545;0.6563841104507446;0.6480087041854858
1,331,74,73845021,1.0,69943;10551;89608;16566;16457;20039;85880;72303;48074;16173,0.5980681777000427;0.5900980234146118;0.5278432369232178;0.5225504040718079;0.5170338749885559;0.5077612996101379;0.5056061148643494;0.4935356378555298;0.4911016821861267;0.4903244972229004
1,332,289,72905492,1.0,50275;95193;7818;7363;8507;8646;98398;8245;7360;7335,0.7689374089241028;0.7100136280059814;0.6673533916473389;0.6620768308639526;0.6545350551605225;0.6496303081512451;0.646847128868103;0.6430279016494751;0.6249474287033081;0.6247793436050415
1,333,468,74283156,1.0,98457;97888;56696;99458;26759;73833;97869;98664;26780;72580,0.48124510049819946;0.4776071310043335;0.46588945388793945;0.4655632972717285;0.46296751499176025;0.46176213026046753;0.45545411109924316;0.45300328731536865;0.45272886753082275;0.4501112699508667
1,334,48,73894920,1.0,99788;98878;28603;13191;5069;45251;50807;5071;96226;19574,0.7741503715515137;0.5682030916213989;0.561562716960907;0.5554133653640747;0.5360857248306274;0.5307837724685669;0.5202829837799072;0.5191162824630737;0.5147073268890381;0.5121920108795166
1,335,410,74253106,1.0,49329;25710;35420;78702;8466;7520;77454;73285;28609;78943,0.566525936126709;0.5660760402679443;0.5261693000793457;0.5258380174636841;0.5207616090774536;0.5164714455604553;0.5162573456764221;0.5134222507476807;0.5063562393188477;0.5023807287216187
1,336,445,73976190,1.0,23070;65497;92953;57989;99780;33803;17430;89505;34451;50258,0.47989940643310547;0.4768873453140259;0.4744260311126709;0.4704986810684204;0.4519294500350952;0.4502773880958557;0.44977807998657227;0.44928479194641113;0.44593673944473267;0.4429091215133667
1,337,218,75066957,1.0,75575;75283;76752;75401;75316;75918;75619;75665;98381;76570,0.6851745843887329;0.6716433763504028;0.667516827583313;0.6526727676391602;0.6477317214012146;0.6466692686080933;0.6367603540420532;0.6314023733139038;0.627495527267456;0.6137094497680664
1,338,317,74253416,1.0,3329;89112;17581;74539;3545;75940;17297;29759;30162;17532,0.6796563267707825;0.66536945104599;0.6515607833862305;0.6481144428253174;0.6369774341583252;0.6272789835929871;0.6201654672622681;0.6135621070861816;0.6130402088165283;0.6124317646026611
1,339,78,74154657,1.0,1265;79824;85440;15581;77629;22050;75176;79585;77784;77733,0.5561974048614502;0.5285575985908508;0.48419898748397827;0.47766363620758057;0.45661914348602295;0.4559366703033447;0.4389539957046509;0.4345594644546509;0.4307239055633545;0.4262138605117798
1,340,212,73883241,1.0,99845;45509;99684;4094;93512;85466;67653;91213;5733;48474,0.8381650447845459;0.6615133881568909;0.5889900922775269;0.546626091003418;0.5464327335357666;0.5407524108886719;0.5406357049942017;0.5402809381484985;0.5369613766670227;0.532679557800293
1,341,270,73519025,1.0,91056;81687;81727;14165;13505;10238;13898;71292;28547;13919,0.7050960063934326;0.7043483853340149;0.6683193445205688;0.6584734916687012;0.6327762603759766;0.6294939517974854;0.6269904375076294;0.6252947449684143;0.6243691444396973;0.6207155585289001
1,342,347,75194245,1.0,89066;14239;30919;61463;54324;11037;46659;11524;82510;45598,0.5886305570602417;0.422987699508667;0.4152573347091675;0.41058027744293213;0.391807496547699;0.37670469284057617;0.3765198588371277;0.37398529052734375;0.3733835220336914;0.3648605942726135
1,343,122,74887559,1.0,98885;98816;98993;98677;99752;98745;98714;99025;98701;99481,0.6759986877441406;0.6588839292526245;0.6544683575630188;0.6508834362030029;0.6454128623008728;0.6209975481033325;0.6200645565986633;0.5890079736709595;0.5716386437416077;0.5641186833381653
1,344,81,73446055,1.0,99917;79803;13512;99708;98087;98698;37801;91880;94997;98793,0.9538967609405518;0.7395779490470886;0.7334513664245605;0.7127689123153687;0.6938268542289734;0.671384334564209;0.6653523445129395;0.661352276802063;0.6557974219322205;0.6532843112945557
1,345,308,74885749,1.0,99207;99156;98958;99394;99421;99893;99133;99956;98955;34597,0.9335260987281799;0.8839747309684753;0.879462480545044;0.837763786315918;0.8230814933776855;0.7391311526298523;0.6892423033714294;0.6837064027786255;0.6262936592102051;0.600122332572937
1,346,71,74169777,1.0,74159;60327;97073;97221;63130;52929;56275;56287;72856;55450,0.5988837480545044;0.5779300928115845;0.5757098197937012;0.5737698674201965;0.5718040466308594;0.568253755569458;0.5668644309043884;0.562027633190155;0.5616633892059326;0.5604391694068909
1,347,42,74458864,1.0,91872;88725;95906;46781;87391;46373;57272;34844;98932;46387,0.8499437570571899;0.8337686061859131;0.8164377808570862;0.8045318126678467;0.8019454479217529;0.7961506247520447;0.7893683314323425;0.7869805097579956;0.7842328548431396;0.7818742990493774
1,348,211,73933820,1.0,99821;36975;98603;98307;98331;98713;98540;36322;98348;98399,0.6331733465194702;0.6023266315460205;0.6009487509727478;0.6008951663970947;0.5787961483001709;0.5711084008216858;0.5645548105239868;0.562333345413208;0.5544157028198242;0.5517506003379822
1,349,397,75102357,1.0,10081;10135;50734;77130;77131;74668;61460;46489;53141;42897,0.5427444577217102;0.542431652545929;0.5228462219238281;0.5184124112129211;0.5180306434631348;0.5147026777267456;0.5121845006942749;0.5059436559677124;0.503457248210907;0.5009475946426392
1,350,315,74251167,1.0,82975;31306;33277;34918;34617;45705;64182;33909;43840;84456,0.5950221419334412;0.5304684638977051;0.5189216732978821;0.5109053254127502;0.49696099758148193;0.4928241968154907;0.49162793159484863;0.47277867794036865;0.4650242328643799;0.462130069732666
1,351,194,74693982,1.0,99709;99799;99782;96558;99268;85597;85186;635;84653;34909,0.8751893043518066;0.8259163498878479;0.7374180555343628;0.7040711045265198;0.6672196388244629;0.6188534498214722;0.597917377948761;0.5968270301818848;0.5908077955245972;0.5875353813171387
1,352,233,72631105,1.0,99891;55522;52566;51790;52961;52803;52061;52234;51788;52336,0.9248489141464233;0.5555978417396545;0.5415929555892944;0.5351657867431641;0.5350635647773743;0.524568498134613;0.5233044028282166;0.5134493708610535;0.5112775564193726;0.5091513991355896
1,353,106,75793479,1.0,48160;53922;34902;53854;55511;29567;54414;44271;45480;34824,0.5734657049179077;0.5624808073043823;0.5498412847518921;0.5406742095947266;0.5403517484664917;0.5350182056427002;0.5326199531555176;0.5280989408493042;0.5278407335281372;0.5225727558135986
1,354,62,73852271,1.0,83720;4655;75018;18180;40692;22721;31360;23154;22770;31063,0.724543571472168;0.7238723039627075;0.7129076719284058;0.7108968496322632;0.7013508677482605;0.6958955526351929;0.6841968894004822;0.6814895868301392;0.6744676232337952;0.6681736707687378
1,355,371,75205696,1.0,23186;23191;81880;20559;28953;7091;20200;19959;66725;6752,0.4436837434768677;0.42967820167541504;0.40545302629470825;0.40017151832580566;0.3999655246734619;0.3916511535644531;0.3878779411315918;0.3826358914375305;0.37686002254486084;0.3736155033111572
1,356,91,74139648,1.0,28959;9694;43602;81141;80188;80792;42890;27597;81374;29082,0.6731650233268738;0.6641579866409302;0.6545675992965698;0.6428427696228027;0.6379602551460266;0.6320354342460632;0.6313106417655945;0.6031451225280762;0.6007723808288574;0.5971823930740356
1,357,497,75462293,1.0,93484;94409;89135;80279;95031;93692;80149;94983;93891;95191,0.6358668804168701;0.5891085267066956;0.5834847688674927;0.5827526450157166;0.5522737503051758;0.5500476956367493;0.5454186201095581;0.5421223640441895;0.5360771417617798;0.5050209164619446
1,358,129,74739881,1.0,35529;35521;16540;17242;48961;70070;15772;10698;48835;26250,0.5037503242492676;0.499541699886322;0.46357232332229614;0.451480507850647;0.422898530960083;0.42256367206573486;0.41964489221572876;0.3924342393875122;0.38169050216674805;0.37643712759017944
1,359,202,74764851,1.0,99948;99868;57883;98034;96876;96985;96828;77625;96907;96838,0.6658874154090881;0.646926999092102;0.6105812788009644;0.6028608679771423;0.5714598894119263;0.5703179836273193;0.5688605308532715;0.5682052373886108;0.5655093193054199;0.5532333850860596
1,360,235,73490406,1.0,99882;99402;33493;34159;34306;33941;43996;4704;34520;33860,0.7639859318733215;0.7542427778244019;0.6950958967208862;0.6832811832427979;0.6802372932434082;0.6754406690597534;0.6740189790725708;0.6735955476760864;0.6651101112365723;0.6600232124328613
1,361,495,73922120,1.0,81374;45688;65465;80939;45719;75896;36304;65446;80792;66595,0.830204427242279;0.6481025218963623;0.6383480429649353;0.6220424771308899;0.6200124621391296;0.6186061501502991;0.6176914572715759;0.6135504245758057;0.6073939800262451;0.6024993658065796
1,362,49,74183608,1.0,49943;50601;49470;49133;49455;50823;49850;49542;49682;49537,0.9968053102493286;0.9078898429870605;0.886447548866272;0.8814194798469543;0.872046947479248;0.8697306513786316;0.8695597648620605;0.8654742240905762;0.8633571267127991;0.8566601276397705
1,363,358,74429604,1.0,98636;98823;98182;51256;98700;51212;97834;97895;92102;97813,0.7122384905815125;0.7008576393127441;0.6923627853393555;0.6893577575683594;0.6749221682548523;0.6679543256759644;0.6634261608123779;0.6620991230010986;0.6532618403434753;0.6460164189338684
1,364,367,74553413,1.0,99913;89236;19196;88220;80391;89632;84467;86383;81260;84844,0.8415578603744507;0.7100028991699219;0.6792179942131042;0.6748802661895752;0.6688171029090881;0.664120078086853;0.617661714553833;0.6131095290184021;0.6116684675216675;0.6041146516799927
1,365,86,74532604,1.0,18854;92230;97665;24989;88768;89626;57936;93399;45926;55771,0.6095820069313049;0.5349469780921936;0.5292973518371582;0.5247969627380371;0.5177838206291199;0.5172824263572693;0.5131129622459412;0.48940885066986084;0.48619383573532104;0.48562657833099365
1,366,85,72239119,1.0,83743;39681;65701;69548;51546;38053;64557;86534;32292;70264,0.7198916077613831;0.6581540703773499;0.6389758586883545;0.6291033029556274;0.6208450198173523;0.6194217205047607;0.6135649681091309;0.5994831323623657;0.5907597541809082;0.5695801377296448
1,367,242,73244528,1.0,40311;60266;34216;38555;29081;32051;40122;59153;32502;30099,0.6741983294487;0.6515921950340271;0.62287837266922;0.6142003536224365;0.602465033531189;0.5988832712173462;0.5828999280929565;0.581831693649292;0.5608882904052734;0.5565589666366577
1,368,69,79666975,1.0,99895;23249;94761;96266;59272;21152;24054;80215;49647;80954,0.8907160758972168;0.6357017159461975;0.5898356437683105;0.583427906036377;0.5665274858474731;0.565873384475708;0.5649732351303101;0.5563243627548218;0.5502471923828125;0.5465131998062134
1,369,140,73892880,1.0,99792;99775;86640;86636;86772;99644;99652;99546;99483;99620,0.8325451612472534;0.8198534846305847;0.815443754196167;0.8152627944946289;0.8120278716087341;0.8109853267669678;0.8008466958999634;0.7955585718154907;0.7912591695785522;0.7875199317932129
1,370,43,74733681,1.0,91893;91992;94772;92590;95746;33285;92628;34976;34574;35352,0.6472299098968506;0.6428976655006409;0.6391474604606628;0.636838436126709;0.629967451095581;0.6241862177848816;0.6177627444267273;0.6136832237243652;0.6115217804908752;0.6111252307891846
1,371,403,72678715,1.0,99891;52961;52566;55522;52061;51790;52803;52234;51788;55562,0.8600928783416748;0.5750246047973633;0.568813145160675;0.5671515464782715;0.559941291809082;0.5537482500076294;0.5495319366455078;0.5437585115432739;0.5423609018325806;0.5341224670410156
1,372,101,74478494,1.0,4920;79969;83081;64806;83018;64805;48980;33720;79373;62493,0.6757354736328125;0.669499397277832;0.6675362586975098;0.651457667350769;0.6029073596000671;0.5999077558517456;0.5997215509414673;0.5984241366386414;0.5927375555038452;0.5851765871047974
1,373,443,75328275,1.0,10777;29963;99993;89937;56282;56247;54331;35449;87492;38493,0.7180715799331665;0.6106939315795898;0.4907337427139282;0.4758925437927246;0.4700990319252014;0.4653059244155884;0.46223658323287964;0.46081286668777466;0.4578742980957031;0.45248907804489136
1,374,239,73588384,1.0,96628;82211;66035;81297;81372;82498;66039;33052;94990;37310,0.6452838182449341;0.6330915689468384;0.621770977973938;0.6077106595039368;0.6034265756607056;0.5981379747390747;0.597592830657959;0.5947350859642029;0.5944163203239441;0.5927265882492065
1,375,399,75658710,1.0,93234;99575;93888;94310;99533;93711;95366;92879;93023;95329,0.8098814487457275;0.7967950105667114;0.7817015647888184;0.7782996296882629;0.7678747773170471;0.7520809173583984;0.7467480897903442;0.7458259463310242;0.7436270117759705;0.7407991886138916
1,376,428,73627183,1.0,68904;51663;51362;51271;51024;51279;5321;54952;10262;10276,0.7658798694610596;0.7552304267883301;0.7494082450866699;0.7472182512283325;0.7454591989517212;0.7443259358406067;0.7240662574768066;0.7097407579421997;0.6987048387527466;0.6982864737510681
1,377,416,74260036,1.0,20916;63719;40700;89773;87733;89803;90489;89151;2870;2965,0.6983658075332642;0.698015570640564;0.6830489039421082;0.6588238477706909;0.6381844282150269;0.6125515103340149;0.6020416021347046;0.5909601449966431;0.5852997899055481;0.5851757526397705
1,378,213,74361505,1.0,98096;19330;18945;92230;63043;39629;39920;39620;18854;51645,0.7167081832885742;0.6244396567344666;0.6040991544723511;0.5959233641624451;0.5832454562187195;0.5803451538085938;0.577637791633606;0.5633304119110107;0.5613781809806824;0.5606942772865295
1,379,278,75458813,1.0,91143;84633;63478;84565;62868;62874;96268;41060;63902;37198,0.7095228433609009;0.6426404714584351;0.6170064210891724;0.6150157451629639;0.557519793510437;0.5484405159950256;0.5470376014709473;0.5350393056869507;0.5337343215942383;0.5335251092910767
1,380,132,74405365,1.0,96173;4647;59736;61532;73870;37198;37412;95630;84656;14737,0.5642853379249573;0.5438390970230103;0.5387852787971497;0.5377445816993713;0.536763072013855;0.5257142782211304;0.5233794450759888;0.5186886191368103;0.5170251131057739;0.5158541202545166
1,381,46,72959761,1.0,12079;11725;16218;21957;96705;11791;16362;96485;34162;16274,0.65350341796875;0.6245180368423462;0.6231536865234375;0.6176329255104065;0.605767011642456;0.5994049310684204;0.5986921787261963;0.5959439277648926;0.5924868583679199;0.5905534029006958
1,382,141,73442946,1.0,30385;30545;30297;30667;43517;24349;30638;31740;46303;23155,0.8557897806167603;0.846569299697876;0.8450879454612732;0.8376427888870239;0.8254216909408569;0.815101146697998;0.8051111102104187;0.792590856552124;0.7913880348205566;0.7899985313415527
1,383,162,74289016,1.0,98713;99997;39047;98603;99821;48370;98307;62508;48288;67177,0.756570041179657;0.7492375373840332;0.7106165885925293;0.679740846157074;0.6740759015083313;0.6633855104446411;0.6615570783615112;0.6416794061660767;0.6163443326950073;0.6151639819145203
1,384,381,86852945,1.0,84234;4560;51209;34066;19316;38620;33624;89527;17642;29162,0.6146056652069092;0.6120696067810059;0.6045860648155212;0.5707316398620605;0.5684370398521423;0.5648614764213562;0.5570560693740845;0.554485559463501;0.5460657477378845;0.5340180397033691
1,385,496,72493086,1.0,18028;18010;60273;55128;46747;79748;79523;58049;79606;23185,0.5433139204978943;0.5331945419311523;0.5242727994918823;0.5117485523223877;0.5063756108283997;0.5023149251937866;0.49531495571136475;0.49081742763519287;0.4878731966018677;0.48684728145599365
1,386,8,69443730,1.0,65819;66428;13540;65895;13447;34510;80765;13110;5287;9266,0.7278066873550415;0.6851184368133545;0.6797768473625183;0.6768525242805481;0.6594944596290588;0.6592659950256348;0.6568453311920166;0.6506698131561279;0.6381016969680786;0.6381016373634338
1,387,438,71615006,1.0,12899;9392;15646;713;75369;1515;30748;941;931;929,0.5771322250366211;0.5712778568267822;0.5644016265869141;0.5579556226730347;0.5547667145729065;0.5465073585510254;0.5431972742080688;0.5390267968177795;0.537727952003479;0.5289410352706909
1,388,180,72746573,1.0,45006;46445;44356;45504;45457;44373;11805;89285;45488;14963,0.627816915512085;0.6261998414993286;0.6009671688079834;0.5985268354415894;0.5968025922775269;0.592314600944519;0.5632784366607666;0.5628654956817627;0.553178608417511;0.5278635621070862
1,389,144,72384907,1.0,40263;78699;74488;90990;40774;20231;15064;66119;14523;97705,0.4446139335632324;0.4282650947570801;0.4082155227661133;0.4020640254020691;0.3939536213874817;0.38870787620544434;0.3871411085128784;0.38451534509658813;0.38025546073913574;0.37886786460876465
1,390,340,71927022,1.0,99517;93690;93234;95366;95809;94002;94076;93023;94310;95329,0.5990099906921387;0.5722461342811584;0.5536203980445862;0.547887921333313;0.5469932556152344;0.5445057153701782;0.5399054288864136;0.5356086492538452;0.5303001403808594;0.5298406481742859
1,391,395,71723175,1.0,99242;91356;91290;91617;91463;99303;84527;84366;84457;84654,0.6671334505081177;0.6389318108558655;0.6132377982139587;0.6048165559768677;0.602078914642334;0.5917831063270569;0.5883007049560547;0.5835254192352295;0.5828885436058044;0.5662903189659119
1,392,331,74513233,1.0,98933;98561;98788;99877;99180;99433;98388;98513;99469;99516,0.6999009251594543;0.6987216472625732;0.6970288753509521;0.6869552731513977;0.6724556684494019;0.6709671020507812;0.6638681888580322;0.6629365682601929;0.6611260175704956;0.6609094142913818
1,393,456,73411226,1.0,83742;83439;74696;25050;30556;80121;59626;77432;67942;64222,0.6958748698234558;0.6821649074554443;0.5753229856491089;0.47983670234680176;0.47918909788131714;0.4762392044067383;0.4742705821990967;0.47392940521240234;0.4710872769355774;0.4703625440597534
1,394,208,72858982,1.0,56774;61196;68463;35429;76327;31737;35403;47144;60909;70435,0.6656054854393005;0.64537513256073;0.6221066117286682;0.6191954612731934;0.5999462604522705;0.5933188199996948;0.5894198417663574;0.583938717842102;0.5819701552391052;0.5812722444534302
1,395,298,75046708,1.0,99867;8991;8846;8832;71527;71526;9503;71701;8969;71810,0.7674529552459717;0.7589637041091919;0.7108606696128845;0.684316873550415;0.6817976832389832;0.6776835322380066;0.6707652807235718;0.6699320077896118;0.6646753549575806;0.6611449718475342
1,396,20,73373177,1.0,44446;22528;64519;15084;84881;1862;13378;22425;93287;22561,0.5068272352218628;0.4918730854988098;0.4429546594619751;0.4418599605560303;0.44028377532958984;0.44019079208374023;0.43364399671554565;0.4320736527442932;0.4275617003440857;0.42635202407836914
1,397,70,74107077,1.0,51357;49850;49133;49148;49542;49537;49470;49596;49788;50715,0.8587819337844849;0.8115479946136475;0.8038353323936462;0.8017427921295166;0.7943687438964844;0.7885923385620117;0.7804398536682129;0.7796952128410339;0.7791914939880371;0.7786445617675781
1,398,269,75237675,1.0,43517;30545;30667;31740;46303;31663;30297;30385;24349;24316,0.777427613735199;0.7558859586715698;0.7470797300338745;0.7311292290687561;0.7243300676345825;0.7133777141571045;0.7073702216148376;0.7046852111816406;0.7034540772438049;0.6992120742797852
1,399,178,74720571,1.0,91480;38240;71210;69307;84532;82011;64750;89103;63917;63006,0.6341134309768677;0.6210193037986755;0.6101961135864258;0.6048046350479126;0.600871741771698;0.5927454829216003;0.5921899080276489;0.5908052921295166;0.5887933373451233;0.5883890986442566
1,400,175,76124505,1.0,84633;91143;41060;63478;37198;95630;37412;62868;62874;4647,0.5458317399024963;0.5453454852104187;0.4963904619216919;0.483578622341156;0.47260385751724243;0.46582120656967163;0.46418285369873047;0.4640638828277588;0.45963895320892334;0.4593927264213562
1,401,100,74862689,1.0,28959;81417;29082;43602;80901;81183;65441;81141;41998;14062,0.7161942720413208;0.7082710266113281;0.6395391821861267;0.6142758131027222;0.6025639772415161;0.6002793312072754;0.59046471118927;0.5842908620834351;0.5800249576568604;0.5788083672523499
1,402,112,72293649,1.0,99487;63913;58914;58849;58690;98292;60628;32843;47172;38474,0.7622238397598267;0.5738678574562073;0.5631273984909058;0.5624380111694336;0.5532522201538086;0.5469849705696106;0.5417754054069519;0.5413387417793274;0.5359086990356445;0.5312391519546509
1,403,214,72721994,1.0,72753;63377;63365;84633;62868;62874;63854;75480;61482;63478,0.7658637762069702;0.726143479347229;0.7159410715103149;0.6198562383651733;0.5842726230621338;0.573753833770752;0.5678792595863342;0.5650039911270142;0.5460119843482971;0.5385099649429321
1,404,406,74104928,1.0,99373;99283;99534;99264;99299;99477;84523;66762;87276;67214,0.7436753511428833;0.6999410390853882;0.6978969573974609;0.6954873204231262;0.6929780840873718;0.6353261470794678;0.5906482934951782;0.5545316934585571;0.550764262676239;0.5498490333557129
1,405,324,74840890,1.0,70017;78319;70426;39941;23960;96077;96015;69463;98602;95739,0.6593890190124512;0.5898221731185913;0.5853935480117798;0.5853530168533325;0.568842351436615;0.5629457235336304;0.5602849721908569;0.5597244501113892;0.5592207908630371;0.5514804124832153
1,406,435,73290357,1.0,99874;67144;98910;4826;49161;91837;52915;53637;55052;9922,0.6857091188430786;0.6551973819732666;0.634147047996521;0.6108628511428833;0.6088491678237915;0.6005681157112122;0.5972548723220825;0.5966249108314514;0.5800182223320007;0.5728338360786438
1,407,431,74287046,1.0,99985;44217;44734;67495;44305;44153;44850;67385;44844;67381,0.7603899240493774;0.6860338449478149;0.6773304343223572;0.6523393392562866;0.6493493318557739;0.648688793182373;0.6462557315826416;0.6424247026443481;0.6410231590270996;0.6358249187469482
1,408,337,72845782,1.0,67286;67317;67334;67331;38439;67634;80567;67428;3960;67335,0.624633252620697;0.6213679909706116;0.6191664934158325;0.603868305683136;0.6000229120254517;0.5963655710220337;0.5951711535453796;0.5881574153900146;0.5833688974380493;0.5819238424301147
1,409,238,73905730,1.0,99887;72711;96344;17008;97105;58658;97011;40681;32827;33091,0.8033714294433594;0.6316554546356201;0.6081571578979492;0.5905911922454834;0.5905225276947021;0.5848134756088257;0.5809149742126465;0.5737173557281494;0.572817862033844;0.5718526840209961
1,410,82,73372456,1.0,98359;97545;62937;98183;9484;11639;97738;98330;97999;97853,0.7132462859153748;0.6611827611923218;0.6563371419906616;0.6496903896331787;0.6494542956352234;0.640620231628418;0.6331571340560913;0.6319258809089661;0.6291216015815735;0.6220677495002747
1,411,421,72175860,1.0,25290;93258;25173;98504;96860;66606;39751;58346;63169;63792,0.6321017742156982;0.6257897019386292;0.6218411326408386;0.6186423897743225;0.5990278124809265;0.577369213104248;0.5724462270736694;0.5606186389923096;0.5577948093414307;0.557055652141571
1,412,417,74299406,1.0,61878;61715;64097;53617;99358;64064;32234;50111;61761;23753,0.7289122343063354;0.7198339700698853;0.6948344111442566;0.6896132230758667;0.6882723569869995;0.680274486541748;0.6796295642852783;0.6768730282783508;0.6723012924194336;0.6676193475723267
1,413,439,72607794,1.0,3969;4481;10967;95918;53301;37233;45422;60530;53302;76058,0.8670147657394409;0.8162058591842651;0.8077701330184937;0.8061543703079224;0.7886461019515991;0.7850081920623779;0.7806407809257507;0.7641058564186096;0.7545782923698425;0.751405656337738
1,414,487,72595915,1.0,86241;70138;38670;87169;17726;7807;49937;8101;99994;57041,0.4719662070274353;0.4702327251434326;0.4622344374656677;0.451185941696167;0.4378257393836975;0.4377843737602234;0.4357771873474121;0.43060392141342163;0.43024754524230957;0.42868053913116455
1,415,226,73942210,1.0,87867;95516;88156;64661;82011;63917;69307;98130;80632;64656,0.818603515625;0.8138893842697144;0.7863109707832336;0.7637406587600708;0.7558411955833435;0.7460052967071533;0.7199747562408447;0.7181314826011658;0.7129381895065308;0.708992063999176
1,416,216,74266636,1.0,99654;82841;99826;99858;82098;80500;80691;81006;67987;80941,0.8192189931869507;0.7566678524017334;0.7476649284362793;0.7267910242080688;0.7185714244842529;0.7000561356544495;0.6930645704269409;0.6896113157272339;0.6762117147445679;0.6758861541748047
1,417,419,74162837,1.0,4934;15439;5047;21652;26607;4289;72726;98633;21719;96414,0.42122578620910645;0.4099218249320984;0.4000208377838135;0.3954411745071411;0.3947599530220032;0.39470934867858887;0.3903472423553467;0.3898923993110657;0.3868873119354248;0.38563698530197144
1,418,159,73212398,1.0,99971;69874;98639;69948;69759;70046;70336;99383;98632;96488,0.7538676261901855;0.70649254322052;0.6868891716003418;0.6827640533447266;0.6809269189834595;0.6694802045822144;0.6256712675094604;0.6255488991737366;0.602081298828125;0.5874401330947876
1,419,458,73301187,1.0,12794;72544;12998;16209;23401;6997;42209;17492;1219;21323,0.5855868458747864;0.5788209438323975;0.5684772729873657;0.5627822875976562;0.5593247413635254;0.5515936613082886;0.5511001944541931;0.5466362833976746;0.5466302633285522;0.5383369326591492
1,420,449,73479266,1.0,77681;76359;69007;94222;94424;94330;94130;69138;94334;58726,0.5823652744293213;0.5724685788154602;0.5588817000389099;0.5328283309936523;0.5258095264434814;0.520336389541626;0.5193434953689575;0.5175387859344482;0.4980323910713196;0.4948813319206238
1,421,2,73832991,1.0,70817;29513;81063;74396;71463;67810;72122;57669;46166;35792,0.5041247606277466;0.49741435050964355;0.467789888381958;0.45763492584228516;0.45676296949386597;0.4487599730491638;0.4476678967475891;0.4471108913421631;0.4465144872665405;0.44467461109161377
1,422,89,70074433,1.0,99737;99791;30706;63402;30849;44817;79883;35728;48886;27050,0.9792916774749756;0.90867018699646;0.8828604221343994;0.8716813921928406;0.8712837100028992;0.8710521459579468;0.8677060008049011;0.8620087504386902;0.860031247138977;0.8541728854179382
1,423,290,72752793,1.0,99918;99429;98938;97865;97823;98637;97721;60455;97783;51351,0.7837139368057251;0.7729821801185608;0.6669756770133972;0.6597455143928528;0.644072413444519;0.6226579546928406;0.6142980456352234;0.6119369864463806;0.607611358165741;0.5473834276199341
1,424,285,73237278,1.0,97189;98134;99375;99185;97214;96989;97072;97152;97113;99289,0.7463405132293701;0.7428156137466431;0.733620285987854;0.7328097820281982;0.7173395156860352;0.7096236944198608;0.6940306425094604;0.6847360134124756;0.6713970899581909;0.6625142097473145
1,425,489,72871302,1.0,38354;74414;38439;38292;38368;74416;38341;38289;38429;74491,0.6539226770401001;0.6325257420539856;0.6306920647621155;0.6240969896316528;0.6202023029327393;0.614727795124054;0.6111799478530884;0.6066426038742065;0.6059861183166504;0.6026390790939331
1,426,286,72402267,1.0,50089;34221;47053;50085;47686;32560;91016;93554;95375;79798,0.4819183945655823;0.47077882289886475;0.4704989790916443;0.46465736627578735;0.4635089635848999;0.4605024456977844;0.4555385112762451;0.45516490936279297;0.4513434171676636;0.45020246505737305
1,427,58,74038679,1.0,99871;96829;76441;18706;96910;39586;90248;96895;84860;69485,0.681026816368103;0.5760591626167297;0.5681702494621277;0.5556729435920715;0.5510081052780151;0.5506867170333862;0.5469330549240112;0.5344240069389343;0.5322784185409546;0.5253016352653503
1,428,145,73169439,1.0,98359;97795;11639;9484;97426;62913;62937;10624;10824;98330,0.8250409960746765;0.6850842237472534;0.6711267232894897;0.6603699326515198;0.6403001546859741;0.6278018951416016;0.6265304088592529;0.6095512509346008;0.6087430715560913;0.5922216176986694
1,429,461,72834932,1.0,99670;99546;99775;99620;99483;99644;99996;99792;99652;93556,0.954429030418396;0.8976410627365112;0.8772830963134766;0.872144341468811;0.8712825775146484;0.8707650899887085;0.8697043657302856;0.858237624168396;0.8525042533874512;0.8268829584121704
1,430,297,71077362,1.0,99775;99644;99636;84609;99652;99620;99792;99996;99546;99483,0.7761743068695068;0.7732846736907959;0.757016658782959;0.7540761232376099;0.7532449960708618;0.7515434622764587;0.7512049674987793;0.7432196140289307;0.7393400073051453;0.7392090559005737
1,431,463,73807261,1.0,36612;37271;99498;35842;49390;74366;99676;77173;62132;44960,0.7040483355522156;0.6951119899749756;0.6531552076339722;0.5955466032028198;0.5856174230575562;0.5777942538261414;0.5717042684555054;0.5661065578460693;0.5555809140205383;0.5486550331115723
1,432,66,73867560,1.0,12520;906;21768;36702;64923;69914;35440;1095;95708;97420,0.5429151654243469;0.48629671335220337;0.48066335916519165;0.46571964025497437;0.4571186304092407;0.45294487476348877;0.45213305950164795;0.4514843225479126;0.441054105758667;0.4380815625190735
1,433,338,73145879,1.0,74796;74648;72229;74749;71526;71527;71723;71810;41038;71701,0.7984277009963989;0.7811484336853027;0.7796996235847473;0.7767302393913269;0.7509755492210388;0.7436333894729614;0.7147005796432495;0.7143427729606628;0.7112953662872314;0.7089158296585083
1,434,259,73550745,1.0,38296;38911;38290;38439;80567;38292;39070;49871;38341;74416,0.7728402018547058;0.7508741617202759;0.7201220989227295;0.7186707258224487;0.7134592533111572;0.7115092277526855;0.7086825370788574;0.6943037509918213;0.6749887466430664;0.6749682426452637
1,435,483,75346384,1.0,70;99890;37386;77522;37415;42184;9866;73715;65538;41897,0.5803791284561157;0.5620744228363037;0.5427205562591553;0.5418297052383423;0.5333579778671265;0.5323828458786011;0.5290589332580566;0.5210221409797668;0.5203679800033569;0.5036304593086243
1,436,405,71873433,1.0,88154;87970;97583;89160;88058;87871;88189;90650;88818;87323,0.7704910039901733;0.738383948802948;0.7360526323318481;0.7096428871154785;0.7031129002571106;0.7007831335067749;0.6915372014045715;0.6847671270370483;0.6722022891044617;0.6648856401443481
1,437,426,74112307,1.0,99289;99444;99390;97189;6725;98134;96985;99240;99375;96887,0.5549103021621704;0.5488680005073547;0.5280286073684692;0.526894211769104;0.5098022818565369;0.5083233714103699;0.5076063871383667;0.5058523416519165;0.5028007626533508;0.4934130311012268
1,438,130,74569593,1.0,94173;82123;23205;23750;23372;25764;17854;99298;94193;38431,0.8038545250892639;0.5802575349807739;0.5553842782974243;0.5507926940917969;0.5309906005859375;0.5244917869567871;0.52219557762146;0.4916453957557678;0.4553796052932739;0.45331108570098877
1,439,234,72784083,1.0,93939;84734;95143;95263;99884;94175;95130;85741;74635;77267,0.6775988936424255;0.6608294248580933;0.6419864892959595;0.6375373601913452;0.6326950788497925;0.6318955421447754;0.6245197057723999;0.6147726774215698;0.5718926191329956;0.5461078882217407
1,440,301,73626143,1.0,31216;8749;15747;23799;79911;53889;14736;9162;14822;15027,0.6902936697006226;0.6563612222671509;0.653069794178009;0.6442197561264038;0.6209969520568848;0.6199847459793091;0.6101579070091248;0.5964359045028687;0.5905295610427856;0.5788472890853882
1,441,436,75450923,0.9,87934;97112;96218;74765;16718;78939;72797;91254;42931;97185,0.4349680542945862;0.4216815233230591;0.39415276050567627;0.3503687381744385;0.3486710786819458;0.3468672037124634;0.34361732006073;0.3386649489402771;0.3372589945793152;0.3333871364593506
1,442,167,73511795,1.0,99552;99169;99020;83089;83230;34100;83081;82913;42063;84547,0.7255352735519409;0.7135339379310608;0.6895204186439514;0.6789601445198059;0.6658873558044434;0.6490786075592041;0.639888346195221;0.638526201248169;0.6320079565048218;0.6296866536140442
1,443,110,73730422,1.0,80272;83528;94434;80345;85735;83730;95638;80549;81809;85482,0.6676458716392517;0.6676256060600281;0.6618715524673462;0.6611913442611694;0.6591430902481079;0.6584957242012024;0.6311089992523193;0.6275438666343689;0.626573920249939;0.6230956315994263
1,444,249,73076580,1.0,98700;98636;95389;98182;98062;97834;98823;97895;94090;95910,0.6783609390258789;0.6706986427307129;0.6530905961990356;0.6333112120628357;0.6268847584724426;0.6266458034515381;0.6212934255599976;0.61905837059021;0.6162497997283936;0.6125471591949463
1,445,322,74344706,1.0,59486;80045;80208;73224;57301;87699;30445;98014;79931;51295,0.46888530254364014;0.4596901535987854;0.4359394907951355;0.4344484210014343;0.4216867685317993;0.4194549322128296;0.4105685353279114;0.40819382667541504;0.4056297540664673;0.4027995467185974
1,446,120,74861430,1.0,99665;98810;98984;99886;98694;99246;99814;99087;63595;64852,0.7383062839508057;0.7070943713188171;0.6780575513839722;0.6619174480438232;0.623136043548584;0.6164357662200928;0.600128173828125;0.5711449384689331;0.5530188083648682;0.5434240698814392
1,447,479,75646891,1.0,94173;94193;78150;95242;61752;61792;45485;94327;94838;18769,0.4846559762954712;0.4767720699310303;0.46460211277008057;0.4626287817955017;0.461198627948761;0.4579809308052063;0.4534262418746948;0.45188015699386597;0.4436158537864685;0.44265514612197876
1,448,246,74362675,1.0,92449;38042;22486;98311;85370;54632;51536;41251;20311;91208,0.5198147892951965;0.49112915992736816;0.44158607721328735;0.41884469985961914;0.38226211071014404;0.3817535638809204;0.3776959776878357;0.37748074531555176;0.3727644085884094;0.3708730936050415
1,449,222,75373194,1.0,99836;99990;99827;2927;18777;71945;84849;85159;35208;89443,0.7233518362045288;0.7185614109039307;0.6628458499908447;0.614384651184082;0.6116902828216553;0.5618709325790405;0.5487960577011108;0.5453498959541321;0.5243980288505554;0.5239434242248535
1,450,251,73378716,1.0,88945;66491;88347;81099;88702;89664;81347;90681;81429;87774,0.6012866497039795;0.5264702439308167;0.4667700529098511;0.46558940410614014;0.45728206634521484;0.45528870820999146;0.4542859196662903;0.45342808961868286;0.4473841190338135;0.4448738098144531
1,451,491,74114338,1.0,95263;93939;95130;85741;95143;74635;99884;94175;84734;77267,0.6994680762290955;0.6791031360626221;0.6761807203292847;0.6628036499023438;0.6531671285629272;0.6338594555854797;0.6218748092651367;0.6086812019348145;0.5878476500511169;0.5711777210235596
1,452,423,73445525,1.0,33479;62219;54720;34816;25381;79768;26395;67757;34714;68205,0.6695547103881836;0.662040114402771;0.6428523063659668;0.6342954635620117;0.6335979700088501;0.632975161075592;0.6306487917900085;0.6255786418914795;0.625482439994812;0.6253781318664551
1,453,362,74812950,1.0,28430;48324;7555;200;99885;1918;76680;75097;2699;14357,0.5877343416213989;0.5860174894332886;0.5770598649978638;0.5644304752349854;0.561088502407074;0.5445212721824646;0.5385857820510864;0.5378592610359192;0.5370554327964783;0.5362951755523682
1,454,34,72995201,1.0,17780;23299;54057;25223;64647;54346;23724;64935;81136;87768,0.7169705629348755;0.7148743867874146;0.7047291994094849;0.7045050859451294;0.7007917165756226;0.6972070336341858;0.695732831954956;0.6931759119033813;0.6907452940940857;0.6889204978942871
1,455,442,75047907,1.0,16039;16699;17040;16065;16978;17019;16774;24274;5394;26920,0.4939674735069275;0.49333226680755615;0.48460662364959717;0.48431509733200073;0.48222875595092773;0.4816674590110779;0.4755152463912964;0.4361649751663208;0.43447792530059814;0.4333656430244446
1,456,475,75021408,1.0,27879;36950;58732;95609;59898;50263;95469;76281;60336;65851,0.6851425766944885;0.6761290431022644;0.66423100233078;0.6504003405570984;0.6455255746841431;0.6439357399940491;0.6385228633880615;0.6375883221626282;0.6223564147949219;0.6139124631881714
1,457,192,75931647,1.0,99487;58849;58914;98292;63913;97427;58690;13162;91412;137,0.8538390398025513;0.5630443096160889;0.5626325607299805;0.5586535930633545;0.5430494546890259;0.5376414060592651;0.5347542762756348;0.5257381200790405;0.5122615098953247;0.5042484998703003
1,458,10,73563284,1.0,93729;95417;72318;56702;72360;76514;99958;756;96114;26156,0.7042524814605713;0.6969096064567566;0.6683027148246765;0.6458683609962463;0.6031961441040039;0.5948952436447144;0.5867507457733154;0.5653438568115234;0.5137524604797363;0.49170470237731934
1,459,118,75269084,1.0,99533;93234;92879;95261;99575;99604;92780;93023;94002;95366,0.8361697793006897;0.8048975467681885;0.7948154211044312;0.7934777736663818;0.7934179306030273;0.7704018950462341;0.7662174701690674;0.7375609874725342;0.725865364074707;0.7251380085945129
1,460,97,74690931,1.0,13699;12523;9552;9591;12071;13243;12476;12055;88397;12465,0.7413784265518188;0.6781255602836609;0.6621862053871155;0.6571497917175293;0.6138883829116821;0.5687776803970337;0.5648542642593384;0.5641539692878723;0.5638177990913391;0.5626614093780518
1,461,304,77691338,1.0,99970;44884;99876;25907;60157;46020;43881;46022;26475;84751,0.6447548866271973;0.6283444166183472;0.6248362064361572;0.6192639470100403;0.609633207321167;0.6017694473266602;0.5920073986053467;0.5835427045822144;0.5813688039779663;0.5783925652503967
1,462,149,74556312,1.0,99839;86949;84627;82583;12536;4091;94152;71583;67183;95098,0.818925142288208;0.7597543001174927;0.7578283548355103;0.7564527988433838;0.7504518032073975;0.7484606504440308;0.7468664646148682;0.7422429323196411;0.7412787675857544;0.7302147150039673
1,463,386,75426773,1.0,96603;96084;92159;92050;91947;96256;85594;64982;93586;96472,0.8768789768218994;0.7975494861602783;0.789870023727417;0.7880051732063293;0.7655705213546753;0.7508578300476074;0.7475908994674683;0.7430800199508667;0.7365975379943848;0.7362082004547119
1,464,243,74531033,1.0,91031;64904;80197;26512;35016;10607;81323;56162;46341;55214,0.5753656625747681;0.5467307567596436;0.5219582319259644;0.4847567677497864;0.4804328680038452;0.4800644516944885;0.47506916522979736;0.47346675395965576;0.46128320693969727;0.45887184143066406
1,465,18,74386784,1.0,74976;74025;96789;73559;73383;74500;58076;74142;91376;73593,0.8031822443008423;0.7798741459846497;0.771885335445404;0.7681083679199219;0.7542785406112671;0.7474732398986816;0.747262716293335;0.7255481481552124;0.7249350547790527;0.7221855521202087
1,466,54,73929040,1.0,96392;95981;29081;94866;94284;29064;97726;93891;96606;94983,0.69880211353302;0.644056499004364;0.6403418183326721;0.6400065422058105;0.635718584060669;0.6357005834579468;0.6337446570396423;0.6331711411476135;0.6252992153167725;0.6217414140701294
1,467,471,73942170,1.0,52380;56426;94791;96349;56466;57428;14257;95773;56370;57954,0.6358305215835571;0.6209367513656616;0.6201604604721069;0.616811990737915;0.6101550459861755;0.6091853976249695;0.6027853488922119;0.5906335115432739;0.5896549224853516;0.5852254033088684
1,468,409,74939018,1.0,19314;56831;55587;38361;38953;9737;18684;39246;52992;21932,0.5260834693908691;0.5164604187011719;0.4911004304885864;0.47915124893188477;0.4778519868850708;0.4666098952293396;0.4604918956756592;0.4599384665489197;0.45626139640808105;0.4520610570907593
1,469,24,76073056,1.0,98017;98388;99877;99317;97959;98689;98933;99469;99516;99632,0.7080996036529541;0.7061125040054321;0.7050612568855286;0.703702986240387;0.7019186019897461;0.6853029131889343;0.6842652559280396;0.6807845830917358;0.6745389699935913;0.6697559356689453
1,470,84,74046918,1.0,62112;91165;89985;99744;83723;40667;89572;48130;70122;83738,0.7016368508338928;0.6817203164100647;0.6801245212554932;0.6601159572601318;0.6524623036384583;0.6486577987670898;0.6405525803565979;0.6312972903251648;0.6194919347763062;0.5991071462631226
1,471,306,76695499,1.0,98388;99433;99574;98561;97959;98662;98017;99877;99725;99516,0.8368776440620422;0.8146841526031494;0.8103712797164917;0.8007910251617432;0.7988288402557373;0.793262779712677;0.7853440046310425;0.7804378271102905;0.7648319005966187;0.7612172365188599
1,472,217,75314895,1.0,58084;58208;74514;15641;58057;58200;58319;77918;87011;83654,0.526070773601532;0.4854675531387329;0.4790492653846741;0.47108781337738037;0.4669024348258972;0.46367835998535156;0.4631246328353882;0.4547915458679199;0.44993841648101807;0.44720351696014404
1,473,380,74669602,1.0,17897;21560;20714;88863;82184;25901;87919;42431;42742;14690,0.6859283447265625;0.6851409673690796;0.640184760093689;0.6380872130393982;0.6350393295288086;0.6271987557411194;0.6154483556747437;0.6140055656433105;0.6062585711479187;0.5912836790084839
1,474,311,73750532,1.0,99294;98109;98989;38515;19617;99771;92951;90579;85324;93769,0.7061004042625427;0.5389046669006348;0.504482090473175;0.48021161556243896;0.4775840640068054;0.472880482673645;0.46385490894317627;0.45973050594329834;0.45832210779190063;0.455233097076416
1,475,170,72502726,1.0,9526;72807;10616;11133;10272;9622;13361;19740;16318;10676,0.6129230260848999;0.598525881767273;0.5978829860687256;0.5943351984024048;0.5893863439559937;0.5889058113098145;0.5775362253189087;0.5703467130661011;0.5688912272453308;0.567534863948822
1,476,299,74067189,1.0,31091;19444;40705;30823;22370;7676;10681;66399;83939;23665,0.4584847092628479;0.43448352813720703;0.4310920238494873;0.42425429821014404;0.4145604968070984;0.41030699014663696;0.41029369831085205;0.40712010860443115;0.4035698175430298;0.4013058543205261
1,477,312,74581122,1.0,38769;38953;39190;39439;38704;97389;97342;39393;97156;95203,0.6790968179702759;0.6260496377944946;0.5732407569885254;0.5506613850593567;0.5504107475280762;0.5500545501708984;0.5478007197380066;0.5438079833984375;0.5146701335906982;0.514289140701294
1,478,184,73611493,1.0,99402;99882;33493;4704;33563;34159;34714;33941;34520;33595,0.7538039684295654;0.7458330392837524;0.7303314208984375;0.7116864919662476;0.7102167010307312;0.7099510431289673;0.7079594135284424;0.6894025802612305;0.6519496440887451;0.6450382471084595
1,479,98,74750961,1.0,99824;63967;63880;63875;99245;36755;71032;37402;21769;99881,0.7291542291641235;0.6413541436195374;0.6284260749816895;0.6229829788208008;0.6150176525115967;0.6045563220977783;0.6042582988739014;0.593262791633606;0.5891266465187073;0.5871161818504333
1,480,369,74268627,1.0,68696;20493;2999;60344;2081;96002;20217;65825;68664;20208,0.5762468576431274;0.5580227375030518;0.5354634523391724;0.5351381301879883;0.5021752715110779;0.4948035478591919;0.49323272705078125;0.48317229747772217;0.4788852334022522;0.47811728715896606
1,481,108,74836650,1.0,99726;99349;98278;98780;99578;99168;99903;99114;99706;98600,0.7137902975082397;0.6182044148445129;0.614069938659668;0.5533597469329834;0.5459306836128235;0.5249836444854736;0.5113446116447449;0.5074386596679688;0.4762536287307739;0.4621783494949341
1,482,494,72523355,1.0,65952;39223;41149;99089;41998;4404;99714;38212;79323;81341,0.5113451480865479;0.47892582416534424;0.46246910095214844;0.4385642409324646;0.43704116344451904;0.43448787927627563;0.42536741495132446;0.41348910331726074;0.4124743938446045;0.4117238521575928
1,483,210,73401086,1.0,32003;31740;31663;43517;30385;22930;22300;22336;22897;38174,0.8446074724197388;0.8441404104232788;0.8374819755554199;0.8117923736572266;0.7965021133422852;0.7962629795074463;0.7904083728790283;0.7871461510658264;0.7860804796218872;0.7854128479957581
1,484,263,73179109,1.0,33052;66039;82306;87274;4060;81297;82849;4859;68796;66035,0.6554665565490723;0.6375269889831543;0.636339008808136;0.6183446645736694;0.6174914836883545;0.5942991971969604;0.5939228534698486;0.5858007669448853;0.5830145478248596;0.5793647766113281
1,485,150,74278046,1.0,99970;99876;40810;47276;38495;44796;44884;41106;46022;46020,0.765276312828064;0.732304573059082;0.6641536951065063;0.6526944637298584;0.638353168964386;0.6377425193786621;0.6375149488449097;0.6219854354858398;0.6196609139442444;0.6193985939025879
1,486,454,73200118,1.0,62362;62274;62177;62315;13807;13815;13963;67090;14213;13904,0.7723302841186523;0.766243577003479;0.764022707939148;0.7336475849151611;0.7270750999450684;0.714602530002594;0.7036794424057007;0.7001563906669617;0.6911548376083374;0.6872105598449707
1,487,90,74048859,1.0,98940;99372;98986;98951;96734;99434;99157;98803;96808;96539,0.9620634913444519;0.9515188336372375;0.9316997528076172;0.9171960353851318;0.9158138632774353;0.907333493232727;0.8642679452896118;0.8449753522872925;0.8211098909378052;0.8150208592414856
1,488,451,74376495,1.0,5385;5405;5941;39421;47238;39496;39614;15790;39638;11281,0.694449782371521;0.6859179735183716;0.6704801917076111;0.6155112981796265;0.6009975671768188;0.5944468975067139;0.5836641192436218;0.5826848745346069;0.5737150311470032;0.5693303346633911
1,489,274,77044935,1.0,7555;2699;75256;1918;83038;76680;76189;77938;75097;80970,0.6911094188690186;0.6357671022415161;0.6352032423019409;0.6325645446777344;0.625099778175354;0.6217328310012817;0.621574342250824;0.6198124885559082;0.6181782484054565;0.6067441701889038
1,490,169,76431261,1.0,94752;87599;32458;78553;84352;99670;85546;93556;84609;99620,0.6875631809234619;0.6572925448417664;0.5829654932022095;0.579404354095459;0.5785561800003052;0.5776136517524719;0.5752243995666504;0.5722370743751526;0.568212628364563;0.5659202933311462
1,491,398,73449835,1.0,89008;88989;89016;77130;30869;77131;30987;30884;11964;61460,0.8127674460411072;0.7980900406837463;0.7397795915603638;0.7128185033798218;0.6935102939605713;0.6853163242340088;0.6833868026733398;0.678433895111084;0.6748853325843811;0.6659178137779236
1,492,453,73645623,1.0,19078;18104;79352;6332;38364;79009;39217;43018;79223;38799,0.6406791806221008;0.6168085336685181;0.5966634750366211;0.5955682992935181;0.5943725109100342;0.5911897420883179;0.5843331813812256;0.5507920384407043;0.542352557182312;0.5376608371734619
1,493,64,73902030,1.0,9717;9791;22477;11123;12523;12465;9751;12476;80544;44995,0.9059544801712036;0.8173891305923462;0.7727552652359009;0.770879864692688;0.7648164629936218;0.7627756595611572;0.756147563457489;0.7366954684257507;0.6919394731521606;0.6821223497390747
1,494,22,74345965,1.0,57306;312;45183;23991;24016;19115;10594;7789;15236;45290,0.5367583632469177;0.5366702079772949;0.5067692399024963;0.4978060722351074;0.4939916133880615;0.4871683120727539;0.48435860872268677;0.4792943000793457;0.4749066233634949;0.47439730167388916
1,495,354,75139167,1.0,99602;98934;99401;99132;97010;96133;98867;96371;90570;35258,0.5590768456459045;0.5181055665016174;0.49323737621307373;0.4910481572151184;0.4811525344848633;0.47279053926467896;0.4594374895095825;0.4566325545310974;0.45467811822891235;0.45250600576400757
1,496,465,74090298,1.0,45869;28153;45839;45899;45742;92407;65249;28167;51601;46140,0.617198646068573;0.6041461825370789;0.6010328531265259;0.5857398509979248;0.585644006729126;0.5499898791313171;0.5410732626914978;0.5371997356414795;0.5355218648910522;0.5345673561096191
1,497,348,74767811,1.0,63365;84633;63478;84565;62868;62874;63377;63902;63784;63854,0.8007897138595581;0.7483819723129272;0.7325564622879028;0.7238470315933228;0.7227456569671631;0.7161274552345276;0.6973899602890015;0.6937159299850464;0.6143847703933716;0.6089193224906921
1,498,437,73102490,1.0,70375;68577;1646;2262;1994;1884;1609;1738;2170;1749,0.8150582313537598;0.8102740049362183;0.7774050831794739;0.774863064289093;0.7565715312957764;0.7546163201332092;0.747855544090271;0.7347887754440308;0.7346545457839966;0.7314425110816956
1,499,498,74016229,1.0,83742;83439;74696;64222;25050;80121;30556;59626;77432;47648,0.6836283206939697;0.6761192083358765;0.5648945569992065;0.4723031520843506;0.4711528420448303;0.4652476906776428;0.46210265159606934;0.4557458162307739;0.452128529548645;0.44963347911834717
2,0,256,72260219,1.0,90992;93534;16194;35631;17628;7338;42261;44631;30178;36947,0.7854484915733337;0.7659946084022522;0.6525649428367615;0.6444910168647766;0.6398271322250366;0.6272561550140381;0.6216980814933777;0.6152472496032715;0.6141539812088013;0.6081042289733887
2,1,358,74130718,1.0,98636;98823;98182;51256;98700;51212;97834;97895;92102;97813,0.7122384905815125;0.7008576393127441;0.6923627853393555;0.6893577575683594;0.6749221682548523;0.6679543256759644;0.6634261608123779;0.6620991230010986;0.6532618403434753;0.6460164189338684
2,2,134,73804771,1.0,30858;5641;97728;6203;10659;99710;55710;55386;95411;1141,0.5264114737510681;0.5118964910507202;0.5061405897140503;0.4934958219528198;0.48142582178115845;0.47916561365127563;0.4580897092819214;0.45673757791519165;0.450478196144104;0.4497661590576172
2,3,48,73918330,1.0,99788;98878;28603;13191;5069;45251;50807;5071;96226;19574,0.7741503715515137;0.5682030916213989;0.561562716960907;0.5554133653640747;0.5360857248306274;0.5307837724685669;0.5202829837799072;0.5191162824630737;0.5147073268890381;0.5121920108795166
2,4,22,73386876,1.0,57306;312;45183;23991;24016;19115;10594;7789;15236;45290,0.5367583632469177;0.5366702079772949;0.5067692399024963;0.4978060722351074;0.4939916133880615;0.4871683120727539;0.48435860872268677;0.4792943000793457;0.4749066233634949;0.47439730167388916
2,5,52,73774832,1.0,81338;81528;81931;95349;76805;76824;82481;81487;73606;81768,0.7219030857086182;0.721625566482544;0.7165313959121704;0.7104883193969727;0.7041453123092651;0.6853947639465332;0.6814562678337097;0.6712855696678162;0.6694487929344177;0.6607108116149902
2,6,132,73823791,1.0,96173;4647;59736;61532;73870;37198;37412;95630;84656;14737,0.5642853379249573;0.5438390970230103;0.5387852787971497;0.5377445816993713;0.536763072013855;0.5257142782211304;0.5233794450759888;0.5186886191368103;0.5170251131057739;0.5158541202545166
2,7,320,75012658,1.0,99517;93023;93234;99575;94310;95261;99533;92879;93690;92780,0.8787713050842285;0.8396347761154175;0.837851345539093;0.8351738452911377;0.833774209022522;0.8292348980903625;0.8231326341629028;0.8170000910758972;0.8010663986206055;0.7993486523628235
2,8,268,72760472,1.0,99968;99995;13565;25113;25083;25126;25092;13540;58422;32685,0.7492008805274963;0.7354279160499573;0.7014553546905518;0.6825994253158569;0.6564135551452637;0.6518927216529846;0.6408315300941467;0.6389753818511963;0.638080358505249;0.6369239091873169
2,9,189,73447236,1.0,17819;94916;68249;67584;69314;68406;94287;94195;4430;94323,0.6664407253265381;0.6562708616256714;0.6538630127906799;0.5998375415802002;0.5828099250793457;0.5794475078582764;0.5758926868438721;0.5686740875244141;0.56429123878479;0.53106290102005
2,10,329,73239328,1.0,39460;30229;94052;39727;31883;25625;39338;26239;30106;25739,0.6053044199943542;0.6038675308227539;0.5966379642486572;0.5871272683143616;0.5869905948638916;0.5869537591934204;0.5852789878845215;0.5784092545509338;0.5781114101409912;0.5780021548271179
2,11,281,73378616,1.0,83581;80499;88806;79997;97137;50946;97017;95959;22718;83241,0.7355130910873413;0.7139713764190674;0.7135186195373535;0.6913717985153198;0.6750327348709106;0.6719011068344116;0.6677513718605042;0.6663392186164856;0.6638412475585938;0.6608386039733887
2,12,313,73301417,1.0,70218;39362;95853;39086;89776;35490;799;34971;89732;90875,0.6249549388885498;0.6032278537750244;0.5888127088546753;0.587584376335144;0.5709635615348816;0.56693035364151;0.5633035898208618;0.5613926649093628;0.5612545013427734;0.5533491969108582
2,13,204,73458185,1.0,38769;38704;48299;80881;77442;39190;48263;48355;55587;79097,0.5577192306518555;0.5480481386184692;0.5382604002952576;0.5122882723808289;0.5068202018737793;0.48599934577941895;0.48414862155914307;0.47807133197784424;0.46982455253601074;0.46495312452316284
2,14,90,72073431,1.0,98940;99372;98986;98951;96734;99434;99157;98803;96808;96539,0.9620634913444519;0.9515188336372375;0.9316997528076172;0.9171960353851318;0.9158138632774353;0.907333493232727;0.8642679452896118;0.8449753522872925;0.8211098909378052;0.8150208592414856
2,15,26,74111888,1.0,77493;42348;68556;503;7797;71178;5636;5942;70578;81910,0.5205643773078918;0.4951380491256714;0.486549973487854;0.47711122035980225;0.46617233753204346;0.4523676037788391;0.4475233554840088;0.44270896911621094;0.4383694529533386;0.42521148920059204
2,16,406,74055348,1.0,99373;99283;99534;99264;99299;99477;84523;66762;87276;67214,0.7436753511428833;0.6999410390853882;0.6978969573974609;0.6954873204231262;0.6929780840873718;0.6353261470794678;0.5906482934951782;0.5545316934585571;0.550764262676239;0.5498490333557129
2,17,154,75851548,1.0,84456;82975;37958;61425;37945;31306;1355;64182;15967;71062,0.6741219758987427;0.6530340313911438;0.5566203594207764;0.5500479340553284;0.5409348011016846;0.539034366607666;0.5338234305381775;0.5264191031455994;0.5249720811843872;0.5210540294647217
2,18,42,74667912,1.0,91872;88725;95906;46781;87391;46373;57272;34844;98932;46387,0.8499437570571899;0.8337686061859131;0.8164377808570862;0.8045318126678467;0.8019454479217529;0.7961506247520447;0.7893683314323425;0.7869805097579956;0.7842328548431396;0.7818742990493774
2,19,432,70858114,1.0,16764;94510;94576;44471;35470;60400;23519;94909;94790;47034,0.7612305879592896;0.734061598777771;0.7306442260742188;0.7163180708885193;0.7093929648399353;0.679742693901062;0.6781752109527588;0.6740651726722717;0.6704357862472534;0.6649303436279297
2,20,14,73584043,1.0,99962;5313;2089;63049;9870;5161;20705;20601;4813;5659,0.9191614389419556;0.6054434776306152;0.5888164043426514;0.5854514241218567;0.5664740800857544;0.5605651140213013;0.551490306854248;0.5480172634124756;0.546504020690918;0.5413216948509216
2,21,484,73430386,1.0,8996;77781;59497;71911;73032;74098;72956;73098;29239;72214,0.6942902207374573;0.6471906900405884;0.626808762550354;0.6192529201507568;0.6175475716590881;0.6160286068916321;0.6143301725387573;0.6113559603691101;0.6093122959136963;0.6081200838088989
2,22,62,73059340,1.0,83720;4655;75018;18180;40692;22721;31360;23154;22770;31063,0.724543571472168;0.7238723039627075;0.7129076719284058;0.7108968496322632;0.7013508677482605;0.6958955526351929;0.6841968894004822;0.6814895868301392;0.6744676232337952;0.6681736707687378
2,23,226,74911628,1.0,87867;95516;88156;64661;82011;63917;69307;98130;80632;64656,0.818603515625;0.8138893842697144;0.7863109707832336;0.7637406587600708;0.7558411955833435;0.7460052967071533;0.7199747562408447;0.7181314826011658;0.7129381895065308;0.708992063999176
2,24,254,71443868,1.0,46446;7336;7334;8745;72828;87780;93617;65840;36993;7481,0.8168773651123047;0.815413236618042;0.8055384159088135;0.7773141860961914;0.7769722938537598;0.774571418762207;0.7431634068489075;0.7349148988723755;0.7284247875213623;0.7254821062088013
2,25,466,72508557,1.0,95140;16473;82468;99908;28062;17203;71852;61210;13214;12075,0.582977294921875;0.569178581237793;0.5160502791404724;0.4867985248565674;0.47995108366012573;0.4769628047943115;0.4707057476043701;0.4636387825012207;0.4625844955444336;0.4608105421066284
2,26,16,73089699,1.0,82304;60898;23225;91424;84306;30208;91541;99606;42953;71518,0.6868691444396973;0.6332185864448547;0.4083607792854309;0.39425230026245117;0.36787551641464233;0.3676968812942505;0.3671931028366089;0.3663478493690491;0.36163341999053955;0.3613842725753784
2,27,66,75115497,1.0,12520;906;21768;36702;64923;69914;35440;1095;95708;97420,0.5429151654243469;0.48629671335220337;0.48066335916519165;0.46571964025497437;0.4571186304092407;0.45294487476348877;0.45213305950164795;0.4514843225479126;0.441054105758667;0.4380815625190735
2,28,462,74514304,1.0,59914;73345;66374;1011;67855;96226;70451;79465;71253;67485,0.597375214099884;0.5221954584121704;0.5127769708633423;0.4804813265800476;0.47925400733947754;0.4771522283554077;0.47295284271240234;0.4704800844192505;0.46449899673461914;0.46367013454437256
2,29,180,73272917,1.0,45006;46445;44356;45504;45457;44373;11805;89285;45488;14963,0.627816915512085;0.6261998414993286;0.6009671688079834;0.5985268354415894;0.5968025922775269;0.592314600944519;0.5632784366607666;0.5628654956817627;0.553178608417511;0.5278635621070862
2,30,344,74306496,1.0,80697;66588;19581;87070;91430;92659;66106;57059;57122;73105,0.6180154085159302;0.5212905406951904;0.4884617328643799;0.48508936166763306;0.48434925079345703;0.47559040784835815;0.4684576392173767;0.465623676776886;0.45640289783477783;0.4554317593574524
2,31,168,74317566,1.0,94196;34348;39798;93123;34337;46104;42435;19089;34263;38848,0.718665599822998;0.7014663219451904;0.696097195148468;0.6315515041351318;0.6235278248786926;0.6231018304824829;0.6177791953086853;0.6076462268829346;0.5869048833847046;0.5825721025466919
2,32,496,80802353,1.0,18028;18010;60273;55128;46747;79748;79523;58049;79606;23185,0.5433139204978943;0.5331945419311523;0.5242727994918823;0.5117485523223877;0.5063756108283997;0.5023149251937866;0.49531495571136475;0.49081742763519287;0.4878731966018677;0.48684728145599365
2,33,314,75215465,1.0,99918;97721;98637;97783;97865;97823;99429;98624;97459;97991,0.8444118499755859;0.709821343421936;0.6864258050918579;0.6617082357406616;0.6393285393714905;0.6391643285751343;0.6303309202194214;0.6020095944404602;0.5893793702125549;0.5854014158248901
2,34,190,74053939,1.0,98397;96976;97694;98450;52082;69663;98222;92344;98370;96588,0.6818365454673767;0.6782965064048767;0.6571502685546875;0.6562014222145081;0.6297789812088013;0.548040509223938;0.5410885810852051;0.5235929489135742;0.51796954870224;0.5177295207977295
2,35,246,75254785,1.0,92449;38042;22486;98311;85370;54632;51536;41251;20311;91208,0.5198147892951965;0.49112915992736816;0.44158607721328735;0.41884469985961914;0.38226211071014404;0.3817535638809204;0.3776959776878357;0.37748074531555176;0.3727644085884094;0.3708730936050415
2,36,448,74326855,1.0,99037;97214;97152;97189;97280;97056;99375;96982;98244;96985,0.6494114995002747;0.6304743885993958;0.604193389415741;0.5943890810012817;0.5885324478149414;0.5849055051803589;0.5827445983886719;0.5774177312850952;0.5712389945983887;0.5682108998298645
2,37,257,74006429,1.0,99970;99876;47276;40810;44884;46948;46020;44954;45158;44796,0.8408121466636658;0.8114779591560364;0.7113761901855469;0.6867238283157349;0.6788978576660156;0.6668468713760376;0.6599851846694946;0.6553855538368225;0.6530540585517883;0.6519969701766968
2,38,436,75539672,0.9,87934;97112;96218;74765;16718;78939;72797;91254;42931;97185,0.4349680542945862;0.4216815233230591;0.39415276050567627;0.3503687381744385;0.3486710786819458;0.3468672037124634;0.34361732006073;0.3386649489402771;0.3372589945793152;0.3333871364593506
2,39,40,74209197,1.0,56388;57410;57977;20819;20756;20804;20772;57296;30390;57473,0.7937664985656738;0.7261576652526855;0.7098774313926697;0.6776556968688965;0.6765139102935791;0.6758931875228882;0.6645736694335938;0.654498279094696;0.6329687833786011;0.6328831911087036
2,40,161,73065500,1.0,50275;95193;7818;7363;8507;7434;7335;7360;7410;8245,0.7335561513900757;0.716101884841919;0.650092601776123;0.6058757305145264;0.6040089726448059;0.5878651738166809;0.5873022079467773;0.5859401226043701;0.5858391523361206;0.5817415714263916
2,41,56,74161927,1.0,93837;60699;60592;60380;60424;63874;99902;58153;62662;62760,0.7950184941291809;0.7868272066116333;0.7756757736206055;0.7751752138137817;0.7610673904418945;0.730959415435791;0.7201275825500488;0.7196502685546875;0.7082216143608093;0.7039035558700562
2,42,140,74620093,1.0,99792;99775;86640;86636;86772;99644;99652;99546;99483;99620,0.8325451612472534;0.8198534846305847;0.815443754196167;0.8152627944946289;0.8120278716087341;0.8109853267669678;0.8008466958999634;0.7955585718154907;0.7912591695785522;0.7875199317932129
2,43,225,75240115,1.0,38980;37498;45395;45443;52498;45565;14489;37451;48948;76201,0.5215376615524292;0.46027857065200806;0.4328594207763672;0.43267929553985596;0.43051284551620483;0.42921435832977295;0.42326050996780396;0.418399453163147;0.4101836681365967;0.40904152393341064
2,44,96,77006636,1.0,12425;12131;10842;49337;11937;14843;49754;48930;14895;14231,0.5473697185516357;0.5411989688873291;0.5157201290130615;0.5121591091156006;0.512028157711029;0.5020649433135986;0.4906931519508362;0.48879873752593994;0.4855203628540039;0.4822448492050171
2,45,388,77080895,1.0,2114;82941;61730;19161;34910;83901;40170;88662;82932;51862,0.5319677591323853;0.5000447034835815;0.4995343089103699;0.4969087243080139;0.49415600299835205;0.49332523345947266;0.4912869334220886;0.4870034456253052;0.48472845554351807;0.4827871322631836
2,46,342,73093870,1.0,85479;84796;66767;20005;85703;66842;67096;66887;20682;68437,0.5907751321792603;0.5572481751441956;0.5548691153526306;0.5436141490936279;0.5396853685379028;0.5358808040618896;0.5223444104194641;0.5206421613693237;0.5187557935714722;0.5095577239990234
2,47,114,73789952,1.0,21653;60546;57344;92937;28196;22120;29153;57903;16684;73418,0.5764447450637817;0.4977392554283142;0.48641252517700195;0.47852855920791626;0.477109432220459;0.4770587086677551;0.4729998707771301;0.46527111530303955;0.4635751247406006;0.4594190716743469
2,48,30,74451435,1.0,97871;98272;98254;97876;83446;13347;27197;855;99613;82800,0.45880550146102905;0.4421735405921936;0.3868897557258606;0.377763032913208;0.349737286567688;0.34785932302474976;0.3367643356323242;0.3284562826156616;0.3271430730819702;0.3271424174308777
2,49,152,73933470,1.0,94196;93123;34348;32929;64117;41580;43221;97650;39798;19089,0.716248095035553;0.6906212568283081;0.6857292056083679;0.678033173084259;0.672369122505188;0.6717813014984131;0.6708496809005737;0.6663669347763062;0.6648056507110596;0.6647226214408875
2,50,50,75487922,1.0,84120;75648;67166;64608;66322;61809;23247;29758;99713;96555,0.3937333822250366;0.36439865827560425;0.353091835975647;0.3510584235191345;0.3464508652687073;0.33794957399368286;0.32838743925094604;0.3276258111000061;0.32476288080215454;0.3237578868865967
2,51,488,74626282,1.0,45565;37451;42445;45621;65293;91416;42461;93765;91443;83450,0.49321436882019043;0.4752846956253052;0.4734506607055664;0.4713866710662842;0.4565173387527466;0.4554100036621094;0.45063257217407227;0.44798529148101807;0.44298267364501953;0.4410324692726135
2,52,1,74589583,1.0,83081;99552;4920;99169;99020;99564;99749;79969;83018;52919,0.6774842143058777;0.6637164950370789;0.6411682367324829;0.6362151503562927;0.6325393915176392;0.6092123985290527;0.607930064201355;0.6057844161987305;0.5835710763931274;0.5638439655303955
2,53,284,74783441,1.0,67564;43826;64841;5269;66750;34008;93122;64480;68682;93185,0.5539474487304688;0.47030651569366455;0.46337002515792847;0.45774728059768677;0.4477957487106323;0.4411613941192627;0.44058775901794434;0.4370371699333191;0.43299973011016846;0.43190842866897583
2,54,444,74257237,1.0,99242;91617;99303;91356;73988;84654;91463;91290;85129;84366,0.6453249454498291;0.5915403366088867;0.5874800086021423;0.5779640078544617;0.5763830542564392;0.5679939389228821;0.5671303272247314;0.5669851303100586;0.5615411996841431;0.5602414011955261
2,55,498,74287936,1.0,83742;83439;74696;64222;25050;80121;30556;59626;77432;47648,0.6836283206939697;0.6761192083358765;0.5648945569992065;0.4723031520843506;0.4711528420448303;0.4652476906776428;0.46210265159606934;0.4557458162307739;0.452128529548645;0.44963347911834717
2,56,248,73011700,1.0,51340;96899;58326;51502;77556;82789;58299;22318;58936;50946,0.7315346002578735;0.6954047679901123;0.6841007471084595;0.6837639808654785;0.6742265820503235;0.6606509685516357;0.6582072377204895;0.6515928506851196;0.6509557962417603;0.6493964791297913
2,57,129,74648002,1.0,35529;35521;16540;17242;48961;70070;15772;10698;48835;26250,0.5037503242492676;0.499541699886322;0.46357232332229614;0.451480507850647;0.422898530960083;0.42256367206573486;0.41964489221572876;0.3924342393875122;0.38169050216674805;0.37643712759017944
2,58,214,73870130,1.0,72753;63377;63365;84633;62868;62874;63854;75480;61482;63478,0.7658637762069702;0.726143479347229;0.7159410715103149;0.6198562383651733;0.5842726230621338;0.573753833770752;0.5678792595863342;0.5650039911270142;0.5460119843482971;0.5385099649429321
2,59,293,74863039,1.0,27165;19917;36437;68983;63939;36041;26032;91317;63822;93701,0.5427874326705933;0.5388208627700806;0.5264765024185181;0.5132055282592773;0.5130360126495361;0.5005747079849243;0.49890267848968506;0.4979894161224365;0.49562472105026245;0.49516475200653076
2,60,8,73263187,1.0,65819;66428;13540;65895;13447;34510;80765;13110;5287;9266,0.7278066873550415;0.6851184368133545;0.6797768473625183;0.6768525242805481;0.6594944596290588;0.6592659950256348;0.6568453311920166;0.6506698131561279;0.6381016969680786;0.6381016373634338
2,61,78,74580993,1.0,1265;79824;85440;15581;77629;22050;75176;79585;77784;77733,0.5561974048614502;0.5285575985908508;0.48419898748397827;0.47766363620758057;0.45661914348602295;0.4559366703033447;0.4389539957046509;0.4345594644546509;0.4307239055633545;0.4262138605117798
2,62,196,74982739,1.0,90146;30504;38131;1268;87246;724;32269;11506;96069;46929,0.6139735579490662;0.5920168161392212;0.551270604133606;0.541100263595581;0.5307677984237671;0.5232630968093872;0.5126784443855286;0.5111426115036011;0.5087533593177795;0.508592426776886
2,63,460,75533662,1.0,73164;77727;73781;33744;31110;32211;40497;59439;68978;37488,0.4924442172050476;0.469319224357605;0.4610852599143982;0.4587063193321228;0.4539682865142822;0.4463130235671997;0.43261194229125977;0.427803099155426;0.42696791887283325;0.42541998624801636
2,64,472,72930762,1.0,4488;4194;10901;10654;15307;90555;10632;10535;10658;10663,0.7260374426841736;0.5739576816558838;0.5665780305862427;0.5518425703048706;0.5211236476898193;0.5058801770210266;0.5042043328285217;0.5032607316970825;0.5026718378067017;0.4957371950149536
2,65,350,74573793,1.0,89008;88989;89016;30987;30869;77130;30884;11964;77131;12013,0.711007297039032;0.7008544206619263;0.6626551747322083;0.5881301760673523;0.5879272818565369;0.5829125642776489;0.5803465843200684;0.5746273994445801;0.5687681436538696;0.5638312101364136
2,66,51,75034537,1.0,98780;99114;99168;98278;99903;99578;99349;98600;98869;99726,0.7232977747917175;0.6960587501525879;0.6795117855072021;0.6782417893409729;0.6481384038925171;0.6470356583595276;0.6183055639266968;0.5121101140975952;0.4721904993057251;0.461608350276947
2,67,163,74289816,1.0,91741;91717;95228;90480;90835;92855;95490;72947;88016;91793,0.5845902562141418;0.5568395256996155;0.5420414805412292;0.534186840057373;0.5322756767272949;0.5293163657188416;0.521027147769928;0.5206958055496216;0.5117897987365723;0.5111141204833984
2,68,208,74338436,1.0,56774;61196;68463;35429;76327;31737;35403;47144;60909;70435,0.6656054854393005;0.64537513256073;0.6221066117286682;0.6191954612731934;0.5999462604522705;0.5933188199996948;0.5894198417663574;0.583938717842102;0.5819701552391052;0.5812722444534302
2,69,82,74850500,1.0,98359;97545;62937;98183;9484;11639;97738;98330;97999;97853,0.7132462859153748;0.6611827611923218;0.6563371419906616;0.6496903896331787;0.6494542956352234;0.640620231628418;0.6331571340560913;0.6319258809089661;0.6291216015815735;0.6220677495002747
2,70,6,72817982,1.0,30545;30667;30385;30297;43517;46303;31740;30638;99916;23155,0.7703675627708435;0.769213080406189;0.7660353183746338;0.7540284395217896;0.7459182143211365;0.7302759885787964;0.7238612174987793;0.7178562879562378;0.7129713892936707;0.7076305150985718
2,71,372,74913659,1.0,9765;26583;82014;18162;93779;38370;59348;31145;73502;57342,0.5528133511543274;0.5231462717056274;0.5137042999267578;0.48147135972976685;0.4759175181388855;0.4736543297767639;0.4728432893753052;0.4720621109008789;0.47028446197509766;0.4642663598060608
2,72,61,73100099,1.0,58936;50946;58326;58420;96251;31826;96705;60246;29670;96485,0.6714303493499756;0.6700440645217896;0.6582902669906616;0.6418931484222412;0.6330870389938354;0.6287158727645874;0.6211196184158325;0.6204245686531067;0.6196445226669312;0.6173962354660034
2,73,249,73945370,1.0,98700;98636;95389;98182;98062;97834;98823;97895;94090;95910,0.6783609390258789;0.6706986427307129;0.6530905961990356;0.6333112120628357;0.6268847584724426;0.6266458034515381;0.6212934255599976;0.61905837059021;0.6162497997283936;0.6125471591949463
2,74,382,74142118,1.0,99970;99876;44884;46020;46022;47276;43881;40810;44954;44898,0.7545392513275146;0.7477949857711792;0.6626380085945129;0.6531791687011719;0.6498481631278992;0.6457031965255737;0.6439026594161987;0.6430424451828003;0.6334455013275146;0.6214339137077332
2,75,221,75457393,1.0,74676;3329;17197;74612;74539;87994;2560;3428;70024;89112,0.7004711031913757;0.6700724363327026;0.6603399515151978;0.6567419767379761;0.6548139452934265;0.654082715511322;0.653677761554718;0.6534847021102905;0.6510321497917175;0.6424258947372437
2,76,452,74223726,1.0,64452;11934;36722;22864;61489;23307;12272;74567;33340;19599,0.5415186882019043;0.5375920534133911;0.5154575109481812;0.5129881501197815;0.5129867792129517;0.5090004205703735;0.5056103467941284;0.4990309476852417;0.49591732025146484;0.49588966369628906
2,77,100,74535293,1.0,28959;81417;29082;43602;80901;81183;65441;81141;41998;14062,0.7161942720413208;0.7082710266113281;0.6395391821861267;0.6142758131027222;0.6025639772415161;0.6002793312072754;0.59046471118927;0.5842908620834351;0.5800249576568604;0.5788083672523499
2,78,198,72548476,1.0,19099;23196;39379;15405;51420;18220;31360;45762;47025;84653,0.562830924987793;0.5438501238822937;0.5306019186973572;0.5303885340690613;0.5244060754776001;0.5238418579101562;0.5198591351509094;0.5157216191291809;0.5153591632843018;0.5151621103286743
2,79,193,74627182,1.0,22558;68486;87185;66491;81409;2405;60077;32916;99135;99292,0.49459588527679443;0.49293482303619385;0.482366144657135;0.4795968532562256;0.47936367988586426;0.47921013832092285;0.4712425470352173;0.4703702926635742;0.46999257802963257;0.46315544843673706
2,80,418,74764741,1.0,99988;99842;73396;74316;55063;66332;72013;65992;66292;72446,0.7258673906326294;0.6991321444511414;0.6725696921348572;0.6705123782157898;0.6665042042732239;0.6488077640533447;0.6451289653778076;0.6373541951179504;0.6364685893058777;0.6340524554252625
2,81,243,75291454,1.0,91031;64904;80197;26512;35016;10607;81323;56162;46341;55214,0.5753656625747681;0.5467307567596436;0.5219582319259644;0.4847567677497864;0.4804328680038452;0.4800644516944885;0.47506916522979736;0.47346675395965576;0.46128320693969727;0.45887184143066406
2,82,429,74158797,1.0,95847;95349;97744;20423;96090;81528;99580;74719;99472;82408,0.6152381896972656;0.5795953273773193;0.5465689897537231;0.5452695488929749;0.5393397808074951;0.5344365835189819;0.5297310948371887;0.5270472764968872;0.5258568525314331;0.524620532989502
2,83,301,74221197,1.0,31216;8749;15747;23799;79911;53889;14736;9162;14822;15027,0.6902936697006226;0.6563612222671509;0.653069794178009;0.6442197561264038;0.6209969520568848;0.6199847459793091;0.6101579070091248;0.5964359045028687;0.5905295610427856;0.5788472890853882
2,84,185,74453864,1.0,90973;20867;19907;70138;70536;93465;80322;70534;6445;9301,0.5013600587844849;0.4394131898880005;0.42919105291366577;0.41999924182891846;0.417415976524353;0.4053158164024353;0.3931129574775696;0.3881070613861084;0.3879420757293701;0.37955814599990845
2,85,160,75571391,1.0,86435;97428;57608;14042;97434;97456;2384;1016;1114;14045,0.6043902635574341;0.5939333438873291;0.5858057737350464;0.5838907957077026;0.57760089635849;0.5706992149353027;0.5578798651695251;0.5478501915931702;0.5446054935455322;0.5418901443481445
2,86,0,74533553,1.0,57290;57805;51132;56547;58126;49779;56616;56530;98653;50481,0.4850430488586426;0.47703856229782104;0.46925389766693115;0.4628117084503174;0.4591856002807617;0.4556238055229187;0.45283079147338867;0.45077574253082275;0.447323203086853;0.4468556046485901
2,87,87,75130066,1.0,16077;62117;18393;16253;3758;99780;50258;54141;59056;76862,0.7660738229751587;0.7642896175384521;0.7574523687362671;0.7572424411773682;0.7502950429916382;0.7444462180137634;0.7387628555297852;0.727120041847229;0.7204434871673584;0.6849058866500854
2,88,230,74266146,1.0,36910;53274;25586;85654;14664;53813;36948;11847;17615;84565,0.5047330856323242;0.5026676654815674;0.49954354763031006;0.4950110912322998;0.4818583130836487;0.47416090965270996;0.4695994257926941;0.4672688841819763;0.46666836738586426;0.46111851930618286
2,89,164,73963119,1.0,28948;28833;34620;41097;28094;6217;8683;33383;33610;98755,0.5315238833427429;0.5291104316711426;0.4784509539604187;0.46773695945739746;0.46438759565353394;0.46431493759155273;0.46028411388397217;0.45931506156921387;0.45618677139282227;0.4504495859146118
2,90,64,74355415,1.0,9717;9791;22477;11123;12523;12465;9751;12476;80544;44995,0.9059544801712036;0.8173891305923462;0.7727552652359009;0.770879864692688;0.7648164629936218;0.7627756595611572;0.756147563457489;0.7366954684257507;0.6919394731521606;0.6821223497390747
2,91,274,74418294,1.0,7555;2699;75256;1918;83038;76680;76189;77938;75097;80970,0.6911094188690186;0.6357671022415161;0.6352032423019409;0.6325645446777344;0.625099778175354;0.6217328310012817;0.621574342250824;0.6198124885559082;0.6181782484054565;0.6067441701889038
2,92,340,73196378,1.0,99517;93690;93234;95366;95809;94002;94076;93023;94310;95329,0.5990099906921387;0.5722461342811584;0.5536203980445862;0.547887921333313;0.5469932556152344;0.5445057153701782;0.5399054288864136;0.5356086492538452;0.5303001403808594;0.5298406481742859
2,93,120,74432785,1.0,99665;98810;98984;99886;98694;99246;99814;99087;63595;64852,0.7383062839508057;0.7070943713188171;0.6780575513839722;0.6619174480438232;0.623136043548584;0.6164357662200928;0.600128173828125;0.5711449384689331;0.5530188083648682;0.5434240698814392
2,94,68,74783350,1.0,96005;95649;42646;97711;42791;99433;35449;51722;35524;98561,0.5044288635253906;0.4746180772781372;0.46637117862701416;0.46394336223602295;0.45500844717025757;0.44726765155792236;0.4374944567680359;0.437009334564209;0.4315941333770752;0.43106263875961304
2,95,126,74952569,1.0,35529;35521;16540;48961;17242;48835;15772;95622;70070;26250,0.509161651134491;0.503683865070343;0.4676780700683594;0.4634387493133545;0.4535598158836365;0.4266856908798218;0.4245487451553345;0.4044657349586487;0.3896770477294922;0.38108813762664795
2,96,480,72232669,1.0,99880;199;24407;36449;8615;10341;11764;30809;12134;61262,0.7440508008003235;0.5440806150436401;0.4904935359954834;0.4711897373199463;0.4691697359085083;0.4660070538520813;0.4652089476585388;0.4528236389160156;0.45146942138671875;0.44610297679901123
2,97,124,74878109,1.0,75097;76680;48324;99885;7555;200;46586;28430;99153;91243,0.6755871176719666;0.6741093993186951;0.6655161380767822;0.64219731092453;0.637366771697998;0.6353228092193604;0.6084004640579224;0.6044127941131592;0.5926819443702698;0.5897693634033203
2,98,220,74031069,1.0,86889;67634;67428;37049;67719;67334;67317;86906;10745;81399,0.8565598726272583;0.8177153468132019;0.814055323600769;0.8071869015693665;0.7886378765106201;0.7866361737251282;0.7828567624092102;0.7762953042984009;0.7737926244735718;0.7665441036224365
2,99,117,74746411,1.0,89103;91480;63529;71210;63006;84532;83276;64750;69307;64687,0.7250745296478271;0.7051524519920349;0.6635727882385254;0.65416419506073;0.6502255201339722;0.642859935760498;0.6327258944511414;0.6316691040992737;0.6201610565185547;0.6191306710243225
2,100,412,74514253,1.0,85479;85703;84796;85329;11875;68331;36586;66342;97091;68904,0.6696407794952393;0.5765087604522705;0.560910165309906;0.5290564894676208;0.48336291313171387;0.4807647466659546;0.4765864610671997;0.4515482187271118;0.4487304091453552;0.4357423782348633
2,101,338,72842282,1.0,74796;74648;72229;74749;71526;71527;71723;71810;41038;71701,0.7984277009963989;0.7811484336853027;0.7796996235847473;0.7767302393913269;0.7509755492210388;0.7436333894729614;0.7147005796432495;0.7143427729606628;0.7112953662872314;0.7089158296585083
2,102,450,74153497,1.0,53467;32745;53488;3143;79622;31655;46723;30593;95994;1719,0.5528917908668518;0.5360524654388428;0.5357540845870972;0.5126616954803467;0.5082399845123291;0.504540205001831;0.49962717294692993;0.4986652135848999;0.4950982928276062;0.4908817410469055
2,103,419,75122086,1.0,4934;15439;5047;21652;26607;4289;72726;98633;21719;96414,0.42122578620910645;0.4099218249320984;0.4000208377838135;0.3954411745071411;0.3947599530220032;0.39470934867858887;0.3903472423553467;0.3898923993110657;0.3868873119354248;0.38563698530197144
2,104,212,72341979,1.0,99845;45509;99684;4094;93512;85466;67653;91213;5733;48474,0.8381650447845459;0.6615133881568909;0.5889900922775269;0.546626091003418;0.5464327335357666;0.5407524108886719;0.5406357049942017;0.5402809381484985;0.5369613766670227;0.532679557800293
2,105,485,74420404,1.0,99830;99654;83911;80691;24295;24166;80455;80500;80630;79618,0.9248822927474976;0.6597681641578674;0.6458799242973328;0.6157220602035522;0.6003376245498657;0.5966317057609558;0.5894936323165894;0.5726552605628967;0.569198489189148;0.5610383749008179
2,106,165,74359855,1.0,33257;91312;88353;6010;33578;22359;10718;12776;78300;6285,0.48982352018356323;0.4760453701019287;0.46802639961242676;0.46057724952697754;0.44842982292175293;0.4448329210281372;0.43863391876220703;0.434842050075531;0.42856645584106445;0.4279903173446655
2,107,290,74732601,1.0,99918;99429;98938;97865;97823;98637;97721;60455;97783;51351,0.7837139368057251;0.7729821801185608;0.6669756770133972;0.6597455143928528;0.644072413444519;0.6226579546928406;0.6142980456352234;0.6119369864463806;0.607611358165741;0.5473834276199341
2,108,192,73129819,1.0,99487;58849;58914;98292;63913;97427;58690;13162;91412;137,0.8538390398025513;0.5630443096160889;0.5626325607299805;0.5586535930633545;0.5430494546890259;0.5376414060592651;0.5347542762756348;0.5257381200790405;0.5122615098953247;0.5042484998703003
2,109,332,74400325,1.0,82580;19869;79614;65496;38721;51298;78408;39370;83184;40282,0.592475950717926;0.4894198775291443;0.4588574171066284;0.45309388637542725;0.4505787491798401;0.44663357734680176;0.4405938982963562;0.4280552268028259;0.42403721809387207;0.4230703115463257
2,110,297,72097470,1.0,99775;99644;99636;84609;99652;99620;99792;99996;99546;99483,0.7761743068695068;0.7732846736907959;0.757016658782959;0.7540761232376099;0.7532449960708618;0.7515434622764587;0.7512049674987793;0.7432196140289307;0.7393400073051453;0.7392090559005737
2,111,456,72609355,1.0,83742;83439;74696;25050;30556;80121;59626;77432;67942;64222,0.6958748698234558;0.6821649074554443;0.5753229856491089;0.47983670234680176;0.47918909788131714;0.4762392044067383;0.4742705821990967;0.47392940521240234;0.4710872769355774;0.4703625440597534
2,112,178,74291455,1.0,91480;38240;71210;69307;84532;82011;64750;89103;63917;63006,0.6341134309768677;0.6210193037986755;0.6101961135864258;0.6048046350479126;0.600871741771698;0.5927454829216003;0.5921899080276489;0.5908052921295166;0.5887933373451233;0.5883890986442566
2,113,259,72615605,1.0,38296;38911;38290;38439;80567;38292;39070;49871;38341;74416,0.7728402018547058;0.7508741617202759;0.7201220989227295;0.7186707258224487;0.7134592533111572;0.7115092277526855;0.7086825370788574;0.6943037509918213;0.6749887466430664;0.6749682426452637
2,114,107,73654553,1.0,99956;99394;99421;99133;98958;99893;99207;99156;17761;98955,0.903887152671814;0.8544608354568481;0.8392881751060486;0.7537537813186646;0.7407889366149902;0.739230215549469;0.6710004806518555;0.6472958922386169;0.6440759897232056;0.6343144178390503
2,115,232,74324375,1.0,99575;92879;93234;93023;94310;99533;95261;92780;93888;95366,0.8151878118515015;0.8098260164260864;0.8016477823257446;0.7910944223403931;0.7872453331947327;0.7843904495239258;0.7814280390739441;0.7695907950401306;0.7639188170433044;0.7498382329940796
2,116,414,72605885,1.0,63596;32607;48466;40038;62512;62914;29845;85242;32702;32680,0.7580751776695251;0.7192676067352295;0.6992702484130859;0.6763119101524353;0.6743818521499634;0.6717298030853271;0.6715325713157654;0.6681966781616211;0.6640299558639526;0.6600937843322754
2,117,374,73933681,1.0,99970;99876;44884;47276;45524;43881;46022;46020;45158;46717,0.7271486520767212;0.7222913503646851;0.6121379733085632;0.5911557078361511;0.5866676568984985;0.5629298090934753;0.5562540888786316;0.5531982779502869;0.5395230054855347;0.5385764241218567
2,118,428,72379728,1.0,68904;51663;51362;51271;51024;51279;5321;54952;10262;10276,0.7658798694610596;0.7552304267883301;0.7494082450866699;0.7472182512283325;0.7454591989517212;0.7443259358406067;0.7240662574768066;0.7097407579421997;0.6987048387527466;0.6982864737510681
2,119,291,73088219,1.0,94512;43021;57303;41321;69992;70642;16689;58246;54788;41290,0.6893092393875122;0.4862537384033203;0.4815179705619812;0.45544010400772095;0.448999285697937;0.44467079639434814;0.43917423486709595;0.4313313364982605;0.42883777618408203;0.4274381399154663
2,120,325,73439705,1.0,99294;98109;97361;97483;95877;90579;97916;80482;97174;89253,0.7266169786453247;0.6479055285453796;0.6295165419578552;0.6203601956367493;0.6043102741241455;0.6034560799598694;0.5763070583343506;0.5733864307403564;0.5708273649215698;0.5697598457336426
2,121,341,74614282,1.0,73670;24644;28988;4518;33719;73671;64277;76975;97856;81341,0.5272326469421387;0.507982075214386;0.5065425634384155;0.5037229061126709;0.5015235543251038;0.4991391897201538;0.49746012687683105;0.49609375;0.49537336826324463;0.49348461627960205
2,122,98,73556764,1.0,99824;63967;63880;63875;99245;36755;71032;37402;21769;99881,0.7291542291641235;0.6413541436195374;0.6284260749816895;0.6229829788208008;0.6150176525115967;0.6045563220977783;0.6042582988739014;0.593262791633606;0.5891266465187073;0.5871161818504333
2,123,282,74075838,1.0,99709;99799;99782;96558;34909;85597;54194;80124;54162;635,0.9471267461776733;0.8812922239303589;0.8012902736663818;0.779586911201477;0.6308038830757141;0.602473795413971;0.5979026556015015;0.5854934453964233;0.5826175212860107;0.5693057775497437
2,124,483,74970328,1.0,70;99890;37386;77522;37415;42184;9866;73715;65538;41897,0.5803791284561157;0.5620744228363037;0.5427205562591553;0.5418297052383423;0.5333579778671265;0.5323828458786011;0.5290589332580566;0.5210221409797668;0.5203679800033569;0.5036304593086243
2,125,210,72042452,1.0,32003;31740;31663;43517;30385;22930;22300;22336;22897;38174,0.8446074724197388;0.8441404104232788;0.8374819755554199;0.8117923736572266;0.7965021133422852;0.7962629795074463;0.7904083728790283;0.7871461510658264;0.7860804796218872;0.7854128479957581
2,126,109,74025629,1.0,99020;99552;99169;83230;83081;83089;99749;82913;70461;87857,0.6792927980422974;0.6752400994300842;0.6435683965682983;0.6073537468910217;0.6026393175125122;0.5821637511253357;0.5810350179672241;0.5721136927604675;0.5438282489776611;0.5431860685348511
2,127,396,75121736,1.0,72002;12673;98545;5793;5904;93573;7276;12764;5778;92702,0.5322440266609192;0.4967736005783081;0.4854480028152466;0.48388785123825073;0.4720720648765564;0.47069406509399414;0.4697198271751404;0.4684944152832031;0.46338891983032227;0.4578542709350586
2,128,36,73862160,1.0,92573;86983;92073;92027;85320;69380;63189;92231;91890;91999,0.7279102206230164;0.7203258275985718;0.7150691747665405;0.6949522495269775;0.6933743357658386;0.6920105814933777;0.6800345182418823;0.6796524524688721;0.679594874382019;0.6793258786201477
2,129,401,74033989,1.0,99882;99402;77141;89411;34306;4704;33479;33933;33493;33563,0.875739574432373;0.7386466264724731;0.6365025043487549;0.6308929920196533;0.6247483491897583;0.6228023171424866;0.6221086978912354;0.6208874583244324;0.6170989274978638;0.6114238500595093
2,130,108,73629843,1.0,99726;99349;98278;98780;99578;99168;99903;99114;99706;98600,0.7137902975082397;0.6182044148445129;0.614069938659668;0.5533597469329834;0.5459306836128235;0.5249836444854736;0.5113446116447449;0.5074386596679688;0.4762536287307739;0.4621783494949341
2,131,367,74387754,1.0,99913;89236;19196;88220;80391;89632;84467;86383;81260;84844,0.8415578603744507;0.7100028991699219;0.6792179942131042;0.6748802661895752;0.6688171029090881;0.664120078086853;0.617661714553833;0.6131095290184021;0.6116684675216675;0.6041146516799927
2,132,146,75727459,1.0,62874;62868;63478;91143;84565;63902;38206;84633;63365;29162,0.6462805271148682;0.6420088410377502;0.6416254043579102;0.6344588398933411;0.6058594584465027;0.595306396484375;0.5528568625450134;0.538237452507019;0.5337671637535095;0.5151987075805664
2,133,440,75016838,1.0,94217;94773;93854;97845;94910;94011;93732;97635;94527;93614,0.6330771446228027;0.6179684400558472;0.6147165298461914;0.5766686201095581;0.5499966144561768;0.5494101047515869;0.5467600226402283;0.5441285371780396;0.541914165019989;0.5381247997283936
2,134,60,71979602,1.0,88027;88628;98519;89332;90758;91501;89784;93090;87927;88461,0.8077578544616699;0.7931016087532043;0.7656222581863403;0.7376744747161865;0.7289825081825256;0.7273427248001099;0.7219517827033997;0.7149394750595093;0.7146817445755005;0.7074097394943237
2,135,158,73484875,1.0,99946;95325;99932;96278;95065;99472;99465;95349;95769;96090,0.8531219959259033;0.8099645376205444;0.7906167507171631;0.788841187953949;0.775395929813385;0.7748904228210449;0.7647392749786377;0.7571049928665161;0.7533602714538574;0.7207437753677368
2,136,422,73409346,1.0,67144;99874;53637;7750;58563;4826;45455;79129;4666;83312,0.6521052122116089;0.6375057697296143;0.6168903112411499;0.5976210832595825;0.5920504331588745;0.5909634828567505;0.5862706899642944;0.581668496131897;0.5804987549781799;0.5754329562187195
2,137,272,74224796,1.0,99994;97510;49754;96685;70138;49240;38670;48930;28430;49337,0.7842584848403931;0.44584566354751587;0.35435038805007935;0.3538343906402588;0.3514401912689209;0.34908968210220337;0.3458336591720581;0.3418668508529663;0.33831465244293213;0.3375859260559082
2,138,326,72592975,1.0,88989;89008;89016;30869;77131;77130;30987;12013;73031;30884,0.7681971192359924;0.7385436296463013;0.7049278020858765;0.6325746178627014;0.6230989694595337;0.6030483841896057;0.586674690246582;0.5812627077102661;0.5764837265014648;0.5734771490097046
2,139,144,74147258,1.0,40263;78699;74488;90990;40774;20231;15064;66119;14523;97705,0.4446139335632324;0.4282650947570801;0.4082155227661133;0.4020640254020691;0.3939536213874817;0.38870787620544434;0.3871411085128784;0.38451534509658813;0.38025546073913574;0.37886786460876465
2,140,172,70762196,1.0,8991;9285;75389;8846;72570;8832;72404;72592;72357;9503,0.7371707558631897;0.7017489075660706;0.669643759727478;0.6628125905990601;0.6452834606170654;0.6408368349075317;0.6404231786727905;0.6385906934738159;0.6373537182807922;0.635556697845459
2,141,309,73479206,1.0,5951;80697;45211;12479;56313;44311;71546;66106;66588;92390,0.41495662927627563;0.41368043422698975;0.4087867736816406;0.40027952194213867;0.3975193500518799;0.39012718200683594;0.3831620216369629;0.380859375;0.3804445266723633;0.37818580865859985
2,142,310,73599154,1.0,99872;99415;99412;99360;26307;89838;97263;24567;95739;24542,0.8368976712226868;0.8034705519676208;0.7878881692886353;0.7779176831245422;0.710151195526123;0.6616684198379517;0.647126317024231;0.6424816846847534;0.6413516998291016;0.6405590176582336
2,143,217,74510374,1.0,58084;58208;74514;15641;58057;58200;58319;77918;87011;83654,0.526070773601532;0.4854675531387329;0.4790492653846741;0.47108781337738037;0.4669024348258972;0.46367835998535156;0.4631246328353882;0.4547915458679199;0.44993841648101807;0.44720351696014404
2,144,376,74256286,0.9,4330;93882;94084;39539;58990;25212;94354;30284;82314;56609,0.4470057487487793;0.4276541471481323;0.4180905222892761;0.4123213291168213;0.36607325077056885;0.3654802441596985;0.36047226190567017;0.35851192474365234;0.3565518856048584;0.3523292541503906
2,145,184,75783140,1.0,99402;99882;33493;4704;33563;34159;34714;33941;34520;33595,0.7538039684295654;0.7458330392837524;0.7303314208984375;0.7116864919662476;0.7102167010307312;0.7099510431289673;0.7079594135284424;0.6894025802612305;0.6519496440887451;0.6450382471084595
2,146,33,73508804,1.0,90972;18047;64541;50765;60295;34406;51109;57834;20115;17168,0.4656698703765869;0.4289109706878662;0.4201204776763916;0.4116939306259155;0.4005809426307678;0.3987906575202942;0.3921605944633484;0.3813478946685791;0.37735414505004883;0.3770853281021118
2,147,311,73957310,1.0,99294;98109;98989;38515;19617;99771;92951;90579;85324;93769,0.7061004042625427;0.5389046669006348;0.504482090473175;0.48021161556243896;0.4775840640068054;0.472880482673645;0.46385490894317627;0.45973050594329834;0.45832210779190063;0.455233097076416
2,148,457,73509525,1.0,49138;84895;23753;32234;23187;61878;61715;50111;23303;84838,0.7674745321273804;0.756790041923523;0.7461017370223999;0.7456746101379395;0.7418196201324463;0.7372933626174927;0.7363584041595459;0.7297354936599731;0.7171806693077087;0.7169010639190674
2,149,494,74755250,1.0,65952;39223;41149;99089;41998;4404;99714;38212;79323;81341,0.5113451480865479;0.47892582416534424;0.46246910095214844;0.4385642409324646;0.43704116344451904;0.43448787927627563;0.42536741495132446;0.41348910331726074;0.4124743938446045;0.4117238521575928
2,150,353,73024800,1.0,99010;99896;33541;99035;30946;30940;33699;36779;41671;41641,0.7632628679275513;0.7303938865661621;0.730380117893219;0.7264408469200134;0.6850697994232178;0.657391369342804;0.6291191577911377;0.6236739754676819;0.5765789151191711;0.5719527006149292
2,151,265,73766362,1.0,32206;97686;33167;33273;32160;30546;34166;25044;72000;90720,0.7525839805603027;0.7479699850082397;0.7401324510574341;0.7258540391921997;0.7214420437812805;0.7205809354782104;0.7087460160255432;0.7043876647949219;0.7000350952148438;0.6964401006698608
2,152,118,74782770,1.0,99533;93234;92879;95261;99575;99604;92780;93023;94002;95366,0.8361697793006897;0.8048975467681885;0.7948154211044312;0.7934777736663818;0.7934179306030273;0.7704018950462341;0.7662174701690674;0.7375609874725342;0.725865364074707;0.7251380085945129
2,153,421,74073228,1.0,25290;93258;25173;98504;96860;66606;39751;58346;63169;63792,0.6321017742156982;0.6257897019386292;0.6218411326408386;0.6186423897743225;0.5990278124809265;0.577369213104248;0.5724462270736694;0.5606186389923096;0.5577948093414307;0.557055652141571
2,154,92,73833881,1.0,4920;15670;33720;62852;62730;69815;97716;18317;72122;78027,0.5042451620101929;0.47934865951538086;0.46438175439834595;0.4577317237854004;0.457566499710083;0.4456171989440918;0.4434725046157837;0.43762385845184326;0.43642181158065796;0.43640023469924927
2,155,215,74955418,1.0,99784;99658;99430;99359;99672;99453;99596;99381;99384;43141,0.6799679398536682;0.6706346273422241;0.6623539924621582;0.6579620838165283;0.655176043510437;0.6502680778503418;0.6415830254554749;0.6362528800964355;0.6349934339523315;0.6309391260147095
2,156,182,73374106,1.0,99881;96539;99824;98777;99157;98951;98986;96734;99372;98803,0.8502452969551086;0.7981237173080444;0.7947448492050171;0.7716716527938843;0.7537416219711304;0.7427431344985962;0.7338390350341797;0.7277852296829224;0.7071387767791748;0.6990517377853394
2,157,205,74654852,1.0,99910;99455;19089;41580;94664;93932;40404;94196;91826;43221,0.7816221117973328;0.7273940443992615;0.532573401927948;0.5267961621284485;0.5192945003509521;0.5153809785842896;0.4932304620742798;0.48615896701812744;0.4791412353515625;0.4738471508026123
2,158,443,74891749,1.0,10777;29963;99993;89937;56282;56247;54331;35449;87492;38493,0.7180715799331665;0.6106939315795898;0.4907337427139282;0.4758925437927246;0.4700990319252014;0.4653059244155884;0.46223658323287964;0.46081286668777466;0.4578742980957031;0.45248907804489136
2,159,296,74921399,1.0,81872;82030;80077;85910;92300;80609;83297;81650;80565;79882,0.7193847298622131;0.6494113802909851;0.6477900743484497;0.646409273147583;0.6358940601348877;0.6267185807228088;0.6260945200920105;0.6082383990287781;0.608161985874176;0.6010737419128418
2,160,206,73737572,1.0,93772;99872;26307;99415;99412;81724;32084;99360;88539;82152,0.5652316808700562;0.5175403356552124;0.5129319429397583;0.5057247281074524;0.5016412138938904;0.49576622247695923;0.49454188346862793;0.4908614754676819;0.4796726107597351;0.4787949323654175
2,161,197,73956109,1.0,83811;83777;84362;89731;87042;83896;84505;84708;83962;85339,0.7711278796195984;0.729731023311615;0.6727139949798584;0.6515347957611084;0.6337713003158569;0.627184271812439;0.6226917505264282;0.6212644577026367;0.6206645369529724;0.617200493812561
2,162,13,72288988,1.0,63881;64044;63884;71527;9294;93607;71810;71701;8969;71526,0.6322889924049377;0.6261568665504456;0.6210469007492065;0.5782037973403931;0.5766294598579407;0.5748789310455322;0.5701357126235962;0.5698511600494385;0.5694754123687744;0.5671570301055908
2,163,209,73718982,1.0,62290;61558;88859;89465;89940;97416;68507;47992;48099;48049,0.83647620677948;0.8231472373008728;0.7987411022186279;0.7930648922920227;0.7754219770431519;0.7714715600013733;0.762384295463562;0.7535430192947388;0.746610164642334;0.7390124797821045
2,164,145,76967085,1.0,98359;97795;11639;9484;97426;62913;62937;10624;10824;98330,0.8250409960746765;0.6850842237472534;0.6711267232894897;0.6603699326515198;0.6403001546859741;0.6278018951416016;0.6265304088592529;0.6095512509346008;0.6087430715560913;0.5922216176986694
2,165,89,72427137,1.0,99737;99791;30706;63402;30849;44817;79883;35728;48886;27050,0.9792916774749756;0.90867018699646;0.8828604221343994;0.8716813921928406;0.8712837100028992;0.8710521459579468;0.8677060008049011;0.8620087504386902;0.860031247138977;0.8541728854179382
2,166,183,73644534,1.0,99911;47613;95863;70582;20736;68228;16703;44960;104;79027,0.8352223634719849;0.636975884437561;0.5915940999984741;0.5693649649620056;0.5182830095291138;0.514013946056366;0.5104479789733887;0.5097195506095886;0.49604856967926025;0.49589014053344727
2,167,370,73349506,1.0,48808;21081;21727;58326;47226;51027;50946;51498;25466;25053,0.6529028415679932;0.6448514461517334;0.6373238563537598;0.6344997882843018;0.6340210437774658;0.6189962029457092;0.618090033531189;0.6168243288993835;0.6151615381240845;0.6138613820075989
2,168,294,71564957,1.0,38947;24266;18364;18308;20346;90727;18435;22833;17606;18882,0.7057012319564819;0.7019162178039551;0.6919947862625122;0.6895872354507446;0.6798152923583984;0.6789910793304443;0.6778989434242249;0.6771146059036255;0.6762516498565674;0.6741182804107666
2,169,438,74759941,1.0,12899;9392;15646;713;75369;1515;30748;941;931;929,0.5771322250366211;0.5712778568267822;0.5644016265869141;0.5579556226730347;0.5547667145729065;0.5465073585510254;0.5431972742080688;0.5390267968177795;0.537727952003479;0.5289410352706909
2,170,228,73180798,1.0,86889;67634;37049;67331;67286;67428;67334;81891;67719;86906,0.8222309350967407;0.7878584861755371;0.7836943864822388;0.7813898324966431;0.7779098749160767;0.7707401514053345;0.7614916563034058;0.7606030702590942;0.7572200298309326;0.7481777667999268
2,171,219,73936470,1.0,38439;38292;38289;38341;38296;74388;38429;74416;10224;74491,0.7894836664199829;0.7770373821258545;0.7004023790359497;0.6997861266136169;0.6797760725021362;0.6730912923812866;0.645362138748169;0.623738169670105;0.6226227283477783;0.6218259334564209
2,172,18,73100159,1.0,74976;74025;96789;73559;73383;74500;58076;74142;91376;73593,0.8031822443008423;0.7798741459846497;0.771885335445404;0.7681083679199219;0.7542785406112671;0.7474732398986816;0.747262716293335;0.7255481481552124;0.7249350547790527;0.7221855521202087
2,173,266,74356305,1.0,45006;46445;45457;44356;45504;44373;11805;89285;45488;45616,0.6370864510536194;0.6340328454971313;0.6236062049865723;0.6091797351837158;0.6063466668128967;0.6053025722503662;0.5804117918014526;0.5651452541351318;0.5642712116241455;0.5260898470878601
2,174,362,74728172,1.0,28430;48324;7555;200;99885;1918;76680;75097;2699;14357,0.5877343416213989;0.5860174894332886;0.5770598649978638;0.5644304752349854;0.561088502407074;0.5445212721824646;0.5385857820510864;0.5378592610359192;0.5370554327964783;0.5362951755523682
2,175,453,73499175,1.0,19078;18104;79352;6332;38364;79009;39217;43018;79223;38799,0.6406791806221008;0.6168085336685181;0.5966634750366211;0.5955682992935181;0.5943725109100342;0.5911897420883179;0.5843331813812256;0.5507920384407043;0.542352557182312;0.5376608371734619
2,176,492,73124469,1.0,63967;99245;99881;99824;63880;37548;63875;69619;37525;87171,0.7113398909568787;0.702775239944458;0.6930205821990967;0.6839152574539185;0.6835083961486816;0.6689696311950684;0.6637706160545349;0.6521848440170288;0.6501965522766113;0.6386459469795227
2,177,200,74535053,1.0,84479;77390;85564;65958;65166;87529;8902;97835;69174;52548,0.5326836705207825;0.470888614654541;0.46318918466567993;0.4587029218673706;0.43767815828323364;0.4358292818069458;0.4323471188545227;0.4301159381866455;0.4249032735824585;0.42241424322128296
2,178,32,73454175,1.0,99988;99842;42490;53498;42581;42572;53633;38924;72013;53671,0.9635693430900574;0.8804630041122437;0.6836193799972534;0.6724334955215454;0.6580028533935547;0.651894211769104;0.6511974334716797;0.6419292688369751;0.6411292552947998;0.6367672681808472
2,179,171,74855329,1.0,32087;36821;28735;60406;26702;32076;33215;27973;14866;25080,0.4846360683441162;0.4762656092643738;0.4734742045402527;0.47153955698013306;0.46807682514190674;0.46703672409057617;0.4650611877441406;0.458726704120636;0.45809870958328247;0.4518658518791199
2,180,458,73741962,1.0,12794;72544;12998;16209;23401;6997;42209;17492;1219;21323,0.5855868458747864;0.5788209438323975;0.5684772729873657;0.5627822875976562;0.5593247413635254;0.5515936613082886;0.5511001944541931;0.5466362833976746;0.5466302633285522;0.5383369326591492
2,181,386,74858470,1.0,96603;96084;92159;92050;91947;96256;85594;64982;93586;96472,0.8768789768218994;0.7975494861602783;0.789870023727417;0.7880051732063293;0.7655705213546753;0.7508578300476074;0.7475908994674683;0.7430800199508667;0.7365975379943848;0.7362082004547119
2,182,273,73866080,1.0,91177;2634;3296;2609;76624;1655;59233;80183;81817;84480,0.7598990201950073;0.5981278419494629;0.5457578897476196;0.48084938526153564;0.4802125096321106;0.4780750274658203;0.47267860174179077;0.4674414396286011;0.45774292945861816;0.4551280736923218
2,183,159,74083688,1.0,99971;69874;98639;69948;69759;70046;70336;99383;98632;96488,0.7538676261901855;0.70649254322052;0.6868891716003418;0.6827640533447266;0.6809269189834595;0.6694802045822144;0.6256712675094604;0.6255488991737366;0.602081298828125;0.5874401330947876
2,184,176,74511063,1.0,98717;38670;63524;63514;51282;51366;87875;74616;99994;44717,0.49315595626831055;0.4813648462295532;0.4549136757850647;0.4539748430252075;0.4477134346961975;0.4432997703552246;0.43875497579574585;0.43707627058029175;0.43227553367614746;0.43008530139923096
2,185,73,74044408,1.0,81865;81498;81062;81464;92767;81105;81533;4000;92671;81179,0.5706996917724609;0.5370266437530518;0.5355691909790039;0.5341145396232605;0.5327956676483154;0.5251493453979492;0.5231735706329346;0.5215820074081421;0.5198181867599487;0.5191286206245422
2,186,130,74476564,1.0,94173;82123;23205;23750;23372;25764;17854;99298;94193;38431,0.8038545250892639;0.5802575349807739;0.5553842782974243;0.5507926940917969;0.5309906005859375;0.5244917869567871;0.52219557762146;0.4916453957557678;0.4553796052932739;0.45331108570098877
2,187,151,73495935,1.0,98986;99434;98940;99372;98951;96734;99157;96539;96808;99403,0.9242568016052246;0.8943325877189636;0.8748290538787842;0.8706550598144531;0.8633314371109009;0.8484792113304138;0.821732223033905;0.7990927696228027;0.7881548404693604;0.7784494757652283
2,188,398,73596583,1.0,89008;88989;89016;77130;30869;77131;30987;30884;11964;61460,0.8127674460411072;0.7980900406837463;0.7397795915603638;0.7128185033798218;0.6935102939605713;0.6853163242340088;0.6833868026733398;0.678433895111084;0.6748853325843811;0.6659178137779236
2,189,194,73369666,1.0,99709;99799;99782;96558;99268;85597;85186;635;84653;34909,0.8751893043518066;0.8259163498878479;0.7374180555343628;0.7040711045265198;0.6672196388244629;0.6188534498214722;0.597917377948761;0.5968270301818848;0.5908077955245972;0.5875353813171387
2,190,102,73587534,1.0,99909;95325;99472;81403;99465;95349;96090;95065;95769;81743,0.7298744916915894;0.7074671983718872;0.6618701219558716;0.6524673700332642;0.6463152766227722;0.6316385269165039;0.6312892436981201;0.6300650835037231;0.6269813776016235;0.6258233785629272
2,191,247,74299676,1.0,98087;71373;99917;99708;93437;78967;97770;88540;13512;38940,0.7513057589530945;0.7056275010108948;0.650994062423706;0.6240220069885254;0.6237183809280396;0.6219710111618042;0.6181062459945679;0.6096101403236389;0.6086934804916382;0.6076181530952454
2,192,4,74359845,1.0,53908;91579;57744;20755;81835;92650;93091;18179;48191;42772,0.5753862857818604;0.5294069051742554;0.5178807973861694;0.49776017665863037;0.47105300426483154;0.45619428157806396;0.45349931716918945;0.4523022174835205;0.4510936737060547;0.4507572054862976
2,193,113,74122637,1.0,99970;99876;47276;44884;40810;44954;43881;46020;46948;44796,0.8123897314071655;0.791797935962677;0.6998010873794556;0.6963970065116882;0.6897814273834229;0.6628084778785706;0.6618533730506897;0.6582410335540771;0.6551167964935303;0.6524259448051453
2,194,5,74078658,1.0,83059;84126;83061;99536;84209;99680;88552;60968;97173;94748,0.803592324256897;0.7911999821662903;0.7542254328727722;0.7538000345230103;0.7484829425811768;0.7426307201385498;0.7374628782272339;0.7322202920913696;0.7258577942848206;0.7244389057159424
2,195,155,73870350,1.0,43517;30385;30297;31663;30667;30545;32003;31740;38174;22300,0.8130114078521729;0.8008723258972168;0.7982535362243652;0.7725818157196045;0.771413266658783;0.7631669640541077;0.757691502571106;0.7475043535232544;0.7264435887336731;0.7060230374336243
2,196,318,81929530,1.0,98770;13156;96447;48113;13791;99804;13092;90849;13793;99048,0.563524067401886;0.5412583351135254;0.5297170877456665;0.5140616297721863;0.5057762861251831;0.504355788230896;0.49508237838745117;0.4770418405532837;0.46611809730529785;0.46604275703430176
2,197,395,75082547,1.0,99242;91356;91290;91617;91463;99303;84527;84366;84457;84654,0.6671334505081177;0.6389318108558655;0.6132377982139587;0.6048165559768677;0.602078914642334;0.5917831063270569;0.5883007049560547;0.5835254192352295;0.5828885436058044;0.5662903189659119
2,198,238,73320457,1.0,99887;72711;96344;17008;97105;58658;97011;40681;32827;33091,0.8033714294433594;0.6316554546356201;0.6081571578979492;0.5905911922454834;0.5905225276947021;0.5848134756088257;0.5809149742126465;0.5737173557281494;0.572817862033844;0.5718526840209961
2,199,495,73815621,1.0,81374;45688;65465;80939;45719;75896;36304;65446;80792;66595,0.830204427242279;0.6481025218963623;0.6383480429649353;0.6220424771308899;0.6200124621391296;0.6186061501502991;0.6176914572715759;0.6135504245758057;0.6073939800262451;0.6024993658065796
2,200,53,74190128,1.0,57744;18840;18771;53908;6269;28902;13177;81418;95515;18619,0.49560683965682983;0.4805396795272827;0.4701421856880188;0.4671100378036499;0.4539377689361572;0.4483771324157715;0.433286190032959;0.43278229236602783;0.42859041690826416;0.42771852016448975
2,201,93,74873149,1.0,43767;16496;28094;16444;10555;58501;1746;28948;28833;4398,0.4066578149795532;0.40120816230773926;0.3998321294784546;0.38577234745025635;0.38366854190826416;0.38356590270996094;0.3744692802429199;0.37256669998168945;0.37246614694595337;0.3621143102645874
2,202,149,73015060,1.0,99839;86949;84627;82583;12536;4091;94152;71583;67183;95098,0.818925142288208;0.7597543001174927;0.7578283548355103;0.7564527988433838;0.7504518032073975;0.7484606504440308;0.7468664646148682;0.7422429323196411;0.7412787675857544;0.7302147150039673
2,203,285,73866211,1.0,97189;98134;99375;99185;97214;96989;97072;97152;97113;99289,0.7463405132293701;0.7428156137466431;0.733620285987854;0.7328097820281982;0.7173395156860352;0.7096236944198608;0.6940306425094604;0.6847360134124756;0.6713970899581909;0.6625142097473145
2,204,252,73942460,1.0,12082;12101;85936;74765;73045;73171;10536;73442;73158;74110,0.6526356935501099;0.6346138715744019;0.6102635264396667;0.6005814075469971;0.5970790982246399;0.5939775705337524;0.590862512588501;0.5857110619544983;0.5791605114936829;0.5719830989837646
2,205,83,74752010,1.0,29245;31789;32228;31718;32479;34101;29778;31398;30634;32277,0.8176003694534302;0.8143336772918701;0.8137672543525696;0.8119611740112305;0.8090615272521973;0.8090229034423828;0.8041337728500366;0.8038330078125;0.7827122211456299;0.7757530212402344
2,206,150,73503015,1.0,99970;99876;40810;47276;38495;44796;44884;41106;46022;46020,0.765276312828064;0.732304573059082;0.6641536951065063;0.6526944637298584;0.638353168964386;0.6377425193786621;0.6375149488449097;0.6219854354858398;0.6196609139442444;0.6193985939025879
2,207,404,74968879,1.0,99153;76680;75097;48324;74616;7555;200;75195;27739;69496,0.6457873582839966;0.6174355745315552;0.6144059896469116;0.5736635327339172;0.570315420627594;0.547069251537323;0.5316829681396484;0.5306761860847473;0.5273597240447998;0.5270516872406006
2,208,490,74242167,1.0,93234;95329;95261;95366;94310;93023;99575;94002;99517;92879,0.743340253829956;0.74073326587677;0.734811544418335;0.6821509599685669;0.6728910803794861;0.6665680408477783;0.6592274904251099;0.6518868207931519;0.6497286558151245;0.64896160364151
2,209,390,74206477,1.0,91143;84633;84565;63478;86916;38206;41060;37198;96268;62868,0.7430949807167053;0.6057952046394348;0.604936957359314;0.5864306092262268;0.5254908800125122;0.5232471227645874;0.513073742389679;0.5095412731170654;0.5087600350379944;0.4943997859954834
2,210,201,72733513,1.0,83642;55418;28035;55589;83206;85819;52873;74220;55632;55456,0.7337847948074341;0.6959772109985352;0.695930004119873;0.6747055053710938;0.6733033657073975;0.6720939874649048;0.6696609258651733;0.6663668751716614;0.6625074148178101;0.6607590913772583
2,211,461,75968277,1.0,99670;99546;99775;99620;99483;99644;99996;99792;99652;93556,0.954429030418396;0.8976410627365112;0.8772830963134766;0.872144341468811;0.8712825775146484;0.8707650899887085;0.8697043657302856;0.858237624168396;0.8525042533874512;0.8268829584121704
2,212,142,73231898,1.0,77065;29614;89911;3338;45364;99393;33453;94662;90080;8671,0.7402220368385315;0.6729615926742554;0.6372578144073486;0.6219933032989502;0.610538125038147;0.6063146591186523;0.6057189702987671;0.599587082862854;0.5988907217979431;0.5918413400650024
2,213,437,74762190,1.0,70375;68577;1646;2262;1994;1884;1609;1738;2170;1749,0.8150582313537598;0.8102740049362183;0.7774050831794739;0.774863064289093;0.7565715312957764;0.7546163201332092;0.747855544090271;0.7347887754440308;0.7346545457839966;0.7314425110816956
2,214,236,74493614,1.0,98925;7565;28362;82323;91415;246;20210;61412;58987;85520,0.7160060405731201;0.48265540599823;0.479974627494812;0.47973358631134033;0.4750814437866211;0.47415149211883545;0.46120864152908325;0.459756076335907;0.45074737071990967;0.44636213779449463
2,215,224,73907440,1.0,46020;99970;46022;99876;44884;45796;43341;86922;44796;47276,0.6710783839225769;0.651015043258667;0.6510093808174133;0.627890944480896;0.5775685906410217;0.5673199892044067;0.5656614303588867;0.5645896196365356;0.5604010820388794;0.5602298974990845
2,216,410,73804561,1.0,49329;25710;35420;78702;8466;7520;77454;73285;28609;78943,0.566525936126709;0.5660760402679443;0.5261693000793457;0.5258380174636841;0.5207616090774536;0.5164714455604553;0.5162573456764221;0.5134222507476807;0.5063562393188477;0.5023807287216187
2,217,347,73848101,1.0,89066;14239;30919;61463;54324;11037;46659;11524;82510;45598,0.5886305570602417;0.422987699508667;0.4152573347091675;0.41058027744293213;0.391807496547699;0.37670469284057617;0.3765198588371277;0.37398529052734375;0.3733835220336914;0.3648605942726135
2,218,264,72730253,1.0,69874;99971;69759;70046;70336;18207;26281;99383;69948;98639,0.7097025513648987;0.7020273208618164;0.6983392834663391;0.6874955892562866;0.6784268021583557;0.6580089926719666;0.635506808757782;0.6342377662658691;0.6327136158943176;0.6283668279647827
2,219,253,72688414,1.0,38439;38292;38341;38289;74388;38429;38296;74491;74416;74414,0.8239561915397644;0.8105698823928833;0.7489019632339478;0.7484702467918396;0.7187113761901855;0.7080873847007751;0.7049342393875122;0.6749359965324402;0.6748325824737549;0.6721256971359253
2,220,222,73486575,1.0,99836;99990;99827;2927;18777;71945;84849;85159;35208;89443,0.7233518362045288;0.7185614109039307;0.6628458499908447;0.614384651184082;0.6116902828216553;0.5618709325790405;0.5487960577011108;0.5453498959541321;0.5243980288505554;0.5239434242248535
2,221,300,74391095,1.0,59553;59491;60061;48282;91411;59652;86245;63328;86385;73246,0.6805574297904968;0.6798274517059326;0.6711456775665283;0.605635404586792;0.5947903990745544;0.5718249082565308;0.5663412809371948;0.5350073575973511;0.4982668161392212;0.4942220449447632
2,222,44,72611464,1.0,16950;44685;44727;5264;4553;16379;21429;16527;93245;21661,0.64777672290802;0.6356031894683838;0.6259047985076904;0.6221164464950562;0.6152312755584717;0.5919632911682129;0.5828128457069397;0.5638684034347534;0.5593321323394775;0.5498898029327393
2,223,327,74310576,1.0,99242;99303;91356;73988;84366;84527;85049;91617;84654;84457,0.6582187414169312;0.6093038320541382;0.608260989189148;0.5961833000183105;0.5829071998596191;0.5777390003204346;0.5642359852790833;0.5635356307029724;0.5556076169013977;0.552300751209259
2,224,439,73161219,1.0,3969;4481;10967;95918;53301;37233;45422;60530;53302;76058,0.8670147657394409;0.8162058591842651;0.8077701330184937;0.8061543703079224;0.7886461019515991;0.7850081920623779;0.7806407809257507;0.7641058564186096;0.7545782923698425;0.751405656337738
2,225,241,74048389,1.0,89504;89438;89184;98276;98088;99312;98233;98143;89421;97975,0.6907821893692017;0.6684030890464783;0.6519904136657715;0.6493963003158569;0.6468139886856079;0.6442433595657349;0.643916666507721;0.6439102292060852;0.6394717693328857;0.6367807984352112
2,226,288,71918272,1.0,99878;99951;89831;95901;96363;86562;97589;96866;96913;95653,0.8760851621627808;0.7450211644172668;0.6707651615142822;0.6648638844490051;0.6613447070121765;0.6359913349151611;0.6028435230255127;0.5891949534416199;0.582134485244751;0.5813301205635071
2,227,59,72934831,1.0,56388;57410;57296;20804;20772;20819;20756;61999;57977;44777,0.763658881187439;0.681240975856781;0.6646208167076111;0.6492366790771484;0.6468722224235535;0.645050048828125;0.6425513029098511;0.6270349025726318;0.6181510090827942;0.5864415168762207
2,228,408,77059514,1.0,30798;73131;72577;77924;39300;83236;74935;73813;83107;82536,0.8480715751647949;0.7318033576011658;0.6561287045478821;0.624347984790802;0.6087630987167358;0.6073914170265198;0.603840708732605;0.5993794798851013;0.5988817811012268;0.597942590713501
2,229,133,72414707,1.0,88975;4151;29441;29108;37217;7705;5503;5205;35073;35819,0.8310744166374207;0.7624378204345703;0.7552309632301331;0.7442846298217773;0.6705528497695923;0.6667372584342957;0.6578315496444702;0.6569201946258545;0.6563841104507446;0.6480087041854858
2,230,34,73049079,1.0,17780;23299;54057;25223;64647;54346;23724;64935;81136;87768,0.7169705629348755;0.7148743867874146;0.7047291994094849;0.7045050859451294;0.7007917165756226;0.6972070336341858;0.695732831954956;0.6931759119033813;0.6907452940940857;0.6889204978942871
2,231,468,73315907,1.0,98457;97888;56696;99458;26759;73833;97869;98664;26780;72580,0.48124510049819946;0.4776071310043335;0.46588945388793945;0.4655632972717285;0.46296751499176025;0.46176213026046753;0.45545411109924316;0.45300328731536865;0.45272886753082275;0.4501112699508667
2,232,116,73333737,1.0,84845;93875;73308;18268;71922;72882;71413;71470;85200;71806,0.6014480590820312;0.5936753749847412;0.5834119319915771;0.5810539722442627;0.5697439908981323;0.5605918765068054;0.5602622628211975;0.5599225163459778;0.5574373006820679;0.554999828338623
2,233,270,74570163,1.0,91056;81687;81727;14165;13505;10238;13898;71292;28547;13919,0.7050960063934326;0.7043483853340149;0.6683193445205688;0.6584734916687012;0.6327762603759766;0.6294939517974854;0.6269904375076294;0.6252947449684143;0.6243691444396973;0.6207155585289001
2,234,333,73759081,1.0,99502;94968;94818;76535;87931;76538;75587;99792;99483;81326,0.7169473171234131;0.6990549564361572;0.6760585308074951;0.6607759594917297;0.6564195156097412;0.6564062833786011;0.653014063835144;0.6527142524719238;0.6521275043487549;0.6519363522529602
2,235,392,74524983,1.0,99826;99654;80941;82841;82098;99858;81354;81006;80500;82251,0.7678753733634949;0.7668672800064087;0.7313138246536255;0.7256187796592712;0.7114014029502869;0.7059020400047302;0.6838721632957458;0.6820734739303589;0.6768460273742676;0.6416953206062317
2,236,304,73116450,1.0,99970;44884;99876;25907;60157;46020;43881;46022;26475;84751,0.6447548866271973;0.6283444166183472;0.6248362064361572;0.6192639470100403;0.609633207321167;0.6017694473266602;0.5920073986053467;0.5835427045822144;0.5813688039779663;0.5783925652503967
2,237,280,73972400,1.0,50709;50651;63942;77863;27325;72258;16487;50783;52577;59802,0.7867817878723145;0.78570157289505;0.7692334651947021;0.7635236978530884;0.7626367807388306;0.759523332118988;0.7346488237380981;0.7343525290489197;0.733344554901123;0.7324547171592712
2,238,110,72710603,1.0,80272;83528;94434;80345;85735;83730;95638;80549;81809;85482,0.6676458716392517;0.6676256060600281;0.6618715524673462;0.6611913442611694;0.6591430902481079;0.6584957242012024;0.6311089992523193;0.6275438666343689;0.626573920249939;0.6230956315994263
2,239,339,73854831,1.0,96075;59985;23692;91754;62815;23916;3258;24011;74281;84839,0.7525268197059631;0.6801154613494873;0.645514726638794;0.5772194266319275;0.5693383812904358;0.5673015117645264;0.5653965473175049;0.5578761696815491;0.5524073839187622;0.5506043434143066
2,240,420,72661824,1.0,12673;92702;5793;72002;7276;13233;93573;12764;5929;92681,0.5299454927444458;0.5265199542045593;0.5189182162284851;0.5136565566062927;0.5133734941482544;0.5127483606338501;0.5080109238624573;0.5030201077461243;0.5000797510147095;0.4964669942855835
2,241,356,72648325,1.0,80152;78702;4518;5704;78546;81711;82150;78943;99714;41998,0.6541664600372314;0.5874994993209839;0.5618565082550049;0.5591671466827393;0.5539446473121643;0.5532979369163513;0.5495642423629761;0.5241243243217468;0.5222954750061035;0.5119962096214294
2,242,378,71744604,1.0,99963;19107;74436;74426;82188;89904;86090;89197;10981;34939,0.7844183444976807;0.5639893412590027;0.5156519412994385;0.5090924501419067;0.5090389847755432;0.5029646158218384;0.49452340602874756;0.49363720417022705;0.4932258725166321;0.48623013496398926
2,243,330,73436935,1.0,38947;13512;90727;17606;18308;37891;24266;93815;18435;20346,0.7341815829277039;0.7296147346496582;0.7124685645103455;0.6836636066436768;0.6817166209220886;0.6803462505340576;0.6802368760108948;0.6682074666023254;0.6672714948654175;0.665552020072937
2,244,343,73049100,1.0,59443;24620;91875;79868;34007;65376;19118;91585;81231;24565,0.6336790323257446;0.6196591854095459;0.6129980683326721;0.6074802875518799;0.5849593877792358;0.5623493194580078;0.5498272180557251;0.5462653636932373;0.5299555063247681;0.517667293548584
2,245,363,73864941,1.0,80574;10333;49015;50939;49693;80996;50316;80566;28165;49701,0.6225619316101074;0.6222871541976929;0.6142160892486572;0.6111074686050415;0.6004667282104492;0.5950978994369507;0.5946773290634155;0.5940427184104919;0.583528995513916;0.5802443027496338
2,246,269,71903463,1.0,43517;30545;30667;31740;46303;31663;30297;30385;24349;24316,0.777427613735199;0.7558859586715698;0.7470797300338745;0.7311292290687561;0.7243300676345825;0.7133777141571045;0.7073702216148376;0.7046852111816406;0.7034540772438049;0.6992120742797852
2,247,469,73736381,1.0,79840;95985;70408;79869;71038;55452;78387;78552;80047;62505,0.6327909231185913;0.6138839721679688;0.5809451937675476;0.5783320069313049;0.5748183727264404;0.566277027130127;0.5632747411727905;0.5616518259048462;0.560899555683136;0.5559207201004028
2,248,237,73022880,1.0,82278;39989;30897;99704;79729;30097;39961;29901;80709;80204,0.7382961511611938;0.7300617694854736;0.7294168472290039;0.7286744117736816;0.7201234698295593;0.7176656126976013;0.7141053676605225;0.7071325778961182;0.7064744234085083;0.7046512365341187
2,249,308,71804444,1.0,99207;99156;98958;99394;99421;99893;99133;99956;98955;34597,0.9335260987281799;0.8839747309684753;0.879462480545044;0.837763786315918;0.8230814933776855;0.7391311526298523;0.6892423033714294;0.6837064027786255;0.6262936592102051;0.600122332572937
2,250,167,73389076,1.0,99552;99169;99020;83089;83230;34100;83081;82913;42063;84547,0.7255352735519409;0.7135339379310608;0.6895204186439514;0.6789601445198059;0.6658873558044434;0.6490786075592041;0.639888346195221;0.638526201248169;0.6320079565048218;0.6296866536140442
2,251,276,73933010,1.0,99887;97105;54899;34828;83713;12445;84790;72711;79096;99874,0.6882970929145813;0.5360207557678223;0.5358428955078125;0.529318630695343;0.527077853679657;0.5207524299621582;0.5191271901130676;0.5141915678977966;0.5132320523262024;0.5091303586959839
2,252,486,73794102,1.0,92702;93573;92681;72002;98545;96832;13653;59930;5793;7276,0.4812748432159424;0.45483583211898804;0.44720005989074707;0.4323660135269165;0.42397540807724;0.4186345338821411;0.4181044101715088;0.4134615659713745;0.4095454812049866;0.4091266989707947
2,253,99,73212108,1.0,52685;55516;88023;30814;28841;85791;84399;29311;49742;26713,0.4678521156311035;0.45752662420272827;0.4551205635070801;0.45184987783432007;0.4516150951385498;0.4471781849861145;0.4434281587600708;0.4422774314880371;0.4418987035751343;0.4364132285118103
2,254,24,73898940,1.0,98017;98388;99877;99317;97959;98689;98933;99469;99516;99632,0.7080996036529541;0.7061125040054321;0.7050612568855286;0.703702986240387;0.7019186019897461;0.6853029131889343;0.6842652559280396;0.6807845830917358;0.6745389699935913;0.6697559356689453
2,255,375,75609691,1.0,39989;82278;39961;79729;29901;87946;80709;79485;32757;30897,0.7849493026733398;0.7711505889892578;0.7492011785507202;0.7322282791137695;0.7063726186752319;0.7017761468887329;0.7010006308555603;0.6992598176002502;0.6967688202857971;0.6944544315338135
2,256,112,76729458,1.0,99487;63913;58914;58849;58690;98292;60628;32843;47172;38474,0.7622238397598267;0.5738678574562073;0.5631273984909058;0.5624380111694336;0.5532522201538086;0.5469849705696106;0.5417754054069519;0.5413387417793274;0.5359086990356445;0.5312391519546509
2,257,19,73913940,1.0,440;15688;85882;43968;18806;15510;15835;16425;92505;444,0.5116740465164185;0.48937559127807617;0.4874143600463867;0.48247313499450684;0.4773693084716797;0.4762195944786072;0.46635591983795166;0.45845502614974976;0.45718514919281006;0.45715057849884033
2,258,258,74071599,1.0,67333;67268;67247;45543;47847;10785;67271;79714;46328;45476,0.7277905344963074;0.7175076603889465;0.7134383916854858;0.6939083933830261;0.6837109327316284;0.6802869439125061;0.6746748685836792;0.6726222038269043;0.6724761724472046;0.669318437576294
2,259,481,74934829,1.0,27343;87077;43927;1838;59740;16531;66190;6989;76929;65532,0.6612080931663513;0.6026677489280701;0.5791261196136475;0.547012448310852;0.5376190543174744;0.528397798538208;0.4784280061721802;0.4673120975494385;0.4593353271484375;0.4501000642776489
2,260,128,74749580,1.0,19787;38524;19717;20063;20045;38864;81994;39086;20072;38669,0.7835148572921753;0.7477917671203613;0.7305919528007507;0.7261571884155273;0.6984562277793884;0.6401921510696411;0.617145836353302;0.6123896837234497;0.6079891920089722;0.5949708223342896
2,261,377,74663482,1.0,83200;59868;95469;50263;35537;76547;36950;1973;60016;59463,0.6383705735206604;0.6099213361740112;0.5884822607040405;0.5601784586906433;0.5530891418457031;0.5508838295936584;0.5390303730964661;0.5382919907569885;0.5363666415214539;0.5356160402297974
2,262,416,72970371,1.0,20916;63719;40700;89773;87733;89803;90489;89151;2870;2965,0.6983658075332642;0.698015570640564;0.6830489039421082;0.6588238477706909;0.6381844282150269;0.6125515103340149;0.6020416021347046;0.5909601449966431;0.5852997899055481;0.5851757526397705
2,263,71,74453535,1.0,74159;60327;97073;97221;63130;52929;56275;56287;72856;55450,0.5988837480545044;0.5779300928115845;0.5757098197937012;0.5737698674201965;0.5718040466308594;0.568253755569458;0.5668644309043884;0.562027633190155;0.5616633892059326;0.5604391694068909
2,264,195,74745051,1.0,82975;84456;64182;31306;34918;15967;33277;1355;34617;37945,0.6369268894195557;0.5858368873596191;0.5435939431190491;0.5342040657997131;0.518443763256073;0.5114670991897583;0.5103120803833008;0.5080651044845581;0.5071959495544434;0.5046977996826172
2,265,365,74027178,1.0,99970;99876;47276;44884;40810;46020;44954;46022;43881;46948,0.7982749938964844;0.7873790264129639;0.6914910674095154;0.686631977558136;0.6796460747718811;0.6792681813240051;0.6700313687324524;0.664958119392395;0.6630021333694458;0.6559093594551086
2,266,25,74818430,1.0,69395;69434;95052;35498;99982;99314;99226;26852;99274;41868,0.8158252239227295;0.8069964647293091;0.7653625011444092;0.7481244802474976;0.7338624000549316;0.718923807144165;0.6940147876739502;0.6861224174499512;0.677138090133667;0.5849692821502686
2,267,324,73939550,1.0,70017;78319;70426;39941;23960;96077;96015;69463;98602;95739,0.6593890190124512;0.5898221731185913;0.5853935480117798;0.5853530168533325;0.568842351436615;0.5629457235336304;0.5602849721908569;0.5597244501113892;0.5592207908630371;0.5514804124832153
2,268,38,73693503,1.0,52147;51492;51778;62704;97221;75380;62615;51637;74159;52929,0.5679265260696411;0.5630751848220825;0.5629920959472656;0.5611241459846497;0.5609794855117798;0.5581847429275513;0.5562819242477417;0.5525870323181152;0.5521669387817383;0.5436274409294128
2,269,37,74442835,1.0,99821;98331;62508;36322;36975;98307;99566;98348;36239;98399,0.6019678115844727;0.6007112264633179;0.5606534481048584;0.5598871111869812;0.5532400608062744;0.5408754944801331;0.527218759059906;0.5161674618721008;0.5137388110160828;0.5079796314239502
2,270,302,80447757,1.0,92193;95502;49311;71833;71869;19362;71846;71895;11658;44217,0.474365770816803;0.470192015171051;0.46283578872680664;0.45822715759277344;0.45304858684539795;0.44818127155303955;0.44302213191986084;0.43566930294036865;0.41565412282943726;0.4153761863708496
2,271,491,80790953,1.0,95263;93939;95130;85741;95143;74635;99884;94175;84734;77267,0.6994680762290955;0.6791031360626221;0.6761807203292847;0.6628036499023438;0.6531671285629272;0.6338594555854797;0.6218748092651367;0.6086812019348145;0.5878476500511169;0.5711777210235596
2,272,454,71043502,1.0,62362;62274;62177;62315;13807;13815;13963;67090;14213;13904,0.7723302841186523;0.766243577003479;0.764022707939148;0.7336475849151611;0.7270750999450684;0.714602530002594;0.7036794424057007;0.7001563906669617;0.6911548376083374;0.6872105598449707
2,273,393,72724653,1.0,80560;58651;40857;21732;91599;83654;42255;87011;92057;82335,0.5213866233825684;0.46945077180862427;0.45846307277679443;0.45844775438308716;0.4435400366783142;0.4434753656387329;0.4343196153640747;0.4328038692474365;0.4297741651535034;0.42929762601852417
2,274,67,73315167,1.0,99855;67640;37475;67730;31450;47588;67302;31805;9874;67946,0.7891373634338379;0.5355532169342041;0.5123617649078369;0.499767005443573;0.4959421157836914;0.4899851679801941;0.48713159561157227;0.4862207770347595;0.4857966899871826;0.48546457290649414
2,275,279,74291116,1.0,99988;99842;54391;42572;53671;42490;53753;38924;73307;56180,0.8862330317497253;0.8335989713668823;0.6617733836174011;0.6452803611755371;0.6370747685432434;0.6321381330490112;0.6303406953811646;0.6284595727920532;0.6185206770896912;0.6174657940864563
2,276,328,73037790,1.0,10493;10539;45050;11459;77369;48842;59650;92140;54487;80245,0.7262014746665955;0.7187269926071167;0.5905736088752747;0.5863277912139893;0.5340151786804199;0.5324734449386597;0.5189132690429688;0.5183550119400024;0.5158411264419556;0.5132807493209839
2,277,397,71745205,1.0,10081;10135;50734;77130;77131;74668;61460;46489;53141;42897,0.5427444577217102;0.542431652545929;0.5228462219238281;0.5184124112129211;0.5180306434631348;0.5147026777267456;0.5121845006942749;0.5059436559677124;0.503457248210907;0.5009475946426392
2,278,459,73725213,1.0,59573;85036;67261;76773;67252;84593;34901;84502;84736;68126,0.7133629322052002;0.5378481149673462;0.49063998460769653;0.4812265634536743;0.4756484031677246;0.449546217918396;0.42952191829681396;0.42874598503112793;0.42682528495788574;0.42335909605026245
2,279,207,71499367,1.0,99932;96278;99946;75291;77881;99472;95349;99465;96090;95769,0.7569775581359863;0.7350978851318359;0.7335231304168701;0.7209944725036621;0.7208585739135742;0.6948976516723633;0.6922948360443115;0.6912466883659363;0.6881775856018066;0.683112621307373
2,280,417,72051271,1.0,61878;61715;64097;53617;99358;64064;32234;50111;61761;23753,0.7289122343063354;0.7198339700698853;0.6948344111442566;0.6896132230758667;0.6882723569869995;0.680274486541748;0.6796295642852783;0.6768730282783508;0.6723012924194336;0.6676193475723267
2,281,75,71479987,1.0,97137;58326;18348;97610;97017;51340;58420;50946;51324;25231,0.7444010972976685;0.7432649731636047;0.7396693229675293;0.7071501016616821;0.7013488411903381;0.6990222930908203;0.695040225982666;0.6881645917892456;0.6859049797058105;0.6806420683860779
2,282,289,72547416,1.0,50275;95193;7818;7363;8507;8646;98398;8245;7360;7335,0.7689374089241028;0.7100136280059814;0.6673533916473389;0.6620768308639526;0.6545350551605225;0.6496303081512451;0.646847128868103;0.6430279016494751;0.6249474287033081;0.6247793436050415
2,283,3,73255898,1.0,84811;85413;74257;84770;74149;71463;77940;84875;77929;78461,0.7668057680130005;0.7664216756820679;0.7040113806724548;0.7012709379196167;0.6982443332672119;0.665773868560791;0.6509541273117065;0.6461212635040283;0.6447427272796631;0.6427391767501831
2,284,74,71832664,1.0,69943;10551;89608;16566;16457;20039;85880;72303;48074;16173,0.5980681777000427;0.5900980234146118;0.5278432369232178;0.5225504040718079;0.5170338749885559;0.5077612996101379;0.5056061148643494;0.4935356378555298;0.4911016821861267;0.4903244972229004
2,285,283,74256347,1.0,99911;79027;95863;16703;16446;79018;16169;82116;78837;78830,0.7665613889694214;0.6403964757919312;0.637488842010498;0.6362966299057007;0.6302834749221802;0.6203650236129761;0.6141932010650635;0.6003462672233582;0.582535982131958;0.580412745475769
2,286,84,73507175,1.0,62112;91165;89985;99744;83723;40667;89572;48130;70122;83738,0.7016368508338928;0.6817203164100647;0.6801245212554932;0.6601159572601318;0.6524623036384583;0.6486577987670898;0.6405525803565979;0.6312972903251648;0.6194919347763062;0.5991071462631226
2,287,323,73890941,1.0,99472;99465;95847;99909;95349;95769;95065;95719;96090;95325,0.882422924041748;0.8742632269859314;0.8673494458198547;0.8488739728927612;0.8423854112625122;0.812025785446167;0.8114733695983887;0.7967218160629272;0.7951025366783142;0.7610971927642822
2,288,235,72929531,1.0,99882;99402;33493;34159;34306;33941;43996;4704;34520;33860,0.7639859318733215;0.7542427778244019;0.6950958967208862;0.6832811832427979;0.6802372932434082;0.6754406690597534;0.6740189790725708;0.6735955476760864;0.6651101112365723;0.6600232124328613
2,289,261,80117351,1.0,63917;87867;64661;88156;95516;80553;80632;83276;69307;82011,0.8139073848724365;0.8095881342887878;0.8062335252761841;0.8029773235321045;0.7991360425949097;0.797029972076416;0.7957830429077148;0.7455477714538574;0.7284561395645142;0.7069475650787354
2,290,181,74599923,1.0,99086;97959;99877;98561;99469;98017;98388;98985;99516;98970,0.7829710841178894;0.6973469257354736;0.6849199533462524;0.6802031993865967;0.6735968589782715;0.6732633113861084;0.6663188934326172;0.6646676063537598;0.6620913743972778;0.6607958674430847
2,291,298,73962370,1.0,99867;8991;8846;8832;71527;71526;9503;71701;8969;71810,0.7674529552459717;0.7589637041091919;0.7108606696128845;0.684316873550415;0.6817976832389832;0.6776835322380066;0.6707652807235718;0.6699320077896118;0.6646753549575806;0.6611449718475342
2,292,260,72734524,1.0,12861;55811;9343;55801;63054;47081;659;56465;8943;55797,0.585416316986084;0.5210826396942139;0.520045280456543;0.5188162326812744;0.5158265233039856;0.5076802968978882;0.4979623556137085;0.4939219355583191;0.4880775213241577;0.4840272068977356
2,293,81,75094477,1.0,99917;79803;13512;99708;98087;98698;37801;91880;94997;98793,0.9538967609405518;0.7395779490470886;0.7334513664245605;0.7127689123153687;0.6938268542289734;0.671384334564209;0.6653523445129395;0.661352276802063;0.6557974219322205;0.6532843112945557
2,294,123,73694762,1.0,99970;99876;44884;43881;40810;44954;46020;47276;46022;38495,0.7717652320861816;0.769385814666748;0.7033511400222778;0.680931806564331;0.6795046925544739;0.6768510937690735;0.6758521199226379;0.6755017042160034;0.661455512046814;0.6516299247741699
2,295,263,72624615,1.0,33052;66039;82306;87274;4060;81297;82849;4859;68796;66035,0.6554665565490723;0.6375269889831543;0.636339008808136;0.6183446645736694;0.6174914836883545;0.5942991971969604;0.5939228534698486;0.5858007669448853;0.5830145478248596;0.5793647766113281
2,296,380,73574104,1.0,17897;21560;20714;88863;82184;25901;87919;42431;42742;14690,0.6859283447265625;0.6851409673690796;0.640184760093689;0.6380872130393982;0.6350393295288086;0.6271987557411194;0.6154483556747437;0.6140055656433105;0.6062585711479187;0.5912836790084839
2,297,477,76246924,1.0,6752;62402;50580;4266;94838;55769;95413;4950;5852;55740,0.3759336471557617;0.36811214685440063;0.36677873134613037;0.3571104407310486;0.35412871837615967;0.3524829149246216;0.34909582138061523;0.34805387258529663;0.34805387258529663;0.34760814905166626
2,298,231,75426043,1.0,49871;80567;67428;50149;49215;5733;38290;38911;22941;91268,0.7318062782287598;0.7311221361160278;0.6790587902069092;0.6756657361984253;0.6710487604141235;0.6448901295661926;0.6409479379653931;0.6316725015640259;0.6273849010467529;0.6220632195472717
2,299,306,75410193,1.0,98388;99433;99574;98561;97959;98662;98017;99877;99725;99516,0.8368776440620422;0.8146841526031494;0.8103712797164917;0.8007910251617432;0.7988288402557373;0.793262779712677;0.7853440046310425;0.7804378271102905;0.7648319005966187;0.7612172365188599
2,300,360,75423413,1.0,99487;1505;78808;2528;60390;57740;57199;82503;137;82922,0.6462686061859131;0.5383598804473877;0.5127030611038208;0.5084015130996704;0.48390424251556396;0.48278045654296875;0.4815858006477356;0.4789447784423828;0.46919572353363037;0.4682629108428955
2,301,446,74185847,1.0,94813;94904;94421;96483;93178;96457;46872;60053;99984;53368,0.6810215711593628;0.5978478193283081;0.5973864793777466;0.5496792793273926;0.5405769944190979;0.5358004570007324;0.5161410570144653;0.5140775442123413;0.5132063031196594;0.49333590269088745
2,302,173,75808429,0.9,19079;3652;96799;31581;17452;92823;76530;31024;87437;46590,0.43978631496429443;0.4160115122795105;0.4013035297393799;0.39464837312698364;0.3839735984802246;0.3838721513748169;0.37469494342803955;0.36723464727401733;0.3615676760673523;0.361120343208313
2,303,239,74895379,1.0,96628;82211;66035;81297;81372;82498;66039;33052;94990;37310,0.6452838182449341;0.6330915689468384;0.621770977973938;0.6077106595039368;0.6034265756607056;0.5981379747390747;0.597592830657959;0.5947350859642029;0.5944163203239441;0.5927265882492065
2,304,9,73720982,1.0,68546;79162;71468;83691;68834;74076;78069;77292;78554;80662,0.7765666246414185;0.7352660894393921;0.7060893177986145;0.6984254717826843;0.6966649293899536;0.6921185255050659;0.6824753284454346;0.6678224802017212;0.6669127345085144;0.6638529300689697
2,305,474,72175139,1.0,45869;28153;45839;45742;45899;28167;65361;65249;64188;92407,0.6148806810379028;0.6084104776382446;0.5980137586593628;0.5852367877960205;0.5814588069915771;0.5475687980651855;0.5472967624664307;0.5471745729446411;0.5403450131416321;0.5382302403450012
2,306,451,72755893,1.0,5385;5405;5941;39421;47238;39496;39614;15790;39638;11281,0.694449782371521;0.6859179735183716;0.6704801917076111;0.6155112981796265;0.6009975671768188;0.5944468975067139;0.5836641192436218;0.5826848745346069;0.5737150311470032;0.5693303346633911
2,307,31,74096349,1.0,99876;99970;45524;44884;47276;43881;46717;46020;49259;46022,0.7986617088317871;0.7894130945205688;0.7381929755210876;0.7230795621871948;0.7175217866897583;0.7016867399215698;0.6815700531005859;0.6803285479545593;0.6796460747718811;0.6743336319923401
2,308,478,74452744,1.0,15139;76929;16531;87077;66190;9376;6702;65532;155;27343,0.5192816257476807;0.4843367338180542;0.4700969457626343;0.42715150117874146;0.42320454120635986;0.42094314098358154;0.4125767946243286;0.4124768376350403;0.40418314933776855;0.40250563621520996
2,309,394,73009690,1.0,96213;48508;76259;47089;76969;77925;95304;47017;98988;98589,0.7637073993682861;0.7635693550109863;0.7584264278411865;0.7573603391647339;0.7422393560409546;0.7416872978210449;0.7376223206520081;0.7375712394714355;0.7320898175239563;0.7316756248474121
2,310,86,72868382,1.0,18854;92230;97665;24989;88768;89626;57936;93399;45926;55771,0.6095820069313049;0.5349469780921936;0.5292973518371582;0.5247969627380371;0.5177838206291199;0.5172824263572693;0.5131129622459412;0.48940885066986084;0.48619383573532104;0.48562657833099365
2,311,295,75149516,1.0,84314;33193;33205;30546;33273;88118;32206;32160;75381;34166,0.7463312745094299;0.7458147406578064;0.7397143840789795;0.7315760850906372;0.7270833849906921;0.7197457551956177;0.713471531867981;0.7127261161804199;0.6982795000076294;0.6943498849868774
2,312,138,74341725,1.0,99872;99360;99412;99415;24567;26307;24542;89950;99219;32254,0.9815616607666016;0.7297857999801636;0.7130539417266846;0.6884580850601196;0.6611184477806091;0.6539981365203857;0.6502480506896973;0.6386666297912598;0.6238275766372681;0.6078346967697144
2,313,405,74207847,1.0,88154;87970;97583;89160;88058;87871;88189;90650;88818;87323,0.7704910039901733;0.738383948802948;0.7360526323318481;0.7096428871154785;0.7031129002571106;0.7007831335067749;0.6915372014045715;0.6847671270370483;0.6722022891044617;0.6648856401443481
2,314,72,79146592,1.0,7456;79630;45067;32383;84471;86976;28453;19365;60858;97005,0.4520688056945801;0.42535775899887085;0.4189721345901489;0.4041181802749634;0.4027239680290222;0.4003526568412781;0.3981204628944397;0.38674402236938477;0.38491588830947876;0.3841259479522705
2,315,381,73283177,1.0,84234;4560;51209;34066;19316;38620;33624;89527;17642;29162,0.6146056652069092;0.6120696067810059;0.6045860648155212;0.5707316398620605;0.5684370398521423;0.5648614764213562;0.5570560693740845;0.554485559463501;0.5460657477378845;0.5340180397033691
2,316,122,73477665,1.0,98885;98816;98993;98677;99752;98745;98714;99025;98701;99481,0.6759986877441406;0.6588839292526245;0.6544683575630188;0.6508834362030029;0.6454128623008728;0.6209975481033325;0.6200645565986633;0.5890079736709595;0.5716386437416077;0.5641186833381653
2,317,55,73988609,1.0,35264;52025;98572;94458;74444;1709;70861;70030;19184;86336,0.5139609575271606;0.5064042806625366;0.5049279928207397;0.4934190511703491;0.4795420169830322;0.47059178352355957;0.47053050994873047;0.46964043378829956;0.4676749110221863;0.4668329358100891
2,318,430,72428607,1.0,99620;99652;99644;99775;99996;99483;99636;99792;84609;85544,0.7750592231750488;0.7711673378944397;0.7678627967834473;0.7662787437438965;0.7647687196731567;0.7561529874801636;0.744072675704956;0.7426657676696777;0.7318339347839355;0.7246956825256348
2,319,431,72741153,1.0,99985;44217;44734;67495;44305;44153;44850;67385;44844;67381,0.7603899240493774;0.6860338449478149;0.6773304343223572;0.6523393392562866;0.6493493318557739;0.648688793182373;0.6462557315826416;0.6424247026443481;0.6410231590270996;0.6358249187469482
2,320,28,75334854,1.0,27320;62317;74264;48690;67573;48275;48872;47753;48005;48425,0.5979247093200684;0.5535271167755127;0.5157174468040466;0.5088353157043457;0.5074468851089478;0.49358105659484863;0.48711884021759033;0.48643970489501953;0.47945111989974976;0.4712454676628113
2,321,29,74585492,1.0,90972;1318;10341;85518;11850;90337;64538;95267;163;82630,0.49746406078338623;0.45783287286758423;0.4333797097206116;0.4253404140472412;0.42209237813949585;0.4193462133407593;0.4170323610305786;0.4124336242675781;0.41149401664733887;0.404682457447052
2,322,346,74714941,0.8,61463;30919;89053;96313;89066;82510;72573;14828;20350;67774,0.6723683476448059;0.6145387887954712;0.5732735395431519;0.5702621936798096;0.5184575319290161;0.4847603440284729;0.3947945237159729;0.3846879005432129;0.3782287836074829;0.3749386668205261
2,323,447,74342235,1.0,76969;78959;58798;76932;4349;59326;47017;76259;47710;4185,0.680469810962677;0.6613631248474121;0.6543667912483215;0.6535654067993164;0.6508127450942993;0.6500785946846008;0.6481884717941284;0.6412161588668823;0.6386532783508301;0.6358497738838196
2,324,139,74853079,1.0,39701;62559;26260;82558;93643;27925;35254;47741;88907;58184,0.3700827360153198;0.3685075044631958;0.36652839183807373;0.36628782749176025;0.35980963706970215;0.3579769730567932;0.3528076410293579;0.35181283950805664;0.34173667430877686;0.3394594192504883
2,325,213,73705222,1.0,98096;19330;18945;92230;63043;39629;39920;39620;18854;51645,0.7167081832885742;0.6244396567344666;0.6040991544723511;0.5959233641624451;0.5832454562187195;0.5803451538085938;0.577637791633606;0.5633304119110107;0.5613781809806824;0.5606942772865295
2,326,77,74200326,1.0,84861;72231;80194;80637;80768;80709;98693;79729;72271;29901,0.8238794803619385;0.8145498037338257;0.8097241520881653;0.8091873526573181;0.7899594306945801;0.77541184425354;0.7738711833953857;0.77203369140625;0.7694074511528015;0.767725944519043
2,327,354,75740050,1.0,99602;98934;99401;99132;97010;96133;98867;96371;90570;35258,0.5590768456459045;0.5181055665016174;0.49323737621307373;0.4910481572151184;0.4811525344848633;0.47279053926467896;0.4594374895095825;0.4566325545310974;0.45467811822891235;0.45250600576400757
2,328,464,73903981,1.0,87422;87434;82978;11682;83223;45577;10916;83191;45643;45572,0.6356520652770996;0.6317092180252075;0.6242574453353882;0.5979444980621338;0.5961090922355652;0.5791388154029846;0.5755487084388733;0.5680961608886719;0.5625147819519043;0.5611958503723145
2,329,17,74485974,1.0,82310;79350;74500;91376;73383;73559;76015;73593;89594;74142,0.6182513236999512;0.5983742475509644;0.5848324298858643;0.565054714679718;0.5506377220153809;0.5476843118667603;0.545192539691925;0.5442026257514954;0.5374371409416199;0.5369540452957153
2,330,482,74909229,1.0,64593;92715;106;28373;95636;53714;88457;51308;51556;37902,0.5125197172164917;0.44268524646759033;0.42112839221954346;0.41341835260391235;0.40984266996383667;0.4067666530609131;0.4060143828392029;0.4059852957725525;0.4030005931854248;0.4024609327316284
2,331,475,74944399,1.0,27879;36950;58732;95609;59898;50263;95469;76281;60336;65851,0.6851425766944885;0.6761290431022644;0.66423100233078;0.6504003405570984;0.6455255746841431;0.6439357399940491;0.6385228633880615;0.6375883221626282;0.6223564147949219;0.6139124631881714
2,332,470,76011547,1.0,92895;258;15446;51109;998;53942;39861;65477;81939;556,0.49230659008026123;0.41731852293014526;0.4164583683013916;0.4117010831832886;0.40343236923217773;0.39894968271255493;0.39440709352493286;0.3913279175758362;0.38118815422058105;0.37872421741485596
2,333,331,75750549,1.0,98933;98561;98788;99877;99180;99433;98388;98513;99469;99516,0.6999009251594543;0.6987216472625732;0.6970288753509521;0.6869552731513977;0.6724556684494019;0.6709671020507812;0.6638681888580322;0.6629365682601929;0.6611260175704956;0.6609094142913818
2,334,41,73761792,1.0,72005;91326;71943;15586;91171;9831;10736;9858;68181;15552,0.7396302223205566;0.7149076461791992;0.7126609086990356;0.6988511085510254;0.6927279233932495;0.6848323941230774;0.68302321434021;0.6749205589294434;0.6697038412094116;0.6680084466934204
2,335,191,74388925,1.0,82408;81403;87372;81760;77881;75291;96090;81846;96278;73606,0.629528284072876;0.6213618516921997;0.6172052621841431;0.6158257722854614;0.6155672073364258;0.6149160861968994;0.6003473997116089;0.5878880620002747;0.5853219628334045;0.5814741849899292
2,336,334,73239488,1.0,53510;26816;96481;34030;53715;10314;62803;21353;78435;28786,0.7481470704078674;0.6712977886199951;0.6690387725830078;0.6625648736953735;0.6357325315475464;0.6136112809181213;0.6021280288696289;0.5949282646179199;0.5924102663993835;0.5787276029586792
2,337,131,74625063,1.0,91763;62764;27276;24043;65014;63001;99462;24444;24537;22137,0.6032550930976868;0.5862226486206055;0.525079607963562;0.5208451747894287;0.5148636698722839;0.4921916127204895;0.4901621341705322;0.4827660918235779;0.4795728325843811;0.4787455201148987
2,338,170,74197147,1.0,9526;72807;10616;11133;10272;9622;13361;19740;16318;10676,0.6129230260848999;0.598525881767273;0.5978829860687256;0.5943351984024048;0.5893863439559937;0.5889058113098145;0.5775362253189087;0.5703467130661011;0.5688912272453308;0.567534863948822
2,339,307,75548191,1.0,14357;98689;2699;1918;98933;7555;98561;83038;2068;99469,0.7032932639122009;0.6490064859390259;0.608994722366333;0.5996593236923218;0.5745002627372742;0.5728700757026672;0.5633491277694702;0.5597227215766907;0.5522311925888062;0.5510571002960205
2,340,384,74727511,1.0,92968;93679;88120;81474;93476;81865;81755;81736;81533;92671,0.6827223300933838;0.6341729760169983;0.620193600654602;0.6083173155784607;0.601853609085083;0.599084734916687;0.5879265666007996;0.5814205408096313;0.5723766684532166;0.5689774751663208
2,341,69,74303005,1.0,99895;23249;94761;96266;59272;21152;24054;80215;49647;80954,0.8907160758972168;0.6357017159461975;0.5898356437683105;0.583427906036377;0.5665274858474731;0.565873384475708;0.5649732351303101;0.5563243627548218;0.5502471923828125;0.5465131998062134
2,342,12,74258806,1.0,30898;30753;33334;23726;33353;30598;90367;7767;35614;30965,0.49740326404571533;0.477710485458374;0.44470226764678955;0.44392967224121094;0.43717968463897705;0.4343297481536865;0.43431228399276733;0.43157368898391724;0.43004733324050903;0.42831891775131226
2,343,271,74699691,1.0,98885;98677;98993;99752;99025;98816;98745;98714;72673;98701,0.5621676445007324;0.5584362149238586;0.5461295247077942;0.5369472503662109;0.5247830748558044;0.5087010264396667;0.5006033778190613;0.4979146122932434;0.48239898681640625;0.47739142179489136
2,344,434,74267666,1.0,73379;3570;23922;23840;49493;87150;75902;79911;72071;72115,0.6136754751205444;0.5923709869384766;0.5755100250244141;0.5595021843910217;0.5556881427764893;0.5544090270996094;0.5525819063186646;0.5515204668045044;0.5341761708259583;0.5339100360870361
2,345,385,75858469,1.0,28430;98689;14357;98933;99469;99885;2699;1918;200;98561,0.6447829604148865;0.6366228461265564;0.6163961291313171;0.6094733476638794;0.602471113204956;0.5910052061080933;0.5848629474639893;0.5838146209716797;0.5765743851661682;0.5696973204612732
2,346,2,73083540,1.0,70817;29513;81063;74396;71463;67810;72122;57669;46166;35792,0.5041247606277466;0.49741435050964355;0.467789888381958;0.45763492584228516;0.45676296949386597;0.4487599730491638;0.4476678967475891;0.4471108913421631;0.4465144872665405;0.44467461109161377
2,347,355,74401455,1.0,2988;24759;23955;74965;75196;88485;77258;63652;67855;94365,0.6138958930969238;0.5752207636833191;0.5372421741485596;0.5346564054489136;0.5346563458442688;0.5206340551376343;0.5202609896659851;0.5194244980812073;0.5157936811447144;0.5133410692214966
2,348,345,73763412,1.0,41038;74796;74648;71527;74749;72229;71526;93607;42176;71675,0.8062307834625244;0.7419085502624512;0.7078697681427002;0.7053637504577637;0.6941070556640625;0.6894829273223877;0.6882233619689941;0.6869708895683289;0.6792749762535095;0.6737448573112488
2,349,359,74258586,1.0,70670;64742;56549;51312;14751;32179;31882;47026;56414;70601,0.4973610043525696;0.481412410736084;0.46462422609329224;0.4559605121612549;0.4548456072807312;0.45468735694885254;0.4538843631744385;0.45193958282470703;0.4496040940284729;0.44705235958099365
2,350,76,74843619,1.0,99487;58690;58849;58914;78808;98292;57740;52071;32843;60628,0.6128605604171753;0.5347499847412109;0.4951024055480957;0.49128156900405884;0.4876367449760437;0.48415201902389526;0.48076844215393066;0.47623640298843384;0.4698219299316406;0.4694705009460449
2,351,399,75914988,1.0,93234;99575;93888;94310;99533;93711;95366;92879;93023;95329,0.8098814487457275;0.7967950105667114;0.7817015647888184;0.7782996296882629;0.7678747773170471;0.7520809173583984;0.7467480897903442;0.7458259463310242;0.7436270117759705;0.7407991886138916
2,352,218,75131906,1.0,75575;75283;76752;75401;75316;75918;75619;75665;98381;76570,0.6851745843887329;0.6716433763504028;0.667516827583313;0.6526727676391602;0.6477317214012146;0.6466692686080933;0.6367603540420532;0.6314023733139038;0.627495527267456;0.6137094497680664
2,353,305,78340560,1.0,60657;73129;67699;54516;60348;86554;73518;19853;19980;22037,0.5605208277702332;0.5363608598709106;0.5198594927787781;0.49252843856811523;0.4671975374221802;0.4354094862937927;0.4245089888572693;0.4231828451156616;0.41913455724716187;0.4188711643218994
2,354,391,73819962,1.0,99988;99842;73180;74419;72013;57543;50478;65992;66332;73367,0.840027928352356;0.7446093559265137;0.7258543968200684;0.7212008237838745;0.7209388017654419;0.7130920886993408;0.711932897567749;0.7089871168136597;0.7022624015808105;0.7005364894866943
2,355,473,74973578,1.0,92968;99873;81865;93515;83245;92767;81464;82487;92727;44085,0.5914454460144043;0.5531531572341919;0.5220142006874084;0.5017547607421875;0.4936326742172241;0.48562437295913696;0.4839569926261902;0.48197317123413086;0.4792613983154297;0.4765892028808594
2,356,441,73920650,1.0,7614;7404;88962;96525;83829;70717;68337;38511;67935;10332,0.5546042919158936;0.5243207812309265;0.4894763231277466;0.4883100390434265;0.48097407817840576;0.47440648078918457;0.47307389974594116;0.47263914346694946;0.47020554542541504;0.467044472694397
2,357,337,73968149,1.0,67286;67317;67334;67331;38439;67634;80567;67428;3960;67335,0.624633252620697;0.6213679909706116;0.6191664934158325;0.603868305683136;0.6000229120254517;0.5963655710220337;0.5951711535453796;0.5881574153900146;0.5833688974380493;0.5819238424301147
2,358,20,74855660,1.0,44446;22528;64519;15084;84881;1862;13378;22425;93287;22561,0.5068272352218628;0.4918730854988098;0.4429546594619751;0.4418599605560303;0.44028377532958984;0.44019079208374023;0.43364399671554565;0.4320736527442932;0.4275617003440857;0.42635202407836914
2,359,471,74212257,1.0,52380;56426;94791;96349;56466;57428;14257;95773;56370;57954,0.6358305215835571;0.6209367513656616;0.6201604604721069;0.616811990737915;0.6101550459861755;0.6091853976249695;0.6027853488922119;0.5906335115432739;0.5896549224853516;0.5852254033088684
2,360,137,80237499,1.0,83081;4920;52919;83018;5054;79969;69971;31035;99564;29377,0.655535101890564;0.6538167595863342;0.6329395174980164;0.6196316480636597;0.6019662618637085;0.5887411236763;0.5705204010009766;0.5614866018295288;0.56122225522995;0.5437560677528381
2,361,476,75505022,0.9,757;3769;27509;1448;27443;76398;80340;31053;97600;5209,0.46173709630966187;0.4405621290206909;0.42938220500946045;0.41583704948425293;0.4125305414199829;0.39182984828948975;0.38424253463745117;0.3828297257423401;0.3827661871910095;0.3765857219696045
2,362,227,73434945,1.0,99242;91356;91617;73988;99303;84366;84941;91463;84527;85129,0.6400865316390991;0.5976312160491943;0.5891353487968445;0.5888541340827942;0.5726127028465271;0.5702369213104248;0.5676781535148621;0.558992326259613;0.5588517189025879;0.5574227571487427
2,363,489,75167836,1.0,38354;74414;38439;38292;38368;74416;38341;38289;38429;74491,0.6539226770401001;0.6325257420539856;0.6306920647621155;0.6240969896316528;0.6202023029327393;0.614727795124054;0.6111799478530884;0.6066426038742065;0.6059861183166504;0.6026390790939331
2,364,312,74358105,1.0,38769;38953;39190;39439;38704;97389;97342;39393;97156;95203,0.6790968179702759;0.6260496377944946;0.5732407569885254;0.5506613850593567;0.5504107475280762;0.5500545501708984;0.5478007197380066;0.5438079833984375;0.5146701335906982;0.514289140701294
2,365,199,72747804,1.0,65743;73472;2192;22714;45511;63824;63363;63149;63416;21061,0.6468633413314819;0.6352748274803162;0.6330488920211792;0.6302911043167114;0.6285557150840759;0.6276254653930664;0.6269525289535522;0.6239020824432373;0.6232216358184814;0.6213335990905762
2,366,366,74196237,1.0,89651;91399;47404;60139;1235;2730;1366;60663;95377;20521,0.640468955039978;0.6350208520889282;0.6265919208526611;0.616030216217041;0.6129205226898193;0.6129205226898193;0.6064028143882751;0.6052418947219849;0.6035792827606201;0.6016501188278198
2,367,15,75523982,1.0,83743;39681;69548;64557;65701;86534;38053;51546;32695;70264,0.6899986267089844;0.6350089311599731;0.6330170631408691;0.6095103621482849;0.6090654730796814;0.5983938574790955;0.5942374467849731;0.5917518138885498;0.5875312089920044;0.5668654441833496
2,368,188,73637654,1.0,98149;98133;62400;62385;18699;55889;83536;96877;92131;69985,0.7244800329208374;0.6645874381065369;0.6354525089263916;0.6343116760253906;0.629250168800354;0.6275907754898071;0.6269785165786743;0.623430609703064;0.6194181442260742;0.6173677444458008
2,369,433,75484083,1.0,68426;6750;61419;82762;83104;83064;68414;8102;29374;83317,0.5081272721290588;0.48331308364868164;0.47466719150543213;0.4672778844833374;0.4649272561073303;0.4603263735771179;0.457988440990448;0.45798224210739136;0.4453132748603821;0.44504880905151367
2,370,135,75686691,1.0,84811;84875;85328;89382;74149;85413;63491;74257;84770;78461,0.660855770111084;0.6322147250175476;0.6036645174026489;0.6023536324501038;0.5984090566635132;0.58913254737854;0.5842623710632324;0.5816487669944763;0.5756524801254272;0.5578104257583618
2,371,435,74870360,1.0,99874;67144;98910;4826;49161;91837;52915;53637;55052;9922,0.6857091188430786;0.6551973819732666;0.634147047996521;0.6108628511428833;0.6088491678237915;0.6005681157112122;0.5972548723220825;0.5966249108314514;0.5800182223320007;0.5728338360786438
2,372,106,74283956,1.0,48160;53922;34902;53854;55511;29567;54414;44271;45480;34824,0.5734657049179077;0.5624808073043823;0.5498412847518921;0.5406742095947266;0.5403517484664917;0.5350182056427002;0.5326199531555176;0.5280989408493042;0.5278407335281372;0.5225727558135986
2,373,369,75879488,1.0,68696;20493;2999;60344;2081;96002;20217;65825;68664;20208,0.5762468576431274;0.5580227375030518;0.5354634523391724;0.5351381301879883;0.5021752715110779;0.4948035478591919;0.49323272705078125;0.48317229747772217;0.4788852334022522;0.47811728715896606
2,374,136,75182756,1.0,35420;25710;83950;33050;49329;7520;23633;97389;42868;77454,0.5781571269035339;0.5616059303283691;0.5536460280418396;0.5376399159431458;0.5329329371452332;0.5301811695098877;0.5249709486961365;0.517620325088501;0.5161370038986206;0.5080705881118774
2,375,383,74590382,1.0,99869;17895;17821;35128;89217;17894;35531;68826;25593;85394,0.9680580496788025;0.6611038446426392;0.6507651805877686;0.6468771696090698;0.6085735559463501;0.5695090889930725;0.5600022077560425;0.5478541254997253;0.5455214977264404;0.5419129133224487
2,376,157,75384603,1.0,82975;31306;89805;69212;34918;84456;61425;89601;89227;72924,0.5176299810409546;0.5125331878662109;0.47531282901763916;0.47464215755462646;0.47310739755630493;0.47021400928497314;0.46718817949295044;0.46469736099243164;0.4626641273498535;0.4620612859725952
2,377,402,75844779,1.0,284;50360;104;52887;2889;135;35842;46545;99676;35612,0.7149907350540161;0.6585841178894043;0.654475212097168;0.6382589340209961;0.629486083984375;0.6235865950584412;0.6225420236587524;0.6095839142799377;0.5693272352218628;0.5606124997138977
2,378,442,74739641,1.0,16039;16699;17040;16065;16978;17019;16774;24274;5394;26920,0.4939674735069275;0.49333226680755615;0.48460662364959717;0.48431509733200073;0.48222875595092773;0.4816674590110779;0.4755152463912964;0.4361649751663208;0.43447792530059814;0.4333656430244446
2,379,407,75018988,1.0,99880;36329;38502;75060;199;46317;42560;8615;61262;63826,0.5640432834625244;0.4766930341720581;0.46264147758483887;0.4570966362953186;0.4544740319252014;0.4420665502548218;0.43471670150756836;0.4299510717391968;0.42216718196868896;0.42001408338546753
2,380,499,74209377,1.0,32326;30546;32354;32206;32603;32271;32270;33051;32160;33273,0.693522036075592;0.6855005025863647;0.6745660305023193;0.6711090803146362;0.6692241430282593;0.6683522462844849;0.663181722164154;0.6521883606910706;0.6372462511062622;0.6359203457832336
2,381,303,74735081,1.0,53285;67317;22802;67334;67428;94976;53037;94965;67335;53060,0.8216162919998169;0.770714282989502;0.7574607729911804;0.7573167681694031;0.7537888884544373;0.7522565126419067;0.7503103017807007;0.7460818290710449;0.7451581954956055;0.7440257668495178
2,382,162,73759503,1.0,98713;99997;39047;98603;99821;48370;98307;62508;48288;67177,0.756570041179657;0.7492375373840332;0.7106165885925293;0.679740846157074;0.6740759015083313;0.6633855104446411;0.6615570783615112;0.6416794061660767;0.6163443326950073;0.6151639819145203
2,383,415,72651784,1.0,84314;32283;32396;32431;32206;30820;97686;34166;30546;32515,0.7205832004547119;0.7078624963760376;0.6967992782592773;0.6953794956207275;0.6933228969573975;0.6837043166160583;0.6831905841827393;0.6829761862754822;0.6788477897644043;0.6732426881790161
2,384,348,74498073,1.0,63365;84633;63478;84565;62868;62874;63377;63902;63784;63854,0.8007897138595581;0.7483819723129272;0.7325564622879028;0.7238470315933228;0.7227456569671631;0.7161274552345276;0.6973899602890015;0.6937159299850464;0.6143847703933716;0.6089193224906921
2,385,389,75474753,1.0,10462;58183;78186;54698;10422;44085;10103;95476;43483;47354,0.49024713039398193;0.479577898979187;0.4780151844024658;0.4754140377044678;0.46499085426330566;0.4520289897918701;0.44066065549850464;0.44019514322280884;0.4377412796020508;0.4259342551231384
2,386,187,74177917,1.0,99901;83885;87261;33990;99169;15737;48539;9694;13173;85367,0.6419409513473511;0.6206226944923401;0.6121412515640259;0.6005635261535645;0.5796836018562317;0.5773385763168335;0.5766615867614746;0.5733503103256226;0.5711976885795593;0.5706027150154114
2,387,335,75336034,1.0,82975;84456;31306;1355;61425;45705;33277;34918;34617;89805,0.6370106935501099;0.5927330851554871;0.5576891899108887;0.5132585167884827;0.5040737390518188;0.5033133625984192;0.5026923418045044;0.5025061964988708;0.4980074167251587;0.49697238206863403
2,388,153,73284397,1.0,21276;96013;74803;74718;22183;5435;25980;26366;4572;44142,0.6165894269943237;0.5877096056938171;0.583145022392273;0.5465549230575562;0.5100645422935486;0.5058807134628296;0.5017123818397522;0.49389469623565674;0.4934309124946594;0.4930253028869629
2,389,141,74559583,1.0,30385;30545;30297;30667;43517;24349;30638;31740;46303;23155,0.8557897806167603;0.846569299697876;0.8450879454612732;0.8376427888870239;0.8254216909408569;0.815101146697998;0.8051111102104187;0.792590856552124;0.7913880348205566;0.7899985313415527
2,390,244,74838030,1.0,82912;82724;44292;83348;87731;40259;79278;41147;36174;85064,0.6029160022735596;0.572136640548706;0.5684926509857178;0.5554745197296143;0.5508871078491211;0.5490038394927979;0.5428012609481812;0.5294501185417175;0.5283008813858032;0.5215548276901245
2,391,287,74120528,1.0,5787;2386;2596;98205;638;666;78251;639;1325;10391,0.82401442527771;0.7727522850036621;0.7243303656578064;0.6465175151824951;0.6448581218719482;0.6414980292320251;0.624693751335144;0.6155909895896912;0.6151662468910217;0.6120327711105347
2,392,250,74645882,1.0,81602;81815;79851;24555;17155;71910;71733;71656;79402;79244,0.6250068545341492;0.6236510276794434;0.5941559076309204;0.5906938910484314;0.584187924861908;0.5660699605941772;0.5624343156814575;0.5502118468284607;0.5490683317184448;0.5354974269866943
2,393,121,74438144,1.0,18897;18327;34871;18932;18726;19406;38947;19392;37930;37801,0.7370622158050537;0.7298600673675537;0.7242963314056396;0.720839262008667;0.7182391881942749;0.7001825571060181;0.6863725185394287;0.6845612525939941;0.6660975217819214;0.6605910062789917
2,394,373,74851199,1.0,72;9538;9809;48761;20970;220;48022;88176;1995;80300,0.5287280678749084;0.4944387674331665;0.492758572101593;0.47205162048339844;0.4675983786582947;0.4503706693649292;0.42448747158050537;0.42010390758514404;0.4148615598678589;0.40720343589782715
2,395,379,74849260,1.0,63772;82770;44427;56406;41263;18118;18193;63880;55665;85216,0.5595316886901855;0.5343218445777893;0.5288082361221313;0.5262050032615662;0.5241227149963379;0.5207338333129883;0.520592451095581;0.5107199549674988;0.5097629427909851;0.5085721611976624
2,396,166,75007768,1.0,93573;92702;12673;7276;92681;92773;12778;5793;21371;92596,0.5440167188644409;0.5415759086608887;0.5364850759506226;0.5184295177459717;0.5174843072891235;0.5068243741989136;0.4977887272834778;0.4974985122680664;0.49345141649246216;0.4930664896965027
2,397,479,75260056,1.0,94173;94193;78150;95242;61752;61792;45485;94327;94838;18769,0.4846559762954712;0.4767720699310303;0.46460211277008057;0.4626287817955017;0.461198627948761;0.4579809308052063;0.4534262418746948;0.45188015699386597;0.4436158537864685;0.44265514612197876
2,398,352,74602153,1.0,39989;39961;4301;53838;89888;91523;79471;79605;85628;87164,0.6091729402542114;0.5943769216537476;0.5878443717956543;0.5790881514549255;0.5785616636276245;0.5676215887069702;0.5551279187202454;0.5551279187202454;0.5436248779296875;0.5402894616127014
2,399,427,74406834,1.0,71852;72407;70897;72086;60190;70687;70956;69004;70768;24489,0.7289167046546936;0.6819640398025513;0.6544426083564758;0.6443676948547363;0.6435937881469727;0.6260892748832703;0.6256049871444702;0.6207805275917053;0.6144790649414062;0.6134329438209534
2,400,46,73778312,1.0,12079;11725;16218;21957;96705;11791;16362;96485;34162;16274,0.65350341796875;0.6245180368423462;0.6231536865234375;0.6176329255104065;0.605767011642456;0.5994049310684204;0.5986921787261963;0.5959439277648926;0.5924868583679199;0.5905534029006958
2,401,317,75729070,1.0,3329;89112;17581;74539;3545;75940;17297;29759;30162;17532,0.6796563267707825;0.66536945104599;0.6515607833862305;0.6481144428253174;0.6369774341583252;0.6272789835929871;0.6201654672622681;0.6135621070861816;0.6130402088165283;0.6124317646026611
2,402,91,74006079,1.0,28959;9694;43602;81141;80188;80792;42890;27597;81374;29082,0.6731650233268738;0.6641579866409302;0.6545675992965698;0.6428427696228027;0.6379602551460266;0.6320354342460632;0.6313106417655945;0.6031451225280762;0.6007723808288574;0.5971823930740356
2,403,115,77237293,1.0,98717;99994;38670;48324;34360;14357;63116;70138;66442;200,0.5230769515037537;0.5058248043060303;0.49874603748321533;0.487110435962677;0.47704237699508667;0.475280225276947;0.47378337383270264;0.47137272357940674;0.4679639935493469;0.4594871997833252
2,404,277,75164756,1.0,64985;72485;59443;79868;90539;56275;90411;90452;34007;90487,0.6276533603668213;0.6006665825843811;0.5839458703994751;0.579180121421814;0.5598201751708984;0.553659200668335;0.5535944700241089;0.5532458424568176;0.5515398979187012;0.5488137006759644
2,405,321,74020460,1.0,86257;26432;26813;53611;60847;42838;14700;34397;68477;41850,0.7184854745864868;0.6784835457801819;0.6564966440200806;0.6441857814788818;0.6363477110862732;0.6121915578842163;0.6032930016517639;0.6020516157150269;0.5991898775100708;0.59747314453125
2,406,336,73567244,1.0,62274;62315;62177;62362;34339;33603;62343;33355;13807;34084,0.8594354391098022;0.8498767018318176;0.838801920413971;0.8002147674560547;0.7516508102416992;0.7445135116577148;0.7387444972991943;0.7355225086212158;0.7351388931274414;0.7338416576385498
2,407,493,74239566,1.0,85642;34581;33964;34528;31300;85845;99281;85839;85513;30730,0.8103394508361816;0.801565408706665;0.7923622727394104;0.7104509472846985;0.7054896354675293;0.6913833618164062;0.690041720867157;0.6899107098579407;0.6870371103286743;0.6870087385177612
2,408,57,74400755,1.0,61002;2420;89585;56305;93236;93523;93371;32624;64772;2294,0.5550053715705872;0.5407843589782715;0.5312830209732056;0.517047107219696;0.5142362713813782;0.5071226358413696;0.5062708854675293;0.5052699446678162;0.502616822719574;0.4979751706123352
2,409,465,74254026,1.0,45869;28153;45839;45899;45742;92407;65249;28167;51601;46140,0.617198646068573;0.6041461825370789;0.6010328531265259;0.5857398509979248;0.585644006729126;0.5499898791313171;0.5410732626914978;0.5371997356414795;0.5355218648910522;0.5345673561096191
2,410,169,73378866,1.0,94752;87599;32458;78553;84352;99670;85546;93556;84609;99620,0.6875631809234619;0.6572925448417664;0.5829654932022095;0.579404354095459;0.5785561800003052;0.5776136517524719;0.5752243995666504;0.5722370743751526;0.568212628364563;0.5659202933311462
2,411,487,75367234,1.0,86241;70138;38670;87169;17726;7807;49937;8101;99994;57041,0.4719662070274353;0.4702327251434326;0.4622344374656677;0.451185941696167;0.4378257393836975;0.4377843737602234;0.4357771873474121;0.43060392141342163;0.43024754524230957;0.42868053913116455
2,412,147,73632693,1.0,50614;40201;35976;42975;38523;43973;70904;52393;68169;34271,0.6109144687652588;0.5903401374816895;0.5890556573867798;0.5694888234138489;0.5482136011123657;0.5092799067497253;0.5060195326805115;0.5021458864212036;0.5015043020248413;0.49349653720855713
2,413,413,73813021,1.0,23816;69004;12595;68936;24476;72086;72407;70956;69145;24605,0.6686561107635498;0.6471635103225708;0.623961865901947;0.6222294569015503;0.6154597997665405;0.6042158603668213;0.6019030809402466;0.5973459482192993;0.5903311967849731;0.5886257886886597
2,414,234,73832322,1.0,93939;84734;95143;95263;99884;94175;95130;85741;74635;77267,0.6775988936424255;0.6608294248580933;0.6419864892959595;0.6375373601913452;0.6326950788497925;0.6318955421447754;0.6245197057723999;0.6147726774215698;0.5718926191329956;0.5461078882217407
2,415,449,74754831,1.0,77681;76359;69007;94222;94424;94330;94130;69138;94334;58726,0.5823652744293213;0.5724685788154602;0.5588817000389099;0.5328283309936523;0.5258095264434814;0.520336389541626;0.5193434953689575;0.5175387859344482;0.4980323910713196;0.4948813319206238
2,416,286,74566093,1.0,50089;34221;47053;50085;47686;32560;91016;93554;95375;79798,0.4819183945655823;0.47077882289886475;0.4704989790916443;0.46465736627578735;0.4635089635848999;0.4605024456977844;0.4555385112762451;0.45516490936279297;0.4513434171676636;0.45020246505737305
2,417,65,74823220,1.0,99988;99842;55063;73180;74419;72013;72091;73974;65992;50478,0.8043152689933777;0.7713993191719055;0.6811680197715759;0.6712656617164612;0.6669814586639404;0.665558397769928;0.6630805730819702;0.6583113670349121;0.6561245322227478;0.6542530059814453
2,418,101,74396295,1.0,4920;79969;83081;64806;83018;64805;48980;33720;79373;62493,0.6757354736328125;0.669499397277832;0.6675362586975098;0.651457667350769;0.6029073596000671;0.5999077558517456;0.5997215509414673;0.5984241366386414;0.5927375555038452;0.5851765871047974
2,419,119,74079458,1.0,99895;94761;80215;94939;14599;95310;96266;14380;23449;23249,0.7652332782745361;0.6595959067344666;0.6212571859359741;0.6160030364990234;0.6107131242752075;0.6064598560333252;0.594131350517273;0.5939403772354126;0.5935996770858765;0.590234637260437
2,420,316,73585594,1.0,31663;43517;30385;32003;30297;30667;30545;30478;30479;31740,0.8550375699996948;0.8365820646286011;0.8301441669464111;0.8260853290557861;0.8249822854995728;0.8141809701919556;0.8073998689651489;0.8016043305397034;0.7993274331092834;0.7884894609451294
2,421,125,74994987,1.0,59202;58474;59262;58688;45429;63152;49139;42169;85373;46860,0.7046381235122681;0.6646405458450317;0.6559245586395264;0.647454023361206;0.6294859051704407;0.6254935264587402;0.6149612069129944;0.5950043201446533;0.5902552008628845;0.5891879200935364
2,422,202,74263316,1.0,99948;99868;57883;98034;96876;96985;96828;77625;96907;96838,0.6658874154090881;0.646926999092102;0.6105812788009644;0.6028608679771423;0.5714598894119263;0.5703179836273193;0.5688605308532715;0.5682052373886108;0.5655093193054199;0.5532333850860596
2,423,47,75618091,1.0,99517;95329;94048;95366;94076;93234;95261;93888;93049;94002,0.6022002696990967;0.5902068614959717;0.5746508240699768;0.5623356699943542;0.5597240924835205;0.5505246520042419;0.5495836138725281;0.5341768264770508;0.5320557355880737;0.5200525522232056
2,424,262,73591014,1.0,43726;44137;43783;43920;77051;77093;77086;44573;77164;77776,0.7184114456176758;0.7087470293045044;0.7057741284370422;0.6518096923828125;0.6375144720077515;0.6290092468261719;0.6214934587478638;0.6187361478805542;0.6171189546585083;0.6072909832000732
2,425,97,75342524,1.0,13699;12523;9552;9591;12071;13243;12476;12055;88397;12465,0.7413784265518188;0.6781255602836609;0.6621862053871155;0.6571497917175293;0.6138883829116821;0.5687776803970337;0.5648542642593384;0.5641539692878723;0.5638177990913391;0.5626614093780518
2,426,104,74746201,1.0,97812;97079;78006;97497;97180;97204;99861;97362;19437;8207,0.7484062314033508;0.7257606983184814;0.6998441219329834;0.6947097778320312;0.6839990615844727;0.6516019105911255;0.6408546566963196;0.6258829832077026;0.6199338436126709;0.6138756275177002
2,427,467,75548182,1.0,16531;67053;87077;8738;76929;53117;6989;76130;66190;6702,0.45679664611816406;0.43903905153274536;0.43290817737579346;0.4263187050819397;0.4217110872268677;0.4185672402381897;0.4183705449104309;0.41101497411727905;0.41066598892211914;0.4103691577911377
2,428,58,74499454,1.0,99871;96829;76441;18706;96910;39586;90248;96895;84860;69485,0.681026816368103;0.5760591626167297;0.5681702494621277;0.5556729435920715;0.5510081052780151;0.5506867170333862;0.5469330549240112;0.5344240069389343;0.5322784185409546;0.5253016352653503
2,429,105,75282835,1.0,30662;34432;30672;37120;2843;37264;22534;26774;91059;72837,0.43362289667129517;0.39953839778900146;0.3908355236053467;0.38670259714126587;0.3839385509490967;0.38194137811660767;0.38192713260650635;0.37759339809417725;0.3767760992050171;0.3728523254394531
2,430,70,73118819,1.0,51357;49850;49133;49148;49542;49537;49470;49596;49788;50715,0.8587819337844849;0.8115479946136475;0.8038353323936462;0.8017427921295166;0.7943687438964844;0.7885923385620117;0.7804398536682129;0.7796952128410339;0.7791914939880371;0.7786445617675781
2,431,223,75677600,1.0,98656;99001;98578;99276;98844;99047;98442;99865;98548;99638,0.6690238118171692;0.6638213396072388;0.6636297702789307;0.6542497873306274;0.6426109075546265;0.6355865001678467;0.6339657306671143;0.6296535134315491;0.6290784478187561;0.6289406418800354
2,432,424,76998245,1.0,99887;97105;72711;12445;79096;91426;96344;84790;85003;31765,0.6772395372390747;0.5387665629386902;0.5373415946960449;0.520887017250061;0.5206762552261353;0.5071582794189453;0.5070910453796387;0.5055201053619385;0.5027264356613159;0.5013473033905029
2,433,177,74584703,1.0,15582;15709;15725;15724;18268;15845;15829;15997;15972;16067,0.7149001955986023;0.7045531868934631;0.692198634147644;0.6888264417648315;0.6728324294090271;0.6708373427391052;0.6703585386276245;0.6592771410942078;0.6434680819511414;0.6425744891166687
2,434,400,74847750,1.0,99874;67144;79129;84188;49161;53637;52915;91837;36248;98910,0.8350961208343506;0.6675259470939636;0.5710266828536987;0.5407627820968628;0.5323917865753174;0.5230013132095337;0.5213824510574341;0.5210554003715515;0.5163323283195496;0.5118459463119507
2,435,27,75876618,1.0,35842;99498;46545;37271;99676;36612;74366;28177;35612;28384,0.7593405246734619;0.7535296678543091;0.7357950210571289;0.7203952074050903;0.7044249773025513;0.6841139793395996;0.677230715751648;0.6717022061347961;0.652489423751831;0.6410484910011292
2,436,88,73934010,1.0,25979;25995;50938;59642;57797;52362;77871;76360;23073;1701,0.6274040937423706;0.5689243078231812;0.5613759756088257;0.5506963729858398;0.5317659378051758;0.5230410099029541;0.5205506086349487;0.5176001787185669;0.5062134265899658;0.5054739713668823
2,437,229,75703370,1.0,38439;38292;38289;38341;74388;38429;74414;38296;74416;74491,0.8318440914154053;0.8241878747940063;0.7938134074211121;0.7898147106170654;0.7501512169837952;0.7286393642425537;0.7183154821395874;0.7121157050132751;0.7028390765190125;0.7028149962425232
2,438,275,74411705,1.0,95263;95130;93939;95143;85741;77267;99884;94175;74635;84734,0.672081708908081;0.6623625755310059;0.655068039894104;0.6300398707389832;0.6216737627983093;0.6124069094657898;0.604075014591217;0.5875509977340698;0.5772016048431396;0.5543258190155029
2,439,111,74060789,1.0,36068;99968;5287;9266;65819;35559;67489;35565;99995;58388,0.6500986218452454;0.6482702493667603;0.6463636159896851;0.6463636159896851;0.6442133188247681;0.6441622972488403;0.6415726542472839;0.6298273801803589;0.6202878952026367;0.6200790405273438
2,440,49,73446626,1.0,49943;50601;49470;49133;49455;50823;49850;49542;49682;49537,0.9968053102493286;0.9078898429870605;0.886447548866272;0.8814194798469543;0.872046947479248;0.8697306513786316;0.8695597648620605;0.8654742240905762;0.8633571267127991;0.8566601276397705
2,441,251,74763061,1.0,88945;66491;88347;81099;88702;89664;81347;90681;81429;87774,0.6012866497039795;0.5264702439308167;0.4667700529098511;0.46558940410614014;0.45728206634521484;0.45528870820999146;0.4542859196662903;0.45342808961868286;0.4473841190338135;0.4448738098144531
2,442,174,73093720,1.0,99672;99453;99381;99522;99430;99384;99809;59332;99596;99658,0.752968966960907;0.6419895887374878;0.6023752093315125;0.5955853462219238;0.5899465084075928;0.5898313522338867;0.571748673915863;0.5705527067184448;0.5683966875076294;0.5580348968505859
2,443,423,72717994,1.0,33479;62219;54720;34816;25381;79768;26395;67757;34714;68205,0.6695547103881836;0.662040114402771;0.6428523063659668;0.6342954635620117;0.6335979700088501;0.632975161075592;0.6306487917900085;0.6255786418914795;0.625482439994812;0.6253781318664551
2,444,94,73045180,1.0,99792;99636;99644;99652;99775;99546;99620;99483;93455;99996,0.918399453163147;0.9040076732635498;0.9025880694389343;0.8989931344985962;0.8964478969573975;0.8902640342712402;0.8840088844299316;0.8745518326759338;0.8665584325790405;0.8607929944992065
2,445,21,74175127,1.0,99880;10341;63826;11764;30809;98318;59117;199;48940;11850,0.6664214134216309;0.44723761081695557;0.42879366874694824;0.4136173725128174;0.3992685079574585;0.39631396532058716;0.39492225646972656;0.3931461572647095;0.3917829394340515;0.3911406397819519
2,446,103,74930599,1.0,65986;74347;85100;37400;87934;36482;62634;40489;66358;87127,0.5365269184112549;0.48370838165283203;0.46516817808151245;0.4361773729324341;0.41358524560928345;0.37082672119140625;0.3681495189666748;0.36588841676712036;0.3646230697631836;0.36437028646469116
2,447,455,76742669,1.0,78488;76968;85872;77034;75136;74392;50442;71242;84428;85947,0.7869242429733276;0.7243572473526001;0.6444917917251587;0.6328902840614319;0.6240680813789368;0.6119915843009949;0.6053065657615662;0.6026557087898254;0.6004856824874878;0.5985145568847656
2,448,10,75783169,1.0,93729;95417;72318;56702;72360;76514;99958;756;96114;26156,0.7042524814605713;0.6969096064567566;0.6683027148246765;0.6458683609962463;0.6031961441040039;0.5948952436447144;0.5867507457733154;0.5653438568115234;0.5137524604797363;0.49170470237731934
2,449,95,71988122,1.0,92712;98795;89813;74490;98641;36005;6627;93046;44051;83674,0.6023153066635132;0.5599926710128784;0.5556818842887878;0.5347008109092712;0.5164090394973755;0.5159171223640442;0.5108438730239868;0.5103957653045654;0.5002726316452026;0.4982626438140869
2,450,186,72945941,1.0,99903;98278;99168;98780;94251;99114;94396;14726;99349;95191,0.6821521520614624;0.6141693592071533;0.6005808711051941;0.5635319948196411;0.5212842226028442;0.5004050135612488;0.4997031092643738;0.4949679374694824;0.4935567378997803;0.48466992378234863
2,451,43,73737012,1.0,91893;91992;94772;92590;95746;33285;92628;34976;34574;35352,0.6472299098968506;0.6428976655006409;0.6391474604606628;0.636838436126709;0.629967451095581;0.6241862177848816;0.6177627444267273;0.6136832237243652;0.6115217804908752;0.6111252307891846
2,452,156,73341517,1.0,13980;25825;14759;12215;18815;14463;21603;19756;19842;19740,0.8148611187934875;0.7993972301483154;0.796008825302124;0.7910342216491699;0.7868854403495789;0.7835455536842346;0.7696877121925354;0.7670812010765076;0.7485486268997192;0.7484238147735596
2,453,175,73654202,1.0,84633;91143;41060;63478;37198;95630;37412;62868;62874;4647,0.5458317399024963;0.5453454852104187;0.4963904619216919;0.483578622341156;0.47260385751724243;0.46582120656967163;0.46418285369873047;0.4640638828277588;0.45963895320892334;0.4593927264213562
2,454,203,73313447,1.0,78702;79952;80209;25710;8466;4496;35420;99714;81183;66205,0.6189261674880981;0.6169759631156921;0.6011512875556946;0.5783597230911255;0.5699297189712524;0.5698753595352173;0.567062497138977;0.5604593753814697;0.5583420991897583;0.548238217830658
2,455,351,74577513,1.0,99533;99575;93888;92879;94002;95261;93023;92780;93690;93234,0.8094713687896729;0.8089240789413452;0.7862951755523682;0.7789655923843384;0.7696212530136108;0.7685744762420654;0.766930341720581;0.7578229308128357;0.7399059534072876;0.7394299507141113
2,456,368,73481275,1.0,26459;58635;28034;59124;50828;84730;60628;37641;58662;66870,0.5569870471954346;0.5534322261810303;0.5427774786949158;0.5392426252365112;0.534209132194519;0.5340893268585205;0.5305162072181702;0.5259694457054138;0.5255348682403564;0.5206711888313293
2,457,497,74493244,1.0,93484;94409;89135;80279;95031;93692;80149;94983;93891;95191,0.6358668804168701;0.5891085267066956;0.5834847688674927;0.5827526450157166;0.5522737503051758;0.5500476956367493;0.5454186201095581;0.5421223640441895;0.5360771417617798;0.5050209164619446
2,458,148,73716072,1.0,23724;17780;23299;81136;33132;33133;25223;64647;23721;56707,0.7358708381652832;0.7245165705680847;0.7089632749557495;0.7024664282798767;0.6886885166168213;0.6879376769065857;0.6843286752700806;0.6809073090553284;0.6792407035827637;0.6786593794822693
2,459,371,74881320,1.0,23186;23191;81880;20559;28953;7091;20200;19959;66725;6752,0.4436837434768677;0.42967820167541504;0.40545302629470825;0.40017151832580566;0.3999655246734619;0.3916511535644531;0.3878779411315918;0.3826358914375305;0.37686002254486084;0.3736155033111572
2,460,364,73580434,1.0,9717;12185;12523;9920;65074;12476;12465;10502;9791;80544,0.715334951877594;0.6999334692955017;0.6966415643692017;0.6763328909873962;0.6685938835144043;0.667056679725647;0.6488699913024902;0.6464017629623413;0.6457372903823853;0.6279131174087524
2,461,267,75548352,1.0,82912;44292;27789;82724;27529;33904;39417;41147;33510;87731,0.604608416557312;0.584314227104187;0.5750386714935303;0.5743306875228882;0.5694471597671509;0.5532006025314331;0.5492247343063354;0.548552393913269;0.5467406511306763;0.5431457757949829
2,462,292,74118647,1.0,44085;43605;43640;43396;74913;43483;92710;42952;4000;92739,0.6613503694534302;0.6381916999816895;0.6361614465713501;0.5983883142471313;0.5920904874801636;0.5883632898330688;0.584455132484436;0.5719183683395386;0.5702559351921082;0.5621501207351685
2,463,463,75469962,1.0,36612;37271;99498;35842;49390;74366;99676;77173;62132;44960,0.7040483355522156;0.6951119899749756;0.6531552076339722;0.5955466032028198;0.5856174230575562;0.5777942538261414;0.5717042684555054;0.5661065578460693;0.5555809140205383;0.5486550331115723
2,464,11,74257317,1.0,10884;10617;71278;10934;16121;26644;26539;85319;35171;70987,0.6099876761436462;0.6031607389450073;0.5688997507095337;0.5513877272605896;0.5403956770896912;0.5373433828353882;0.5290716886520386;0.5262402892112732;0.5234792828559875;0.5160640478134155
2,465,7,76311723,1.0,28948;28833;6217;41097;27876;28094;33610;61370;30894;33576,0.581961989402771;0.5678068399429321;0.512604832649231;0.471882700920105;0.4693031907081604;0.46225762367248535;0.4555760622024536;0.45238637924194336;0.449762761592865;0.4416489601135254
2,466,299,74534753,1.0,31091;19444;40705;30823;22370;7676;10681;66399;83939;23665,0.4584847092628479;0.43448352813720703;0.4310920238494873;0.42425429821014404;0.4145604968070984;0.41030699014663696;0.41029369831085205;0.40712010860443115;0.4035698175430298;0.4013058543205261
2,467,63,75483113,1.0,45961;88280;96740;54659;54671;53276;53142;92819;30825;68250,0.5260547399520874;0.5143439769744873;0.496341347694397;0.49593108892440796;0.489591121673584;0.4880380630493164;0.485828697681427;0.48165082931518555;0.47981715202331543;0.47814416885375977
2,468,409,75276665,1.0,19314;56831;55587;38361;38953;9737;18684;39246;52992;21932,0.5260834693908691;0.5164604187011719;0.4911004304885864;0.47915124893188477;0.4778519868850708;0.4666098952293396;0.4604918956756592;0.4599384665489197;0.45626139640808105;0.4520610570907593
2,469,349,79949212,1.0,99242;91356;73988;91190;84527;91210;91617;85129;91463;91290,0.6169154644012451;0.5840613842010498;0.5650585889816284;0.5650182962417603;0.5620669722557068;0.5532176494598389;0.5484997034072876;0.5473045110702515;0.5455431938171387;0.5443763732910156
2,470,216,78602247,1.0,99654;82841;99826;99858;82098;80500;80691;81006;67987;80941,0.8192189931869507;0.7566678524017334;0.7476649284362793;0.7267910242080688;0.7185714244842529;0.7000561356544495;0.6930645704269409;0.6896113157272339;0.6762117147445679;0.6758861541748047
2,471,255,76729589,1.0,28286;86755;28265;59354;9493;74314;28295;10344;28486;9448,0.9257316589355469;0.9127683639526367;0.9098060131072998;0.8655399084091187;0.8634154200553894;0.8616716861724854;0.8602613210678101;0.8573307991027832;0.8559185862541199;0.8487060070037842
2,472,322,75153657,1.0,59486;80045;80208;73224;57301;87699;30445;98014;79931;51295,0.46888530254364014;0.4596901535987854;0.4359394907951355;0.4344484210014343;0.4216867685317993;0.4194549322128296;0.4105685353279114;0.40819382667541504;0.4056297540664673;0.4027995467185974
2,473,411,75094187,1.0,64904;80197;47973;46341;47628;46926;47772;67127;84740;74359,0.6538833379745483;0.5790556073188782;0.5694261193275452;0.561303973197937;0.5218103528022766;0.5056284666061401;0.5051218271255493;0.49264049530029297;0.4911576509475708;0.48965978622436523
2,474,45,74640562,1.0,23729;4647;95630;96024;23691;73870;37412;59736;37198;59400,0.5277919173240662;0.5105575919151306;0.5094311237335205;0.5004743337631226;0.4991897940635681;0.49843716621398926;0.49671363830566406;0.4939069151878357;0.4922236204147339;0.49086451530456543
2,475,35,74896449,1.0,96978;84033;55309;62854;62930;89578;62792;99710;90461;98421,0.7049221992492676;0.5077661275863647;0.5027673244476318;0.5005441308021545;0.5003224015235901;0.48125624656677246;0.4771794080734253;0.4734722375869751;0.46621084213256836;0.4597771167755127
2,476,445,73664943,1.0,23070;65497;92953;57989;99780;33803;17430;89505;34451;50258,0.47989940643310547;0.4768873453140259;0.4744260311126709;0.4704986810684204;0.4519294500350952;0.4502773880958557;0.44977807998657227;0.44928479194641113;0.44593673944473267;0.4429091215133667
2,477,85,74257827,1.0,83743;39681;65701;69548;51546;38053;64557;86534;32292;70264,0.7198916077613831;0.6581540703773499;0.6389758586883545;0.6291033029556274;0.6208450198173523;0.6194217205047607;0.6135649681091309;0.5994831323623657;0.5907597541809082;0.5695801377296448
2,478,233,73889021,1.0,99891;55522;52566;51790;52961;52803;52061;52234;51788;52336,0.9248489141464233;0.5555978417396545;0.5415929555892944;0.5351657867431641;0.5350635647773743;0.524568498134613;0.5233044028282166;0.5134493708610535;0.5112775564193726;0.5091513991355896
2,479,319,74402555,1.0,91754;4425;23692;59985;23916;96075;12415;4937;24011;12412,0.7132436633110046;0.6786864995956421;0.6522899866104126;0.6496371030807495;0.6398668885231018;0.6275696158409119;0.6230897903442383;0.6178405284881592;0.6172856092453003;0.6080670356750488
2,480,426,74348456,1.0,99289;99444;99390;97189;6725;98134;96985;99240;99375;96887,0.5549103021621704;0.5488680005073547;0.5280286073684692;0.526894211769104;0.5098022818565369;0.5083233714103699;0.5076063871383667;0.5058523416519165;0.5028007626533508;0.4934130311012268
2,481,357,75068298,1.0,85479;84796;66342;29473;96542;31757;95043;85703;11875;38137,0.6533912420272827;0.5798146724700928;0.5735640525817871;0.5644346475601196;0.5638954639434814;0.5553505420684814;0.5525895953178406;0.5506945848464966;0.5500165224075317;0.5458145141601562
2,482,179,74022349,1.0,99988;99842;55063;53558;53787;72013;53862;74419;73180;53827,0.8707513809204102;0.7830784320831299;0.6563715934753418;0.6499655842781067;0.6480780839920044;0.6467398405075073;0.63917475938797;0.6378947496414185;0.6307461857795715;0.6289651393890381
2,483,211,74504113,1.0,99821;36975;98603;98307;98331;98713;98540;36322;98348;98399,0.6331733465194702;0.6023266315460205;0.6009487509727478;0.6008951663970947;0.5787961483001709;0.5711084008216858;0.5645548105239868;0.562333345413208;0.5544157028198242;0.5517506003379822
2,484,54,74559863,1.0,96392;95981;29081;94866;94284;29064;97726;93891;96606;94983,0.69880211353302;0.644056499004364;0.6403418183326721;0.6400065422058105;0.635718584060669;0.6357005834579468;0.6337446570396423;0.6331711411476135;0.6252992153167725;0.6217414140701294
2,485,361,73159579,1.0,52380;57954;60877;82411;9913;94791;56466;13912;66387;55929,0.729689359664917;0.6545684337615967;0.6142274141311646;0.6045150756835938;0.5993454456329346;0.5868430733680725;0.5787696838378906;0.5763497352600098;0.5746791362762451;0.5665335059165955
2,486,425,73291907,1.0,63432;63800;60534;61034;63760;60501;60843;60713;60374;66748,0.8262330293655396;0.7865716814994812;0.7445990443229675;0.7106775045394897;0.6983259916305542;0.6934810876846313;0.6857272982597351;0.6762006282806396;0.6577463150024414;0.6458856463432312
2,487,79,75386894,1.0,94739;97417;94681;94279;96524;36857;96416;96645;94811;33936,0.6441982984542847;0.6432837247848511;0.6137257814407349;0.6065076589584351;0.5871879458427429;0.5788109302520752;0.577170193195343;0.5747758150100708;0.5737003087997437;0.5718226432800293
2,488,242,72621575,1.0,40311;60266;34216;38555;29081;32051;40122;59153;32502;30099,0.6741983294487;0.6515921950340271;0.62287837266922;0.6142003536224365;0.602465033531189;0.5988832712173462;0.5828999280929565;0.581831693649292;0.5608882904052734;0.5565589666366577
2,489,39,74397595,1.0,99778;99799;99709;96558;99782;45762;47025;16463;3041;80124,0.7161986827850342;0.7077280879020691;0.6562178730964661;0.6439293026924133;0.6406125426292419;0.5989363193511963;0.5948274731636047;0.585408091545105;0.5827613472938538;0.5653639435768127
2,490,278,73896350,1.0,91143;84633;63478;84565;62868;62874;96268;41060;63902;37198,0.7095228433609009;0.6426404714584351;0.6170064210891724;0.6150157451629639;0.557519793510437;0.5484405159950256;0.5470376014709473;0.5350393056869507;0.5337343215942383;0.5335251092910767
2,491,127,74619412,1.0,13980;12215;14759;15395;11690;14463;72878;19740;11655;25825,0.8710465431213379;0.8338290452957153;0.8314718008041382;0.8261697292327881;0.811457097530365;0.8068355321884155;0.8052117824554443;0.7966314554214478;0.7916700839996338;0.7721518278121948
2,492,315,73086609,1.0,82975;31306;33277;34918;34617;45705;64182;33909;43840;84456,0.5950221419334412;0.5304684638977051;0.5189216732978821;0.5109053254127502;0.49696099758148193;0.4928241968154907;0.49162793159484863;0.47277867794036865;0.4650242328643799;0.462130069732666
2,493,23,75348765,1.0,92285;93075;98918;54912;12139;56439;9575;41527;41925;55064,0.8180884122848511;0.6885268688201904;0.681260347366333;0.6573196053504944;0.6379539966583252;0.6364436745643616;0.5961580276489258;0.5930414199829102;0.5895213484764099;0.585479199886322
2,494,245,73849851,1.0,38769;38953;38704;39190;48299;79147;38859;55587;97389;59716,0.5996279716491699;0.574883222579956;0.5516561269760132;0.5382372140884399;0.5245338678359985;0.49298757314682007;0.4925401210784912;0.48826032876968384;0.4876518249511719;0.48695629835128784
2,495,143,75649140,1.0,17155;81815;81602;24555;14607;18126;95116;47687;43517;77150,0.5287662744522095;0.5233290195465088;0.5161759853363037;0.5150235891342163;0.47191816568374634;0.4466499090194702;0.44627755880355835;0.4412806034088135;0.42749565839767456;0.4258161783218384
2,496,240,74235756,1.0,1175;36094;1513;1166;31082;82606;91975;91985;96629;27467,0.5774574279785156;0.5752865672111511;0.5721808671951294;0.5698503255844116;0.5657899379730225;0.5520457029342651;0.542294442653656;0.5398394465446472;0.5250705480575562;0.523834764957428
2,497,403,74141698,1.0,99891;52961;52566;55522;52061;51790;52803;52234;51788;55562,0.8600928783416748;0.5750246047973633;0.568813145160675;0.5671515464782715;0.559941291809082;0.5537482500076294;0.5495319366455078;0.5437585115432739;0.5423609018325806;0.5341224670410156
2,498,80,74814200,1.0,83484;18860;83938;94357;86632;62460;83481;64775;23511;47738,0.6400935649871826;0.5725219249725342;0.5680088996887207;0.5669341087341309;0.5553672313690186;0.555300772190094;0.5525410175323486;0.5388307571411133;0.5352671146392822;0.5351550579071045
2,499,387,75552122,1.0,287;75502;70339;4318;4037;4039;50434;41993;47638;18497,0.5531356334686279;0.5293020009994507;0.48563408851623535;0.4605642557144165;0.43299347162246704;0.4121859669685364;0.4102916121482849;0.40790414810180664;0.3980850577354431;0.37326669692993164
