split,query_index,ids
tuning,0,97120;30758;87064;35728;6644;31080;24826;94322;35572;7560
tuning,1,20828;43012;55916;19522;36172;63958;46300;5992;22144;6558
tuning,2,33556;69818;82350;2026;18602;97124;4169;63500;20694;22568
tuning,3,21046;81634;28948;60878;81382;80840;49056;34794;49102;16780
tuning,4,53030;24850;15850;43594;23100;20830;9940;69626;358;70666
tuning,5,18602;20936;19576;18726;19254;4169;39008;22144;92670;23790
tuning,6,99709;1330;55176;2994;496;13514;10528;22160;54194;7150
tuning,7,56370;94560;96056;2774;54258;62944;19658;57048;36390;15022
tuning,8,53284;35155;12856;77080;72686;53421;97698;32734;87388;34814
tuning,9,69662;49174;15480;724;29126;36917;58240;69818;10310;4658
tuning,10,99020;99564;91580;74396;63343;62434;30194;50070;71866;70131
tuning,11,62764;70848;24043;34536;10310;51568;89896;46339;71876;26960
tuning,12,15874;20488;48244;60388;62044;47754;97636;83638;65974;27084
tuning,13,37220;41092;684;80784;58578;19128;28376;59164;75858;37654
tuning,14,65244;55686;64834;11164;3042;82992;61408;3747;30758;3636
tuning,15,9254;14262;84806;16780;64522;77496;45373;22872;9472;33110
tuning,16,99709;54194;96912;22160;8943;80668;26574;34542;5082;42789
tuning,17,2047;910;17382;23030;35456;94242;59164;77368;75309;522
tuning,18,22718;45764;96146;74836;63958;21320;21278;72456;40014;71646
tuning,19,97124;20376;52764;33556;13958;29734;36030;30242;13670;55150
tuning,20,87201;26528;88972;76563;90112;59280;16215;39084;71644;1071
tuning,21,21320;74836;40286;22718;28376;75858;69818;540;72456;21162
tuning,22,37220;88676;35124;26032;14160;98700;14992;64060;13880;98636
tuning,23,88972;76563;87201;26528;35494;90112;71644;49572;16215;8604
tuning,24,90350;98636;98731;37596;86180;90614;93798;33328;59096;12148
tuning,25,9312;14847;77306;51154;81854;77496;12428;61398;81372;31227
tuning,26,97120;6644;35728;31080;33206;24826;18426;35572;32020;6326
tuning,27,1080;2344;574;97120;62213;522;35114;27626;11032;6066
tuning,28,97120;6644;35728;31080;5946;24826;30758;33206;32020;18814
tuning,29,18794;39232;26556;40034;40971;40310;30904;98142;24458;2604
tuning,30,84858;72527;51470;15709;78760;4154;26970;71330;16116;2863
tuning,31,61556;76623;51702;16648;82659;7088;38345;10004;39403;5484
tuning,32,91992;92700;23671;26182;23570;23754;63030;69510;49452;5002
tuning,33,25442;49848;21656;50008;89808;26970;38750;19828;78760;23527
tuning,34,57089;85552;48834;16100;44702;2462;15419;732;11802;1342
tuning,35,78174;96238;5992;70237;10760;97440;25934;56490;66774;11758
tuning,36,1011;40868;57712;76818;85658;11220;33882;40946;12224;59461
tuning,37,24114;41060;10316;14902;4934;59770;3979;21652;7370;10972
tuning,38,95414;94002;89125;32302;40628;22416;25168;64484;18512;56558
tuning,39,2068;91243;98102;99516;99476;65880;93036;97959;10610;58484
tuning,40,99434;340;376;21016;53421;63880;7998;36044;30186;69619
tuning,41,99498;47582;98080;104;68945;86510;28034;76996;29068;77252
tuning,42,85584;43874;33638;17326;22546;45174;86016;32719;87728;27124
tuning,43,81074;69164;67560;76453;14064;3994;38086;2967;38016;5424
tuning,44,20952;22476;28912;17926;15200;2618;59580;36210;85676;42790
tuning,45,26970;3154;78760;5730;86259;82216;9392;25442;70954;25424
tuning,46,26919;20130;80658;97806;28188;23702;57876;2474;8451;10125
tuning,47,14726;1756;13190;57757;47424;29514;96804;7560;94954;12596
tuning,48,85328;79358;79646;70131;38920;63343;21694;50070;71866;51842
tuning,49,56930;32598;70214;25047;56160;37636;31946;81085;48154;14780
tuning,50,10276;51604;39102;39406;33270;80286;26276;57546;57410;26052
tuning,51,94748;86754;94570;94434;31584;75354;4539;75208;84240;89917
tuning,52,55576;78164;83094;22494;90476;17368;83552;19170;98194;90635
tuning,53,99916;24362;28812;37108;9762;54086;24772;6152;2078;22816
tuning,54,93798;86180;89151;98012;8550;83820;90350;98636;93800;6536
tuning,55,22718;45764;87902;96146;580;1322;83456;78590;8506;46412
tuning,56,60388;62044;22567;19274;36480;43625;41010;71348;68114;47926
tuning,57,85552;57089;48834;16100;2462;1342;6134;15419;44702;87520
tuning,58,2144;84276;11698;10540;79494;11696;19542;38964;99780;67772
tuning,59,50190;90712;44828;93591;15282;85110;7148;41472;2373;11698
tuning,60,16990;39105;31368;84806;86548;12134;77252;45770;91970;22500
tuning,61,67668;39642;86628;14206;87554;34776;20424;21712;32510;23338
tuning,62,23234;60662;90028;9064;96948;61945;12224;82770;19578;59502
tuning,63,21260;99678;32320;43054;3792;91033;1440;59776;9726;90208
tuning,64,97120;1080;6066;522;2344;574;27626;62213;2047;867
tuning,65,93798;89151;8550;73611;6536;86180;98636;90350;83820;98012
tuning,66,88972;76563;87201;90112;71644;16215;59280;12079;26528;49572
tuning,67,34504;736;26240;55916;78402;3094;17608;26936;3127;36900
tuning,68,28376;26032;37554;35456;21320;1024;55462;9828;88676;63958
tuning,69,32510;47556;7150;89658;5082;80668;45237;18680;82944;22160
tuning,70,98690;79764;12040;62528;59882;72814;95186;87572;20422;12178
tuning,71,26229;4255;35928;71142;19788;28912;19524;63598;96114;81038
tuning,72,40654;53398;43594;64090;12254;59750;54243;53208;44434;53472
tuning,73,99000;22587;49452;19760;5002;50852;89125;40608;51372;5148
tuning,74,4243;15740;17474;73570;95274;95344;4118;1270;87728;49554
tuning,75,96114;26156;45638;62713;300;43010;46230;44166;22128;4926
tuning,76,99000;22587;49452;19760;5002;50852;89125;40608;51372;57710
tuning,77,12254;12197;52334;11516;12864;49806;874;53472;1430;47098
tuning,78,18904;16631;24016;61945;95621;15822;83100;23822;24162;23408
tuning,79,2564;95274;66034;93654;95081;46336;87728;13067;1270;86259
tuning,80,15768;60204;95606;20848;14454;4776;44954;50512;48814;33354
tuning,81,58708;9890;63598;32719;14608;91374;54786;2890;91249;59630
tuning,82,59898;58732;26941;9730;56155;74222;54788;40280;69394;72718
tuning,83,44954;46022;45026;45930;45875;42618;13166;29880;10056;84748
tuning,84,40654;53398;43594;53208;12254;54243;59750;64090;14891;60544
tuning,85,34566;10980;54692;54572;19788;73762;66364;51030;20518;34790
tuning,86,54720;9148;43143;9994;14274;16438;36200;64376;15712;62026
tuning,87,34566;10980;22360;73762;56588;19788;51030;11092;20518;41052
tuning,88,15822;61945;86597;24162;24016;23822;18904;9064;16631;8006
tuning,89,60496;63726;15740;60874;21828;79502;63974;91988;86956;86577
tuning,90,420;59702;5428;87336;10508;48641;58970;46450;91988;2746
tuning,91,74555;9880;9786;5344;92460;5172;42248;73056;77234;63234
tuning,92,99654;40868;13166;84748;30166;10150;41816;42440;59461;89501
tuning,93,41060;24114;10316;7370;8760;59770;3979;14902;43918;62713
tuning,94,2894;38746;6278;10280;39232;61967;73366;73476;972;19948
tuning,95,2935;75952;52248;59776;96308;43749;32455;12998;8044;65216
tuning,96,16438;42264;54720;9148;43143;79560;64376;16558;41602;19846
tuning,97,86016;86259;45174;58538;29186;10980;168;32719;3140;33638
tuning,98,2068;91243;98102;93036;99516;65880;99476;97959;32734;75834
tuning,99,52234;14934;34372;23859;30186;73644;73307;25272;52744;30398
tuning,100,57290;16010;50426;51004;2267;79524;15966;50244;1168;11458
tuning,101,99020;99564;62434;30194;63343;74396;50070;70131;12992;7226
tuning,102,74396;71876;57078;25047;63343;37228;14062;75118;5068;12992
tuning,103,85328;72190;79358;38920;70131;29544;71876;63343;28900;79646
tuning,104,92650;35114;61266;49614;61290;40276;15282;39854;31736;48264
tuning,105,94748;94570;75354;86754;94434;89917;84240;90148;90119;4539
tuning,106,99916;24362;28812;9762;24772;54086;22816;95153;30942;9082
tuning,107,28948;85036;21712;64026;41993;39642;40946;35476;60400;14820
tuning,108,25126;34504;8786;53154;31392;13154;27694;31868;32384;93934
tuning,109,67178;22718;41768;74836;78590;78994;87902;64308;23280;6960
tuning,110,96114;26156;4926;300;45638;22128;3646;34566;46230;5992
tuning,111,26644;70974;19384;15452;27124;73902;26478;73686;31597;35378
tuning,112,30898;7988;55474;33939;73438;36052;30579;26476;20098;11288
tuning,113,9294;71671;9590;15450;9486;21547;88944;9104;42176;2608
tuning,114,5659;1579;1402;1396;96169;2062;26943;74766;7524;44130
tuning,115,51546;11704;62112;19831;90476;99702;5536;89001;16036;50208
tuning,116,26146;21398;34566;34790;68698;83638;41376;27049;34372;31158
tuning,117,73826;82328;72686;49324;62182;30436;82216;61528;25554;19036
tuning,118,73826;61528;95582;42563;12488;12290;35836;49324;72686;11916
tuning,119,440;45341;10748;87798;10903;49554;16914;28510;75961;14402
tuning,120,44446;33206;429;16114;41770;13212;3620;65880;6224;93018
tuning,121,11764;22128;12134;9726;7712;46058;61398;86723;398;74222
tuning,122,24016;23822;98620;24162;72718;47090;55362;18430;27878;9750
tuning,123,33882;34716;21986;42554;93974;22872;35218;55362;4276;4528
tuning,124,97959;99516;99476;22784;68289;28178;7298;18610;51104;37806
tuning,125,99838;43600;1215;92286;10988;8360;88433;6342;87036;85962
tuning,126,5942;26941;36412;48942;73112;38482;58584;38338;55338;31456
tuning,127,99498;47582;104;98080;28034;68945;102;86510;29068;77252
tuning,128,48690;6851;59667;88670;2630;48180;39820;68916;17438;6824
tuning,129,1318;52271;12134;90764;55830;67762;3000;90;27434;9726
tuning,130,98272;29270;23790;95621;23035;552;9838;25069;29058;62579
tuning,131,46022;44954;45930;45026;30359;29880;10056;38532;13166;84748
tuning,132,73307;73438;73590;73644;37938;9124;71404;20440;73418;3928
tuning,133,27434;4030;84806;67762;90764;90;22560;88382;50698;25778
tuning,134,4169;94242;97724;39873;39808;31818;7436;69801;10290;38706
tuning,135,5222;40388;41066;9440;41146;3108;72210;67186;18786;57784
tuning,136,89917;84240;90148;89932;86754;75354;94748;39418;94570;31584
tuning,137,684;14160;34542;58578;43308;51566;5082;35456;47940;33443
tuning,138,55450;62162;9952;10116;92467;51564;97254;50812;81268;51174
tuning,139,99709;59667;24208;54194;34496;259;22160;80668;32510;5082
tuning,140,57410;57546;86150;44828;26052;80286;85112;39578;40364;10276
tuning,141,15586;15552;41498;27204;44131;27042;51148;72828;5172;18310
tuning,142,87572;59882;79764;87344;95186;54640;46797;47402;53586;1022
tuning,143,91992;63030;23671;92700;23754;26182;23570;67048;5002;16850
tuning,144,10972;64902;53274;61967;30288;16352;53672;42394;24690;10150
tuning,145,41060;10316;59770;24114;14902;43918;45100;62713;27478;24690
tuning,146,12079;16218;32026;96146;21090;98166;16215;29496;39084;71644
tuning,147,94002;95414;70237;5296;754;27850;10380;6440;58484;41394
tuning,148,18352;3828;22306;18640;64852;87388;43054;68562;3792;2318
tuning,149,49788;49044;25108;3140;29186;25056;22128;17326;32719;10122
tuning,150,41079;4100;2098;53766;58574;83966;84276;62102;64745;18786
tuning,151,94954;558;75118;1756;57757;14726;12596;64834;3256;1446
tuning,152,81338;81768;99472;74808;95769;80230;39576;12632;32294;16406
tuning,153,8198;62322;8982;15282;92650;98282;2594;99089;9468;1707
tuning,154,94954;25047;54010;37636;81085;56160;56930;73722;6868;42656
tuning,155,51802;97920;1695;56112;81268;46339;34536;80898;50812;55450
tuning,156,62912;30174;90148;17819;84240;86754;12632;94748;34916;5920
tuning,157,67772;88088;39618;14920;63168;71020;16940;93232;45090;54964
tuning,158,18706;90500;68332;68296;84834;33050;12632;98194;91164;82044
tuning,159,57410;57546;26052;80286;85112;39578;80620;36426;18581;2190
tuning,160,86180;93800;94034;90614;90256;8550;90350;91637;59096;98636
tuning,161,29670;96146;22718;21090;78590;40014;82700;98476;83456;32026
tuning,162,24208;45342;19768;51572;44046;7150;4819;27230;26574;80668
tuning,163,22749;23527;85044;87576;82952;88676;43760;7150;61934;4169
tuning,164,64026;42790;48503;7472;29186;9552;16330;17926;82242;41171
tuning,165,73307;73644;73438;73418;73590;71404;9124;32264;37938;8436
tuning,166,12520;906;69626;42394;53274;97111;73044;1644;1806;5680
tuning,167,29186;81496;27124;58538;82214;29250;28528;45174;11012;66034
tuning,168,81840;96238;92670;62182;99476;99516;94877;71126;69524;6726
tuning,169,40714;41602;21134;54720;95606;85539;30088;36200;21170;54786
tuning,170,49788;49044;43874;29186;3140;40714;85584;17326;82670;27124
tuning,171,55450;92467;50812;9952;97254;51174;28456;24043;63733;62162
tuning,172,60858;4781;13044;26919;35884;46254;56882;58108;96308;79516
tuning,173,3975;55362;36862;4588;58602;4946;6406;21986;4276;4528
tuning,174,24683;6362;16802;6420;25580;5946;77496;98476;77306;39509
tuning,175,22718;96146;1322;87902;40014;74836;78590;32026;83456;45764
tuning,176,37248;72210;98461;6184;4218;64626;1146;39102;54282;38184
tuning,177,79485;32958;79807;98946;99234;30244;86446;17256;27018;85900
tuning,178,75176;41472;33838;85110;5323;15282;50484;38728;3492;22828
tuning,179,38482;52370;97268;58172;55338;51243;1260;69708;57254;68945
tuning,180,46748;96528;2734;20427;23870;88088;78852;32646;90476;73850
tuning,181,18602;19576;38928;18726;31850;12148;20936;3702;39008;22144
tuning,182,10624;11828;12614;11308;83702;12374;9554;9438;12834;19336
tuning,183,30634;29378;32340;9826;89352;46856;13722;9234;23702;72334
tuning,184,62112;39105;51546;5498;32016;60282;4383;78164;13182;98282
tuning,185,51546;11704;62112;19831;16036;5536;89001;30563;99702;18302
tuning,186,60282;5536;94748;89964;55576;1310;17368;47950;57868;50208
tuning,187,99780;65444;49413;1170;17458;16064;69156;71020;18388;88088
tuning,188,20232;4492;28682;58294;74960;92467;77624;65332;40054;18728
tuning,189,35728;35572;6326;32020;85012;31080;18426;40014;1322;45237
tuning,190,99434;340;376;63880;69619;21016;36044;19674;88388;53421
tuning,191,43631;37636;80810;81085;28972;56930;87297;5068;14062;9932
tuning,192,99020;30194;70131;21356;63343;39286;74396;26780;99564;92918
tuning,193,28948;15884;3007;89125;54924;29068;25112;58471;8812;41079
tuning,194,76563;88972;26528;87201;90112;35494;71644;16215;12079;39084
tuning,195,30596;58990;34226;34104;1360;406;94354;5788;31818;58240
tuning,196,14895;58776;33782;99994;31264;429;60342;1843;72686;97284
tuning,197,9552;34026;17926;41171;9890;2890;42790;318;82774;28912
tuning,198,63880;7988;36592;340;80112;36044;77510;376;81893;69619
tuning,199,59166;160;79560;77480;43486;58180;53651;12544;63653;23626
tuning,200,14062;78702;27266;79952;99089;43631;81085;37636;6324;37228
tuning,201,99564;99020;63343;62434;37228;70131;26312;50070;74396;30194
tuning,202,99472;95769;81338;81768;2996;8276;86224;23484;72276;21526
tuning,203,87127;41861;21022;36888;12984;70237;57218;20828;12754;89151
tuning,204,702;27124;19990;3518;10122;3140;34791;26970;55432;60468
tuning,205,30672;63990;9530;10630;30707;7338;92460;54572;79120;97741
tuning,206,55334;29894;28930;34856;44730;43850;96238;94304;4538;67530
tuning,207,87336;38750;91884;24162;48641;52156;42864;52278;79794;52924
tuning,208,47200;61266;20960;9468;57078;14918;30194;28534;26312;40444
tuning,209,99020;99564;62434;7226;91580;74396;63343;9928;40628;14062
tuning,210,94434;632;93591;80266;59964;98210;98072;84240;86754;98376
tuning,211,34504;25126;50491;32160;32270;36664;53154;30536;13154;8786
tuning,212,37248;9606;81948;22356;21280;1146;38184;6994;98588;25112
tuning,213,44954;46022;45026;45930;38532;45875;30359;29880;13166;42618
tuning,214,73418;74260;30028;33106;31616;38178;35256;73350;71404;8102
tuning,215,99994;27478;2068;95082;60878;90150;91243;99516;60042;14598
tuning,216,15709;16116;72527;71330;84858;22262;68178;28190;16714;78760
tuning,217,83276;64750;65656;92157;64404;68842;74540;45548;52476;33554
tuning,218,94002;95414;22416;69461;79781;51508;16330;32302;2890;4594
tuning,219,41602;14162;30088;43143;36200;14274;30148;8688;21134;54720
tuning,220,64852;354;99678;11178;18640;86026;20866;3792;30436;2592
tuning,221,18726;18602;19576;39008;19254;38928;18364;28456;92410;31850
tuning,222,68974;89151;20532;8712;6210;1472;79792;54538;3264;18364
tuning,223,44954;46022;45930;45026;38532;30359;45875;29880;84748;85676
tuning,224,91243;2068;98102;65880;99476;99516;97959;10610;10214;69164
tuning,225,45102;59130;46160;53198;60650;50290;84324;5676;29788;29122
tuning,226,10698;15994;29830;10506;35104;15900;9850;10234;24690;4114
tuning,227,9526;11133;15392;10052;54211;14339;12350;83598;12406;62944
tuning,228,38928;19576;39008;9443;18364;21788;19254;34504;16714;82350
tuning,229,10698;15994;10506;29830;15900;35104;4114;9850;24690;10234
tuning,230,23750;37248;38184;60734;98924;4836;4863;5174;99374;9606
tuning,231,62764;24043;39382;19961;22090;31790;18018;51802;35246;92385
tuning,232,41060;10316;24114;43918;59770;14902;45100;62713;60140;24690
tuning,233,94877;26810;89808;19828;26994;7472;3812;21528;88944;96169
tuning,234,1526;1094;13084;84164;71370;9438;83702;11308;91960;74995
tuning,235,85328;79358;38920;72190;70131;79646;71876;26818;45068;50070
tuning,236,33050;97389;42868;10540;7188;42652;78702;92650;70514;79952
tuning,237,99564;62434;30194;99020;50070;70131;92650;14918;63343;14062
tuning,238,17368;39576;69878;32016;56258;93772;39419;24686;99538;88748
tuning,239,35254;32038;27158;29590;18792;50698;18380;25974;33700;27049
tuning,240,87201;88972;76563;90112;35494;26528;39084;59280;71644;12079
tuning,241,24362;99916;9762;24772;28812;23558;22816;54086;30942;9082
tuning,242,90350;86180;6536;98636;93798;98700;83820;90614;69263;8550
tuning,243,18126;95153;10006;78154;57906;87064;5366;57784;24362;97930
tuning,244,20424;66467;62250;25462;39831;68798;52656;47619;14156;57514
tuning,245,10624;11828;83702;11308;12614;12374;9438;12834;11106;70838
tuning,246,41060;43918;24114;10316;58370;14902;7370;28912;63598;5024
tuning,247,43512;24906;35884;62102;63910;49838;39105;13306;97530;1758
tuning,248,4169;31818;39808;94242;38706;39873;69801;97724;24870;10290
tuning,249,85552;98853;56460;6134;15419;1342;36992;43298;1258;74858
tuning,250,46022;44954;45930;30359;45026;38532;45875;85676;84748;29880
tuning,251,99434;340;376;63880;21016;53421;36044;76972;36592;69619
tuning,252,33628;46104;43570;13182;5490;5498;43512;2760;12756;57920
tuning,253,30704;20427;13182;56424;20662;8982;5490;1148;69246;26052
tuning,254,24521;15967;95384;15594;24650;47684;16948;21964;10174;95930
tuning,255,99916;24362;9762;28812;95153;6152;22816;24772;54086;37108
tuning,256,9526;11133;15392;10052;54211;14339;12350;12406;4658;83598
tuning,257,24521;95384;15967;47684;29596;10174;24650;60578;35544;15594
tuning,258,99472;95769;81768;81338;5362;97530;71970;74511;16406;19640
tuning,259,97124;20376;13718;55150;41768;33556;1386;46142;574;36030
tuning,260,1080;574;97120;2344;27626;62213;522;867;6066;35114
tuning,261,7434;7410;6410;98636;98700;67790;51786;36390;26032;89151
tuning,262,684;37220;2538;69818;59164;37554;17816;41092;4169;35124
tuning,263,19967;89658;42716;88846;85012;88296;28332;31080;86082;19767
tuning,264,28948;85036;41993;21712;14820;4856;40946;39642;2706;14451
tuning,265,6440;90150;41422;50268;26478;63534;14171;5626;6210;85574
tuning,266,7276;35960;91500;83586;7064;6552;6828;2630;5994;54812
tuning,267,99020;62434;15334;61290;74396;99564;28972;7226;30194;91580
tuning,268,46104;5490;33628;43512;4536;61188;25612;18124;20662;86060
tuning,269,35494;87201;88972;8604;59280;7258;25518;48333;17187;78154
tuning,270,9526;11133;15392;10052;2796;47156;25462;43308;18432;30194
tuning,271,31275;25076;53628;93768;32828;43768;17264;18832;54890;2373
tuning,272,28286;9104;9590;71671;59171;26943;1579;7312;67750;94877
tuning,273,57566;4116;48832;46696;66264;76962;3938;45004;10596;26364
tuning,274,27814;5024;3894;22416;33776;6538;52248;85308;41394;3171
tuning,275,41060;14902;24114;10316;59770;43918;2880;62713;24690;45100
tuning,276,99994;60878;90150;33782;9708;77228;60042;40280;65981;23210
tuning,277,15709;16116;22262;84858;78760;71330;5086;72527;85044;23527
tuning,278,64750;83276;64404;65656;92157;68842;45548;12314;74540;52476
tuning,279,73307;73438;73418;73590;9124;73644;71404;37938;8436;54243
tuning,280,31139;63652;8790;8688;7830;20780;8020;11010;16728;342
tuning,281,97959;99516;99476;93036;2068;75834;28812;68289;86192;9750
tuning,282,63880;99434;340;376;69619;36592;36044;60673;76972;10682
tuning,283,104;99498;19760;28854;60048;98080;70662;96584;47582;21260
tuning,284,16438;43143;16558;64376;54720;42264;79560;25056;9148;368
tuning,285,59776;2314;7126;292;72686;12856;28281;23750;30090;8372
tuning,286,14726;47424;28188;97259;94954;72190;8451;97806;1446;64834
tuning,287,14062;80810;97294;91580;37228;32750;70131;50218;27266;21694
tuning,288,55576;78164;22494;24874;83094;93772;32016;18706;68332;68296
tuning,289,17819;75354;87370;16776;62912;1422;10136;80408;5490;46752
tuning,290,72458;98636;98700;70662;44788;16714;59164;58240;49582;36390
tuning,291,99472;81338;95769;81768;43512;20662;5490;2373;30704;16406
tuning,292,9606;1146;39102;11070;80286;81948;10979;4218;31974;11666
tuning,293,6008;58619;81328;18240;39979;60388;65974;22567;32452;46750
tuning,294,99709;54194;22160;496;80668;18344;10174;42789;7150;47264
tuning,295,15967;24521;95384;24650;15594;16948;10174;47684;33463;30242
tuning,296,90146;1268;724;11506;49174;20424;34454;35968;43658;2500
tuning,297,83598;56414;83556;13514;12492;89916;496;67186;69238;45698
tuning,298,24208;22160;19768;26574;42789;5895;27818;45342;26738;80668
tuning,299,14882;69801;34226;26570;7436;10290;39873;31818;70662;37806
tuning,300,43010;2668;41162;64522;93030;30172;43308;48641;5876;38887
tuning,301,85460;13766;2660;13016;1322;47618;48690;92854;93546;21446
tuning,302,98210;90119;10646;39296;2652;90208;35884;98376;13044;1422
tuning,303,78702;79952;99714;33050;97389;10540;7188;70514;99089;73136
tuning,304,97389;94501;41536;17502;75794;9826;69432;31312;65393;26628
tuning,305,5362;46104;43512;5490;4536;81768;95769;65562;93372;43570
tuning,306,93772;32016;89232;99538;39419;88748;97662;6800;31510;37836
tuning,307,99472;95769;81768;81338;16406;39854;17102;23870;5362;64552
tuning,308,71126;32814;47144;69524;23382;28188;19831;62104;31864;12686
tuning,309,88748;90476;39419;97662;76764;93772;90635;55576;11702;32016
tuning,310,24362;99916;24772;54086;23558;22816;9762;28812;18814;6152
tuning,311,684;59164;34542;1476;14160;44046;71694;51639;5082;62944
tuning,312,4094;3970;93134;7898;78258;4440;23844;60506;12262;66170
tuning,313,17368;89001;69878;39936;68332;39419;60282;55576;94748;32476
tuning,314,43844;53274;4934;5024;11938;67373;98806;97741;48834;30288
tuning,315,22587;57456;60112;89125;85308;6538;1248;73882;66080;64882
tuning,316,99654;13166;84748;40868;59461;83160;83317;59702;29250;2894
tuning,317,41564;80850;68932;81398;75834;98439;80264;4944;44864;34340
tuning,318,58958;63044;92826;7724;27124;52504;75768;44310;7030;22262
tuning,319,38354;9206;26943;19384;9486;11328;30192;15134;1579;73902
tuning,320,3960;3944;29722;10596;4094;82675;50750;77036;3970;10798
tuning,321,74676;70024;1652;75576;1874;3928;26328;30310;19948;1876
tuning,322,98198;2894;972;38746;10150;52234;99654;27842;99224;52744
tuning,323,45373;57350;9708;5638;71882;48690;77252;69794;54282;25600
tuning,324,46022;44954;45341;45026;84748;45930;10056;29880;93222;30359
tuning,325,27370;27814;5630;63418;5212;70630;19472;22009;26824;16889
tuning,326,83276;64750;65656;92157;64404;68842;8702;1022;96444;96702
tuning,327,84457;54404;946;1034;3294;5024;95318;52744;54386;51882
tuning,328,3944;3960;29722;10596;4094;82675;3970;50750;10798;77036
tuning,329,38354;9206;26943;9486;19384;64026;51656;26994;1579;42790
tuning,330,53274;85654;3979;3171;3894;35776;23713;86043;12486;24114
tuning,331,3960;73902;51656;4094;3944;3970;96169;94877;73686;1579
tuning,332,94002;95414;69461;22416;81840;92037;91081;3850;25804;32302
tuning,333,52234;52744;73644;23859;73307;946;59296;11082;73438;8376
tuning,334,60204;20848;44954;4776;45930;21484;20318;59526;50512;9472
tuning,335,43143;54720;25056;64376;16438;9994;9148;24424;16558;9720
tuning,336,29918;4186;40635;96464;35590;27434;19468;19336;9948;61748
tuning,337,79485;79807;30244;32958;6078;3246;3954;89024;98946;53478
tuning,338,96344;41660;41565;58718;80708;41378;8290;31264;22360;31302
tuning,339,81372;4859;887;11982;2668;26187;36476;11812;9312;42864
tuning,340,36094;31082;80112;16728;26000;63652;20680;96344;19578;55474
tuning,341,99952;97259;17819;16940;80266;83412;62912;49986;1422;80638
tuning,342,48154;56930;35032;70214;97294;37636;81085;67992;80810;3886
tuning,343,56162;14780;87564;2652;31946;73722;19584;66866;22666;78702
tuning,344,10850;83184;86150;85983;69263;32598;81328;72276;81522;50070
tuning,345,97389;19119;41536;85998;13250;5666;75794;44574;31312;62312
tuning,346,25354;98461;4372;31412;65281;23890;10276;1205;95904;73226
tuning,347,78928;12148;31850;3702;83992;83840;36888;23894;98114;7795
tuning,348,22718;74836;64308;32112;96146;78590;21090;29670;21320;32026
tuning,349,98700;98636;98731;90614;90350;3040;6410;7410;7434;6558
tuning,350,18126;95153;10006;87064;6960;35592;28206;11164;62994;13070
tuning,351,58619;88460;57962;20446;79044;10387;25112;21408;6008;79666
tuning,352,73045;73902;73686;89008;15452;31597;70974;93253;68262;53628
tuning,353,38354;9206;26943;9486;19384;64026;26994;51656;1579;74766
tuning,354,7336;72828;16650;4832;8480;2092;8320;4642;5598;1637
tuning,355,28286;59171;21547;67750;60506;60503;2608;11038;44130;9590
tuning,356,7338;36134;34628;26164;2;21660;15552;16420;30707;20350
tuning,357,44954;46022;45026;45930;45875;30359;38532;13166;29880;10056
tuning,358,46205;85654;45957;46234;60352;61762;11262;21632;45548;27814
tuning,359,38354;47282;79164;9206;94877;9486;51656;1579;26943;96169
tuning,360,8943;46701;1732;47278;20912;30768;10387;86150;51566;51276
tuning,361,83276;64750;65656;92157;64404;68842;96444;96414;8702;26416
tuning,362,11970;11910;13242;23338;12090;12262;12318;38090;12122;7198
tuning,363,4859;887;81372;2668;36476;9254;30508;11982;16114;7998
tuning,364,97124;24682;33556;20376;26240;94988;1386;70192;36594;10310
tuning,365,32160;72000;34504;32270;32120;31392;78402;25126;82920;65370
tuning,366,63652;31139;8790;8688;7830;20780;16728;8020;11010;342
tuning,367,32598;86150;85983;81522;10850;69263;72276;83184;79196;81328
tuning,368,25126;31818;36664;50990;34504;65370;53154;22148;72000;50491
tuning,369,24362;99916;9082;28812;9762;39509;95153;54086;23558;24772
tuning,370,22568;90605;10528;71694;20694;7150;47480;4819;18868;21446
tuning,371,68974;89151;69263;69264;6536;20532;3264;8712;6006;70682
tuning,372,99994;33782;23750;31302;4020;3662;86048;1246;59776;22132
tuning,373,3296;79780;14952;68858;35378;79301;82679;1494;14836;66264
tuning,374,2068;91243;99516;4767;99476;98102;76453;97959;65880;32734
tuning,375,60204;4776;50512;20848;41415;44954;45875;20318;95606;45930
tuning,376,48814;96344;53292;44310;88569;96150;81038;14674;58718;87952
tuning,377,97254;51174;55450;4416;50031;50812;81268;63733;50439;9952
tuning,378,41060;24114;14902;10316;59770;43918;8760;4934;21652;62713
tuning,379,73307;73438;73590;9124;73418;71404;37938;73644;1874;54243
tuning,380,2035;77234;5344;5130;92460;51148;5228;72670;44131;9958
tuning,381,22718;88296;21320;46412;96146;74836;1322;84162;40286;6064
tuning,382,99709;54194;96912;10174;22160;80668;42789;8943;18344;1330
tuning,383,99498;34104;70662;98080;15102;28854;45004;54258;85584;76996
tuning,384,34972;39105;4708;45688;9373;88086;72294;59526;98461;16086
tuning,385,97806;97259;14726;558;20130;11782;42656;99952;1422;12850
tuning,386,1148;31227;33820;93372;98282;93036;31152;30704;92157;82649
tuning,387,496;1330;2500;32754;7150;80668;90605;65478;10528;4819
tuning,388,97662;32476;83398;39419;89232;62246;32294;75354;88748;6910
tuning,389,7434;7410;6410;98700;98636;59096;3040;67790;51786;36390
tuning,390,30172;2078;9254;49302;39831;43010;64522;26156;39760;92358
tuning,391,70642;54788;81954;68078;34286;58732;8096;41092;31456;8062
tuning,392,42952;3975;55362;4946;58602;5094;5642;45206;4276;4528
tuning,393,26032;36438;62944;4080;27662;36390;67790;20488;17730;83598
tuning,394,18364;19576;39008;92410;17508;92670;23790;38928;18726;19132
tuning,395,32160;72000;32120;34504;32270;82920;25126;82350;65370;53154
tuning,396,85910;89804;13848;82992;43658;22816;18432;19128;30758;24826
tuning,397,88972;87201;76563;90112;49572;59280;17864;26516;71644;12079
tuning,398,71671;42176;28286;9590;60503;9104;9294;59171;60506;11038
tuning,399,14339;68974;42789;98468;29021;54802;15874;5956;18344;54924
tuning,400,29268;40552;9564;24683;61043;18400;21964;21902;18804;29596
tuning,401,31216;14822;8702;74740;14550;76623;26772;53190;66050;11132
tuning,402,87336;91460;42122;92890;10150;46460;95482;61967;98198;54572
tuning,403,3960;3944;29722;10596;10798;4094;3970;77036;50750;28286
tuning,404,46022;85676;84748;30359;44954;45930;89501;84657;45026;91884
tuning,405,19980;21958;30192;30818;3308;21906;38248;318;2955;13067
tuning,406,97959;99516;99476;42952;180;93036;68289;22784;13302;76962
tuning,407,2068;99516;91243;97959;99476;26936;93036;7804;98102;10610
tuning,408,53592;9696;37422;42864;7630;3704;50512;38536;9226;11528
tuning,409,66106;4568;6360;10116;42678;11476;5766;92467;62032;13868
tuning,410,62110;17368;62246;22494;39419;32016;99538;69878;39576;88748
tuning,411,62222;88748;39843;23484;4708;11702;63862;59461;39105;3108
tuning,412,97389;85998;19119;34972;40406;62312;58056;5666;31312;32554
tuning,413,38928;39008;18364;19254;22144;19576;74328;18602;21788;19132
tuning,414,30172;2078;9254;55176;26240;38887;27107;54086;26738;44046
tuning,415,24521;15967;95384;10174;24650;15102;16948;18330;1160;47684
tuning,416,24362;99916;9762;6152;24772;22816;28204;6044;54086;95153
tuning,417,74676;1874;1652;26328;70024;75576;3928;30310;1876;90336
tuning,418,41079;21528;11320;18904;5072;21911;62102;24498;26952;86950
tuning,419,4664;61346;66044;87028;61272;3570;22412;76136;40184;22646
tuning,420,94002;95414;69461;41564;22416;3046;41018;32302;42583;79781
tuning,421,87728;86259;86016;17326;3290;45174;58538;168;33638;32719
tuning,422,1205;15334;40444;95769;81338;49413;79196;56112;97294;1308
tuning,423,99472;95769;81338;81768;61188;21526;17102;24906;43512;23484
tuning,424,62110;3450;99538;17368;68296;47950;68332;32016;32476;78164
tuning,425,88748;11702;62222;90635;39843;4708;23484;39936;83094;69878
tuning,426,89008;73045;77384;74192;71718;88944;1684;17735;1800;30070
tuning,427,84457;54404;33792;52744;946;54556;54386;46726;63044;37318
tuning,428,78988;74740;82336;76623;87006;61272;4524;53580;73309;78390
tuning,429,31868;82350;34504;32160;36664;32120;27694;25126;65370;25102
tuning,430,18364;19576;39008;17508;92410;38928;92670;13154;18726;23790
tuning,431,99516;99476;97959;2068;93036;56728;25392;60254;62364;99008
tuning,432,83184;14512;15334;79952;86150;8166;94410;32598;55806;81522
tuning,433,88972;26528;76563;78154;30232;87201;62994;71644;16215;46142
tuning,434,17106;71694;15480;93798;98700;26032;98636;63500;17294;27662
tuning,435,24521;15967;95384;47684;24650;15594;10174;16948;21964;34856
tuning,436,33332;98166;13766;6894;98476;13976;16267;47618;19767;90013
tuning,437,3960;3944;19384;73902;29722;26943;4094;38354;3970;30192
tuning,438,42176;71671;9590;9486;21547;9104;9294;88944;2608;1332
tuning,439,66044;4664;61272;61346;87028;1876;43152;76136;3570;43392
tuning,440,94002;83586;95414;41394;30563;22416;69461;98997;2935;22500
tuning,441,15334;50218;91580;74396;30904;99020;50070;39286;63343;57078
tuning,442,66842;19496;57218;73849;51174;10276;38168;48212;45305;74004
tuning,443,4416;62162;97254;55450;81268;51174;29747;28456;97920;59960
tuning,444,66106;24043;66098;61266;5766;47200;26780;89480;49614;52452
tuning,445,42176;71671;9590;9486;21547;88944;9104;89808;19828;9294
tuning,446,14828;20350;96238;73902;81840;90550;19472;39488;62184;71502
tuning,447,8044;308;98626;46046;77228;11765;68994;31158;82592;541
tuning,448,8760;67122;41060;4934;1200;10972;21652;5024;53274;11938
tuning,449,84457;54404;946;51882;3294;1034;52744;22100;54556;46726
tuning,450,89008;77384;73045;1684;71718;88944;17735;30070;74192;1800
tuning,451,94002;95414;22416;56558;41588;3046;41394;32302;69461;98626
tuning,452,85900;46196;79807;89024;32958;79485;99234;86446;24160;98946
tuning,453,28281;90534;32734;53284;65227;87688;17612;65606;89548;19344
tuning,454,68562;53284;35155;390;2592;18352;8074;1048;2162;43054
tuning,455,63652;87388;82216;32734;77326;98730;57468;65910;36094;65194
tuning,456,78702;99714;38333;99089;5068;80810;41138;79952;27266;49120
tuning,457,66842;31312;38168;73849;11722;48664;77426;68992;90694;33270
tuning,458,98636;98700;90614;98731;90350;6558;3040;93798;89151;7410
tuning,459,56414;22567;63336;32452;34706;91790;22718;80858;33332;13514
tuning,460,9606;1146;81948;5174;37248;86150;39102;80286;98924;98588
tuning,461,56370;62944;94560;2774;96056;57048;54258;31850;95586;36390
tuning,462,2068;91243;98102;99476;75834;10610;97959;93036;60042;99516
tuning,463,37602;780;80744;35456;34542;35124;80858;3292;30376;29184
tuning,464,42790;64026;82242;16330;17926;17778;318;77034;30760;85584
tuning,465,44954;46022;45930;45026;45875;30359;38532;29880;84748;13166
tuning,466,1366;7391;35836;86686;73882;73764;31627;62696;61528;12290
tuning,467,84340;85667;79576;32160;84776;72000;32120;23770;49396;69562
tuning,468,28034;59132;79576;28816;17382;48184;13580;1146;26804;896
tuning,469,20208;17562;68404;38184;4078;80914;98924;136;45460;98588
tuning,470,22718;21278;96146;21320;21162;1424;1442;23952;74836;42716
tuning,471,5136;27108;21616;26468;40956;46080;99020;6554;81572;13754
tuning,472,94844;18512;99654;62228;44732;10547;37938;2926;46796;37074
tuning,473,44784;73242;5734;31642;8877;93678;95281;11996;61156;85036
tuning,474,46022;30359;44954;45026;51372;29880;45341;6495;47346;45930
tuning,475,79485;79807;30244;32958;3246;6078;3954;98946;89024;53478
tuning,476,58990;94354;29378;87734;1462;38750;68166;12008;82776;70210
tuning,477,59898;74222;9730;56155;6066;58732;41092;68078;56044;45178
tuning,478,19107;74426;42790;17630;15356;34628;61784;54720;23674;14274
tuning,479,82770;63880;923;55474;22752;71404;7988;26414;90028;82523
tuning,480,54720;21330;10636;77480;79546;21134;17778;40714;85643;41602
tuning,481,15884;20650;41060;10150;58471;61156;30288;3979;10316;12520
tuning,482,44954;46022;45930;45026;30359;45875;38532;84748;29880;13166
tuning,483,18055;85394;60662;23234;32264;81893;77326;9064;19578;86597
tuning,484,74800;3975;82776;6406;87898;36862;354;5094;5642;55362
tuning,485,99516;2068;97959;99476;91243;93036;10610;10214;7804;98102
tuning,486,65227;65606;64704;87688;90534;89548;98102;61616;97959;5424
tuning,487,4318;41993;81634;22226;27316;26124;96934;62213;33149;28281
tuning,488,51862;44828;41472;71832;5323;39578;17976;91582;53624;84901
tuning,489,10422;44446;21986;9750;31379;1071;42952;10156;33463;46958
tuning,490,41060;62713;59770;24114;43918;8760;10316;60140;1200;24690
tuning,491,73307;73438;73418;9124;8436;73590;71404;73644;65962;37938
tuning,492,99654;84748;30359;83160;59461;41816;40868;44732;13166;45228
tuning,493,79726;42583;41564;80850;63598;14550;9488;8524;22100;64404
tuning,494,13234;47106;96150;46232;11528;9696;58602;53592;53912;45206
tuning,495,84457;54404;54556;54386;22100;66264;52744;946;95318;37318
tuning,496,7276;6552;83586;21911;7064;35960;59636;9235;91500;2407
tuning,497,9486;26943;19384;73902;73686;9590;26994;1579;9712;71671
tuning,498,89008;73045;1684;77384;30070;88944;71718;73686;1800;74192
tuning,499,94002;95414;22416;3850;81840;41394;35314;3046;98626;56558
tuning,500,74800;10887;96150;46058;6406;11528;53292;8290;16574;37651
tuning,501,16558;75844;16438;54720;15356;9148;43143;86078;85162;64376
tuning,502,104;10302;99498;47582;86510;77252;98080;78728;21260;102
tuning,503,52234;52744;23859;73644;73307;94844;10980;46392;59296;31082
tuning,504,91243;2068;90534;34814;69164;35155;98102;31302;16330;74256
tuning,505,86577;91242;86956;87336;5212;9226;46450;88788;21828;58412
tuning,506,67262;4960;6204;18238;3010;20814;63652;22360;84519;5570
tuning,507,887;61398;12134;34566;11764;44784;4859;51030;6406;7712
tuning,508,2639;75920;8814;5684;75128;71710;71492;21260;74010;88240
tuning,509,2774;19034;27886;12694;63434;4416;21694;32518;46863;19119
tuning,510,78702;97389;49120;7188;85112;14062;10540;33050;35000;42868
tuning,511,4416;73722;31946;80810;40276;85998;61266;9168;22666;7226
tuning,512,66842;19496;39406;52066;51174;51862;10276;51604;57338;38168
tuning,513,24476;72086;38168;14447;71106;68992;11530;23594;69712;40338
tuning,514,32646;90498;6136;76268;4536;13846;83904;48360;71200;69356
tuning,515,32160;72000;32270;32120;34504;31392;50491;25126;65370;82920
tuning,516,89151;88676;58578;98700;94092;98731;95206;66680;13154;98636
tuning,517,98854;59024;62528;98690;1022;87572;20422;87344;46797;95186
tuning,518,73438;73307;73644;9124;71404;73590;8436;73418;37938;54243
tuning,519,4934;21652;96414;96444;20264;68414;4276;83160;83317;6495
tuning,520,7276;83586;91500;35960;6552;54812;5994;21911;6828;32584
tuning,521,66606;9828;35124;67178;66774;78994;63958;20912;30232;64308
tuning,522,96150;46392;11528;9696;6406;8706;87898;10887;74800;48814
tuning,523,54720;16438;9148;41602;15356;9994;64376;16558;14274;24424
tuning,524,96344;87952;80708;20688;44310;48814;31264;53292;86016;8706
tuning,525,60874;63726;63974;86956;28452;44434;52156;60496;34556;9226
tuning,526,97259;97806;13892;28188;1422;14020;35884;12632;39296;8540
tuning,527,72086;71106;69749;68992;31312;31494;24476;6132;11530;23594
tuning,528,10276;51604;39102;33270;26052;51862;80286;39406;57546;33050
tuning,529,99472;95769;81768;64986;86224;24906;2373;81338;23484;43512
tuning,530,88972;76563;87201;26528;71644;8604;21090;90112;43622;59280
tuning,531,99654;83160;44732;84748;18060;83317;61967;4255;70506;58638
tuning,532,60400;2814;65786;74555;1637;90522;15222;43498;7336;20974
tuning,533,68414;8102;83317;6495;96414;96444;34242;81954;5256;21652
tuning,534,3570;87028;4664;57905;14608;76623;61346;5635;11304;66044
tuning,535,96150;74800;4946;75670;10887;37651;30898;53292;11528;41565
tuning,536,91254;73902;71502;5638;73045;2080;81688;18786;89008;89918
tuning,537,2262;69488;20912;17127;37846;34244;9828;64060;4996;47278
tuning,538,9392;4116;3394;31088;75834;59579;15452;6278;35836;24458
tuning,539,11038;60503;60506;67750;28286;59171;21547;2608;37224;40184
tuning,540,93854;15354;93654;93862;97291;95081;44024;2604;67876;64882
tuning,541,14856;18646;6278;87602;59461;53274;34628;73366;20350;50268
tuning,542,5765;81524;13352;16086;9310;61290;38920;76944;22436;5256
tuning,543,21528;94877;81840;74256;90550;20684;63778;89808;93312;89590
tuning,544,84457;54404;54556;52744;22100;54386;946;63044;95318;33792
tuning,545,99780;61188;58108;21526;20014;14038;96308;36387;80040;14200
tuning,546,5812;1260;36385;53428;28821;36980;17115;78130;37318;86594
tuning,547,58602;13234;96150;4946;55362;9696;53592;47106;3975;11528
tuning,548,97806;97259;28188;67104;20130;33206;14726;81145;99952;31318
tuning,549,36825;77554;58574;69156;1788;99780;17800;62654;4062;64492
tuning,550,24850;29634;50268;9074;21660;541;98420;7198;2;26478
tuning,551,47238;45572;40062;14339;62392;2054;97120;1712;7004;72276
tuning,552,74944;12224;61945;23408;19579;60662;23234;9064;8006;40946
tuning,553,21515;6866;28204;75464;51647;89804;13076;12715;76348;1146
tuning,554,98166;13976;13766;16267;6894;33332;43522;98476;93546;47618
tuning,555,77034;17778;71462;5375;85539;15768;21134;54720;16590;5280
tuning,556,18581;33838;93772;16406;94214;56258;38964;56358;23380;5362
tuning,557,62528;79764;72814;95186;87572;59882;12178;12314;20422;11310
tuning,558,12998;4306;5466;88861;5812;18885;19128;78130;59078;36030
tuning,559,85036;4318;67668;81634;22550;6219;33149;70923;12292;19090
tuning,560,108;1843;22718;38974;61928;73284;8042;51786;259;9676
tuning,561,87201;88972;90112;35494;71644;76563;33824;26516;63404;49572
tuning,562,1011;18640;87388;63768;10578;24220;226;45305;3828;22306
tuning,563,99498;77252;78728;102;98080;86891;86510;15363;28854;9370
tuning,564,45572;47238;40062;21964;95930;3468;77960;94146;62392;9564
tuning,565,51647;9312;14847;6866;51154;77496;24683;45373;15594;94146
tuning,566,75794;61524;31312;11530;31494;37356;68992;19607;43631;24476
tuning,567,41233;9376;2134;65998;1162;68492;2998;67186;25459;46928
tuning,568,26780;18581;2190;39854;5498;44828;69246;33050;24798;73525
tuning,569,71540;65568;74136;97124;80434;80504;37596;33712;36594;33556
tuning,570,258;67449;41394;67762;96238;44544;90786;90550;7699;308
tuning,571,56370;96056;94560;54258;2774;95586;57048;62944;19658;46516
tuning,572,6576;1714;258;35776;54404;50978;35314;1428;10784;3864
tuning,573,3975;21986;55362;74800;82776;6406;4946;42952;36862;37938
tuning,574,51647;9312;6866;14847;24683;45373;77496;51154;15594;48454
tuning,575,58732;59898;26941;40280;74222;56155;9730;54788;21370;72718
tuning,576,27509;38501;14748;30818;6576;21958;21906;4524;10960;23612
tuning,577,5136;97820;8056;52271;55830;11212;9648;76774;8870;8451
tuning,578,9376;2134;1162;68492;65998;51786;46928;2098;20774;10988
tuning,579,37248;60734;97820;55830;28816;3174;52271;38184;52452;2187
tuning,580,11764;12134;61398;44446;22128;9726;30508;22550;887;6406
tuning,581,65998;68492;9376;2134;2098;1162;51786;23750;35590;61190
tuning,582,106;88130;54282;98588;31434;28816;61190;92286;53328;68492
tuning,583,23100;59579;9388;358;69626;15200;27412;19040;2618;15452
tuning,584,9124;73307;73590;71404;73418;8436;73438;37938;73644;8008
tuning,585,99654;40868;80786;3570;26164;83317;83160;13166;43894;32508
tuning,586,7276;7064;6224;35960;21911;6552;91500;83586;98272;7892
tuning,587,99994;60878;73493;65981;33782;21490;67048;32510;57350;99796
tuning,588,78232;11974;48416;41528;1637;64830;33016;60400;21874;16650
tuning,589,38354;9206;9486;4440;79164;47282;19384;26943;51656;82675
tuning,590,94002;95414;22416;41394;89125;90550;42583;36080;3850;25804
tuning,591,4776;60204;44954;95606;20848;20318;45930;45875;21606;15768
tuning,592,63880;69619;340;376;80112;34372;36044;81893;76972;22752
tuning,593,27018;32958;99234;79807;86446;98946;85900;17256;79485;3346
tuning,594,99089;99714;5068;8736;99564;92918;45688;94954;37228;3558
tuning,595,45688;80810;87297;5068;73722;34972;37636;28512;44194;28972
tuning,596,18028;83412;58050;77464;93310;50956;92786;47896;10276;57102
tuning,597,9168;75118;7466;62428;70131;8736;27850;8134;94954;47424
tuning,598,18581;33838;93772;94214;16406;38964;39576;56258;15282;56358
tuning,599,32270;32160;72000;34504;32120;78402;82920;25126;32384;54052
tuning,600,38928;92670;22144;19132;18364;74328;92410;18602;39008;17508
tuning,601,30942;26104;24362;28812;9082;12248;7030;35592;99916;21515
tuning,602,52030;86011;17902;51743;214;85667;256;81834;158;25922
tuning,603,26032;2538;27662;1476;684;20936;13880;17730;58578;1024
tuning,604,15480;83598;13514;83556;51572;18868;10528;97108;62944;89916
tuning,605,43512;52054;41943;27251;18124;49838;81524;7696;50900;39958
tuning,606,17106;27662;41046;41170;27049;7898;26032;65974;14760;67790
tuning,607,30359;84748;85676;12558;46022;89501;84657;45875;83317;44954
tuning,608,8416;6406;87800;32884;1276;2038;14284;86970;30508;37422
tuning,609,8688;77480;79546;85161;54720;79560;85539;21170;43143;29926
tuning,610,16330;42790;88944;68136;9552;1332;54404;42176;74424;318
tuning,611,59898;58732;9730;56155;26941;74222;69394;72718;40280;39404
tuning,612,99994;48026;73493;21490;392;8044;35155;25600;49848;39730
tuning,613,26476;5206;56582;95621;1444;45170;5656;92856;5508;52700
tuning,614,49044;7356;49788;936;9730;44446;26350;22550;40280;76962
tuning,615,63434;19034;19119;17770;4416;27886;2774;89964;77624;11166
tuning,616,18028;83412;58050;77464;93310;50956;10276;57102;47896;92786
tuning,617,9168;61982;8134;78532;28188;75452;47200;94954;54010;75118
tuning,618,76268;63022;48360;32646;59461;78852;40772;45856;56882;19344
tuning,619,5428;2746;9226;87336;3704;48641;5748;97986;86956;7630
tuning,620,34556;7986;420;28396;46450;9226;91988;86956;58970;74912
tuning,621,34556;9226;1444;52924;86956;420;52156;91988;5428;63974
tuning,622,75292;46450;91242;87336;19776;86577;74492;420;21828;86956
tuning,623,79485;79807;32958;98946;99234;30244;27018;17256;40946;67996
tuning,624,94002;95414;22416;51508;69461;2890;16330;75301;79781;32302
tuning,625,30244;5696;85827;79807;98946;57350;69619;79485;44784;21898
tuning,626,45486;82974;2222;31816;44374;27672;18800;7712;7986;95274
tuning,627,86048;27878;4100;42068;5072;11320;4664;99060;5635;35058
tuning,628,53284;35155;12856;97284;59776;34814;40280;19344;90056;28281
tuning,629,24850;61108;48026;22034;10610;70848;91242;98620;24826;9940
tuning,630,136;6850;22458;8288;118;59344;21260;49339;21780;4186
tuning,631,9708;1318;86628;99498;86891;76996;102;63498;90150;28034
tuning,632,9730;59898;45178;72718;6066;54788;56155;64943;74222;58732
tuning,633,81840;94877;50008;82592;25424;39730;89808;19828;90550;65981
tuning,634,87714;91790;88296;22718;40286;21320;87902;83456;42716;31080
tuning,635,73686;73045;89008;73902;1579;31597;26943;4440;12122;1396
tuning,636,42880;4062;44396;80638;69888;1788;89917;55586;89932;65444
tuning,637,74010;75920;75128;5684;56168;74116;71710;2639;8814;76210
tuning,638,54720;9148;43143;16438;79560;42264;25056;64376;16558;10636
tuning,639,99234;79807;32958;17256;98946;86446;27018;85900;3346;79485
tuning,640,50426;51004;42529;97754;46750;16010;51754;7018;21098;71370
tuning,641,64852;99678;18640;33882;42648;51894;21400;20866;2592;3792
tuning,642,81372;11982;887;11812;39346;36476;26187;2668;4859;79794
tuning,643,80264;79780;20474;27658;38178;1912;9910;3296;8102;1876
tuning,644,38168;63538;59462;66842;6132;19496;31312;68992;61524;48212
tuning,645,88972;35494;87201;76563;8604;17187;25518;59280;90112;62994
tuning,646,1732;8943;4248;9578;15368;1260;51566;33416;96912;42002
tuning,647,89151;58578;98700;98731;88676;98636;13154;27049;66680;94092
tuning,648,4536;5362;99326;31152;14200;96528;13846;20427;46748;2175
tuning,649,42550;3702;11808;2232;36888;68798;92670;12148;55549;2796
tuning,650,96146;21278;22718;1424;1442;21162;74836;21516;40286;42716
tuning,651,51950;63762;12486;52650;77152;33776;63768;50950;87602;11504
tuning,652,62528;87572;95186;46797;59882;87344;1022;92644;72814;98690
tuning,653,20440;50750;37938;73644;3928;1874;73307;64068;73438;54243
tuning,654,99654;13166;40868;2894;10150;76181;41816;76728;83317;84748
tuning,655,1874;1652;70024;75576;3928;74676;26328;30310;40971;33209
tuning,656,80264;79780;27658;20474;38178;1912;3296;9910;99060;5086
tuning,657,12632;55586;11780;17819;80408;13892;94570;39296;11628;12904
tuning,658,94002;95414;69461;41564;42583;47144;80850;98439;79781;32302
tuning,659,87800;8416;9472;54220;10056;86970;1276;51596;44954;34054
tuning,660,75128;74010;75920;5684;71492;2639;56168;74116;76210;71710
tuning,661,86016;86259;45174;17326;87728;29186;58538;33638;10980;168
tuning,662,9376;2134;51786;1162;65998;68492;2098;67186;5938;2287
tuning,663,9148;16438;54720;79560;64376;16558;19846;25831;42264;25056
tuning,664,79485;79807;32958;98946;99234;30244;27018;86446;67996;17256
tuning,665,79576;85667;84340;84776;59132;69562;896;49396;13580;53136
tuning,666,4186;96464;35590;9948;39186;10392;29918;1155;38784;16448
tuning,667,98102;2068;91243;19510;99008;35155;41422;19342;90534;4243
tuning,668,6828;5994;7276;20424;13888;2630;6552;54812;30826;35462
tuning,669,82716;2996;21526;95769;17458;8276;81338;99472;47857;81768
tuning,670,99000;50852;18512;52744;40608;35742;43594;69322;15850;87540
tuning,671,99952;97806;16940;49986;6726;28188;17048;5490;64986;52650
tuning,672,73722;31946;28512;87297;44194;21694;56930;80810;45688;34972
tuning,673,24043;62764;46339;26960;19449;66098;35832;5714;39117;28456
tuning,674,50031;51174;81268;66098;83264;97920;97577;18018;24043;78846
tuning,675,93310;10276;47896;36387;57102;51604;83412;3668;79524;13346
tuning,676,75118;63343;9168;8134;74396;70131;75452;71866;62428;30194
tuning,677,99060;13018;1912;65900;9916;61020;1876;8102;57905;53958
tuning,678,74328;47707;37602;31850;31950;36172;29184;30376;19132;69264
tuning,679,33332;13766;13976;6894;16267;98166;47618;19767;98476;19967
tuning,680,54541;33030;3646;64510;39831;33556;5812;76628;56028;29858
tuning,681,83598;62944;83556;96056;63864;38422;51572;2500;94560;69238
tuning,682,98620;39819;24492;30090;5100;85920;10316;60042;7056;45100
tuning,683,13888;33556;14348;97124;2630;13310;26240;13670;30242;8879
tuning,684,18364;19576;39008;18726;17508;13154;18602;36172;19132;89151
tuning,685,49582;52600;32120;32160;65370;53154;72000;85884;32270;27694
tuning,686,49582;52600;32160;32120;34504;65370;85884;72000;53154;32270
tuning,687,63762;51950;52650;12486;77152;63768;33776;50950;66050;3979
tuning,688,99434;63880;340;376;69619;25770;75952;19674;59542;76972
tuning,689,95769;99472;81768;81338;49413;23214;9356;99780;21526;86150
tuning,690,97254;26960;80509;28456;50812;4494;51174;18726;880;55450
tuning,691,33332;13766;98166;6894;19767;16267;13976;98476;47618;6326
tuning,692,81372;36476;11982;26187;11812;4859;887;39346;42638;16889
tuning,693,2816;92240;316;86259;30310;53030;51830;94342;8194;59580
tuning,694,62528;95186;92644;87572;46797;59882;1022;87344;98854;97962
tuning,695,45206;4276;74800;11528;96150;9696;46058;58602;62696;4960
tuning,696,22306;3828;15520;19372;87898;3792;14112;26878;51894;36862
tuning,697,69461;41564;5524;42218;56450;98142;43157;5422;5234;19344
tuning,698,5178;15996;97741;14962;8386;51956;69798;51882;80850;3823
tuning,699,12968;41079;51475;62102;74608;51290;90550;11320;5072;5086
tuning,700,99994;33782;1246;73493;45237;8044;60878;65981;25600;21490
tuning,701,6134;97111;98853;22302;68262;20384;4440;15419;85552;1342
tuning,702,82776;58602;45206;3975;11528;9696;55362;4946;37422;53592
tuning,703,98420;3394;75301;5738;91324;2162;3878;1648;4014;6246
tuning,704,94002;95414;42583;69461;22416;41564;3046;79781;41394;32302
tuning,705,97959;99476;99516;2068;22784;58484;93036;29978;65880;12856
tuning,706,85667;79576;84340;84776;23770;47642;59132;80784;13580;69562
tuning,707,6406;34054;87800;86970;9472;32664;48814;23124;45875;10056
tuning,708,41602;11140;8688;21134;36200;81432;57560;54786;30088;29926
tuning,709,79485;79807;32958;30244;40946;98946;4408;99234;3246;85900
tuning,710,90534;98102;35155;16330;34814;19344;91243;19342;29978;99476
tuning,711,35836;72686;61528;42563;95582;3662;38092;4020;49324;1366
tuning,712,81372;36476;11982;11812;26187;4859;887;39346;46394;16889
tuning,713,80810;21694;45688;37636;5068;7226;44194;10062;73722;31946
tuning,714,14918;83184;16710;32598;62434;8244;8166;13784;8736;26780
tuning,715,2774;19034;12694;63434;11166;46863;19119;282;4416;77624
tuning,716,51294;4539;2194;34393;27290;88088;52638;1788;22382;76460
tuning,717,62246;93772;89001;88748;62110;56258;68332;17368;50208;83398
tuning,718,95769;99472;81338;81768;97530;21526;49413;2996;86150;23214
tuning,719,39172;71108;6136;55930;76268;56728;63910;98312;44410;90635
tuning,720,96146;22718;46412;21320;21090;42716;1322;88296;32026;1442
tuning,721,1146;39102;57410;80286;9606;37248;24616;51604;10979;57756
tuning,722,22160;10528;2500;55176;99709;7150;496;80668;26574;44046
tuning,723,18322;63778;48960;51950;12314;35794;68060;63030;13528;3472
tuning,724,57218;51656;52266;7699;54720;19846;85308;65581;37074;15212
tuning,725,7840;94877;4524;27509;30826;7724;40568;3812;30818;15224
tuning,726,412;8638;72594;6156;91242;541;11938;6278;11262;86628
tuning,727,38482;97268;55338;54977;60188;58172;57254;56156;68945;9828
tuning,728,95082;61762;24114;7914;85308;43918;13614;42394;8943;22587
tuning,729,87902;83456;22718;88296;87714;91790;61928;82700;42716;78994
tuning,730,99709;59667;34496;48244;54194;24208;10174;15874;8943;22160
tuning,731,22567;19274;43625;68114;56052;47926;32452;59134;60388;6008
tuning,732,62336;31494;31312;39522;85910;55752;54010;75794;72752;23594
tuning,733,31946;21694;10062;7226;9928;79646;56930;56160;80810;37228
tuning,734,8706;66364;64006;81432;34026;93222;63598;2880;77737;45478
tuning,735,41472;65444;13182;65562;77445;77464;15282;5464;5490;1148
tuning,736,97959;99476;99516;2068;22784;58484;93036;29978;98102;12856
tuning,737,79576;85667;84776;84340;13580;49396;69562;23770;896;59132
tuning,738,90119;83533;39296;10646;36825;97259;33628;97806;17478;4576
tuning,739,62246;93772;89001;56258;88748;48050;55576;39936;68332;62110
tuning,740,28754;28691;30870;28920;28970;14726;97292;27290;19739;9235
tuning,741,68296;68332;39419;32476;88748;60282;13696;47950;24906;96473
tuning,742,80810;91580;44194;73722;37228;34972;32750;45688;28900;14062
tuning,743,78846;61188;87832;1205;1896;26558;86150;21526;99036;25782
tuning,744,86892;10150;59078;2267;412;23414;12998;94218;98198;42394
tuning,745,8044;392;99994;73493;67048;65981;16420;16952;35155;82776
tuning,746,85552;1342;98853;56460;15419;74858;1258;6134;57089;22844
tuning,747,16650;60400;8320;15134;8480;4642;63472;66202;72828;15746
tuning,748,83160;83317;42618;82398;30359;18738;82336;96702;34174;70506
tuning,749,22492;21470;8888;17632;86621;54544;24568;6156;18622;39488
tuning,750,94002;95414;41564;69461;42583;80850;99806;98439;79781;3046
tuning,751,84657;26462;75395;29186;10980;52744;51394;11012;52234;26878
tuning,752,85328;79358;70131;42656;63343;79646;10062;38920;51842;37228
tuning,753,99020;99564;62434;91580;63343;7226;74396;70131;50070;30194
tuning,754,90108;1680;31318;8012;97259;97806;1736;17458;2351;44396
tuning,755,96584;96912;54194;34542;26538;16392;4658;62756;64882;25362
tuning,756,97636;98262;21964;3468;2500;28930;43684;60230;82933;18430
tuning,757,73136;15266;5510;15322;2027;77579;23890;77520;98461;95680
tuning,758,32270;34504;32160;25126;31392;72000;82920;54052;33354;78402
tuning,759,22306;3828;15520;87898;14112;26878;18636;10122;42218;27124
tuning,760,85667;84776;84340;79576;23770;13580;47642;51743;49396;896
tuning,761,2134;9376;2998;65998;68492;51786;10988;67186;2098;8360
tuning,762,32958;99234;79807;98946;85900;86446;89024;27018;30244;79485
tuning,763,65981;44544;54524;2274;3558;5524;8734;56613;55586;87336
tuning,764,41472;65562;65444;10540;99780;13182;77445;38008;23344;69156
tuning,765,25102;82920;32160;82350;34504;30536;65370;25126;32120;16714
tuning,766,10528;22568;18868;7150;5895;97108;71694;29956;51572;6006
tuning,767,21642;29496;259;8896;71644;48244;4688;21090;29670;39084
tuning,768,95186;20422;62528;72814;1022;87344;87572;12178;92644;12314
tuning,769,15419;97111;35060;68262;56460;97810;6134;17632;11970;7760
tuning,770,96444;96414;61556;6495;51702;10004;5086;76623;38345;5001
tuning,771,9376;2134;2998;10988;65998;1162;67186;9676;8360;68492
tuning,772,70131;83184;79358;15334;79952;71495;8166;32598;14512;58050
tuning,773,31946;73722;45688;80810;21694;5666;44194;32750;34972;56930
tuning,774,62764;24043;34536;27437;51802;39117;68178;39382;35832;51174
tuning,775,41516;49932;98960;17800;69156;8330;64492;58574;36825;36558
tuning,776,73908;71882;56162;69794;89506;11960;5676;148;622;88358
tuning,777,30962;73268;79794;16889;46394;76644;14847;76672;4952;9640
tuning,778,39730;62182;99994;65981;21490;93312;73493;8044;91970;81840
tuning,779,42790;16330;17926;54404;9552;64026;1332;53580;35836;68136
tuning,780,1088;90476;71043;89001;84834;86224;78164;90635;83094;18748
tuning,781,90500;45856;84576;71108;8333;35001;13182;90602;28188;2190
tuning,782,91884;95606;5572;50512;3975;37422;44954;25932;4528;1366
tuning,783,85658;74740;26772;82398;58958;30818;11178;1011;19798;22306
tuning,784,79358;85328;38920;25047;70131;79646;50070;63343;35032;50218
tuning,785,12632;1758;3020;94570;80266;2652;11628;13892;17819;94434
tuning,786,62428;45688;9932;70131;8134;75452;61982;27850;32750;7226
tuning,787,28064;8812;11589;69636;94954;21950;5724;37206;69606;12048
tuning,788,29747;34536;41302;53766;164;27437;19449;66106;35832;97920
tuning,789,14062;27266;43631;87297;77109;5068;80810;56930;7226;28972
tuning,790,90108;1680;31318;97259;8012;97806;45930;72334;99334;1736
tuning,791,25518;88972;35494;17187;90112;87201;1382;78154;7795;59280
tuning,792,17106;15480;22568;27662;97108;41170;89151;93798;71694;98700
tuning,793,90119;73849;30822;8928;90306;439;97806;12840;90208;94434
tuning,794,90119;34718;13252;87370;80408;44410;46080;45470;46006;59964
tuning,795,15709;16116;84858;22262;71330;5086;72527;25102;21606;30536
tuning,796,74608;5444;51475;9440;3108;21911;4856;79621;6078;64830
tuning,797,28754;86046;31616;77368;8112;39008;87201;34242;48764;20694
tuning,798,75292;170;19776;17474;46450;27434;1526;13084;1094;91242
tuning,799,94877;81840;90550;62182;88944;89808;3812;26943;26994;39730
tuning,800,36344;45206;58602;46058;4276;96150;4960;7391;11528;41287
tuning,801,33556;13888;97124;14348;12716;13958;13310;13712;7138;91500
tuning,802,94002;95414;6794;56558;89125;2784;22416;7914;34420;56104
tuning,803,8416;54220;1276;30508;3548;87800;86970;9426;17612;12846
tuning,804,86016;86259;58538;17326;29186;45174;33638;65584;27124;87728
tuning,805,80810;45688;5068;37636;21694;56930;44194;32750;87297;73722
tuning,806,97662;93772;39576;24874;17368;76764;55576;89232;32294;62246
tuning,807,41516;49932;8708;17800;1876;4664;74260;69156;22436;76136
tuning,808,77496;9254;936;798;48026;42864;887;58182;77306;12378
tuning,809,32160;72000;32120;25126;65370;82920;32270;34504;82350;32384
tuning,810,21134;54720;85539;33786;71462;95606;21170;10636;16438;57560
tuning,811,29858;54541;3646;94092;27107;39220;34011;27386;39314;33030
tuning,812,9606;1146;81948;11070;37248;31974;39102;57756;11142;4218
tuning,813,64068;43594;73307;73644;50750;20440;37938;73438;3928;1874
tuning,814,79485;79807;32958;98946;30244;99234;87336;86446;160;88788
tuning,815,9552;318;9890;64232;89348;53580;2890;54404;9110;58944
tuning,816,44131;11802;25860;2035;44702;2814;944;67996;9712;34628
tuning,817,59132;79576;53136;49396;896;69562;84340;84776;21046;13580
tuning,818,32716;39998;56880;8556;29694;50427;26146;7922;258;7954
tuning,819,84776;13580;85667;79576;84340;59132;896;22160;32160;69562
tuning,820,4658;96854;49174;97786;62944;83840;2026;64510;41162;95586
tuning,821,91242;4952;24850;12292;61108;48641;45434;52278;46196;52400
tuning,822,420;91988;46450;75292;27018;17256;51048;86956;74912;48641
tuning,823,35104;66172;29804;44310;1428;7802;21052;59462;39414;7476
tuning,824,96114;26156;22550;22128;49044;61398;78322;46230;45638;77306
tuning,825,63242;30436;22226;57596;64852;1826;18352;4118;23100;35794
tuning,826,64852;20302;82328;2318;51894;67552;92656;3792;5094;5642
tuning,827,77510;7988;18055;11288;81893;36094;63880;11891;85394;26476
tuning,828,14274;91249;10180;3008;54720;15712;54418;936;85161;36200
tuning,829,62182;43856;4926;9616;96238;75404;1098;32320;81840;37146
tuning,830,96150;41287;10887;74800;41565;8290;16574;11916;53292;30898
tuning,831,31216;14550;14822;8702;66050;4395;76623;74740;16420;78822
tuning,832,52030;51743;12968;96238;24478;81688;76874;20406;18786;55338
tuning,833,410;32302;41602;34026;57536;85574;58538;15926;87366;38338
tuning,834,80572;32734;12856;12402;80112;65880;96434;29810;23124;282
tuning,835,37636;56930;62428;9932;45688;31946;44194;7226;70131;32750
tuning,836,99780;77445;41472;13182;65444;67772;64492;16708;83412;23344
tuning,837,48244;15874;18344;13582;8896;10174;15970;29116;26104;9564
tuning,838,94877;81840;1826;90550;1398;97071;39730;82592;9486;1362
tuning,839,47092;21162;21278;21516;40286;18690;81428;27572;79946;79556
tuning,840,14822;31216;2392;78988;66050;35850;14550;73309;12952;78822
tuning,841,48942;77234;4154;31175;89964;24326;58212;51470;9488;8402
tuning,842,99654;83160;44732;84748;8941;10547;84657;83317;68414;31216
tuning,843,15212;22862;16952;18746;1046;16420;6828;17126;29128;51656
tuning,844,79576;85667;84340;84776;13580;59132;896;69562;22160;23770
tuning,845,51604;10276;39102;57410;57546;80286;26052;86150;33270;39406
tuning,846,44954;46022;45026;45930;30359;38532;13166;45875;29880;51596
tuning,847,52656;12262;66170;22;75986;11970;3444;63534;12122;13242
tuning,848,1648;60468;76664;58958;2622;32440;2162;77756;6246;3394
tuning,849,3975;4946;36862;55362;58602;87898;5094;5642;4276;82776
tuning,850,90028;36052;96948;81893;73307;80112;26414;11288;10682;98730
tuning,851,656;880;6150;80664;25578;31275;56450;40452;29090;17798
tuning,852,94954;54010;25047;42656;81085;37636;70214;56930;63343;7290
tuning,853,34536;62764;5072;24043;29568;26960;9235;7552;24490;91040
tuning,854,55549;66106;64940;97920;2446;22282;66098;33747;78846;19170
tuning,855,32120;32160;30642;65370;27694;53154;54052;72000;31868;82350
tuning,856,9526;11133;10052;15392;65752;14339;2796;5510;47156;11808
tuning,857,38482;35982;51243;1260;22872;28821;55338;30172;78402;97268
tuning,858,20828;13108;46958;36172;35968;43012;23280;74836;72620;62756
tuning,859,32842;33792;1588;56156;1568;37794;44310;58212;12520;8402
tuning,860,50072;79320;80110;29250;17626;19282;68414;71404;54572;10730
tuning,861,29874;42836;30652;25578;6930;29090;12840;8556;880;7316
tuning,862,91988;23856;98620;52156;15740;51048;52924;420;60874;52278
tuning,863,62102;16230;69524;73226;75522;38964;46588;50268;18827;42554
tuning,864,5068;28972;45688;63282;37636;21694;80810;61208;81085;43631
tuning,865,17819;47684;99952;97259;17048;1766;23928;97806;11782;35742
tuning,866,72579;60858;38964;39180;69536;32162;93120;36558;19542;3400
tuning,867,24362;99916;9762;23558;22816;28812;24772;54086;26516;17956
tuning,868,73908;71882;69794;89506;11960;5676;88358;14132;56162;622
tuning,869,56370;19658;54258;96056;94560;2774;57048;19834;57388;95586
tuning,870,88972;35494;87201;76563;90112;59280;26528;77368;7795;8604
tuning,871,2054;3128;47971;22902;1876;8258;80716;12188;4664;11506
tuning,872,3548;8416;52301;14284;30508;65437;89930;25554;1276;19510
tuning,873,85552;15419;57089;22844;1342;56460;98853;6134;19794;33016
tuning,874,99498;47582;97268;29068;56156;28854;77252;104;55338;78728
tuning,875,17819;97259;75354;28694;5384;97806;13190;33463;17458;46752
tuning,876,13182;5498;84901;13846;472;63910;51862;99284;2280;33747
tuning,877,22902;59164;44656;910;17382;2047;13084;47264;24486;18262
tuning,878,24208;7150;45342;22160;29956;80668;26574;18868;92321;27818
tuning,879,28536;17458;71876;47200;47424;2351;1148;31318;74396;94954
tuning,880,7226;62428;75452;75176;74396;22090;26550;94285;57078;61982
tuning,881,44194;56930;48154;37636;45688;55590;47720;70214;87297;97389
tuning,882,496;2500;1330;44046;80668;7150;32754;10528;90605;4819
tuning,883,62246;93772;56258;5536;32016;62112;99538;24686;89232;47950
tuning,884,26478;2868;12070;97291;12007;4592;27124;3292;26570;93253
tuning,885,31216;14822;8702;14550;74740;76623;26772;43298;16100;84129
tuning,886,15746;8320;16650;8480;15134;79658;2092;15819;4642;72828
tuning,887,22306;3828;18636;51894;26878;87898;15520;26462;27494;14112
tuning,888,2054;22902;3128;8258;47667;47238;65710;47940;52266;49494
tuning,889,62944;48333;1382;59164;19834;31662;18894;50491;64475;8604
tuning,890,54194;99709;496;80668;25362;22160;42789;2500;26574;1330
tuning,891,41060;59770;10316;24114;62713;7370;43918;14902;21484;56156
tuning,892,26478;23338;15452;89008;73045;73902;31597;5298;77756;73686
tuning,893,38532;45930;29880;44954;94370;46022;45026;51596;45875;89501
tuning,894,18746;15212;29128;22862;19396;91500;6828;1046;22960;93448
tuning,895,15709;16116;22262;84858;71330;72527;5086;45875;96246;21606
tuning,896,99994;23750;392;33782;99796;86048;8044;72686;4020;59776
tuning,897,95082;61762;5112;85654;42394;11210;30288;10966;24114;14262
tuning,898,22306;26878;18636;26462;3828;51894;87898;2592;19372;15520
tuning,899,97124;33556;13888;2630;13310;14348;26240;13958;59636;8879
tuning,900,9376;2134;68492;9676;65998;51786;10988;2098;67186;8360
tuning,901,94304;74382;6372;65998;99838;90786;43012;39220;68060;92286
tuning,902,26000;30864;11516;95582;36592;80112;77510;12290;52334;63652
tuning,903,91374;91249;2890;17326;59630;82670;64232;9552;9890;42264
tuning,904,2774;20488;82350;18206;26514;94988;25840;18330;83840;6478
tuning,905,21694;80810;31946;7226;45688;79646;56930;32750;44194;9932
tuning,906,66842;19496;73849;38168;19264;69432;584;63538;72334;77426
tuning,907,98072;86754;62322;98376;89932;75354;75208;94434;93591;632
tuning,908,89917;89932;84240;94434;94570;98376;86754;75354;90148;94748
tuning,909,70848;62764;24043;26960;34536;724;35832;46339;81268;5570
tuning,910,50208;30563;32476;62112;39105;68332;82716;39936;82044;18388
tuning,911,90119;2652;80658;87370;75176;52946;23508;17819;59964;66866
tuning,912,69878;31584;16708;12700;17368;42062;32016;63910;26468;48106
tuning,913,48714;97662;62322;39936;55576;56312;63290;52670;83094;12756
tuning,914,77445;41472;1202;99780;38008;468;8231;15282;41960;23344
tuning,915,24362;99916;24772;6152;22816;23558;30942;18814;28812;28204
tuning,916,54258;56370;96056;94560;57048;95586;2774;62944;19658;19834
tuning,917,4169;94242;69801;31818;38706;39808;82350;39873;32120;7436
tuning,918,94092;27107;27386;33030;57514;34011;6558;3646;88676;29858
tuning,919,73044;39356;1644;22872;1806;14262;52066;98606;9312;21986
tuning,920,50208;7536;39105;32016;68332;62246;17368;30563;55576;48050
tuning,921,51604;10276;39406;58574;28534;57920;51862;86396;57338;47302
tuning,922,39406;57920;62654;31412;69578;9108;85110;43512;23214;53906
tuning,923,8336;6726;4864;1422;62222;64986;96238;13044;57876;8870
tuning,924,96238;41079;76996;74608;74256;7830;3108;90550;50550;71370
tuning,925,99654;83160;44732;10966;11210;61967;29250;8941;83317;52744
tuning,926,80786;51342;64522;53237;76962;52650;9160;24850;52132;84806
tuning,927,30359;18738;14612;70506;42618;83317;67200;71946;81954;35544
tuning,928,62528;1022;87344;72814;95186;87572;20422;79764;73070;54640
tuning,929,79764;12040;72814;12314;87572;87344;11310;59882;53586;54640
tuning,930,7226;62428;57078;37228;74396;39286;75452;90410;50070;99564
tuning,931,89917;89932;86754;90148;75354;94570;84240;94434;94748;7426
tuning,932,34536;62764;29568;24043;5072;26960;9440;67186;7552;9235
tuning,933,62322;48714;39936;97662;83094;47902;52670;56312;55576;1170
tuning,934,87344;95186;87572;62528;1022;59882;46797;92644;54640;98854
tuning,935,16650;8320;8480;15746;4642;7336;60400;2092;51792;48416
tuning,936,85552;98853;56460;15419;6134;1342;36992;20384;1258;33016
tuning,937,83160;50072;44732;99654;11082;42864;83317;84748;74250;8941
tuning,938,19640;8166;83184;468;79952;26780;94410;14512;56674;38542
tuning,939,52670;85334;47902;22500;48714;89377;62738;83094;62322;28122
tuning,940,98960;98210;9310;1148;17819;23216;93591;50171;46784;46752
tuning,941,9526;11133;10052;15392;14339;12350;12406;57514;48244;61043
tuning,942,20518;20866;86026;19372;62560;3792;5094;5642;72266;22360
tuning,943,20130;61408;42510;14339;29116;69979;30758;27437;15874;5067
tuning,944,85667;79576;84340;84776;47642;23770;69562;896;59132;49396
tuning,945,79646;7226;21694;85328;70131;51842;63343;37228;9928;10062
tuning,946,15212;19396;17126;1046;356;22960;29128;37074;72752;51470
tuning,947,3828;22306;3792;19372;51894;64852;2592;20302;87898;36862
tuning,948,98620;82328;99678;26229;88433;21616;44446;61398;25554;49788
tuning,949,86016;87728;86259;168;58538;33638;3290;32719;45174;10980
tuning,950,25782;17798;56450;31876;47966;62032;31618;13886;29090;27664
tuning,951,38168;19496;66842;68992;11722;39406;72334;77426;89252;19264
tuning,952,29747;51174;97920;27437;19449;35832;62764;50812;34536;81268
tuning,953,94954;37636;38334;71866;56930;28064;45688;63343;28512;54010
tuning,954,45688;62428;75176;37636;86754;7226;80810;28972;75208;5862
tuning,955,98376;86754;98072;84240;90148;632;89917;94748;89932;98210
tuning,956,71200;76268;44410;56882;40772;90498;99284;6136;98194;87370
tuning,957,496;1330;2500;32754;90605;65478;80668;7150;4819;10528
tuning,958,97284;30090;69940;43970;91249;52334;3926;11010;72090;11140
tuning,959,61408;20130;30758;10860;30942;64834;55686;65244;42510;9762
tuning,960,41434;3492;31412;56358;26052;69578;40364;85112;98461;33838
tuning,961,33882;34716;28821;38482;36385;36532;55338;429;8828;61945
tuning,962,79764;12426;12040;53586;59882;72814;87572;73350;11310;12314
tuning,963,88986;24160;89042;48026;8032;4952;59078;76644;59226;42762
tuning,964,33354;31392;34504;25102;8786;72000;89894;4169;51916;27694
tuning,965,85460;65614;19970;32936;19958;11198;5366;68052;15266;13212
tuning,966,39979;20532;59134;5384;36917;37282;68482;48454;82350;71934
tuning,967,50008;97291;33801;49848;26970;23527;25442;25424;92826;15944
tuning,968,52234;52744;73644;946;73307;23859;73590;73438;83317;11082
tuning,969,12632;49986;97259;28188;97806;90119;59274;17819;11780;81145
tuning,970,98210;93591;98960;13892;98376;12632;17819;4099;632;87370
tuning,971,86754;75208;90148;31584;75354;84240;98072;98376;94570;94434
tuning,972,32160;72000;32120;34504;32270;89894;65370;31392;25126;78402
tuning,973,24362;99916;24772;28204;95153;6152;54086;89804;6044;2982
tuning,974,26574;22160;18868;24208;27818;80668;10528;7150;92321;6006
tuning,975,28376;15528;41092;90350;37220;37654;75858;32704;684;97124
tuning,976,73908;71882;69794;88358;5676;14132;11960;89506;56162;13084
tuning,977,59036;48180;13550;69894;35462;35728;24362;27316;48690;47618
tuning,978,84726;9762;20424;24362;37600;12984;164;76886;36604;2380
tuning,979,61934;22;3600;16100;44154;19396;6899;57089;15224;79301
tuning,980,9526;10052;15392;11133;61043;12406;12350;2358;14339;29116
tuning,981,71066;70784;87554;34268;39232;3944;38345;2362;48952;1494
tuning,982,85667;84776;79576;84340;49396;23770;53136;35476;69562;37476
tuning,983,65998;94304;9376;39220;68492;4318;33149;43012;14451;20318
tuning,984,376;63880;340;99434;69619;36044;21016;19674;88388;7988
tuning,985,91374;91249;17326;82670;30310;9552;37055;92656;318;356
tuning,986,656;880;56450;40858;31275;17798;40452;25578;6150;29090
tuning,987,78164;17368;32016;1695;89001;60282;55576;39576;24874;83094
tuning,988,89917;89932;84240;94434;86754;94570;75354;90148;98376;80266
tuning,989,32646;4536;90498;99326;13846;99284;66800;14200;76268;69356
tuning,990,53906;76497;16776;80408;46752;28694;17819;88088;80638;99780
tuning,991,24826;16264;6851;6362;5946;27230;6824;84162;39509;92358
tuning,992,71066;70784;6278;10280;89501;9182;66074;2362;84748;39232
tuning,993,63762;63768;52650;3472;51950;77152;11504;66050;1654;12486
tuning,994,6552;7276;88561;54812;8879;16215;96103;2630;26518;35018
tuning,995,58471;84528;95082;13614;73044;61762;64522;24690;35254;9254
tuning,996,26104;92358;13212;5946;18320;75464;18814;28204;42780;10760
tuning,997,33838;65444;41068;4750;65562;92650;94214;91582;2190;43512
tuning,998,85667;84776;79576;84340;49396;35476;69562;37476;53136;47642
tuning,999,34536;62764;24043;26960;53766;46339;66098;19961;9235;81268
evaluation,0,33030;54541;94092;71694;22568;724;33556;3646;49174;57514
evaluation,1,22160;71694;10528;26574;51572;29956;54194;18868;69238;24208
evaluation,2,71066;70784;87554;3032;20424;74158;90146;91884;56674;97962
evaluation,3,62912;49986;3994;99952;42736;97259;97806;17048;13892;1422
evaluation,4,52030;51743;12968;86011;20406;79621;3108;68492;51576;81688
evaluation,5,15212;17126;19396;29128;1046;22960;32788;37074;18746;29594
evaluation,6,47920;6156;23718;420;15278;552;49838;77510;24250;1098
evaluation,7,214;21046;40128;86723;4358;86011;2080;56168;82216;76536
evaluation,8,9124;45170;994;33939;72119;90028;63652;12442;82770;65962
evaluation,9,29747;81268;29114;50812;3608;39401;46856;880;50031;656
evaluation,10,22893;12840;2290;33270;98960;46752;69888;25168;98194;99780
evaluation,11,26350;35982;50678;71946;19510;7998;552;40608;88388;43150
evaluation,12,62944;56370;94560;96056;19658;15022;36390;54258;20814;2774
evaluation,13,26478;2868;4592;31816;16080;89201;5298;34791;38750;48942
evaluation,14,92856;52700;95621;6204;97698;6931;26476;84519;5508;5656
evaluation,15,68932;5524;4554;3166;10630;99582;43390;53190;11712;27258
evaluation,16,3444;49358;95392;45450;70506;14748;25069;21448;13466;60188
evaluation,17,81840;94877;90550;62182;21528;24048;19828;28752;26994;73902
evaluation,18,45384;51290;6216;75848;13504;98997;18794;22502;5524;9606
evaluation,19,9486;26943;73902;19384;1579;26994;38354;94877;9590;88944
evaluation,20,16650;60400;66202;2694;1637;4642;48416;8480;2168;7336
evaluation,21,95082;8943;73044;58471;61762;13614;9578;6880;51468;30242
evaluation,22,57468;33736;63880;27334;26292;7988;25932;32264;50512;10132
evaluation,23,85552;98853;1342;15419;56460;6134;74858;57089;1258;22844
evaluation,24,99654;44732;83160;84748;83317;10547;8941;31216;68414;50072
evaluation,25,2232;65216;63714;10276;7980;76106;7968;61108;78846;46058
evaluation,26,41060;10316;24114;43918;45100;59770;14902;24690;27478;2863
evaluation,27,70784;71066;30316;63778;51372;52266;7914;1904;15354;30874
evaluation,28,1011;76818;64852;52650;35794;44055;18640;22677;82770;85658
evaluation,29,99008;57596;97284;65910;22476;56588;63242;2162;58600;89024
evaluation,30,10180;57536;19036;19846;7699;49128;5506;51743;88382;57218
evaluation,31,5206;12316;33030;97124;43308;14152;5812;71502;5508;684
evaluation,32,32120;32160;34504;72000;32270;27694;82350;57884;36664;53154
evaluation,33,97806;97259;99952;49986;16940;93591;28188;98210;62912;1422
evaluation,34,41472;31412;36472;77445;23344;18827;15282;13182;8532;64492
evaluation,35,53580;74649;16330;58944;67728;802;68136;67996;87952;1332
evaluation,36,34504;72000;78402;32160;31392;32120;57884;82920;53154;36664
evaluation,37,9526;11133;29116;15392;10052;14339;12188;54788;57514;21606
evaluation,38,19852;18792;4762;9443;93860;16080;54258;48184;4169;4658
evaluation,39,63380;46958;2772;5296;37510;90013;54482;42716;40494;4982
evaluation,40,94304;39220;65998;43012;20318;74382;68060;9676;18880;31234
evaluation,41,28854;86510;10506;99498;10302;14608;88569;51882;104;9050
evaluation,42,75176;93591;99952;4904;13892;5862;39296;12632;2652;86754
evaluation,43,11702;97530;64986;62222;86224;90635;23484;90476;39843;74808
evaluation,44,38964;93120;68300;69536;23382;2144;11698;68110;32814;31012
evaluation,45,89917;89932;94748;84240;75354;90148;86754;98376;94570;75176
evaluation,46,2290;6630;6654;74152;58108;6594;46254;43206;25170;7126
evaluation,47,93772;62246;62112;51546;24906;68332;31864;16036;56258;55576
evaluation,48,18388;68296;47950;5536;42100;92788;51546;68332;2314;11704
evaluation,49,19852;49174;12854;4169;20936;4658;18792;48764;4762;83840
evaluation,50,76403;52054;2175;7696;57920;31412;23754;1248;50746;2920
evaluation,51,19546;1310;4127;80658;39105;62322;62110;4898;61208;28122
evaluation,52,20650;49358;69626;96114;81038;4255;94616;23210;58471;64702
evaluation,53,32160;72000;34504;32120;65370;25126;32270;78402;82920;89894
evaluation,54,57514;65752;39760;13784;97124;39831;43308;59266;51104;88676
evaluation,55,98166;16267;6894;13976;33332;98476;13766;19767;43522;32020
evaluation,56,496;1330;99709;2500;2994;80668;13514;32754;34496;54194
evaluation,57,60220;1322;8648;78819;4090;40802;28684;35728;98402;78962
evaluation,58,16264;40286;43522;88296;1322;51448;88772;40802;21516;32026
evaluation,59,36976;49582;58240;52600;97724;24812;94242;30088;37080;37806
evaluation,60,86396;2604;16136;56613;17626;22599;68319;1044;22840;65900
evaluation,61,97806;97259;20130;19296;13872;81145;90119;14202;5487;92358
evaluation,62,37554;17816;21090;92358;27230;32026;10174;63958;66606;32704
evaluation,63,41902;66202;58215;54461;75582;42740;58114;53306;63472;37328
evaluation,64,41060;10316;24114;43918;14902;45100;24690;59770;2880;27478
evaluation,65,34420;5912;3864;88944;26810;22416;56171;1332;35314;22650
evaluation,66,41079;12968;18786;20406;1094;71370;81840;9708;80509;94877
evaluation,67,10933;7452;20386;61065;3032;17876;27158;26538;96822;86694
evaluation,68,95082;15368;50072;51696;61762;95698;24114;61967;70506;14262
evaluation,69,96444;96414;61556;5256;35058;38345;76623;6495;10004;57905
evaluation,70,42618;30359;34286;18738;82398;96414;34174;82336;96444;70506
evaluation,71,70974;71718;26644;63170;73045;73902;15419;74192;19384;73686
evaluation,72,26210;5524;5422;51882;51956;42218;38902;43436;41130;98142
evaluation,73,94877;81840;3812;26994;8772;26810;26943;93312;90550;1579
evaluation,74,62392;69712;45572;6851;87648;34534;35114;35000;5450;37514
evaluation,75,79576;49396;47642;69562;84340;85667;87516;84776;43658;59132
evaluation,76,65998;94304;74382;68492;1162;24524;67668;9376;5674;33149
evaluation,77,79807;98946;79485;99234;32958;30244;86446;85827;39196;85900
evaluation,78,99498;86510;11512;77252;78728;97268;47582;66022;46462;45004
evaluation,79,74010;5684;2639;75128;75920;56168;76210;71710;71492;25922
evaluation,80,6931;42002;15368;10422;16114;9578;77306;73762;77496;69626
evaluation,81,64026;65088;53132;36200;368;14722;42790;3926;9552;43143
evaluation,82,9948;4358;86891;22760;4186;10392;33716;136;19336;12007
evaluation,83,656;6150;40452;880;25578;56450;85218;6930;94678;5938
evaluation,84,83184;6418;15334;14512;8166;16710;70131;38333;99020;32598
evaluation,85,75452;56930;71866;37636;62428;70131;45688;37228;98492;57078
evaluation,86,58108;90306;5487;98960;60282;20662;86224;7575;49838;90476
evaluation,87,65444;77445;41472;99780;65562;1202;10540;13182;16708;77464
evaluation,88,78702;79952;99714;99089;87564;14780;79358;31412;2652;33050
evaluation,89,18602;19576;18726;22144;19254;23790;38928;39008;20936;18364
evaluation,90,32704;19138;21278;59968;21642;16264;80794;16958;21516;78994
evaluation,91,18320;5946;16267;48690;7048;75464;27230;98476;6362;13212
evaluation,92,9526;11133;15392;10052;29116;14339;57514;12188;54788;61043
evaluation,93,61408;20130;9762;30758;42510;30942;9082;19636;29116;20248
evaluation,94,73908;71882;69794;89506;5676;88358;11960;31242;14132;56162
evaluation,95,88972;76563;87201;90112;71644;59280;8604;26528;33824;63404
evaluation,96,17106;89151;27662;98700;15480;93798;98636;22902;13154;18894
evaluation,97,3646;33030;94092;27386;43010;54541;74328;48140;87554;25102
evaluation,98,10528;2054;6006;12492;18775;71694;5895;32384;17730;20936
evaluation,99,3246;3299;3954;6078;36232;3010;48026;4856;61108;22226
evaluation,100,61934;77384;87576;1806;1644;26970;3324;90150;78760;9206
evaluation,101,2262;20912;69488;34244;17127;37846;36572;52266;98198;66836
evaluation,102,7452;10933;61065;3032;20386;17876;96822;11930;27158;92572
evaluation,103,28286;67750;59171;60506;21547;11038;60503;2608;73686;73902
evaluation,104,94877;97071;62182;33540;84520;89042;81840;74256;31706;39730
evaluation,105,90534;16330;34814;5424;89548;87688;86192;75834;12544;61616
evaluation,106,85676;84657;84748;30359;89501;69322;46022;45341;12558;25932
evaluation,107,22306;5659;5760;34968;23248;3008;21024;15520;38248;1048
evaluation,108,47312;47252;46797;46368;61492;54640;79764;59882;54670;97962
evaluation,109,21632;27814;42662;43856;50628;68224;45412;32508;45072;31216
evaluation,110,27124;29186;29250;3140;80110;45174;10122;40608;53580;35322
evaluation,111,51743;96238;12968;3108;26276;52030;5814;19714;19912;99060
evaluation,112,656;880;56450;31275;6930;83966;25578;94678;40452;29090
evaluation,113,32476;62246;6910;604;30563;55576;93772;83398;48050;88748
evaluation,114,94434;8540;93591;24504;90119;32476;7536;12632;480;20470
evaluation,115,34504;25126;27694;32384;32120;82350;13154;8786;32160;89894
evaluation,116,18320;75464;5946;98262;98476;7048;6362;27230;24683;6824
evaluation,117,29858;94092;34011;54541;33030;69662;27107;39220;27386;724
evaluation,118,62528;87572;95186;87344;1022;54640;54670;79764;12040;92644
evaluation,119,99000;18512;52744;65180;43152;50852;24806;52234;49530;32068
evaluation,120,214;52030;12968;51743;81688;55338;80509;20406;94877;96238
evaluation,121,32160;82920;32270;32120;65370;25126;82350;30536;72000;25102
evaluation,122,89917;89932;94570;4099;17819;13892;12632;86754;13044;632
evaluation,123,27664;13254;98264;32476;60282;62246;93772;6910;19170;24906
evaluation,124,23870;66800;11704;63910;24906;5362;17102;55658;24063;2314
evaluation,125,90802;26462;92890;75301;26210;91324;98420;72682;26416;40868
evaluation,126,21046;1155;88358;13084;73908;1094;2536;71882;148;69416
evaluation,127,52504;69568;95318;80850;40440;52744;52476;424;4934;4016
evaluation,128,97259;97806;4494;33206;91243;85388;60596;4169;1422;4099
evaluation,129,89024;25794;91242;32038;12378;4952;37676;30650;13084;45486
evaluation,130,32160;34504;32120;89894;72000;78402;22148;32270;82350;65370
evaluation,131,17474;214;11764;22560;8032;12134;26684;93393;73242;9726
evaluation,132,6006;10528;12492;5895;2054;71694;69238;18775;2994;22160
evaluation,133,89232;17368;55576;90476;24874;62112;28122;94748;99538;83094
evaluation,134,43143;16438;15356;54720;9148;16558;75844;86078;25056;64376
evaluation,135,81268;29747;29874;29114;584;25722;97920;56161;56112;83194
evaluation,136,65444;65562;13182;41472;99780;10540;1148;77445;66560;67772
evaluation,137,99000;45174;3140;27124;33638;29186;17326;85308;22587;85584
evaluation,138,15212;17126;32788;1046;29128;22862;6828;16952;18320;29490
evaluation,139,81074;76453;21616;308;12659;4767;90534;69164;6726;77080
evaluation,140,70974;22474;2462;19384;73686;63170;73902;15419;58074;71718
evaluation,141,12492;6006;54118;92988;10528;50588;27662;7138;90605;80668
evaluation,142,70848;24826;55362;28821;14152;89896;18775;13848;24162;522
evaluation,143,12148;22144;3702;18602;7795;78928;18726;92670;31850;4688
evaluation,144,4169;94242;23790;7436;19576;63500;15480;69801;97724;31818
evaluation,145,15212;19396;16952;16420;29128;51470;22862;6828;18746;22960
evaluation,146,47618;13976;48180;32936;5618;35572;13766;48216;78380;35728
evaluation,147,6150;880;56450;94678;25578;86754;656;29090;17798;83966
evaluation,148,1756;12596;54058;14339;40552;9564;20318;60448;18344;73268
evaluation,149,99780;17458;57705;79524;80040;96308;3668;58050;1788;49413
evaluation,150,13766;90013;47618;18814;19967;18426;13976;40494;3747;13016
evaluation,151,38887;97930;29496;6366;12744;15392;29670;64626;34163;20666
evaluation,152,887;10422;10156;44446;77496;14262;30508;9254;15931;15368
evaluation,153,93222;90056;97284;47098;63778;23067;34026;47012;41604;93036
evaluation,154,35850;3294;87952;66050;2392;12090;18310;62560;36134;26556
evaluation,155,95082;43918;61762;24114;13614;6880;11262;33416;14902;23210
evaluation,156,29747;78846;66106;5714;39401;81268;46339;50812;19449;164
evaluation,157,71876;94954;28536;29514;35000;74396;47424;30904;42656;61266
evaluation,158,61020;40388;99060;9916;12614;86312;53958;9628;54118;7830
evaluation,159,1098;61020;82216;17326;9890;45225;54786;82242;58776;1787
evaluation,160,10887;96150;74800;6406;46058;55362;4276;53292;48814;16574
evaluation,161,6066;9730;74222;56044;59898;45178;41092;15464;40280;56155
evaluation,162,85667;79576;84776;84340;23770;47642;49396;30536;48140;69562
evaluation,163,36480;70936;6366;9324;78380;55216;48690;58471;62364;85112
evaluation,164,57290;16010;50426;2267;54072;51004;79524;50244;15966;51932
evaluation,165,95606;71462;30088;21134;77034;21170;27124;54720;33354;30148
evaluation,166,9526;15392;11133;10052;12188;29116;57514;54788;81954;25735
evaluation,167,496;1330;32754;2500;90605;65478;10528;16644;4819;7150
evaluation,168,19372;50268;1011;73366;29634;48832;33882;354;68562;22306
evaluation,169,8032;7298;61108;46196;23484;21526;64986;91242;89024;61188
evaluation,170,45206;4276;46058;11528;53912;96150;9696;74800;41660;7391
evaluation,171,20140;11802;3600;44378;44702;20144;44450;6899;16100;87402
evaluation,172,30359;84748;85676;12558;84657;26292;83160;83317;89501;46022
evaluation,173,7452;10933;61065;17876;20386;3032;17530;26538;42422;34454
evaluation,174,16116;71330;15709;72527;84858;57388;16714;82952;45875;22262
evaluation,175,71718;73902;73686;70974;26644;73045;89008;19384;74192;1684
evaluation,176,1094;1940;170;91242;25794;21046;88358;13084;11106;98468
evaluation,177,19496;10276;29594;38168;51604;39406;90694;19264;51862;77426
evaluation,178,38333;99020;86654;9468;15334;80866;30904;78846;9928;19640
evaluation,179,19119;34972;83598;97389;66982;27266;97294;76134;22666;83112
evaluation,180,16990;96308;24906;1310;5938;92788;62246;93772;30563;23214
evaluation,181,94877;3812;19828;89808;26994;7930;82592;26943;88944;93094
evaluation,182,62528;12040;11310;12314;98690;12178;53586;72814;12426;95186
evaluation,183,85676;84748;84657;30359;46022;89501;12558;44954;25932;45930
evaluation,184,24043;70848;62764;34536;71876;57906;24826;42495;89896;26780
evaluation,185,54890;51662;89252;51496;57218;73849;52360;66842;81074;45305
evaluation,186,59462;52886;57218;82679;22020;9838;42556;12917;77730;41052
evaluation,187,1424;1442;74836;21516;21320;21278;21162;22718;72456;75858
evaluation,188,93800;88460;94034;7410;8550;7434;86180;98636;83820;98012
evaluation,189,33556;97124;13958;13670;13888;14348;13712;8879;59636;41092
evaluation,190,4166;7566;1568;6603;73611;7898;48400;47994;1588;14580
evaluation,191,26644;73686;70974;73902;71718;73045;51656;19384;18310;58074
evaluation,192,65227;64704;13234;6406;65606;96150;28536;46232;9235;47106
evaluation,193,72752;72193;51276;86078;15520;5002;4934;65584;39820;9148
evaluation,194,46022;44954;29880;45026;13166;45930;45875;30359;38532;51596
evaluation,195,84457;54404;946;52744;54386;54556;37318;83317;96702;46726
evaluation,196,42002;15368;10422;70848;77306;16114;9578;64522;9254;6931
evaluation,197,6406;65227;13234;96150;28536;65606;87366;17186;64704;4276
evaluation,198,94678;86378;9738;6150;17999;18642;38112;13886;25076;25578
evaluation,199,28754;28691;30870;28970;28920;27290;14726;9235;97292;4372
evaluation,200,88460;93800;94034;7434;98012;7410;83820;98636;8550;90256
evaluation,201,51862;33270;71832;84901;10276;25398;42880;53624;71970;69888
evaluation,202,67750;60506;2608;60503;28286;59171;11038;18805;21547;37224
evaluation,203,70974;26644;73686;73902;71718;63170;19384;73045;58074;51656
evaluation,204,96238;1644;90786;1806;89834;2706;6552;66052;90550;19852
evaluation,205,8416;87800;86970;1276;54220;30508;3548;42197;6406;9426
evaluation,206,20532;5384;65974;71934;98700;93798;82350;48454;17730;3264
evaluation,207,97124;33556;30242;29734;94988;13484;26240;33328;36594;80504
evaluation,208,42100;89917;5498;68296;29330;80408;31510;93372;17048;93772
evaluation,209,536;57962;46422;55586;13283;13302;13640;6635;71370;39819
evaluation,210,89151;71694;17106;15480;98700;27662;22568;93798;67790;26032
evaluation,211,7336;72828;2092;14604;8480;8320;5598;2;16650;50040
evaluation,212,99000;50852;52744;18512;40608;43594;87540;35742;5148;43152
evaluation,213,45026;44954;45930;45875;46022;10056;13166;42618;29880;38532
evaluation,214,96238;51743;12968;214;90550;19714;52030;71370;18786;81840
evaluation,215,74740;4524;30818;85658;25794;65962;1444;66044;67262;79485
evaluation,216,2262;69488;20912;17127;34244;37846;9828;36572;8943;56156
evaluation,217,7276;6552;13076;21911;12715;52360;18746;83586;8879;11320
evaluation,218,40971;10122;42320;3140;14550;14608;8702;31216;18636;21652
evaluation,219,27370;56460;6134;15419;87520;24568;98853;17632;22302;19794
evaluation,220,56930;37636;70214;31946;48154;70498;45688;97389;28972;56160
evaluation,221,368;58776;30818;12211;82328;9890;3008;36210;54418;16128
evaluation,222,41472;77445;99780;5490;77464;23344;13182;22893;69156;99952
evaluation,223,50208;83094;23484;78164;17368;89001;13892;18748;39576;62110
evaluation,224,83398;32476;17368;24686;69878;62246;60282;78164;39576;39419
evaluation,225,48140;86621;22902;24712;47667;59132;47940;59164;8258;60188
evaluation,226,77152;12254;51568;23408;15996;92890;170;24850;18532;51718
evaluation,227,22718;93546;21516;96146;21278;21162;74836;1424;1442;84162
evaluation,228,5946;7048;2339;33332;17858;17974;98166;16802;20376;3678
evaluation,229,47480;22568;7150;29956;6006;18868;45498;90605;51572;10528
evaluation,230,98700;82350;37282;20532;5384;36917;26032;45698;31234;83840
evaluation,231,73908;89506;69794;71882;88358;5676;11960;148;56162;13084
evaluation,232,17106;3040;71934;70682;89151;41046;65974;27662;14760;47994
evaluation,233,79726;7988;80112;5506;9212;56582;22752;2868;15662;20760
evaluation,234,16100;84129;44702;72670;56460;40824;43298;20384;20140;21471
evaluation,235,99000;50852;49452;59579;85584;19760;16674;47098;5148;87540
evaluation,236,98854;62528;59024;59882;98690;79764;87344;95186;87572;1022
evaluation,237,59130;60650;46160;45102;53198;50290;99582;74010;98924;71492
evaluation,238,3171;38558;18310;33776;23713;3894;12486;19798;62560;732
evaluation,239,15212;19396;29128;37074;17126;42556;16952;47282;22960;22862
evaluation,240,7452;10933;17876;61065;3032;20386;42422;26538;17530;282
evaluation,241,3171;58074;38558;3894;62560;19636;18310;29128;1652;33776
evaluation,242,22009;33016;27370;34476;39488;33522;59410;1410;75086;87120
evaluation,243,62104;12968;41642;20446;214;3104;51743;91582;56168;8134
evaluation,244,46804;1248;96944;5380;19760;22587;88782;87952;86150;29250
evaluation,245,9212;9592;23626;41301;44864;72732;40962;11288;46604;96344
evaluation,246,90786;94304;96238;78154;55916;90550;46750;1236;5992;18778
evaluation,247,84340;85667;79576;84776;21046;23770;59132;13580;81948;1268
evaluation,248,91118;65216;442;74256;66622;74800;23118;53292;30898;35836
evaluation,249,17287;72266;79266;95414;37651;10748;14314;80;94002;8488
evaluation,250,57986;54692;54572;27412;29186;946;84657;10980;59580;1034
evaluation,251,81372;11982;11812;4859;26187;36476;887;39346;46394;26136
evaluation,252,66842;38168;19496;11722;3823;57338;42880;72334;77426;6194
evaluation,253,62764;24043;34536;46339;20690;26960;10310;50812;66098;70848
evaluation,254,28972;25047;6324;56930;74396;28148;32750;61266;31946;45688
evaluation,255,45688;9932;5068;80810;28972;62428;32750;7226;34972;8134
evaluation,256,68590;39314;14014;67104;36280;10804;6610;18138;59960;66914
evaluation,257,28064;47424;8812;69636;69606;28188;63343;12992;75118;9168
evaluation,258,85394;18055;4044;32264;51154;60662;6931;81893;78322;95621
evaluation,259,5765;29330;63282;97389;32598;4062;76944;37636;38334;35114
evaluation,260,26960;91026;10528;89916;69238;10310;56044;20694;12806;78130
evaluation,261,34454;24592;10014;60112;26182;46804;23754;59807;86620;1248
evaluation,262,9578;15970;26104;16114;32298;24826;14262;14339;20022;36980
evaluation,263,54258;62944;96056;57048;56370;94560;2774;48333;95586;1382
evaluation,264,15392;9526;11133;10052;68974;99334;78146;85138;8062;81954
evaluation,265,22568;10528;90605;7150;18868;97108;71694;62944;2500;44046
evaluation,266,6894;33332;13766;98166;13976;16267;47618;19767;98476;43522
evaluation,267,20532;5384;65974;59134;17106;41046;47994;71934;39979;93798
evaluation,268,61408;20130;42510;14339;15874;29116;18868;30758;69979;9762
evaluation,269,14891;35830;78858;22403;59171;28286;2608;40184;87127;96702
evaluation,270,23338;27509;51656;63000;14856;30826;14748;3812;4094;3970
evaluation,271,32646;20427;4536;3670;66560;69356;90498;99326;13846;66800
evaluation,272,4688;24581;89798;11084;90013;7795;40494;2982;64475;3747
evaluation,273,3040;27448;71934;3264;70682;65974;47994;81328;48400;29232
evaluation,274,93798;5384;82350;33514;82920;65974;33443;17106;20532;41046
evaluation,275,8044;69322;35155;53580;33522;2604;7878;75395;34814;16330
evaluation,276,34972;97389;85998;19119;4416;31312;62312;19018;40406;97294
evaluation,277,20650;55216;70936;79946;79556;94616;60254;6366;4692;2874
evaluation,278,5895;13860;92354;96934;10252;80784;89916;6006;42789;96056
evaluation,279,43625;68114;18240;42148;32452;24782;47926;63336;41010;22567
evaluation,280,3132;31275;17798;656;29090;85218;880;56450;47966;25578
evaluation,281,6324;32750;91580;28148;57078;28972;7226;14062;9932;14780
evaluation,282,10508;420;1106;34556;21398;21828;91988;5876;45486;7986
evaluation,283,3264;3040;65974;98731;6558;70682;71934;81328;48400;25088
evaluation,284,63534;27370;24160;39386;21712;27108;14206;6726;67510;81840
evaluation,285,15709;16116;71330;22262;84858;72527;45875;36385;68178;57388
evaluation,286,88748;90476;90635;90306;97662;76764;39419;39576;11702;86224
evaluation,287,79576;85667;47642;84340;84776;49396;59132;69562;37476;89964
evaluation,288,9212;9592;44864;41301;23626;40962;63652;46604;23718;72732
evaluation,289,6406;8416;87800;86970;1276;30508;45930;32664;44954;32884
evaluation,290,69164;90534;35155;67560;99678;34814;4192;75668;77080;67048
evaluation,291,28816;48184;54282;79576;59132;28034;49302;10979;9676;26804
evaluation,292,5765;32598;4062;29330;56930;72276;99714;76944;70498;38334
evaluation,293,61188;86150;21526;99780;57705;81768;2996;24906;49413;16406
evaluation,294,10646;93488;75354;98376;84240;87370;23216;98210;94748;93591
evaluation,295,20532;98700;36917;39979;5384;59134;82350;18726;98731;71934
evaluation,296,61408;20130;42510;60230;30942;29116;9762;69979;9082;14339
evaluation,297,3040;27448;71934;3264;70682;65974;29232;47994;73611;81328
evaluation,298,42716;57390;57884;12166;75382;72499;69818;82700;26804;88296
evaluation,299,94146;6824;6868;94322;40286;6420;8879;5828;3136;97292
evaluation,300,65581;36064;38558;81522;46804;26182;17498;83184;3171;33776
evaluation,301,80708;4960;96150;22360;18238;10887;4276;46058;36344;8660
evaluation,302,30359;83317;85676;12558;93036;42864;44954;84748;37422;26292
evaluation,303,22262;23527;89834;23112;58172;87576;22252;61934;84858;15709
evaluation,304,39008;19254;18364;19852;18726;98114;54786;9443;32518;38928
evaluation,305,54258;96056;19658;95586;56370;2774;94560;57048;62944;36390
evaluation,306,30244;39196;5696;85827;79485;79807;71788;98946;7913;57182
evaluation,307,18055;85394;60662;23234;32264;77326;19578;63652;81893;73307
evaluation,308,51802;97920;46339;26960;80509;22090;24043;66098;8540;1695
evaluation,309,40286;21162;31080;21278;21516;39485;51448;47092;19767;35572
evaluation,310,84340;85667;79576;84776;23770;21046;59132;13580;81948;52030
evaluation,311,79576;69562;32160;25102;49396;34504;9676;50491;28034;59132
evaluation,312,48184;49302;28816;28034;59132;79576;54282;9676;724;24610
evaluation,313,99709;54194;96584;96912;22160;8943;12350;92321;32510;24208
evaluation,314,23234;52650;36532;9064;82523;50877;61945;20680;9846;33801
evaluation,315,72266;79266;17287;80;10748;14314;95414;16326;14608;8660
evaluation,316,54482;7258;1084;1083;20666;88844;4982;10860;4712;37510
evaluation,317,8044;35155;34814;53580;44450;90534;74649;43856;58944;73309
evaluation,318,32842;58212;17046;8402;48942;77234;13534;42858;46796;21674
evaluation,319,45305;42068;29810;49788;49044;22128;28854;12984;9210;29140
evaluation,320,7226;14062;71866;70131;10062;21694;9928;63343;85328;37228
evaluation,321,11874;12056;61290;8244;61266;6102;13352;14072;8736;55806
evaluation,322,60596;75464;18320;4648;10933;77496;12744;6866;3708;77306
evaluation,323,57884;27694;27456;54052;53154;57390;29140;25126;32160;72000
evaluation,324,9526;11133;29116;15392;10052;14339;12188;54788;57514;18344
evaluation,325,73908;71882;56162;69794;11960;77109;5676;148;87297;89506
evaluation,326,496;2500;1330;22160;7150;10528;80668;55176;90605;32754
evaluation,327,31850;18602;19132;22144;36888;37282;43308;20936;26032;51916
evaluation,328,63292;69568;50628;5024;52744;8562;51882;19980;11082;74158
evaluation,329,16493;12048;15390;4919;2567;9491;45698;1446;79196;26738
evaluation,330,66098;5080;51564;56161;55450;56112;97920;31790;9952;24043
evaluation,331,96857;35522;12079;35494;49572;92581;64354;45596;71644;6396
evaluation,332,58114;41026;60400;1637;20974;53920;66202;58215;14604;48416
evaluation,333,15709;16116;71330;72527;84858;22262;45875;28190;57388;16714
evaluation,334,54220;9472;6406;53651;3548;63653;42197;44954;87800;17612
evaluation,335,54720;79560;85539;79546;21170;21134;36200;8688;5280;10636
evaluation,336,52700;86781;67262;11288;44055;8020;4960;10556;10887;65194
evaluation,337,7226;14062;71866;70131;9928;10062;21694;63343;85328;37228
evaluation,338,4494;6726;9491;10252;85412;66467;42858;42988;17858;291
evaluation,339,85107;97577;19961;62764;26052;96792;31796;66106;28064;26960
evaluation,340,94678;6150;27664;9738;93610;80664;25578;18832;72526;85218
evaluation,341,94954;54010;12228;42656;10672;38334;56160;45688;60596;99564
evaluation,342,94092;27107;34011;33030;29858;27386;3646;6558;54541;57514
evaluation,343,56460;33016;85552;98853;22844;6134;57089;74858;7198;15419
evaluation,344,58050;21886;81524;2175;18028;4372;8708;1494;92786;21870
evaluation,345,79764;87572;72814;59882;1022;98690;95186;54640;87344;54670
evaluation,346,20912;74250;77170;30316;7914;6778;85983;36144;88782;5380
evaluation,347,45026;44954;45930;46022;45875;9064;10056;30359;42618;13166
evaluation,348,61065;7452;3032;10933;17876;11930;3171;37450;20386;732
evaluation,349,51656;3812;23338;73902;94877;73045;73686;4094;82336;19384
evaluation,350,77234;49252;944;9712;45548;2814;928;43894;5228;25860
evaluation,351,96944;87952;96344;1248;46804;65180;11758;58050;50868;17024
evaluation,352,96338;4699;12520;1644;1806;51243;16044;58212;72643;75309
evaluation,353,79576;59132;36412;38338;69562;38972;53136;67510;84340;49396
evaluation,354,99678;18640;7980;42988;2592;45460;1440;29934;64852;1450
evaluation,355,74256;30629;86686;81840;58718;79074;62696;93312;1366;16574
evaluation,356,5696;30508;30244;85827;57350;24758;19040;69619;52301;17778
evaluation,357,44954;46022;45026;13166;10056;45875;45930;84748;30359;51596
evaluation,358,7452;10933;61065;3032;20386;17876;26538;96822;92572;5056
evaluation,359,28972;14780;25047;21694;31946;70131;27266;74396;12992;39286
evaluation,360,62764;24043;34536;26960;46339;5714;5072;66098;39382;80509
evaluation,361,18320;60596;81522;75464;4682;10422;4648;3708;10933;3803
evaluation,362,54482;1084;1083;7258;63380;42716;37510;24581;88844;11084
evaluation,363,18868;24208;26574;44046;51572;80668;7150;92321;6006;22160
evaluation,364,66330;23894;27437;43908;23822;21788;4894;24162;34536;32270
evaluation,365,64852;99678;68562;19372;1462;410;64910;41130;20866;1048
evaluation,366,90350;98636;98731;86180;90614;59096;33328;93798;98700;83820
evaluation,367,33030;34011;94092;27386;29858;30172;724;20424;57514;6558
evaluation,368,29670;78590;32026;22718;32112;63958;81428;96146;29496;21090
evaluation,369,14339;20422;17956;62994;7258;4712;96857;5988;5508;3062
evaluation,370,75452;62428;9932;37228;45688;61982;71866;22090;7226;3646
evaluation,371,62764;24043;34536;46339;50812;26960;5714;20690;50031;66098
evaluation,372,54482;7258;10860;20666;95153;63380;1083;1084;4712;4982
evaluation,373,61524;11530;75794;31494;21674;24476;38168;483;50745;31312
evaluation,374,33016;56460;98853;7198;85552;6134;74858;22844;33522;57089
evaluation,375,82920;32160;25126;34504;32270;65370;30536;82350;25102;32120
evaluation,376,30376;2130;3264;47971;65974;31950;2538;2054;38928;9116
evaluation,377,95082;51468;61762;8943;73124;72061;98606;13614;6880;85654
evaluation,378,27018;32958;85900;99234;79807;98946;79485;2526;86446;17256
evaluation,379,54220;12846;3548;8416;10814;17612;9426;87800;42197;57596
evaluation,380,75128;5684;74010;75920;2639;76210;71710;8814;71492;74116
evaluation,381,66098;97920;50812;80509;51174;81268;52452;39382;24043;55450
evaluation,382,6851;18320;27230;13212;21090;48690;26104;97636;5450;98262
evaluation,383,6410;7410;7434;98636;89151;98700;93798;3040;71934;73611
evaluation,384,15709;16116;71330;72527;84858;22262;45875;28190;57388;96246
evaluation,385,74540;45548;52616;54461;762;58114;68006;41902;58215;59986
evaluation,386,2734;24906;31132;41632;22494;39578;11704;5362;93372;64986
evaluation,387,98854;87344;62528;1022;95186;87572;46797;73070;81954;59024
evaluation,388,11584;18640;20866;20518;11178;1826;33882;19372;56588;85574
evaluation,389,38248;45225;12254;9890;91249;17326;12211;7570;7178;7734
evaluation,390,90350;98636;86180;90614;6536;93798;98731;83820;8550;59096
evaluation,391,51786;65998;68492;14451;8360;9376;9676;48942;2098;24524
evaluation,392,62580;44490;27662;22252;12070;26032;17730;13212;18894;83958
evaluation,393,64860;14350;318;44260;41376;80110;6156;85654;4934;22840
evaluation,394,45930;45026;44954;45875;46022;10056;9472;72527;38532;13166
evaluation,395,16650;60400;58114;1637;2694;4642;48416;7336;41026;25867
evaluation,396,96944;46804;1248;43436;87952;36064;65581;50868;93854;29250
evaluation,397,4358;72193;68916;57418;17562;99374;3262;98924;41026;10848
evaluation,398,83094;24874;78164;64986;17368;90306;86224;55684;84324;55576
evaluation,399,83184;14512;15334;27228;30194;55806;47857;44396;81357;30904
evaluation,400,27228;55806;30194;19640;28534;9168;9468;88014;79524;61982
evaluation,401,18364;38928;19132;12148;3702;19576;13154;36172;39008;17508
evaluation,402,42716;72499;57390;75382;61928;24362;12166;57884;26804;19967
evaluation,403,46412;51448;35572;45237;60220;47618;35728;31080;23952;1322
evaluation,404,30508;24758;19518;19040;57350;69619;398;54314;31302;84806
evaluation,405,81768;39105;24906;18388;57705;77554;99472;3020;13892;71043
evaluation,406,46022;44954;29880;45026;45875;45930;13166;85676;84748;38532
evaluation,407,26772;7178;58074;38248;9991;41130;5024;27426;51882;42218
evaluation,408,63990;83317;1876;8102;9182;92374;20264;65148;83160;11082
evaluation,409,53428;47582;36385;1260;85390;12188;16280;70642;81954;63990
evaluation,410,97530;47037;42988;90306;94214;6450;39105;80470;7170;37906
evaluation,411,9708;13640;73849;2690;21911;4494;52886;13044;4099;522
evaluation,412,96150;74800;55362;11528;10887;4946;48814;53292;80708;46058
evaluation,413,79576;32160;69562;25102;69801;28034;34504;49396;97724;9676
evaluation,414,94678;6150;86378;25578;9738;18642;3742;38112;93610;17723
evaluation,415,58050;2175;21886;4372;80040;20014;8708;18028;3352;21870
evaluation,416,90350;98636;98731;90614;86180;33328;93798;59096;17636;83820
evaluation,417,57232;94560;62944;42780;61043;2774;56370;19658;6778;96056
evaluation,418,19852;18792;4658;63598;4762;68060;54258;12854;83840;95274
evaluation,419,47238;45572;40062;79792;6893;62392;14123;6418;94146;11032
evaluation,420,37450;5344;732;90522;4832;36134;36992;2492;15134;74555
evaluation,421,7276;35960;6552;7064;83586;5994;54243;21911;91500;59636
evaluation,422,52656;87554;14206;68798;20424;25069;70784;18803;97786;2796
evaluation,423,9212;9592;44864;46604;41301;36094;41052;23626;63652;72732
evaluation,424,36592;77510;11162;82146;81893;36052;82328;90028;34968;33736
evaluation,425,87297;77109;44194;62466;67992;80810;56162;40276;47720;81085
evaluation,426,2068;59260;91243;49986;97806;97259;16940;57876;93591;4030
evaluation,427,44046;29956;24208;18868;22160;62944;4819;92321;4088;51572
evaluation,428,20532;65974;53476;47994;59134;70682;68482;93798;73611;6603
evaluation,429,17502;69758;63434;92198;92192;18728;9270;6614;1523;66602
evaluation,430,22262;33492;47667;87576;90146;48140;15709;14206;47971;78760
evaluation,431,4664;57905;76136;11304;49774;76623;39403;10004;99060;35058
evaluation,432,98636;98700;7410;7434;6410;90350;98731;59096;6558;90614
evaluation,433,66098;87564;22090;97254;97920;19961;81268;26960;25722;35032
evaluation,434,46104;64986;57876;76232;28188;1148;90602;98461;60596;56728
evaluation,435,74808;9648;42656;23484;80230;64986;18748;86224;68178;45875
evaluation,436,74250;85983;88782;62213;55806;12484;5909;69263;52266;49452
evaluation,437,73112;66022;73044;29068;4306;68945;52444;69708;12520;28034
evaluation,438,18726;39008;92410;19254;23894;18602;19576;18364;22144;98114
evaluation,439,14447;23594;69712;11530;3742;24476;40338;40858;32554;36600
evaluation,440,88130;25398;31424;58146;0;980;18894;11116;61912;48048
evaluation,441,44954;45026;45875;45930;46022;13166;9472;10056;38532;29880
evaluation,442,4276;4946;4960;58602;45206;11528;53292;53912;55362;4528
evaluation,443,83276;64750;92157;64404;65656;68842;42583;20422;22262;98690
evaluation,444,46863;58212;94988;27158;9443;37476;49396;27626;25840;26514
evaluation,445,30508;57350;398;21898;54314;24758;69619;6406;7998;4952
evaluation,446,67772;41472;11696;1148;83412;20662;16708;13182;77445;22828
evaluation,447,47720;56930;44194;28972;27266;40276;79646;43631;48154;9468
evaluation,448,12228;9932;80810;8134;45688;17770;28972;21694;27266;5068
evaluation,449,17024;31616;75794;45698;27290;83598;13416;34790;95586;73849
evaluation,450,72000;32160;34504;8786;32120;78402;27694;32384;31392;32270
evaluation,451,2500;51572;18868;90605;7150;496;44046;10528;1330;62944
evaluation,452,65581;46804;38558;81522;5380;17626;49452;1248;3171;74250
evaluation,453,62764;24043;34536;66098;26960;10310;51802;67186;97920;46339
evaluation,454,90350;93798;86180;98636;59096;98731;90614;8550;94034;83820
evaluation,455,29918;96464;4186;40635;1155;28034;896;86628;27434;35590
evaluation,456,79646;85328;21694;38920;79358;7226;51842;93744;19584;70131
evaluation,457,45930;45026;44954;45875;46022;84748;10056;30359;14812;85676
evaluation,458,7452;10933;61065;3032;20386;11930;17876;96822;92572;27158
evaluation,459,29184;30376;31950;28594;25026;30316;22144;69264;54538;25200
evaluation,460,32302;14314;79266;67048;23632;17287;65981;94002;5298;95414
evaluation,461,60448;9762;14339;9564;9602;40552;29116;73268;18344;12596
evaluation,462,32160;72000;82920;32270;34504;25126;32120;78402;30536;65370
evaluation,463,86781;52700;96948;11288;67262;90028;14112;44055;29970;10894
evaluation,464,86597;79726;59502;95621;4044;923;32264;6204;19578;87798
evaluation,465,49848;50008;92826;89808;19828;16080;37146;18792;25442;26478
evaluation,466,18364;39008;19576;5628;92410;19132;18602;22144;98702;21788
evaluation,467,6410;7410;7434;98700;98636;93798;47994;89151;6603;73611
evaluation,468,28816;68492;259;88130;48048;38184;23380;65646;65998;33196
evaluation,469,66052;49056;16044;92286;1998;8074;6851;98588;90974;6216
evaluation,470,66052;49056;16044;71370;1998;92286;62580;8074;15716;6910
evaluation,471,90764;72193;73722;4078;17770;80093;71718;60;65614;18904
evaluation,472,3171;38558;74740;29128;4395;72912;3894;7367;56686;33776
evaluation,473,85552;1342;33016;22844;41026;33522;57089;58114;74858;15419
evaluation,474,88130;98588;259;28816;38184;106;33196;92286;43600;13574
evaluation,475,90498;32646;6136;56786;99284;13846;48360;36918;4536;99326
evaluation,476,7452;61065;10933;3032;20386;17876;96822;11930;12374;70139
evaluation,477,3812;96169;72643;26943;94877;26994;51656;48503;9590;79780
evaluation,478,28816;68492;259;33196;88130;54282;48048;65998;23380;98588
evaluation,479,81372;36476;11812;11982;26187;4859;9312;887;73268;46394
evaluation,480,19034;27886;63434;19119;21054;282;89964;77624;12694;2774
evaluation,481,81522;372;14136;6726;13342;4494;4984;12120;60596;1446
evaluation,482,19576;92410;23790;3702;92670;18726;12148;78928;31850;19254
evaluation,483,49252;77234;45548;944;71963;2814;9712;928;5172;5130
evaluation,484,4750;39578;33838;70514;25612;91582;69578;16086;4536;78853
evaluation,485,90350;90614;98636;98731;6536;86180;33328;93798;37596;59096
evaluation,486,98946;85900;89024;79807;99234;15522;3246;2526;32958;79485
evaluation,487,21828;91242;420;46392;34556;48641;87336;91988;6616;86956
evaluation,488,5498;13182;76232;5490;93372;13846;93678;99284;33820;64552
evaluation,489,50208;62110;89001;17368;39418;55576;69878;68296;23484;22494
evaluation,490,50745;19562;87832;19772;99350;20232;79196;25354;92198;40054
evaluation,491,46750;94304;90786;4175;5192;24486;96238;89658;19967;91790
evaluation,492,39998;12170;46878;536;8556;5680;51754;54072;82836;48254
evaluation,493,1342;85552;33016;22844;33522;41026;57089;58114;74858;15419
evaluation,494,41528;11974;71370;90550;762;51475;52886;47470;70186;96238
evaluation,495,92856;81496;16728;50868;12442;44055;12564;85638;22360;85658
evaluation,496,15205;75582;41498;14716;51148;96822;8320;15512;8362;15222
evaluation,497,68492;28816;259;88130;48048;23380;38184;54282;65646;61190
evaluation,498,97959;99516;99476;68289;65880;22784;2068;93036;87688;76962
evaluation,499,17287;79266;72266;80;14314;95414;37651;10748;14608;31706
evaluation,500,90534;87688;67560;53284;69164;29978;2967;5424;12856;65880
evaluation,501,33838;39578;4750;69578;70514;25612;91582;18581;36258;26052
evaluation,502,32160;72000;32270;82920;34504;32120;78402;25126;65370;31392
evaluation,503,7150;15480;62944;18726;496;22568;2500;36917;1330;31850
evaluation,504,2567;15390;60596;4919;4494;22666;79196;9491;26738;54086
evaluation,505,93312;69012;47264;82214;1672;18262;19912;34242;74511;10302
evaluation,506,32646;90498;20427;6136;69356;4536;99326;13846;66800;5498
evaluation,507,7642;3128;16044;16902;35254;34534;75464;35114;16780;97120
evaluation,508,68492;28816;106;88130;60282;31434;79576;33196;84340;54282
evaluation,509,4169;94242;24812;38706;39808;31818;29140;26570;24870;39873
evaluation,510,79576;38972;36412;38338;69562;59132;49396;53136;896;84776
evaluation,511,4175;94304;47556;55916;5626;5367;96238;46750;5242;45460
evaluation,512,24806;14608;17287;56613;99702;7648;10748;72266;29186;13198
evaluation,513,90498;32646;69356;20427;6136;99326;4536;63910;13846;56786
evaluation,514,26818;25047;85328;17842;79358;80898;73722;28064;56160;38920
evaluation,515,66842;19496;38168;33270;59462;68992;89252;45964;57218;19264
evaluation,516,10850;27266;14780;80810;28512;79646;45688;7226;39286;90410
evaluation,517,45688;85998;28972;56930;37636;80810;44194;49120;7226;5068
evaluation,518,27437;82659;16648;76136;5484;34536;39403;20951;70784;50812
evaluation,519,28188;12248;4494;93768;78846;8136;16230;12754;93030;50201
evaluation,520,24476;2290;1434;1118;1392;6450;7240;6554;8796;582
evaluation,521,96857;12079;35522;45596;49572;35494;92581;64354;71644;81382
evaluation,522,87344;79764;72814;54640;12040;12314;87572;1022;54670;53586
evaluation,523,90498;32646;6136;69356;20427;99326;4536;63910;56786;84576
evaluation,524,97259;97806;99916;5920;6866;13944;30942;85388;13044;13190
evaluation,525,44194;41536;77109;87297;45688;47720;596;37636;78702;58294
evaluation,526,91637;88460;6536;98012;83820;94034;8550;27370;86180;77579
evaluation,527,3702;12148;78928;92410;92670;4688;51572;22144;42550;29184
evaluation,528,51294;1184;72622;28691;94570;13044;17458;28920;85388;28682
evaluation,529,15709;16116;84858;22262;96246;82952;30536;5086;71330;72527
evaluation,530,68492;28816;259;88130;48048;54282;61190;60282;38184;33196
evaluation,531,65998;41233;9376;68492;2134;10408;2998;1162;67186;18322
evaluation,532,28682;1896;2436;1184;1446;4919;97259;17819;13190;3696
evaluation,533,10760;99020;30194;27228;89125;99564;11758;7696;15334;22677
evaluation,534,6150;80664;25578;880;656;17798;56450;94678;27664;31275
evaluation,535,22677;99020;10760;11758;27228;19760;99564;86654;22282;15334
evaluation,536,62110;71043;20427;17102;24906;16406;23870;48050;32646;33820
evaluation,537,3136;6851;3306;5450;98166;40286;48690;13070;11032;19767
evaluation,538,2538;2130;47971;67790;9116;2054;3264;22144;10850;65974
evaluation,539,11712;923;53812;3928;53398;53190;1874;20440;50750;46460
evaluation,540,56930;39286;50218;37636;45688;80810;48154;70214;34972;47720
evaluation,541,32646;90498;6136;56786;69356;4536;91582;3670;99326;63910
evaluation,542,83264;29747;34536;97920;81268;29114;51174;50812;39401;35832
evaluation,543,13182;5490;12632;79516;14038;23870;55940;30704;24906;93372
evaluation,544,72814;1022;79764;54640;59882;12314;87344;87572;54670;12040
evaluation,545,8032;31816;15448;11142;50268;45373;51470;14020;54120;16836
evaluation,546,24043;62764;19961;39382;28188;66098;94954;97254;22090;34536
evaluation,547,39286;73136;69432;81085;32750;14062;71866;18581;45688;37228
evaluation,548,7452;10933;61065;3032;20386;17876;26538;17530;17328;11930
evaluation,549,72527;73070;71330;9472;59526;16116;82920;82952;85044;12854
evaluation,550,79807;79485;32958;98946;99234;30244;88788;5696;86956;85900
evaluation,551,90498;32646;20427;99326;69356;4536;3670;6136;13846;56882
evaluation,552,45688;89964;91580;34972;14062;28512;5068;9932;7226;98072
evaluation,553,68992;31412;37636;42880;81268;33270;27664;36600;584;6194
evaluation,554,47684;28920;97259;28691;28754;24521;97806;85388;30870;17048
evaluation,555,87297;5862;44194;19119;77109;62466;31946;45688;89917;75176
evaluation,556,62110;71043;17102;23870;20427;24906;16406;23484;63862;18748
evaluation,557,34972;45688;87297;89944;80810;77109;44194;73722;79646;97294
evaluation,558,90350;98636;98731;90614;86180;33328;59096;93798;90046;7952
evaluation,559,19852;53628;39831;55549;58990;97108;18726;164;19576;39760
evaluation,560,44954;46022;91864;45341;10056;45026;2880;13166;45875;51596
evaluation,561,93114;76074;4838;4894;65900;75986;77756;11506;14147;36574
evaluation,562,10310;12406;12350;21712;2500;92321;35958;24208;30172;18775
evaluation,563,34972;45688;81085;7226;37228;7536;28972;56930;73722;5862
evaluation,564,7452;3032;61065;10933;17876;96822;20386;34242;66120;19658
evaluation,565,87344;72814;54640;1022;12314;79764;87572;73070;54670;95186
evaluation,566,64736;41902;75582;37328;79658;66202;29266;5630;63472;51792
evaluation,567,66680;98700;65974;41046;20532;82350;17106;27049;59134;93798
evaluation,568,10528;22160;496;25362;2500;1330;65478;80668;54194;55176
evaluation,569,39760;55549;39831;52656;56106;68798;14114;53628;22844;68262
evaluation,570,20386;7452;10933;17876;61065;3032;32298;92572;11930;5067
evaluation,571,93312;41376;81840;1672;89590;24486;34860;14350;65998;25112
evaluation,572,28512;91580;14062;32750;7226;52452;70131;74396;9468;98376
evaluation,573,13630;1434;1118;1896;35348;1392;47308;13368;6496;24476
evaluation,574,24581;4688;37510;89798;23280;98476;20022;17468;46958;7795
evaluation,575,13534;96934;8712;25354;5895;6210;18432;6478;19522;27886
evaluation,576,16650;60400;58114;1637;4642;2694;25867;7336;41026;48416
evaluation,577,3640;3600;48834;16100;44702;80400;44450;43894;25860;20140
evaluation,578,26772;38248;7178;58074;5024;41130;51882;40971;27426;95318
evaluation,579,99994;60878;65981;62182;73493;33782;67048;21490;47920;392
evaluation,580,96822;15448;41902;7760;37328;16448;5630;58215;51792;84776
evaluation,581,26462;93654;93854;93862;8386;57372;73307;64882;3864;5524
evaluation,582,65900;91942;57756;74841;14598;43918;702;78232;26970;9443
evaluation,583,78760;26970;19576;18602;18364;19852;22262;18726;15709;20936
evaluation,584,31042;66052;37416;54282;62580;28034;16044;1843;15099;68492
evaluation,585,51842;21694;7226;98937;49614;36258;79646;14072;35001;1707
evaluation,586,7226;74396;9468;71866;75452;62428;45688;99564;37228;70131
evaluation,587,62466;40276;87297;77109;45688;80810;5862;81085;44194;47720
evaluation,588,94954;71876;29514;17458;31318;47424;28536;97806;42656;25047
evaluation,589,40614;41536;47084;70514;48504;73136;39843;13346;4728;880
evaluation,590,4536;5490;47084;72622;31152;66800;43970;95250;97607;40614
evaluation,591,96146;22718;88296;82700;42716;83456;1322;87902;40014;40286
evaluation,592,59667;91790;83456;95268;40286;82700;77368;84162;495;6532
evaluation,593,45688;28512;91580;78532;44194;7226;87297;6910;47720;10062
evaluation,594,15709;16116;84858;71330;22262;72527;57388;82952;45875;96246
evaluation,595,70974;73686;73902;73045;63170;71718;22474;31597;66982;19384
evaluation,596,26772;7178;58074;5024;38248;26210;42218;30398;41130;93086
evaluation,597,40608;16850;52504;4934;40440;52266;8702;14550;15996;98198
evaluation,598,12134;11764;90764;41422;46058;1098;49788;61398;19510;82242
evaluation,599,67996;3878;4408;68136;24216;52286;24728;1112;2604;5130
evaluation,600,47200;39382;66098;57078;24043;99020;94410;9168;74396;38964
evaluation,601,5938;93610;62032;77702;18642;13868;97920;55590;9784;4908
evaluation,602,19852;53628;55549;39831;26516;39760;164;18726;56106;35322
evaluation,603,4169;92670;94242;7436;10290;69801;37806;12070;31818;97724
evaluation,604,10933;7452;61065;20386;3032;17876;26538;30242;92572;27158
evaluation,605,37328;37794;29266;10979;25867;84776;8320;15205;8158;26298
evaluation,606,93312;89590;9846;81840;9064;18885;7724;67048;50877;82214
evaluation,607,68492;84340;21046;28816;79576;66052;35590;61190;106;13580
evaluation,608,30536;82920;82350;65370;25126;25102;32160;89894;82952;16116
evaluation,609,10933;7452;3032;20386;61065;27158;17876;11930;96822;30242
evaluation,610,65581;35462;85308;18726;85983;3894;61492;69263;2630;3171
evaluation,611,97259;97806;1788;85388;99780;98937;23216;90119;22436;65281
evaluation,612,28376;41092;37220;37654;37554;17816;69818;97124;55462;53056
evaluation,613,6851;13015;3136;5450;19767;28032;36854;59036;28332;28278
evaluation,614,9526;15392;28930;11133;17438;55334;6570;29894;34856;44730
evaluation,615,99994;73493;72686;60878;62182;65981;33782;67048;59776;8044
evaluation,616,74256;7391;62696;30629;86686;442;1366;81840;58718;31302
evaluation,617,9468;45068;83412;1707;47200;22282;41138;30904;41034;94954
evaluation,618,55450;97920;51174;10116;50812;56161;81268;51564;66098;83264
evaluation,619,94954;12228;7290;56930;54010;70214;37636;25047;71866;45688
evaluation,620,99952;97259;20662;59274;94570;12632;28188;97806;93591;1758
evaluation,621,26738;24208;18868;51572;44046;35958;26574;29956;19768;92321
evaluation,622,99796;65981;8044;67048;73493;49848;50008;72686;392;28752
evaluation,623,25398;33270;33747;43570;64940;63910;12738;5498;93372;56336
evaluation,624,18640;33882;1048;3828;68562;1462;1011;22306;18352;3792
evaluation,625,90350;6536;86180;83820;8550;98636;59096;90614;93798;94034
evaluation,626,86150;10850;45698;95769;23214;78846;99472;57048;75794;81338
evaluation,627,7150;14160;69818;26032;45698;6662;27662;77368;37220;36917
evaluation,628,87572;53586;12426;79764;97962;92644;72814;11310;12178;47402
evaluation,629,72276;79524;79646;76192;86150;75794;23214;45698;27266;76106
evaluation,630,97259;97806;1788;22436;99780;23216;98937;4372;90119;85388
evaluation,631,82716;24906;18388;2996;21526;74152;56258;47950;97662;48050
evaluation,632,7434;7410;6410;93800;88460;94034;98636;83820;91637;86180
evaluation,633,33747;33270;25398;93372;64940;5498;98194;13182;19170;17976
evaluation,634,85552;98853;1342;15419;56460;1258;57089;6134;43298;19794
evaluation,635,1342;33016;22844;33522;85552;74858;50040;57089;44154;22009
evaluation,636,98872;43498;894;4740;39040;63472;11258;64736;15819;41902
evaluation,637,37654;26032;41092;28376;69263;27662;37220;15872;19128;17636
evaluation,638,91580;28512;70131;7226;45688;61982;14062;78532;50218;20960
evaluation,639,62764;24043;26960;4494;2444;10310;46339;80509;22090;18590
evaluation,640,90350;86180;98636;93798;90614;6536;59096;83820;98731;8550
evaluation,641,32160;72000;32270;82920;25126;65370;32120;34504;50491;82350
evaluation,642,76816;24870;2536;26364;26570;11828;72499;30650;75382;5676
evaluation,643,70642;29116;54788;33556;97124;81954;36594;56155;57514;42422
evaluation,644,6767;61156;8096;98468;93768;1440;17450;49003;4952;16230
evaluation,645,46837;10004;39488;27370;10392;98198;73366;73680;64830;8638
evaluation,646,1342;85552;98853;15419;6134;56460;36992;57089;17632;1258
evaluation,647,17024;99714;75794;13416;34972;28352;23214;79646;3558;58294
evaluation,648,99020;74396;92918;21356;99564;39286;52452;9468;30194;90410
evaluation,649,32646;90498;6136;99326;20427;56786;63910;4536;84576;56882
evaluation,650,90119;75176;2652;87370;46080;80408;89932;17819;23508;4904
evaluation,651,36917;7138;22292;2407;3355;22568;3536;6314;15480;7150
evaluation,652,53628;19852;55549;58990;39831;87554;164;39760;20936;18726
evaluation,653,79764;53586;87572;12040;72814;11310;73070;54640;73350;12314
evaluation,654,12;46112;27150;22599;894;655;56294;11258;29028;944
evaluation,655,99796;65981;73493;49848;67048;28428;8044;3864;35155;28752
evaluation,656,3294;20350;68056;87952;30826;7691;68006;35850;26556;23338
evaluation,657,13580;21046;28816;68492;106;98588;88130;9616;99838;66052
evaluation,658,98080;88240;92402;120;37806;36976;37080;71710;99498;94354
evaluation,659,99498;47582;77252;78728;38482;86510;11512;98080;21260;102
evaluation,660,39286;56930;50218;48154;14062;32750;81085;3886;80810;37636
evaluation,661,1446;54086;2567;60596;13944;4919;10672;4494;22816;15390
evaluation,662,90119;93591;632;80408;1088;13252;12632;98210;99538;17819
evaluation,663,66330;23894;1574;21788;92410;40858;3608;80509;80664;42550
evaluation,664,61408;20130;30758;29116;9762;15874;42510;10860;14339;30942
evaluation,665,36917;7138;22292;3536;2407;3355;6314;22568;15480;90605
evaluation,666,15212;22862;1046;93448;16952;16420;6828;18746;40824;17126
evaluation,667,67431;34420;10730;57378;23578;50978;32508;4944;77418;1362
evaluation,668,86594;89852;70784;85983;63500;12484;69263;11808;57232;65581
evaluation,669,97806;97259;28188;99952;1422;17458;31318;64986;11782;42656
evaluation,670,33782;65981;906;59260;77228;18292;50008;58506;58471;12520
evaluation,671,4169;7436;94242;39808;70662;39873;31818;69801;97724;38706
evaluation,672,10316;1486;6928;41212;24114;4919;24690;41060;45100;3784
evaluation,673,18982;34454;33416;34320;22587;26478;42006;37858;24568;612
evaluation,674,65160;48942;19498;6538;18792;34104;80400;14952;3859;66120
evaluation,675,28034;34286;40635;35590;31242;5422;94218;68492;89536;61476
evaluation,676,99796;65981;8044;73493;67048;4192;99994;35155;72686;37146
evaluation,677,23338;27509;7198;30826;41171;32835;9388;51656;21660;35378
evaluation,678,2608;15450;28286;71671;60506;67750;11038;49560;42006;9294
evaluation,679,18322;14350;41176;8336;398;54314;30508;63380;23280;41376
evaluation,680,9212;9592;44864;23626;72732;4255;63778;51596;41301;46604
evaluation,681,31434;88130;92286;43600;5626;259;99838;15448;39820;258
evaluation,682,12558;14812;406;27124;25932;95606;44954;38750;85676;45930
evaluation,683,10760;99020;19640;65581;30194;7696;53672;51842;99000;49452
evaluation,684,88748;97662;39936;69878;56258;68332;68296;60282;82716;48050
evaluation,685,29956;54194;80668;18868;51572;42789;24208;44046;7150;6006
evaluation,686,23338;15452;38090;86621;24712;14856;30826;3104;71718;68056
evaluation,687,20208;41588;12856;7798;4078;68404;51392;12134;17562;57126
evaluation,688,15212;1046;22862;18746;6828;19396;17126;22960;16952;29128
evaluation,689,23671;91992;23754;11458;44442;63030;23570;89125;92700;67048
evaluation,690,47684;97259;28691;24521;28920;85388;97806;17048;28754;24650
evaluation,691,62110;78164;13892;50208;17368;84834;13252;90306;90476;83094
evaluation,692,6851;13015;39509;59036;5450;19767;98166;3136;20022;28032
evaluation,693,39008;18364;19576;5628;19132;18602;22144;92410;17508;19254
evaluation,694,66120;37596;33328;33712;54086;65160;14992;3859;1382;32562
evaluation,695,39008;18364;19576;92410;19132;18602;5628;17508;22144;21788
evaluation,696,96857;12079;35522;92581;49572;35494;21964;45596;16218;16215
evaluation,697,94146;48610;6851;10798;8879;93860;50646;5895;5450;54812
evaluation,698,7642;3128;75464;77960;16044;16902;2047;35114;12350;26084
evaluation,699,94146;6851;8879;93860;48610;1386;26936;20376;13888;39509
evaluation,700,40388;5222;9440;67186;54118;13084;99060;51702;71370;12492
evaluation,701,83276;23112;64750;8702;50072;16226;51394;42556;21652;11082
evaluation,702,85676;12558;2880;95606;34054;69322;34791;19040;46022;33938
evaluation,703,11696;50190;4536;99326;13846;66800;93372;43570;20014;5362
evaluation,704,40971;42320;14608;31216;4552;5298;8702;52234;3827;91942
evaluation,705,90786;51004;50426;96238;90550;71418;71200;94434;71126;61190
evaluation,706,71066;14206;70784;33030;15354;23790;4169;49358;36634;7974
evaluation,707,36814;6216;99498;8074;51290;4186;50244;88240;21260;102
evaluation,708,97259;99952;97806;28188;49986;90108;55268;1766;86754;93591
evaluation,709,60282;88748;39936;17368;69878;68332;68296;97662;13696;24906
evaluation,710,9526;10052;15392;11133;29116;14339;18344;57514;61043;54788
evaluation,711,13892;89932;86754;12632;3020;59274;1422;46752;13252;7244
evaluation,712,32476;5040;5020;88748;93591;84834;4708;30563;32294;62112
evaluation,713,30942;6866;12715;99916;64354;13190;13076;85388;28691;28920
evaluation,714,76764;83398;88748;39419;8276;31510;13306;24906;46814;78164
evaluation,715,56558;79360;52054;13306;66800;46254;54072;21652;31412;16010
evaluation,716,33838;4536;69578;69246;4750;36258;39578;99326;13846;70514
evaluation,717,25398;12738;43570;64940;33747;61238;5498;56786;84418;90498
evaluation,718,60282;47950;55576;69878;39843;24906;68332;68296;83398;39936
evaluation,719,76972;53421;63880;10682;80112;32734;98730;77510;11891;81893
evaluation,720,86956;9226;87336;88788;5428;37624;37676;5748;5212;4408
evaluation,721,53676;5696;30508;334;21898;27555;45450;4394;89501;54314
evaluation,722,46784;46752;3020;95769;58050;23214;2996;81768;96308;92786
evaluation,723,48140;62764;724;1758;23702;57078;3020;36172;19961;42736
evaluation,724,70848;10310;24043;26104;24826;62764;89896;5570;14339;12406
evaluation,725,89894;34504;25126;32160;32120;27694;53154;32270;82920;31392
evaluation,726,31850;18364;12148;36172;19576;7795;92410;37602;3702;78928
evaluation,727,84726;97741;95082;40280;85406;11262;24690;21024;31868;50072
evaluation,728,45305;1246;64754;12917;40280;52886;60878;9708;65140;29110
evaluation,729,198;1236;40128;16212;46522;84517;65880;28854;77656;56588
evaluation,730,7356;49044;48026;60140;76962;26350;46230;49788;26156;41176
evaluation,731,17287;1648;79266;6988;37651;14314;94002;95414;15750;1234
evaluation,732,44954;46022;45875;45026;13166;45930;51596;10056;9472;29880
evaluation,733,3020;46784;12632;50746;34916;46752;58050;1758;86150;10276
evaluation,734,90119;37836;94570;75354;13974;98376;86754;4539;10646;39419
evaluation,735,37836;75354;90119;4539;86754;94570;97662;98376;7536;13974
evaluation,736,13886;18642;93610;86378;9738;38952;38112;94678;4908;55590
evaluation,737,12228;54010;42656;45688;94954;25047;37636;56160;99714;10672
evaluation,738,97662;32294;17368;39576;22494;24874;76764;55576;78164;56336
evaluation,739,32160;82350;32120;72000;25102;30536;65370;25126;53154;34504
evaluation,740,9526;15392;11133;10052;29116;11808;2358;76886;61043;12406
evaluation,741,60204;15768;20848;50512;44954;41415;85138;95606;53592;45930
evaluation,742,10528;22160;2500;26738;35958;54194;2994;65478;18868;26574
evaluation,743,8320;8480;15746;79658;16650;51792;81850;15134;4832;15819
evaluation,744,50746;3020;34916;46804;12632;1758;11628;10276;58050;23754
evaluation,745,45688;80810;28512;9932;5068;34972;7226;10850;79646;44194
evaluation,746,30172;38887;67104;590;74382;31968;26156;18775;98924;14262
evaluation,747,7226;51842;49614;14072;21694;27266;99564;35246;79646;12056
evaluation,748,90119;86754;94570;94434;75354;89932;90148;4099;84240;97259
evaluation,749,8550;86180;98636;83820;7410;7434;6536;90350;94034;98012
evaluation,750,53628;39831;55549;58990;18726;19852;39760;19576;18602;20936
evaluation,751,94146;48610;16268;1386;6851;7276;92354;54812;96103;10798
evaluation,752,6828;22862;35960;93448;495;19416;54812;6552;20198;91500
evaluation,753,94146;1386;48610;16268;7276;54812;24682;18775;93860;92354
evaluation,754,96344;50868;87952;55474;36094;43436;9838;29250;92856;74260
evaluation,755,75128;74010;75920;5684;71710;71492;2639;76210;8814;74116
evaluation,756,39419;32476;68332;68296;13696;60282;32016;56786;88748;56258
evaluation,757,22474;2462;63170;15419;85552;57089;56460;71718;11772;17632
evaluation,758,80866;18322;22128;41176;99020;18832;45770;31379;56728;5508
evaluation,759,99952;97259;16940;13892;1422;11628;49986;39058;93393;62912
evaluation,760,90498;32646;6136;99326;69356;4536;20427;56786;63910;13846
evaluation,761,58215;20796;39040;41026;54461;762;50040;5344;5228;4740
evaluation,762,67790;14992;90350;92410;89151;93800;12484;78928;45698;59096
evaluation,763,59982;13306;69888;74511;42880;46752;31510;2594;55806;12632
evaluation,764,72686;99796;44490;43122;99008;8044;392;73493;1428;18386
evaluation,765,11758;10760;7276;99780;80040;83586;5994;6552;6828;32584
evaluation,766,13976;69794;5450;19468;18804;81382;21098;2660;17974;19336
evaluation,767,6410;7434;7410;70682;90614;98636;6536;86180;6558;89151
evaluation,768,22144;39008;92410;24610;19132;18602;22292;18364;17508;19254
evaluation,769,42006;78858;65717;52266;37858;27842;49560;36572;61762;30172
evaluation,770,8044;392;73493;65981;67048;21656;99796;37146;97291;97516
evaluation,771,42495;28816;1268;54282;724;49302;22284;36280;3174;49056
evaluation,772,91864;18803;31120;59898;59101;552;45450;80777;7108;3444
evaluation,773,63880;69619;376;19674;26077;340;26476;35218;552;10682
evaluation,774,29184;30376;28594;31950;25026;18590;51392;13528;54538;22144
evaluation,775,83276;65656;64750;92157;64404;68842;74540;45548;63044;63949
evaluation,776,74960;75794;41536;97389;97294;74978;31312;76134;19119;80362
evaluation,777,90119;99780;2175;47430;87370;20662;6270;66560;98960;4750
evaluation,778,87572;54640;12040;12314;87344;1022;54670;72814;79764;12426
evaluation,779,53284;35155;34814;77080;77034;49848;16330;90534;23626;50008
evaluation,780,56424;60282;32476;58108;63910;98194;68332;47950;24906;68296
evaluation,781,14796;15205;13703;39820;14716;28154;47480;12;8480;69238
evaluation,782,13976;17974;18804;16802;19468;19482;21098;19336;81382;5450
evaluation,783,33556;97124;1400;88676;65370;31234;82350;69818;17816;7150
evaluation,784,22144;29184;58112;67790;98700;30148;78822;74250;10850;10271
evaluation,785,13044;5920;94570;5862;51294;17819;39296;1896;1758;7244
evaluation,786,6851;5450;13015;59036;28032;48690;20022;19767;3136;98166
evaluation,787,94877;81840;90550;34814;26810;88944;21528;19828;74256;3812
evaluation,788,12314;11310;72814;1022;54670;87344;54640;79764;73070;59882
evaluation,789,93448;2162;87028;76816;51596;45957;29594;87336;45174;90802
evaluation,790,93488;10646;89917;98376;84240;94748;10720;89932;98072;93591
evaluation,791,13574;98588;55830;52271;25778;41176;31790;1318;96394;24043
evaluation,792,41306;34677;78728;77252;39318;29058;18190;282;76996;42422
evaluation,793,32476;60282;64986;86224;39419;52946;24798;13892;68332;11702
evaluation,794,94570;80638;97259;17458;98960;47684;54190;44396;23380;1758
evaluation,795,12632;3020;34916;1205;46784;58050;46752;50746;13892;13306
evaluation,796,78164;84324;76232;12632;54524;86224;90306;20662;13892;71043
evaluation,797,66330;98080;92410;23894;19132;120;74010;78928;91033;27437
evaluation,798,83598;83556;34542;62944;71694;69238;10528;82944;51572;18868
evaluation,799,9676;94616;14451;58471;8360;15884;24524;5952;60254;6190
evaluation,800,10933;7452;61065;3032;20386;17876;30242;26538;6536;74250
evaluation,801,1060;44130;3730;5272;7524;23674;16452;19798;70630;8938
evaluation,802,99994;33782;27076;9134;44490;62182;51638;77228;39404;14136
evaluation,803,7366;14952;27370;19282;19374;33608;60188;14836;34628;23338
evaluation,804,94877;81840;90550;19828;33801;91970;62182;21528;26810;3812
evaluation,805,15709;16116;84858;71330;22262;72527;28190;45875;96246;18060
evaluation,806,83276;64750;65656;92157;68842;64404;4946;6278;58602;14822
evaluation,807,77238;7276;89590;29722;82675;21911;82974;54243;61398;35104
evaluation,808,15944;61556;35058;62710;28676;38345;41516;33351;22840;10004
evaluation,809,58215;762;20796;39040;5228;5344;41026;54461;58758;66202
evaluation,810,12856;18322;4078;12134;4175;78174;20208;62764;17902;9376
evaluation,811,63880;69619;340;376;77510;19674;6931;16114;36044;18055
evaluation,812,34791;26970;38750;78760;95606;2212;2195;27124;25442;23527
evaluation,813,12856;41376;18322;20208;91970;17562;81372;4078;5626;14350
evaluation,814,63880;340;19674;77510;69619;376;36044;18055;16114;32734
evaluation,815,3792;64852;99678;354;67552;20302;18640;2592;30436;58600
evaluation,816,16438;368;16558;64376;15712;9148;15356;86078;54720;21134
evaluation,817,53284;27163;27138;19739;6176;35155;9373;34814;9062;34464
evaluation,818,33786;71462;95606;81432;41602;36200;85539;57560;45622;17778
evaluation,819,28206;19336;19468;21098;10392;1094;1526;11220;4186;32842
evaluation,820,468;66842;11722;19496;58050;80638;2315;30826;7148;62588
evaluation,821,18642;584;77702;29402;94678;93610;6150;924;27076;11684
evaluation,822,2398;28188;16940;26919;31412;6166;80664;25578;32828;29874
evaluation,823,90498;6136;32646;99326;63910;69356;56882;20427;56424;56786
evaluation,824,84418;55658;90602;47430;33222;12738;1758;55576;43512;64552
evaluation,825,90350;98636;98731;86180;792;98700;42148;90614;67790;83820
evaluation,826,18364;18726;36545;22144;19254;16080;19576;17508;39008;24610
evaluation,827,89506;69794;81382;73908;51448;21280;75858;23558;40286;47618
evaluation,828,94748;75208;86754;75354;87370;31584;90148;39418;98072;18302
evaluation,829,9526;11133;15392;10052;14339;29116;57514;12188;2796;54788
evaluation,830,85552;1342;98853;56460;15419;74858;57089;58114;43298;1258
evaluation,831,18581;16086;13182;98461;3670;57410;5498;5490;65444;20427
evaluation,832,12316;83140;92856;21096;9290;62266;3046;48080;96238;31622
evaluation,833,28188;14020;4494;97259;35884;90208;42988;47037;1422;13044
evaluation,834,88660;62222;81840;23384;71020;97607;90550;56728;73902;11702
evaluation,835,76268;83904;48360;49838;62112;13696;32646;45856;78652;63022
evaluation,836,12632;46784;3020;58050;46752;50746;34916;1758;10276;39296
evaluation,837,83094;17368;28122;22494;97662;62110;56312;62322;39172;55576
evaluation,838,13696;60282;56258;83904;88748;76268;48050;96473;32476;47950
evaluation,839,97662;32294;17368;22494;76764;39576;41068;90476;55576;83094
evaluation,840,46104;5490;93372;33628;13182;66800;5362;43512;4536;13846
evaluation,841,62112;39105;13182;98282;4708;76268;24906;73525;90635;5498
evaluation,842,22499;48106;2996;71108;4750;19170;30704;16064;57577;39296
evaluation,843,86378;32476;90605;26628;1360;91580;24686;74004;62061;28900
evaluation,844,55576;68296;68332;69878;48050;24906;63910;24988;60282;62112
evaluation,845,39936;62222;32646;90498;11702;64552;76268;22436;16406;39843
evaluation,846,83140;29410;94570;7230;94434;30570;32476;93591;86224;39105
evaluation,847,24988;7575;90500;33820;64552;57868;6166;26664;26919;18832
evaluation,848,20360;98194;37636;3886;6324;37784;34393;3503;50070;6910
evaluation,849,10646;47950;93488;56728;16990;33222;56882;93591;69356;98194
evaluation,850,32814;19546;1310;31864;71126;19831;70994;16230;50201;30563
evaluation,851,47586;16064;60858;7148;73849;80866;64986;30822;50201;51546
evaluation,852,24988;84576;61238;90500;64552;68296;33820;91580;69550;18388
evaluation,853,93591;12738;56424;46104;90108;90119;33050;61238;30704;99284
evaluation,854,10062;69878;97662;9928;32476;8108;7226;6800;1202;56728
evaluation,855,4904;16866;47902;18827;57920;48714;63084;28122;468;9062
evaluation,856,62112;24988;83140;30570;76268;7126;16990;4708;3670;64552
evaluation,857,56786;47896;9062;80658;46006;6462;19342;34393;66438;63910
evaluation,858,47440;39958;75452;69550;62322;79390;30563;71126;76268;48358
evaluation,859,51546;24906;5536;32476;39936;62112;60282;30563;47950;18388
evaluation,860,472;56424;18388;66800;16406;98461;24874;24686;55576;93372
evaluation,861,19546;62110;1310;62112;30563;68332;61208;88748;97530;22494
evaluation,862,21318;63022;439;59461;7126;26919;33222;49838;28188;27251
evaluation,863,4898;62110;22494;1310;19546;30563;62112;97662;4708;90306
evaluation,864,3032;7452;61065;10933;20386;17876;47971;96822;27694;8258
evaluation,865,93312;94877;81840;89590;82675;24486;90550;74256;7276;43814
evaluation,866,87952;1034;57372;946;96344;40868;43844;17024;13166;55474
evaluation,867,64750;65656;83276;64404;68842;92157;14550;42618;58602;32918
evaluation,868,7798;12856;20208;4175;22128;17562;1440;2134;46160;76960
evaluation,869,63434;27886;25354;87648;31312;11166;19034;17770;6478;6614
evaluation,870,24043;62764;34536;46339;97577;26960;20690;18344;18018;51174
evaluation,871,81268;56161;66098;51174;55450;97920;50031;83264;56112;83194
evaluation,872,7452;10933;61065;3032;17876;20386;98439;94393;76816;8258
evaluation,873,1579;22;4395;2062;1402;1396;84129;58040;40824;23844
evaluation,874,39008;18364;19576;18602;23790;17508;19852;22144;36172;19132
evaluation,875,18792;42858;5812;29590;13598;17450;54258;31622;8735;1328
evaluation,876,28376;41092;37654;37220;37554;69818;17816;55462;53056;97124
evaluation,877,63380;54482;98476;11084;46958;7258;1083;23280;72499;1084
evaluation,878,22144;19132;74328;92670;36172;19576;5628;20828;11262;72620
evaluation,879,60140;24690;72990;95392;58471;59414;39356;96114;42394;49358
evaluation,880,27842;12242;84806;58898;1826;5466;77152;27371;21986;14262
evaluation,881,7452;61065;10933;3032;17876;20386;26538;30242;11930;96822
evaluation,882,69708;68945;51243;28034;38482;58172;99498;5752;60188;27780
evaluation,883,98853;85552;6134;15419;1342;74858;1258;19794;56460;8938
evaluation,884,26556;18794;24728;42248;30874;7338;72594;5112;670;38902
evaluation,885,68945;29068;66022;24259;73044;36030;17382;41768;28034;51276
evaluation,886,85552;1342;98853;56460;15419;43298;762;57089;74858;36992
evaluation,887,72000;32160;32120;34504;78402;25126;65370;82920;31392;32270
evaluation,888,81372;4859;26187;887;88388;30508;71788;26136;11982;19510
evaluation,889,77510;26000;18055;32734;15467;82216;24220;87388;46522;60673
evaluation,890,63880;69619;77510;340;19674;18055;376;7988;16114;36044
evaluation,891,57390;57884;42716;75382;72499;26804;12166;16948;91790;69818
evaluation,892,57390;42716;75382;57884;72499;26804;12166;87714;69818;61928
evaluation,893,66330;92670;98080;71710;88240;120;17956;92410;46532;92402
evaluation,894,13886;86378;18642;38112;9738;93610;38952;51564;4908;1118
evaluation,895,24682;76886;89506;8879;9762;26518;57962;86885;93860;45460
evaluation,896,1342;87520;6134;98853;56460;15419;85552;24592;22302;19794
evaluation,897,96857;21964;35494;35522;12079;3468;92581;64354;8604;49572
evaluation,898,51564;56112;56161;55450;72526;97920;32828;38112;50031;81268
evaluation,899,85138;3636;1712;61043;3468;15874;20130;15091;55362;63990
evaluation,900,33938;22226;19510;40280;41422;99008;71788;16268;48026;63242
evaluation,901,82920;32160;30536;32270;65370;72000;25126;82350;32120;50491
evaluation,902,85884;82350;64150;30536;65370;25102;82952;48140;46863;19576
evaluation,903,36574;59667;35378;37806;75986;25600;77756;28948;39820;85036
evaluation,904,14663;20318;59667;16808;22816;13848;14181;32510;26738;48728
evaluation,905,532;1384;14171;91970;26478;87734;94354;82592;27052;27258
evaluation,906,41604;14440;82933;39386;79726;34860;96056;10290;52650;46522
evaluation,907,19522;36480;96146;20828;15876;6868;28204;78154;4558;42716
evaluation,908,41768;4175;74836;12964;4092;74050;13283;5816;78590;258
evaluation,909,98166;33332;47092;6894;21516;98476;90013;40286;21278;21162
evaluation,910,13976;19468;19336;18804;6851;21098;81382;5450;16802;6044
evaluation,911,19767;6994;40286;87902;19967;61928;33332;3746;81428;91790
evaluation,912,67104;68590;38887;69636;69606;59344;65752;62764;39314;11133
evaluation,913,59667;95268;91790;98262;35254;77368;77960;2660;6532;5367
evaluation,914,7642;6851;13015;20022;28278;59036;35494;28332;5450;79296
evaluation,915,9658;1276;7108;65437;2202;3006;17612;3548;17778;26309
evaluation,916,34968;99678;63242;82328;44784;41422;54244;390;81414;59770
evaluation,917,8416;54220;4276;3548;2038;1276;30508;12535;6406;65437
evaluation,918,81372;4859;26187;26136;11982;39346;887;11812;36476;26156
evaluation,919,76348;78294;81954;9160;8941;53428;1146;15286;95186;97962
evaluation,920,63990;65148;9182;1876;5256;29490;8102;27842;42618;83317
evaluation,921,99498;120;98080;86891;76996;45004;41079;92402;51290;54118
evaluation,922,59502;77510;26000;36094;97698;15146;95621;82216;44446;6204
evaluation,923,22718;29670;98476;96146;21320;21090;87714;98166;45764;72456
evaluation,924,2706;80668;92321;45526;51572;65478;6006;26574;10528;5895
evaluation,925,20744;85512;71462;54720;42762;85584;77034;21330;70932;9110
evaluation,926,1318;5730;53328;88382;72686;82216;50698;19036;90150;7699
evaluation,927,45373;60042;24162;44784;23822;31642;26350;23414;42952;798
evaluation,928,76962;33416;86597;52444;16114;24850;76354;5112;26350;14598
evaluation,929,89536;1318;54541;90;55846;83638;67762;51392;63498;32716
evaluation,930,93312;15354;18885;50877;15278;14262;82214;25392;1672;13982
evaluation,931,4020;3662;87688;12856;75834;98102;16330;53284;35155;90534
evaluation,932,20960;19640;91580;62428;78532;28512;75452;7226;50070;17368
evaluation,933,93798;8550;86180;90614;94034;59096;90350;47994;70682;93800
evaluation,934,13976;5450;2660;18804;69794;19468;81382;16802;17974;19336
evaluation,935,67104;39314;68590;35114;29480;29674;764;69606;30296;69636
evaluation,936,39873;30640;92214;12170;14882;62428;88358;71882;95281;21280
evaluation,937,55338;97268;68945;38482;56156;78402;39488;73680;69708;73730
evaluation,938,91500;6828;54812;7276;32584;35960;580;22862;97292;93448
evaluation,939,72814;79764;12040;54640;12314;87572;12426;97962;87344;54670
evaluation,940,91790;78994;84576;88846;66774;89001;470;18748;2316;55684
evaluation,941,95606;27124;12558;93222;69322;34791;88788;44954;34054;46022
evaluation,942,30508;398;24758;54314;7391;46232;69619;27555;11092;31302
evaluation,943,4536;3670;32646;90498;58108;99326;25612;69356;40772;66560
evaluation,944,60282;17368;2734;84324;82716;79894;78164;17770;89001;83094
evaluation,945,89506;69794;73908;81382;51448;47618;21280;23558;71882;48690
evaluation,946,87952;1034;57372;946;96344;26210;40868;55474;31082;43844
evaluation,947,19396;16952;16420;72193;29128;51470;37074;702;33492;72752
evaluation,948,19794;98853;6134;87520;56460;85552;74858;1258;57089;33522
evaluation,949,19636;29154;732;2492;63234;36992;41498;44131;8138;3612
evaluation,950,84240;75176;89932;90148;86754;89917;75354;90119;39418;75208
evaluation,951,91970;48080;65998;6198;2248;46160;7630;7998;80866;12856
evaluation,952,30508;54314;57350;69619;5696;27555;24758;398;19518;19040
evaluation,953,88130;68492;28816;106;31434;92286;33196;98588;68404;259
evaluation,954,53284;35155;34814;77034;72932;75668;77080;37676;69164;77480
evaluation,955,30904;9356;26312;24798;35032;50171;27228;9468;75452;33210
evaluation,956,90498;32646;6136;99326;4536;5498;14200;56424;99284;63910
evaluation,957,57876;90119;28188;60858;71866;49986;94434;2652;90148;26919
evaluation,958,90350;90614;93798;98731;98636;6558;76628;37220;3040;89151
evaluation,959,21712;3444;10992;94616;28948;49358;906;72990;10688;49056
evaluation,960,85884;82920;82350;25102;30536;25126;65370;95586;74024;82952
evaluation,961,21408;1382;25518;7795;29480;30232;25362;24581;30296;1400
evaluation,962,98853;19794;17632;85552;56460;1258;15419;87520;74858;68262
evaluation,963,7452;10933;3032;61065;17876;96822;20386;11930;27158;2035
evaluation,964,45026;44954;46022;45930;9064;81954;6495;29116;30359;45875
evaluation,965,94877;81840;90550;19828;3812;26810;21528;74256;89808;62182
evaluation,966,66050;12486;38558;85308;3979;3171;42582;82836;9182;97741
evaluation,967,93312;19912;1672;81840;89590;21528;94877;3234;82214;81688
evaluation,968,83276;64750;65656;92157;68842;64404;42618;96702;14822;92644
evaluation,969,7366;8258;33608;68262;59410;14952;65710;14836;33492;19374
evaluation,970,89472;14952;36574;77615;15200;42662;22;14836;44864;8402
evaluation,971,23671;23754;26182;23570;92700;91992;63030;3274;85308;1248
evaluation,972,21016;7988;77510;32264;10682;36592;11288;4044;78322;80112
evaluation,973,77034;53676;91864;54243;19518;17778;33700;95606;81038;4255
evaluation,974,8416;86970;87800;42197;30508;32884;6406;34054;2038;1276
evaluation,975,68492;28816;21046;106;79576;896;33196;88130;65998;54282
evaluation,976,45206;4276;5094;5642;74800;46058;96150;4960;53292;4946
evaluation,977,30244;5696;39196;79807;79485;85827;98946;99234;98942;26309
evaluation,978,72940;86891;120;84776;98080;37806;75920;99498;5259;1155
evaluation,979,81372;11982;887;4859;36476;2668;11812;12378;39346;26187
evaluation,980,69801;16948;29140;65227;31818;38706;32270;59776;6406;8668
evaluation,981,20960;19640;20662;5362;55590;22436;4536;9468;94410;38542
evaluation,982,2290;8398;292;8514;6080;28534;2570;2446;8540;8196
evaluation,983,32828;584;25578;56161;97920;13872;29747;90119;56112;97254
evaluation,984,4750;33050;98282;43512;18581;41068;55930;5498;25612;63910
evaluation,985,5862;58294;7536;87297;14780;632;62466;56162;81085;10720
evaluation,986,65798;6150;27664;5487;94678;85218;1758;6194;87832;42062
evaluation,987,90119;75354;39419;94570;94748;37836;32476;84240;68296;89232
evaluation,988,89894;32120;72000;31392;65370;25126;32384;32160;50491;31868
evaluation,989,13976;5450;18804;81382;16802;17974;28032;18126;18330;2660
evaluation,990,38887;67104;69636;69606;68590;39314;59266;4451;8786;40388
evaluation,991,66120;37596;33328;33712;14992;54086;36594;3859;4762;65160
evaluation,992,89506;69794;73908;81382;71882;75858;23558;88358;51448;40286
evaluation,993,87714;42716;87902;82700;91790;40286;69818;88296;22718;5227
evaluation,994,89917;89932;94570;86754;75354;31510;94434;98376;42880;84240
evaluation,995,9828;2706;66052;47940;47264;30232;1384;2047;26528;59164
evaluation,996,96150;10887;46058;13234;11528;6406;9696;45206;74800;58602
evaluation,997,13342;57232;2567;81522;12120;3064;5724;12048;6548;42656
evaluation,998,48264;56140;35246;49614;92385;22282;3068;1707;14072;74396
evaluation,999,60220;40802;40286;1322;21516;40014;96146;47092;32026;6994
evaluation,1000,54482;19138;1083;71644;1084;88844;37510;80794;90013;17608
evaluation,1001,96238;94304;94877;78936;39220;90550;81840;88660;18894;23384
evaluation,1002,37510;48454;39509;6152;21515;48680;89804;48866;28204;32754
evaluation,1003,30652;87894;2188;20662;17264;14014;87832;97228;31412;25076
evaluation,1004,91582;69578;71020;65444;88170;472;27810;84901;2996;16064
evaluation,1005,94877;90550;81840;26994;21528;74256;19828;96238;26810;49848
evaluation,1006,79576;36412;59132;38338;69562;38972;53136;49396;66052;48942
evaluation,1007,136;19912;39657;46422;56542;26276;532;63862;45178;18758
evaluation,1008,9526;8896;12406;12350;14339;10052;29596;62392;11133;17438
evaluation,1009,42716;82700;87714;63380;54482;83456;40286;61928;91790;4982
evaluation,1010,22356;30650;84834;75858;51448;18706;69794;23558;115;85012
evaluation,1011,85706;31312;11722;11530;77426;480;61524;6346;37636;483
evaluation,1012,2035;49202;9958;5344;44131;2492;5228;90532;37427;2814
evaluation,1013,85308;49482;76492;29250;49452;19948;64882;89125;82836;22587
evaluation,1014,53676;65554;59898;30508;26309;64090;54243;41422;552;14206
evaluation,1015,34972;91580;45688;7226;14062;44194;28512;32750;97294;5068
evaluation,1016,4248;1260;16114;5366;35982;1732;55338;76962;55176;26350
evaluation,1017,13886;56112;86378;18642;51564;38112;97920;4908;93610;81268
evaluation,1018,91582;69578;472;65444;16064;31412;33820;2996;56424;2190
evaluation,1019,45688;28512;80810;34972;81085;7226;44194;87297;5068;67992
evaluation,1020,13976;19468;21098;2660;19336;69794;5450;81382;78392;18804
evaluation,1021,15709;16116;84858;71330;22262;72527;96246;82952;45875;30536
evaluation,1022,80942;73112;80400;11374;612;1684;80126;3378;73044;34628
evaluation,1023,73438;73307;71404;73644;73590;9124;8436;73418;26210;43938
evaluation,1024,94877;90550;21528;26994;74256;19828;81840;26810;82592;62182
evaluation,1025,15709;16116;22262;71330;84858;72527;45875;96246;28190;57388
evaluation,1026,95129;85884;9488;19852;51560;51639;46863;51643;65370;19310
evaluation,1027,91582;18581;31412;69578;88170;70514;2190;71020;84901;41632
evaluation,1028,82974;17735;82675;23100;8018;64090;22862;53030;10596;97292
evaluation,1029,23928;17287;42218;17024;55474;79266;69798;40971;48176;52266
evaluation,1030,7312;15450;37224;22823;39642;9294;11038;58040;85128;71671
evaluation,1031,98262;97636;77960;2654;90605;77368;56414;82933;32598;3039
evaluation,1032,7830;63652;76536;8006;20680;28372;65910;43970;20780;87388
evaluation,1033,702;60;798;16952;7914;26106;74004;51470;36766;4934
evaluation,1034,93312;15354;81840;25424;1672;26476;91970;33939;1212;15278
evaluation,1035,1428;31216;40971;2248;40034;2262;65148;51842;35378;24728
evaluation,1036,5068;14072;74196;70131;14062;71866;99564;12992;3068;27266
evaluation,1037,57048;79196;56370;42858;63864;7170;1896;15048;10960;76628
evaluation,1038,23670;10556;27052;59667;65478;89852;47264;40984;24478;32318
evaluation,1039,1322;60220;78590;40802;40286;4090;6994;35572;8648;81428
evaluation,1040,80668;26574;22160;24208;18868;5895;51572;7150;6006;42789
evaluation,1041,33556;97124;74836;18726;2026;46863;65370;88676;20376;14160
evaluation,1042,90350;90614;98731;37220;56044;98636;91026;86180;58584;98700
evaluation,1043,34536;71876;10310;8244;20951;59960;18775;5067;43684;1472
evaluation,1044,15368;65581;81522;36064;46804;10174;42002;88782;82036;9578
evaluation,1045,42656;28536;4919;34534;3784;74808;17842;13968;3956;6618
evaluation,1046,6548;6614;3956;2567;1736;81522;13342;1778;2351;7266
evaluation,1047,60220;98166;40286;47092;6994;46750;40802;81428;98476;28032
evaluation,1048,85552;1342;98853;15419;6134;56460;87520;74858;33016;17632
evaluation,1049,56588;20518;20866;18640;11178;63652;11584;76536;87388;30436
evaluation,1050,59898;34242;429;65554;38345;15091;13888;59636;14152;14206
evaluation,1051,39196;5696;30244;85827;79807;79485;99234;95606;99008;48026
evaluation,1052,86891;72940;120;84776;75920;74010;75128;99498;98080;1155
evaluation,1053,34370;60140;26229;96114;59414;4255;61608;33782;56588;58471
evaluation,1054,29402;18642;94678;6150;80664;13886;27076;584;86378;880
evaluation,1055,6150;94678;86378;25578;25076;93610;8556;38112;80664;27664
evaluation,1056,85552;1342;15419;98853;6134;56460;57089;17632;22844;1258
evaluation,1057,35058;57905;16648;49774;1912;5484;4664;1876;14112;31616
evaluation,1058,7452;10933;96822;20386;92572;3032;61065;30242;26240;17876
evaluation,1059,26952;5635;74608;5086;4664;15944;39403;79621;11320;18786
evaluation,1060,74256;94877;90550;62182;35836;81840;34814;73826;35155;61528
evaluation,1061,34288;9182;85308;66738;66050;70506;57640;32298;38558;94218
evaluation,1062,78258;13242;11970;4440;66170;12122;4592;12262;23844;77615
evaluation,1063,82350;32160;65370;72000;50491;30536;32120;89894;30642;82920
evaluation,1064,88130;33196;54282;259;1072;61190;2874;106;6366;5638
evaluation,1065,38248;7178;58074;45225;8790;36064;62228;27494;17824;11516
evaluation,1066,97790;98584;94065;68020;67762;114;10506;124;9050;49339
evaluation,1067,77510;18055;59502;36044;5508;4044;92856;32264;95621;26000
evaluation,1068,63434;6478;17502;282;38728;6614;25354;11166;17770;2774
evaluation,1069,656;4538;880;27664;29090;80664;29874;33269;83966;94678
evaluation,1070,6150;80664;880;94678;6930;8556;29402;86378;6910;29874
evaluation,1071,62434;30194;99020;99564;74396;27228;63343;12056;70131;30904
evaluation,1072,40286;98166;1322;47092;46300;90013;40802;51448;28032;46750
evaluation,1073,83598;62944;83556;89916;2500;7150;82944;15480;26032;54211
evaluation,1074,83598;83556;82944;13514;71694;74196;62944;15480;22568;35958
evaluation,1075,79946;79556;4080;82659;49572;29810;76996;43772;14112;27658
evaluation,1076,5994;35058;49774;39403;15944;38345;16648;68931;91500;35960
evaluation,1077,2784;26810;6596;35314;34420;7472;89808;56171;10784;8772
evaluation,1078,64852;20866;99678;21400;18640;51894;20518;86026;30436;38086
evaluation,1079,99714;99089;79952;38333;78702;12992;27266;14062;14072;27228
evaluation,1080,42656;28536;4919;3956;3784;34534;31318;12120;74808;6618
evaluation,1081,844;68060;17868;67186;63170;74024;26644;48832;33016;1044
evaluation,1082,44954;45930;46022;45026;45875;84748;13166;10056;51596;9472
evaluation,1083,2814;77234;32508;49252;3612;3570;26164;47402;5172;25860
evaluation,1084,90550;94877;81840;26810;26994;26943;89808;88944;39730;3812
evaluation,1085,66050;85308;35850;33776;18310;3979;82836;29250;3171;12486
evaluation,1086,38928;35462;22144;16268;39820;4934;78154;51276;19254;97254
evaluation,1087,33492;33608;3970;60188;23338;89472;14952;68262;77615;12262
evaluation,1088,54220;8416;24060;10814;17612;51596;1276;87800;3548;42197
evaluation,1089,36344;41287;22360;96150;4276;41378;74800;45206;46058;56588
evaluation,1090,32302;14314;79266;67048;23632;17287;65981;94002;5298;95414
evaluation,1091,94877;62182;5428;81840;90550;74256;87336;39730;99008;64830
evaluation,1092,3828;22306;51894;34814;19372;27494;1462;68562;18636;36862
evaluation,1093,54220;51596;8416;3548;17612;6406;42197;1276;9472;12544
evaluation,1094,38248;45225;12254;7178;91249;1098;77034;9890;17326;36210
evaluation,1095,98942;82814;30508;27555;334;5696;332;85827;30244;45875
evaluation,1096,9212;9592;7988;46604;31264;40962;81893;36094;96948;98730
evaluation,1097,12992;70131;14072;30194;74196;14062;27228;27850;16710;38333
evaluation,1098,24043;62764;34536;66098;20690;18018;50812;46339;39117;5714
evaluation,1099,45688;21694;39117;97294;73722;80810;31946;22666;7226;4416
evaluation,1100,85884;30536;82350;25102;65370;82920;4169;27694;25126;95586
evaluation,1101,90350;33328;98731;98636;25518;93798;90614;67336;66120;90046
evaluation,1102,48942;72940;33700;22666;17046;61476;47748;10154;84776;95586
evaluation,1103,86048;42068;51696;38706;84726;35592;11320;36604;44446;12984
evaluation,1104,66052;92286;16044;49056;8074;1998;54908;6216;98588;48690
evaluation,1105,21911;15210;6204;31120;63150;20942;39404;99302;9708;43390
evaluation,1106,17819;86754;89932;2180;85110;3020;85388;23890;85112;62912
evaluation,1107,54720;79546;36200;64860;9148;3008;15942;79560;19846;53096
evaluation,1108,70848;2982;33443;33514;38750;32270;13848;72620;93974;6044
evaluation,1109,65227;64704;65606;53519;4394;31120;85161;7108;52301;3548
evaluation,1110,41092;28376;37220;58584;37654;57514;37554;17816;56155;90614
evaluation,1111,11584;18640;20866;20518;11178;33882;1826;19372;56588;1011
evaluation,1112,46058;22360;41660;45206;74800;4276;11528;16574;41378;96150
evaluation,1113,60878;38338;1246;36412;9708;29110;12917;38972;52886;52220
evaluation,1114,3612;14147;10122;48834;2;60468;77234;17046;80400;4552
evaluation,1115,85308;49482;76492;29250;49452;19948;89125;82836;22587;64882
evaluation,1116,71876;42656;59960;28456;51174;81268;28536;43908;26960;56161
evaluation,1117,61266;61290;9356;28534;26780;92650;55930;58574;44396;50070
evaluation,1118,5450;18330;13976;65554;18804;17974;78392;16802;77496;6851
evaluation,1119,96857;35522;12079;49572;96934;21964;64354;35494;16215;16218
evaluation,1120,18726;38928;78154;16268;24610;22292;22144;19254;16850;66530
evaluation,1121,7366;33608;14952;68262;33492;8258;14836;59410;16080;3970
evaluation,1122,34476;87120;86870;844;19374;75086;76074;1410;33016;22492
evaluation,1123,45450;4255;27412;552;4394;81038;44732;334;64090;43594
evaluation,1124,98942;88388;81372;30508;71788;7998;85827;11812;12378;4859
evaluation,1125,77510;26000;32264;87388;32734;29810;59542;59502;19036;78322
evaluation,1126,79485;32958;79807;98946;30244;99234;86446;27018;85900;88788
evaluation,1127,99498;47582;77252;98080;78728;3114;102;11512;86510;45004
evaluation,1128,81268;71876;59960;43908;50031;28536;50439;62162;51174;56161
evaluation,1129,2706;80668;10528;65478;26574;22160;27818;18868;51572;45526
evaluation,1130,66330;98080;75128;60596;120;74010;61234;14136;71710;20318
evaluation,1131,15709;71330;16116;84858;72527;96246;57388;22262;68178;45875
evaluation,1132,1060;44130;3730;7524;5272;16452;8938;36098;1410;23674
evaluation,1133,44954;46022;45026;45930;38532;13166;29880;10056;45875;30359
evaluation,1134,48503;89808;58944;64026;42790;53580;88944;19828;16330;30192
evaluation,1135,34628;44131;9712;61784;25860;26810;28390;43894;49252;2814
evaluation,1136,21024;21490;21436;3154;5648;26820;22960;6372;14962;4264
evaluation,1137,40608;35544;35742;9578;9254;44930;37318;8943;14612;41014
evaluation,1138,93312;1672;9846;89590;15278;34860;82214;99994;91081;47037
evaluation,1139,82592;94877;81840;90550;26994;39730;19828;3812;49848;26943
evaluation,1140,73307;71404;73438;73590;73644;8436;73418;9124;82770;23752
evaluation,1141,99994;60878;73493;99796;65981;392;8044;67048;57756;35155
evaluation,1142,86048;51696;42068;84726;38706;11320;35592;36604;4100;27878
evaluation,1143,84776;84340;896;79576;85667;13580;52030;57566;51743;59132
evaluation,1144,9592;9212;44864;23626;72732;63778;58600;41301;96344;90056
evaluation,1145,56112;97920;56161;18832;51174;81268;25578;32828;50812;13872
evaluation,1146,79358;85328;70131;25047;79646;58990;38920;33416;63343;12508
evaluation,1147,46784;46752;3020;12632;50746;58050;34916;95769;86150;13892
evaluation,1148,25047;99714;12992;76944;28972;5765;14918;12056;72276;37514
evaluation,1149,94092;34011;3646;27107;58578;94242;910;33030;27386;88676
evaluation,1150,46750;13766;46300;27230;1424;1442;14160;1322;1476;47556
evaluation,1151,67104;40388;86694;88844;38887;39314;86752;38778;12492;40757
evaluation,1152,84162;6224;27230;5946;78380;6851;48690;8879;26104;41010
evaluation,1153,19852;55549;53628;164;39831;97108;58990;19576;27456;87554
evaluation,1154,1912;57905;35058;1876;5635;26952;4664;1494;49774;16648
evaluation,1155,21656;89808;50008;18982;49848;37146;7724;92826;19828;22262
evaluation,1156,82592;94877;81840;19828;26810;89808;90550;3812;49848;26994
evaluation,1157,7452;3032;10933;61065;20386;96822;17876;3007;66120;83956
evaluation,1158,86224;64986;74808;72718;18748;55658;39404;24906;39576;23484
evaluation,1159,93591;98210;98960;1148;11194;98376;11476;60596;4099;5862
evaluation,1160,55576;19170;20662;55658;78164;24874;64552;83094;99284;76764
evaluation,1161,49848;19828;50008;99796;89808;67048;8044;82592;392;93094
evaluation,1162,97806;97259;31318;20662;20130;13872;90119;48504;14202;5487
evaluation,1163,67104;68590;39314;69606;38887;8712;69636;6210;35114;41472
evaluation,1164,25580;5946;6420;13212;6362;7048;15322;3110;18320;9762
evaluation,1165,6134;1060;98853;22302;85552;3730;5272;12256;8938;56460
evaluation,1166,48503;38248;86043;21958;19107;3438;44260;42790;5760;54786
evaluation,1167,61784;92460;28390;30707;42248;74555;9712;7338;2814;1800
evaluation,1168,63434;4416;19034;17770;2774;19119;12694;27886;15268;26514
evaluation,1169,97806;97259;20662;28188;13892;8540;8870;27850;12632;13968
evaluation,1170,78130;20424;58584;56155;53056;56044;29126;10310;48610;57514
evaluation,1171,66120;65160;4762;32562;3859;24772;14992;54086;80784;33328
evaluation,1172,28376;37220;41092;37554;53056;90614;69818;37654;90350;57514
evaluation,1173,6362;6824;5946;5828;25580;6420;91960;6224;3136;5618
evaluation,1174,88296;22718;87902;83456;42716;61928;87714;82700;78994;86082
evaluation,1175,63434;19034;27886;19119;2774;17770;77624;89964;46863;12694
evaluation,1176,12406;12350;8896;14339;18344;9526;61043;12248;24650;11032
evaluation,1177,71502;18072;13302;51262;6536;17382;80784;96394;39386;9491
evaluation,1178,15709;16116;22262;71330;84858;45875;36385;57388;16714;72527
evaluation,1179,85552;6134;1342;98853;15419;33016;56460;57089;22844;74858
evaluation,1180,732;4408;7802;4552;54404;9430;43894;3640;7336;3171
evaluation,1181,76874;26516;19336;89916;19468;13084;924;18432;92410;58212
evaluation,1182,93312;15354;32510;22718;1672;88972;89658;1212;18262;58240
evaluation,1183,14147;33792;3612;52420;77234;37794;60468;96822;58958;27124
evaluation,1184,63880;69619;340;19674;376;77510;36044;6931;18055;11288
evaluation,1185,76944;32750;70288;61266;28972;5765;6324;28148;27266;39286
evaluation,1186,51546;2734;89001;23870;50208;80230;64986;23380;24906;71043
evaluation,1187,38928;22144;29184;35462;18726;31850;11808;85308;7795;16850
evaluation,1188,13872;14202;14088;32828;8532;25578;83264;6535;25076;46254
evaluation,1189,17368;39418;62110;1695;23484;69878;22494;56882;42062;78164
evaluation,1190,97530;6612;39105;13598;13198;22494;40772;62322;23380;3708
evaluation,1191,41092;28376;37220;37654;75858;37554;684;69818;90350;53056
evaluation,1192,76886;51572;25462;83194;52656;29021;82944;71694;1318;92358
evaluation,1193,80668;5895;51572;4819;2706;7150;44046;42789;496;6006
evaluation,1194,66330;92670;47707;60596;80509;14136;92410;17187;17956;23894
evaluation,1195,54541;94092;88676;90146;20694;29858;27107;34011;15480;71694
evaluation,1196,28204;6866;13976;30942;24683;5450;6152;81382;78392;16802
evaluation,1197,496;80668;2994;13514;1330;99709;47264;22160;26528;51572
evaluation,1198,29140;16948;38706;24812;24870;69801;26570;31818;10290;37806
evaluation,1199,5572;61762;95082;3128;89834;22262;73882;9064;49582;26350
evaluation,1200,86754;98376;89932;75354;90148;84240;90119;98072;632;94748
evaluation,1201,17048;90119;16940;12632;23382;12698;64986;18832;31412;74152
evaluation,1202,3020;1758;12632;59982;46784;2652;46752;58050;94570;11628
evaluation,1203,93591;98210;98960;1148;11194;98376;11476;89917;90712;60596
evaluation,1204,83598;69238;83556;84812;89916;92354;82944;62944;63864;2500
evaluation,1205,30244;79807;5696;39196;79485;32958;99234;98946;48026;45875
evaluation,1206,1148;98960;11194;11476;14726;60596;7575;40788;2982;89896
evaluation,1207,64986;24906;9648;86224;10586;55658;80230;89001;11704;74808
evaluation,1208,26052;98194;2190;71832;33747;33838;64940;33270;41472;18581
evaluation,1209,76700;13896;17770;1328;8990;6554;6080;10114;4836;4863
evaluation,1210,15709;5086;47748;68945;16116;69708;22262;71330;17382;10004
evaluation,1211,94877;81840;74256;19828;90550;82592;89808;17406;50008;51743
evaluation,1212,51882;52744;84748;52234;84657;2894;16352;1652;51956;63598
evaluation,1213,86754;89932;75354;75176;98376;89917;90148;98072;98210;94748
evaluation,1214,32750;74396;61266;28900;28972;71866;91580;6324;70131;21694
evaluation,1215,36387;93310;3668;47857;47801;47908;99780;79524;45470;28076
evaluation,1216,28376;41092;37220;37654;37554;69818;90614;53056;17816;57514
evaluation,1217,36412;38338;87698;97676;38972;1044;5259;31175;12;79576
evaluation,1218,48503;36200;36210;42790;74426;19107;3008;30192;64026;14722
evaluation,1219,4395;84129;29128;21471;44378;20140;44450;40824;3600;6899
evaluation,1220,30244;79485;39196;5696;30508;79807;3548;32958;1276;52301
evaluation,1221,3352;83412;33050;17819;31584;31412;93488;98960;99780;65696
evaluation,1222,43768;42836;21420;85218;83966;4728;5487;94678;3742;3608
evaluation,1223,540;37654;55462;41092;17608;14160;74836;37554;1476;46476
evaluation,1224,14708;4688;2982;23894;28456;5990;9606;6044;90013;45460
evaluation,1225,42394;49358;906;96114;72990;13614;13608;58471;22450;59260
evaluation,1226,89042;88986;420;5428;7986;68698;61108;56588;67262;89220
evaluation,1227,4960;4946;96150;58602;45206;53912;3975;5570;4276;53592
evaluation,1228,16780;51468;76492;26090;54330;16850;15850;99654;18738;11082
evaluation,1229,29970;45562;994;21016;77510;992;6204;82214;5320;80112
evaluation,1230,19040;26592;20744;41604;1836;11958;5375;77737;2816;95904
evaluation,1231,84776;75582;96822;37328;72940;13703;15205;32466;7760;29266
evaluation,1232,86754;89932;75354;89917;75176;94748;84240;90148;98376;98072
evaluation,1233,99780;3668;47857;36387;47908;93310;45470;47801;66914;79524
evaluation,1234,56613;24806;9648;64986;10748;13198;22494;3708;97530;2314
evaluation,1235,87297;77109;62466;80810;44194;67992;45688;71866;56162;28512
evaluation,1236,90350;93798;98636;86180;98731;59096;98700;8550;90614;3264
evaluation,1237,28376;41092;37554;37220;37654;17816;57514;69818;684;15528
evaluation,1238,67104;68590;39314;38887;69636;69606;35114;29480;24478;28393
evaluation,1239,3154;21024;21436;21490;71614;4264;66172;22960;4938;25424
evaluation,1240,32788;64750;45548;29594;83276;45957;14764;45930;11328;79320
evaluation,1241,3352;28393;39180;28076;19190;47144;37800;69156;30476;57564
evaluation,1242,55576;68332;62112;39419;68296;17368;62110;24906;62246;56424
evaluation,1243,83840;83992;42550;92410;36888;96854;70662;78928;31850;13726
evaluation,1244,81372;11982;887;4859;36476;2668;39346;26187;12378;11812
evaluation,1245,64522;65556;63880;19510;59580;26350;91110;26187;36766;21898
evaluation,1246,15709;22262;16116;96246;84858;71330;78760;72527;52600;25442
evaluation,1247,99796;73493;65981;19828;82592;94877;81840;62182;72686;67048
evaluation,1248,5024;60468;72594;52504;97986;1034;24216;16352;95318;52744
evaluation,1249,33838;96473;76268;98461;83904;71832;4750;85112;56358;26052
evaluation,1250,99284;13182;5498;98194;32646;64552;57868;4750;18581;47430
evaluation,1251,72940;120;84776;86891;1155;98080;76210;75920;17046;50290
evaluation,1252,4020;3662;35836;1366;49324;72686;61528;31627;15052;7391
evaluation,1253,3694;13254;92402;120;6893;87734;71492;62912;98080;14112
evaluation,1254,8333;64552;49413;23870;472;20427;57705;95769;30704;90602
evaluation,1255,97920;66098;80509;56161;81268;56112;51174;50812;83194;39382
evaluation,1256,57410;57546;43512;20014;51862;47430;84418;13182;31152;97607
evaluation,1257,2190;98282;13182;17819;41472;51862;23890;28694;2290;2032
evaluation,1258,99089;79952;99714;12992;14062;78702;27228;99564;27266;30194
evaluation,1259,41092;28376;37654;37220;37554;17816;684;75858;69818;58584
evaluation,1260,96857;12079;35522;35494;64354;45596;49572;71644;81070;80744
evaluation,1261,24686;18748;17102;62110;48050;16406;71043;24504;24906;23484
evaluation,1262,16330;2068;90534;91243;75834;98102;69164;86192;90150;34814
evaluation,1263,26810;81840;89808;19828;26994;26943;5912;88944;90550;3812
evaluation,1264,15709;16116;84858;71330;72527;96246;22262;82952;45875;47748
evaluation,1265,47308;17798;6496;2290;596;82988;7002;6554;24476;78042
evaluation,1266,63343;14512;62434;15334;99564;70131;99020;30194;91580;74396
evaluation,1267,9464;25168;45770;13868;6886;48350;11476;77702;12498;46856
evaluation,1268,11908;69626;30634;26684;65216;86396;41287;31302;35462;87554
evaluation,1269,80668;51572;42789;5895;26574;22160;4819;24208;6006;18868
evaluation,1270,25102;30536;32160;25126;34504;65370;82920;82350;32120;72000
evaluation,1271,44046;18868;4819;80668;496;51572;6006;5895;22568;10528
evaluation,1272,25622;16166;30640;16176;24650;24521;62994;63404;56414;6396
evaluation,1273,97124;13670;13958;41092;33556;59898;13712;58732;7048;20152
evaluation,1274,15709;22262;84858;16116;78760;71330;87576;5086;72527;96246
evaluation,1275,83160;41415;21084;25932;69394;51468;6278;4946;26292;54330
evaluation,1276,15709;22262;16116;71330;82952;87576;25442;72527;16714;23527
evaluation,1277,35218;40176;83317;88388;39346;94370;11082;7913;81372;40608
evaluation,1278,75810;89125;48834;4552;45548;2814;43844;16352;9430;44131
evaluation,1279,45450;59101;4255;44732;552;3944;91864;1494;34242;59898
evaluation,1280,62434;99020;30194;99564;63343;14072;14918;74396;30904;50070
evaluation,1281,38333;8736;12056;14072;70131;11874;12992;14062;62434;74196
evaluation,1282,98282;83412;41472;65444;2594;44828;84901;2190;51862;80408
evaluation,1283,34536;29747;62764;5072;66098;50812;56112;81268;66106;35832
evaluation,1284,6554;24476;1434;13368;13630;8796;7170;1118;582;26412
evaluation,1285,44544;2446;97530;56613;22500;13198;4030;2274;90635;15944
evaluation,1286,24683;21098;78392;18804;17974;19468;5450;16802;78214;19336
evaluation,1287,13766;1322;60220;32020;40802;1424;1442;46750;40014;31080
evaluation,1288,24683;18804;17974;21098;16802;19482;78392;19468;19336;6866
evaluation,1289,44446;2836;56012;42002;18400;12744;2078;9578;10422;95698
evaluation,1290,29490;35218;83317;42320;45026;65581;2195;61945;9064;43594
evaluation,1291,17004;4960;5570;96150;11528;9696;58602;13234;14402;53592
evaluation,1292,15804;4264;19036;1098;58776;3008;5138;4300;16128;41422
evaluation,1293,41092;28376;69818;37654;42716;88296;37220;82700;22718;32704
evaluation,1294,7276;6552;7064;7892;83586;35960;2630;91500;5072;59636
evaluation,1295,85308;46804;49482;7914;22587;66050;34288;29250;89125;17626
evaluation,1296,1758;12632;58050;3020;50746;39296;10276;46784;47857;34916
evaluation,1297,62246;68332;68296;69878;89001;39936;47950;56258;17368;39419
evaluation,1298,65370;89894;30536;82350;72000;32160;50491;82920;25126;30642
evaluation,1299,14339;12406;12350;24650;24521;8896;29596;21964;96857;9526
evaluation,1300,41092;28376;37220;90614;37554;17816;37654;69818;57514;53056
evaluation,1301,7258;33824;1084;1083;88972;59280;38778;1071;8604;1712
evaluation,1302,38248;12254;42790;9890;45225;12197;11574;54786;1098;85574
evaluation,1303,39403;49774;5994;38345;16648;35058;15944;32584;68931;5635
evaluation,1304,429;3110;91864;552;9254;59898;30172;22912;64522;77034
evaluation,1305,74152;40276;4781;28352;20960;86654;13974;30144;28534;53906
evaluation,1306,89894;65370;32160;25102;72000;82350;32120;82920;50491;30536
evaluation,1307,68332;97662;68296;6228;32016;62110;30563;4539;50208;5820
evaluation,1308,24874;76764;90306;93772;23380;31202;75208;98194;57564;86754
evaluation,1309,94877;90550;62182;81840;21528;26994;74256;82592;19828;26810
evaluation,1310,88676;24486;80784;54356;36348;18206;36030;2774;18726;6478
evaluation,1311,30536;82350;25102;65370;82920;30642;89894;32160;50491;72000
evaluation,1312,24874;64552;55576;39936;11702;93772;83094;39843;90500;56424
evaluation,1313,7452;3032;17876;61065;10933;20386;96822;11930;2168;52420
evaluation,1314,85308;22587;46804;65581;7914;65180;49482;49494;66050;19636
evaluation,1315,3154;4264;21024;5138;4300;21436;5648;21490;4938;40608
evaluation,1316,87952;40868;96344;29594;1034;26210;57372;43844;73350;946
evaluation,1317,74010;75128;75920;5684;2639;71492;74116;8814;76210;71710
evaluation,1318,15709;16116;84858;71330;72527;22262;82952;45875;57388;28190
evaluation,1319,89590;81840;86026;41588;20774;17406;50008;30192;47144;56613
evaluation,1320,17458;44396;97259;97806;1680;8012;31318;1736;62044;2351
evaluation,1321,44396;97259;17458;97806;1680;8012;31318;1736;83533;2351
evaluation,1322,35960;32584;7276;94877;91500;54812;26518;50750;82675;59636
evaluation,1323,30536;82350;65370;25102;82920;30642;72000;32160;89894;50491
evaluation,1324,54541;3646;94092;29858;27107;58578;88676;27386;94242;7436
evaluation,1325,55576;90476;78164;83094;18706;90635;68296;89232;17368;68332
evaluation,1326,99709;47264;29068;26156;14847;25580;59164;81372;11812;16780
evaluation,1327,33782;4699;98532;32716;4692;7019;300;52220;29694;4318
evaluation,1328,42656;77109;87297;4919;17842;13968;1446;1586;81085;3784
evaluation,1329,94146;94322;97292;6868;24682;6824;8879;56414;1386;29232
evaluation,1330,97259;99952;4494;93591;13044;70854;97806;27996;28188;4099
evaluation,1331,3378;76962;7356;60140;70848;48420;10004;23112;26156;14152
evaluation,1332,1118;1736;13630;9118;1778;52596;8540;11476;2290;14592
evaluation,1333,14339;12406;12350;8896;18344;61043;39509;9526;29116;92581
evaluation,1334,28376;97124;41092;9730;6066;33556;910;48420;13958;37654
evaluation,1335,24874;55576;24988;472;64552;32016;56424;93772;17368;90500
evaluation,1336,82216;82328;8632;56588;42952;38887;226;59502;15390;429
evaluation,1337,93798;98731;98636;90350;90614;86180;98700;89151;71934;3040
evaluation,1338,8736;14072;14062;38333;12056;11874;12992;27266;5068;8244
evaluation,1339,48050;62110;78164;88748;69878;90635;83094;71043;55576;22494
evaluation,1340,40757;90112;88972;87201;29496;55412;43622;65752;59280;56012
evaluation,1341,80716;12256;16452;1060;13466;3730;24592;23112;5272;2894
evaluation,1342,6824;94322;6868;6420;6851;43814;3306;94146;3136;6362
evaluation,1343,552;65554;17778;54720;14274;77034;59898;26309;64090;18700
evaluation,1344,97259;17458;97806;8012;44396;1680;83533;28691;47684;13044
evaluation,1345,49838;83904;2175;41943;96473;43512;5362;98461;76268;48360
evaluation,1346,39403;5256;4664;1912;35058;6495;57905;1876;5635;74844
evaluation,1347,16116;15709;71330;57388;22262;72527;36385;84858;45875;47748
evaluation,1348,5994;15944;35058;39403;49774;38345;16648;68931;62710;83586
evaluation,1349,6495;96414;96444;5256;39403;57905;38345;35058;3108;51702
evaluation,1350,91864;77034;41422;64090;43594;26309;65554;17778;27672;59101
evaluation,1351,82216;87388;15804;75952;59502;59166;15146;36094;36034;4118
evaluation,1352,12632;1758;11628;3020;59982;58050;17819;46784;39296;94570
evaluation,1353,91582;85110;18581;73778;88170;41632;31132;26052;2190;31412
evaluation,1354,1322;40802;78590;90013;46750;47092;40286;60220;13766;28032
evaluation,1355,97124;33556;36348;59900;27780;51684;41092;43760;13958;54356
evaluation,1356,17368;69878;32016;62110;55576;90476;32294;5487;78164;90306
evaluation,1357,43054;1450;82216;2592;3792;87388;22306;99678;75952;77326
evaluation,1358,41434;13846;84901;91582;4536;69246;26052;56358;98461;39854
evaluation,1359,71690;5380;85110;53428;6495;39406;19380;26090;30316;73124
evaluation,1360,80408;83412;80266;30174;5202;62654;75176;17819;62912;67772
evaluation,1361,97108;44046;5895;71694;6006;22568;2706;18868;24208;7150
evaluation,1362,20384;56460;1060;98853;1342;33016;39488;44130;11132;37224
evaluation,1363,9066;24250;20662;1246;74981;14663;18352;63290;4030;11598
evaluation,1364,17368;32016;55576;69878;62110;68332;39419;5487;68296;32294
evaluation,1365,99780;79494;36387;77464;98461;11698;45470;36558;37800;59046
evaluation,1366,78294;9160;76348;8941;1146;84418;10979;2652;81666;23508
evaluation,1367,89917;89932;75176;90148;84240;98376;75354;94570;86754;94434
evaluation,1368,77510;32734;26000;82216;31264;81893;15467;59502;18055;20814
evaluation,1369,93591;7575;22893;90306;5487;86224;78164;39418;93393;1088
evaluation,1370,97806;97259;99952;49986;12632;44396;28188;90119;16940;23702
evaluation,1371,93772;75208;97662;62110;98194;6910;32476;30563;4708;4383
evaluation,1372,17368;32016;47950;69878;68332;22494;62246;48106;82716;604
evaluation,1373,1260;47582;35982;53428;85390;36385;78402;34716;55338;38482
evaluation,1374,80434;74136;80504;71540;65568;78130;867;15464;56044;37596
evaluation,1375,83586;86046;3658;21911;25069;28676;54812;31616;42556;35058
evaluation,1376,91500;35960;59636;54812;32584;5994;7276;6828;54243;83586
evaluation,1377,94570;89932;46814;75354;39296;86754;39419;46752;5862;12632
evaluation,1378,86754;75208;84240;90148;94748;89932;75354;10720;89917;98376
evaluation,1379,35058;57905;1912;49774;15944;1876;5484;16648;84457;31616
evaluation,1380,81840;19828;91970;26810;94877;90550;56171;89808;14828;31706
evaluation,1381,44131;57378;2814;5228;29716;944;9712;43894;928;5172
evaluation,1382,12498;17798;15836;11166;1118;47308;6886;82988;2900;26798
evaluation,1383,99538;39576;76764;78164;22494;32294;7536;24874;39419;17368
evaluation,1384,93860;37282;19852;164;41328;49302;58240;20936;18792;38706
evaluation,1385,19336;19468;21098;11684;9554;1247;34794;21280;13084;81382
evaluation,1386,60188;38482;58172;68945;20440;69708;57254;97268;622;33608
evaluation,1387,87554;56674;20424;45460;71694;76886;87597;13212;35462;91960
evaluation,1388,23527;22749;61934;73680;73730;87576;78760;84858;2047;85044
evaluation,1389,11084;13070;66530;2836;16114;11106;15970;10387;24581;99516
evaluation,1390,81840;90550;91970;82592;94877;19828;62364;89808;26810;81074
evaluation,1391,81840;94877;90550;7276;19828;3812;56171;26994;26810;91970
evaluation,1392,92460;72670;9712;5344;5228;45957;5172;9786;77234;16454
evaluation,1393,21024;3154;21490;21436;4264;26820;5648;4300;58284;14962
evaluation,1394,2774;63434;19034;19119;12694;17770;77624;4416;26514;19310
evaluation,1395,11716;1328;8142;1002;11116;12879;9784;7240;8540;7918
evaluation,1396,75208;86754;61238;13182;84240;90119;4099;5498;80408;99538
evaluation,1397,17368;50208;32016;39105;68332;62246;55576;78164;62110;7536
evaluation,1398,67104;69636;68590;69606;13784;39314;38887;99952;19584;19990
evaluation,1399,86754;75354;75208;94570;87370;94434;4099;89932;98376;89917
evaluation,1400,39418;84240;86754;90148;75208;4099;98376;75354;5862;10720
evaluation,1401,69662;10310;724;69264;6536;90614;39831;23181;96857;96934
evaluation,1402,81382;3306;1756;6824;2078;3136;28032;94146;6362;48866
evaluation,1403,27230;5946;24683;77496;9312;19296;7048;2078;89804;3306
evaluation,1404,33556;97124;74836;65370;74050;46863;51639;63500;55462;724
evaluation,1405,41092;37554;684;28376;37220;75858;37654;70642;90614;23356
evaluation,1406,15419;17632;97810;85552;57089;33016;63170;1258;35060;56460
evaluation,1407,22144;412;83276;78822;29184;11060;87344;42618;24114;14550
evaluation,1408,86754;75354;75208;94434;87370;98072;90148;80266;81145;4099
evaluation,1409,23702;97920;43206;8540;26919;20470;1360;39172;23630;50382
evaluation,1410,99538;76764;39576;32294;22494;7536;97662;69878;55576;39419
evaluation,1411,33030;94092;54541;29858;34011;76628;27107;56674;3264;94393
evaluation,1412,11704;2373;2996;13892;13198;12632;23484;24906;3020;95769
evaluation,1413,15709;16116;84858;22262;71330;72527;45875;57388;68178;96246
evaluation,1414,4169;66120;68798;33328;3859;96584;12484;16392;3292;495
evaluation,1415,32828;1695;51564;38112;97920;56112;55450;72526;56161;5820
evaluation,1416,81840;94877;90550;89590;89008;93312;89918;73902;19828;74256
evaluation,1417,61020;11304;41792;45004;5074;41018;86510;4116;41450;92934
evaluation,1418,7198;11258;14604;26298;46112;41528;64736;74464;27042;11974
evaluation,1419,86048;14598;53958;84726;36532;43918;4100;86597;95082;65900
evaluation,1420,17287;10578;14314;97071;79266;1588;13504;52224;31082;1568
evaluation,1421,94616;15884;60254;58471;2989;4154;62364;11252;2863;20650
evaluation,1422,81840;90550;94877;21528;8772;5072;36426;26943;90786;62102
evaluation,1423,10624;11828;12614;12834;11106;11366;11308;4100;53958;84726
evaluation,1424,40608;44930;35544;35742;82036;98198;7914;37318;41492;17210
evaluation,1425,3827;77306;72643;19054;40956;18466;9182;61398;78760;73884
evaluation,1426,24478;76886;5174;4451;29496;79296;53766;8712;85706;24610
evaluation,1427,32828;56112;25578;51564;97920;56161;81268;25076;13872;55450
evaluation,1428,3696;8736;4984;2567;8812;9491;8540;19270;23514;7466
evaluation,1429,62764;24043;46339;34536;18344;26960;19449;51174;35246;51568
evaluation,1430,86754;89932;75354;84240;94434;94570;90148;13252;75176;89917
evaluation,1431,97530;39105;13598;6612;50208;23214;22494;64986;13198;90635
evaluation,1432,99284;13182;5498;32646;90498;98194;57868;5490;76232;64552
evaluation,1433,99538;76764;39576;17368;32294;22494;13252;62110;69878;94214
evaluation,1434,24683;6866;13976;19468;6152;19336;78392;21098;20666;78214
evaluation,1435,24683;6866;78392;13976;19468;19336;78214;6152;21098;5450
evaluation,1436,89506;73908;69794;81382;75858;22356;23558;19280;71882;1247
evaluation,1437,86754;97662;75354;68332;39418;68296;84834;32476;89932;62110
evaluation,1438,1758;50746;12632;11628;3020;46804;2652;10276;23754;59982
evaluation,1439,17458;44396;8012;97259;2351;28691;97806;1680;31318;1736
evaluation,1440,28759;91582;71832;43512;49838;57920;25514;78852;39854;78652
evaluation,1441,93310;36387;47857;3668;47908;47801;99780;79524;66914;45470
evaluation,1442,86754;24874;90148;90119;89932;98376;75354;10646;39418;94748
evaluation,1443,1882;1695;23630;1202;34393;8990;13252;48350;5836;2008
evaluation,1444,57905;35058;1876;1912;49774;4664;84457;14891;39403;96702
evaluation,1445,92460;72670;9712;5344;77234;44131;90532;9908;16454;5228
evaluation,1446,86048;53958;14598;36532;84726;95082;43918;86597;4100;99060
evaluation,1447,95082;24114;43918;73044;27478;99302;73124;15931;8943;85308
evaluation,1448,35544;35742;40608;44930;9254;41492;9578;82036;15970;9750
evaluation,1449,18466;18320;3827;9182;3128;24362;75464;72643;54120;44446
evaluation,1450,33016;22844;33522;56104;49252;56460;17632;74858;85552;37794
evaluation,1451,120;98080;92410;24610;86891;21788;1574;92670;88240;83840
evaluation,1452,94570;86754;89932;12632;75176;94434;84240;13252;90148;13892
evaluation,1453,75208;98376;86754;10646;89917;16708;90148;94748;84240;94570
evaluation,1454,89232;17368;32016;4539;22494;37836;51294;69878;62112;93772
evaluation,1455,28376;41092;32704;37220;910;3378;75858;37554;17816;55462
evaluation,1456,88748;4708;31510;68332;39419;62112;62110;76764;90635;83398
evaluation,1457,86754;39296;2190;41472;85388;56312;39418;84240;9324;1148
evaluation,1458,468;11722;61524;62588;31312;47470;77702;6542;3603;77426
evaluation,1459,1736;5724;6614;13896;13342;3956;31318;2351;81522;6548
evaluation,1460,13346;33747;40444;57920;47801;6418;56140;61266;62654;47302
evaluation,1461,99538;23484;76764;7536;90306;39576;22494;24504;93591;97530
evaluation,1462,75354;86754;94434;81145;4099;94570;75208;84240;94748;89917
evaluation,1463,94242;94092;88676;35456;34011;54541;3646;17382;5752;13154
evaluation,1464,62110;62246;63862;58618;32016;69878;24686;88748;56258;89001
evaluation,1465,17450;81840;95414;21616;52303;20774;51662;91970;90550;7930
evaluation,1466,79764;98690;46797;23292;72814;59882;20422;62528;73070;87572
evaluation,1467,6495;96444;96414;5256;38345;39403;51702;3108;99060;57905
evaluation,1468,77702;62588;468;2315;97488;73849;97676;31312;61524;11722
evaluation,1469,39401;32518;2248;27437;35832;39117;724;97920;90146;51174
evaluation,1470,32476;94570;97662;46752;32294;46882;94434;35884;27664;89932
evaluation,1471,84240;90148;86754;17819;34916;41472;5862;94748;49986;39418
evaluation,1472,15419;56460;85552;98853;6134;19794;1258;57089;87520;1342
evaluation,1473,62246;68332;58618;62110;24686;32016;69878;99538;88748;56258
evaluation,1474,93312;16166;39386;5814;54072;40956;25622;76403;19640;13306
evaluation,1475,55334;29894;28930;34856;43850;67530;89125;44730;75810;38902
evaluation,1476,84240;90148;86754;34916;17819;41472;49986;94748;5862;81145
evaluation,1477,19852;48764;83840;18792;4169;4762;3859;66120;83992;9443
evaluation,1478,94570;86754;94434;75208;80266;75354;87370;98376;4099;89932
evaluation,1479,5362;4750;18581;66800;33838;57546;84901;13846;24906;3670
evaluation,1480,97662;68332;32016;62246;93772;39576;84240;68296;39419;22494
evaluation,1481,90148;84240;94748;89917;89932;75354;86754;10720;7426;62912
evaluation,1482,24683;20666;64354;6866;95153;60448;6152;48866;94146;30942
evaluation,1483,41092;28376;37654;56155;37220;90350;15528;57514;37554;56044
evaluation,1484,28376;41092;37554;37220;37654;17816;57514;90350;90614;53056
evaluation,1485,97662;39576;32294;84834;17368;86754;92788;17723;68296;75208
evaluation,1486,41768;48420;16442;5192;17608;94304;16280;40958;2262;21642
evaluation,1487,69164;76453;90534;87688;67560;65606;34940;59776;98102;29978
evaluation,1488,26077;15884;62364;60254;58471;94616;20650;35218;7618;2989
evaluation,1489,17287;10150;35218;97071;94002;15354;4014;26077;79266;13504
evaluation,1490,15709;16116;84858;22262;45875;71330;72527;96246;27818;28190
evaluation,1491,6554;14438;6542;13896;94410;6150;4863;7170;26798;24092
evaluation,1492,3828;22306;51894;19372;18636;1462;1011;1048;27494;34814
evaluation,1493,48503;58944;64026;53580;30192;42790;89808;38248;41602;368
evaluation,1494,7356;49044;60140;26350;76962;49788;48026;17494;59414;41176
evaluation,1495,95082;13614;61762;58471;11262;24114;73044;49358;42394;72990
evaluation,1496,95318;14550;28528;31216;87402;27124;79726;8702;3600;29128
evaluation,1497,46784;47908;3020;96308;46752;3668;13346;1788;47857;23214
evaluation,1498,32476;84834;86754;88748;97662;46752;93591;31510;94434;94570
evaluation,1499,30536;82350;65370;82920;25102;82952;31392;30642;89894;27456
evaluation,1500,81840;90550;89918;94877;15224;41079;91970;21528;26810;89808
evaluation,1501,7198;5598;2;52616;73706;4740;32466;4636;11258;61476
evaluation,1502,87902;19967;42716;89658;19767;78994;88846;61928;58894;12166
evaluation,1503,54541;88676;27107;29858;910;76628;94242;15480;93922;31456
evaluation,1504,96857;35522;12079;71644;45596;35494;49572;92581;6396;64354
evaluation,1505,35544;35742;40608;9254;50944;15970;44930;3272;9578;73680
evaluation,1506,95318;31216;1034;946;26878;29186;51394;86574;8702;84457
evaluation,1507,75810;89125;3274;4934;16352;5112;55334;43850;410;10150
evaluation,1508,86378;13886;38112;18642;9738;97920;93610;55590;56112;17999
evaluation,1509,76764;24874;31202;90500;99284;61238;5498;5362;64552;84324
evaluation,1510,97806;97259;42736;28188;49986;99952;64986;17458;28970;20662
evaluation,1511,13015;28278;58894;28332;18762;21516;43522;88772;16264;40286
evaluation,1512,89506;69794;73908;81382;71882;47618;75858;40286;21280;13976
evaluation,1513,7258;29496;54482;39084;71644;8604;33824;63404;88844;88972
evaluation,1514,67668;234;92286;590;43600;300;74382;14181;31434;13574
evaluation,1515,64090;27672;64068;93448;69322;27412;29634;82974;85584;59579
evaluation,1516,66866;71126;8280;85574;60;4576;32814;5422;93310;53672
evaluation,1517,15709;16116;22262;84858;71330;72527;28190;96246;45875;68178
evaluation,1518,75810;89125;16352;4934;5112;3274;38902;15590;53672;5024
evaluation,1519,11702;83094;55684;13696;62322;78164;88748;62222;86224;90635
evaluation,1520,90119;94748;87370;86754;75208;4904;75354;59052;53906;31584
evaluation,1521,17368;50208;4099;7536;43206;60282;78164;12632;24874;98194
evaluation,1522,24874;62110;89001;55576;64986;23484;32016;97662;39105;49297
evaluation,1523,32160;34504;32120;72000;65370;82920;25126;16714;32270;89894
evaluation,1524,2078;55176;2836;1756;11164;15970;69979;30172;6960;66774
evaluation,1525,24683;78392;28204;78214;81382;19336;19468;2212;6152;13976
evaluation,1526,50588;4494;48728;62364;62336;5508;622;40338;13608;33782
evaluation,1527,82592;94877;81840;50008;26810;89590;49848;19828;8772;90550
evaluation,1528,86048;53958;84726;11320;99060;429;4100;36532;12614;42068
evaluation,1529,46300;16264;46750;1322;40286;90013;47092;98166;16644;51448
evaluation,1530,96857;64354;12079;35522;96934;35494;92581;45596;71644;49572
evaluation,1531,11684;1247;924;22356;9554;39624;21098;21280;19280;34794
evaluation,1532,94877;19828;1398;1362;21528;26810;81840;89808;71671;22650
evaluation,1533,32750;74396;61266;28900;91580;70288;40568;6324;71866;28972
evaluation,1534,13015;28278;43522;28332;58894;18762;21516;16264;40286;48690
evaluation,1535,15480;83598;71694;22568;83556;96056;89916;94560;10528;62944
evaluation,1536,87201;88972;64626;90112;48333;8604;43622;16493;77368;63404
evaluation,1537,97959;99476;99516;35155;90534;58600;71126;5424;4594;93036
evaluation,1538,8540;17770;13896;63434;2398;52596;26798;12498;2187;1523
evaluation,1539,93488;23216;10646;94434;94748;75354;89917;98376;98210;93591
evaluation,1540,71694;33556;24682;724;69818;4169;97124;7138;93860;90146
evaluation,1541,86378;13886;38112;18642;55590;9738;6150;94678;25578;93610
evaluation,1542,23870;37800;51546;50208;2734;11704;24906;472;20662;46748
evaluation,1543,89917;89932;62912;3994;17819;80408;92788;46752;94434;34916
evaluation,1544,43512;86060;93372;86654;56728;90410;50070;47430;24906;35032
evaluation,1545,754;6767;48242;55916;16493;18948;13848;83638;96238;512
evaluation,1546,75834;32734;85394;76972;75844;43143;61746;97284;53284;81893
evaluation,1547,35104;62228;3108;31715;21911;7064;49202;22412;74116;15210
evaluation,1548,44490;21528;81840;94877;19828;90550;89808;96238;36426;93312
evaluation,1549,4934;21652;87898;26462;26878;54572;5112;5024;7338;38333
evaluation,1550,4934;21652;30288;11082;55752;11379;42618;3074;6278;5112
evaluation,1551,4255;63598;41415;17778;45450;80777;94370;45875;12558;25932
evaluation,1552,3136;3306;47424;28188;49986;94146;4494;1422;14726;24478
evaluation,1553,81145;49986;90148;86754;94748;75354;89917;84240;17819;94570
evaluation,1554,61188;24906;16406;23484;23870;8276;48050;62110;11702;88748
evaluation,1555,13015;6851;20022;28278;28332;59036;28032;5450;19767;48690
evaluation,1556,57905;35058;4664;39403;16648;49774;76136;96444;1876;96702
evaluation,1557,44490;93610;292;88086;22500;31796;84576;21468;8532;6166
evaluation,1558,99780;72579;10540;69156;45470;34718;77445;52638;1788;39180
evaluation,1559,79358;85328;3576;3886;38920;58990;70131;25047;79646;63343
evaluation,1560,55586;86754;63030;80658;94434;3918;90119;62912;75208;59964
evaluation,1561,62764;24043;46339;26960;51174;50812;39117;5714;34536;28456
evaluation,1562,65698;57410;18581;44828;3670;76268;69356;47430;36258;64308
evaluation,1563,80408;12632;17819;2032;80638;34916;85110;1758;13182;75176
evaluation,1564,99780;17458;12632;27338;11698;17819;71020;1758;13182;80638
evaluation,1565,19546;1310;62110;30563;68332;62112;88748;61208;5536;39936
evaluation,1566,60596;14136;93591;75176;28188;5862;62738;90119;22499;2652
evaluation,1567,3994;6726;24806;89917;12904;25168;12632;9512;10748;17048
evaluation,1568,54544;21470;27370;97111;612;78858;65717;24568;52266;59807
evaluation,1569,99498;104;47582;15528;77252;66022;36030;60188;3114;48420
evaluation,1570,18642;77702;29402;584;6886;76700;22499;75794;86378;27076
evaluation,1571,17368;5487;32016;69878;62110;90476;40858;78164;6910;13974
evaluation,1572,22494;90306;23380;71828;98194;97530;60282;26919;78164;10408
evaluation,1573,81382;12715;94146;13076;6152;89506;18320;48866;9762;28032
evaluation,1574,86628;10998;4699;32716;300;234;306;4116;33782;23210
evaluation,1575,90550;81840;94877;21528;96238;26810;64830;89008;7276;19828
evaluation,1576,14550;31216;95318;28528;51394;93654;14822;99654;50868;16226
evaluation,1577,65554;45450;59101;59898;19518;552;91864;41422;30508;77034
evaluation,1578,17474;91242;53284;59776;60586;52271;2668;34814;95281;22560
evaluation,1579,12694;60282;83094;21636;4619;55576;69878;7762;17368;13252
evaluation,1580,14992;64060;22902;35124;4712;54482;86752;63380;46958;67790
evaluation,1581,22718;21320;83456;87714;46412;88296;87902;45764;96146;48198
evaluation,1582,32020;19767;1322;19967;31080;46750;13766;61928;40014;16267
evaluation,1583,69801;32120;72000;1046;32160;31818;38706;26364;16948;94242
evaluation,1584,77368;77960;18262;15322;80668;97120;15266;42780;3136;62994
evaluation,1585,80840;14812;12558;30359;39403;21656;38345;22262;54788;3944
evaluation,1586,33196;28816;259;60282;98588;48048;88130;10408;65998;21046
evaluation,1587,12632;34916;3020;46784;17819;46752;1758;50746;59982;58050
evaluation,1588,41092;28376;37220;37654;37554;90614;56155;57514;684;90350
evaluation,1589,25622;16166;30640;16176;24650;24521;4474;92214;79792;21642
evaluation,1590,788;37476;6210;8712;53136;49396;4926;58212;22292;35592
evaluation,1591,72932;12846;72095;4776;23124;79266;45026;87800;4255;45875
evaluation,1592,82592;94877;81840;96238;26994;90550;74256;21528;26810;62182
evaluation,1593,72940;84776;76210;86891;1155;50290;120;12007;8158;9948
evaluation,1594,71043;24686;62110;17102;93372;74511;76232;55576;23870;63862
evaluation,1595,89506;13084;73908;69794;71882;76874;11684;81382;57962;75858
evaluation,1596,1756;9762;2078;6224;23558;81382;9312;3306;6362;6851
evaluation,1597,85698;282;702;27158;58212;59750;32842;1160;3518;75843
evaluation,1598,15709;69708;68945;16116;22262;5086;94242;17382;47748;23527
evaluation,1599,1384;62994;36385;6396;1268;82952;39220;11032;28821;80728
evaluation,1600,18642;25578;86378;880;55590;656;93610;83966;6150;32222
evaluation,1601,33270;5487;98194;39102;6194;39406;78164;87590;10276;45964
evaluation,1602,19852;83840;83992;18726;16080;4658;18792;18602;94242;20936
evaluation,1603,924;36854;1268;81382;48690;56766;1998;76874;20208;28332
evaluation,1604,1060;44130;16452;3730;70630;5272;98962;7524;23674;1410
evaluation,1605,1912;1876;35058;57905;1494;4664;84457;49774;39403;54386
evaluation,1606,98588;38184;88130;68404;259;43600;13574;33196;5626;28816
evaluation,1607,38751;39168;48576;43550;45004;76996;46252;49339;49070;48960
evaluation,1608,9376;2134;65998;1162;68492;95865;10988;51786;19260;8360
evaluation,1609,94678;86378;22499;25578;18642;93610;81268;9738;584;6346
evaluation,1610,63733;55450;97254;51174;50812;14780;50031;4416;62162;45820
evaluation,1611,99498;98080;120;102;86891;47582;77252;88240;86510;92402
evaluation,1612,51174;46339;92467;50812;81268;97254;5766;55450;63733;50031
evaluation,1613,53428;47582;27842;65798;6180;36980;27462;42656;17868;45600
evaluation,1614,12350;8896;12406;14339;18344;92581;13070;21515;39509;11032
evaluation,1615,58894;28278;13015;28332;88772;18762;43522;88296;21516;21090
evaluation,1616,55334;28930;34856;43850;44730;29894;67530;89125;75810;85308
evaluation,1617,14686;18364;74196;71694;90146;22144;22568;36917;64510;14760
evaluation,1618,99498;47582;102;98080;120;86510;86891;104;3114;88240
evaluation,1619,36030;24259;29068;44656;80942;66022;17382;47582;68945;612
evaluation,1620,32476;97662;39576;99538;86754;7536;32294;84240;75354;62110
evaluation,1621,72579;99780;10540;69156;45470;1788;468;77445;34718;52638
evaluation,1622,50031;46339;9952;28456;4416;97254;50439;33328;66120;164
evaluation,1623,44828;40364;13182;24616;31132;5362;57546;472;41434;32646
evaluation,1624,73307;73438;71404;73590;73644;8436;9124;73418;26210;82770
evaluation,1625,30436;11092;5375;51894;20866;11162;3792;64852;20518;18238
evaluation,1626,59101;45450;18803;65554;44732;59898;7108;42422;552;77034
evaluation,1627,41422;86723;47018;340;36044;63880;85584;36094;47098;49044
evaluation,1628,16914;35836;61528;16622;16128;12290;42790;15924;86686;1366
evaluation,1629,55576;24874;17368;472;78164;76764;64552;99538;60282;69878
evaluation,1630,12632;13892;3020;98210;11780;13252;12904;5920;93591;16940
evaluation,1631,18642;6150;94678;29402;880;86378;6930;22499;77702;584
evaluation,1632,46300;13766;46750;57962;27230;1424;1442;14160;40286;13015
evaluation,1633,7150;51572;22568;18868;26738;24208;97108;71694;26574;22160
evaluation,1634,10116;50439;81268;49614;36258;47200;39578;50031;31132;51174
evaluation,1635,21528;44490;81840;94877;90550;62182;26810;8772;95414;97440
evaluation,1636,73307;71404;73644;73438;73418;73590;8436;23752;9124;31082
evaluation,1637,82952;82350;1384;36385;85044;57232;56370;95586;57388;20936
evaluation,1638,76453;90534;58484;81074;65880;32734;69164;75834;2068;4767
evaluation,1639,66098;55450;97920;50812;56161;51174;81268;72526;51564;38112
evaluation,1640,64510;1094;94146;12248;19912;47424;44046;59898;9762;13084
evaluation,1641,1268;87516;54086;36917;724;64658;22292;37282;17468;45542
evaluation,1642,96857;12079;35522;92581;71644;39084;21964;35494;49572;9564
evaluation,1643,3108;99060;7088;7552;79621;80264;5814;22412;9440;51702
evaluation,1644,9376;2134;68492;65998;10988;1162;8360;51786;95865;19260
evaluation,1645,10116;49614;31132;9108;78702;80119;41472;85112;50439;3257
evaluation,1646,21022;7276;9846;45170;21911;88670;22262;98272;41528;4894
evaluation,1647,44490;62580;1843;22252;40635;43749;94877;10408;16866;60082
evaluation,1648,43918;53274;95082;24114;41060;14902;59770;24690;42394;8760
evaluation,1649,64750;83276;65656;64404;68842;32788;29594;14550;14822;84748
evaluation,1650,95318;3518;63598;50868;15520;14550;30028;31216;17014;68433
evaluation,1651,9182;3128;72643;10422;77306;10156;7642;8896;35254;24362
evaluation,1652,74328;22144;36888;724;38928;87516;92670;37282;47707;64882
evaluation,1653,11702;83094;88748;17368;39936;90635;39843;62112;32016;22494
evaluation,1654,72499;57390;42716;78994;66606;75843;32704;19138;96146;57884
evaluation,1655,17368;69878;62110;32016;32294;5487;55576;78164;13974;90306
evaluation,1656,12148;3702;69264;54538;31950;31850;29184;30376;98731;37602
evaluation,1657,99284;13182;5498;33222;98194;90498;18581;64552;32646;47430
evaluation,1658,88569;4116;10748;47098;47012;45486;48176;5748;19002;44598
evaluation,1659,28260;91988;14064;24758;86956;86577;52924;8290;15740;63726
evaluation,1660,18310;18700;15552;15586;79546;36200;92460;54720;26164;17578
evaluation,1661,21046;62580;19336;55338;19468;52526;21098;16044;11684;2742
evaluation,1662,99476;99516;97959;93036;2068;42952;180;2967;29978;54072
evaluation,1663,72686;3662;4020;38092;35836;17824;49324;61528;42563;36344
evaluation,1664,90764;31368;86891;86548;12134;51290;32455;99498;13994;4078
evaluation,1665,82216;87388;86723;36094;9592;4118;406;32734;11996;28854
evaluation,1666,7989;7762;13500;10920;73722;48392;4416;9332;5040;11598
evaluation,1667,18238;26000;82216;8006;36094;9838;16728;75952;28260;87388
evaluation,1668,89798;98702;90013;4688;98166;98476;13766;13016;47212;40494
evaluation,1669,3378;36900;910;11106;29734;26240;17468;13958;11366;17382
evaluation,1670,22499;19264;19206;19146;13886;86378;26412;9738;25578;18642
evaluation,1671,93114;27076;57048;29402;96404;58146;72458;27124;18642;68916
evaluation,1672,90119;59052;55502;94434;87370;29410;13598;99582;94748;39418
evaluation,1673,67104;39314;68590;69606;38887;69636;27107;10052;66774;30194
evaluation,1674,64510;14686;5988;90146;20130;89151;76353;20774;49174;25462
evaluation,1675,10506;9050;97790;9888;49339;29830;124;21260;24197;43550
evaluation,1676,76996;102;77730;63498;20120;10578;46462;22458;50166;41792
evaluation,1677,25622;16166;30640;16176;24650;24521;63404;62994;3292;6396
evaluation,1678,61043;11133;9602;2358;44540;9526;10052;48333;1472;10708
evaluation,1679,62580;21046;19336;52526;16044;8074;6851;19468;55338;21098
evaluation,1680,33556;97124;91026;70642;56044;53056;68078;58584;13958;80504
evaluation,1681,79807;98946;99234;32958;86446;30244;39196;79485;17256;5696
evaluation,1682,52700;67262;86781;90028;20814;11288;4960;57468;6931;92856
evaluation,1683,30536;65370;32160;32120;82350;89894;32384;72000;54052;27456
evaluation,1684,69979;51572;55412;17438;41162;99709;80668;25362;22160;54194
evaluation,1685,12512;3404;2762;6558;98731;3264;3040;3702;64510;12148
evaluation,1686,15709;84858;22262;16116;71330;78760;87576;72527;28190;23527
evaluation,1687,89808;19828;7724;93094;49848;8138;26994;94877;50008;92826
evaluation,1688,28188;62764;24043;31790;50812;19961;51802;18018;97920;22090
evaluation,1689,89808;19828;93094;49848;7724;26810;50008;92826;88944;8138
evaluation,1690,28188;57876;97806;97259;8451;49986;20130;94570;99952;27850
evaluation,1691,77109;80810;87297;44194;62466;67992;45688;7226;10062;28512
evaluation,1692,22144;19132;5628;38928;11084;92670;51568;19254;1030;23790
evaluation,1693,724;1268;49174;87516;17956;21788;81382;24682;90605;49302
evaluation,1694,69979;2078;32120;80668;55176;6960;99709;22160;1071;27694
evaluation,1695,67262;4960;96150;5570;11528;17004;9696;13234;31302;10156
evaluation,1696,7989;7762;13500;13986;5040;10920;48392;9332;5020;11598
evaluation,1697,69264;12148;54538;3702;29184;30376;31950;98731;31850;6558
evaluation,1698,46339;24043;62764;92467;26960;5766;66098;68842;97254;34536
evaluation,1699,52066;22550;22128;10998;22872;76962;86628;35982;9730;40280
evaluation,1700,89042;420;88986;8724;34556;45004;91988;89220;9226;74608
evaluation,1701,58732;68078;70642;54788;72718;59898;74222;40280;69394;58584
evaluation,1702,14550;31216;95318;14822;28528;51394;99654;8702;93654;50868
evaluation,1703,2500;90605;496;1330;32754;10528;29956;22568;4088;18868
evaluation,1704,16044;92286;66052;81948;89834;10600;6910;259;22403;16902
evaluation,1705,46604;10180;9512;49326;41422;14274;44260;48942;17046;4300
evaluation,1706,71866;74396;12992;70131;79646;14072;35032;79952;15334;99020
evaluation,1707,55450;51564;97920;81268;66098;56112;56161;62162;50031;50812
evaluation,1708,10116;49614;9108;41472;78702;31132;50439;51862;39578;52452
evaluation,1709,19132;5628;39008;19254;22144;19576;18602;92670;17508;74328
evaluation,1710,81382;13076;12715;6152;28032;94146;1756;5828;6244;3136
evaluation,1711,754;48242;512;24652;45460;6767;55916;34706;17562;62738
evaluation,1712,89808;19828;92826;7724;93094;26810;49848;50008;88944;968
evaluation,1713,98492;6324;14062;91580;30904;32750;70214;56930;50218;78532
evaluation,1714,82216;87388;57468;32734;36094;33736;11996;23744;29970;98730
evaluation,1715,63434;17502;8990;17770;10872;19034;11166;9826;6542;6614
evaluation,1716,47302;4062;29747;9826;55268;99806;2344;84276;14068;16612
evaluation,1717,23870;472;64552;84901;8333;14038;19208;49413;63910;20427
evaluation,1718,17458;28188;97259;31318;90119;25354;14726;63290;28970;59274
evaluation,1719,724;49174;15480;90605;1268;6662;2500;36917;95268;7138
evaluation,1720,93798;86180;90350;6536;8550;3264;59096;69263;83820;33328
evaluation,1721,68178;16948;8786;15368;27694;4688;2982;15967;24812;48420
evaluation,1722,89808;19828;7724;92826;93094;26810;49848;50008;88944;7930
evaluation,1723,41060;7370;10316;1200;24114;14902;8760;3979;15884;9530
evaluation,1724,33016;33522;22009;22844;87520;49252;59410;87120;57089;6134
evaluation,1725,43768;42836;21420;85218;83966;3742;4728;3608;80664;5487
evaluation,1726,23214;74808;42736;17458;12632;97259;97806;28754;28691;13892
evaluation,1727,3104;19714;81688;115;29788;56168;38090;51576;2080;39006
evaluation,1728,55930;63910;79516;69356;6136;32646;56786;98312;50900;56358
evaluation,1729,32750;6324;39286;70288;61266;3886;56930;28972;91580;37636
evaluation,1730,15716;158;31042;51647;1162;5676;48454;43226;1843;622
evaluation,1731,52700;86781;44055;5656;11288;67262;92856;8008;30864;90028
evaluation,1732,87336;30244;79485;98946;99234;79807;32958;3346;88788;86956
evaluation,1733,2068;25392;74995;76354;89042;99008;57182;33540;71788;56155
evaluation,1734,96150;10887;6406;53292;74800;4946;41287;11528;56588;55362
evaluation,1735,17502;63434;6614;40054;69758;10872;97294;25354;41536;8990
evaluation,1736,29747;34536;78846;724;20424;66098;32918;48184;33556;5072
evaluation,1737,91580;22282;50070;99564;28148;66098;48264;99020;39286;50218
evaluation,1738,1202;77445;41472;99780;8231;65444;468;27338;15282;3450
evaluation,1739,51802;1695;55450;97920;39117;5714;38112;39401;50812;18018
evaluation,1740,66098;97920;55450;38112;56161;51564;51174;56112;50812;1695
evaluation,1741,89944;98492;5766;31736;51802;28393;75452;9168;97920;92467
evaluation,1742,90350;6536;98636;90614;86180;8550;76628;93798;59096;98731
evaluation,1743,78392;24683;30942;2212;78214;77496;2195;13976;5450;6866
evaluation,1744,83598;83556;62944;2500;90605;69238;89916;71694;15716;18868
evaluation,1745,724;69818;49174;1268;90146;22568;69662;15480;23790;19576
evaluation,1746,80668;6006;5895;27818;2706;35958;51572;26738;10528;92321
evaluation,1747,21712;32510;45526;1998;49056;3596;28948;82944;5450;20446
evaluation,1748,2047;77960;88296;77368;97120;84162;16044;46412;7048;522
evaluation,1749,87898;4934;38333;21652;26878;38178;26416;82776;99570;14112
evaluation,1750,95318;31216;1034;946;86574;29186;26878;8702;51394;28528
evaluation,1751,88748;58618;62110;4708;32016;63862;48050;24504;69878;23484
evaluation,1752,51174;55450;81268;50812;63733;50031;62162;9952;97254;97920
evaluation,1753,19767;81428;19967;40286;6894;6994;33332;98166;47092;40802
evaluation,1754,5766;89944;89480;92467;10116;61238;3886;8134;52452;46339
evaluation,1755,46112;29028;12;27150;22599;49080;8158;69238;42661;11258
evaluation,1756,94322;6868;94146;6420;6824;6851;14150;3306;8879;29232
evaluation,1757,92856;86597;61945;5656;95621;8008;81496;19578;6931;44055
evaluation,1758,97636;98262;48610;2654;18775;56414;7048;90605;6851;39846
evaluation,1759,28376;41092;37654;37220;53056;90614;684;37554;57514;97124
evaluation,1760,55940;57410;20427;56882;39102;23484;76268;24616;31152;57546
evaluation,1761,94954;54010;97389;38334;36600;85998;56160;25047;99564;37514
evaluation,1762,84340;85667;79576;23770;32160;69562;84776;49396;72000;37476
evaluation,1763,28759;91582;71832;43512;73778;39854;78652;61266;49838;92650
evaluation,1764,16493;18948;15876;18532;17864;15053;71644;3307;45698;15390
evaluation,1765,97577;78846;13064;89480;5766;24063;98194;23870;13368;26550
evaluation,1766,40802;3832;56936;18880;3307;1476;1322;22718;32026;96146
evaluation,1767,724;1268;49174;87516;24682;21788;6824;17956;83088;69662
evaluation,1768,50218;6324;32750;70288;39286;28148;64552;91580;14062;70214
evaluation,1769,13302;80784;36348;9378;51684;6180;19128;90046;6726;13718
evaluation,1770,5259;24850;36900;90;43760;7298;51104;73044;76962;36348
evaluation,1771,71690;5380;53428;19380;52054;91992;6495;85110;85308;39406
evaluation,1772,58212;76286;47642;16448;13534;25354;27996;53796;37794;61190
evaluation,1773,754;512;48242;24652;6767;45460;34706;46863;62994;17562
evaluation,1774,13534;58212;24486;25722;96238;96056;18726;4154;27886;7795
evaluation,1775,90350;98636;90614;98731;93798;86180;98700;3264;69263;70682
evaluation,1776,94304;39220;65998;74382;43012;92286;61020;258;96238;20318
evaluation,1777,32750;50218;6324;70288;39286;91580;70498;70214;56930;28148
evaluation,1778,89944;13304;87297;7762;5040;77109;1695;7536;47720;56162
evaluation,1779,54052;30642;32160;82350;27694;34504;32270;32120;8786;82920
evaluation,1780,65974;47926;95268;43625;63336;22567;81328;68114;18240;21446
evaluation,1781,47754;91026;522;15464;97124;53056;13712;41092;78130;574
evaluation,1782,19768;39509;34496;32754;21515;496;24208;29956;4819;5946
evaluation,1783,18206;30232;13534;36545;5510;26528;26858;79792;21712;46302
evaluation,1784,13534;58212;39831;64510;25722;8136;54541;54764;14152;25462
evaluation,1785,4934;40440;30376;14550;52504;95318;41516;38928;51342;20264
evaluation,1786,93120;36387;72579;45470;69536;19542;39486;26470;2144;38964
evaluation,1787,45068;28900;91580;75118;3886;9932;26550;99020;35032;14062
evaluation,1788,91580;74396;28972;7226;10062;9928;71866;61266;50070;99020
evaluation,1789,37356;89352;62213;47302;62312;32554;48728;9826;7560;82060
evaluation,1790,83702;14150;53536;3110;24652;13212;35884;88561;19468;5946
evaluation,1791,6931;15970;9064;2078;1756;9254;2836;16114;95621;35402
evaluation,1792,99538;7536;50208;69878;62246;68332;83398;22494;17368;39576
evaluation,1793,42076;28684;84162;3307;30758;55686;40494;96146;98402;90013
evaluation,1794,34536;62764;83264;24490;88014;31850;85706;16710;24043;66098
evaluation,1795,66098;51564;95865;97920;81268;56112;56161;4492;55450;62162
evaluation,1796,93120;36387;72579;45470;69536;2144;19542;39486;26470;38964
evaluation,1797,97294;80810;28900;37228;39220;4416;32750;44194;8514;6252
evaluation,1798,28900;97294;80810;44194;32750;85328;70214;70288;37228;55590
evaluation,1799,32016;47950;22494;69878;39419;48106;56258;89001;89232;55576
evaluation,1800,98853;1342;85552;15419;17632;56460;6134;1258;19794;20384
evaluation,1801,98376;90119;89932;93591;80408;89917;75354;632;75176;86754
evaluation,1802,38751;39168;91902;48576;45004;49070;46252;47934;76996;43550
evaluation,1803,82216;87388;86723;36094;9592;4118;406;32734;11996;28854
evaluation,1804,96857;21964;38750;35522;8604;63404;18948;2380;78392;57048
evaluation,1805,55450;89944;97920;1695;5766;97577;38112;24043;18018;51802
evaluation,1806,21911;6224;2407;22262;7064;7138;32264;7276;90119;59636
evaluation,1807,99796;392;65981;49848;50008;8044;67048;73493;3110;99994
evaluation,1808,8402;87698;8888;36412;48416;31175;72940;5259;22840;12
evaluation,1809,76764;39419;83398;88748;31510;99538;68332;69878;78164;22494
evaluation,1810,99952;97806;97259;42736;38345;39403;1148;20662;27850;81145
evaluation,1811,41472;22893;13182;65444;26052;64492;23344;28122;83412;15282
evaluation,1812,14402;73882;46496;1366;31627;24758;5572;29710;31302;86686
evaluation,1813,1118;69432;9100;5238;71106;26412;77702;13368;13000;20574
evaluation,1814,17368;36918;50208;60282;46006;43206;81270;34393;39172;62112
evaluation,1815,97294;80810;32750;55590;44194;880;75794;27266;28900;7226
evaluation,1816,65444;79516;5490;83412;5464;65562;33820;71418;71043;69246
evaluation,1817,62466;77109;40276;81085;87297;47720;87648;80810;55930;56162
evaluation,1818,1118;8796;2570;13000;13630;2290;13368;11108;13986;6648
evaluation,1819,99538;68332;62246;24686;68296;7536;39576;50208;83398;69878
evaluation,1820,78402;32160;34504;72000;31392;32120;82920;50491;53154;32270
evaluation,1821,41092;28376;37220;37654;15528;32704;69818;37554;684;75858
evaluation,1822,25622;16166;30640;16176;24650;14440;62994;90256;39819;4088
evaluation,1823,96804;33030;11808;2796;52656;20424;43308;18726;30194;25462
evaluation,1824,87516;724;49174;15480;7138;1268;2026;17508;69818;27004
evaluation,1825,65974;81328;47926;83820;22567;63336;43625;68114;6008;93798
evaluation,1826,62112;68332;55930;6136;17368;69356;63910;68296;55576;32016
evaluation,1827,93772;97662;56258;68332;88748;32476;47896;39576;48050;68296
evaluation,1828,77445;41472;99780;1202;10540;65444;8231;77464;23344;65562
evaluation,1829,6800;22184;8108;62246;69878;22494;62110;56258;32016;17368
evaluation,1830,5487;83966;80664;6930;25578;85218;42836;40858;7191;7316
evaluation,1831,40184;66022;33608;65426;73112;39488;29068;98962;97268;22403
evaluation,1832,541;24850;24806;52650;51950;5428;5112;1444;53030;26556
evaluation,1833,56930;37636;87297;85998;97389;40276;45688;48154;44194;67992
evaluation,1834,6648;8796;8190;6554;10872;2570;7002;15836;9464;6542
evaluation,1835,29596;27386;3646;94304;1268;29858;78154;94092;23030;85962
evaluation,1836,77960;77368;2047;97120;522;16044;59667;84162;39509;7048
evaluation,1837,69246;4372;4536;20014;61266;31412;73525;18581;28534;27228
evaluation,1838,32750;21694;10062;9928;71866;28972;91580;7226;74396;70131
evaluation,1839,56930;37636;87297;97389;48154;44194;47720;77109;45688;85998
evaluation,1840,32016;47950;48106;99538;68332;22494;39419;55576;69878;89001
evaluation,1841,15205;33560;10392;1094;46837;96822;41902;1526;46928;14716
evaluation,1842,2047;97120;3307;29674;39509;16044;24581;88296;18330;80794
evaluation,1843,88748;83398;39419;11702;76764;63862;31510;78164;4708;90635
evaluation,1844,32016;22494;47950;69878;39419;48106;89232;56786;99538;56258
evaluation,1845,62110;24686;58618;63862;32016;62246;88748;68332;69878;55576
evaluation,1846,1268;724;49174;81382;87516;1240;3678;24682;27004;6824
evaluation,1847,42076;32026;40494;90013;28684;3307;98166;13766;18426;40286
evaluation,1848,24043;62764;94954;31790;48140;39382;19961;50812;35246;18018
evaluation,1849,19034;15268;63434;8796;13368;23594;25354;48504;77624;13986
evaluation,1850,32016;47950;56258;22494;39419;68332;99538;69878;39576;89001
evaluation,1851,68332;68296;76764;39419;83398;88748;62246;51546;24906;62110
evaluation,1852,22512;80264;54890;34154;61524;48080;6542;79390;11530;25168
evaluation,1853,43512;27251;52054;1148;25514;64312;21526;90602;49838;7696
evaluation,1854,33030;52656;47619;13714;1360;56028;94092;29126;20424;39831
evaluation,1855,7019;654;300;10316;24690;94616;32716;4030;1486;15884
evaluation,1856,22494;62112;68332;88748;32016;4708;83094;97530;93772;90635
evaluation,1857,15356;16438;86078;85162;16558;368;54720;75844;24424;9148
evaluation,1858,6648;26798;6542;14447;15836;47308;79076;24476;30654;69758
evaluation,1859,69758;92198;92192;66602;9270;90694;18728;16208;17798;17723
evaluation,1860,37636;56930;87297;32554;45688;73722;85998;77109;97389;31946
evaluation,1861,99538;69878;17102;62246;32016;2314;62110;68332;22494;89001
evaluation,1862,97294;70214;32750;28900;70498;70288;37636;34972;91580;50218
evaluation,1863,68332;68296;17368;39419;62246;24906;62112;55930;6136;56258
evaluation,1864,30536;82350;65370;25102;89894;85884;25126;32384;50491;82920
evaluation,1865,90046;89125;15612;26556;70237;52054;6511;32716;34320;72594
evaluation,1866,46804;22587;52266;65581;33416;59702;7914;42122;40608;49494
evaluation,1867,4934;21652;18590;5112;26556;85308;26090;11082;22587;86620
evaluation,1868,73366;2;39072;15512;7198;37328;75582;72828;8158;4832
evaluation,1869,34320;34628;73112;97111;73044;27370;612;78232;86870;20350
evaluation,1870,99796;65981;73493;19828;93312;50008;62364;49848;58471;392
evaluation,1871,3730;27370;44130;14828;1060;16452;76816;80716;98962;1410
evaluation,1872,86510;61020;5086;47748;13018;29880;41450;54118;30255;51882
evaluation,1873,57514;88676;11374;37220;52656;43010;46150;20424;36900;43308
evaluation,1874,3792;99678;92656;354;67552;20302;43054;15942;48752;86026
evaluation,1875,496;1330;2500;13514;90605;32754;15480;10528;69238;2994
evaluation,1876,26592;11958;5375;19040;874;19524;1836;22100;10125;41604
evaluation,1877,6536;93798;90350;86180;3264;69263;59096;33328;8550;98731
evaluation,1878,19852;16080;72458;18792;19576;18726;31550;20936;78760;94354
evaluation,1879,19336;19468;1247;21098;34794;11684;19280;21280;39624;22356
evaluation,1880,21788;89798;18364;13016;90013;37602;35124;4688;26862;7795
evaluation,1881,62246;97662;93772;68332;6228;88748;68296;22494;50208;7536
evaluation,1882,45102;53198;46160;59130;60650;50290;71882;73908;89506;69794
evaluation,1883,26960;62764;81268;80509;44586;29021;66098;51174;97254;28456
evaluation,1884,55450;1695;39117;51802;38112;18018;97920;39401;50812;5714
evaluation,1885,68332;62112;24906;48050;68296;6136;62246;17368;47950;32016
evaluation,1886,84520;69488;45450;48952;26136;28510;68698;45228;74222;1787
evaluation,1887,11974;8016;30070;59986;2062;9398;10392;74006;11304;57536
evaluation,1888,90150;41422;72686;97284;73493;9726;39730;99796;8044;33782
evaluation,1889,49324;61528;7391;4020;35836;3662;7980;1366;72686;11916
evaluation,1890,99538;76764;39576;46748;41068;17368;69878;32294;97662;32646
evaluation,1891,91580;6324;50218;32750;71866;14062;74396;39286;70288;87297
evaluation,1892,99538;76764;39576;97662;32294;93772;46748;94214;16406;24874
evaluation,1893,97294;32750;56930;44194;80810;28900;64232;34972;50208;73722
evaluation,1894,97662;56258;68332;93772;68296;88748;62112;39576;48050;32476
evaluation,1895,788;6210;8712;49396;14171;37476;53136;78928;58212;87516
evaluation,1896,89808;19828;7724;93094;49848;16420;16952;26994;4524;26943
evaluation,1897,8814;75920;71710;75128;102;49339;71492;46000;36814;51290
evaluation,1898,19034;5238;67449;1118;48392;13368;69432;4416;13000;27886
evaluation,1899,74836;684;28376;37220;75858;37554;69818;2474;540;1476
evaluation,1900,97124;33556;53056;28376;41092;13958;70642;59898;80434;80504
evaluation,1901,62044;75464;17458;6598;18320;31318;26104;5946;98262;14262
evaluation,1902,83094;47902;62112;47896;30563;90635;17368;82716;68332;4708
evaluation,1903,46784;46752;3020;3668;13892;96308;47908;1205;23214;47857
evaluation,1904,93591;90119;89932;87370;98376;2652;98210;80408;17819;16940
evaluation,1905,1088;60282;13696;89001;71043;68296;11702;90635;88748;62112
evaluation,1906,83598;2500;83556;89852;63864;19768;92354;85983;4658;80728
evaluation,1907,89932;98376;93591;90119;89917;75354;80408;86754;98210;632
evaluation,1908,38964;45470;93120;26470;38008;72579;24498;36387;23214;27138
evaluation,1909,24906;16406;61188;23484;24686;23870;88748;18748;21526;58618
evaluation,1910,63434;17502;19034;11166;8990;97294;17770;4416;19119;10872
evaluation,1911,51802;97920;1695;55450;5714;38112;18018;39117;7426;39382
evaluation,1912,1118;19034;14592;6648;13986;27886;13368;2570;8796;13000
evaluation,1913,28376;41092;37220;37654;37554;53056;69818;83956;90350;684
evaluation,1914,55576;78164;17368;97662;99538;39576;90476;88748;76764;39419
evaluation,1915,496;2500;90605;1330;18868;15480;23030;39878;10528;29956
evaluation,1916,11808;56674;3702;13726;92854;4628;68798;36888;69263;62392
evaluation,1917,46748;76764;99538;41068;47950;32646;32294;94214;472;89232
evaluation,1918,58894;10052;6635;46878;6366;24683;86752;10380;21642;64745
evaluation,1919,33270;64940;33747;17976;9324;25398;77445;41943;2446;40772
evaluation,1920,59130;53198;45102;60650;46160;50290;89506;62322;18872;73908
evaluation,1921,17502;63434;10872;5862;41536;6614;6542;69758;40054;8990
evaluation,1922,76764;55930;63910;65444;472;23870;24686;64552;16406;90500
evaluation,1923,89536;24652;45460;78936;3646;96238;6767;754;48242;20828
evaluation,1924,55930;50900;98194;63910;33270;64940;69550;57920;69356;66560
evaluation,1925,23702;90119;2652;22666;98072;62428;39296;93591;32828;4099
evaluation,1926,552;30508;17778;65554;91864;99302;19518;76816;5696;1276
evaluation,1927,94304;90786;68060;96238;5192;43012;22902;39220;51786;24486
evaluation,1928,51802;52452;71876;22090;57078;97920;31790;94954;46339;58108
evaluation,1929,97124;33556;574;36900;32871;15464;17816;26240;57514;26414
evaluation,1930,93772;68332;68296;24906;88748;56258;60282;99538;62112;84834
evaluation,1931,82350;65370;30536;30642;25126;54052;25102;27694;32160;50491
evaluation,1932,94877;81840;90550;19828;89808;21528;3812;26810;88944;39730
evaluation,1933,49252;2955;5172;5228;5130;74424;76492;762;9712;42248
evaluation,1934,58898;45072;60188;20424;14206;62764;58172;81840;48140;80264
evaluation,1935,55576;18706;78164;83094;90476;17368;32016;22494;90500;8333
evaluation,1936,53284;35155;43054;32734;61746;12856;75834;97284;9994;390
evaluation,1937,27664;98264;25578;25976;85218;83966;83088;4538;6930;4728
evaluation,1938,46928;2092;51792;41902;16448;34794;5259;5630;11070;15205
evaluation,1939,89917;75354;89932;86754;94748;94434;94570;84240;80408;75176
evaluation,1940,28188;57876;8032;65698;99780;28970;29590;42736;23632;93120
evaluation,1941,32016;5536;47950;62246;69878;17368;62112;94748;22184;22494
evaluation,1942,37654;41092;28376;53056;57514;97124;37220;55462;33556;14152
evaluation,1943,69662;18792;19852;58990;18775;49302;68262;724;33366;48764
evaluation,1944,73908;89506;41233;11960;148;69794;88358;71882;1854;21046
evaluation,1945,49202;90532;90550;49848;86950;91970;26810;2035;8772;20350
evaluation,1946,91970;82592;67048;99796;65981;25424;5212;56171;81840;8044
evaluation,1947,28816;3174;65646;11666;85667;68492;9606;84340;54282;11070
evaluation,1948,18190;39318;1160;15102;60048;258;90786;70139;20120;51290
evaluation,1949,45102;46160;53198;60650;59130;50290;71882;99374;73908;89506
evaluation,1950,2660;48690;92854;28032;18814;5946;16644;81382;92358;84162
evaluation,1951,35544;35742;40608;9254;44930;15970;9750;10422;41492;87800
evaluation,1952,2660;48690;92854;28032;18814;81382;5946;13766;16644;27230
evaluation,1953,17819;85110;57338;9108;85388;75354;28694;2190;41472;30174
evaluation,1954,24486;59164;35124;41768;22902;910;61562;17382;66022;96238
evaluation,1955,54010;6767;28064;29514;30172;6219;19270;54764;8096;94954
evaluation,1956,69878;99284;32646;89252;32016;51294;2280;76764;24988;68296
evaluation,1957,89917;89932;94570;86754;75354;80638;94434;75208;3503;80408
evaluation,1958,41010;43625;19274;47926;68114;32452;24782;42148;22567;71348
evaluation,1959,4688;90013;89798;98702;98166;98476;40494;13766;24581;47212
evaluation,1960,754;512;48242;6767;24652;17562;45460;96238;83638;51276
evaluation,1961,37654;41092;28376;53056;57514;97124;33556;55462;37220;54788
evaluation,1962,96146;72456;88296;1442;1424;74836;40286;1322;7114;46412
evaluation,1963,41450;41018;41287;41792;41565;41378;41660;36094;43938;82770
evaluation,1964,89917;89932;86754;90148;75354;80408;94748;75176;84240;94570
evaluation,1965,89917;89932;86754;90148;75354;80408;75176;94748;94570;84240
evaluation,1966,39820;13084;1094;48690;76874;980;3174;3062;24610;47618
evaluation,1967,93610;75208;27910;12840;25168;75176;6450;94748;26664;30328
evaluation,1968,44490;7290;1460;62580;23118;62182;74382;392;99994;12108
evaluation,1969,50290;59130;45102;53198;60650;46160;89506;13703;3110;71882
evaluation,1970,46784;46752;34916;1758;3020;1788;50746;58050;36558;95680
evaluation,1971,12632;17819;89917;13892;4099;94570;1758;11628;3020;89932
evaluation,1972,63500;19576;36172;53766;47302;93310;22144;656;3404;2130
evaluation,1973,69626;164;76886;30232;20424;87554;35462;9762;9628;39760
evaluation,1974,62764;34536;24043;85706;24490;83264;88014;35968;19584;39382
evaluation,1975,2774;94560;57048;96056;74260;4628;34454;46516;96854;26514
evaluation,1976,15709;84858;16116;22262;71330;82952;72527;87576;5086;30536
evaluation,1977,3032;7452;10933;20386;96822;17876;61065;66120;11930;96464
evaluation,1978,17368;62246;32016;82716;48050;68332;56424;62112;89232;93772
evaluation,1979,86224;4708;83398;64986;39576;78164;97530;39105;39419;31510
evaluation,1980,98072;98376;98210;90148;86754;32750;84240;7426;632;94434
evaluation,1981,76536;94002;15354;95414;31368;13504;10223;33738;22500;45478
evaluation,1982,90148;98072;13252;89917;5920;84240;75176;98376;94748;75354
evaluation,1983,10116;55450;92467;5080;8518;81268;50031;66098;24043;50439
evaluation,1984,76738;34576;30166;2526;57182;98946;71788;57164;88986;9940
evaluation,1985,214;26077;81688;52030;552;51743;40128;86011;2080;41642
evaluation,1986,53284;35155;61746;34814;7618;75834;9373;97284;89024;32734
evaluation,1987,18640;18352;87388;36532;34716;33882;3828;24220;1011;56588
evaluation,1988,47754;91026;13712;53056;46516;76628;93744;65568;74024;574
evaluation,1989,25144;35830;2608;24806;52444;56613;13198;22403;46494;40184
evaluation,1990,9310;78652;43512;8982;25398;90602;12738;84901;1148;64320
evaluation,1991,32476;32294;35884;39576;97662;56258;24686;62246;77804;84834
evaluation,1992,59130;53198;45102;60650;46160;50290;46696;84324;35476;60282
evaluation,1993,97577;85107;16710;22282;19961;6202;24043;2652;81268;29021
evaluation,1994,9310;8982;12738;25398;78652;64320;84901;14200;31152;19208
evaluation,1995,67104;39314;68590;96394;69606;69636;8524;47200;21189;26412
evaluation,1996,2734;17368;21096;16086;13182;5490;76460;8982;98282;14920
evaluation,1997,49396;8828;53136;79576;37476;69562;38972;38338;25840;92572
evaluation,1998,28816;980;1094;9606;37832;83702;49302;2648;19676;54282
evaluation,1999,95769;99472;81768;55658;81338;21526;78164;20662;55576;23484
evaluation,2000,68332;47950;30563;32476;56258;55930;62246;68296;62110;48106
evaluation,2001,71043;62110;63862;74511;88748;23484;39843;17102;11702;32016
evaluation,2002,93120;38964;77464;45470;36387;93310;23214;10540;50190;72579
evaluation,2003,97838;99224;99123;53428;35592;20098;11712;81338;70784;33416
evaluation,2004,71671;62182;94877;62580;21528;8772;44490;9486;89808;88944
evaluation,2005,39006;532;19714;3104;3234;39657;588;19772;19562;19018
evaluation,2006,90635;62112;24906;13696;39576;78164;55658;23484;86224;49838
evaluation,2007,88748;76764;83398;39419;78164;4708;39576;68332;99538;39843
evaluation,2008,89917;89932;75354;86754;94748;84240;90148;75208;94570;98376
evaluation,2009,9310;8982;12738;78652;64320;25398;84901;31152;14200;43512
evaluation,2010,57920;5490;66560;22893;13182;41472;15282;64492;39618;44828
evaluation,2011,7019;4699;32716;37373;300;11212;13574;86628;306;590
evaluation,2012,68916;48216;47618;26364;19336;19468;5354;85460;21098;76664
evaluation,2013,36030;62213;19922;48420;22902;71406;10052;68945;59164;17382
evaluation,2014,77034;1276;68562;4255;39196;81038;26309;12558;17778;74944
evaluation,2015,98312;71043;55658;56728;24686;86224;78164;64986;62112;39105
evaluation,2016,84576;64552;97530;61238;41943;90602;40772;56882;71200;43512
evaluation,2017,64986;11702;62112;97530;88748;39936;13696;39105;62222;51546
evaluation,2018,9940;30508;10156;57164;4952;19510;37922;24758;71788;89024
evaluation,2019,89232;17368;51546;62112;4619;55576;24874;32476;39419;60282
evaluation,2020,754;512;48242;24652;17562;6767;46863;45460;55916;83638
evaluation,2021,97124;33556;47754;13958;522;17816;15464;78130;90;26941
evaluation,2022,83702;14150;84164;88561;3110;48216;24652;19767;9438;5450
evaluation,2023,75128;74010;75920;5684;71492;2639;71710;56168;8814;74116
evaluation,2024,17368;4619;51546;60282;39418;83094;78652;56312;69878;62112
evaluation,2025,724;87516;90605;49174;90146;24682;1268;66120;36172;36594
evaluation,2026,42076;32026;18814;84162;18426;40494;90013;13766;3307;96146
evaluation,2027,90635;71043;78164;88748;83094;23484;62110;11702;22494;63862
evaluation,2028,80638;94570;90119;94434;98210;1758;5920;12632;98376;43206
evaluation,2029,97294;28900;44194;80810;85328;70214;32750;37228;70288;91580
evaluation,2030,89808;19828;93094;7724;50008;26994;20652;3812;4524;26810
evaluation,2031,4934;21652;38333;87898;36862;22078;89125;85308;26878;41564
evaluation,2032,6794;2536;5876;4952;6616;10610;887;24259;410;5428
evaluation,2033,75354;90148;17819;90500;86754;94748;94570;75176;62912;56786
evaluation,2034,55450;51174;66098;50812;97920;51564;62162;20424;81268;56674
evaluation,2035,91026;47754;15464;33556;97124;32562;58584;574;13712;17816
evaluation,2036,37356;89352;41536;1240;47084;6496;9826;47302;8540;62213
evaluation,2037,69164;35155;75668;53284;87688;22546;77080;81074;72686;4020
evaluation,2038,6536;3264;90350;93798;69263;86180;19128;33328;17636;90614
evaluation,2039,97662;24874;17368;89232;39576;32294;26628;99538;41068;69878
evaluation,2040,3110;13190;32936;18320;33206;49848;25424;78380;37146;82592
evaluation,2041,2652;97806;42736;80658;1422;97259;8451;39296;12904;64986
evaluation,2042,86378;17999;13886;26412;1118;74960;74978;18642;38112;14012
evaluation,2043,90635;11702;62222;83094;49838;88748;42988;83552;39843;84576
evaluation,2044,89352;47084;9826;48504;656;880;41536;37356;40614;13722
evaluation,2045,72579;45470;50190;10540;77464;36387;93120;99714;52251;69156
evaluation,2046,14608;51882;5024;30288;95318;21652;10150;7338;29594;87898
evaluation,2047,82350;65370;82920;25126;25102;22148;30536;32160;89894;72000
evaluation,2048,68916;47618;78380;48216;5354;85460;88561;48180;13084;45670
evaluation,2049,19852;18792;9443;16080;33492;68262;49302;47940;26478;24966
evaluation,2050,38928;31950;8550;97254;64510;86180;74328;22144;52656;64060
evaluation,2051,2;5598;14764;42248;90522;5130;14828;5344;37427;76664
evaluation,2052,97102;51154;29722;97268;58172;57254;14847;55338;39488;86396
evaluation,2053,20424;3702;622;65568;47754;37282;53056;56044;76628;74136
evaluation,2054,98264;25578;27664;25976;85218;21420;17102;83966;20774;48350
evaluation,2055,34454;53190;59807;96944;53398;11712;46804;49452;1248;53208
evaluation,2056,86378;17999;13886;79076;38112;26412;14012;48392;22499;94501
evaluation,2057,16420;16952;87028;39192;18700;64090;58310;4772;61967;10150
evaluation,2058,17368;60282;55576;94748;83094;69878;78164;62112;51546;5536
evaluation,2059,89808;19828;93094;92826;7724;26810;968;50008;1332;7930
evaluation,2060,87516;66120;37282;6536;64658;39386;9952;25518;54086;6210
evaluation,2061,36438;9828;66606;78994;94393;64060;37554;59164;33243;37534
evaluation,2062,71934;3040;98731;93798;59096;48400;47994;39846;19310;89151
evaluation,2063,62110;88748;62246;71043;63862;32016;58618;24686;68332;99538
evaluation,2064,6326;40014;85012;35572;93546;35728;18426;33206;19767;32020
evaluation,2065,83914;41528;64736;31175;8016;11974;2062;1402;14434;1396
evaluation,2066,1215;11252;94616;2989;15884;53136;37080;74213;93969;31868
evaluation,2067,90534;35155;5424;69164;74256;98102;16330;12856;31302;76453
evaluation,2068,88844;22718;74836;71644;88772;28154;21090;80794;1083;88296
evaluation,2069,754;512;6767;48242;96238;24652;78936;15282;64320;62654
evaluation,2070,56044;91026;97124;47754;5956;15464;53056;574;25296;70192
evaluation,2071,66330;23894;120;98080;92410;71710;13598;88240;92402;92670
evaluation,2072,90534;35155;5424;98102;74256;16330;69164;12856;29978;76453
evaluation,2073,19342;75404;91460;91942;26136;90550;18805;62182;89590;81840
evaluation,2074,94146;2630;8879;6824;26528;580;6440;21712;6362;93860
evaluation,2075,99796;73493;93312;8044;65981;3110;82592;32936;49848;13190
evaluation,2076,30870;28691;43360;28920;28970;27996;292;8532;25354;27290
evaluation,2077,62184;97292;97604;11320;84650;21528;90550;93312;4494;18786
evaluation,2078,59807;60112;34320;7760;612;39488;33416;97111;13466;54544
evaluation,2079,47098;41018;47012;28281;14060;89125;58484;97284;54890;63714
evaluation,2080,50072;87597;99570;89896;24850;27555;95281;4864;13283;8500
evaluation,2081,87540;31158;65148;39232;85334;89125;7840;38902;18803;39488
evaluation,2082,3444;59579;99702;25069;29634;77036;20830;39642;59702;27672
evaluation,2083,4838;33492;48832;75986;12262;11970;23338;39488;11910;2
evaluation,2084,90534;12856;38016;38086;34814;69164;35010;65227;77080;4767
evaluation,2085,10979;41902;96822;1155;51792;7760;16448;1094;2536;15205
evaluation,2086,41564;8735;98439;5298;40338;4192;15048;72193;68932;80264
evaluation,2087,89808;94877;19828;26810;7472;21528;26994;88944;90550;3812
evaluation,2088,31850;31950;7795;37602;54538;30376;69264;36172;25026;74328
evaluation,2089,5766;97920;38112;55450;89944;1695;18018;39401;4416;39117
evaluation,2090,98702;4688;89798;90013;98166;13766;47212;13016;98476;26862
evaluation,2091,11133;9526;28930;58894;34856;67530;55334;15392;6366;75336
evaluation,2092,754;512;48242;6767;24652;62738;17562;33560;45460;46863
evaluation,2093,71644;45596;21516;62994;8943;78994;12079;24650;39084;6396
evaluation,2094,41564;26478;40338;5298;14171;80264;11716;41382;2868;16080
evaluation,2095,6006;27818;5895;80668;51572;26738;92321;35958;26574;18868
evaluation,2096,2068;98102;91243;25600;69164;99476;76453;97959;81074;99516
evaluation,2097,27842;27371;91460;59542;84520;48952;10556;35830;22360;18805
evaluation,2098,80942;18646;74050;18803;38482;66908;31120;15464;76816;39488
evaluation,2099,17368;55576;60282;83094;78164;47950;82716;94748;39419;21636
evaluation,2100,71108;4904;29122;52946;12738;56882;61238;39172;56786;49838
evaluation,2101,68916;48216;47618;5354;85460;26364;13084;78380;19336;13670
evaluation,2102,75986;26478;77756;27370;19798;33522;75114;68262;1684;74194
evaluation,2103,31412;2190;50484;26052;58574;55930;61266;33838;9356;26780
evaluation,2104,68020;22458;99498;15966;86891;97790;45102;1854;27434;15363
evaluation,2105,96238;94304;90550;90786;56558;81840;46516;6552;20774;32660
evaluation,2106,86378;17999;26412;13886;79076;48392;8108;13250;94501;14012
evaluation,2107,89352;37356;9826;48504;41536;32554;880;656;47084;62312
evaluation,2108,68332;62112;48050;68296;39419;32016;88748;55930;13696;99538
evaluation,2109,8532;8870;11108;13630;26412;1434;2290;8796;77426;14592
evaluation,2110,19767;40286;19967;87902;6994;33332;21162;21278;3746;22718
evaluation,2111,68916;48216;5354;85460;47618;76664;78380;19336;45670;19468
evaluation,2112,68020;15363;99498;15966;1854;22458;97790;27434;45102;148
evaluation,2113,97820;13574;55830;52271;5816;8311;98588;53328;38184;8839
evaluation,2114,89352;9826;37356;41536;8540;14068;47084;10872;32554;23702
evaluation,2115,8320;8480;51792;15205;2092;41902;16650;63472;10855;4642
evaluation,2116,16940;7284;75208;31584;59964;98072;86754;90119;87370;99952
evaluation,2117,99538;88748;50208;9648;7536;24686;22494;89001;83398;56258
evaluation,2118,68916;19336;55641;55310;21098;19468;48216;13084;78214;25580
evaluation,2119,58240;30640;25026;3292;78994;80744;27108;48400;66606;74836
evaluation,2120,32112;80744;780;80858;3292;88844;98702;78994;30640;58240
evaluation,2121,97820;55830;13574;52271;5816;8311;7170;6554;33782;2446
evaluation,2122,96822;7760;15205;8158;2;7198;61476;41902;14604;2168
evaluation,2123,76764;88748;83398;39419;31510;99538;93772;68296;68332;69878
evaluation,2124,11702;88748;22494;32016;62222;39936;90635;62112;93772;62110
evaluation,2125,5920;12632;98210;17819;632;90148;5862;90500;75354;1758
evaluation,2126,98950;99570;24806;69012;88603;57705;10014;47012;82716;41604
evaluation,2127,73722;39419;96473;88170;94434;31946;23380;60282;6324;94570
evaluation,2128,62112;63910;55930;6136;68332;68296;56786;90500;55576;24988
evaluation,2129,89932;89917;93591;94434;46814;87370;98072;86754;84240;31584
evaluation,2130,47618;19468;78380;13084;68916;19336;48216;69794;55641;5354
evaluation,2131,33030;24712;29858;48140;98690;54541;90146;33556;3646;85328
evaluation,2132,66330;23894;98080;75920;74010;120;92410;1574;46532;75128
evaluation,2133,29402;18642;86378;6886;880;9738;6930;6150;27076;22499
evaluation,2134,62182;44490;49848;74256;81840;34814;88660;94877;29716;15122
evaluation,2135,89352;37356;9826;32554;48504;41536;880;62312;656;65393
evaluation,2136,60282;18388;51546;36472;82044;13892;39418;13252;24906;62112
evaluation,2137,89917;80408;89932;3994;17819;6228;16940;80638;49986;34916
evaluation,2138,13084;59164;59260;1094;76874;19336;58506;26077;47264;19468
evaluation,2139,6362;6420;25580;6824;6868;62392;39509;5828;27230;5946
evaluation,2140,97124;20376;25296;33556;5828;1386;56044;47754;6824;6244
evaluation,2141,18640;66622;64852;51894;2592;99678;2318;20302;63653;71142
evaluation,2142,48576;4908;47934;5620;6150;3351;51290;5104;44008;49070
evaluation,2143,18726;31850;18602;65581;4169;1248;97786;7795;29126;81522
evaluation,2144,89917;89932;80408;94748;75354;84240;90148;86754;17819;94434
evaluation,2145,63282;63343;94954;25047;49120;28536;37636;37228;44194;39286
evaluation,2146,15464;97124;47754;91026;76628;85983;33328;65568;522;32562
evaluation,2147,36344;35836;73826;72686;38092;11092;24250;48752;80708;18238
evaluation,2148,86754;13044;50746;94434;12632;83088;2652;98210;98960;59274
evaluation,2149,63434;19034;17770;12694;11166;21636;15268;8990;2050;13986
evaluation,2150,29402;18642;6886;27076;40338;48392;77702;9738;22499;6930
evaluation,2151,60282;55576;83094;2734;20360;78164;90476;89001;17368;69878
evaluation,2152,80408;90119;75176;75354;89917;98376;89932;84240;86754;632
evaluation,2153,78994;87714;74836;82700;69818;42716;21162;86082;83456;88296
evaluation,2154,47618;19468;19336;13084;68916;55641;78380;48216;69794;26528
evaluation,2155,66330;47707;92670;80509;12968;86011;4358;23894;5258;20406
evaluation,2156,78819;5946;19767;48690;40802;28032;2660;18814;55686;13766
evaluation,2157,3518;19990;96944;16226;16952;702;60;27626;5002;16420
evaluation,2158,44490;62182;62580;1098;17902;90150;74256;66172;96238;81840
evaluation,2159,3518;16952;96944;19990;702;27626;16420;14550;16226;60
evaluation,2160,1968;54466;97516;96404;23100;8706;17626;27462;86016;4116
evaluation,2161,56728;41943;88660;56882;49838;58108;48360;26919;84418;39418
evaluation,2162,6886;48392;18642;29402;584;86378;880;27076;69432;8108
evaluation,2163,4781;31412;26919;78164;28970;15464;56728;81768;7696;22282
evaluation,2164,97259;97806;90119;16940;41472;12632;99952;17819;2652;20662
evaluation,2165,28376;41092;75858;37220;37654;684;3378;15528;32562;48420
evaluation,2166,68916;47618;48216;13084;19336;19468;85460;5354;26364;78380
evaluation,2167,19852;53628;82952;9443;164;28676;49302;15709;55549;4080
evaluation,2168,83598;83556;2500;62944;82944;84812;89916;90605;7150;13848
evaluation,2169,94877;62182;62580;9104;44490;3812;8772;96169;26943;71671
evaluation,2170,32016;22494;97662;69878;39419;89232;68332;68296;93772;48106
evaluation,2171,6554;24476;6450;7170;1434;1392;11108;582;1118;8532
evaluation,2172,28376;41092;37654;37220;55462;37554;90614;15872;53056;69818
evaluation,2173,69394;97124;6066;47754;15464;70192;522;3378;91026;41092
evaluation,2174,45174;29186;82398;65584;44732;27124;28528;33638;85584;1904
evaluation,2175,4776;79266;38532;17287;84520;10056;45875;72932;97071;14314
evaluation,2176,2660;28032;48690;98702;13766;92854;98166;90013;33332;32754
evaluation,2177,88670;88561;84164;6362;91960;6420;47618;13976;6851;18804
evaluation,2178,39192;26356;61020;86312;47748;10150;47278;5086;86510;64752
evaluation,2179,79764;46797;54640;62528;54670;47312;59882;12314;97962;12426
evaluation,2180,52224;80572;22020;9398;90028;96344;7802;85698;20814;23408
evaluation,2181,63434;17502;17770;15268;26514;19034;8990;4416;11166;13484
evaluation,2182,170;75292;91254;17474;94272;68006;91242;17376;66622;44544
evaluation,2183,88670;84164;88561;83702;6420;6362;91960;47618;48690;29276
evaluation,2184,44130;1060;3730;16452;5272;70630;98962;8938;23674;7524
evaluation,2185,93922;16674;59807;34320;16590;60112;86870;34454;7760;24806
evaluation,2186,71462;17778;15768;70932;20744;2816;25974;16590;5280;77034
evaluation,2187,11702;88748;13696;63862;90635;62222;62112;86224;84576;4127
evaluation,2188,81268;50031;51174;55450;51564;97920;62162;9952;56161;50812
evaluation,2189,55549;39760;83992;39831;56106;53628;11808;13494;83840;14114
evaluation,2190,11702;88748;86224;62112;97530;4708;90635;13696;39843;62222
evaluation,2191,64986;56728;8812;97530;52946;66866;2652;8870;29934;4864
evaluation,2192,93393;81145;74006;60858;49986;83412;99952;87370;17102;62912
evaluation,2193,31594;26438;59046;32129;13386;11696;18278;31778;87894;2144
evaluation,2194,93372;27810;76460;2175;13182;8982;99780;16406;5490;65444
evaluation,2195,1205;3020;4904;57705;49413;23890;78846;39296;23214;2996
evaluation,2196,75208;86754;94748;75354;89917;89932;90148;98376;98072;4099
evaluation,2197,47950;83140;68332;48106;93772;39843;16990;69356;68296;63910
evaluation,2198,68332;56424;62246;82716;68296;88748;32016;39419;17368;62112
evaluation,2199,55576;69878;24874;78164;97662;90476;83094;93772;17368;49297
evaluation,2200,47950;5536;9332;3262;13500;2398;13252;5862;17770;30870
evaluation,2201,62112;39105;24906;52946;60282;51546;13696;23484;5836;44410
evaluation,2202,97662;64940;93772;40614;68332;83140;68296;32476;25398;9784
evaluation,2203,39936;99538;32294;50208;39576;76764;51546;7536;4099;30563
evaluation,2204,62112;24906;39105;11702;4904;62104;44410;97530;45856;32814
evaluation,2205,13696;83904;68332;56258;60282;62112;39105;36918;68296;44410
evaluation,2206,62112;51546;39105;24686;23484;93591;88748;71043;90635;78164
evaluation,2207,32814;19831;76618;4904;66866;62112;23382;18302;47430;81270
evaluation,2208,90306;90635;23380;94434;29410;62738;71200;69156;12632;86224
evaluation,2209,1310;87590;19546;37800;6886;1118;13868;22499;30563;45770
evaluation,2210,30563;55930;1088;61238;58618;5536;62112;84576;17368;56786
evaluation,2211,51564;50031;9952;81268;56161;97920;55450;62162;51174;24043
evaluation,2212,15709;22262;16116;71330;84858;87576;45875;72527;68178;78760
evaluation,2213,77034;25974;12544;71462;5375;17778;77480;20744;85512;12336
evaluation,2214,99796;8044;93312;73493;3110;65981;82592;32936;49848;32660
evaluation,2215,15768;25974;52750;77034;5280;4250;1236;26616;95274;91864
evaluation,2216,76453;69164;67560;81074;2068;98102;91243;90534;5424;2967
evaluation,2217,80509;50812;51174;483;97920;52452;63733;6346;30822;90410
evaluation,2218,24874;71043;24988;55576;61238;90500;472;64552;56424;17976
evaluation,2219,90119;11780;80408;75176;93591;89932;28694;10720;2652;5862
evaluation,2220,1758;12632;3020;46784;58050;11628;50746;59982;34916;46752
evaluation,2221,724;1268;87516;49174;90605;18775;35124;56414;83088;2026
evaluation,2222,19852;4762;18792;9443;36438;20936;18364;53628;36574;3859
evaluation,2223,83702;14150;13212;3110;5946;6868;43625;9438;7048;48216
evaluation,2224,27842;15224;87127;90550;12242;18805;27371;8484;82214;84520
evaluation,2225,6538;49452;66080;22587;87540;89125;53672;23570;64882;85308
evaluation,2226,27456;25126;32160;27694;53154;34504;8786;31392;82920;50491
evaluation,2227,17502;63434;17770;26514;13484;1205;26538;8990;26240;18610
evaluation,2228,37636;56930;49120;94954;63343;63282;37228;25047;39286;26198
evaluation,2229,11366;11106;13190;45542;54086;12834;41770;11828;97120;12614
evaluation,2230,57048;2774;96056;94560;46516;54258;95586;78130;56370;3702
evaluation,2231,44490;45460;5626;22500;94877;74256;62182;62580;21528;81840
evaluation,2232,21024;21436;26820;21490;22960;3154;1046;4264;6372;16850
evaluation,2233,76962;80942;17382;28034;910;73112;19514;77170;74050;31456
evaluation,2234,702;16952;3518;19990;16226;5002;16420;7914;60;66080
evaluation,2235,45102;53198;59130;46160;50290;60650;73908;89506;69794;71882
evaluation,2236,10979;1146;5174;9606;81948;91243;11070;68492;86628;92286
evaluation,2237,81085;62466;77109;40276;87297;47720;80810;45688;6132;67992
evaluation,2238,62110;71043;32016;20427;62246;17102;24686;24988;16406;68332
evaluation,2239,24043;51802;31790;18018;3068;5714;39401;55450;39382;1695
evaluation,2240,99952;97259;97806;16940;12632;49986;17819;20662;58294;13892
evaluation,2241,11780;10720;47950;1148;11194;50171;80638;90712;23214;93591
evaluation,2242,88748;83398;76764;39419;31510;4708;99538;97662;24504;22494
evaluation,2243,41092;69818;37220;28376;37654;33556;684;37554;83956;15528
evaluation,2244,23790;19254;39008;22144;19576;19132;92410;18602;92670;74328
evaluation,2245,57048;2774;96056;46516;94560;54258;78130;95586;74260;3702
evaluation,2246,10988;92286;9616;8360;654;43600;71614;25144;19260;99838
evaluation,2247,71934;3264;3040;47994;48400;81328;65974;98731;70682;93798
evaluation,2248,2047;77368;77960;88296;84162;16044;97120;46412;59667;39509
evaluation,2249,33522;77756;75986;48832;68262;33016;26478;87520;36098;93114
evaluation,2250,86378;13886;25578;18642;26412;6150;80664;43768;25782;22499
evaluation,2251,51564;55450;50812;51174;50031;24043;56161;9952;10116;66098
evaluation,2252,46964;15200;9074;23338;9388;19107;15452;15224;14952;59579
evaluation,2253,68916;48216;19336;47618;13084;19468;85460;21098;26364;78380
evaluation,2254,88296;46412;8648;84162;22718;88772;7048;17468;6064;7804
evaluation,2255,37422;42864;10426;89042;48026;24162;76644;76672;10156;12558
evaluation,2256,97920;56161;56112;66098;31790;80509;51564;55450;81268;83194
evaluation,2257,62466;77109;81085;40276;87297;67992;45688;80810;6132;37636
evaluation,2258,46928;41902;96822;7760;2092;29266;10979;11070;8158;15205
evaluation,2259,45102;53198;59130;46160;60650;50290;71882;73908;99374;89506
evaluation,2260,754;45460;4175;13848;94304;43012;7798;48242;512;20208
evaluation,2261,72940;67510;29888;11974;84776;8480;10154;34504;12;9948
evaluation,2262,8320;15205;14716;41902;2092;20974;51792;8480;15819;655
evaluation,2263,81840;90550;94877;26810;21528;96238;89808;19828;7276;66554
evaluation,2264,3668;32340;19607;89352;47801;12248;47857;1080;14068;72276
evaluation,2265,86378;13886;26412;9738;17723;17798;25578;38112;80664;17999
evaluation,2266,83094;47896;62112;84324;36472;97662;88748;11702;97530;60282
evaluation,2267,47754;91026;70192;97124;58584;574;66467;76628;32562;53056
evaluation,2268,54211;21712;62944;18868;71694;22160;44046;24208;51572;26738
evaluation,2269,46476;50512;85138;69394;89536;11782;4528;46022;20828;4111
evaluation,2270,45102;53198;59130;46160;60650;50290;71882;73908;89506;99374
evaluation,2271,64852;3792;67552;398;85584;42554;68562;18640;68166;410
evaluation,2272,77109;62466;40276;81085;87297;47720;87648;80810;55930;44194
evaluation,2273,31379;33463;44446;398;16114;26350;77496;9254;18344;82216
evaluation,2274,60282;13252;17368;12694;55576;17770;83094;13986;78164;5536
evaluation,2275,72000;65370;32160;34504;13154;32120;78402;82350;31392;89894
evaluation,2276,68916;48216;47618;5354;19336;85460;19468;26364;13084;48180
evaluation,2277,37282;18726;83840;26032;4762;4169;14992;65160;64354;83992
evaluation,2278,90532;34628;42248;49202;20350;29716;2814;57378;45548;541
evaluation,2279,63949;64484;97962;92644;72594;15590;84457;24728;35462;3394
evaluation,2280,45102;53198;46160;59130;60650;50290;73908;89506;71882;69794
evaluation,2281,4960;5570;4946;45206;96150;58602;53912;53592;53292;13234
evaluation,2282,17287;79266;45875;4776;10056;4255;38532;72932;42864;23124
evaluation,2283,8870;34340;43360;6893;80470;6886;13084;4864;43814;61190
evaluation,2284,68916;55310;55641;19336;13084;59280;76664;19468;47618;25580
evaluation,2285,76886;76874;13212;9762;47424;92358;5946;34536;26104;5895
evaluation,2286,13670;26364;11828;5618;5828;5676;6788;85460;6224;33206
evaluation,2287,55310;55641;68916;59280;9948;136;76664;13084;11716;19336
evaluation,2288,16622;30629;1366;35836;16128;16914;29710;1098;73882;30760
evaluation,2289,18532;17864;16493;15053;15876;18948;15390;63404;33243;26516
evaluation,2290,93798;90350;33328;6536;3264;37596;80434;80504;86180;90614
evaluation,2291,17864;15053;33824;14024;17858;71644;15876;16493;18039;15390
evaluation,2292,59096;98731;93798;71934;3040;19310;3264;98700;98636;89151
evaluation,2293,41660;45206;62696;22360;11528;442;74800;46058;4276;41378
evaluation,2294,77326;63652;10682;11891;87388;36094;98730;11288;36592;32734
evaluation,2295,24043;39382;5714;39401;66098;18018;62764;28456;56161;26960
evaluation,2296,72686;35836;61528;1366;24250;12290;11916;42563;7391;73826
evaluation,2297,89917;89932;80408;94748;75176;75354;17819;90148;34916;75208
evaluation,2298,61190;79576;54282;53198;23576;49102;84340;65646;15099;42495
evaluation,2299,89917;89932;94570;90148;94434;98376;75354;94748;84240;86754
evaluation,2300,12864;59166;57596;58776;63242;12197;12254;41422;87388;97284
evaluation,2301,55450;50812;97920;72526;38112;1695;81268;7426;51564;66098
evaluation,2302,63434;19034;11166;77624;19119;27886;15268;17770;25354;87648
evaluation,2303,26810;88944;19828;5912;26994;89808;94877;26943;8772;90550
evaluation,2304,86574;702;73849;3518;16420;60;74004;80952;76816;16952
evaluation,2305,45102;59130;53198;46160;60650;50290;148;89506;69794;71882
evaluation,2306,41660;45206;4276;22360;74800;46058;11528;96150;41287;62696
evaluation,2307,44954;45026;29186;38532;12558;30359;46022;95606;26292;85676
evaluation,2308,89506;81382;40286;6851;9762;56766;75858;21516;76874;34794
evaluation,2309,17770;41536;56162;5862;19119;63434;97294;17502;40054;58294
evaluation,2310,97920;66098;56161;81268;51174;55450;51564;56112;83194;50812
evaluation,2311,76268;6136;4750;83904;44410;56882;40772;41068;66560;18581
evaluation,2312,21694;9928;63343;10062;71866;6324;32750;7226;37228;50218
evaluation,2313,24652;43012;13944;45460;3558;512;754;48242;13848;12964
evaluation,2314,10998;93744;90;4699;58584;13614;15464;2080;65568;24690
evaluation,2315,2047;97120;13958;77368;14770;39509;77960;29674;45542;7048
evaluation,2316,28376;41092;75858;37654;37220;32704;15528;90614;684;37554
evaluation,2317,2026;48184;5956;54924;42495;54802;54211;4169;7150;54908
evaluation,2318,86180;77520;6536;90350;88460;83820;94034;77579;93800;91637
evaluation,2319,27448;429;12854;75844;11684;53476;9398;56588;98636;14580
evaluation,2320,63434;17502;10872;19034;69758;1962;13500;17770;11166;9826
evaluation,2321,91580;74396;85328;32750;14072;63343;22282;81268;37228;62434
evaluation,2322,68916;47618;48216;19336;21098;19468;85460;48180;26364;5354
evaluation,2323,14062;71866;85328;21694;63343;50218;10062;91580;37228;6324
evaluation,2324,29874;22499;25578;8556;25076;584;27664;18642;6150;94678
evaluation,2325,78532;61982;62428;75452;8134;9468;75118;57564;9168;68852
evaluation,2326,90550;20350;21528;14828;17630;61784;26810;90532;42248;26994
evaluation,2327,612;24568;13038;21470;34320;97111;59807;97838;27370;22587
evaluation,2328,62110;71043;32016;24686;56258;63862;62246;88748;48050;69878
evaluation,2329,424;47971;63598;2054;29250;14550;3518;21652;29490;77100
evaluation,2330,32750;10062;21694;14062;9928;79646;85328;7226;37228;63343
evaluation,2331,45342;21515;8896;39509;45498;51572;29956;42510;20951;14339
evaluation,2332,49297;40406;85998;58056;36600;5040;44574;3351;97389;5020
evaluation,2333,46476;71690;27108;39386;216;34916;53676;18803;24160;40614
evaluation,2334,12910;15528;85390;98700;36390;1698;96584;36662;1260;16714
evaluation,2335,84164;88561;88670;91960;6420;47618;6362;6851;83702;29276
evaluation,2336,9578;35592;10056;65717;1071;14612;30316;10387;43687;12228
evaluation,2337,3690;20550;41660;66622;442;26810;75670;7648;91118;4594
evaluation,2338,68916;48216;47618;5354;26364;85460;30650;5618;11828;21098
evaluation,2339,96422;19967;79044;18814;51448;32026;18426;36480;13766;79666
evaluation,2340,63434;19034;17770;34972;17502;4416;11166;13500;27886;15268
evaluation,2341,13000;2570;8796;9464;8190;25354;13896;13368;6554;6614
evaluation,2342,65370;82350;25102;89894;30536;25126;82920;85884;50491;31392
evaluation,2343,4699;10998;86628;300;32716;14181;90;306;21484;234
evaluation,2344,88944;94877;81840;90550;26943;26994;3812;73902;73686;30070
evaluation,2345,63044;29594;79120;95318;92826;10972;3518;63598;68842;21652
evaluation,2346,14062;91580;5068;50218;74396;6324;50070;71866;57078;90410
evaluation,2347,63282;63343;49120;28536;94954;37228;25047;13944;12120;44194
evaluation,2348,9730;45178;56542;64943;73112;68078;58584;31456;19514;532
evaluation,2349,63434;19034;17502;17770;34972;13500;11166;15268;4416;10872
evaluation,2350,10062;32750;21694;14062;9928;79646;85328;7226;37228;63343
evaluation,2351,90550;45341;68060;96238;81840;94877;74256;90150;69322;94304
evaluation,2352,90550;14828;90532;20350;5598;23674;21528;76816;17630;9958
evaluation,2353,93094;89808;19828;37146;21656;50008;82592;49848;7724;92826
evaluation,2354,35462;39820;13016;78154;78590;13766;21408;24581;38928;25580
evaluation,2355,26478;75986;77756;68262;57048;16080;58990;93114;27370;5788
evaluation,2356,63652;31264;32734;7988;95621;92856;32264;5656;59502;60662
evaluation,2357,14062;32750;91580;6324;10062;50218;7226;5068;37228;9928
evaluation,2358,55450;50812;97920;51174;66098;56161;51564;63733;38112;81268
evaluation,2359,34814;90534;77080;35155;74256;72686;75668;53284;32734;1098
evaluation,2360,78819;48690;2660;92854;6994;5946;28032;8648;19767;13766
evaluation,2361,1146;81948;9606;21280;47926;11070;89506;24782;6994;22356
evaluation,2362,69562;59132;896;79576;49396;13580;84776;37476;85667;61476
evaluation,2363,49396;84776;896;69562;53136;59132;13580;79576;85667;84340
evaluation,2364,47754;97124;17816;46142;33556;37220;52764;41092;58584;37554
evaluation,2365,31392;72000;82920;50491;25126;32160;34504;89894;32270;65370
evaluation,2366,16166;25622;30640;14882;16176;92214;18262;70662;8524;3292
evaluation,2367,4699;10998;300;32716;86628;14181;21484;90;234;23414
evaluation,2368,45102;53198;59130;46160;60650;50290;73908;89506;71882;69794
evaluation,2369,69263;39314;67790;68590;45698;12484;27662;86694;81328;86752
evaluation,2370,6767;35968;74196;83638;19270;9648;74024;34011;10310;77350
evaluation,2371,2315;77445;70131;26550;9034;51546;26682;75452;53766;54190
evaluation,2372,6136;56882;66560;76268;7126;90498;18581;4750;3670;69356
evaluation,2373,16622;1366;16128;30629;16914;15924;1098;35836;15942;73882
evaluation,2374,17287;79266;45875;10056;4776;4255;42864;23124;97071;72932
evaluation,2375,93798;86180;83820;98636;89151;98700;90350;27662;71934;15480
evaluation,2376,39509;81382;75858;48690;68916;16026;6851;47618;48216;42495
evaluation,2377,15709;16116;84858;22262;71330;72527;28190;87576;78760;68178
evaluation,2378,44490;62182;87036;51576;8772;40635;68492;94877;65998;62580
evaluation,2379,1360;51872;86396;15354;63044;10290;51596;26570;22262;412
evaluation,2380,98282;5498;36918;13182;21870;62112;29152;56336;34393;45090
evaluation,2381,84340;85667;79576;84776;21046;59132;13580;23770;896;1268
evaluation,2382,68020;98584;47934;49339;77730;94065;22996;77252;38751;21260
evaluation,2383,3662;72686;4020;35836;42563;49324;61528;95582;38092;1366
evaluation,2384,38248;12254;45225;12197;36210;12211;85574;9890;42790;45174
evaluation,2385,2290;1736;8796;1118;8540;1434;13000;2570;582;1392
evaluation,2386,10062;7226;9928;71866;85328;90410;79646;21694;74396;37228
evaluation,2387,21870;21886;13182;40772;83904;26468;29152;98282;44410;76268
evaluation,2388,78532;61982;62428;8134;9932;75452;32750;9468;45688;75118
evaluation,2389,70514;91582;39578;64940;31132;26052;33747;13182;36258;21468
evaluation,2390,87297;77109;44194;62466;56162;40276;80810;67992;81085;47720
evaluation,2391,63910;41068;58108;32646;46748;22494;90498;73722;48360;4750
evaluation,2392,90500;79516;8333;84576;45856;71108;13182;90498;99284;61238
evaluation,2393,68916;48216;5354;85460;47618;26364;19336;19468;13084;21098
evaluation,2394,59096;98731;93798;3040;71934;98636;89151;48400;47994;90614
evaluation,2395,6994;19767;19967;47092;33332;21162;21516;21278;40286;60220
evaluation,2396,5946;78819;7048;8648;39509;27230;24826;13766;89896;6362
evaluation,2397,95268;90013;2654;89798;13016;3039;5628;13766;28032;39846
evaluation,2398,32750;6324;50218;28972;98492;70288;74396;39286;56930;71866
evaluation,2399,72000;32160;25126;32120;32270;50491;34504;89894;31392;65370
evaluation,2400,77326;63652;10682;11891;9212;87388;98730;36094;11288;36592
evaluation,2401,77100;29250;29490;3518;424;63598;23752;14550;21652;9488
evaluation,2402,33463;31379;16114;9254;44446;26350;77496;398;82216;12134
evaluation,2403,67996;68136;4408;74424;26164;24728;5748;3640;87336;25860
evaluation,2404,50218;32750;6324;70288;39286;70214;70498;91580;3068;28148
evaluation,2405,38706;96246;69801;97810;25442;15709;97724;78760;22262;73730
evaluation,2406,48782;77100;9488;23752;42618;29250;43938;21652;424;76944
evaluation,2407,68020;15363;99498;15966;22458;97790;75920;148;15360;27434
evaluation,2408,8333;45856;84576;71108;90500;1088;64552;50900;35001;12756
evaluation,2409,95865;66098;25002;66106;88614;19961;584;18018;83264;97254
evaluation,2410,87297;44194;77109;62466;56930;80810;31946;28972;40276;67992
evaluation,2411,19794;56460;87520;61784;17632;74555;15419;22844;44702;42248
evaluation,2412,28376;41092;90350;37220;37554;53056;90614;97124;76628;15528
evaluation,2413,65974;23092;81328;73026;14760;11198;66680;22567;70682;60388
evaluation,2414,73908;71882;69794;88358;11960;14132;64345;89506;22356;21280
evaluation,2415,56424;61238;89232;90500;84576;32759;24988;98194;64552;24874
evaluation,2416,63862;84834;62110;11702;71043;90476;79894;88748;69878;8276
evaluation,2417,94242;94092;27386;29858;88676;33030;34011;3646;56490;31456
evaluation,2418,11308;67668;64745;42780;33782;4318;34393;15612;298;52638
evaluation,2419,73908;71882;14132;88358;69794;64345;11960;21280;22356;89506
evaluation,2420,24874;90498;64552;24988;5498;55576;24616;41068;32646;84324
evaluation,2421,56882;3670;33222;66560;69356;6136;56786;90498;56728;63910
evaluation,2422,31850;67790;37282;7795;36390;26032;15480;59096;62944;4169
evaluation,2423,36094;84704;26328;80112;6204;7988;81893;9212;90028;48782
evaluation,2424,31850;37602;7795;31950;54538;30376;69264;30596;35968;25026
evaluation,2425,97662;99538;17368;22494;32294;32476;88748;69878;56258;93772
evaluation,2426,5498;98282;13182;62112;75354;4708;32646;71108;32476;78164
evaluation,2427,37554;28376;41092;37654;6662;27780;74050;684;37220;55462
evaluation,2428,89658;86082;88846;87902;42716;8042;22718;87714;83456;2316
evaluation,2429,55916;20828;65974;33030;18726;14160;19128;43308;96804;88676
evaluation,2430,3378;76962;16987;48420;28034;64522;47758;17382;24581;14770
evaluation,2431,87297;77109;44194;80810;67992;62466;48154;56162;47720;81085
evaluation,2432,56930;37636;45688;44194;32750;87297;73722;28972;6324;97389
evaluation,2433,19852;58990;16080;5788;72458;68262;31550;49302;18792;23527
evaluation,2434,10998;4699;14181;300;32716;23414;86628;21484;24690;234
evaluation,2435,73908;71882;69794;14132;64345;88358;11960;89506;21280;22356
evaluation,2436,48360;73722;32646;41068;56786;32016;63910;89232;6136;90498
evaluation,2437,19852;16080;12854;31550;18792;9443;68262;49302;83840;57048
evaluation,2438,68590;55806;20248;39314;62912;14882;26182;8524;69263;38887
evaluation,2439,62112;90635;68332;48050;20470;83094;32476;39105;68296;51546
evaluation,2440,97662;32294;22494;39576;83094;88748;39419;56258;76764;32016
evaluation,2441,72210;71370;70838;40444;26182;41302;24652;22704;23671;23754
evaluation,2442,8208;8358;77480;22546;53651;87688;4767;13598;68074;38086
evaluation,2443,13986;1118;9100;1434;49297;12694;19114;14592;1882;13368
evaluation,2444,36918;98282;6136;56336;13182;5498;40772;83904;90498;21870
evaluation,2445,4699;300;10998;14181;234;86628;21484;32716;23414;306
evaluation,2446,57048;2774;7952;95586;34454;96056;4628;61524;94560;28178
evaluation,2447,29250;9488;29490;424;50186;21652;2054;7004;3518;23752
evaluation,2448,93488;10646;90148;94748;89917;98376;84240;75208;75354;23216
evaluation,2449,32160;72000;25126;34504;32120;65370;78402;32270;31392;32384
evaluation,2450,24874;99538;93772;76764;88748;39576;78164;97662;55576;32016
evaluation,2451,31850;7795;37602;31950;30376;54538;30596;49582;37514;16792
evaluation,2452,91580;3068;14062;97577;57078;50070;74396;89480;90410;3886
evaluation,2453,87297;70214;77109;56930;37636;48154;70498;62466;28972;47720
evaluation,2454,62110;88748;48050;24906;63862;56258;32016;32646;71043;23484
evaluation,2455,70214;37636;56930;70498;28972;37356;87297;77109;87648;63282
evaluation,2456,4699;10998;300;21484;86628;14181;32716;23414;306;52066
evaluation,2457,73908;71882;69794;88358;14132;64345;11960;89506;22356;21280
evaluation,2458,67262;4960;5570;20814;90028;10556;8660;6931;96948;52700
evaluation,2459,83904;56424;96473;22502;31412;56358;33838;25514;50484;17102
evaluation,2460,86621;24712;48140;77615;25462;43010;23338;3970;38090;24592
evaluation,2461,91580;39286;86654;14062;57078;5068;35000;99089;74396;92918
evaluation,2462,74396;30194;39286;30904;91580;99020;12992;99564;52452;15334
evaluation,2463,70214;70498;56930;37636;28972;63282;32598;97389;48154;37356
evaluation,2464,10646;93488;23216;93591;89917;84240;98376;90148;98210;89932
evaluation,2465,98210;98960;98376;86754;93591;94570;89932;87370;31584;94434
evaluation,2466,5498;40772;13182;98282;21870;43570;21886;90602;64940;62112
evaluation,2467,6767;29514;54010;19270;78936;6219;28064;16280;62434;89536
evaluation,2468,21870;13182;40772;21886;5498;98282;44410;36918;83904;76268
evaluation,2469,41092;28376;37654;37220;27780;37554;69818;90614;57514;56155
evaluation,2470,70838;71370;72210;24652;11308;22704;9438;71823;18786;4100
evaluation,2471,67200;68470;81696;94218;70506;33416;85308;26090;52542;61967
evaluation,2472,1118;13368;9100;8796;8540;13986;2570;19034;10872;5238
evaluation,2473,89917;89932;80408;94748;75176;34916;3994;75354;6228;17819
evaluation,2474,62466;87297;77109;56162;81085;31946;67992;40276;44194;92467
evaluation,2475,56930;70214;37636;70498;6324;48154;63282;44194;28972;45688
evaluation,2476,37636;56930;45688;87297;73722;44194;5068;70214;49120;97389
evaluation,2477,93488;10646;94434;23216;93591;98072;94748;59964;89917;90148
evaluation,2478,1030;3608;24434;8556;3352;40858;20574;80664;29874;5487
evaluation,2479,89894;30536;82350;65370;25102;50491;32160;82920;32384;32120
evaluation,2480,39936;62322;88748;51294;47950;97662;1310;62222;19546;5536
evaluation,2481,93488;10646;94748;98376;10720;32750;23216;90148;94570;94434
evaluation,2482,1342;85552;15419;56460;98853;97810;1258;17632;20384;22302
evaluation,2483,7276;3944;98272;35960;6552;35018;21911;54812;11320;29722
evaluation,2484,4838;93114;68262;34791;11506;33792;75986;60468;58958;3140
evaluation,2485,91500;59636;35960;7276;6828;7064;54812;32584;5072;94877
evaluation,2486,47748;54118;5086;61020;86510;13018;30255;9916;29880;4080
evaluation,2487,88748;16406;39843;48050;24686;62110;62246;23484;32016;58618
evaluation,2488,79516;84576;71108;90500;64552;90498;8333;32646;43570;61238
evaluation,2489,49838;48360;41943;43512;78652;13182;25514;98194;12756;96473
evaluation,2490,84576;32759;64552;61238;25514;56358;56424;89232;98194;97530
evaluation,2491,63910;55930;56786;98312;64940;6198;90712;56336;33222;6136
evaluation,2492,47754;78130;32871;65568;15464;36900;65160;32562;48610;33556
evaluation,2493,69263;19138;86180;86694;6536;20248;8198;14992;14882;86752
evaluation,2494,57884;1424;2772;47092;1442;1476;12754;40014;19138;78994
evaluation,2495,90498;6136;57868;56882;32646;56786;56424;79516;76268;44410
evaluation,2496,47748;5086;53958;9916;64752;11304;10004;4664;54118;5635
evaluation,2497,1348;7472;29186;2868;3438;27124;14147;7988;52420;26478
evaluation,2498,46784;46752;3668;1788;23214;96308;3020;32598;95769;39296
evaluation,2499,4960;45206;4276;85138;4946;5570;96150;13234;58602;53912
evaluation,2500,86891;120;98080;9274;102;50290;88240;74010;1155;99498
evaluation,2501,56930;37636;70214;48154;45688;28972;6324;87297;78702;70498
evaluation,2502,91580;35246;14062;92918;39286;98492;52452;28512;50218;74396
evaluation,2503,88748;58618;48050;32016;24686;39843;63862;11702;16406;78164
evaluation,2504,13182;98282;21886;5498;21870;40772;64940;62112;36918;56336
evaluation,2505,28376;41092;37654;37220;684;37554;69818;33556;57514;55462
evaluation,2506,1146;9606;81948;47926;3174;11070;13084;10979;19967;28816
evaluation,2507,76563;26528;88972;12079;16215;21090;49572;29496;39084;35494
evaluation,2508,9606;1146;81948;47926;24782;3174;89506;68114;6994;9762
evaluation,2509,71882;73908;88358;14132;69794;64345;21280;11960;22356;89506
evaluation,2510,4762;47754;33556;78130;48610;3859;5206;14780;97124;522
evaluation,2511,68590;62912;20248;14882;72334;86180;8524;39314;55806;69263
evaluation,2512,8190;39820;9116;33196;54908;14592;86891;4088;15448;57126
evaluation,2513,424;48782;76944;61608;63598;29250;3518;30028;21652;27658
evaluation,2514,51294;39936;62322;62222;1310;5536;19546;47950;4898;4539
evaluation,2515,72000;32160;32120;32270;34504;78402;25126;65370;31392;82920
evaluation,2516,90712;9310;55930;41068;63910;6136;98312;69356;5498;32646
evaluation,2517,11702;88748;62110;63862;90635;39843;83094;71043;23484;93772
evaluation,2518,3352;99780;1788;79524;93120;39180;47154;69156;77445;28076
evaluation,2519,44730;43850;55334;28930;34856;89125;18778;306;5174;29894
evaluation,2520,98282;13182;5498;21870;21886;40772;32646;33820;56336;71108
evaluation,2521,17798;2900;11166;1118;66602;69758;14447;4836;4863;82988
evaluation,2522,86378;5938;25578;880;656;77702;48350;22499;26412;17264
evaluation,2523,13182;32646;63910;6136;90498;5498;98282;55930;21870;83904
evaluation,2524,88296;40286;1322;88772;96146;43522;27572;4558;21516;72456
evaluation,2525,68590;62912;14882;8524;86180;39314;86694;38887;16940;19138
evaluation,2526,32160;72000;25126;34504;32120;65370;32270;78402;82920;82350
evaluation,2527,17368;50208;632;32016;97662;84240;86754;75354;78164;98072
evaluation,2528,88748;18748;16406;24686;23484;58618;48050;39843;63862;23870
evaluation,2529,5464;98282;71418;69246;56424;30704;24988;84576;61238;98194
evaluation,2530,71108;71418;33820;472;24988;32646;76764;5498;56424;20427
evaluation,2531,46784;46752;3668;23214;32598;96308;1788;3020;95769;72276
evaluation,2532,91580;71866;39286;9468;85328;14062;50218;9928;7226;63343
evaluation,2533,98282;5498;13182;21870;21886;56336;36918;40772;32646;41068
evaluation,2534,56424;90498;56786;79516;63910;61238;84576;90500;6136;32016
evaluation,2535,93798;3040;47926;90350;98731;95268;21052;89151;68482;86180
evaluation,2536,88676;94242;31456;27386;2994;34011;94092;97724;17382;910
evaluation,2537,9606;81948;49102;3174;1146;22356;80286;47926;24616;57756
evaluation,2538,12406;10052;12350;71495;59266;36888;12248;9526;29956;14152
evaluation,2539,71882;73908;88358;69794;14132;21280;22356;11960;64345;89506
evaluation,2540,21526;43512;20014;95769;18124;99472;81768;47430;24906;13306
evaluation,2541,11780;12632;99952;8032;39296;1422;62912;17048;90119;93591
evaluation,2542,23100;19834;46392;4080;79120;75844;5098;6410;7410;5086
evaluation,2543,612;21470;13038;22587;59807;24568;97838;97111;60112;46804
evaluation,2544,25514;56882;56728;96473;46104;14200;63910;5490;17102;79516
evaluation,2545,81270;75522;67287;68110;18302;76618;73226;23382;31864;19831
evaluation,2546,35968;6767;74196;88014;17508;10310;19270;74024;83638;9648
evaluation,2547,73908;71882;89506;88358;69794;11960;22356;21280;13084;64345
evaluation,2548,62246;76764;17368;90148;55576;93772;62110;24686;97662;39576
evaluation,2549,68916;13084;59280;19336;41306;19468;85460;55641;76664;47618
evaluation,2550,19262;52656;45373;27316;8828;10610;1486;9762;25600;26644
evaluation,2551,160;57468;3346;64006;98730;46392;5280;33738;27018;2564
evaluation,2552,71644;33824;12079;90112;87201;4169;88972;79792;38778;49572
evaluation,2553,24712;78232;11974;3296;5259;1044;59986;4894;32112;64736
evaluation,2554,98730;57560;72932;51830;87728;14454;50972;5280;74646;15146
evaluation,2555,59274;49986;62912;81145;90148;94570;12632;80470;80408;83412
evaluation,2556,81270;73836;70994;67287;68110;18302;75522;19190;76618;68300
evaluation,2557,73908;71882;88358;69794;14132;11960;64345;21280;89506;22356
evaluation,2558,28376;41092;37220;37554;37654;17816;75858;90614;53056;684
evaluation,2559,83840;19852;18726;4762;96854;18792;48764;4169;16080;93860
evaluation,2560,12406;12248;39509;12350;10052;14339;9526;55412;11133;2078
evaluation,2561,88748;97662;46752;4708;31510;62322;90635;39936;39105;1170
evaluation,2562,63022;59461;43512;62222;76268;21318;97607;9373;7064;11220
evaluation,2563,68020;22458;99498;86891;97790;102;18872;21260;27434;45102
evaluation,2564,34814;90534;35155;74256;53284;62182;77080;94877;16330;69164
evaluation,2565,25168;27664;51662;69582;99702;93610;80110;2160;7316;7191
evaluation,2566,63343;7226;71866;70131;10062;9928;85328;21694;37228;51842
evaluation,2567,86378;17999;26412;13886;14012;79076;74960;17723;1118;22499
evaluation,2568,45856;8333;71108;84576;90500;12756;90498;55576;63910;56786
evaluation,2569,11702;90635;39843;63862;71043;24988;78164;83094;69878;55576
evaluation,2570,59096;86180;83820;31850;93798;8550;98700;71934;19310;18726
evaluation,2571,47754;78130;32871;97124;65568;91026;33556;36900;32562;4762
evaluation,2572,4699;10998;23414;300;86628;15091;32716;14181;52066;78402
evaluation,2573,41092;28376;37220;37554;684;97124;52948;74836;17816;75858
evaluation,2574,37282;96854;64354;30242;29734;47707;92410;64510;90146;41328
evaluation,2575,75858;28376;37654;41092;37220;32704;27572;21278;21516;684
evaluation,2576,9491;1002;1328;8735;46462;67796;12879;6648;13114;42858
evaluation,2577,68020;77730;22458;15966;97790;71492;5234;98584;32660;16450
evaluation,2578,78532;61982;8134;9932;75452;75118;45688;74396;7226;57564
evaluation,2579,34504;25126;32160;32120;89894;72000;57390;78402;65370;82920
evaluation,2580,1146;9606;81948;11070;10979;3174;5174;47926;57756;49102
evaluation,2581,90550;94877;26810;3812;81840;21528;89808;19828;26994;96169
evaluation,2582,4919;95698;24690;45100;11210;10316;26124;42394;95082;4699
evaluation,2583,4960;5570;96150;67262;46058;45206;4946;11528;9696;13234
evaluation,2584,89232;39419;61238;97662;4708;88748;68332;74511;97530;84576
evaluation,2585,4960;5570;96150;4276;46058;13234;6406;58602;4946;67262
evaluation,2586,4960;5570;67262;96150;13234;6406;11528;9696;53592;46058
evaluation,2587,3378;70848;76962;7356;60140;48420;23112;10004;14152;26156
evaluation,2588,86754;75208;87370;75176;75354;90119;39296;89932;90148;31584
evaluation,2589,2092;8320;51792;15205;14434;8480;5259;4740;15819;10855
evaluation,2590,62246;17368;97662;55576;39576;76764;24874;62110;93772;78164
evaluation,2591,6767;88014;54010;28178;96394;89536;54764;27004;24208;30194
evaluation,2592,99008;57596;97284;65910;22476;56588;63242;2162;58600;89024
evaluation,2593,71934;3040;86180;8550;59096;47994;73611;3264;83820;48400
evaluation,2594,54541;3646;94092;27386;33030;27107;39831;29858;34011;47200
evaluation,2595,69263;86694;68590;39314;86752;86180;55806;62912;14882;6536
evaluation,2596,39406;10276;51862;39102;61570;6767;74196;24254;72334;21950
evaluation,2597,2660;48690;92854;28032;13766;98166;6894;90013;19967;1322
evaluation,2598,3702;6536;12148;90350;69263;3264;98731;90614;6558;56674
evaluation,2599,81948;9606;11070;1146;6994;5174;16448;76886;2536;11142
evaluation,2600,45102;53198;46160;59130;60650;71882;50290;73908;89506;148
evaluation,2601,41068;48360;12718;49838;90498;32646;26052;63910;56336;25398
evaluation,2602,62246;76764;17368;90148;24686;93772;55576;62110;39576;97662
evaluation,2603,19834;42661;79120;5178;46112;49080;32466;45682;96822;11258
evaluation,2604,71876;25047;76944;94954;28759;72190;26780;17458;28536;17842
evaluation,2605,51564;50031;56161;62162;55450;81268;51174;9952;97920;28456
evaluation,2606,68916;47618;19336;21098;78380;13084;48216;19468;85460;5354
evaluation,2607,25518;7952;56674;66120;65160;1382;3702;33328;45698;76628
evaluation,2608,88460;65974;29232;90256;93800;86180;61234;90350;5227;4982
evaluation,2609,89808;19828;7724;81840;94877;93094;50008;49848;21528;57640
evaluation,2610,44194;80810;87297;31946;77109;67992;63282;48154;56930;56160
evaluation,2611,21886;8982;21870;13182;55930;76460;65698;77445;83412;50900
evaluation,2612,8320;2092;51792;8480;15205;4740;5259;14434;75582;15819
evaluation,2613,68916;5354;48216;76664;61456;25580;19336;21098;47618;59280
evaluation,2614,19852;18792;18726;16080;10122;29126;68262;57048;49302;48782
evaluation,2615,33030;27386;29858;15480;3646;70131;27107;71694;94092;34011
evaluation,2616,83840;83992;96854;66120;48764;4762;69662;37282;64354;65160
evaluation,2617,54924;54908;54802;90605;7795;5956;2026;57126;10528;71694
evaluation,2618,68562;68166;54720;36064;88782;70210;18700;30148;85161;18310
evaluation,2619,19579;63652;61945;8006;3010;6204;23234;62228;4856;60662
evaluation,2620,97959;99516;99476;22784;2068;93036;87688;12856;65880;90534
evaluation,2621,39730;94877;81840;3010;22226;3812;84520;74256;3246;19579
evaluation,2622,7988;18055;81893;77326;26476;32734;85394;32264;20814;60662
evaluation,2623,86621;24712;25462;24568;77615;48140;15450;10784;3114;7366
evaluation,2624,27842;12242;44374;66074;82214;46837;8484;87127;52924;89220
evaluation,2625,56786;63910;98282;90602;98194;43570;90500;90498;5464;5498
evaluation,2626,81948;9606;11070;1146;5174;6994;76886;24782;2536;47926
evaluation,2627,6767;54010;54764;24208;88014;27004;30172;89536;25462;18039
evaluation,2628,63336;32452;21052;43625;22567;68114;55820;36864;41010;21446
evaluation,2629,97124;36900;33556;52948;13958;41092;26240;522;13670;29734
evaluation,2630,77960;77368;2047;6662;84162;88296;16044;22718;46412;7150
evaluation,2631,98962;36098;1410;16452;44130;5272;3730;23674;1060;8938
evaluation,2632,46928;35590;54282;10979;20974;51786;14716;96822;46112;1146
evaluation,2633,70838;71370;99060;72210;11308;22704;11106;11366;71823;12374
evaluation,2634,16100;44702;3600;72670;44378;84129;20140;44450;6899;11802
evaluation,2635,52616;59986;65786;58215;64736;49080;27042;90522;894;75582
evaluation,2636,85667;84340;79576;99678;60878;84776;17126;14060;74006;32455
evaluation,2637,8556;42836;5487;29874;80664;85218;83966;6930;40858;3608
evaluation,2638,73908;71882;69794;88358;14132;11960;64345;21280;22356;89506
evaluation,2639,97124;33556;47754;74024;70192;53056;20376;52764;736;65568
evaluation,2640,83140;86224;49838;30570;64986;13198;90635;89232;62112;11702
evaluation,2641,49056;19336;13084;19468;66052;45526;65478;2407;34794;69794
evaluation,2642,17516;46394;54650;57560;74912;1106;41301;65910;40962;72932
evaluation,2643,55450;50812;51564;66098;81268;38112;51174;62162;97920;63733
evaluation,2644,96473;76268;4536;83904;14200;56424;20427;98461;56882;13846
evaluation,2645,12;19282;88594;54977;37794;87554;3274;75086;19396;29594
evaluation,2646,52616;65786;49080;894;64736;43498;41902;98872;7116;27042
evaluation,2647,41564;68932;5002;83586;54786;40338;90056;42583;98439;80850
evaluation,2648,68916;5354;59280;25580;48216;19336;55310;13084;47618;96822
evaluation,2649,47238;40062;45572;94146;3136;62392;2500;4996;11032;47264
evaluation,2650,28376;37220;41092;37554;97124;53056;37654;684;75858;90614
evaluation,2651,88748;11702;62222;64986;90635;13696;74808;4708;97530;47896
evaluation,2652,19828;82592;89808;25424;81840;93094;49848;92826;33801;37146
evaluation,2653,44490;62580;62182;64492;2984;22252;94877;40635;41324;1098
evaluation,2654,49302;23356;1360;164;31622;46300;23928;23181;94354;16080
evaluation,2655,98210;33050;99538;37906;98194;13182;56312;26276;5498;39576
evaluation,2656,33792;48942;34104;93114;27158;77756;26970;34791;14147;26478
evaluation,2657,77100;42618;14550;424;21652;23752;50186;19662;29490;14822
evaluation,2658,52616;65786;49080;64736;894;41902;43498;58215;7116;98872
evaluation,2659,6204;10132;7988;2195;5656;38750;2212;58146;27124;58182
evaluation,2660,4960;5570;96150;13234;4276;9696;11528;4946;58602;67262
evaluation,2661,72940;17046;48942;67510;59132;96822;84776;12070;32835;13580
evaluation,2662,64852;354;3792;99678;30436;20302;18640;2592;51894;86026
evaluation,2663,91580;35246;14062;92918;39286;28512;98492;75118;74396;50218
evaluation,2664,56930;37636;45688;28972;32554;32750;85998;70214;40276;87297
evaluation,2665,83398;78164;48050;39419;32476;64552;24686;87370;75354;55576
evaluation,2666,4750;66560;3670;56728;66800;56882;69356;2373;2175;46180
evaluation,2667,81145;49986;87370;16940;80408;86754;75208;17819;55940;75354
evaluation,2668,4699;10998;300;86628;14181;32716;306;234;23414;21484
evaluation,2669,2774;57048;96056;95586;54258;46516;56370;94560;65160;78130
evaluation,2670,35218;26476;7618;10150;52650;3472;26077;27878;4014;51950
evaluation,2671,11210;42394;10966;23414;39356;86628;73044;24690;43918;13614
evaluation,2672,80942;14828;9074;13718;34628;81840;27370;20350;74050;5598
evaluation,2673,81840;43856;90550;62364;62182;19342;93312;94877;74256;96238
evaluation,2674,4186;29918;1155;96464;148;6216;86891;27434;16448;22760
evaluation,2675,81372;26136;77496;9312;76644;48026;11982;10214;71788;9254
evaluation,2676,99020;86654;57577;92918;47084;15334;3068;74396;49614;47200
evaluation,2677,41068;73722;48360;32646;90498;64940;6136;56786;71108;55930
evaluation,2678,88748;24686;48050;16406;39843;18748;58618;23484;39936;62112
evaluation,2679,68916;5354;48216;96822;26364;45670;76664;3110;21046;13084
evaluation,2680,13670;13958;13712;11828;26240;85460;7048;684;5828;97124
evaluation,2681,1094;13084;9762;88358;76874;81382;21280;3136;94146;1526
evaluation,2682,14314;90550;45373;27412;84806;27842;77306;27371;36034;33638
evaluation,2683,96473;76268;49838;83904;33838;98194;56882;45856;25612;98461
evaluation,2684,57048;96056;2774;94560;56370;54258;96854;46516;56028;33328
evaluation,2685,9578;12744;73124;15368;30316;19260;36562;95698;42434;10387
evaluation,2686,85138;69394;97440;55362;14812;46022;92374;58602;15822;44954
evaluation,2687,90500;12756;56424;2280;98461;33820;28759;5498;20427;48360
evaluation,2688,81145;87370;86754;75208;49986;80408;1422;74006;90148;16940
evaluation,2689,44490;94877;62182;21528;62580;6552;90550;93312;96169;81840
evaluation,2690,66622;50268;35836;46058;31302;13234;442;96150;62696;48752
evaluation,2691,25168;56336;51662;27664;9826;75208;39418;93610;48360;55555
evaluation,2692,1118;11108;13000;13368;8796;2570;3754;8540;9100;9826
evaluation,2693,9468;9168;45068;78532;61982;8134;47200;30194;18827;74396
evaluation,2694,63434;17770;19034;13500;4416;17502;11166;27886;15268;8990
evaluation,2695,56882;33222;3670;69356;6136;56728;66560;46180;47430;76268
evaluation,2696,71043;62110;17102;20427;16406;56258;2734;62246;68296;23870
evaluation,2697,96473;49838;33222;76268;56424;48360;40772;24798;84576;33838
evaluation,2698,68916;47618;19336;19468;21098;48180;48216;26364;13084;13976
evaluation,2699,74213;31868;81050;13016;37080;36976;89798;24812;13766;29140
evaluation,2700,98102;72686;2068;91243;73493;97284;90534;59776;16330;69164
evaluation,2701,83914;31175;41528;64736;8016;11974;1396;1402;2062;14434
evaluation,2702,6136;90498;56882;69356;76268;33222;63910;48360;32646;56786
evaluation,2703,21870;13182;40772;21886;83904;76268;36918;98282;5498;56882
evaluation,2704,74213;31868;81050;13016;37080;36976;24812;2982;35462;13766
evaluation,2705,19852;83840;4762;52750;3859;81382;18792;48764;49174;49102
evaluation,2706,42495;5956;38706;26574;34244;22252;97108;22160;54802;71694
evaluation,2707,15266;15322;34794;37379;89852;36854;65478;47264;45526;49358
evaluation,2708,46412;51448;1322;35572;31080;71646;45237;19767;40286;32020
evaluation,2709,73908;71882;14132;69794;88358;11960;64345;22356;21280;89506
evaluation,2710,4996;47238;47264;45572;11032;40984;40062;2500;3136;94146
evaluation,2711,48834;16100;87520;57089;56460;44702;2814;11802;5228;5344
evaluation,2712,472;24988;90500;56424;33820;5498;55576;12756;2280;48360
evaluation,2713,84240;90148;86754;94748;49986;80470;98376;39418;16940;75354
evaluation,2714,94748;90119;87370;31584;60282;75354;42062;94434;86754;18302
evaluation,2715,90119;87370;12904;53906;98072;11780;10646;94434;80408;39296
evaluation,2716,115;39006;19912;532;56542;19018;31242;19714;18758;19772
evaluation,2717,17287;37651;79266;14314;1648;62319;15750;5738;94002;6988
evaluation,2718,46752;51604;3668;72276;46784;78846;13346;28064;1422;13892
evaluation,2719,56424;83904;96473;472;76268;17102;58108;25514;61238;98461
evaluation,2720,98702;21788;92854;5628;2660;92410;90013;18602;48690;47212
evaluation,2721,89808;19828;93094;7724;50008;49848;92826;81840;26810;82592
evaluation,2722,57560;51830;5358;50972;87728;40962;1106;98730;65910;72932
evaluation,2723,8320;2092;51792;8480;1155;63472;15205;14434;10979;4740
evaluation,2724,11702;63862;83094;78164;88748;69878;60282;32016;62110;48048
evaluation,2725,17368;32016;97662;24874;22494;55576;32476;69878;39576;83094
evaluation,2726,94034;69416;30942;11084;10387;4786;25088;25694;19310;9082
evaluation,2727,52248;8828;27814;92374;88406;91118;10784;42583;22840;56171
evaluation,2728,62182;44490;68492;81840;62580;90550;62222;21528;94877;9590
evaluation,2729,7276;35960;83586;7064;91500;6828;54243;6552;59636;6224
evaluation,2730,612;86870;34476;21470;87120;54544;39488;11970;9714;34320
evaluation,2731,62902;12700;21420;56336;68852;40452;83966;40858;6930;69878
evaluation,2732,17368;97662;32016;24874;55576;22494;39576;6754;69878;32476
evaluation,2733,68916;48216;5354;47618;19336;19468;21098;6420;85460;26364
evaluation,2734,93798;98731;90350;90614;98636;89151;6603;59096;73611;86180
evaluation,2735,90712;9310;11476;1148;55930;50171;50900;2190;99284;5498
evaluation,2736,5498;13182;76232;5490;98282;36918;56336;40772;2280;93372
evaluation,2737,702;3518;27124;52420;60468;19990;4838;26478;19002;14112
evaluation,2738,19828;89808;26810;93094;26994;8772;49848;50008;88944;94877
evaluation,2739,60188;23338;8402;68945;69708;9074;38482;78232;57254;612
evaluation,2740,69708;80784;68945;14206;31456;73112;80942;17283;52948;5752
evaluation,2741,52030;51743;21046;84340;14451;64345;14132;36976;36574;24524
evaluation,2742,94092;3646;29858;27386;19128;94242;27107;34011;33030;58990
evaluation,2743,55450;50812;97920;38112;1695;66098;51564;80509;24043;62162
evaluation,2744,43570;71043;90602;98312;63910;33050;78164;90500;20427;79516
evaluation,2745,70498;49614;70214;1707;12056;14072;57078;47200;92650;35246
evaluation,2746,27107;29858;27386;32112;94092;63958;57514;39846;3646;66774
evaluation,2747,21356;86396;41162;62434;6767;29514;54211;1318;74196;4864
evaluation,2748,74213;31868;81050;13016;36976;37080;89798;24812;13766;24870
evaluation,2749,66106;89480;18018;81268;76134;47619;97920;50031;52656;66098
evaluation,2750,4592;51656;22;79301;12070;14952;79164;23844;28876;11910
evaluation,2751,4960;5570;96150;67262;58602;53592;4276;13234;4946;11528
evaluation,2752,41092;37220;74836;684;28376;37654;55462;37554;86180;540
evaluation,2753,83598;56370;95586;54211;38422;26738;96056;83556;82944;84812
evaluation,2754,81840;90550;39730;29888;33938;82592;91970;89808;14314;97291
evaluation,2755,10630;95318;38902;21652;2248;83160;83317;14822;31216;61420
evaluation,2756,92467;9952;55450;50812;97254;13064;81268;50031;5714;24043
evaluation,2757,90498;61238;90500;13182;64552;5498;98194;20662;56424;89232
evaluation,2758,47618;48216;68916;48180;19336;5354;78380;13976;85460;35572
evaluation,2759,85574;64902;12197;4116;19002;97516;88569;86548;46837;87540
evaluation,2760,90550;81840;62182;94877;96238;89590;14314;41079;50008;89918
evaluation,2761,8290;85574;1826;60488;8032;82592;8828;22226;81840;75848
evaluation,2762,94877;81840;90550;21528;26994;3812;26810;19828;8772;26943
evaluation,2763,14822;83160;95318;10630;21632;14608;33378;98114;38902;40971
evaluation,2764,38751;39168;45004;76996;51290;21260;49339;43550;48576;1182
evaluation,2765,54220;3548;17612;52301;53651;87800;8416;6406;63653;9472
evaluation,2766,10271;70131;12659;69801;62466;54466;9738;45470;37514;81666
evaluation,2767,81145;49986;16940;80408;59274;93393;87370;80638;83412;86754
evaluation,2768,5498;13182;56728;98282;21870;21886;40772;93678;34393;71108
evaluation,2769,84704;923;6204;90028;96948;96344;60662;23234;32264;7988
evaluation,2770,92214;39808;39873;85280;15091;10547;16176;44732;68974;5067
evaluation,2771,39356;718;85138;73044;27478;24690;6928;4919;1644;6956
evaluation,2772,3670;57410;4750;66560;69356;7126;18581;56728;98461;33222
evaluation,2773,56728;56882;76268;71126;44410;62222;42988;59461;41943;88660
evaluation,2774,47430;46180;3670;61188;4750;66560;69356;24906;14200;13846
evaluation,2775,86754;75208;75176;75354;90119;87370;18302;52670;4099;89932
evaluation,2776,8333;90500;84576;71108;45856;64552;12756;39172;35277;36918
evaluation,2777,96473;76268;33838;83904;49838;56424;98461;13696;43512;41943
evaluation,2778,13182;5498;36918;32646;21870;98282;2280;97607;90498;56336
evaluation,2779,24874;90498;41068;55576;32646;56336;24616;84324;17368;5498
evaluation,2780,20427;24616;24988;32016;90500;32646;63910;33820;39102;61238
evaluation,2781,91582;41068;69578;88170;12718;32646;24988;63910;48360;56336
evaluation,2782,56728;72622;4750;39058;26664;60858;18832;6166;45964;5938
evaluation,2783,56728;69356;3670;56882;33222;66560;472;66800;7126;20427
evaluation,2784,20014;18124;43512;97607;57410;57546;66800;63910;13846;14200
evaluation,2785,84576;48360;63910;90498;55930;56786;25398;78853;25612;5498
evaluation,2786,89932;86754;94570;31584;84240;90119;75176;75354;90148;2194
evaluation,2787,97662;32294;22494;99538;32476;88748;39576;69878;56258;39419
evaluation,2788,93772;32294;55576;62112;48050;69878;89944;94214;32646;7536
evaluation,2789,62112;11702;88748;90635;62222;13696;63862;39105;39843;76268
evaluation,2790,8350;47430;8451;25922;12698;2274;17766;8288;4494;2444
evaluation,2791,30563;68296;68332;39936;47950;24906;31510;2175;39105;16990
evaluation,2792,18827;71108;47440;39958;4904;63084;52764;62738;7575;22656
evaluation,2793,68916;48216;85460;47618;19336;19468;26364;21098;13084;13976
evaluation,2794,71934;65974;27448;73611;48400;81328;39846;14580;3040;89151
evaluation,2795,90550;81840;94877;21528;39730;73902;89808;89008;89918;15224
evaluation,2796,65981;99796;94877;93312;73493;21528;60;67048;81840;39730
evaluation,2797,2092;79658;7336;4642;15746;63472;72828;98872;92438;7970
evaluation,2798,19852;31550;9443;10122;36574;49302;26478;68262;48140;3438
evaluation,2799,99796;73493;8044;65981;67048;3154;39730;72686;34814;89808
evaluation,2800,46928;54282;35590;10979;20974;108;11070;96822;15205;15512
evaluation,2801,21420;40858;83966;42836;85218;5487;3742;6930;31275;27664
evaluation,2802,66098;51564;55450;24043;56112;38112;31790;56161;1695;50812
evaluation,2803,6496;8796;9464;6132;11476;47308;19114;23594;8540;71823
evaluation,2804,32750;14062;50218;91580;98072;6324;74396;37228;56930;7226
evaluation,2805,44828;79516;5490;32646;14200;69246;13182;90498;98282;66800
evaluation,2806,37220;41092;28376;32562;75858;37654;684;15528;37554;3378
evaluation,2807,5100;25108;22128;31042;23210;7356;376;65556;53328;90974
evaluation,2808,79266;68698;42864;74222;17287;59078;59226;84520;10056;45341
evaluation,2809,13242;11970;12262;78258;66170;11910;12122;77615;14952;70862
evaluation,2810,57372;55474;23752;32264;73307;27626;923;59296;26414;36094
evaluation,2811,55334;44730;43850;28930;89125;754;34856;75810;67530;44544
evaluation,2812,68319;4894;78232;57418;58040;19396;12224;53306;61540;22474
evaluation,2813,31216;95318;14550;15520;68433;3518;63598;50868;51394;17014
evaluation,2814,4960;5570;6406;96150;4946;13234;58602;9696;53592;11528
evaluation,2815,1160;62579;62124;20120;29270;15102;18190;282;60048;70139
evaluation,2816,54220;8416;30508;9658;87800;52301;3548;1276;2038;9472
evaluation,2817,77510;26000;82216;31264;32734;60673;59502;36094;80112;11288
evaluation,2818,98102;86192;47098;89548;45450;47012;63778;2068;61616;93036
evaluation,2819,56168;256;75920;15363;74010;15360;5684;10506;2639;17902
evaluation,2820,78154;17956;43814;10610;81840;94877;47037;21528;4494;2068
evaluation,2821,48264;56140;38920;85328;61290;13352;14918;40628;63343;61266
evaluation,2822,25047;71876;5080;94954;72190;28759;79212;76944;16612;29514
evaluation,2823,63434;17770;6614;6542;69758;11166;40054;67449;19034;8990
evaluation,2824,21870;21886;13182;40772;5498;98282;29152;44410;39105;76268
evaluation,2825,9332;62110;56258;84834;88748;99538;97662;17368;32294;39576
evaluation,2826,13868;5407;6604;13020;3918;9464;5820;11598;25168;582
evaluation,2827,59964;94434;31584;87370;94748;58334;80266;86754;58310;75208
evaluation,2828,72000;32160;89894;32120;82920;65370;34504;32270;82350;25126
evaluation,2829,43918;5024;21024;30148;54786;59770;60140;38248;9890;356
evaluation,2830,14836;14952;43894;77615;12090;42662;77036;8402;78258;93094
evaluation,2831,40971;14608;10630;95318;21652;51508;61420;38902;52744;33378
evaluation,2832,53274;3979;46205;41060;24114;46234;30288;14748;12486;45826
evaluation,2833,70498;70214;3068;63282;56140;57078;92385;48264;37636;25047
evaluation,2834,57372;73307;55474;23752;32264;81893;33736;20814;73644;17024
evaluation,2835,68319;60956;3296;31175;4894;34476;64026;78232;8888;75086
evaluation,2836,4832;732;14764;27042;36134;41498;9712;71963;5172;5344
evaluation,2837,1146;10979;9606;11070;54282;3174;81948;5174;76886;28816
evaluation,2838,6851;84162;3136;6362;6824;48690;6420;5946;27230;7048
evaluation,2839,91110;26187;76738;92758;23048;63880;37922;65556;25770;16889
evaluation,2840,63726;60496;60874;63974;21828;91988;37676;51048;52156;5212
evaluation,2841,4838;26478;68262;93114;13504;27124;33492;16080;65900;18792
evaluation,2842,21420;25578;25168;27664;31275;42836;83966;3132;6930;85218
evaluation,2843,9168;9468;62428;78532;61982;33210;45068;99020;75452;47200
evaluation,2844,21870;36918;83904;56564;76268;6136;21886;39172;29152;64940
evaluation,2845,96473;76268;56882;83904;13696;33222;33838;56424;90498;48050
evaluation,2846,98731;93798;98636;90350;89151;90614;45698;3040;86180;93800
evaluation,2847,98166;26528;98702;98476;90013;6894;21090;78154;23030;88972
evaluation,2848,68224;93086;27814;21632;30826;9530;74492;87952;67354;32508
evaluation,2849,29186;17326;45174;32719;27124;41602;54786;22546;86259;43874
evaluation,2850,8402;36574;77615;14952;26478;35378;75986;79301;33492;23844
evaluation,2851,58212;3378;36030;16987;78652;24486;47758;80942;26240;48420
evaluation,2852,71370;72210;91992;92700;23671;70838;23754;26182;41302;74250
evaluation,2853,76232;95250;5498;13182;5490;93372;55576;93678;10358;70514
evaluation,2854,66098;51564;55450;97920;56161;50812;51174;24043;81268;62162
evaluation,2855,34454;46804;59807;96944;45706;74250;53190;23754;11458;53398
evaluation,2856,89917;89932;75354;10646;93488;93591;86754;75176;94748;84240
evaluation,2857,79164;46506;79301;47282;82675;28390;30070;51656;28876;22862
evaluation,2858,34454;46804;96944;59807;74250;45706;53190;23754;23671;11458
evaluation,2859,40858;40452;21420;5487;80664;62902;83966;56336;3742;6930
evaluation,2860,51894;3828;22306;18636;2592;1462;35010;29926;34814;38248
evaluation,2861,41450;41018;30398;57905;98080;65900;98114;10630;26210;53958
evaluation,2862,4960;5570;4946;13234;11528;58602;96150;9696;53912;53592
evaluation,2863,13896;17798;11476;8540;8812;8796;6554;6080;25976;2398
evaluation,2864,87297;77109;44194;62466;80810;40276;70288;67992;56930;81085
evaluation,2865,48360;56882;76268;90498;78852;25514;41943;6136;49838;56424
evaluation,2866,32646;5498;13182;21870;90498;2280;36918;97607;6136;21886
evaluation,2867,79516;84576;56358;71108;32646;45856;71418;90500;57102;90498
evaluation,2868,68916;47618;21098;19336;19468;48216;78380;85460;48180;13084
evaluation,2869,1146;9606;5174;81948;10979;76886;22090;19912;13084;47926
evaluation,2870,59579;82974;64090;27672;87576;23100;94851;92240;20830;15850
evaluation,2871,1276;37922;9658;77034;42784;39196;21898;7254;17778;9750
evaluation,2872,99678;354;3792;67552;20302;64852;19372;5094;5642;31302
evaluation,2873,13000;13630;56428;3754;8796;26412;1118;45770;8532;6184
evaluation,2874,29402;27076;18642;86378;14012;6886;48392;9738;17999;26412
evaluation,2875,63910;55930;98461;2175;98312;13182;56786;5498;18581;48106
evaluation,2876,86378;13886;14012;26412;17999;74960;74978;5938;1118;13250
evaluation,2877,39172;90500;8333;71108;45856;36918;98072;84576;32646;64552
evaluation,2878,94242;97724;4169;69801;38706;39808;39873;7436;58240;20936
evaluation,2879,60874;60496;63726;21828;63974;79502;15740;37676;5212;87
evaluation,2880,390;34968;87;43054;23248;1098;53472;27494;1430;12211
evaluation,2881,54802;54924;52750;54908;42495;62944;5956;57126;55216;16644
evaluation,2882,342;20780;8006;41696;8688;16728;3010;9838;19579;23234
evaluation,2883,30760;64026;76738;91110;42790;936;63880;26187;1276;30629
evaluation,2884,22128;43600;13574;30397;22550;44446;54282;49302;61398;12744
evaluation,2885,57372;55474;23752;59296;17024;73307;33736;923;73644;82523
evaluation,2886,41450;41018;41287;41792;41565;41660;80264;75834;88569;82770
evaluation,2887,4960;96150;53592;11528;53292;13234;4946;9696;45206;5570
evaluation,2888,25056;32719;22546;40714;15712;14162;17326;63835;1048;85643
evaluation,2889,3792;67552;2318;64852;15520;87898;99678;354;22306;26878
evaluation,2890,26412;584;54072;25578;10984;99350;56428;18642;11476;6228
evaluation,2891,33222;56882;7126;3670;66560;56728;46104;69356;76232;47430
evaluation,2892,56370;95586;46516;96056;2774;83598;57048;17024;59526;54258
evaluation,2893,74841;15520;96246;38706;85280;29490;15091;96103;20320;57756
evaluation,2894,19828;89808;94877;82592;50008;93094;49848;81840;7724;88944
evaluation,2895,79756;11802;48834;29154;3612;2035;44702;19636;44378;80400
evaluation,2896,36992;29716;7178;30707;57089;2462;72828;2492;5228;4426
evaluation,2897,18190;62124;70139;1160;62579;15102;29270;282;60048;20120
evaluation,2898,28816;98588;259;33196;88130;38184;13574;61190;68492;65998
evaluation,2899,79646;80810;73136;35032;21694;5202;18581;42868;61266;50439
evaluation,2900,79516;98312;43570;47430;71108;49838;18827;4536;33628;56358
evaluation,2901,86378;26412;17798;13886;62902;85218;17999;6346;23430;94678
evaluation,2902,18792;16080;53628;65160;38928;18726;68262;26478;33492;95586
evaluation,2903,9606;1146;81948;24782;3174;5174;11070;47926;17126;33844
evaluation,2904,90614;93798;98731;98636;90350;89151;6603;86180;59096;3040
evaluation,2905,90146;1268;9952;56766;81382;49174;48180;6824;8879;6362
evaluation,2906,76348;33378;68842;34340;63949;57372;44738;45072;40971;10784
evaluation,2907,483;61524;480;37636;11530;80658;68992;31312;45770;75794
evaluation,2908,21420;36280;85218;43768;83966;33269;31275;83088;40858;4728
evaluation,2909,68916;13084;19336;47618;19468;55641;55310;21098;48216;59280
evaluation,2910,69263;4628;85983;81328;86150;22587;45698;83598;16616;5510
evaluation,2911,19852;83840;16080;48764;96854;18792;66120;57048;65160;36574
evaluation,2912,90550;81840;94877;26810;89808;89008;15224;19828;89918;21528
evaluation,2913,79756;11802;19636;2035;48834;44131;2492;49202;4408;76664
evaluation,2914,5788;35060;58990;97111;23112;33608;68262;97810;20384;23527
evaluation,2915,44730;43850;28930;55334;34856;29894;90786;67530;75810;60578
evaluation,2916,5570;4960;67262;6406;13234;96150;11528;9696;17004;53592
evaluation,2917,63880;340;69619;19674;376;77510;7988;36044;6931;11288
evaluation,2918,99678;18640;66622;1826;51894;33882;50268;7980;48752;19372
evaluation,2919,96056;95586;56370;94560;57048;46516;54258;38422;2774;35060
evaluation,2920,69263;68590;62912;67790;86694;86180;10848;55806;14992;39314
evaluation,2921,4960;5570;96150;9696;58602;6406;4946;13234;11528;3975
evaluation,2922,35402;6931;19578;51154;2195;81372;2212;63880;60042;78322
evaluation,2923,64354;96857;18775;63404;49572;33328;96934;35522;3859;20130
evaluation,2924,64632;62182;2876;83184;76944;14512;23870;80093;75768;5948
evaluation,2925,24690;68020;2998;50698;67762;114;86312;97790;49582;118
evaluation,2926,9606;1146;81948;24782;47926;3174;24616;11070;17126;49102
evaluation,2927,90146;9952;1268;56766;81382;48180;29276;13064;8879;86885
evaluation,2928,50812;55450;51174;72526;50031;9952;5714;2050;97254;63733
evaluation,2929,35402;6931;19578;81372;51154;2195;2212;63880;92856;26476
evaluation,2930,18190;62124;20120;70139;60048;29270;62579;15102;1160;282
evaluation,2931,14062;23384;79646;79358;51802;98492;30904;70131;71866;39958
evaluation,2932,3702;4628;56674;68798;35060;69263;9526;45698;26032;12484
evaluation,2933,36918;97607;39172;12700;56882;6178;14266;56728;40772;5498
evaluation,2934,56424;56882;63910;3670;69356;91582;79516;66560;6136;58108
evaluation,2935,47754;15464;47619;70192;71540;78130;80504;70642;65568;91026
evaluation,2936,71882;73908;88358;14132;69794;64345;11960;22356;21280;89506
evaluation,2937,1155;5174;118;9606;22760;10979;11666;11070;8074;33716
evaluation,2938,26350;59078;59226;5428;9940;5876;33366;14152;23414;74995
evaluation,2939,69940;45638;25424;24048;44166;62713;98620;33801;60140;50972
evaluation,2940,98080;99498;120;18322;51290;41792;102;63498;46252;76996
evaluation,2941,14181;300;234;21484;10998;86628;4699;43918;23414;32270
evaluation,2942,84776;79576;36412;38338;72940;59132;57566;96822;38972;15205
evaluation,2943,11584;20866;20518;11178;18640;1826;19372;85574;82776;55362
evaluation,2944,7356;60140;3378;46230;76962;12984;70848;26156;10004;59770
evaluation,2945,18726;65581;31850;97786;50186;29126;81522;18602;1248;3166
evaluation,2946,59410;61934;68262;88406;40184;33492;38112;26644;8484;56112
evaluation,2947,77080;75668;38086;38016;51894;34814;34940;35010;22306;63835
evaluation,2948,15520;87898;85280;3792;3438;79726;33736;64852;22306;27124
evaluation,2949,30508;1276;8416;10814;38536;37422;93036;91884;54220;85676
evaluation,2950,99089;92650;35246;92918;74396;12992;3068;5068;14062;50070
evaluation,2951,68590;69263;86694;8198;86752;10848;86180;67790;62912;28684
evaluation,2952,64354;96857;86594;63404;3859;49572;5510;33328;56674;18948
evaluation,2953,28286;67750;59171;60506;21547;11038;60503;2608;37224;73686
evaluation,2954,57372;40971;63949;51956;14608;51882;98142;64484;31082;69461
evaluation,2955,8320;81850;15746;79658;8480;2092;15819;15222;7970;732
evaluation,2956,95081;93654;93862;97291;93854;44024;64882;8386;7648;67876
evaluation,2957,4960;5570;13234;11528;9696;4276;4946;53592;96150;53292
evaluation,2958,13182;9310;90712;1148;90500;30704;20427;2190;50171;39386
evaluation,2959,4960;4946;53912;11528;9696;45206;5570;13234;53292;4276
evaluation,2960,38482;20424;33608;60188;4306;52656;33492;73112;73044;78130
evaluation,2961,89808;19828;93094;7724;49848;82592;37146;8138;26994;50008
evaluation,2962,40971;30398;57372;84457;26210;34340;14608;17498;63949;64484
evaluation,2963,3792;67552;87898;64852;354;99678;86026;22306;26878;22078
evaluation,2964,76738;25770;332;23048;65556;11764;25831;91110;26187;87920
evaluation,2965,55576;71108;64552;56424;90500;24988;472;79516;2280;5498
evaluation,2966,56786;56336;5498;62112;63910;98312;36918;71108;39172;98194
evaluation,2967,6066;97124;15464;33556;41092;47754;68078;91026;13670;70192
evaluation,2968,3828;5659;68562;22306;1011;5760;19107;99678;67552;18055
evaluation,2969,496;1330;2500;13514;2994;18344;7150;32754;99709;69238
evaluation,2970,81572;17326;43874;86723;85584;25056;14162;31144;32719;21170
evaluation,2971,36390;12910;15528;86870;55338;70662;44788;21470;1260;98700
evaluation,2972,99709;10174;24882;47278;73026;15114;66369;784;48244;36562
evaluation,2973,63835;25056;21170;81572;85643;43874;21134;85584;16558;42264
evaluation,2974,38338;36412;38972;87102;16420;16952;87366;43389;60;52886
evaluation,2975,89808;19828;15224;94877;93094;7724;82592;49848;50008;89918
evaluation,2976,69708;61562;73112;41768;2047;910;9491;4306;23112;93922
evaluation,2977,4030;86723;47018;14402;11764;41422;85584;82906;98102;85512
evaluation,2978,15238;29978;63030;4767;48814;90534;14402;63778;67560;10754
evaluation,2979,98702;34496;39820;6314;6362;48690;17956;78994;32112;3678
evaluation,2980,4960;5570;4946;11528;9696;53912;45206;53592;53292;4276
evaluation,2981,1160;62124;62579;29270;18190;70139;282;15102;60048;29058
evaluation,2982,50031;9952;24043;81268;55450;56161;97254;72526;62162;51564
evaluation,2983,4740;42661;48416;5259;4636;58215;58114;64736;4642;2168
evaluation,2984,96246;85280;74841;26970;38706;15520;15091;57756;96103;25442
evaluation,2985,77100;424;50186;14550;19980;9488;80850;21652;11210;10966
evaluation,2986,67552;3792;64852;87898;354;15520;99678;86026;20302;26878
evaluation,2987,21170;24424;16438;16558;43143;85643;64900;10636;15356;25056
evaluation,2988,32038;67262;53676;88788;28510;3246;33700;74912;420;1106
evaluation,2989,65556;76738;25770;19510;41528;42790;63880;30629;26187;91110
evaluation,2990,72190;71876;42656;25047;94954;47238;28759;64834;54010;31318
evaluation,2991,40286;51448;71646;75858;21162;27572;21516;60220;1322;47092
evaluation,2992,7410;5895;19768;21515;7434;6410;6006;86694;45498;26738
evaluation,2993,68060;20424;87554;32466;69626;47282;74158;36545;56674;3032
evaluation,2994,30898;30579;90028;96344;36274;36052;22020;81893;5656;45170
evaluation,2995,12992;74396;91580;50070;30194;71866;14062;39286;98194;92918
evaluation,2996,44490;62580;62182;94877;90550;81840;74256;24326;20684;20652
evaluation,2997,41450;41018;4664;1876;9064;10004;5086;53958;2267;41287
evaluation,2998,31080;51448;18426;35728;32020;18814;35572;27230;40014;1322
evaluation,2999,32120;27694;25126;34504;32160;72000;31868;32384;50491;82350
evaluation,3000,5895;6006;80668;29956;21515;42789;10528;13514;71694;51572
evaluation,3001,72190;25047;71876;79212;47424;42656;29514;94954;26780;54010
evaluation,3002,68262;86621;97111;35060;97810;27370;61934;17632;56460;34320
evaluation,3003,90550;90532;26556;34628;81840;39488;0;49202;20350;18512
evaluation,3004,67552;3792;64852;15520;354;99678;87898;20302;2318;41078
evaluation,3005,57350;71788;68698;48026;61108;9940;42762;88788;5428;887
evaluation,3006,62580;28816;68492;16044;65998;31042;54282;1843;89834;27434
evaluation,3007,66098;55450;51174;97920;24043;50812;5714;18832;26960;52452
evaluation,3008,56930;37636;70214;48154;87297;45688;97389;80810;37356;28972
evaluation,3009,1146;9606;10979;5174;3174;81948;65646;17388;76886;37248
evaluation,3010,18792;53628;16080;68262;36574;65160;33492;33366;94242;26478
evaluation,3011,85552;56460;98853;43298;1342;1258;15419;20384;57089;19794
evaluation,3012,11772;48834;2462;7178;76348;36992;42248;43894;57089;71718
evaluation,3013,99570;98950;10014;23570;44544;23754;22587;87540;64882;44310
evaluation,3014,7336;72828;30707;29716;4832;42248;858;17639;2540;32508
evaluation,3015,21911;52886;18904;35104;20760;15210;98272;2407;4078;71200
evaluation,3016,13234;9696;11528;6406;4276;53292;96150;4946;53592;46232
evaluation,3017,64852;99678;3792;87898;67552;82776;20518;20866;22078;19372
evaluation,3018,85584;14162;43874;40714;15520;32719;43143;15712;85643;14274
evaluation,3019,66098;97920;81268;55450;50812;51174;52452;18018;50031;62162
evaluation,3020,37636;56930;70214;45688;70498;97389;85998;28972;48154;73722
evaluation,3021,81268;9952;56161;50031;55450;24043;80664;10116;40858;51564
evaluation,3022,5766;89944;56428;80408;56558;22499;10872;91580;51230;44586
evaluation,3023,68916;19336;19468;13084;55310;21098;47618;55641;88972;924
evaluation,3024,80668;6006;5895;19768;51572;7410;7434;24208;42789;34496
evaluation,3025,59410;60188;61934;4664;65710;97111;77615;27370;34320;33608
evaluation,3026,41052;12224;22020;45170;92856;90028;9838;96344;95621;5098
evaluation,3027,20014;97607;56728;33628;26052;84901;14200;98461;56882;84418
evaluation,3028,5766;51230;46339;10586;89944;10872;1030;89480;73836;80408
evaluation,3029,86378;18642;13886;9738;38112;93610;55590;56112;51564;4908
evaluation,3030,35060;57048;94560;2774;51276;4628;61562;26538;97838;56370
evaluation,3031,62434;40628;30904;27228;45688;9468;15334;30194;20960;80866
evaluation,3032,79658;7336;15746;2092;4642;49080;98872;63472;43498;15819
evaluation,3033,57372;55474;23752;73307;31082;36094;26414;59296;82770;20814
evaluation,3034,55334;28930;44730;34856;29894;43850;67530;2274;6794;96804
evaluation,3035,77615;14952;11910;14836;12262;78258;11970;8402;89472;77384
evaluation,3036,51894;22306;3828;27494;18636;2592;35010;1462;54786;77080
evaluation,3037,3792;67552;87898;15520;99678;22306;64852;80026;85280;34814
evaluation,3038,51894;36862;398;22306;3662;77080;4020;3828;99000;2592
evaluation,3039,6406;54220;8416;3548;30508;42197;87800;17612;1276;9472
evaluation,3040,67552;3792;64852;87898;354;99678;15520;20302;86026;2318
evaluation,3041,63434;19034;26514;17770;4416;69758;27158;13500;8990;26538
evaluation,3042,25578;25076;880;42836;80664;94678;27664;22500;86378;17264
evaluation,3043,58056;40406;3064;68852;36600;85998;44574;47966;38282;97389
evaluation,3044,72190;25047;71876;94954;76944;54010;28759;42656;29514;79212
evaluation,3045,89658;88846;86082;42716;69818;22718;87902;4175;88296;87714
evaluation,3046,19040;85676;44954;87800;1836;46022;70932;32884;20952;5375
evaluation,3047,90635;55576;78164;83094;55658;90476;88748;39843;62110;71043
evaluation,3048,13182;76268;21870;40772;98282;62112;83904;5498;21886;36918
evaluation,3049,19138;14992;19704;13880;10387;47556;86694;31959;22902;12079
evaluation,3050,7336;98806;72828;26164;1492;3640;32508;61784;1800;34628
evaluation,3051,21046;85667;84340;9948;68262;19714;52030;51743;25794;84776
evaluation,3052,31456;47308;306;4078;12917;19046;24476;34626;9708;1080
evaluation,3053,77510;31264;36344;18238;38092;76972;80708;11092;93974;7980
evaluation,3054,3434;35040;4952;16889;46394;887;71946;73268;30962;81372
evaluation,3055,10980;59580;94844;89220;44598;5096;69322;52744;88569;51030
evaluation,3056,20830;15850;23100;358;69626;21712;57986;59580;97516;54466
evaluation,3057,3378;7356;76962;70848;48420;23112;60140;10004;14152;1732
evaluation,3058,67552;3792;64852;87898;15520;354;99678;86026;22306;20302
evaluation,3059,4960;5570;96150;4946;4276;13234;58602;53592;6406;45206
evaluation,3060,7988;59502;31264;56582;60662;5656;80112;14895;32264;95621
evaluation,3061,15363;15966;68020;99498;15360;16450;15102;104;67762;18322
evaluation,3062,48834;16100;44702;11802;87520;57089;63234;85552;29154;732
evaluation,3063,77615;12090;89472;12318;12262;78258;8402;14952;77384;11970
evaluation,3064,17326;15520;43874;51884;32719;43143;54786;27494;82670;3792
evaluation,3065,62124;70139;18190;29270;15102;60048;282;62579;20120;1160
evaluation,3066,34940;77080;75668;35010;34814;38086;51894;38016;48752;18636
evaluation,3067,65148;57048;48154;18238;54258;88594;23248;3886;23718;43694
evaluation,3068,1276;12846;77034;9658;12558;81038;69322;93222;92240;39196
evaluation,3069,12992;8736;50070;3068;35246;91580;75452;57078;94410;28972
evaluation,3070,5766;89944;46339;13868;10872;89480;10116;13368;92467;91580
evaluation,3071,82920;34504;82350;32160;25126;32270;30536;89894;78402;32384
evaluation,3072,54086;85460;13670;45542;26240;11106;5618;17468;11366;11828
evaluation,3073,45572;40062;47238;4996;62994;62392;47264;11032;2500;94146
evaluation,3074,32719;29186;33638;86016;17326;58538;22546;71904;31144;45174
evaluation,3075,17326;14162;15520;51884;54786;32719;22546;3792;71142;1098
evaluation,3076,34026;64006;2880;96434;8706;63598;66364;77737;74646;93222
evaluation,3077,3032;7452;10933;11930;17876;58212;27158;44738;96822;19834
evaluation,3078,74944;1011;3954;19579;6204;3010;3246;52650;8006;23408
evaluation,3079,40654;29186;87898;3140;52744;5024;2162;10122;50512;3394
evaluation,3080,420;52924;39730;86956;91988;90550;74424;9226;56171;28396
evaluation,3081,15480;62944;63864;29956;71694;82944;61570;83598;14339;22568
evaluation,3082,90350;6536;86180;90614;98731;59096;98636;7952;8550;83820
evaluation,3083,82670;45292;64376;21170;42264;34940;81572;21134;16438;43874
evaluation,3084,39419;74511;32476;75354;68332;89232;97662;83398;4708;5836
evaluation,3085,97124;33556;6066;69394;54788;15874;70642;85138;12596;15970
evaluation,3086,5696;30244;39196;85827;30508;79485;79807;89024;552;1276
evaluation,3087,32160;32120;32384;89894;32270;27694;54052;65370;34504;30536
evaluation,3088,93774;68974;14612;29116;3468;60230;21964;13982;97838;68078
evaluation,3089,24114;30288;14902;67373;52400;67431;20212;61438;41060;43918
evaluation,3090,19760;1248;49452;17328;7914;53672;17530;57710;66080;7030
evaluation,3091,56460;6134;22844;57089;33016;15419;17632;87520;33522;1342
evaluation,3092,14952;14836;77615;79301;8402;89472;11910;22;79164;12262
evaluation,3093,65148;16352;14608;5024;52744;4168;11082;72266;14748;97962
evaluation,3094,99000;89125;5002;23067;51372;17530;76244;87962;57710;49452
evaluation,3095,99570;98950;10014;89125;19914;44544;23754;19843;95904;22587
evaluation,3096,13018;85162;25056;51882;28854;47748;30255;5086;61020;86078
evaluation,3097,46796;20264;33328;18775;33416;78822;53237;30316;5002;42618
evaluation,3098,33882;1011;11082;41130;76728;85658;76818;14748;73644;52650
evaluation,3099,21456;22902;58212;34454;4838;17876;47940;11506;22403;47667
evaluation,3100,21484;21606;14181;73070;23082;45875;71330;87798;19054;91040
evaluation,3101,32160;27694;32120;34504;30536;32270;53154;32384;50491;89894
evaluation,3102,6006;10006;7410;51572;7434;26738;19768;6410;80668;10528
evaluation,3103,98282;5498;13182;21870;56336;36918;21886;32646;40772;2280
evaluation,3104,67262;4960;20814;5570;52700;6931;11288;10556;63880;92856
evaluation,3105,3792;67552;64852;87898;15520;2318;99678;354;22306;20302
evaluation,3106,51884;17326;15520;91249;22546;43874;34814;43143;32734;21170
evaluation,3107,32958;79807;99234;27018;79485;85900;98946;30244;17256;86446
evaluation,3108,62124;62579;1160;29270;70139;18190;282;29058;60048;15102
evaluation,3109,29918;96464;4186;26804;140;1155;26570;53198;27434;46837
evaluation,3110,35836;61528;72686;3662;38092;4020;42563;17824;86686;95582
evaluation,3111,99678;354;58600;11092;20302;7980;3792;24758;53651;31302
evaluation,3112,5280;26616;14454;57560;98730;3006;51830;74646;1900;26592
evaluation,3113,87297;77109;62466;81085;56162;47720;31946;63282;19607;40276
evaluation,3114,6360;6310;4468;5782;5407;23218;2567;4368;6351;8540
evaluation,3115,14200;20014;14038;99326;13846;4536;90498;97607;79516;5490
evaluation,3116,26136;81372;11812;11982;7913;73268;42864;39346;18805;48026
evaluation,3117,91582;64552;90602;8333;69246;13846;24988;76268;14038;45856
evaluation,3118,86754;75208;75354;81145;90148;94748;89917;87370;84240;89932
evaluation,3119,5086;54118;47748;61020;99060;7830;86510;91902;74844;46252
evaluation,3120,63044;63598;54572;40971;21632;9488;74492;1338;80110;98198
evaluation,3121,81270;70994;73836;67287;68110;75522;18302;76618;19190;19831
evaluation,3122,50491;65370;89894;31392;25126;34504;53154;72000;30536;32384
evaluation,3123,19852;9443;31550;16080;68262;10122;82952;18792;3438;48764
evaluation,3124,1268;724;22284;87516;83088;49174;49302;40858;13064;85218
evaluation,3125,42495;5956;54802;52750;54924;2500;86891;7138;90605;49102
evaluation,3126,13368;3754;2570;8796;1118;8540;9100;11108;5238;13986
evaluation,3127,9310;8982;12738;25398;78652;43512;64320;84901;19208;14200
evaluation,3128,15520;17326;85280;32719;29186;43874;27124;59709;85584;22546
evaluation,3129,18190;15102;20120;62124;70139;282;39318;60048;41306;62579
evaluation,3130,64940;70514;39578;17458;13182;91582;51862;55930;26052;33747
evaluation,3131,3792;67552;64852;87898;354;99678;15520;20302;2318;86026
evaluation,3132,19852;68262;18792;9443;33492;16080;53628;342;49302;26478
evaluation,3133,10998;4699;14181;300;86628;234;23414;14645;21902;32716
evaluation,3134,98102;91243;2068;65880;97959;12856;32734;16330;99516;75834
evaluation,3135,2068;57876;65880;20774;99476;4767;89352;11726;17115;1236
evaluation,3136,99678;354;3792;20302;92656;48752;67552;15942;43054;58600
evaluation,3137,3828;22306;51894;19372;1462;34814;68562;27494;18636;45820
evaluation,3138,48503;89808;64026;58944;53580;42790;16330;88944;19828;26810
evaluation,3139,38248;45225;12254;91249;7570;9890;17326;12211;7178;3926
evaluation,3140,22306;5659;5760;34968;3008;23248;21024;38248;15520;27494
evaluation,3141,53580;74649;16330;58944;67728;802;87952;68136;79780;1332
evaluation,3142,64882;5002;96944;60112;99570;49452;7914;66080;22587;17283
evaluation,3143,89808;19828;93094;26810;7724;92826;26994;8138;49848;8772
evaluation,3144,14952;14836;36574;79301;35378;77615;11910;8402;15200;42662
evaluation,3145,58212;63598;63044;1338;9488;10508;21632;42320;80110;54786
evaluation,3146,10150;87336;7618;35218;552;26077;29634;34026;4014;15804
evaluation,3147,67552;99678;3792;64852;2318;20302;87898;354;86026;2592
evaluation,3148,27494;51884;22306;22546;51894;77080;38086;98730;38016;32719
evaluation,3149,14062;21694;10062;5068;9928;7226;71866;63343;50218;37228
evaluation,3150,47144;3558;1618;45004;49339;55000;86192;47037;13152;19546
evaluation,3151,946;1034;18310;1011;18700;29250;69568;33776;68562;99654
evaluation,3152,6360;6310;4468;23218;27664;57577;28248;6554;31412;5782
evaluation,3153,85512;88382;68006;85584;16914;44374;77480;45292;61746;15804
evaluation,3154,89808;7724;19828;8138;93094;92826;7930;16420;18310;16952
evaluation,3155,74213;81050;31868;13016;93969;37080;13766;24812;36976;89798
evaluation,3156,47994;48400;93798;68482;20532;65974;59134;47926;90350;39979
evaluation,3157,6767;54764;54010;13848;62764;25462;6219;35968;96394;94954
evaluation,3158,56460;57089;6134;33016;22844;33522;15419;87520;17632;19794
evaluation,3159,61762;32866;46205;85654;65180;49774;670;18794;46460;60352
evaluation,3160,65148;61967;14748;16352;95392;11082;72990;3308;3979;5024
evaluation,3161,54118;9916;5086;29880;47748;30255;68560;64562;13018;74844
evaluation,3162,7930;7724;89808;92826;93094;8138;37427;11328;19828;74740
evaluation,3163,5086;54118;29880;64562;47748;30255;74844;9916;71404;8102
evaluation,3164,4838;59164;9676;68262;33492;33608;65900;93114;49302;19374
evaluation,3165,66034;25934;44374;46336;1270;44310;73570;73720;18800;95274
evaluation,3166,99000;89125;51372;57710;19760;5002;95904;87962;22587;44930
evaluation,3167,58212;54572;63044;37794;53096;40971;42320;43938;52744;9182
evaluation,3168,17326;75952;2592;85584;15520;81432;53132;43874;49044;27494
evaluation,3169,24610;5680;47618;48180;13084;45670;7018;26858;8879;22292
evaluation,3170,6767;54010;57640;85406;57757;35968;30172;13848;19584;94954
evaluation,3171,43512;25514;27251;41943;52054;49838;93372;39958;78652;43570
evaluation,3172,74944;3010;6204;1011;3954;4856;18238;61945;19579;59502
evaluation,3173,73680;73730;93922;96944;1248;46804;22587;64882;60112;15944
evaluation,3174,24114;30288;52400;67373;67431;14902;41060;43918;61438;20212
evaluation,3175,46394;30962;79794;2668;87920;73268;4952;16889;76672;81372
evaluation,3176,48641;74912;5212;86956;37676;420;1108;86577;5428;87336
evaluation,3177,17326;43874;85584;32719;15520;29186;86259;27494;45174;17006
evaluation,3178,74010;75920;75128;5684;8814;56168;71710;2639;24197;10506
evaluation,3179,46450;420;91242;86956;86577;54244;87336;88788;87068;91988
evaluation,3180,63434;17502;10872;11166;34972;19034;97294;6252;8190;5862
evaluation,3181,41434;99326;4536;56882;24988;91582;20427;56728;66560;14200
evaluation,3182,94748;75354;90148;84240;89917;31584;86754;94570;94434;4539
evaluation,3183,4394;45434;74912;1108;86950;30244;99234;1234;37676;23902
evaluation,3184,30244;89024;79485;5696;39196;32958;99234;79807;98946;53478
evaluation,3185,15520;51884;54786;43143;3792;17326;42563;32719;22546;14162
evaluation,3186,15356;16438;75844;64376;16558;9148;43143;54720;85162;9994
evaluation,3187,35040;3434;4952;7998;7986;88388;46394;71788;98942;4859
evaluation,3188,56460;15419;6134;85552;98853;1342;57089;17632;19794;87520
evaluation,3189,64882;96944;49452;22587;60112;5002;7914;93922;1248;66080
evaluation,3190,33016;63170;33522;21470;15419;57089;23826;86870;6134;17632
evaluation,3191,88594;41394;2722;6576;8648;7699;15354;10150;32298;19772
evaluation,3192,35494;11032;62994;6396;51647;94146;1384;36385;87201;6866
evaluation,3193,71710;8814;75920;75128;74010;5684;92402;74116;2639;71492
evaluation,3194,4372;31412;3257;25354;43360;57577;27290;93310;2594;98960
evaluation,3195,64882;96944;5002;49452;60112;65562;66080;7914;22587;93922
evaluation,3196,6536;68590;69263;86180;19138;65160;55806;16940;86694;14882
evaluation,3197,5886;50944;19514;48538;13668;93774;76403;3272;51004;39831
evaluation,3198,40858;656;3742;80664;22284;29874;880;3608;40452;1030
evaluation,3199,7410;26738;7434;6006;6410;4819;10006;5895;10528;80668
evaluation,3200,15874;6868;28204;93800;54194;89804;1316;46516;25088;4786
evaluation,3201,8138;36134;14764;18310;11328;80126;7930;17639;84129;37450
evaluation,3202,65180;32866;5001;1876;46205;46460;670;59882;65581;61762
evaluation,3203,65581;55806;26182;5380;47312;96944;14512;95904;46804;12952
evaluation,3204,67552;3792;87898;64852;26878;99678;86026;15520;82776;1450
evaluation,3205,81372;1836;7998;30508;16136;40608;19518;11812;887;1904
evaluation,3206,53198;45102;59130;50290;46160;60650;148;73908;27434;256
evaluation,3207,13574;43600;28816;33196;98588;60282;38184;22128;92286;99838
evaluation,3208,74396;10062;9928;99564;12992;99020;28972;14072;14918;37228
evaluation,3209,13152;6612;39388;45470;7575;42218;41516;19782;38333;28188
evaluation,3210,67048;65981;99806;23671;23754;23570;15590;91992;31158;87898
evaluation,3211,946;1034;99654;29250;1011;68562;18310;18700;44732;40868
evaluation,3212,64882;60112;5002;46046;49452;7914;22587;96944;97838;59807
evaluation,3213,94877;15224;9074;81840;11974;62182;23338;90550;73902;89918
evaluation,3214,89808;19828;88944;94877;7724;26810;26943;26994;8138;93094
evaluation,3215,89808;7724;19828;94877;92826;26810;88944;8138;7930;93094
evaluation,3216,34454;88388;97124;10933;11982;2742;26136;15252;34320;3032
evaluation,3217,64882;22587;49452;96944;53672;93854;65581;66080;99570;60112
evaluation,3218,94877;3812;90550;88944;21528;81840;15224;26994;1579;26810
evaluation,3219,15419;57089;63170;85552;56460;6134;17632;1342;98853;33016
evaluation,3220,1492;16454;1800;8138;15419;1342;56460;36134;37427;36992
evaluation,3221,3792;67552;99678;64852;354;15520;20302;41932;48752;41078
evaluation,3222,51950;52650;63768;42736;15822;4898;9373;63762;73644;61464
evaluation,3223,63652;4960;67262;65910;65194;32734;5570;56588;8660;52700
evaluation,3224,67552;99678;3792;2318;64852;354;43054;5094;5642;42648
evaluation,3225,43874;85584;17326;15520;25056;43143;77480;22546;32719;85643
evaluation,3226,37422;38536;26292;91884;41415;94370;79794;25932;84748;10150
evaluation,3227,4960;96150;4946;5570;58602;13234;6406;67262;45206;4276
evaluation,3228,13152;19782;47144;45470;7575;39388;11532;47037;96308;26462
evaluation,3229,78000;77702;11726;76740;22499;27664;9468;13868;79390;6535
evaluation,3230,74944;6204;1011;3010;18238;19579;3954;3246;22360;61945
evaluation,3231,73908;71882;69794;89506;11960;88358;21280;13084;22356;75858
evaluation,3232,30898;41052;22020;30579;36274;2186;12564;33939;9124;90028
evaluation,3233,90635;90476;11702;83094;86224;78164;88748;55576;63862;90306
evaluation,3234,5354;47618;78380;8879;6224;6362;26858;6244;85460;32660
evaluation,3235,84812;18758;19018;83958;70994;6868;5626;34794;19772;96238
evaluation,3236,21484;21606;14181;19054;45875;84858;46022;13166;23082;59526
evaluation,3237,15278;94877;82675;82974;90550;87920;74256;46394;99060;55338
evaluation,3238,21484;21606;14181;23210;89834;26804;23414;87755;23082;87036
evaluation,3239,31080;51448;18426;32020;35728;18814;35572;93546;27230;1322
evaluation,3240,84517;6064;83958;1236;9370;9628;10302;70954;22459;9726
evaluation,3241,429;48420;3378;9940;16114;2047;7804;76962;198;93741
evaluation,3242,1160;62124;62579;15102;282;18190;29270;70139;60048;20120
evaluation,3243,31312;11530;31494;72086;23594;61524;69749;71106;14447;6132
evaluation,3244,4984;54016;54924;1318;57126;24806;9512;67104;12508;12048
evaluation,3245,64882;5002;96944;66080;25518;49452;65562;60112;19760;17283
evaluation,3246,17326;85584;43874;21170;32719;31144;25056;71142;81572;85643
evaluation,3247,3792;67552;41932;99678;354;87898;15520;64852;41078;22306
evaluation,3248,86754;75208;75354;89932;75176;98072;84240;87370;90148;90119
evaluation,3249,81372;887;11812;30508;16136;7998;4859;98942;88388;10156
evaluation,3250,2092;15746;4642;33980;8320;8480;2168;4740;51792;16650
evaluation,3251,3792;67552;64852;87898;2318;15520;99678;354;22306;86026
evaluation,3252,79807;79485;99234;32958;98946;30244;86446;88788;85900;89024
evaluation,3253,34814;90534;35155;53284;77080;75668;74256;16330;69164;38016
evaluation,3254,13152;19782;26462;96308;41516;42218;45470;39388;6612;34718
evaluation,3255,63862;11702;90635;90476;83094;88748;78164;55576;62110;62222
evaluation,3256,47200;32456;10116;66106;81268;95865;62162;51174;97920;2594
evaluation,3257,64552;33050;33820;90500;43570;79516;13182;84324;63910;24686
evaluation,3258,81954;12188;558;54330;11252;1712;29116;2358;9564;73268
evaluation,3259,7724;8138;89808;92826;7930;93094;19828;16420;61784;16952
evaluation,3260,81372;1836;88388;2162;40608;6246;89024;30508;33463;4014
evaluation,3261,3792;67552;15520;41932;64852;22306;87898;41078;2318;28452
evaluation,3262,81840;94877;73902;80914;18214;26943;56171;3812;90336;21528
evaluation,3263,98806;11938;30707;3640;23713;77118;77418;12090;53580;28390
evaluation,3264,429;42554;32038;14206;95621;53676;52444;3114;28510;14598
evaluation,3265,3434;35040;71946;4952;46394;88388;81372;30962;887;16889
evaluation,3266,13152;42218;26210;81496;33939;26462;39388;82523;73307;73644
evaluation,3267,51230;34972;10872;8190;96528;11166;58056;75794;54964;42656
evaluation,3268,87370;75354;75208;86754;63862;18302;74006;23484;71043;88748
evaluation,3269,19852;31550;16080;36574;9443;68262;26478;18792;12854;26970
evaluation,3270,40062;45572;47238;4996;94146;62994;2500;47264;6851;62392
evaluation,3271,63380;11084;46958;35456;90605;24581;13108;3832;2772;7795
evaluation,3272,86754;62912;39296;75208;17819;46752;13892;83412;98210;75354
evaluation,3273,68916;924;19610;19280;47618;1247;21098;19336;11684;48180
evaluation,3274,80668;22160;18262;42789;26574;47264;5895;51572;89658;99709
evaluation,3275,42661;48416;49080;4642;63472;58215;53306;64736;894;42740
evaluation,3276,64882;5002;45706;99000;80952;65581;22587;49452;68932;87962
evaluation,3277,75668;77080;34940;35010;38086;38016;34814;36344;51894;38092
evaluation,3278,35040;3434;7986;887;2068;46394;88388;4952;4859;73762
evaluation,3279,8032;42836;27664;99952;8556;69582;80264;43768;16836;32378
evaluation,3280,64882;96944;22587;49452;60112;65581;1248;7914;66080;23754
evaluation,3281,8138;94877;26994;89808;21528;4426;19828;4552;93094;4524
evaluation,3282,78174;92393;18430;36476;46394;11982;30166;10387;2668;27228
evaluation,3283,44930;10016;51394;35544;71405;98198;11082;41492;42434;40608
evaluation,3284,22587;46804;45706;59807;60112;49482;74250;23754;76403;23570
evaluation,3285,13018;71404;5086;61020;47748;31706;29880;86078;86510;9890
evaluation,3286,60468;3518;702;27124;19990;14147;33792;95318;7802;86574
evaluation,3287,4168;30186;5024;95392;16352;30288;10972;65148;67834;3979
evaluation,3288,73307;9124;71404;73438;8436;73644;82770;73418;73590;31082
evaluation,3289,1034;946;1011;68562;74944;68166;1462;1048;18700;70210
evaluation,3290,22902;47940;47667;21456;21278;75843;59164;9828;69488;21516
evaluation,3291,20350;34628;59480;50950;9712;45957;21660;12318;2894;670
evaluation,3292,77480;27494;67552;15520;3792;77034;1462;25056;22306;1048
evaluation,3293,30508;5696;30244;1276;57350;1900;54314;12544;8416;24060
evaluation,3294,1160;60048;62579;62124;70139;29270;282;18190;85698;15102
evaluation,3295,53198;45102;46160;59130;60650;50290;73908;71882;69794;148
evaluation,3296,4020;3662;61528;31627;35836;95582;49324;1366;42563;86686
evaluation,3297,17778;91864;40608;77034;19518;1276;53676;85584;64090;9254
evaluation,3298,8416;9658;12535;2132;2202;12846;1276;63484;2038;1750
evaluation,3299,3434;35040;887;7986;4859;73268;46394;4952;81372;71946
evaluation,3300,55806;64702;24490;5983;30904;51604;26412;28534;56686;10276
evaluation,3301,26960;97920;51174;28456;46339;55450;80509;66098;50812;38112
evaluation,3302,13152;19782;47144;39388;7575;26462;45470;11532;47037;43157
evaluation,3303,90635;11702;83094;90476;88748;55576;63862;97662;78164;86224
evaluation,3304,70514;31132;41632;41658;71832;73136;26052;33838;18581;84901
evaluation,3305,68916;924;1247;19280;19336;19610;11684;47618;21098;6224
evaluation,3306,24581;70682;36900;68289;82060;13528;1568;1588;48420;17283
evaluation,3307,788;8712;6210;6478;18206;49396;14171;53136;58212;37476
evaluation,3308,42495;2500;7138;48184;28190;10528;92321;15709;26738;21788
evaluation,3309,45542;45342;17468;25088;10387;47556;11084;1316;25898;30942
evaluation,3310,88748;68332;84834;62110;90476;68296;4708;82044;63862;97662
evaluation,3311,45542;47556;17468;25088;45342;13766;54086;23514;1316;22816
evaluation,3312,86150;2996;47857;81338;47801;80230;99472;17458;16406;10276
evaluation,3313,79494;11698;1184;36558;73226;39180;50190;77445;2144;38964
evaluation,3314,65444;19208;21870;21886;69246;13182;33820;9310;8708;22436
evaluation,3315,1030;24434;30328;73836;3352;3608;96528;80664;40858;30476
evaluation,3316,9332;88086;6080;7244;25354;11598;5020;10114;7762;13500
evaluation,3317,1030;24434;30328;3608;3352;73836;96528;80664;19190;30476
evaluation,3318,63862;11702;90635;90476;83094;88748;78164;55576;62110;62222
evaluation,3319,9310;8982;12738;25398;78652;64320;2920;84901;8708;43512
evaluation,3320,16064;6198;64940;7188;91582;13182;57920;41472;69578;29330
evaluation,3321,7170;13114;12008;2570;1962;9118;1736;7918;93232;10444
evaluation,3322,47758;74050;66908;56490;36348;43760;11374;36030;5350;19514
evaluation,3323,45542;47556;17468;13766;25088;45342;54086;42716;1316;7576
evaluation,3324,33556;97124;53056;13958;36594;32562;74136;13712;33328;13670
evaluation,3325,46958;63380;11084;13108;40494;23280;89798;37510;42716;4688
evaluation,3326,2092;81850;79658;4642;7336;16650;63472;39040;4740;98872
evaluation,3327,14612;15970;8896;30359;50512;81696;15091;1904;69510;44954
evaluation,3328,8540;2290;7762;55590;5536;8796;97920;10872;8532;17770
evaluation,3329,5766;89944;89480;46339;66106;52452;19449;47200;13868;90119
evaluation,3330,13152;45470;39388;19782;34718;42218;7575;35256;6612;26462
evaluation,3331,19208;65444;21886;21870;9310;69246;8708;83412;22436;92786
evaluation,3332,42880;69888;39406;57338;51862;31132;33270;10276;9108;33747
evaluation,3333,85138;21902;46476;69394;89536;24690;72990;39356;4528;53274
evaluation,3334,88748;4708;90635;97662;83094;31510;93772;68332;90476;55576
evaluation,3335,62182;18636;82592;50877;93312;19828;50008;21528;89808;33801
evaluation,3336,72990;13614;49358;4168;41060;6576;65148;72266;20212;16352
evaluation,3337,702;27124;4408;60468;80400;54404;7802;3612;14147;48834
evaluation,3338,33882;1011;41130;429;76728;74872;22677;36532;3246;52650
evaluation,3339,47940;22902;47667;75843;9828;17876;21456;60188;59164;10933
evaluation,3340,32302;702;51496;65522;87698;63030;70186;4898;54890;19372
evaluation,3341,4960;5570;96150;27437;6406;82776;9762;58602;85138;18344
evaluation,3342,67552;3792;64852;15520;87898;354;99678;41932;41078;22306
evaluation,3343,18364;39008;19576;31850;38928;92410;18726;18602;17508;74328
evaluation,3344,5752;77170;74050;90;73044;7298;52656;18982;9491;19514
evaluation,3345,57048;56370;54258;46516;96056;95586;2774;94560;7764;17864
evaluation,3346,342;16728;15804;2186;8006;82216;7830;4127;84704;76536
evaluation,3347,72732;45418;49128;72119;75404;53421;74426;82328;31088;72090
evaluation,3348,92856;61945;86597;19578;9064;81496;15822;6931;60662;27842
evaluation,3349,17800;21870;80040;99780;21886;77445;3352;8982;27338;27290
evaluation,3350,66800;43512;55930;98282;66560;57546;21096;24906;5362;20014
evaluation,3351,64552;90602;8333;57868;27750;91582;29122;26052;84576;37420
evaluation,3352,25694;6712;51647;48454;5676;6420;48680;6362;96422;6824
evaluation,3353,4960;5570;17004;67262;4946;96150;58602;9696;11528;6406
evaluation,3354,59410;12952;66170;96169;26824;31175;66982;4094;4154;73309
evaluation,3355,1160;62579;62124;15102;282;18190;29270;70139;60048;20120
evaluation,3356,19208;65444;21886;21870;9310;69246;83412;8708;22436;92786
evaluation,3357,64882;96944;49452;93922;60112;5002;22587;7914;66080;65562
evaluation,3358,16420;16952;30826;58310;93448;15212;702;86574;21660;4524
evaluation,3359,48832;7198;61476;58114;61540;58758;10154;2168;8158;14604
evaluation,3360,52616;58215;73706;58114;1637;84776;71834;26298;14604;2168
evaluation,3361,7930;11328;22940;18700;18310;8138;98806;92826;26164;7724
evaluation,3362,85308;81357;66738;82836;87028;73124;46797;61967;4934;2744
evaluation,3363,54120;87028;36134;35850;33776;23713;12834;76816;66044;3171
evaluation,3364,44130;1060;3730;16452;5272;7524;1410;8938;36098;98962
evaluation,3365,56460;97810;85552;98853;22302;20384;19794;1258;1342;6134
evaluation,3366,89808;7724;8138;19828;92826;93094;16420;7930;18310;33776
evaluation,3367,92418;19852;31550;48782;38706;9443;4169;94242;18792;39808
evaluation,3368,21456;22403;22902;47971;47940;58212;11506;17876;47667;34454
evaluation,3369,54786;27494;51894;22306;77080;34814;65910;75668;1462;67552
evaluation,3370,32958;79807;79485;99234;98946;86446;30244;17256;85900;27018
evaluation,3371,18190;62579;62124;20120;70139;1160;29270;60048;15102;282
evaluation,3372,72732;72119;49128;72090;53421;74766;81893;36592;90056;77510
evaluation,3373,53676;12535;12846;91864;63484;12336;23124;9746;12544;22776
evaluation,3374,51230;42656;10872;9826;58056;85998;31312;27266;54010;26198
evaluation,3375,20960;47200;9468;39286;22090;53766;66098;35246;57757;91580
evaluation,3376,44586;81268;62162;32900;38112;97920;32456;55450;51174;2232
evaluation,3377,79494;11698;39180;2144;50190;77445;69156;68110;28076;36558
evaluation,3378,60874;60496;63726;21828;86956;91988;5212;34556;63974;52924
evaluation,3379,3792;64852;67552;354;20302;92758;2592;99678;20866;2318
evaluation,3380,342;16728;84704;8006;15804;2186;82216;63598;18238;15360
evaluation,3381,26592;19040;5375;11958;874;1836;57164;33354;20952;73570
evaluation,3382,22912;552;26309;17778;91864;59898;41415;25932;9254;77034
evaluation,3383,42790;9890;45174;65088;12197;11516;85584;17778;9110;21134
evaluation,3384,11212;60586;51468;12292;13784;47018;88433;50072;13608;4248
evaluation,3385,52220;5354;57566;21046;38338;8839;60352;39318;59132;79576
evaluation,3386,68020;97790;39212;102;30650;26570;22458;24870;33206;114
evaluation,3387,31974;1155;11070;5178;46422;81948;29266;23770;88358;22760
evaluation,3388,62124;1160;62579;282;70139;29270;18190;60048;15102;29058
evaluation,3389,26738;7410;10528;7434;92321;10006;6410;6006;51572;7150
evaluation,3390,97124;33328;13712;37596;66120;13670;65160;30242;13958;32562
evaluation,3391,15520;17326;85280;32719;29186;43874;27124;59709;85584;22546
evaluation,3392,67552;3792;64852;87898;99678;354;15520;22306;85280;41932
evaluation,3393,34026;82774;9552;77737;82523;5024;51882;30028;946;49806
evaluation,3394,81834;92402;88240;71710;75920;5684;3290;86579;56168;74010
evaluation,3395,41498;54064;72670;16454;45957;51148;36134;4832;36992;44131
evaluation,3396,81372;30508;7998;887;16136;11812;1836;10156;88388;4859
evaluation,3397,8796;13368;2290;6554;1118;8190;19034;6594;6630;13868
evaluation,3398,49302;11506;59164;68262;24610;9676;33492;38706;22292;4838
evaluation,3399,77034;17778;5375;71462;12544;17006;12846;15768;12336;35836
evaluation,3400,72732;49128;72119;45418;72090;53421;82328;41078;57538;75404
evaluation,3401,96114;26156;45638;34566;28282;4926;78322;49044;7356;60140
evaluation,3402,99000;50852;49452;89125;22587;40608;73882;47098;23067;57710
evaluation,3403,33638;9110;68698;9226;48026;8724;38326;39730;22476;85574
evaluation,3404,30508;936;59579;36766;84806;57350;11764;41176;65554;91810
evaluation,3405,16136;887;1836;81372;10156;7998;30508;14262;40608;10814
evaluation,3406,74944;1011;3954;19579;3246;3010;946;3299;6204;8006
evaluation,3407,96434;34026;8706;81432;2880;72932;45478;24758;47098;64006
evaluation,3408,33700;29634;19760;59579;42762;99570;23035;15452;98950;214
evaluation,3409,65554;77034;91864;59898;85584;26309;9254;64090;53676;19518
evaluation,3410,24250;12211;51884;77080;75668;11162;390;17006;80708;3926
evaluation,3411,15709;16116;22262;68178;71330;28190;84858;16714;23527;57388
evaluation,3412,1836;16136;30508;67262;81372;57350;89024;7998;887;32958
evaluation,3413,88748;83094;23484;4708;63862;74511;26276;39105;90635;58618
evaluation,3414,86891;28034;54924;32038;48140;42495;52750;48772;15448;4116
evaluation,3415,86956;74912;46450;420;74424;34556;91988;9226;60496;75292
evaluation,3416,4960;67262;10887;8660;6406;46058;96150;5570;74800;16574
evaluation,3417,16914;15924;16128;15942;15926;16622;3008;15804;17006;85512
evaluation,3418,97810;68262;35060;56460;15419;33016;17632;19794;22302;33522
evaluation,3419,64882;93922;60112;96944;49452;37846;17283;5002;22587;59807
evaluation,3420,81840;62182;90550;94877;21528;96238;26810;97607;74256;20350
evaluation,3421,19852;4592;12007;38706;96103;3292;12070;84457;29154;4894
evaluation,3422,65581;55806;26182;47312;96944;5380;14512;82036;95904;46368
evaluation,3423,3975;5094;5642;87898;19372;82776;4946;55362;354;3792
evaluation,3424,31152;2760;2734;46748;43512;78652;11628;39102;23870;25398
evaluation,3425,14062;30904;50218;62434;6324;50070;8134;30194;63343;74396
evaluation,3426,88748;4708;32476;31510;68332;11702;39843;62222;39419;23484
evaluation,3427,79494;11698;39180;59046;69536;2144;38964;68110;36558;50190
evaluation,3428,97662;83094;90635;90476;88748;22494;32294;90306;78164;76764
evaluation,3429,32160;32120;53154;32384;30536;32270;54052;27694;89894;34504
evaluation,3430,35958;12854;13338;14454;4658;80668;58538;10310;27298;54194
evaluation,3431,47756;44544;99570;86548;71502;85412;56728;86060;22893;16230
evaluation,3432,73680;93922;73730;44930;46804;96944;97838;23527;60112;15944
evaluation,3433,77756;26478;75986;93114;97111;68262;23527;23112;57048;97810
evaluation,3434,4960;9696;96150;11528;5570;13234;58602;45206;53592;53912
evaluation,3435,63434;17770;3132;6194;9332;17723;6080;8870;3064;40054
evaluation,3436,14062;78532;8134;24490;9932;61982;6324;74396;30194;91580
evaluation,3437,80040;99780;17800;77445;21870;2280;58574;1788;99582;3352
evaluation,3438,1146;9606;81948;10979;3174;5174;76886;59344;19986;11070
evaluation,3439,45542;47556;13766;17468;25088;1316;45342;23514;5676;42716
evaluation,3440,21528;5072;94877;3718;14828;7064;90550;7648;7930;26810
evaluation,3441,33882;1011;11082;76728;41130;14748;73644;15822;85658;14612
evaluation,3442,64882;49452;89125;22587;53672;6538;46046;7914;96944;5002
evaluation,3443,8138;89808;7724;93094;19828;16420;4552;732;16952;7930
evaluation,3444,48832;7198;61540;61476;58114;10154;2168;58758;14604;46112
evaluation,3445,15709;84858;22262;16116;71330;82952;87576;5086;96246;72527
evaluation,3446,1876;9488;1912;8102;27462;13067;10630;81666;9182;34242
evaluation,3447,22403;47667;21456;47940;22902;17876;53136;34454;12520;37476
evaluation,3448,11712;23924;23652;20440;27672;53190;64090;64068;53812;54243
evaluation,3449,30288;41415;46022;85676;84748;50512;50602;50280;53274;32264
evaluation,3450,38086;38016;34814;77080;75668;51894;14722;35010;34940;5424
evaluation,3451,16136;1836;30508;12378;798;21898;7998;20848;17778;6246
evaluation,3452,77737;34026;49806;9552;51882;50018;82774;82523;5422;59580
evaluation,3453,2098;16044;66052;54282;89834;16902;22132;37248;49056;37416
evaluation,3454,8706;96434;49806;8008;64006;34026;47098;2880;19030;20744
evaluation,3455,35040;3434;46394;4952;30962;73268;7986;887;79794;81372
evaluation,3456,31264;38092;36344;42563;35836;18238;77510;80708;7391;76972
evaluation,3457,83184;19640;79212;49413;47200;94410;8736;8244;26052;14072
evaluation,3458,55450;66098;97920;50812;38112;1695;95865;81268;51564;62162
evaluation,3459,97806;97259;97530;31318;9235;17458;74808;1680;80230;1240
evaluation,3460,7930;8138;41498;11328;7724;36134;18310;89808;37427;19636
evaluation,3461,61934;59410;10798;30088;19416;52600;73730;73680;14604;30596
evaluation,3462,68916;59280;55310;55641;88972;71094;924;19336;19468;13084
evaluation,3463,96857;64354;69662;33328;96934;36594;8604;66120;61043;18775
evaluation,3464,64882;96944;49452;60112;93922;5002;22587;66080;65562;7914
evaluation,3465,40034;26556;24728;67996;12318;2392;12090;9712;1684;73058
evaluation,3466,41528;71405;14434;16650;5259;19884;66202;18060;8016;53306
evaluation,3467,85308;81357;73124;66738;87028;68470;2744;46797;34174;43152
evaluation,3468,60400;37328;1637;2168;58114;16650;25867;71834;26298;48416
evaluation,3469,32866;65180;46460;46234;61762;46205;27448;5001;1876;53398
evaluation,3470,14434;41528;71405;16650;53306;8016;79658;5259;18060;66202
evaluation,3471,8138;72670;92460;7930;2492;16454;9712;44131;2035;45957
evaluation,3472,97810;35060;80942;34320;56460;15419;68262;74858;33016;17632
evaluation,3473,15520;3792;22546;59709;17326;32719;25056;67552;3828;14722
evaluation,3474,77737;34026;9552;82774;59580;30874;74646;35794;30310;50018
evaluation,3475,31412;17819;33838;34916;12632;80408;80638;78702;85110;62654
evaluation,3476,96912;25362;54194;26538;96584;34542;22160;99709;41162;51572
evaluation,3477,93922;64882;96944;5002;17283;49452;60112;91992;22587;97838
evaluation,3478,89808;7724;94877;19828;26810;88944;92826;90550;81840;26994
evaluation,3479,88358;76874;57962;89506;59344;5222;10142;13084;1094;31974
evaluation,3480,90614;37654;28376;53056;15872;17294;37220;90350;98636;18894
evaluation,3481,26780;73136;45068;14062;35032;57757;79952;70131;79358;25047
evaluation,3482,3264;3040;6558;71934;98731;70682;59096;29232;64510;73611
evaluation,3483,64354;96857;18775;33243;33328;3859;86594;17956;63404;49572
evaluation,3484,35124;88676;910;94242;2047;780;35456;1024;37602;22902
evaluation,3485,65880;1236;33110;26077;4434;2068;6532;92758;18872;429
evaluation,3486,15419;1342;1258;85552;57089;98853;6134;56460;20384;19794
evaluation,3487,12486;3979;14764;23713;35962;18310;21660;64068;3690;82836
evaluation,3488,20384;93114;68262;77756;26478;37427;22302;56460;15419;5788
evaluation,3489,64882;96944;49452;22587;93922;60112;5002;7914;44930;19760
evaluation,3490,77737;34026;9552;82774;59580;82994;51882;82523;81038;30028
evaluation,3491,88748;4708;68332;39843;23484;32476;31510;32016;24504;22494
evaluation,3492,35494;62994;6396;11032;21964;87201;3468;77368;36385;77960
evaluation,3493,7898;86180;90614;98636;90350;83820;6558;8550;4166;89151
evaluation,3494,59709;92656;22546;71142;67552;28452;65002;17926;23744;44434
evaluation,3495,29028;10154;12;8480;51792;2092;15746;2168;4740;4642
evaluation,3496,96584;26538;54194;96912;62756;34542;64882;4658;26374;16392
evaluation,3497,19208;8708;65444;21886;21870;69246;9310;83412;33820;13182
evaluation,3498,19852;68262;9443;49302;16080;36574;12854;78760;26970;31550
evaluation,3499,28188;97259;97806;72622;31318;23632;4020;57876;20130;3662
evaluation,3500,41516;17800;49932;69156;98960;8708;77445;76136;58574;3352
evaluation,3501,86510;61020;86312;47748;5086;45004;54118;68560;9916;47278
evaluation,3502,73438;73307;73590;9124;37938;71404;73644;65962;73418;8436
evaluation,3503,71370;13306;92700;26182;91992;23671;72210;1698;24652;23754
evaluation,3504,71876;28536;25047;42656;54010;29514;31318;74841;94954;16808
evaluation,3505,83264;97920;81268;66098;51174;34536;81954;56112;5714;50812
evaluation,3506,89352;47084;9826;14068;48504;40614;8540;41536;21420;19607
evaluation,3507,6360;5782;6418;6351;5542;5407;6310;5620;9118;5324
evaluation,3508,86396;99582;36472;9839;62710;64562;47037;47582;23382;45470
evaluation,3509,36385;57232;1384;82952;28821;62994;57388;11032;35494;71330
evaluation,3510,32160;72000;32120;27694;34504;50491;50990;31392;16714;97724
evaluation,3511,96584;62756;34542;54194;15368;48420;8943;51276;3032;42434
evaluation,3512,32120;27694;32160;27456;53154;32270;57884;34504;29140;50491
evaluation,3513,96857;86150;85983;37206;5510;81328;79212;14339;62392;97636
evaluation,3514,66034;1968;52476;29250;96434;18794;52504;7802;87028;92890
evaluation,3515,31202;99472;95769;81338;81768;57705;86150;10276;21526;14038
evaluation,3516,2734;17368;16086;21096;13182;5490;76460;20662;14920;98282
evaluation,3517,85584;43874;32719;25056;49788;22546;17326;29186;40714;33638
evaluation,3518,77034;1276;17494;54243;43594;36210;81038;92240;64090;3548
evaluation,3519,5765;47302;14918;20960;73136;94410;8166;61290;78702;53766
evaluation,3520,90350;88460;71694;6536;18868;86180;98636;62944;35958;76628
evaluation,3521,42495;36662;59226;59078;75714;71876;23822;65646;74995;14181
evaluation,3522,48400;65974;93798;20532;47994;70682;90614;8550;81328;39979
evaluation,3523,44024;73493;14550;99796;21471;97292;52504;15210;14822;1248
evaluation,3524,32719;91864;17326;58538;29186;71904;27124;86259;85584;33638
evaluation,3525,96857;64354;63404;18775;49572;8604;14339;27084;33328;96934
evaluation,3526,83276;64750;65656;64404;92157;68842;1022;73366;87572;20422
evaluation,3527,97810;68262;56460;15419;35060;33016;87520;33522;19794;22302
evaluation,3528,35850;54120;33776;87028;3171;36134;3570;28366;18310;96169
evaluation,3529,31080;18426;51448;18814;35728;32020;35572;36480;19767;93546
evaluation,3530,3792;67552;64852;99678;87898;354;2318;66622;2592;86026
evaluation,3531,91582;36426;69578;35001;36258;85112;39578;70514;46748;44828
evaluation,3532,80408;89917;28694;81145;4099;17819;42880;62912;84834;24434
evaluation,3533,51448;1322;22718;46412;40286;32754;84162;96146;19767;40802
evaluation,3534,2982;24826;78962;3307;7258;5946;7048;48690;55686;30758
evaluation,3535,35124;35456;910;37602;780;58212;94242;63958;2047;88676
evaluation,3536,46958;11084;63380;23280;4688;82060;24581;40494;37510;54482
evaluation,3537,12756;39172;76268;56424;69246;8333;45856;71108;37736;62112
evaluation,3538,95274;57596;11516;86259;12254;1270;22006;71904;12197;73570
evaluation,3539,30172;81038;9658;14206;91864;2038;39196;3006;57596;65437
evaluation,3540,8416;1276;54220;10814;30508;9426;2038;3548;14284;65437
evaluation,3541,56882;56728;46180;3670;76268;7126;66560;14200;47430;69356
evaluation,3542,57048;54258;96056;94560;2774;56370;95586;46516;35060;53628
evaluation,3543,24728;39072;2392;73366;11132;40034;9712;2894;1684;93114
evaluation,3544,33608;23527;68262;97111;75986;23112;58990;35060;5788;77756
evaluation,3545,97636;98262;48610;93860;90605;82933;2654;2474;6362;56414
evaluation,3546,46804;49452;19760;99000;42320;72752;7914;22587;74250;78988
evaluation,3547,51894;22306;27494;77080;3828;2592;15520;98730;51884;18636
evaluation,3548,5570;4960;6406;96150;4276;55362;82776;53592;3975;38750
evaluation,3549,32842;34504;29140;4116;86891;85334;22458;16948;6042;85884
evaluation,3550,887;81372;4952;40608;88388;48176;9822;80496;7998;42864
evaluation,3551,77737;34026;82774;9552;82523;51882;82994;30028;59580;42218
evaluation,3552,66098;97920;80509;63733;50812;39382;24043;55450;51174;81268
evaluation,3553,50812;66106;51174;97920;34536;81268;62162;10116;95865;55450
evaluation,3554,1030;3608;96528;5438;89377;67772;72579;84834;8556;20574
evaluation,3555,30186;52234;5024;52744;3823;42218;23859;48176;30398;81496
evaluation,3556,12254;11516;12197;42784;874;52334;12864;186;11574;53472
evaluation,3557,32842;85884;59750;3014;82920;34504;17046;31392;26364;53154
evaluation,3558,85676;95606;44954;2880;27124;34791;51596;45026;45930;25932
evaluation,3559,3975;4528;50512;6406;93036;55362;4276;2068;58602;87798
evaluation,3560,87688;5424;50812;89548;12856;20690;65227;16330;58484;61616
evaluation,3561,75668;77080;53651;81074;38086;4767;87688;65880;69164;38016
evaluation,3562,6360;6310;5782;2567;6418;5407;23218;4468;6351;5620
evaluation,3563,83184;79212;19640;47200;49413;94410;23214;62434;78532;27290
evaluation,3564,35494;62994;11032;6396;36385;94146;51647;87201;1384;5384
evaluation,3565,79360;13306;42529;8982;56880;16010;56948;51754;21096;54072
evaluation,3566,27456;32384;54052;32160;32120;27694;57884;25126;53154;32270
evaluation,3567,19852;53628;55549;39831;39760;58990;4169;18726;20936;164
evaluation,3568,24690;23414;86048;23210;55038;26804;95698;45100;95082;60140
evaluation,3569,2760;12738;96473;13846;83904;57410;13182;32646;90602;14038
evaluation,3570,19794;56460;61784;87520;17632;74555;15419;22844;42248;17630
evaluation,3571,9488;51276;74260;73366;14822;52234;3394;13466;31216;21632
evaluation,3572,61934;59410;30088;10798;19416;52600;14604;68262;54404;72193
evaluation,3573,6828;7476;28676;59526;97254;46288;92240;24326;86078;8112
evaluation,3574,17326;85584;75952;43874;2592;25056;81572;49044;31144;85643
evaluation,3575,1106;26350;57350;35982;32038;53676;5212;63974;88788;67262
evaluation,3576,19640;47200;30194;83184;27228;93310;80040;47154;88014;49413
evaluation,3577,7170;1962;2570;12008;1002;7918;13114;93232;14592;10444
evaluation,3578,10004;86892;33608;97111;18803;39488;33492;68262;5001;35060
evaluation,3579,96584;62756;34542;54194;39873;48772;74250;27694;6778;1940
evaluation,3580,5912;89808;26810;19828;92826;20652;39730;7472;56171;91970
evaluation,3581,69488;2262;20912;37846;17127;83317;34244;14612;4255;96444
evaluation,3582,4934;21652;40440;5024;26210;34288;40971;80850;84457;52504
evaluation,3583,86754;75208;75176;90148;89932;5862;18302;84240;12686;90119
evaluation,3584,87688;64345;89548;55117;406;90534;61616;22356;33110;58484
evaluation,3585,34504;32842;85884;26364;57390;86891;22458;78402;32160;72000
evaluation,3586,34791;34054;95606;58146;6406;27124;19990;14674;27412;29186
evaluation,3587,9592;9212;44864;72732;36094;41301;23626;11288;40962;80112
evaluation,3588,93036;17186;17210;61616;65606;87798;91580;49124;2068;94078
evaluation,3589,70131;51802;71866;74196;39286;67992;21694;18018;41162;75452
evaluation,3590,50990;50491;32384;27456;16714;17730;32160;89894;28190;1024
evaluation,3591,25694;6712;48680;81328;57884;48400;64510;25088;58112;91637
evaluation,3592,96584;62756;34542;54194;48772;6778;16948;37806;58958;74250
evaluation,3593,13306;16010;1698;72210;26412;71370;23890;46878;70474;41866
evaluation,3594,69488;96584;2262;34542;3032;21652;22902;47971;47667;63500
evaluation,3595,19336;19468;21098;76874;34794;21046;89506;13084;1094;1247
evaluation,3596,97124;93744;52764;13958;30242;57514;65568;33556;26240;53056
evaluation,3597,46234;670;46205;46460;11060;65148;21632;52744;85654;18512
evaluation,3598,64882;49452;22587;53672;96944;89125;99570;23570;65581;11458
evaluation,3599,946;1034;54572;98420;71404;68562;51882;84748;51956;73644
evaluation,3600,17127;20912;83317;2262;98198;37846;98690;83160;72193;96822
evaluation,3601,30672;6134;22009;60172;71614;87952;19794;87520;22844;24259
evaluation,3602,19852;16080;18792;57048;9443;31550;72458;54258;26478;56370
evaluation,3603,48454;48680;25694;51392;30942;25088;64510;91637;37282;26104
evaluation,3604,31080;51448;35728;18426;32020;18814;35572;1322;40014;45237
evaluation,3605,11702;2734;23484;64986;24906;18748;8276;83094;88660;58618
evaluation,3606,23752;57372;59296;55474;17024;27626;98114;43938;73307;73590
evaluation,3607,86892;972;40176;38746;18803;15931;27386;6278;18466;51696
evaluation,3608,8376;5524;30186;66364;52744;52234;77656;22960;29110;23859
evaluation,3609,55334;85574;28930;43850;22476;90802;89125;21660;44730;89008
evaluation,3610,18786;71370;44490;43622;21260;5814;48333;18872;59344;40388
evaluation,3611,20974;52616;90522;15222;8362;64736;75582;15512;58215;11258
evaluation,3612,3792;67552;48752;99678;3828;22306;26878;64852;87898;354
evaluation,3613,20116;1318;6928;11212;67762;2020;6726;25778;86891;32716
evaluation,3614,13368;9100;10872;8540;47308;1118;2570;1896;25354;8796
evaluation,3615,62246;68332;56258;68296;39419;48050;88748;89232;4708;22494
evaluation,3616,57048;35060;94560;2774;96056;4628;23826;54258;56370;10052
evaluation,3617,33030;27386;3646;29858;94092;54541;34011;27107;4255;83820
evaluation,3618,9606;1146;81948;47926;24782;11070;10979;71646;3174;57410
evaluation,3619,65974;71934;27448;7898;3040;64510;25088;23092;98731;81328
evaluation,3620,57089;44154;33016;33522;22844;16100;56460;87520;20384;44702
evaluation,3621,93922;64882;96944;44930;60112;65562;97838;17283;19760;5002
evaluation,3622,91582;24988;64552;8333;13846;39172;32016;90602;90498;14038
evaluation,3623,85584;17326;43874;75952;15520;2592;25056;40714;85643;53132
evaluation,3624,4946;46022;6406;4276;4528;25932;14402;87798;65606;3975
evaluation,3625,75208;75176;86754;18302;98210;5862;89932;90119;90148;93591
evaluation,3626,34542;96584;62756;32120;1024;25362;22160;16714;35456;54194
evaluation,3627,74213;31868;81050;37080;13016;24812;36976;13766;89798;93969
evaluation,3628,94877;81840;3812;26994;21528;90550;26943;88944;96169;26810
evaluation,3629,12917;61020;26952;5635;71614;6202;80264;72643;1912;4100
evaluation,3630,98853;85552;1342;15419;19794;6134;56460;1258;17632;2462
evaluation,3631,93922;64882;97838;49452;5002;60112;612;59807;96944;1248
evaluation,3632,7452;3032;10933;17876;61065;20386;30242;26538;94988;11930
evaluation,3633,3792;67552;87898;15520;354;64852;82776;26878;19372;20302
evaluation,3634,55450;50812;38112;1695;51564;97920;7426;72526;66098;56112
evaluation,3635,1030;24434;5487;3686;96528;5938;30328;73836;13974;3352
evaluation,3636,97806;97259;90119;26104;60596;1758;70642;14726;99538;12850
evaluation,3637,64354;96857;33328;69662;66120;3859;3702;65160;14992;96934
evaluation,3638,78380;21022;1072;27230;6362;6824;8879;2874;6420;47618
evaluation,3639,97806;97259;14726;60596;90119;1071;9839;99334;7826;12850
evaluation,3640,91992;92700;23754;23671;26182;23570;63030;26374;69510;86150
evaluation,3641,82776;5094;5642;87898;354;3792;19372;64852;4946;55362
evaluation,3642,90550;94877;5912;89808;19828;3718;81840;39730;26810;21528
evaluation,3643,4960;6406;67262;5570;96150;13234;9696;11528;46058;4276
evaluation,3644,97120;28178;62392;18330;82933;24826;1080;522;26104;20022
evaluation,3645,55450;50812;51564;56161;97920;66098;62162;38112;56112;1695
evaluation,3646,52886;57218;90534;81074;2967;12917;20986;77080;66172;38016
evaluation,3647,48764;96857;3062;58990;69238;10528;25106;19852;69662;724
evaluation,3648,54541;3646;47200;94092;39831;34011;13534;64510;8136;57514
evaluation,3649,788;6210;8712;14171;24610;6478;78928;3355;87516;22292
evaluation,3650,99434;340;63880;69619;92758;936;91110;23048;376;65556
evaluation,3651,41602;14162;36200;54720;85643;81432;15712;85161;43143;40714
evaluation,3652,12070;12007;93114;9948;19336;48942;4358;67510;15205;19468
evaluation,3653,32842;34504;17046;53154;85884;32160;82920;76536;72000;31392
evaluation,3654,91992;92700;63030;26182;23671;23570;23754;69510;5380;53428
evaluation,3655,52234;30186;52744;30398;42218;5024;94844;93654;8376;23859
evaluation,3656,69488;2262;20912;83317;68414;17127;96444;96414;14612;94218
evaluation,3657,936;26350;47098;30508;65554;30090;398;48026;35742;41176
evaluation,3658,45930;28528;45875;51596;29186;7988;85676;84657;44954;84748
evaluation,3659,97959;99516;99476;71126;26919;11628;87688;42554;2068;12856
evaluation,3660,55576;78164;18706;83094;90476;22494;32016;62246;68332;93772
evaluation,3661,8708;47684;95384;39102;28754;34268;31152;80620;99952;21964
evaluation,3662,68916;19336;76664;47618;19468;21098;924;48180;55310;11684
evaluation,3663,96857;64354;33328;66120;69662;65160;3859;96934;18775;19138
evaluation,3664,99326;13846;14200;4536;32646;97607;90498;99284;14038;3670
evaluation,3665,99434;340;63880;69619;92758;936;91110;23048;65556;376
evaluation,3666,36472;23382;87370;74006;62061;41943;84776;27163;99582;44234
evaluation,3667,55450;97920;7426;51564;50812;38112;1695;24043;66098;9952
evaluation,3668,88748;11702;62222;90635;8276;94214;4708;21526;39843;76764
evaluation,3669,3662;4020;38092;36344;15052;11916;35836;73826;89930;42563
evaluation,3670,11702;63862;13696;88748;83094;90635;90476;62110;86224;62112
evaluation,3671,26350;936;30508;86723;48026;47098;16114;41422;19510;79502
evaluation,3672,12840;33270;89932;40718;37420;86108;80664;28534;28352;25612
evaluation,3673,18581;5498;24798;45856;55930;98194;64940;40772;48360;29410
evaluation,3674,3792;67552;64852;15520;87898;99678;354;22306;41932;2318
evaluation,3675,39419;68332;56258;89232;68296;48050;60282;13696;32476;88748
evaluation,3676,36562;3975;18738;58602;30359;4946;47684;69510;51560;27437
evaluation,3677,44396;55268;4418;17458;99334;63168;97259;2351;1736;60453
evaluation,3678,86754;75208;75176;89932;98210;90148;94570;43206;90119;5862
evaluation,3679,39356;23822;21902;24162;69394;73884;89536;24016;15970;29268
evaluation,3680,74836;47667;35124;9828;21320;47940;63958;59164;58578;45764
evaluation,3681,946;1034;10150;1011;552;84748;4014;35218;7618;99654
evaluation,3682,22306;87898;410;26462;20518;20866;88569;64852;62392;96854
evaluation,3683,49128;82328;45418;72732;72119;75404;41078;57538;53421;80654
evaluation,3684,77080;34940;51884;14722;75668;3792;67552;63835;41932;51894
evaluation,3685,15520;17326;43874;32719;85584;71142;22546;51884;59709;29186
evaluation,3686,55450;97920;38112;50812;56161;1695;18018;7426;39401;56112
evaluation,3687,77510;31627;31264;49324;14064;75670;5506;442;88382;67262
evaluation,3688,51932;46252;49339;61020;74608;76996;4100;55000;84397;51290
evaluation,3689,99678;3792;87898;67552;86026;22306;354;1450;26878;20302
evaluation,3690,9074;22677;15200;38326;1826;42790;46964;40946;76818;80786
evaluation,3691,1904;82036;14612;1615;30359;59882;87344;18738;28764;54670
evaluation,3692,9212;9592;46604;41052;44864;75576;48782;43938;11288;41301
evaluation,3693,26350;936;82216;86723;75576;16114;77034;398;41176;30508
evaluation,3694,99434;340;63880;376;69619;25770;65556;19674;60673;8632
evaluation,3695,55450;97920;66098;51564;1695;95865;56112;24043;50812;38112
evaluation,3696,97259;97806;28188;94434;94570;81145;67104;99952;23632;12632
evaluation,3697,83094;90635;90476;55576;88748;63862;11702;78164;8276;62110
evaluation,3698,91582;69246;58108;5362;46748;33820;13846;2175;24988;4536
evaluation,3699,48180;45670;14820;11960;39820;47618;70666;85667;6824;6244
evaluation,3700,34542;96584;62756;2262;69488;47667;3032;69238;22902;9828
evaluation,3701,55576;22494;83094;78164;97662;88748;18706;39419;4708;32016
evaluation,3702,73268;51394;42434;71405;11082;98198;44930;10016;50072;9712
evaluation,3703,69510;63030;91992;95698;42554;92700;6598;89125;23671;8600
evaluation,3704,15419;56460;6134;1342;85552;98853;57089;17632;87520;22844
evaluation,3705,26350;936;48026;86446;47098;86723;82216;16114;41176;26309
evaluation,3706,376;63880;340;69619;99434;77510;60673;21016;81893;90028
evaluation,3707,51842;21694;70131;1707;7226;27266;23702;74396;63343;79646
evaluation,3708,79494;17800;36558;69156;49932;4372;41516;77445;99780;58574
evaluation,3709,32160;32120;72000;32270;53154;27694;34504;50491;27456;1024
evaluation,3710,3662;4020;38092;36344;73826;11916;15052;73764;12488;42563
evaluation,3711,96857;64354;33243;49572;63404;17956;35522;17076;92581;17636
evaluation,3712,96114;26156;23626;30629;75844;91460;7356;4926;30760;45638
evaluation,3713,68916;19336;47618;19468;48180;21098;48690;13084;924;76664
evaluation,3714,46234;670;46460;46205;11060;52744;65148;21632;18512;15850
evaluation,3715,97124;33556;13712;94988;53056;74136;80504;76628;65568;41092
evaluation,3716,46205;32866;61762;65180;46460;85654;60352;1876;46234;27448
evaluation,3717,19852;9443;31550;92418;39008;18726;18364;19576;48782;3194
evaluation,3718,33882;73644;83100;41130;1011;76728;52650;5570;429;99654
evaluation,3719,9488;40971;26210;40868;1912;5112;1876;52504;5524;15354
evaluation,3720,4960;5570;4276;6406;4528;46058;96150;67262;45206;58602
evaluation,3721,72090;10894;1706;9592;11891;2222;80112;11288;5320;10682
evaluation,3722,6360;5782;6310;2567;6351;57577;10404;85446;19961;2426
evaluation,3723,11702;63862;88748;62112;13696;62222;39172;83094;86224;90635
evaluation,3724,75354;87370;84240;94748;17819;89917;98376;86754;89932;90119
evaluation,3725,96857;64354;63404;49572;86594;33328;8604;27084;3859;5510
evaluation,3726,74213;31868;81050;37080;36976;24812;24870;13016;29140;93969
evaluation,3727,71370;11828;12614;70838;24760;72210;12834;11106;11308;22704
evaluation,3728,40772;39105;13182;62112;19342;4708;83904;98282;87370;27163
evaluation,3729,13846;14038;14200;4536;66800;99284;50900;99326;84901;13182
evaluation,3730,14612;83317;30359;96444;96414;1904;50512;18738;11082;83160
evaluation,3731,53958;35058;96414;4664;96444;1876;1912;91172;86048;30192
evaluation,3732,7367;74492;72912;73309;12952;3171;75395;35850;87952;44130
evaluation,3733,20814;6931;4960;67262;52700;11288;63880;23752;84519;86597
evaluation,3734,86446;99234;98946;85900;17256;32958;99387;30244;27018;79807
evaluation,3735,87688;3700;61616;5424;89548;31144;59630;10122;65606;43054
evaluation,3736,55450;97920;38112;50812;56161;1695;66098;7426;18018;51564
evaluation,3737,85328;99089;27266;92650;7226;39286;55940;79646;35246;92918
evaluation,3738,83184;19640;49413;16710;79212;23214;13306;47200;78846;22282
evaluation,3739,32160;32120;72000;53154;32270;65370;27694;32384;34504;78402
evaluation,3740,788;6210;8712;14171;3355;24610;6478;83992;78928;22292
evaluation,3741,96944;60112;64882;5002;66080;57456;49452;7914;22587;91992
evaluation,3742,35058;20912;1876;53958;96414;96444;2926;27462;4664;29250
evaluation,3743,33792;60468;12314;11310;77080;8941;1022;29154;52504;3438
evaluation,3744,88782;6880;85308;8943;73124;2996;36662;5366;70784;81696
evaluation,3745,12254;11516;12197;42784;874;52334;186;12864;11574;53472
evaluation,3746,99434;376;340;63880;88388;25770;69619;9402;65556;25831
evaluation,3747,72090;53421;34054;65194;1706;28282;8008;48782;32664;77326
evaluation,3748,1318;25778;67762;11212;20116;6928;43010;47018;2020;9392
evaluation,3749,55450;38112;97920;7426;1695;50812;66098;51564;9952;18018
evaluation,3750,8540;7244;13044;5862;9118;584;6554;2398;6080;8812
evaluation,3751,22282;15334;99020;14512;70131;83184;8736;25047;468;19640
evaluation,3752,62222;84576;88660;66438;97607;52670;80658;81840;27163;19342
evaluation,3753,98166;9628;76563;98476;79296;6894;35494;62994;6396;12374
evaluation,3754,68916;924;1247;47618;21098;19336;19468;5354;11684;48216
evaluation,3755,68916;924;1247;19280;19610;21098;48180;11684;47618;19336
evaluation,3756,2054;4996;87201;47971;94954;17044;90112;77368;47264;2500
evaluation,3757,30398;77656;33792;29154;11310;51508;84457;12314;26210;60468
evaluation,3758,10142;13084;19912;980;89916;88358;41328;6042;89506;9554
evaluation,3759,62222;11702;19986;88748;39936;19962;39105;62322;4708;17368
evaluation,3760,55576;24874;22494;78164;17368;90500;99538;97662;39419;39576
evaluation,3761,18706;90500;84834;90119;90635;78164;71108;62112;83094;35277
evaluation,3762,20427;24988;56882;90498;64552;91582;56424;4536;32646;13846
evaluation,3763,2630;35960;83586;20198;91500;13310;32584;5994;7276;50588
evaluation,3764,91081;94616;24690;92037;8760;10316;15884;23414;26804;86628
evaluation,3765,38964;72579;77464;45470;10540;77445;79494;36387;93310;50190
evaluation,3766,89808;88944;94877;19828;7724;26810;26943;26994;8138;81840
evaluation,3767,2396;81840;89590;93312;41588;74256;62182;8336;41376;4588
evaluation,3768,63030;69510;67048;91992;92700;3975;80840;2248;6278;99654
evaluation,3769,28426;28366;26556;88594;18794;2604;6278;24728;62560;73366
evaluation,3770,89808;19828;88944;94877;7724;26810;26943;26994;8138;93094
evaluation,3771,19372;87898;82776;5094;5642;3792;354;55362;3975;4946
evaluation,3772,77737;34026;9552;82774;30028;14932;49806;82994;50018;82523
evaluation,3773,32958;79807;27018;99234;98946;17256;79485;85900;2526;3106
evaluation,3774,1155;22458;38784;39186;96822;33296;9948;57390;118;21780
evaluation,3775,99434;376;340;63880;69619;25770;65556;19674;9402;88388
evaluation,3776,87688;65227;61616;89548;90534;65606;5424;69164;64704;49124
evaluation,3777,55450;97920;51564;1695;38112;50812;66098;62162;7426;9952
evaluation,3778,68916;55310;88972;76664;6210;59280;3355;9160;55641;61456
evaluation,3779,15480;71694;27004;83598;2026;44046;7138;83556;22568;90146
evaluation,3780,96584;3032;62756;34542;37206;17127;96822;69238;2262;7760
evaluation,3781,5354;5680;47618;96422;24610;28948;6244;58112;6224;22816
evaluation,3782,43498;98872;63472;79658;50040;42740;37450;4740;41902;39040
evaluation,3783,4395;29128;48748;87402;6899;11436;84129;44378;44450;3600
evaluation,3784,24850;98420;38326;15996;75301;9074;80786;36034;1826;86084
evaluation,3785,34677;85161;1276;1494;74844;9370;53676;8102;61020;99302
evaluation,3786,1011;73644;33882;76728;41130;70506;15822;4946;99654;4276
evaluation,3787,9488;40971;30398;26210;40868;5524;52504;88569;5112;34340
evaluation,3788,3658;38345;35960;39403;47619;86046;3960;6828;6495;91500
evaluation,3789,65656;83276;64750;92157;64404;68842;74540;45548;77100;16352
evaluation,3790,54640;54670;1904;87344;10280;14612;82036;28764;42510;46797
evaluation,3791,4169;20936;26478;18792;25102;1260;58990;45341;68262;20424
evaluation,3792,32476;88748;68332;31510;23484;4708;22494;39843;89001;68296
evaluation,3793,55576;18706;68332;22494;68296;84834;78164;97662;83094;88748
evaluation,3794,10116;9952;50031;62162;92467;97254;51174;55450;63733;97920
evaluation,3795,68916;924;1247;47618;21098;19468;19336;48180;11684;19280
evaluation,3796,19852;31550;20936;10122;18792;39808;49302;38706;48764;4169
evaluation,3797,68590;67104;15392;38887;73242;98492;19090;48254;12170;1766
evaluation,3798,9628;98166;6894;12614;12374;12834;35494;98476;30296;6644
evaluation,3799,46234;46460;5001;46205;61762;1876;49774;85654;27462;45957
evaluation,3800,77080;3438;11310;52744;42320;63044;7802;75576;12314;52504
evaluation,3801,27003;59750;3032;4592;4838;58212;11506;97810;24728;95318
evaluation,3802,10116;5080;50031;9952;81268;72526;51174;55450;62162;56161
evaluation,3803,66530;78154;22292;35462;86594;8879;96422;69626;24610;6362
evaluation,3804,92786;23214;18028;21886;58050;10276;21526;81768;61188;81338
evaluation,3805,35960;2630;7276;91500;9910;83586;59636;20198;14348;54812
evaluation,3806,9491;9074;1618;4682;13994;32302;73112;90046;260;1880
evaluation,3807,43486;21958;7988;1348;21906;95758;98114;20680;82146;23752
evaluation,3808,39419;78164;55576;18706;60282;22494;68332;68296;94570;90500
evaluation,3809,10979;1146;76886;5174;11070;9606;81948;3174;118;38184
evaluation,3810,85983;70192;47754;15464;91026;684;56044;10310;13670;41092
evaluation,3811,55576;18706;68332;22494;68296;84834;78164;97662;83094;88748
evaluation,3812,27003;59750;4592;4838;58212;97810;39192;24728;11930;702
evaluation,3813,1034;946;26309;68562;1011;3718;74944;68166;1048;1462
evaluation,3814,3434;35040;73268;30962;71946;79794;46394;4952;4859;887
evaluation,3815,3662;4020;38092;36344;73826;15052;11916;73764;49324;42563
evaluation,3816,75354;87370;17819;89932;86754;89917;84240;94748;90148;28694
evaluation,3817,20427;24988;64552;91582;8333;41434;13846;90498;12718;32646
evaluation,3818,57920;33222;21526;20470;57876;61188;31012;62738;72276;39296
evaluation,3819,22836;3140;45174;17014;29186;21016;58538;87728;1270;27124
evaluation,3820,1146;76886;9606;10979;5174;11070;81948;3174;14708;118
evaluation,3821,22160;55176;26574;17730;54194;28190;99709;34542;1024;15872
evaluation,3822,75336;64852;30436;73242;46958;2592;18640;2318;33882;11598
evaluation,3823,96584;62756;34542;8786;92214;98012;27694;58112;48420;39873
evaluation,3824,22836;3140;45174;29186;58538;10980;27124;10122;17014;17326
evaluation,3825,12374;12614;11828;98166;12834;6644;6894;11106;11366;9628
evaluation,3826,59462;21911;59502;52886;45305;9708;84397;95758;1246;13076
evaluation,3827,15520;17326;51884;32719;22546;14162;54786;22306;27494;3792
evaluation,3828,17406;4116;92700;51372;93854;64882;99570;92826;85308;28428
evaluation,3829,71405;23527;76492;92157;98198;784;94218;45206;11528;11082
evaluation,3830,946;1034;18310;18700;98420;53580;1011;29186;68562;54572
evaluation,3831,36412;38338;38972;52886;24326;19416;6828;44310;53086;28676
evaluation,3832,69488;20912;2262;37846;1876;17127;34244;60112;59807;66074
evaluation,3833,4938;80716;52526;33792;54418;4264;17046;4300;46604;946
evaluation,3834,67552;3792;64852;99678;87898;20302;354;86026;1450;2318
evaluation,3835,44954;12558;29186;95606;45026;14812;46022;51596;45875;38750
evaluation,3836,20427;24988;91582;64552;41434;32646;13846;8333;90498;4536
evaluation,3837,86150;24906;11704;81338;2996;13892;6180;7696;12632;16848
evaluation,3838,27694;32120;54052;32160;32384;30642;31868;53154;50990;38706
evaluation,3839,53056;6558;90614;98731;3040;3264;15464;76628;52656;57514
evaluation,3840,3792;99678;67552;87898;86026;22306;354;1450;64852;20302
evaluation,3841,56460;57089;43298;98853;15419;85552;87520;20384;6134;1258
evaluation,3842,65656;64750;83276;64404;92157;68842;11584;74260;16352;77100
evaluation,3843,85308;81357;66738;49482;34174;2744;68470;4934;73124;19948
evaluation,3844,28930;55334;44730;34856;29894;43850;67530;89125;75810;80362
evaluation,3845,74256;81840;62182;23118;7980;94877;96238;91970;41079;442
evaluation,3846,67552;3792;64852;99678;15520;22306;354;87898;41078;41932
evaluation,3847,69619;63880;376;340;99434;19674;18055;32734;20814;77510
evaluation,3848,93591;75176;98960;8708;80638;46752;90108;98210;12632;53906
evaluation,3849,50031;55450;51564;24043;9952;81268;50812;72526;62162;56161
evaluation,3850,19852;36574;49302;31550;3438;5298;26970;78760;26478;9443
evaluation,3851,33556;97124;53056;94988;13712;15464;3859;13958;33328;41092
evaluation,3852,87554;55549;25126;65982;53154;29140;20424;32270;32835;25102
evaluation,3853,51262;80784;65160;9491;62213;11628;96056;66120;37800;25518
evaluation,3854,3108;9440;32814;22412;4100;79621;19831;51475;71126;45004
evaluation,3855,5912;7472;39730;85574;3010;42790;89808;15200;26414;6204
evaluation,3856,95392;46150;26229;61967;3979;10972;80866;46302;3690;4255
evaluation,3857,77034;33314;52750;29590;95274;44234;45341;4250;17778;15804
evaluation,3858,59579;27672;85574;15452;29634;97516;15200;64068;64090;36210
evaluation,3859,18622;44130;98962;87120;3730;9908;80716;1060;5272;36098
evaluation,3860,79658;98872;2092;63472;43498;4642;16650;50040;42740;48416
evaluation,3861,32866;65180;46234;53398;40654;3166;5001;46205;95081;46460
evaluation,3862,15419;35060;56460;85552;1342;63170;6134;17632;57089;97810
evaluation,3863,74540;16650;2092;4642;7336;7198;15819;50040;96702;54461
evaluation,3864,29250;41516;63044;5112;49932;82398;15996;29594;75810;42618
evaluation,3865,95082;45826;61762;46205;86890;60352;53274;11210;11262;10966
evaluation,3866,354;3792;5094;5642;19372;99678;4946;87898;3975;82776
evaluation,3867,56460;57089;43298;98853;15419;85552;87520;20384;6134;1258
evaluation,3868,63418;22492;21470;34476;70974;37224;39488;612;33016;40184
evaluation,3869,85308;66738;81357;49482;73124;4934;82398;76492;65444;36134
evaluation,3870,4740;4636;59986;98872;39040;5259;22599;2092;43498;3990
evaluation,3871,99434;63880;75952;936;340;69619;92758;23048;19674;65556
evaluation,3872,63022;4536;7126;98461;91582;79516;20427;99326;58108;39854
evaluation,3873,45470;36387;77464;50190;69156;77445;93310;8708;13364;8702
evaluation,3874,78164;86224;58108;32016;39576;55576;11702;90635;48050;23484
evaluation,3875,31850;38928;36172;74328;18726;18364;69264;7795;17508;37602
evaluation,3876,4740;98872;22599;43498;2092;39040;11258;64736;63472;15819
evaluation,3877,4395;29128;84129;44378;20140;87402;6899;11436;20144;21471
evaluation,3878,3792;67552;48752;64852;354;20302;26878;99678;3828;22306
evaluation,3879,12314;98690;11310;79764;12426;72814;53586;1022;28764;54670
evaluation,3880,788;8712;6210;14171;55916;20446;20376;18206;6478;13534
evaluation,3881,27672;9890;59579;29634;36210;64090;2618;43594;19107;65088
evaluation,3882,4960;4276;4946;58602;4528;96150;45206;67262;5570;6406
evaluation,3883,1146;9606;81948;5174;10979;76886;11070;6042;2536;65646
evaluation,3884,19852;26478;31550;16080;36574;18792;57048;56370;26970;79301
evaluation,3885,25102;32160;50491;53154;82350;31392;25126;72000;30536;65370
evaluation,3886,72000;32160;65370;32120;82350;89894;25126;50491;34504;32270
evaluation,3887,69156;4372;4062;79494;39180;77445;50190;49413;58574;59046
evaluation,3888,70514;41632;31132;41658;84901;18581;26052;85112;472;71832
evaluation,3889,3670;61188;4750;31510;5490;39854;44410;98960;66560;57410
evaluation,3890,30570;71043;62110;58618;47896;39936;16990;83140;93772;4904
evaluation,3891,71200;40772;64940;98194;18124;76268;36472;41943;44410;49838
evaluation,3892,16990;30570;82044;23484;60282;1088;64986;14020;86224;71043
evaluation,3893,74836;72456;580;96146;15876;1424;1442;32026;86180;40014
evaluation,3894,33556;97124;53056;15464;13712;13958;28376;41092;32562;74136
evaluation,3895,27694;32120;30642;32160;54052;53154;65370;38706;34504;31868
evaluation,3896,88676;43308;59132;43010;59266;13784;57514;58578;27107;54211
evaluation,3897,97724;7436;16714;53154;50990;8668;36664;31868;15594;50491
evaluation,3898,65974;48400;93798;47994;73611;20532;68482;81328;59134;71934
evaluation,3899,33030;74196;34011;94092;27386;36917;87516;15480;18726;3646
evaluation,3900,39220;46516;20318;43012;31234;82952;68060;91058;74024;16116
evaluation,3901,51448;1322;84162;22718;96146;46412;40286;40802;27230;32026
evaluation,3902,46958;63380;11084;4688;24581;35456;23280;7795;35124;64475
evaluation,3903,2047;97120;77368;77960;45542;88296;16044;59667;7048;47758
evaluation,3904,26936;70848;52650;82776;7290;58602;53592;93312;55362;53292
evaluation,3905,94877;26810;8772;21528;81840;19828;26994;89808;26943;88944
evaluation,3906,88388;92758;7998;30508;57350;67262;376;340;398;33110
evaluation,3907,44490;84576;61190;43749;62580;48048;10223;24966;93610;94877
evaluation,3908,85308;81357;49452;73124;68470;47312;46797;99000;66738;57710
evaluation,3909,75810;55334;89125;28930;67530;43850;18310;34856;4408;9160
evaluation,3910,92758;376;340;22912;99434;5320;63880;69619;9402;25831
evaluation,3911,9592;9212;44864;23626;4255;36094;11288;55474;90028;72732
evaluation,3912,81372;887;11812;40608;39346;88388;7998;16136;10156;98942
evaluation,3913,80777;4255;63598;41415;24676;59898;46726;65614;26309;68562
evaluation,3914,55450;97920;50812;66098;51564;38112;56161;9952;1695;51174
evaluation,3915,64552;90602;79516;8333;24988;91582;90500;71043;33050;33820
evaluation,3916,86754;75208;75176;90148;89932;84240;18302;5862;12686;22254
evaluation,3917,47200;62162;81268;2232;10116;32456;16710;16590;16674;2594
evaluation,3918,56882;76268;3670;69356;56728;46180;6136;66560;32646;44410
evaluation,3919,64940;70514;31132;39578;57920;6198;33747;26052;91582;41472
evaluation,3920,16438;16558;15356;43143;54720;64376;9148;10636;21170;86078
evaluation,3921,89808;94877;19828;39730;15224;7472;3299;26810;15200;3246
evaluation,3922,54541;33030;94092;3646;27386;34011;27107;88676;74196;71694
evaluation,3923,20532;93798;47994;39979;48400;71934;90350;90614;81328;7138
evaluation,3924,94877;81840;62182;44490;93312;1098;21528;90550;90150;34814
evaluation,3925,17232;288;45100;13550;77520;308;26124;59260;41060;80777
evaluation,3926,2668;10610;2068;10214;17048;72686;2314;26077;7998;88388
evaluation,3927,13608;13614;49358;42394;33782;3324;10688;96114;4692;60140
evaluation,3928,22458;17368;21780;35590;21996;46878;38784;22760;13504;9606
evaluation,3929,94877;52030;20406;51743;3944;12968;41642;21528;81688;86011
evaluation,3930,3444;3944;2362;43594;1072;34476;21022;94218;4094;60506
evaluation,3931,48834;80400;3640;3612;3600;11802;29154;16100;63234;44702
evaluation,3932,19336;19468;21098;76874;34794;19280;1247;89506;21046;13084
evaluation,3933,3792;67552;48752;64852;26878;354;3828;20302;99678;87898
evaluation,3934,24988;64552;33820;90500;90498;79516;4536;3670;56424;32016
evaluation,3935,6360;6351;5782;6418;5542;2290;582;5407;8540;5566
evaluation,3936,64702;83276;57640;64750;56686;8244;55806;38333;30904;7466
evaluation,3937,28188;38887;30316;69510;77426;67104;5112;46230;78146;43749
evaluation,3938,82716;21526;13892;95769;2373;46104;18706;20662;68296;18388
evaluation,3939,46750;85012;19967;40014;47092;21162;32020;1322;35572;6326
evaluation,3940,47684;95384;8708;80620;39102;99952;31152;26052;17048;34268
evaluation,3941,26738;7150;45498;51572;29956;6006;10528;80668;39509;19768
evaluation,3942,788;8712;6210;14171;55916;754;31622;78928;87516;18190
evaluation,3943,19336;19468;76874;21098;34794;13084;1247;924;89506;88561
evaluation,3944,72000;32160;32120;65370;25126;32270;82350;34504;50491;53154
evaluation,3945,39820;90605;13310;14348;21788;32112;724;22718;32754;1268
evaluation,3946,94877;3812;90550;26994;81840;21528;88944;15224;26943;26810
evaluation,3947,43498;63472;98872;79658;50040;81850;42740;41902;37450;39040
evaluation,3948,10547;22262;50512;2876;18738;2070;21656;30359;15091;69510
evaluation,3949,33882;1011;41130;76728;11082;73644;85658;14748;52650;70506
evaluation,3950,63030;91992;92700;69510;2248;23671;27437;42554;11782;23754
evaluation,3951,51394;11082;73268;98606;50072;10016;36562;23527;14262;42434
evaluation,3952,52886;8016;3472;23924;86574;23652;32302;44310;28676;8112
evaluation,3953,19760;49452;17530;17328;81496;1248;89125;7914;49932;53672
evaluation,3954,99678;1450;3792;64852;87898;20866;20518;86026;2318;354
evaluation,3955,79807;79485;99234;98946;32958;30244;39196;17256;5696;85900
evaluation,3956,20427;24988;91582;56882;90498;99326;66560;41434;32646;46748
evaluation,3957,11702;63862;88748;83094;18748;90635;62110;62222;12756;39843
evaluation,3958,18706;90500;55576;84834;39576;19170;68296;68332;84576;71108
evaluation,3959,27694;53154;30642;30536;50491;65370;32120;82350;32160;31392
evaluation,3960,47618;8879;78380;45670;5354;68916;76816;26858;48180;85460
evaluation,3961,96584;3032;34542;62756;92214;54194;39873;11396;42434;48772
evaluation,3962,30707;4426;858;29716;36992;2492;2540;7178;57089;20140
evaluation,3963,96944;5002;7914;64882;66080;89125;85308;1248;5112;22587
evaluation,3964,81840;94877;82592;90550;89008;19828;89808;89918;26810;15224
evaluation,3965,77170;38338;80061;12998;26936;27298;36412;82776;85920;63598
evaluation,3966,14796;15205;13703;15819;8480;8362;14604;2168;96822;14716
evaluation,3967,11516;11574;12254;12197;12211;52334;12290;51884;874;1430
evaluation,3968,34794;39624;88670;924;1247;37379;21098;76874;19468;19336
evaluation,3969,90498;24988;64552;32016;91582;32646;20427;8333;84576;55576
evaluation,3970,25047;72190;76944;54010;79212;56160;94954;71876;28064;75118
evaluation,3971,97920;55450;78846;56161;18018;56112;66098;62162;81268;97577
evaluation,3972,90500;18706;71108;61238;48360;98312;3886;75176;98461;39576
evaluation,3973,75208;86754;75176;22254;98210;8708;90148;90108;18302;94570
evaluation,3974,75354;17819;93591;87370;41472;98376;89917;98210;89932;7536
evaluation,3975,11704;2996;16406;24906;7696;12632;64986;27664;23380;81768
evaluation,3976,89894;65370;25126;72000;32120;32160;34504;82350;78402;50491
evaluation,3977,1146;10979;11070;5174;9606;81948;76886;65646;3174;38184
evaluation,3978,4169;71694;83840;90146;34542;83992;7150;68060;73070;33030
evaluation,3979,21098;19336;19468;76874;34794;88670;21280;19280;88561;13084
evaluation,3980,31412;33747;80638;41434;68296;16208;27338;87832;78702;17819
evaluation,3981,93488;10646;89917;94748;90148;75208;98376;86754;84240;23216
evaluation,3982,56460;85552;43298;57089;1258;15419;20384;6134;87520;98853
evaluation,3983,19662;3827;29490;11772;65148;10630;57372;42320;83317;2744
evaluation,3984,72000;32160;32120;34504;25126;32270;65370;22148;31392;78402
evaluation,3985,97124;27004;13958;33556;6478;20152;13670;18330;18380;23514
evaluation,3986,6326;35572;35728;85012;31080;32020;1322;18426;40014;93546
evaluation,3987,1330;496;13514;2500;32754;4819;7150;90605;3536;2407
evaluation,3988,16714;53154;50491;36664;32120;32160;65370;89894;34504;31392
evaluation,3989,33030;4169;82350;54541;3646;39808;94092;41162;34011;48184
evaluation,3990,79576;59132;69238;10528;51572;54802;54211;21712;36412;69562
evaluation,3991,17283;12998;3272;93922;612;80942;2344;62213;19128;19514
evaluation,3992,11262;60352;61762;85654;46460;49774;670;59702;85308;46234
evaluation,3993,69012;98950;24806;99570;446;19914;92890;19843;56613;21526
evaluation,3994,44864;9592;9212;23626;41301;41052;96948;96344;40962;72932
evaluation,3995,77737;82774;34026;9552;82523;51882;42218;5024;946;51956
evaluation,3996,91582;14200;14038;56728;13846;98461;79516;37736;90602;97607
evaluation,3997,72334;89352;13722;47440;47084;40614;85218;48504;47302;63538
evaluation,3998,68916;924;47618;19610;1247;48180;19280;48216;88670;19336
evaluation,3999,3264;3040;71934;6558;27448;98731;39846;73611;1588;1568
evaluation,4000,50072;2894;65717;86312;61762;61967;38746;30186;972;84806
evaluation,4001,4960;5570;4276;4946;11528;9696;45206;67262;53912;74800
evaluation,4002,9994;50018;64900;21170;21134;24424;16558;23626;15356;21420
evaluation,4003,19852;31550;39808;4169;20936;38706;96246;39873;18792;30596
evaluation,4004,1146;9606;81948;11070;5174;47926;80286;24782;6994;10979
evaluation,4005,96944;64882;22587;49452;60112;1248;23754;59807;7914;5002
evaluation,4006,33608;33492;17868;97111;68262;73730;73680;54544;35060;60188
evaluation,4007,79756;11802;19636;29154;19798;63234;74194;2492;29128;40824
evaluation,4008,65581;55806;96944;82036;26182;47312;12952;5112;5380;49452
evaluation,4009,71876;28536;25047;42656;31318;54010;94954;16612;2054;29514
evaluation,4010,83088;1080;47302;522;92254;2344;46856;35114;26919;89352
evaluation,4011,85552;1342;98853;56460;33016;6134;15419;19794;36992;57089
evaluation,4012,93094;41212;67996;67728;3308;3196;68136;54404;67834;19828
evaluation,4013,3792;67552;64852;99678;354;3828;22306;2592;20302;87898
evaluation,4014,34940;77080;46604;3994;51884;36862;34814;35010;64232;85584
evaluation,4015,59580;21170;3008;43486;14274;16438;9994;72732;5375;36200
evaluation,4016,19640;47200;14512;30194;27228;93310;94410;15334;10116;99472
evaluation,4017,27158;7452;3032;10933;20386;11930;44738;8244;17876;19834
evaluation,4018,46394;73268;21076;14152;71946;76644;30962;79794;16889;76672
evaluation,4019,59580;3008;21170;14274;43486;9994;16438;390;36200;91249
evaluation,4020,44930;96944;93922;14123;42320;17283;27626;68932;2047;26374
evaluation,4021,27158;3032;7452;10933;11930;44738;17876;61065;19834;5178
evaluation,4022,788;8712;6210;14171;6478;13534;18206;58212;18190;70139
evaluation,4023,11032;62994;35114;35494;34534;63864;1384;36385;45572;85983
evaluation,4024,25102;82350;896;84776;34504;72940;1155;14604;68178;60400
evaluation,4025,3264;3040;6558;71934;98731;27448;19310;39846;73611;1588
evaluation,4026,788;8712;6210;14171;58212;49396;53136;37476;78928;38750
evaluation,4027,1330;496;32754;13514;2500;4819;3536;2407;90605;6314
evaluation,4028,71694;15480;7138;74196;83598;61570;44046;90146;10528;22568
evaluation,4029,64910;46604;49326;32842;51884;92826;3014;52420;68858;11304
evaluation,4030,4960;5570;96150;53592;3975;4946;13234;11528;52874;9696
evaluation,4031,77737;34026;9552;82774;59580;53586;82994;30028;12426;82523
evaluation,4032,51230;7226;85328;96528;51842;34972;9928;79646;12056;43631
evaluation,4033,22;12262;14836;8402;14952;23844;36574;48832;11910;11970
evaluation,4034,8402;22403;33492;33608;60188;4894;68262;29068;34476;23338
evaluation,4035,37224;39232;20550;14891;91172;56686;66738;62696;78822;39488
evaluation,4036,19107;9890;36210;43594;2618;17778;64090;65088;9720;45174
evaluation,4037,2774;97124;33556;94988;13484;25840;13958;34454;26514;13712
evaluation,4038,87898;3792;99678;67552;26878;64852;354;22306;86026;2318
evaluation,4039,3434;35040;73268;30962;46394;16889;71946;4952;79794;4859
evaluation,4040,47200;19640;10116;26052;39578;2734;14918;16086;86620;20578
evaluation,4041,66842;10276;18124;38402;90712;99089;26818;83184;96394;19961
evaluation,4042,75208;86754;75176;89917;89932;90148;75354;94748;84240;39418
evaluation,4043,11704;89001;7696;27664;18748;86224;64986;24906;2996;12632
evaluation,4044,4960;4276;4946;5570;58602;6406;96150;4528;3975;67262
evaluation,4045,62756;96584;48772;9948;4658;34542;98700;10392;10290;36888
evaluation,4046,2774;33556;97124;94988;13484;25840;13958;34454;26514;13712
evaluation,4047,1330;2500;496;90605;7150;32754;29956;13514;39878;45498
evaluation,4048,910;58212;780;94242;88676;35456;17382;44656;97724;68945
evaluation,4049,33492;46112;48832;23338;7198;2;43298;1637;11258;22599
evaluation,4050,22823;37224;7312;15450;9294;60506;71671;7368;21547;2608
evaluation,4051,15419;68262;1342;56460;78822;35060;22302;37427;58958;76623
evaluation,4052,2618;86043;26106;64090;54720;27672;18700;21024;80110;51656
evaluation,4053,3434;35040;46394;30962;4952;71946;73268;79794;14152;16889
evaluation,4054,66842;31312;48664;73849;31494;51496;11722;54890;62588;10276
evaluation,4055,34504;72000;32160;25126;32120;65370;32384;50491;78402;57390
evaluation,4056,96584;34542;62756;54194;69626;59702;21970;51276;3032;42434
evaluation,4057,86577;420;91988;52924;39730;86956;9226;10508;52156;50008
evaluation,4058,48832;7198;33492;2;68262;12262;75986;14828;24592;32466
evaluation,4059,92438;57640;66738;39232;92572;38558;14891;16889;19270;17630
evaluation,4060,77737;9552;49806;34026;59580;82774;35794;60544;82523;82770
evaluation,4061,32958;79807;79485;99234;98946;86446;30244;4408;40946;21588
evaluation,4062,51230;34972;48392;28248;85998;45688;62312;10872;8190;73836
evaluation,4063,66202;98872;63472;50040;42740;43498;41902;58215;45682;42661
evaluation,4064,82776;59078;26936;59226;45206;22872;58602;48814;4946;4306
evaluation,4065,4318;41993;22226;81634;74382;98588;33149;96934;14181;590
evaluation,4066,420;46450;58970;86956;91988;33700;54244;18800;34556;75292
evaluation,4067,136;6850;23750;86891;118;6216;77656;22132;7798;4078
evaluation,4068,4960;5570;96150;9696;58602;6406;46058;11528;4946;45206
evaluation,4069,60586;11212;51468;12292;9542;13608;9730;50072;1732;13784
evaluation,4070,21098;76874;19336;19468;21046;34794;1094;21280;39624;1247
evaluation,4071,19090;23822;46476;89536;47346;77350;14020;30359;24162;52132
evaluation,4072,35058;20912;1876;96414;96444;53958;27462;2926;6495;4664
evaluation,4073,82216;44166;5002;85308;33700;15452;84519;85574;42394;41422
evaluation,4074,7452;27158;3032;11930;10933;20386;44738;19834;17876;61065
evaluation,4075,29490;65581;11379;83317;11082;42320;49452;85390;64882;30316
evaluation,4076,83276;64750;65656;92157;68842;64404;58602;6495;46022;96444
evaluation,4077,14550;50186;61762;22144;35832;412;14822;85390;5909;36144
evaluation,4078,49202;33016;85552;15419;57089;19794;29716;22844;2492;4426
evaluation,4079,14902;24114;41060;67122;45826;53274;43918;30288;10316;74676
evaluation,4080,67068;38746;45957;19948;34628;33776;92890;4426;73366;9712
evaluation,4081,4960;4276;5570;4946;13234;45206;58602;96150;8660;6406
evaluation,4082,9212;9592;23626;41301;44864;23718;36094;40962;72732;11288
evaluation,4083,34026;82774;77737;51882;9552;51956;30028;5024;82994;82523
evaluation,4084,29186;44954;34791;12558;95606;14812;7988;45026;34054;20848
evaluation,4085,49324;73826;3662;72686;4020;61528;35836;95582;7391;74256
evaluation,4086,22752;81893;36592;80112;7988;20814;82146;26414;11288;73307
evaluation,4087,340;376;99434;63880;69619;88388;60673;20814;98942;18055
evaluation,4088,65227;65606;64704;89548;93036;4946;58602;3975;49124;4276
evaluation,4089,16136;80496;887;81372;30508;1836;7998;40608;11812;88388
evaluation,4090,32719;33638;49788;49044;29186;17014;45174;59750;99000;87728
evaluation,4091,74010;75128;5684;75920;2639;71492;74116;71710;25922;8814
evaluation,4092,61188;81768;7696;23870;43512;24906;99472;18388;39843;16406
evaluation,4093,42656;3956;66842;4919;23218;58294;4984;10672;12120;4648
evaluation,4094,8708;98210;61266;32162;80638;7230;73778;5566;71832;98960
evaluation,4095,6360;6418;5782;5542;6351;50746;5407;23890;33210;54072
evaluation,4096,19640;27228;48264;30194;16710;49413;83184;55806;15334;9468
evaluation,4097,20652;26810;26994;8772;26943;3812;94877;8386;96169;20684
evaluation,4098,41212;20550;3690;20212;84528;91081;906;14902;67078;13614
evaluation,4099,30148;30088;18700;15712;14274;19107;54720;85643;77480;21958
evaluation,4100,35572;35728;6326;85012;18426;45237;32020;51448;31080;19767
evaluation,4101,83598;28204;7764;51562;38422;45698;18532;69238;20912;17024
evaluation,4102,7336;72828;4832;17639;27204;2092;17578;4642;8480;7970
evaluation,4103,21098;76874;19468;19336;21046;34794;21280;13084;37379;1094
evaluation,4104,3040;29232;3264;70682;6558;71934;47994;81328;65974;4786
evaluation,4105,56460;20384;87520;57089;1258;6134;43298;15419;85552;98853
evaluation,4106,64882;49452;22587;53672;96944;93854;89125;99570;26682;11396
evaluation,4107,94877;90550;26810;88944;21528;26994;19828;7724;89808;81840
evaluation,4108,12262;11910;11970;7198;48832;66982;3970;14952;22474;8402
evaluation,4109,29490;65581;83317;11379;37206;11082;55752;83160;21950;69636
evaluation,4110,64852;99678;67552;3792;354;87898;5094;5642;2592;2318
evaluation,4111,3434;35040;71946;16889;4952;46394;30962;26187;88388;887
evaluation,4112,5498;64552;65798;10276;98282;47430;21886;30704;9356;98461
evaluation,4113,75208;86754;8708;75176;90108;3503;98210;94570;13892;93591
evaluation,4114,96584;62756;3032;21970;34542;58958;58112;59164;22902;47264
evaluation,4115,19852;31550;30596;39808;39008;85884;15709;16080;9443;48140
evaluation,4116,94877;90550;21528;81840;96238;26994;8772;26943;3812;90786
evaluation,4117,42394;31816;88986;69012;23778;13198;64986;34370;23713;16574
evaluation,4118,38092;36344;35836;3662;42563;4020;75668;1366;48752;61528
evaluation,4119,63880;69619;65556;376;19674;340;25770;15467;10682;76738
evaluation,4120,77737;49806;34026;9552;20744;59580;87;316;50018;35794
evaluation,4121,7170;1962;2570;12008;13114;1002;93232;1736;10444;1598
evaluation,4122,23216;26550;12056;80866;99020;78846;47200;62434;76460;64320
evaluation,4123,57390;22252;28034;140;26804;29140;31818;6603;49582;57884
evaluation,4124,3264;3040;29232;6558;71934;70682;27448;98731;59096;64510
evaluation,4125,15819;11258;64736;15512;81850;79658;49080;20974;8362;15222
evaluation,4126,65581;81522;46804;26182;83184;26374;38558;1248;5001;43152
evaluation,4127,79780;80264;11304;1912;31082;14112;7920;54120;1494;39192
evaluation,4128,33556;4628;97124;14992;30242;3702;3264;29734;33328;6536
evaluation,4129,56882;76268;44410;56728;62104;3670;69356;66560;6136;67287
evaluation,4130,86754;75354;94748;62912;94434;90148;90119;1310;87370;19546
evaluation,4131,9212;9592;44864;41301;23626;40962;41052;11288;48782;43938
evaluation,4132,9212;9592;41301;41287;44864;63652;40962;41052;96948;36094
evaluation,4133,47200;19640;30194;27228;78532;10116;94410;14512;15334;93310
evaluation,4134,33556;4628;97124;14992;30242;43010;29734;33328;3702;94988
evaluation,4135,35572;35728;6326;85012;18426;45237;51448;31080;32020;19767
evaluation,4136,3264;3040;98731;90614;70682;6558;90350;71934;59096;48400
evaluation,4137,14952;11910;14836;4592;36574;15200;79301;11970;35378;22
evaluation,4138,56460;85552;57089;43298;15419;98853;1258;6134;44702;19794
evaluation,4139,9738;18728;17723;47966;20232;17999;19146;19206;19264;13886
evaluation,4140,21526;18388;95769;81768;73525;99472;80230;82716;74152;24906
evaluation,4141,5464;26052;65444;71832;65562;2190;2760;33747;31132;69246
evaluation,4142,4960;13234;5570;4946;96150;3975;9696;4276;53592;6406
evaluation,4143,77737;9552;49806;30028;34026;59580;58538;82774;1430;74646
evaluation,4144,16280;6960;9578;25898;72061;4248;12188;15970;50944;85390
evaluation,4145,6418;5542;6360;6351;5782;50746;13346;23754;23570;5407
evaluation,4146,71043;86224;61188;11704;16406;23484;81768;7696;24906;18748
evaluation,4147,67552;99678;3792;354;48752;38248;92656;60488;20302;38092
evaluation,4148,72579;38964;50190;39180;36387;10540;468;93120;10516;69536
evaluation,4149,52616;20974;90522;8362;75582;15222;58215;7198;15512;894
evaluation,4150,30672;30707;2162;7338;91324;33378;1444;95318;93086;3394
evaluation,4151,2462;36992;37450;732;63234;51148;5172;58074;41498;49252
evaluation,4152,26810;8772;21528;26943;26994;94877;89808;90550;19828;88944
evaluation,4153,27158;7452;3032;20386;11930;10933;44738;17876;61065;8244
evaluation,4154,36862;26878;50602;50280;48752;55362;18636;74800;58602;3975
evaluation,4155,71788;48026;10156;887;88388;9750;89024;74995;30508;81372
evaluation,4156,85308;11712;61562;33700;18982;77170;7968;47908;73124;15768
evaluation,4157,9212;9592;23626;44864;41301;96948;90028;23718;40962;36052
evaluation,4158,35040;30962;73268;2668;7986;81372;12292;46394;4952;3434
evaluation,4159,65606;65227;64704;6406;4946;4276;17186;58602;4528;3975
evaluation,4160,38092;36344;51894;35836;22546;48752;41078;31264;41932;58180
evaluation,4161,5696;39196;14284;30244;9658;9210;85827;52301;9426;79485
evaluation,4162,77080;34814;51894;75668;27494;38086;22306;38016;67552;35155
evaluation,4163,16612;18386;23702;62266;21174;21448;47424;85706;71876;6542
evaluation,4164,70131;55806;26780;50070;25047;61266;99020;38333;73136;99714
evaluation,4165,11702;62222;88748;63862;62110;90635;62112;84576;13696;58618
evaluation,4166,26810;8772;21528;26943;26994;94877;19828;89808;90550;96169
evaluation,4167,8760;67996;3640;21588;85654;3308;1362;1398;53274;4408
evaluation,4168,67790;45698;64060;35124;14992;26032;86752;13880;16616;37220
evaluation,4169,6960;62994;6396;3468;35494;18262;21964;89658;2380;8943
evaluation,4170,67996;8760;85654;4408;87336;3308;1444;5428;53274;68136
evaluation,4171,66202;98872;58215;42740;63472;43498;45682;50040;49080;64736
evaluation,4172,1714;35776;82679;14856;3980;58944;68858;87952;74492;72643
evaluation,4173,51842;75301;20350;79646;65148;7226;1112;2955;21694;90532
evaluation,4174,94877;90550;21528;81840;19828;3812;26810;26994;89808;8772
evaluation,4175,44131;61784;4408;26810;2814;48834;732;5130;43894;5228
evaluation,4176,4960;4946;5570;4276;6406;58602;3975;96150;4528;45206
evaluation,4177,26350;936;47098;47018;30508;798;86723;48026;19510;79502
evaluation,4178,27003;59750;95318;3518;39192;40971;94844;51276;33792;11930
evaluation,4179,31242;51576;24478;532;39657;44656;39006;10596;29582;19714
evaluation,4180,4592;29154;80400;92418;26478;3292;97291;93253;3612;3438
evaluation,4181,65148;61967;95392;3444;72990;4168;12520;54572;7056;76492
evaluation,4182,38558;56686;33776;3171;73309;35850;62560;41498;23778;46234
evaluation,4183,44828;40364;50746;59807;31152;30704;16086;66800;5490;23754
evaluation,4184,32842;17046;3938;410;64910;85334;77170;4772;10154;9388
evaluation,4185,99434;63880;340;376;19674;69619;65556;25770;26187;76738
evaluation,4186,55268;44396;69888;1736;63168;4418;2351;47044;17458;67772
evaluation,4187,1094;13084;9762;88358;76874;9554;22816;49302;81382;19336
evaluation,4188,21400;29140;24870;21446;36664;3014;34504;18466;24812;85884
evaluation,4189,21098;76874;19336;34794;19468;924;1247;39624;36854;11684
evaluation,4190,19767;40014;35572;71646;31080;6326;32020;35728;51448;93546
evaluation,4191,9606;1146;81948;24782;5174;11070;6994;47926;89506;10979
evaluation,4192,89808;19828;94877;7724;26943;8138;8772;26810;93094;26994
evaluation,4193,27003;59750;40971;58212;51276;39192;95318;99806;24728;97810
evaluation,4194,27158;3032;11930;7452;19834;10933;44738;8244;5178;58212
evaluation,4195,1714;58944;2784;69322;87952;35314;68858;53580;82679;72643
evaluation,4196,11379;13466;4170;11982;26136;10630;35544;9488;11812;11712
evaluation,4197,83276;65656;64750;64404;68842;92157;3171;52504;4426;92644
evaluation,4198,67552;16438;54720;3792;21134;51884;41602;14162;81572;43874
evaluation,4199,35040;3434;30962;73268;81372;4859;4952;46394;2668;7986
evaluation,4200,65606;26772;17186;65227;17210;94078;3975;93036;4946;44954
evaluation,4201,16710;97577;30194;48264;78846;22282;14072;31796;99020;12056
evaluation,4202,75354;87370;17819;84240;89917;94748;86754;98376;89932;90148
evaluation,4203,1247;39624;924;11684;21098;37379;76874;19336;34794;19468
evaluation,4204,67552;99678;3792;354;38248;48752;92656;60488;38092;20302
evaluation,4205,19767;35572;71646;93546;51448;45237;31080;1322;40014;40286
evaluation,4206,87201;40062;90112;2500;83820;47264;45572;98262;6396;94954
evaluation,4207,788;8712;6210;14171;31622;55916;6478;78928;87516;20446
evaluation,4208,96944;66080;36662;44930;60112;5002;64882;14123;93922;59807
evaluation,4209,4960;5570;96150;53592;4946;9696;13234;58602;11528;53912
evaluation,4210,5782;6360;5542;6418;6351;5407;5324;10444;13868;9118
evaluation,4211,74196;70131;71495;63343;74396;25047;71866;28900;57757;12992
evaluation,4212,31132;41632;70514;41658;33838;39406;27664;71832;73778;85112
evaluation,4213,66842;26818;73849;99089;18124;24539;90712;7250;75794;468
evaluation,4214,54541;8258;78130;29858;39831;33030;57514;64510;53056;48140
evaluation,4215,67104;65216;43308;75336;73242;15392;3496;96394;68590;46958
evaluation,4216,48832;7198;58114;41026;57418;26298;58758;25867;61476;29266
evaluation,4217,5002;64882;46046;7914;49452;93922;91992;15850;80942;1248
evaluation,4218,48832;58114;41026;7198;762;58758;26298;57418;53920;61476
evaluation,4219,27003;95318;40971;59750;42320;7802;39192;24728;11930;3518
evaluation,4220,1714;72643;80786;87952;71614;14856;3980;74540;79780;2784
evaluation,4221,44130;8938;1060;3730;16452;1410;5272;36098;7524;98962
evaluation,4222,9212;9592;44864;41301;41052;23626;4118;96948;48782;10682
evaluation,4223,35040;3434;7986;46394;4952;88388;30962;71788;887;71946
evaluation,4224,9212;9592;44864;41301;41052;96948;23626;48782;10894;12402
evaluation,4225,95930;21986;6406;24521;21964;3975;55362;4946;4276;5094
evaluation,4226,37422;12558;14812;42864;84748;85676;89501;91884;25932;26292
evaluation,4227,70514;31132;41632;86150;41658;31510;23380;76764;95769;58050
evaluation,4228,55450;97920;1695;50812;7426;38112;66098;51564;9952;56161
evaluation,4229,5782;6360;5542;6351;6418;5407;5324;67412;6310;13868
evaluation,4230,7170;12008;6928;13114;2570;1962;1002;10444;9464;16208
evaluation,4231,81268;56161;50031;66106;44586;10116;32456;51174;55450;62162
evaluation,4232,20427;56882;24988;32646;90498;91582;4536;56728;41434;99326
evaluation,4233,11722;35348;3200;2900;66842;89252;87366;483;73849;4919
evaluation,4234,57757;3256;72190;41034;63343;8736;70131;83184;79952;14512
evaluation,4235,32120;27456;32160;32384;27694;54052;53154;30536;30642;50491
evaluation,4236,19852;31550;9443;36574;49302;15709;12854;48764;92418;68262
evaluation,4237,1146;10979;9606;81948;47926;3174;5174;11070;76886;52290
evaluation,4238,54541;3646;29858;8258;94092;33030;724;27386;53056;31818
evaluation,4239,10528;74196;71694;7150;22568;41162;4169;22160;2026;7974
evaluation,4240,3264;3040;98731;90614;70682;6558;90350;47619;52656;59096
evaluation,4241,6210;8712;788;49396;18039;6478;25840;58212;37476;53136
evaluation,4242,68916;924;47618;19336;21098;48180;19468;1247;39624;11684
evaluation,4243,1260;73680;18982;73730;97838;44930;16714;15368;36662;1732
evaluation,4244,37846;20912;2262;98198;46804;17127;85308;34244;69488;73366
evaluation,4245,3792;99678;67552;354;22306;64852;87898;20302;2592;26878
evaluation,4246,1695;50812;55450;55549;56112;53628;38112;164;97920;35832
evaluation,4247,18792;36574;82952;19852;35378;22144;43012;26478;95586;41162
evaluation,4248,96584;34542;62756;54194;2262;22902;3032;98700;48772;47667
evaluation,4249,89472;77384;11970;13242;12122;11910;14952;12262;15224;77615
evaluation,4250,44130;3730;1060;8938;1410;16452;5272;36098;98962;7524
evaluation,4251,12262;4440;11970;11910;13242;23338;86621;4592;12122;22
evaluation,4252,4552;19739;87898;3640;31216;52504;72266;52744;15590;95318
evaluation,4253,29490;11082;11379;83317;65581;55752;33776;83160;42320;42434
evaluation,4254,51148;37450;4832;2492;7336;43498;5130;71963;2540;5172
evaluation,4255,42176;22823;21547;11038;37224;8016;60506;71671;30070;7312
evaluation,4256,44130;3730;1060;8938;1410;16452;5272;36098;98962;7524
evaluation,4257,11210;10966;27478;45100;95082;26124;94616;24690;7370;4919
evaluation,4258,97741;84726;35958;25392;59134;31868;13016;53476;55176;29956
evaluation,4259,37224;60506;20406;58040;40946;15450;9104;9294;7312;67750
evaluation,4260,29490;83317;11082;65581;83160;11379;33776;3827;42320;40608
evaluation,4261,35040;3434;7986;887;88388;4859;4952;73268;46394;81372
evaluation,4262,19510;1098;17006;17494;12211;41422;91249;7254;64026;3548
evaluation,4263,95930;21986;4276;33463;55362;4528;6406;5094;5642;9750
evaluation,4264,70514;31132;41632;95769;58050;86150;2996;31510;41658;99472
evaluation,4265,81268;50031;55450;62162;51174;50812;56161;97920;51564;83194
evaluation,4266,96854;83840;48764;19852;93860;83992;52750;18792;4762;92418
evaluation,4267,21098;19336;76874;34794;19468;1247;21280;11684;37379;39624
evaluation,4268,6644;12614;98166;12834;12374;11828;6894;98476;11106;11366
evaluation,4269,3040;27448;71934;81328;73611;3264;6558;48400;19310;39846
evaluation,4270,80264;5635;79780;79621;40388;11304;22412;99060;4100;84726
evaluation,4271,18256;23630;2234;74981;12694;7989;21054;40406;16976;7762
evaluation,4272,38092;36344;48752;3662;4020;35836;75668;51894;41078;22546
evaluation,4273,61188;86150;95769;70514;2996;96473;58050;31510;8276;99472
evaluation,4274,880;25578;86378;80664;27664;656;85218;6150;42836;29874
evaluation,4275,54541;3646;29858;94092;48140;27386;33030;724;27107;33556
evaluation,4276,13880;1024;13154;14160;14992;74836;26032;88676;82350;36664
evaluation,4277,96422;35462;48180;47618;11366;11106;55450;66530;23558;622
evaluation,4278,7724;19828;89808;93094;8138;49848;16420;2622;7930;94877
evaluation,4279,78652;780;910;44656;17382;68945;74050;18206;22459;88676
evaluation,4280,85390;1698;12316;54356;19128;19514;53432;612;51684;29126
evaluation,4281,7336;72828;16650;43894;8480;32508;2092;17639;1492;4832
evaluation,4282,42176;22823;21547;11038;37224;60506;8016;71671;7312;30070
evaluation,4283,74050;47758;43760;36348;66908;56490;54356;19514;27780;36030
evaluation,4284,85138;39356;72990;21902;24690;53274;27478;60878;71690;43918
evaluation,4285,35572;35728;19767;51448;31080;18426;32020;45237;6326;85012
evaluation,4286,27662;13860;48534;18894;17294;90256;26032;37510;69263;83958
evaluation,4287,34334;9542;7018;60342;24160;24492;88433;4318;63534;21046
evaluation,4288,35572;19767;35728;31080;18426;6326;93546;32020;40014;51448
evaluation,4289,14836;14952;11910;22;10798;79301;11970;89472;19416;50008
evaluation,4290,46112;7198;29028;48832;1637;11258;43298;15512;61476;64736
evaluation,4291,4552;52744;87898;20098;91942;3640;21471;99654;3194;31216
evaluation,4292,84457;24216;2855;5738;95318;3878;52286;86574;54386;1950
evaluation,4293,38558;56686;68858;33776;23778;3171;3980;61065;73309;732
evaluation,4294,9658;24060;12846;12535;9210;30508;63484;8416;82814;10338
evaluation,4295,38750;75714;70848;74995;2746;87336;23112;9216;51872;57906
evaluation,4296,6351;6360;5542;5782;4864;6418;10512;7230;45068;5566
evaluation,4297,69662;64354;33366;65160;22144;37282;66120;96857;21788;41328
evaluation,4298,21098;1247;34794;13084;19336;21280;19468;39624;924;11684
evaluation,4299,54541;29858;3646;33030;29734;27107;27386;57514;94092;724
evaluation,4300,17450;15588;55684;22500;13504;51576;532;59898;77170;47037
evaluation,4301,48832;7198;33492;2;68262;12262;32466;24592;14828;75986
evaluation,4302,7724;89808;19828;93094;8138;7930;16420;92826;49848;2622
evaluation,4303,7724;89808;92826;93094;19828;7930;8138;16420;49848;67048
evaluation,4304,1714;87952;2784;72643;1428;38902;54404;69322;14856;82679
evaluation,4305,24850;3690;17450;15996;64830;71823;11396;5506;57052;98420
evaluation,4306,51576;29582;31242;39006;23384;239;24478;115;40984;2874
evaluation,4307,94092;33030;27107;54541;3646;88676;71694;34011;27386;58578
evaluation,4308,21964;62994;35494;11032;3468;6396;77960;35114;1384;32598
evaluation,4309,97124;33556;30172;20376;70192;56044;49174;10310;7048;6362
evaluation,4310,10310;70192;47754;76628;97124;91026;574;15464;41092;33556
evaluation,4311,85552;41026;57089;762;33016;15419;6134;98853;22844;2462
evaluation,4312,85552;41026;57089;762;33016;6134;15419;22844;98853;57418
evaluation,4313,70514;86150;31132;41632;41658;95769;8276;31510;58050;46804
evaluation,4314,9592;9212;41301;44864;40962;11288;23626;10894;12402;10682
evaluation,4315,44954;45875;85676;38532;45026;12558;20848;7988;45930;34054
evaluation,4316,42784;14891;12197;59750;58538;94342;11516;12254;11574;52334
evaluation,4317,19336;19468;76874;13084;88561;88670;21098;34794;1094;33560
evaluation,4318,70838;89506;71370;6644;5222;72210;12374;9438;23558;81382
evaluation,4319,35960;2630;12716;91500;20198;622;14348;13310;13888;9910
evaluation,4320,22718;96146;32026;28154;8648;1322;88296;51448;84162;40802
evaluation,4321,70514;86150;41632;31132;31510;95769;41658;8276;46814;46804
evaluation,4322,35348;3200;3956;2900;6618;44396;11722;4919;2436;12120
evaluation,4323,12262;11910;11970;13242;14952;14836;78258;77615;79301;77384
evaluation,4324,14836;14952;11910;10798;11970;89472;79301;78258;77615;22
evaluation,4325,80264;79780;22412;20690;11304;20474;3296;38178;14112;13018
evaluation,4326,3792;354;82776;87898;5094;5642;99678;64852;19372;67552
evaluation,4327,27878;96444;7552;96414;62710;82659;7088;5072;21874;6660
evaluation,4328,39820;87516;43658;7048;48690;1268;18320;724;49302;3536
evaluation,4329,38092;36344;35836;51894;41932;41078;48752;7391;22546;41378
evaluation,4330,9658;63484;9210;12846;12535;7108;17612;2202;2132;24060
evaluation,4331,86654;14062;28512;7226;15334;99020;35032;50070;91580;99564
evaluation,4332,70514;86150;95769;58050;8276;61188;31132;41632;81338;31510
evaluation,4333,68110;67287;75522;81270;18302;76618;57561;16976;70994;31864
evaluation,4334,89506;71370;70838;5222;9438;51448;22356;40286;11308;21280
evaluation,4335,90605;496;2500;1330;7150;10528;32754;45498;83598;18868
evaluation,4336,17382;80784;44656;24486;910;78652;88676;780;48420;22459
evaluation,4337,33556;63500;33030;31574;97124;69818;4628;15480;70192;2426
evaluation,4338,82328;390;34968;77080;51894;77510;75668;43054;30436;23248
evaluation,4339,93974;46058;8660;6406;13234;96150;45206;53292;22872;7968
evaluation,4340,44864;4118;46392;79266;41052;9592;3438;9212;1648;23626
evaluation,4341,18292;33782;62182;65981;23100;24160;18786;14314;45373;41079
evaluation,4342,73686;73045;73902;31597;1579;26943;19384;70974;89008;26644
evaluation,4343,24114;61762;95082;43918;11210;11262;53274;7370;45100;3979
evaluation,4344,39006;51576;532;19912;19018;19714;23384;31242;43814;29582
evaluation,4345,45688;37636;97124;29122;12228;78702;80810;14780;5666;56162
evaluation,4346,33939;36636;26328;5098;75576;79726;20814;20680;80572;77326
evaluation,4347,37422;38536;91884;14812;84748;12558;85676;42864;89501;30359
evaluation,4348,95930;6406;21986;71946;35040;33463;73268;398;52874;4276
evaluation,4349,18018;55450;50812;24043;97920;5714;51802;1695;31790;51174
evaluation,4350,27228;19640;30194;83184;49413;23216;8166;55806;48264;12056
evaluation,4351,72086;31312;29114;24092;62162;27266;6106;71106;14447;22788
evaluation,4352,51564;50031;62162;24043;97254;50812;51174;55450;46339;31790
evaluation,4353,68262;19852;18792;26478;49302;36574;4762;16080;3859;33492
evaluation,4354,81948;1146;9606;11070;5174;10979;2536;21046;88358;11666
evaluation,4355,11162;22306;3828;18352;36052;38632;27494;12211;43054;18640
evaluation,4356,85552;15419;98853;1342;56460;36992;1258;19794;2462;6134
evaluation,4357,70131;71866;21694;9928;79646;85328;63343;10062;74196;73722
evaluation,4358,75292;170;8032;17474;58970;50268;24850;74424;19776;420
evaluation,4359,4960;85138;5570;4276;45206;4946;58602;46232;4528;96150
evaluation,4360,28396;420;75292;58970;46450;52156;8724;91988;52278;34556
evaluation,4361,420;47090;4952;887;5428;1234;74995;79794;87336;9254
evaluation,4362,26476;14350;64860;43938;4044;56582;92856;5656;32264;8008
evaluation,4363,9940;86621;798;429;91864;33700;186;64522;4952;16114
evaluation,4364,10310;574;91026;70192;47754;33556;97124;76628;15464;70642
evaluation,4365,60112;93922;96944;36385;5002;64882;59807;1384;36662;66080
evaluation,4366,65656;64750;83276;63044;64404;68842;8702;14550;29250;21652
evaluation,4367,85552;15419;1342;98853;56460;36992;1258;6134;74858;19794
evaluation,4368,8914;53132;16381;74540;86294;67122;78988;64102;73058;67728
evaluation,4369,2618;9890;65088;5375;42790;36210;45174;85512;9552;9110
evaluation,4370,39843;81768;88748;23484;39576;32294;94214;81338;16406;4708
evaluation,4371,88748;90635;97662;99538;11702;94214;76764;4708;83094;39843
evaluation,4372,3792;67552;64852;354;99678;20302;87898;82776;22306;2592
evaluation,4373,67262;4960;5570;37422;30962;88788;14402;2068;38536;1106
evaluation,4374,44954;45026;45930;29186;45875;46022;38750;7988;12558;25932
evaluation,4375,62579;1160;20120;62124;18190;29270;41306;60048;29058;22458
evaluation,4376,98946;99234;32958;79807;79485;30244;2526;85900;89024;53478
evaluation,4377,1155;17046;32842;3114;896;57218;52750;28034;102;654
evaluation,4378,74010;75128;5684;75920;2639;71710;8814;71492;74116;56168
evaluation,4379,21986;9750;6406;33463;95930;398;10156;4528;5094;5642
evaluation,4380,38750;75714;70848;2746;87336;67996;19990;2622;74995;2195
evaluation,4381,6360;5782;6351;6418;5542;5407;6310;13868;50746;67412
evaluation,4382,10979;11070;53536;1155;13212;59344;11666;96822;77804;1526
evaluation,4383,99564;34972;51230;7226;16208;32340;27266;40338;43086;57577
evaluation,4384,72000;32160;65370;32120;82920;89894;25126;34504;32270;82350
evaluation,4385,71370;89506;5222;11308;70838;9438;22356;22816;12374;40286
evaluation,4386,54541;29858;3646;57514;8258;29734;33030;94092;27107;52764
evaluation,4387,496;1330;32754;13514;92354;2500;1998;37379;4819;99709
evaluation,4388,59461;76268;85574;63022;439;65698;43512;1826;5490;21870
evaluation,4389,33556;63500;33030;97124;30242;2426;6536;29116;736;2567
evaluation,4390,5570;4960;6406;24162;93974;60042;23822;4276;53592;67262
evaluation,4391,85552;41026;57089;2462;762;98853;15419;54461;6134;58114
evaluation,4392,7452;27158;3032;11930;10933;20386;44738;96822;17876;61065
evaluation,4393,14836;14952;11910;79301;89472;22;11970;78258;10798;77384
evaluation,4394,97124;13958;13484;33556;13670;522;45542;64943;13712;20152
evaluation,4395,6360;5782;6418;6351;5542;5407;50746;10444;6310;13346
evaluation,4396,62162;51564;83816;32456;96854;25722;50031;81268;51174;74960
evaluation,4397,71876;26780;8012;31318;28536;99334;80230;99123;73136;42656
evaluation,4398,80509;41642;12968;62104;99350;88250;63733;62102;85998;97389
evaluation,4399,4494;28188;94954;22666;47424;90410;99564;6824;84812;1268
evaluation,4400,7436;94242;97724;34542;4169;37806;62756;8668;910;10290
evaluation,4401,2630;35960;14348;13310;91500;7276;54812;59636;83586;12716
evaluation,4402,3792;51894;48752;2592;27494;18636;99678;15520;67552;3828
evaluation,4403,38248;41171;21958;7178;58074;19107;36064;21906;48503;23338
evaluation,4404,3171;3894;53274;38558;3979;5024;33776;18310;12486;18700
evaluation,4405,9592;9212;41301;62228;57468;44864;41052;41287;36094;23626
evaluation,4406,77737;49806;9552;34026;59580;58538;81038;82774;5212;30874
evaluation,4407,38750;75714;2746;70848;7630;74995;2622;87336;67996;5428
evaluation,4408,22836;3140;86016;45174;17014;51352;21016;2222;29186;316
evaluation,4409,9210;63484;12535;9426;65437;12846;17612;7108;332;9658
evaluation,4410,58056;40406;85998;49297;44574;36600;19264;13886;27664;62902
evaluation,4411,24114;61762;95082;30288;53274;43918;11262;7370;24690;3979
evaluation,4412,11970;14952;12262;78258;13242;11910;14836;77615;12122;12318
evaluation,4413,95606;34791;25932;23527;7988;27124;26292;38750;12558;10122
evaluation,4414,1342;85552;98853;15419;56460;6134;74858;57089;36992;22844
evaluation,4415,38092;36344;51894;35836;22546;48752;41078;31264;41932;75668
evaluation,4416,36862;74800;424;26878;51894;87898;3975;41415;48752;3828
evaluation,4417,9212;9592;44864;23626;72932;72732;41301;40962;90028;96344
evaluation,4418,89472;77384;11970;13242;11910;12122;15224;14952;12262;77615
evaluation,4419,24114;95082;61762;30288;53274;43918;11262;7370;24690;45100
evaluation,4420,42006;78858;49560;65717;52266;11038;60506;49482;49494;36572
evaluation,4421,7724;89808;19828;93094;8138;7930;16420;92826;94877;26994
evaluation,4422,7452;27158;3032;11930;10933;20386;44738;96822;17876;61065
evaluation,4423,2967;4767;52886;29978;73849;85920;63030;65880;90534;82679
evaluation,4424,4699;300;7019;32716;23210;86628;6570;14181;24690;10998
evaluation,4425,73686;73902;73045;31597;89008;19384;1579;26943;77384;70974
evaluation,4426,18904;60662;61945;83100;16631;6204;15822;32264;62228;43970
evaluation,4427,3792;51894;27494;48752;2592;3828;15520;17014;18636;36344
evaluation,4428,35040;3434;887;4859;88388;7986;4952;81372;46394;71788
evaluation,4429,37055;25792;29804;43486;5656;72732;52444;60662;20680;23234
evaluation,4430,8320;41902;8480;15205;15448;11568;10979;51792;15819;29266
evaluation,4431,33556;69818;97124;63500;33030;7138;724;31574;20694;93798
evaluation,4432,59461;85574;76268;65698;439;31152;63022;20427;43512;56728
evaluation,4433,14181;24208;27818;87576;28190;22262;32270;14054;259;75714
evaluation,4434,86396;9839;94393;1260;43390;11060;8102;74328;98114;74024
evaluation,4435,12952;53190;53398;50750;53812;54243;3928;11712;8914;22646
evaluation,4436,28970;30870;67200;28754;28691;14726;10004;52251;84858;33882
evaluation,4437,44864;9212;9592;23626;41052;72932;81856;41301;63598;79120
evaluation,4438,65606;17186;87798;17210;3975;93036;44954;94078;4946;58602
evaluation,4439,99434;340;376;63880;69619;88388;60673;65556;30508;53421
evaluation,4440,33296;79164;90786;9034;67510;17902;95582;22148;64830;39414
evaluation,4441,61188;4750;49838;48360;3670;43512;76268;66560;57410;56728
evaluation,4442,23484;89001;22494;13892;24504;32016;47950;32476;80230;88748
evaluation,4443,1714;14856;43894;3980;80786;72643;74649;77418;35776;87952
evaluation,4444,8138;36134;732;4832;37450;51148;14764;35962;36992;5172
evaluation,4445,68922;24850;15996;16850;16830;21660;54314;70848;42002;7517
evaluation,4446,1342;15419;73045;17632;85552;74192;56460;73686;30070;6134
evaluation,4447,88388;5983;11982;26136;19270;7466;3294;11812;8562;81372
evaluation,4448,4960;5570;4946;45206;4276;96150;85138;58602;23928;67262
evaluation,4449,74912;3246;95621;46450;56155;19776;21911;6078;4394;3954
evaluation,4450,73686;73902;73045;1579;1402;1396;31597;94877;26943;2062
evaluation,4451,11970;11910;13242;12262;78258;12122;77615;14952;14836;12090
evaluation,4452,1714;80786;74649;14856;72643;66264;43894;3980;77418;87952
evaluation,4453,8914;67834;79780;27814;78988;45412;67728;73058;12952;67431
evaluation,4454,18904;16631;60662;61945;83100;32264;15822;6204;43970;62228
evaluation,4455,14902;67122;24114;41060;45100;41415;98854;43918;74158;45826
evaluation,4456,3792;51894;48752;2592;27494;15520;18636;67552;3828;2318
evaluation,4457,9592;9212;44864;41301;32734;23626;11288;40962;72732;76972
evaluation,4458,2222;95274;94342;86259;1270;86016;11516;87728;73570;2856
evaluation,4459,37055;25792;31139;85161;38398;56582;61945;52444;29804;23234
evaluation,4460,19579;71142;35054;65002;37055;59709;57538;43486;36636;42264
evaluation,4461,10392;1155;33296;8016;5259;22474;4740;84776;8480;34504
evaluation,4462,496;1330;32754;99709;2500;54194;90605;65478;25106;69238
evaluation,4463,14895;31264;77510;59502;11288;5656;80112;56582;6204;18055
evaluation,4464,9472;44954;45026;45930;972;13166;45875;10056;51596;46022
evaluation,4465,99472;78846;95769;16710;19640;49413;30194;1205;27228;48264
evaluation,4466,99714;38333;14918;9468;27228;12056;99089;22828;61266;5068
evaluation,4467,28970;27290;30870;28691;81666;20424;28754;87590;32068;43360
evaluation,4468,72579;10540;69156;11874;8244;47044;99714;1788;13352;93120
evaluation,4469,37636;45688;49120;26198;56930;85998;48154;22666;97389;78702
evaluation,4470,85446;2487;2056;4368;86351;5407;1880;5324;4468;6184
evaluation,4471,81522;24682;94146;32598;97636;3039;3094;3127;94322;6868
evaluation,4472,85584;69322;4116;43874;86723;31144;27124;50852;85512;45174
evaluation,4473,429;60140;29140;16948;19518;93741;16716;31392;15967;72000
evaluation,4474,72000;50491;78402;89894;31392;32160;65370;25126;36664;30536
evaluation,4475,5222;70838;71370;72210;6644;89506;11308;40388;23558;9438
evaluation,4476,6006;10528;6410;7410;7434;5895;80668;10006;26738;18868
evaluation,4477,76536;32476;77328;34370;26229;33786;4127;68332;19922;446
evaluation,4478,94616;60254;20650;62364;58471;10988;5952;15884;24524;8360
evaluation,4479,29830;86891;4186;35476;22458;9050;64632;75920;76210;10578
evaluation,4480,98588;68404;38184;88130;45460;43600;37248;13574;98924;99374
evaluation,4481,9606;24782;47926;1146;81948;11070;6994;21280;71348;89506
evaluation,4482,85446;2056;2487;4368;86351;1880;5324;582;4468;5407
evaluation,4483,26514;13484;25840;94988;26240;27158;51276;29734;26538;30242
evaluation,4484,49848;1338;28676;89808;50008;19416;15944;93094;86046;37146
evaluation,4485,24114;95082;61762;30288;53274;43918;11262;7370;24690;45100
evaluation,4486,9472;44954;45026;45930;13166;972;45875;10056;51596;46022
evaluation,4487,65656;64750;83276;64404;68842;92157;74540;45548;63044;29594
evaluation,4488,89472;11970;13242;77384;12122;11910;12262;14952;77615;23338
evaluation,4489,65581;17498;17626;11060;74250;1248;29594;36144;5380;46804
evaluation,4490,35040;3434;73268;46394;30962;4952;7986;16889;76644;2668
evaluation,4491,9160;22416;14828;91254;27434;214;52616;15452;90550;27370
evaluation,4492,25102;30536;82350;82952;65370;4169;82920;16116;85044;68060
evaluation,4493,11032;62994;35494;68052;1384;35114;21964;32598;36385;89852
evaluation,4494,74872;27371;42583;46726;91118;17498;87344;3894;97962;62528
evaluation,4495,68922;24850;15996;16850;16830;97102;42002;9578;61398;70848
evaluation,4496,48176;45228;89201;46392;17530;17778;50978;17328;33980;74540
evaluation,4497,41770;73242;64852;29934;45373;66622;90974;22078;84806;27434
evaluation,4498,8638;1684;6156;91242;24850;541;2392;25956;6278;9712
evaluation,4499,3171;3894;53274;38558;3979;5024;33776;18310;12486;18700
evaluation,4500,71963;49252;77234;9712;1800;8138;12090;27042;12952;14764
evaluation,4501,17186;65606;89548;17210;61616;90534;86192;87688;98102;49124
evaluation,4502,75292;3246;17474;3954;170;3299;6078;91242;19776;10992
evaluation,4503,46022;93036;25932;4946;15774;3975;4528;44954;84748;85676
evaluation,4504,99434;7998;376;340;63880;88388;9402;65556;69619;19518
evaluation,4505,7170;13114;2570;12008;1962;9118;14592;1736;7918;9464
evaluation,4506,85446;2056;2487;4368;1880;582;5324;5407;4468;774
evaluation,4507,94214;88748;90635;99538;39936;97662;62222;93772;76764;32294
evaluation,4508,2234;18256;21054;23630;40406;12694;19119;1882;7989;49297
evaluation,4509,2630;622;35960;13310;50588;13888;14348;8879;20424;495
evaluation,4510,44656;13534;69708;78652;58212;6478;99498;24486;14770;18206
evaluation,4511,19852;68262;3438;49302;31550;18792;36574;9443;12854;26478
evaluation,4512,58990;68262;18792;19852;90146;16080;6893;49302;41328;64354
evaluation,4513,70784;69256;94954;59266;30344;66098;21950;2796;8812;22090
evaluation,4514,89472;77384;77615;73730;73680;23338;12262;33492;43894;11970
evaluation,4515,17186;89548;17210;5024;90534;946;86192;42218;16330;26462
evaluation,4516,9212;9592;81893;7988;22752;80112;36592;72732;11288;10682
evaluation,4517,89201;4250;26616;46392;25974;17778;5375;5280;98730;77034
evaluation,4518,76874;13084;19336;21098;19468;34794;39624;88561;1094;924
evaluation,4519,9628;12614;11828;12834;98166;76563;24581;6894;16267;12374
evaluation,4520,76136;43392;43152;87028;3570;4664;22412;16648;22646;82659
evaluation,4521,96944;93922;64882;44930;65562;17283;66080;60112;42320;36662
evaluation,4522,43498;98872;63472;39040;50040;42740;4740;79658;66202;58758
evaluation,4523,15419;85552;1342;98853;6134;56460;57089;36992;2462;19794
evaluation,4524,11070;26970;25442;78760;61934;52420;11142;87576;14604;27818
evaluation,4525,27158;7452;3032;11930;61065;17876;40971;44738;10933;57372
evaluation,4526,64308;26528;59344;23770;72499;21090;41306;19912;50290;78994
evaluation,4527,3894;3171;53274;18700;3979;12486;36134;18310;33776;84129
evaluation,4528,28691;28970;30870;28754;4372;27290;27886;14726;25354;27996
evaluation,4529,63835;32719;15520;51884;27494;3828;43874;22306;17326;22546
evaluation,4530,7988;45875;84748;84657;25932;2880;28528;29186;30359;85676
evaluation,4531,3662;4020;38092;1366;14402;31627;36344;17824;35836;46496
evaluation,4532,4192;81840;74256;31706;94877;4016;21528;35155;90550;62696
evaluation,4533,57182;2526;98946;33540;88986;30166;89042;45228;80;79807
evaluation,4534,37055;29804;25792;43486;52444;38398;85161;41696;31139;21170
evaluation,4535,37422;84748;89501;12558;85676;14812;91884;42864;46022;44954
evaluation,4536,32719;85584;43874;49788;22546;29186;25056;86259;17326;33638
evaluation,4537,18190;282;20120;60048;15102;70139;62124;1160;90438;39318
evaluation,4538,71876;42656;31318;17458;28536;62044;97806;97259;72190;44396
evaluation,4539,57757;55806;26780;14512;76944;25047;83184;99714;40568;99020
evaluation,4540,99714;79952;77554;21886;84901;39216;21870;58050;77445;72294
evaluation,4541,70514;86150;95769;81338;31132;41632;49413;99472;8276;41658
evaluation,4542,39936;51546;16406;18388;86150;24906;21526;2314;61188;95769
evaluation,4543,85998;49297;40406;29402;36600;58056;44574;97389;68852;31876
evaluation,4544,97259;97806;94434;28188;94570;80664;42836;31318;3608;17458
evaluation,4545,45090;39830;7284;40542;6462;16036;51876;4388;6787;7148
evaluation,4546,22749;48140;78652;17382;87576;35456;22252;68945;69708;50491
evaluation,4547,1146;9606;81948;5174;10979;13084;11070;6042;65646;2536
evaluation,4548,53428;3646;19132;27780;57514;39878;27386;29270;33030;47582
evaluation,4549,496;1330;32754;99709;2500;13514;4819;90605;32510;18344
evaluation,4550,14434;83914;8016;11974;41528;64736;58215;52616;65786;4740
evaluation,4551,73902;31597;94877;73686;73045;89008;81840;88944;15224;90550
evaluation,4552,18060;83160;99654;50072;83317;37938;11082;30359;27371;14612
evaluation,4553,21652;4934;85308;412;30288;54640;52504;42618;91172;8702
evaluation,4554,38345;35058;7974;39403;15944;61556;35960;5994;16648;49774
evaluation,4555,27158;7452;3032;11930;17876;10933;19834;44738;96822;20386
evaluation,4556,86621;75986;33492;68262;48832;24592;4440;7198;12262;11970
evaluation,4557,73686;73045;73902;70974;1579;4440;1396;1402;31597;11910
evaluation,4558,99654;83160;44732;84748;83317;946;84657;86312;58638;35544
evaluation,4559,18060;98198;2894;76492;66836;67200;94218;99654;45875;37938
evaluation,4560,946;1034;82398;1011;26772;61272;29250;85658;61346;74740
evaluation,4561,1398;318;1362;25860;1332;11938;3394;9486;25956;3640
evaluation,4562,97806;97259;14726;28188;49986;31318;90119;19296;20662;12596
evaluation,4563,48176;46392;89201;17530;45228;17778;3007;17328;25974;95318
evaluation,4564,3792;99678;354;1450;2318;65880;4946;1360;31302;64852
evaluation,4565,35040;3434;7986;88388;2068;887;340;71788;4952;376
evaluation,4566,29186;84657;25932;7988;45875;12558;30359;51596;26292;87336
evaluation,4567,77737;34026;82774;9552;59580;82994;82523;51882;82770;20320
evaluation,4568,38092;35836;36344;75668;51894;77080;48752;3662;35010;22546
evaluation,4569,23234;37055;60662;25792;61945;56582;52444;6204;63652;57468
evaluation,4570,87800;37422;84748;12558;85676;38536;86970;91884;10150;9472
evaluation,4571,71876;28536;25047;42656;76944;94954;17458;31318;6618;47424
evaluation,4572,91582;56882;56728;41434;24988;37736;97607;12718;79516;26664
evaluation,4573,17382;24486;44656;97724;35456;68945;80784;25112;910;47556
evaluation,4574,19336;19468;21098;76874;13084;34794;1094;21046;11684;21280
evaluation,4575,71370;5222;11308;89506;70838;9438;6644;22816;23558;12374
evaluation,4576,75858;31080;71646;32020;21278;35572;45237;51448;27572;72456
evaluation,4577,10310;91026;56044;59;574;522;13712;6842;15464;12484
evaluation,4578,14062;5068;91580;50218;87297;99089;27266;39286;35246;32750
evaluation,4579,94877;26994;90550;88944;21528;1579;3812;81840;26943;73045
evaluation,4580,90522;52616;20974;64736;58215;15512;8362;37450;7198;15134
evaluation,4581,15419;85552;1342;98853;6134;56460;57089;36992;2462;19794
evaluation,4582,34476;21470;86870;612;8158;87120;33016;22492;8888;54544
evaluation,4583,83160;99654;50072;35544;11082;10016;35742;84748;83317;44732
evaluation,4584,94877;26994;90550;88944;21528;26943;1579;81840;73045;3812
evaluation,4585,25442;26970;78760;11070;61934;52420;11142;14604;87576;22262
evaluation,4586,36134;8138;4832;26994;26943;14764;16454;74555;84129;8772
evaluation,4587,67104;73242;15392;38887;64852;80093;43308;39314;21286;68590
evaluation,4588,35040;7986;3434;46394;79794;7998;88388;30962;41415;4952
evaluation,4589,16406;7686;86150;81338;24906;24686;23638;95769;99472;18748
evaluation,4590,26000;63652;56588;52650;77152;19036;18238;55544;41378;31264
evaluation,4591,35348;3200;2900;3956;6618;12120;11722;3784;44396;4919
evaluation,4592,99472;95769;81768;81338;97530;23484;97662;32294;17102;64986
evaluation,4593,27158;7452;3032;11930;10933;44738;20386;96822;8244;17876
evaluation,4594,11162;12211;22306;18352;36052;51884;30760;38632;51894;3828
evaluation,4595,58056;13886;38282;99036;97228;19264;47966;19206;19146;23360
evaluation,4596,73307;76818;18904;80112;67128;87952;65962;22752;73438;75834
evaluation,4597,6930;27664;7191;80664;880;584;42836;85218;3742;22500
evaluation,4598,22836;87728;2816;17014;3140;58538;21016;168;17326;95274
evaluation,4599,97920;19449;26960;80658;62764;50812;32788;90119;23702;66098
evaluation,4600,9468;91580;38333;39286;35032;2315;38964;99089;61266;27266
evaluation,4601,72579;60858;38964;16612;39180;19542;69536;10540;93120;73850
evaluation,4602,44954;12558;45026;87336;45875;84748;46022;45930;406;95606
evaluation,4603,7686;81338;16406;99472;86150;95769;24906;81768;23638;80286
evaluation,4604,30232;22718;98166;45764;83456;35124;55150;98476;9628;16267
evaluation,4605,71388;73570;74646;95274;63598;3781;44374;4250;1270;51830
evaluation,4606,39006;19714;51576;31242;532;29582;115;18758;19018;29788
evaluation,4607,41472;2190;38728;85388;85110;39296;46752;17846;52251;31412
evaluation,4608,28034;17382;7760;59132;3378;61476;40958;7198;22252;44656
evaluation,4609,158;15716;31042;47926;65998;28816;1094;47994;6824;51647
evaluation,4610,36064;88782;46804;5366;25518;69263;5510;25026;23754;26182
evaluation,4611,16406;86150;24686;99472;18748;24906;81338;95769;8276;23638
evaluation,4612,35494;62994;11032;21964;3468;1384;6396;77960;36385;35114
evaluation,4613,8006;19579;3010;40946;4856;74944;23408;63652;6204;3954
evaluation,4614,45820;21400;64852;33882;35832;3496;87388;18640;22078;56588
evaluation,4615,78760;25442;15709;23527;22262;87576;27818;71330;26970;23112
evaluation,4616,83160;99654;50072;11082;84748;44732;83317;8941;96702;18060
evaluation,4617,9472;44954;45026;13166;45930;972;45875;10056;51596;46022
evaluation,4618,38248;7178;19107;41171;58074;1462;3828;36064;41602;85162
evaluation,4619,35040;3434;7986;88388;46394;887;7998;81372;2668;79794
evaluation,4620,158;15716;31042;47926;65998;28816;47994;1094;51647;6824
evaluation,4621,64736;5630;8362;58114;48416;66202;90522;4740;60400;79658
evaluation,4622,99434;340;376;63880;69619;60673;21016;19674;53421;65556
evaluation,4623,22836;29186;45174;3140;87728;8194;316;58538;86259;1270
evaluation,4624,77737;9552;34026;82774;59580;82523;51882;49806;82994;50018
evaluation,4625,73570;71388;4250;74646;95274;51830;1270;3781;30310;14454
evaluation,4626,27158;7452;11930;3032;10933;44738;19834;96822;17876;42661
evaluation,4627,45090;39830;7284;40542;6462;18302;51876;16036;99582;6787
evaluation,4628,20350;73366;34628;17578;59702;27370;9742;670;90532;14856
evaluation,4629,86956;91988;86577;420;74912;15740;88788;46450;51048;34556
evaluation,4630,68994;52924;86956;31706;442;420;9226;14314;49848;4192
evaluation,4631,86577;15740;88788;86956;54244;420;46450;87336;96222;49076
evaluation,4632,9226;5428;88788;6078;3246;8724;420;50268;86956;75292
evaluation,4633,8138;51148;28426;26994;10494;44131;4832;28366;16454;19636
evaluation,4634,64882;96944;5112;17406;5002;85308;89125;99570;42434;53432
evaluation,4635,31868;32120;34504;82350;50491;32160;89894;36664;65370;27694
evaluation,4636,1260;3114;1732;4248;48420;25898;5366;14770;94242;15368
evaluation,4637,496;1330;32754;2500;1998;13514;32452;90605;92354;46412
evaluation,4638,71876;25047;31318;76944;26780;42656;80230;72190;53766;28536
evaluation,4639,70131;7226;37228;78702;21694;51842;9928;63343;85328;35032
evaluation,4640,67104;38887;15392;10710;10387;4451;79556;33824;68590;2078
evaluation,4641,22492;87120;34476;75086;21547;76074;21470;11038;33016;40184
evaluation,4642,53284;65880;97959;87688;38086;38016;99476;99516;90534;2967
evaluation,4643,37055;25792;3926;77480;43486;72732;72119;33736;45378;52444
evaluation,4644,97920;66098;38112;55450;50812;24490;80509;56112;9952;39117
evaluation,4645,89472;11970;77384;13242;12122;12262;15224;11910;23338;14952
evaluation,4646,2267;5001;10004;96444;38345;96414;1494;39403;6495;61556
evaluation,4647,69263;5366;36064;88782;15528;25026;46804;22587;25518;13712
evaluation,4648,13580;896;57566;59132;21046;84776;79576;84340;90;69562
evaluation,4649,89472;77384;13242;11970;12122;12262;15224;11910;23338;14952
evaluation,4650,76623;74740;61556;10004;57905;51702;96444;96414;23778;5635
evaluation,4651,99654;83160;84748;83317;35544;11082;50072;44732;10150;29250
evaluation,4652,41588;52476;23928;19002;4588;7560;16830;63044;7968;73268
evaluation,4653,99678;3792;67552;20302;64852;354;87898;42648;27494;22306
evaluation,4654,86446;30244;32958;99234;79807;98946;85900;85827;79485;17256
evaluation,4655,71876;25047;42656;47424;94954;72190;28536;54010;26780;63343
evaluation,4656,99564;70131;63343;85328;79358;99020;71866;62434;30194;79646
evaluation,4657,29747;78846;97254;56112;43768;34536;17508;724;77996;83264
evaluation,4658,45688;37636;56930;80810;29122;5666;97124;73722;21694;28972
evaluation,4659,97259;97806;99952;14726;31318;28188;17458;17048;90119;558
evaluation,4660,26574;51572;92321;22160;18868;44046;10528;26738;24208;80668
evaluation,4661,3136;6851;34794;56766;48690;48216;5354;45237;3306;74006
evaluation,4662,79658;8320;81850;16650;15746;15819;8480;4832;2092;37450
evaluation,4663,16802;24356;17604;18330;20152;20446;29734;5946;25840;20376
evaluation,4664,39296;13892;49413;81768;1758;12632;95769;83184;13306;16776
evaluation,4665,18256;23630;2234;12694;1882;7989;40406;49297;632;13252
evaluation,4666,17842;46752;41472;39296;1148;17048;93591;46784;17458;49986
evaluation,4667,65656;64750;83276;64404;92157;68842;11584;74260;24259;51508
evaluation,4668,93448;16420;22862;16952;3166;18746;53208;15212;53398;87028
evaluation,4669,15709;78760;27818;25442;71330;23527;22262;87576;61934;36385
evaluation,4670,115;19714;2742;38090;21046;31242;29788;51576;3944;10596
evaluation,4671,74649;3864;8914;45412;4524;802;4772;67373;34420;9430
evaluation,4672,42556;84858;15996;5112;9182;18060;9488;83160;32298;38345
evaluation,4673,46234;61762;60352;11262;54064;53274;45548;46205;45957;85654
evaluation,4674,35040;46394;4952;79794;7986;30962;21076;39346;73268;76644
evaluation,4675,9592;23626;9212;44864;41301;96948;40962;11288;90028;10682
evaluation,4676,53284;38086;38016;90534;87688;64704;32734;15238;65227;5424
evaluation,4677,3596;11628;6194;15392;15624;42100;80914;21286;54524;22760
evaluation,4678,96584;62756;34542;92214;98012;54194;48420;14882;1940;25362
evaluation,4679,67790;27662;62944;26032;4080;98700;18894;36390;86180;31850
evaluation,4680,9712;61784;14764;11328;74555;15552;9786;15586;27042;27204
evaluation,4681,98853;85552;6134;57089;15419;56460;19794;2462;17632;1258
evaluation,4682,15709;78760;27818;25442;71330;23527;22262;87576;61934;36385
evaluation,4683,76874;41328;70662;13084;19714;19912;44656;72458;54086;81382
evaluation,4684,2267;5001;10004;38345;96444;96414;61556;1494;6495;39403
evaluation,4685,20550;27509;82336;3970;16952;86043;21958;22788;68006;67354
evaluation,4686,76492;98198;18060;33776;2894;19948;51394;66836;30359;94218
evaluation,4687,27158;3032;7452;11930;10933;44738;19834;8244;96822;63434
evaluation,4688,6278;50512;15822;11082;55362;3975;20264;83160;2248;34286
evaluation,4689,31627;1366;3662;4020;1460;72686;73882;17824;5572;11916
evaluation,4690,85900;98946;79807;99234;30244;2526;57182;32958;79485;53478
evaluation,4691,25792;37055;29804;72732;5656;57468;80112;43486;52444;75844
evaluation,4692,89201;46392;17530;25974;26616;3007;48176;77034;17328;17778
evaluation,4693,88748;97662;39936;68332;39843;30563;11702;47124;74511;1310
evaluation,4694,19274;42148;32452;56052;47926;41010;6008;28684;18240;52290
evaluation,4695,35494;21964;3468;62994;11032;97636;35114;82933;68052;77960
evaluation,4696,8943;24650;24882;66369;15114;24521;99709;2316;3468;10174
evaluation,4697,89808;49848;19828;50008;39730;94877;82592;81840;90550;442
evaluation,4698,27158;7452;3032;11930;10933;19834;96822;44738;17876;20386
evaluation,4699,39006;532;19018;39657;115;19714;18758;31242;29582;19912
evaluation,4700,5001;2267;10004;15944;1494;38345;96444;61556;49774;39403
evaluation,4701,42394;34242;58471;4255;61608;906;3007;26229;63598;12520
evaluation,4702,65148;34340;63949;64484;5524;37794;26210;40971;30398;38902
evaluation,4703,80840;18738;30359;21084;83317;83160;96702;20536;67530;20264
evaluation,4704,3792;67552;99678;2318;64852;354;20302;51894;2592;18640
evaluation,4705,9212;9592;44864;41301;41052;23626;43938;72732;48782;40962
evaluation,4706,4960;5570;67262;4946;4276;85138;56588;4528;58602;38086
evaluation,4707,35040;3434;46394;7986;30962;79794;73268;88388;2668;81372
evaluation,4708,77510;82216;32734;31264;63880;95758;18055;80112;10682;29810
evaluation,4709,98946;30244;79485;99234;79807;2526;53478;32958;57182;89024
evaluation,4710,37055;25792;29804;56582;60662;52444;23234;8706;64006;12224
evaluation,4711,22836;95616;2816;2222;87728;63835;95274;17326;316;3290
evaluation,4712,38750;2746;7630;5212;9226;5428;6246;87336;4408;2622
evaluation,4713,95930;5094;5642;55362;3975;21986;58602;6406;24521;21964
evaluation,4714,14062;79358;50070;45068;63343;14072;62434;26780;37228;12992
evaluation,4715,70131;63343;74396;99564;71866;99020;74196;37228;30194;62434
evaluation,4716,6324;32750;14062;34972;80810;50218;70288;45688;39286;97294
evaluation,4717,88748;93772;83140;62112;39936;68332;12756;90635;62246;56258
evaluation,4718,96528;46748;18388;14200;69878;20427;71020;61188;24906;84834
evaluation,4719,86396;36472;44234;99582;9839;58172;45470;19546;6612;1310
evaluation,4720,40406;85998;49297;58056;5020;5040;36600;9738;44574;97389
evaluation,4721,72579;93120;45470;32162;60858;34718;36558;36387;38964;16612
evaluation,4722,496;1330;32754;2500;99709;90605;13514;23030;39878;65478
evaluation,4723,8943;24882;15368;66369;10174;99709;15114;24650;1732;6960
evaluation,4724,39220;46516;20318;43012;31234;82952;56936;74024;91058;17816
evaluation,4725,26032;14992;64060;67790;45698;16616;35124;37220;86180;1383
evaluation,4726,17106;17294;73611;93798;41170;41046;27662;6603;17730;18894
evaluation,4727,27494;51894;22306;25056;67552;3792;15520;17326;22546;77480
evaluation,4728,46394;79794;4952;81372;71946;30962;2668;16889;73268;21076
evaluation,4729,38092;36344;51894;22546;48752;35836;41078;80708;31264;11162
evaluation,4730,22836;51352;29186;45174;86016;3140;86259;87728;168;17326
evaluation,4731,91988;86956;420;37676;46450;38750;75292;9226;74912;52924
evaluation,4732,86396;62710;9839;55338;52370;47037;58172;73644;56156;99582
evaluation,4733,26970;25442;78760;52420;11070;61934;11142;7642;14604;22262
evaluation,4734,66836;98198;2894;33416;33776;38746;40176;83317;87602;27371
evaluation,4735,35348;3200;11722;3696;9464;2900;2567;7170;2426;67796
evaluation,4736,48420;35456;41170;1024;51104;97724;910;45542;52948;5350
evaluation,4737,88748;97662;39936;30563;32476;68332;60282;83094;11702;1310
evaluation,4738,61762;60352;46205;85654;95082;45826;11262;11379;10280;45957
evaluation,4739,99714;84901;36918;39216;20014;37420;79952;77554;21870;99089
evaluation,4740,40406;85998;49297;5040;13252;5020;13892;632;3918;17723
evaluation,4741,13846;14038;14200;4536;65444;20014;5490;57920;84901;13182
evaluation,4742,97920;56161;55450;52452;51174;56112;50812;83194;81268;39958
evaluation,4743,923;65581;60112;81328;83184;22587;57886;86150;29184;43152
evaluation,4744,15746;20974;90522;15222;64736;52616;75582;15134;79658;15512
evaluation,4745,4960;5570;4946;74800;96150;45206;53592;13234;53912;17004
evaluation,4746,68332;88748;68296;39936;97662;4127;39105;31510;24906;18748
evaluation,4747,19852;16080;31550;68262;10122;48140;36574;54258;15709;58990
evaluation,4748,65180;32866;46205;1876;46460;5001;61762;670;65581;52266
evaluation,4749,18055;77510;7988;81893;31264;59502;56582;85394;80112;20814
evaluation,4750,64522;65556;936;53676;19040;9940;19518;34372;5358;9658
evaluation,4751,6360;5782;6351;6418;5542;6310;50746;27664;10444;13000
evaluation,4752,88748;18388;39936;62222;5490;39843;90635;16406;32476;13182
evaluation,4753,8518;34718;4720;57564;11532;4781;28393;3492;32162;58832
evaluation,4754,9606;81948;1146;11070;5174;2536;10979;21046;65646;11666
evaluation,4755,65581;43152;923;11458;7914;25026;44442;65180;23570;6538
evaluation,4756,4664;35058;39403;61556;57905;38345;96414;96444;1876;1912
evaluation,4757,86396;9839;44234;52370;3352;36472;24498;58172;41324;8231
evaluation,4758,63652;73307;9124;73590;71404;73418;8436;73438;1672;74872
evaluation,4759,97806;42736;94218;97259;60596;67200;28691;28754;429;42656
evaluation,4760,9402;7998;63880;25831;8632;12254;11764;332;19510;340
evaluation,4761,37220;14992;26032;64060;35124;90350;45698;98636;86180;98731
evaluation,4762,83088;12718;2996;47756;56358;97530;22893;38964;10512;25354
evaluation,4763,73307;3194;73590;73644;67128;71404;73438;8436;86046;45446
evaluation,4764,99714;79952;99089;21886;78702;77445;84901;21870;4372;47044
evaluation,4765,25026;54538;28594;69264;30376;29184;31950;31850;37602;12148
evaluation,4766,40608;44930;10016;35544;26090;5112;35742;42434;5380;11082
evaluation,4767,39936;62112;11702;4904;32814;62222;39105;51546;88748;5536
evaluation,4768,56674;923;22587;20424;6538;85308;74250;35462;936;41287
evaluation,4769,35456;48420;88676;2047;910;22749;1024;94242;780;47758
evaluation,4770,15716;158;31042;51647;65998;5222;67186;97389;4149;5676
evaluation,4771,55176;22160;26574;17730;34542;28190;54194;15872;62756;25362
evaluation,4772,28948;21712;2706;49056;92354;55216;5895;80668;92321;92581
evaluation,4773,63652;8020;98730;80572;80112;12564;14422;12402;16728;11891
evaluation,4774,73307;36636;73590;73418;73438;25792;9124;73644;63652;23234
evaluation,4775,18904;83100;3658;16631;3194;82994;82523;16728;8436;9064
evaluation,4776,96948;71404;3194;73590;98730;9124;73644;73307;90028;73418
evaluation,4777,574;91026;56044;76628;97124;85983;13494;33712;32562;33556
evaluation,4778,13574;98588;43600;70923;22128;55830;52271;76774;38184;25778
evaluation,4779,35592;51262;10387;14206;42002;97838;9578;87064;10056;4451
evaluation,4780,43768;99952;1384;20766;83412;69582;93393;89125;86754;50746
evaluation,4781,64736;79658;60400;48416;37450;81850;63472;15512;90522;11258
evaluation,4782,57710;41450;53672;2267;49452;22587;95904;68932;16392;33328
evaluation,4783,86396;44234;31484;24498;3352;21438;8231;9839;99582;36472
evaluation,4784,79807;98946;57182;30244;99234;79485;53478;32958;89024;2526
evaluation,4785,5912;94877;3718;8724;3812;39730;89808;88944;15224;26943
evaluation,4786,19510;19518;99302;21898;30244;65554;84806;57350;9750;71788
evaluation,4787,30948;64026;42790;85512;440;9552;10903;2618;23124;65088
evaluation,4788,9402;332;11516;63880;25831;53472;12254;12197;42784;1430
evaluation,4789,37055;31139;25792;64006;38398;8706;52444;94844;86294;35573
evaluation,4790,98946;2526;57182;79807;30244;79485;99234;53478;32958;89024
evaluation,4791,47018;47098;5148;47012;89125;77034;71462;99000;16590;59579
evaluation,4792,22836;58538;29186;168;316;1270;3140;45174;10980;8194
evaluation,4793,2868;6440;27124;26970;26478;9726;87898;354;702;13598
evaluation,4794,31264;46058;3662;4020;63714;8290;31302;1394;72732;14402
evaluation,4795,19852;9443;31550;83840;11506;39008;18364;36574;18726;18792
evaluation,4796,17106;73611;17294;27662;93798;10528;6603;89151;41046;14760
evaluation,4797,65581;43152;11458;923;7914;25026;44442;26090;65180;6538
evaluation,4798,38558;56686;14891;73309;41498;3980;46234;68858;20550;82836
evaluation,4799,9592;9212;44864;23626;41301;72932;4118;41052;40962;11891
evaluation,4800,13574;98588;55830;43600;52271;68404;25778;88130;76774;38184
evaluation,4801,35348;11722;3200;2900;3956;66842;47857;44396;6618;17819
evaluation,4802,923;7988;65581;26090;95904;83184;84519;32264;7914;36094
evaluation,4803,99838;8360;10988;92286;87036;24524;4154;54282;87755;2989
evaluation,4804,9402;11516;12197;12254;63880;12864;64232;11574;15210;25770
evaluation,4805,4514;65880;98102;69164;4594;2068;4767;31302;61616;86192
evaluation,4806,16406;24906;86224;23638;49413;1758;33050;58108;2996;7686
evaluation,4807,96584;54194;1260;34542;4169;62756;85390;15368;51696;74250
evaluation,4808,2078;2836;76886;24362;92358;26104;13212;35462;97930;36604
evaluation,4809,82336;82398;35776;87006;30818;14748;73309;72912;56686;14856
evaluation,4810,49452;22587;57710;62710;41450;26952;57905;76623;21874;9916
evaluation,4811,35040;88388;7986;81372;887;3434;4952;11982;2668;73268
evaluation,4812,76874;13084;88561;88670;34794;89658;39624;1094;36854;19468
evaluation,4813,67178;22160;55176;34542;1024;66774;15872;54194;44046;69979
evaluation,4814,14014;67772;41960;32162;16940;5490;41472;23344;99780;46254
evaluation,4815,36134;36992;1060;44130;4832;5272;51148;37450;56460;84129
evaluation,4816,98853;1342;56460;85552;15419;57089;36992;20384;43298;6134
evaluation,4817,36992;732;63234;48834;29154;56460;68262;84129;8138;15419
evaluation,4818,1342;98853;56460;15419;85552;57089;36992;43298;20384;6134
evaluation,4819,66080;5524;42218;26210;1398;5422;50256;17328;28916;5024
evaluation,4820,66836;98198;27842;74676;83317;6495;26682;44954;90336;80777
evaluation,4821,99654;84748;35058;83160;83317;45875;4255;14550;14822;44732
evaluation,4822,46205;45826;86890;45548;61762;85654;61438;60352;45957;95082
evaluation,4823,14891;62696;94877;73902;73045;84340;73309;67750;89008;2722
evaluation,4824,40946;4856;3010;6078;6204;81893;12224;3246;26414;74944
evaluation,4825,15102;18190;282;70139;60048;1160;62124;77252;78728;20120
evaluation,4826,30508;57350;5696;21898;334;54314;30244;1276;37922;3006
evaluation,4827,1155;896;27434;26804;13580;68178;82350;17046;2080;33296
evaluation,4828,64986;23484;17102;12632;86224;46104;39296;21526;78164;35884
evaluation,4829,6360;6418;6351;5782;5542;6310;13346;5407;9356;36040
evaluation,4830,12632;93310;36387;15282;13306;19640;39854;93120;80040;47154
evaluation,4831,86396;44234;45964;36472;99582;10276;87590;31012;16230;17115
evaluation,4832,55502;68332;6910;99538;39576;17102;38112;6754;39418;90119
evaluation,4833,2047;44656;22459;17382;28034;99498;58212;910;14770;94242
evaluation,4834,89894;65370;25126;32160;72000;82920;32120;50491;32270;82350
evaluation,4835,35494;62994;21964;3468;11032;6396;77960;87201;97636;35114
evaluation,4836,19336;19468;21098;76874;34794;21046;13084;1094;88670;69794
evaluation,4837,19852;72458;58990;16080;18792;53628;5788;54258;68262;31550
evaluation,4838,51448;35572;31080;32020;18426;45237;19767;35728;71646;40014
evaluation,4839,27108;69662;11960;3859;63534;3942;94393;25026;65160;66120
evaluation,4840,20694;55462;82350;33556;65370;23790;69818;97124;1400;90146
evaluation,4841,5068;14062;39286;91580;50218;37228;32750;87297;74396;27266
evaluation,4842,13574;25778;98588;38184;234;22128;95274;8074;23414;2080
evaluation,4843,16406;24906;24686;48050;99472;8276;21526;23870;95769;18388
evaluation,4844,97806;97259;558;12596;16848;14726;11782;17048;1446;12850
evaluation,4845,35348;2900;3200;11722;44396;3956;6618;3784;2436;55268
evaluation,4846,65646;28034;16448;22252;29918;44656;68945;69708;35590;11070
evaluation,4847,16714;32160;32120;34504;50491;53154;32270;68178;27694;25102
evaluation,4848,59164;14160;82350;33556;69818;14686;65370;27049;4169;18868
evaluation,4849,16448;65646;29918;43250;54282;22252;28034;35590;11070;35211
evaluation,4850,28948;94616;8360;15884;9676;92321;68262;17508;58471;5952
evaluation,4851,5222;24362;71370;10624;89506;24772;6644;12374;70838;11828
evaluation,4852,77960;574;522;50646;55338;867;38482;2047;2344;76628
evaluation,4853,61762;60352;46205;11262;85654;95082;10280;11379;45826;6278
evaluation,4854,6536;26182;85983;15322;5001;29858;3127;3094;15266;5510
evaluation,4855,4440;22;86621;23844;3970;4395;4094;44450;44702;43298
evaluation,4856,13986;6310;6554;9332;9118;1328;8540;5816;14592;1118
evaluation,4857,72579;45470;36387;10540;93120;19542;38964;50190;84276;99714
evaluation,4858,7198;23338;48832;33492;35378;9074;8158;38090;14952;27509
evaluation,4859,98194;83904;41960;48106;47950;4720;33628;2315;3503;40772
evaluation,4860,5836;47950;33222;38008;50208;93772;90148;84240;75176;62246
evaluation,4861,34718;46080;32814;47144;16612;31864;45470;67287;50382;23508
evaluation,4862,58108;86224;1758;70514;49838;78164;11628;25612;2996;12632
evaluation,4863,69878;48050;62110;62246;56882;32476;62112;97662;22494;60282
evaluation,4864,10720;89932;89917;98376;84240;75354;94434;7536;10646;632
evaluation,4865,64026;7472;94877;89808;5912;42790;15200;19828;26810;3812
evaluation,4866,21098;76874;34794;1247;19336;39624;924;21280;19468;13084
evaluation,4867,48400;21052;65974;66680;27049;4166;89151;47994;63336;83958
evaluation,4868,53580;54720;44260;16438;368;75844;86078;9148;41171;318
evaluation,4869,48503;30192;3438;86043;21958;75395;74766;96169;38248;18310
evaluation,4870,76874;21098;1247;39624;34794;924;19336;11684;19468;37379
evaluation,4871,64354;69662;96857;33328;65160;18775;66120;96934;3859;36594
evaluation,4872,26970;78760;25442;11070;61934;23527;11142;14604;15709;87576
evaluation,4873,33560;29788;27052;29582;23670;40984;56168;31974;24478;22996
evaluation,4874,18904;16631;83100;82770;36636;16728;43970;26000;36094;3658
evaluation,4875,6324;74396;39286;63282;37636;32750;49120;31790;50218;56930
evaluation,4876,55450;97920;50812;1695;38112;51564;56161;56112;66098;7426
evaluation,4877,98376;75354;75208;86754;89917;98210;87370;94748;93591;89932
evaluation,4878,58471;34370;86890;28948;24690;13608;42394;33782;60352;95082
evaluation,4879,29788;29582;27052;23384;40984;33560;23670;39006;56168;19714
evaluation,4880,61438;45826;86890;14902;3803;30288;46205;24114;4648;3696
evaluation,4881,90119;84240;75354;75176;80408;89932;86754;43206;7536;98376
evaluation,4882,89932;94748;84240;89917;75354;90148;86754;10720;62912;75208
evaluation,4883,99538;39576;76764;32294;7536;69878;32016;97662;17368;94214
evaluation,4884,32294;97662;39576;76764;39419;93772;99538;83398;22494;56258
evaluation,4885,19208;65444;64552;84576;2188;32759;26052;49413;71970;12718
evaluation,4886,84240;90148;59274;86754;75354;89917;94748;75208;49986;94570
evaluation,4887,19342;6176;16708;31698;18278;72622;23632;21468;29338;30056
evaluation,4888,62246;55576;93772;97662;90148;48050;90498;56258;22494;24874
evaluation,4889,89917;89932;10720;98376;84240;75354;75176;7536;86754;10646
evaluation,4890,13892;3020;91164;39958;78164;17368;60282;13252;12632;22494
evaluation,4891,1330;496;4819;13514;90605;2500;80668;32754;7150;69238
evaluation,4892,86016;96344;93222;32664;8706;46336;32884;81856;81432;81038
evaluation,4893,37422;89501;38536;9696;91884;84748;85676;11528;14812;42864
evaluation,4894,12254;11574;9402;11516;12197;26187;30186;64522;12290;9658
evaluation,4895,74646;77737;59580;63484;9658;9210;9552;3290;69619;1108
evaluation,4896,19040;19510;99302;30244;57350;71788;32038;84806;19518;41176
evaluation,4897,1695;5820;2008;1882;38112;97920;55450;4099;7426;55549
evaluation,4898,98946;99234;2526;27018;79807;30244;79485;3346;85900;32958
evaluation,4899,87520;61784;74555;44702;19794;42248;56460;33522;15419;1258
evaluation,4900,80840;3975;55362;4528;20264;27437;54788;69394;18738;30359
evaluation,4901,27158;7452;11930;3032;44738;10933;8244;96822;20386;42661
evaluation,4902,42006;78858;11038;60506;2608;49560;21547;65717;52266;49494
evaluation,4903,9402;332;7998;33110;63880;26077;19040;98942;798;19510
evaluation,4904,38248;86043;74766;26943;21958;26994;30192;318;48503;72912
evaluation,4905,86754;98376;98072;90148;98210;84240;632;94434;89932;94570
evaluation,4906,59164;33556;82350;14160;69818;14686;65370;18868;4169;27049
evaluation,4907,68916;1247;21098;19280;924;19336;11684;19468;47618;19610
evaluation,4908,90148;84240;80266;98376;94570;86754;94434;94748;75208;632
evaluation,4909,93772;6800;8196;17723;8108;9332;42100;54964;17798;24686
evaluation,4910,90119;84240;80408;75354;75176;89932;43206;86754;7536;632
evaluation,4911,17368;89232;23484;39576;56786;32016;62110;4708;83094;55576
evaluation,4912,67104;68590;8600;39314;96394;11996;12170;69606;7040;80266
evaluation,4913,46696;66982;77036;3970;28286;59171;60506;66022;1579;4440
evaluation,4914,68916;1247;924;21098;19280;47618;19610;19336;48216;11684
evaluation,4915,61762;46205;60352;85654;45826;11262;45957;5112;45548;11082
evaluation,4916,79164;46506;79301;47282;82675;13242;11970;28390;11910;12122
evaluation,4917,84240;39418;90148;86754;5862;94748;34916;75208;7426;75354
evaluation,4918,77034;65554;7998;45292;332;9750;798;81572;91864;85584
evaluation,4919,22836;95616;2816;63835;17326;87728;316;25056;51830;2222
evaluation,4920,90119;75176;84240;75354;86754;7536;80408;99538;94570;98376
evaluation,4921,97806;42736;97259;94218;60596;67200;28691;429;28754;9839
evaluation,4922,44828;4904;39618;29410;15282;38964;98282;25355;84901;1310
evaluation,4923,70838;72210;80509;71370;5222;23558;22816;41642;24362;63733
evaluation,4924,2630;35960;622;50588;8879;14348;13310;83586;91500;7276
evaluation,4925,99538;39576;22494;76764;88748;32294;62110;97662;32016;39419
evaluation,4926,4636;5630;11258;63472;52616;73706;4740;75582;7198;49080
evaluation,4927,65581;46804;57886;923;43152;81522;44442;60112;45706;7914
evaluation,4928,35040;3434;7986;46394;30962;41415;79794;4952;71788;88388
evaluation,4929,30508;53676;21898;57350;9658;82814;19518;1108;19040;27555
evaluation,4930,89932;89917;86754;75354;90148;94748;5862;84240;10720;4099
evaluation,4931,88748;16406;18748;62222;11702;58618;24686;90635;39843;23484
evaluation,4932,9168;19640;9468;47200;12992;62434;30194;55806;10116;99472
evaluation,4933,31698;87894;30056;14266;18278;29338;27750;12700;26438;32129
evaluation,4934,2604;22306;38632;27003;84457;27494;5659;5760;75395;75834
evaluation,4935,18904;16631;83100;73644;16728;3194;82523;82994;3658;73307
evaluation,4936,47950;84834;39576;50208;60282;68332;632;32476;68296;13252
evaluation,4937,14132;13084;76874;88358;64345;1247;22356;21280;9554;532
evaluation,4938,24362;24772;89506;10624;11828;70838;5222;23558;99916;15368
evaluation,4939,82944;39878;1330;27004;26738;32510;83598;13108;92354;15480
evaluation,4940,67104;21286;67530;68590;73242;29710;6194;87590;16848;21238
evaluation,4941,67790;27049;45698;26032;65974;16616;15368;98700;89151;7150
evaluation,4942,19510;71788;41176;19040;32038;65554;84806;9472;34372;47098
evaluation,4943,74646;59580;69619;77737;63484;3290;1108;9658;21898;9210
evaluation,4944,65998;5674;1162;4149;28816;2098;2134;68404;68492;9376
evaluation,4945,15102;18190;70139;60048;282;1160;62124;78728;29270;39318
evaluation,4946,55216;15884;20650;7370;1200;58471;60254;53672;3014;62364
evaluation,4947,20384;1258;22302;56460;98853;87520;84129;57089;6134;16100
evaluation,4948,4395;29128;48748;84129;87402;6899;44450;11436;44378;20140
evaluation,4949,41171;68006;15452;27509;19107;23338;67996;86043;61438;37074
evaluation,4950,48832;8158;11258;46112;7198;9388;29028;12262;77615;1637
evaluation,4951,61762;46205;60352;85654;95082;45957;45826;11262;6278;45548
evaluation,4952,923;65581;43152;22587;49452;99000;7914;57886;26090;95904
evaluation,4953,89808;19828;93094;92826;7724;26810;968;50008;1332;7930
evaluation,4954,64852;354;99678;22078;3792;19372;82776;42554;87898;5094
evaluation,4955,9212;9592;23626;44864;48782;41301;36094;41052;63778;11288
evaluation,4956,9402;332;11516;63880;25831;42784;12254;12197;53472;1430
evaluation,4957,66842;87798;57218;4984;31574;10850;75794;59462;83958;53592
evaluation,4958,16612;25722;25047;29934;79212;16776;5566;91637;5407;94954
evaluation,4959,88748;76764;93772;83398;97662;11702;39576;31510;59964;18748
evaluation,4960,35572;35728;45237;6326;18426;51448;85012;31080;32020;19767
evaluation,4961,4960;5570;6406;67262;96150;10156;46058;10887;33463;398
evaluation,4962,39576;76764;97662;39418;99538;22494;74808;93772;32016;69878
evaluation,4963,24160;3246;86446;3010;95650;71788;72266;10214;446;3299
evaluation,4964,36636;73307;23234;25792;73590;3010;73644;19579;63652;56582
evaluation,4965,15709;27818;78760;71330;28190;23527;25442;36385;87576;22262
evaluation,4966,22587;65581;43152;26182;60112;23754;83184;65180;923;95904
evaluation,4967,90028;73307;73438;9124;96948;36052;73590;37938;73644;81893
evaluation,4968,50186;90602;28970;16674;2162;23356;96912;5909;30316;46104
evaluation,4969,35040;3434;7986;73762;30962;4859;76478;35794;4952;76644
evaluation,4970,77737;82774;9552;34026;51882;30028;14060;42218;50018;82994
evaluation,4971,15102;18190;60048;70139;62124;1160;282;20120;29270;90438
evaluation,4972,30508;1276;49076;5696;54314;3006;19040;24060;14284;27555
evaluation,4973,99714;79952;78702;99089;4372;21886;21870;72294;77445;39216
evaluation,4974,95769;49413;70514;81768;86150;99472;31132;20014;81338;58050
evaluation,4975,89932;89917;86754;90148;75354;94748;5862;4099;7426;10720
evaluation,4976,86754;98072;98376;75354;89917;632;90148;84240;89932;75208
evaluation,4977,69524;23382;32814;69156;72579;11698;19831;36558;16976;3352
evaluation,4978,1330;496;13514;99709;18344;54194;32754;2500;69238;4819
evaluation,4979,19852;65982;53628;9443;18792;16080;38928;49302;92418;12854
evaluation,4980,8943;24882;9822;24650;99709;10174;8676;24521;66369;6960
evaluation,4981,4395;29128;84129;40824;11436;6899;3600;87402;44450;44378
evaluation,4982,25860;2;5172;49252;5344;25956;61784;5228;58310;9712
evaluation,4983,27842;66836;98198;2894;59702;90336;40608;42122;91864;99654
evaluation,4984,92240;91354;9472;59750;81856;2880;45341;22776;69322;45478
evaluation,4985,76136;43392;43152;87028;3570;22412;22646;61346;4664;16648
evaluation,4986,65581;81522;25026;83184;46804;28594;1248;26182;85983;44278
evaluation,4987,27004;62944;83598;24208;10528;52764;83556;78130;90605;35958
evaluation,4988,9402;7998;63880;25831;332;11764;19510;8632;19040;45292
evaluation,4989,13574;98588;43600;38184;76774;25778;88130;31434;590;234
evaluation,4990,35348;3200;2900;3956;11722;44396;6618;12120;3784;4919
evaluation,4991,72190;94954;71876;25047;63343;76944;28759;47424;54010;29514
evaluation,4992,80408;90119;8532;99538;84240;75176;11780;11108;59274;90500
evaluation,4993,22160;55176;15872;17730;26574;41162;28190;48420;35456;34542
evaluation,4994,18904;83100;3658;9064;16728;61945;16631;15774;86597;73644
evaluation,4995,68916;1247;924;21098;19280;11684;19336;19468;47618;19610
evaluation,4996,76886;99709;9602;6960;3468;62994;54194;6396;8676;2380
evaluation,4997,69878;32016;56258;68332;62246;39419;62110;48050;68296;48106
evaluation,4998,59164;82350;14160;69818;33556;14686;65370;4169;27049;18868
evaluation,4999,28948;2195;2212;77756;6440;8360;38750;15048;26478;19468
