split,query_index,ids
tuning,0,30758;87064;32020;3306;1080;3136;27626;32936;51448;78380
tuning,1,5992;23790;8136;3646;43010;96238;16114;42076;8524;36545
tuning,2,33556;2026;20694;22568;7150;14686;65370;724;94242;13880
tuning,3,69794;48216;21162;84340;88670;78392;1247;57566;3136;39624
tuning,4,20830;358;91242;87336;53237;26528;18532;83194;50512;11758
tuning,5,23790;31850;83264;5484;94242;22568;724;36888;78928;120
tuning,6,496;13514;54194;7150;41162;6778;12854;20694;31850;78928
tuning,7,54258;57048;78928;4688;96854;67336;754;7410;31850;788
tuning,8,87388;58776;75834;95758;11996;340;30090;18238;98730;17326
tuning,9,724;2026;14770;25296;23790;31622;13668;22568;7150;94242
tuning,10,99564;91580;50070;90410;28900;56028;39286;97662;40568;79358
tuning,11,724;35832;83194;94954;18018;85706;78928;28456;66106;18532
tuning,12,20488;10174;18330;8604;6396;71934;98937;17608;17956;73124
tuning,13,41092;33556;48198;910;27662;74050;41162;65160;1382;36348
tuning,14,3042;30758;2836;48690;10016;64658;2358;20666;44930;43658
tuning,15,64522;23859;16114;798;26350;49302;77306;88788;59667;1260
tuning,16,54194;10174;59667;7150;496;26528;24650;27818;41162;21888
tuning,17,910;94242;77368;522;1080;59667;4996;1382;9828;35124
tuning,18,21320;71646;1442;93546;27572;21162;48198;59968;51448;32020
tuning,19,33556;13958;1386;13712;25296;46142;20152;74050;910;58584
tuning,20,26528;8604;54812;77368;98166;46142;2380;6396;54482;64626
tuning,21,21320;21162;1442;27572;82700;93546;88846;32020;41092;17608
tuning,22,35124;14992;13880;41092;31850;7150;2026;27662;33556;94242
tuning,23,26528;8604;98166;54482;6396;6894;64626;77368;18532;24650
tuning,24,76628;67336;65160;1382;41092;39760;54194;96854;14992;71934
tuning,25,77306;73268;26156;76672;15970;46232;76644;9762;45206;18430
tuning,26,32020;30758;87064;3136;3306;51448;1080;27626;32936;23558
tuning,27,1080;62213;522;27626;32554;77368;85706;40062;37356;944
tuning,28,30758;32020;87064;3136;3306;51448;1080;78380;32936;88670
tuning,29,40971;40310;30904;30874;64750;24728;2392;7366;41034;14114
tuning,30,71330;27818;28190;1644;14054;89834;41014;30070;49396;5086
tuning,31,5484;5256;5086;66044;4664;3108;4100;1494;9440;11758
tuning,32,16850;41450;1080;3668;11758;392;5948;67048;62213;83412
tuning,33,16080;67048;31622;57048;78392;94242;10122;1338;42556;392
tuning,34,44702;50040;49252;33016;56460;29154;11772;98853;2035;2492
tuning,35,96238;5992;11758;214;1644;2706;754;46150;81038;74256
tuning,36,76818;12224;21547;75086;2062;34628;30070;612;86026;20766
tuning,37,41060;8760;24690;58370;1200;20848;68166;97741;1644;21484
tuning,38,25168;64484;54964;17048;45412;49202;3864;6794;4682;30874
tuning,39,2068;75834;90534;19510;60042;8032;95980;1268;50268;59667
tuning,40,340;30186;17326;398;80112;19510;17014;59512;92758;2222
tuning,41,98080;104;86510;76996;77252;120;50166;14770;9828;1260
tuning,42,17326;45174;59512;85539;71904;3140;81038;47098;874;91864
tuning,43,38016;98210;58718;3662;95980;442;90534;48752;13994;17824
tuning,44,20952;85676;86026;12854;71904;50512;20034;41528;64102;12224
tuning,45,5730;9392;70954;17326;45174;3000;22132;43600;80112;56582
tuning,46,97806;6824;90410;20470;97259;70854;4570;33222;49986;2398
tuning,47,94954;10586;10708;13868;8812;17048;97806;97259;4984;13342
tuning,48,79358;21694;50070;90410;13668;99564;13342;39286;26780;35032
tuning,49,764;21694;71495;65393;52452;79358;16866;51638;27076;99564
tuning,50,10276;33270;80286;57410;15282;25170;81768;29594;98194;11698
tuning,51,94748;59964;10646;89932;42062;39418;62322;98376;632;13252
tuning,52,78164;22494;90476;98194;89232;56786;76764;97662;71108;42062
tuning,53,9762;22816;23558;2836;6224;16114;57962;26104;26528;17956
tuning,54,71934;6006;88460;77579;76628;8604;37602;17106;2654;1588
tuning,55,71646;1442;48198;51448;82700;93546;27572;32020;21320;4090
tuning,56,19274;41010;59134;6008;20666;40806;71934;87064;17106;40620
tuning,57,44702;33016;56460;98853;50040;29154;11772;49252;2035;944
tuning,58,11698;12686;16866;37800;14014;31864;8330;3608;18138;3668
tuning,59,15282;11698;33838;1308;7188;26780;77464;81768;36258;98210
tuning,60,31368;77252;91970;98924;6850;80866;5730;14012;18466;1094
tuning,61,87554;896;31042;9948;2706;39760;49302;10392;89834;21484
tuning,62,12224;71404;10682;82994;18238;98730;56582;80112;73418;8838
tuning,63,32320;1440;5234;58602;6216;50166;48752;99796;36862;39398
tuning,64,1080;522;27626;62213;77368;944;24650;18330;40062;14770
tuning,65,71934;88460;4166;6006;37602;53476;2654;17106;77579;724
tuning,66,26528;8604;54482;77368;98166;64626;18532;6894;6396;2654
tuning,67,78402;17608;14992;8136;33354;42076;1386;724;2654;33556
tuning,68,21320;9828;13880;37602;41092;28190;35124;27818;910;20694
tuning,69,7150;18680;26858;14686;54194;22568;496;28190;88846;71646
tuning,70,59882;95186;73070;1022;12314;97962;22568;33556;23790;41162
tuning,71,81038;71404;58370;82328;44166;54404;50916;18640;28282;31368
tuning,72,59750;53472;3166;44278;45174;37624;30826;50916;874;93448
tuning,73,47098;73124;47018;52234;44930;17328;17326;11060;30186;10016
tuning,74,2222;18800;22912;398;91864;834;92758;17376;16606;1968
tuning,75,26156;45638;43010;44166;22128;28282;3646;46150;26350;87800
tuning,76,47098;73124;47018;52234;44930;17328;17326;11060;30186;10016
tuning,77,874;53472;47098;17376;89024;17326;80112;17014;19030;88788
tuning,78,342;8006;41696;23859;71404;1672;3658;82994;12224;69394
tuning,79,2564;18800;81038;93854;1106;1968;2222;20830;45174;52420
tuning,80,95606;20848;14454;44954;50512;33354;21484;73070;87800;53592
tuning,81,9890;59630;54418;30028;38248;58370;58776;80;4300;41602
tuning,82,69394;21370;45178;25296;58584;41092;21084;13958;13668;39760
tuning,83,44954;73070;71330;85676;38536;50512;5086;65370;20848;14812
tuning,84,59750;53472;3166;44278;22862;50916;93448;45174;30826;874
tuning,85,3658;30186;23859;18430;82994;2068;60042;342;56582;1106
tuning,86,41602;10636;14162;30148;16558;21170;85539;9890;20952;11028
tuning,87,23859;60042;82994;2068;58602;35054;56582;4276;71404;398
tuning,88,8006;342;26350;23859;49302;18238;41696;1672;12224;18430
tuning,89,91988;86577;87336;88788;87068;91864;64626;887;57182;47098
tuning,90,87336;91988;91242;37624;6616;38326;8032;887;88788;86577
tuning,91,49252;72828;27042;51148;75582;44702;90522;41498;11328;944
tuning,92,80;73418;71404;47278;76478;14550;57182;34576;5086;85676
tuning,93,41060;8760;21484;58370;1200;24690;68166;20848;9392;38248
tuning,94,19948;24728;2392;47278;68560;77306;3827;30186;33416;34628
tuning,95,99796;76478;8524;8838;67048;91970;11996;37800;8032;392
tuning,96,16558;41602;19846;10636;11028;59630;21170;85539;14162;874
tuning,97,45174;3140;17014;71904;59512;10122;17326;81038;30028;85676
tuning,98,2068;75834;90534;4594;89024;8032;6824;19510;59667;58602
tuning,99,52234;14934;34372;23859;30186;82994;73418;30028;20320;5096
tuning,100,16010;79524;86510;41450;14014;104;63498;73124;48660;17458
tuning,101,99564;50070;91580;79358;80866;71108;90410;33222;9232;28900
tuning,102,50070;26780;39286;91580;35032;99564;94954;2398;26312;8812
tuning,103,79358;28900;33416;26780;39286;50070;14114;91580;41034;21694
tuning,104,15282;38542;51230;36040;93768;26780;47720;77464;1736;21886
tuning,105,94748;89932;10720;39418;98376;10646;13252;632;56786;59964
tuning,106,9762;22816;23558;87064;64626;20666;30758;39760;2836;77306
tuning,107,60400;39624;1215;19280;59667;3306;1247;2706;22823;7922
tuning,108,78402;32120;65370;89894;82920;57390;33354;94242;31950;13880
tuning,109,17956;13514;82700;71646;1442;35124;4090;59968;21888;17608
tuning,110,26156;45638;22128;3646;5992;46150;77306;44166;80866;43010
tuning,111,71718;1348;80112;16080;12318;2868;968;75986;22788;31816
tuning,112,71404;36592;12224;1348;72119;60;80112;5506;10682;73418
tuning,113,9486;21547;34628;23674;74192;1410;1402;12318;71718;612
tuning,114,1402;96169;2062;1060;38248;23674;30070;86026;16420;9486
tuning,115,90476;16036;63862;8280;13252;70994;12686;22494;31864;56564
tuning,116,34372;834;37476;95980;14934;77306;887;10887;10174;47278
tuning,117,82328;31264;18238;442;12290;5642;3662;5506;36592;50268
tuning,118,12290;31264;442;1366;15924;5506;3662;82328;36592;18238
tuning,119,28510;74256;1366;398;17824;20952;72932;14812;35054;58718
tuning,120,16114;41770;13212;6224;93018;64522;32936;22128;26104;4796
tuning,121,22128;398;887;19510;18800;50280;1366;4276;20848;43600
tuning,122,18430;50512;89536;69394;76644;26350;15970;58602;45206;4946
tuning,123,4276;87366;58602;8828;1826;45206;20952;53592;26350;5642
tuning,124,2068;18330;4100;87064;18680;16114;21448;22816;2836;23558
tuning,125,99838;43600;1215;92286;24690;5952;9616;18466;22128;6156
tuning,126,58584;69562;612;72940;910;896;69394;2080;49396;38501
tuning,127,104;98080;86510;77252;76996;120;50166;1260;910;14770
tuning,128,48690;59667;88670;6824;77368;3306;1268;3136;20152;23558
tuning,129,3000;89536;9392;6440;9616;50268;47018;896;63498;4116
tuning,130,23790;88670;47098;56582;89220;24200;1706;92156;74192;27850
tuning,131,44954;85676;14812;38536;89536;50512;45478;87800;18430;95606
tuning,132,37938;71404;73418;1672;75834;3658;10682;80112;56582;87388
tuning,133,31368;70854;4116;24690;15363;4570;91988;87388;17902;63498
tuning,134,94242;32120;65370;89894;13880;2380;14686;23790;52600;36888
tuning,135,9440;3108;57784;6006;7410;1494;11308;5086;78380;41328
tuning,136,89932;94748;39418;98376;10646;98210;13252;632;10720;97662
tuning,137,12964;28190;17608;88460;57390;632;14686;41092;13880;27818
tuning,138,55450;81268;28456;83194;18018;56112;35832;81050;4416;83264
tuning,139,59667;54194;7150;41162;26528;10174;1268;496;41328;27818
tuning,140,57410;80286;10276;36258;24616;25170;30704;33838;13182;7188
tuning,141,41498;27042;51148;72828;858;4426;11328;90522;2492;49252
tuning,142,59882;95186;1022;97962;12314;73070;45174;50512;20848;36862
tuning,143,67048;16850;392;11758;30652;40310;39314;91864;3668;92786
tuning,144,24690;2744;8760;24728;78294;41014;29594;41394;74260;30186
tuning,145,41060;24690;1644;39356;91110;834;8760;27626;71404;21484
tuning,146,98166;51448;20666;35124;71646;496;37602;10174;82700;1442
tuning,147,754;27850;6440;41394;80866;33210;258;308;96238;1440
tuning,148,18640;87388;38632;68166;70210;5760;22078;38248;86026;59630
tuning,149,3140;22128;17326;10122;17014;45174;26350;41602;874;45638
tuning,150,4100;76996;48048;8280;10276;11698;120;9108;8712;96854
tuning,151,94954;10586;17048;97259;17458;10708;8812;26780;1736;4276
tuning,152,81768;10586;7696;17458;1736;17048;23214;92786;97259;57410
tuning,153,62322;15282;77464;98937;23214;65562;30704;38542;47720;26780
tuning,154,94954;38334;79358;26780;35884;99564;39286;6824;59667;52452
tuning,155,56112;81268;55450;52452;26780;18018;7426;66106;20360;94954
tuning,156,94748;49986;632;13252;10720;16208;98210;54964;98376;89932
tuning,157,39618;93232;54964;13182;16208;56312;2290;25168;98210;63084
tuning,158,98194;82044;78164;23214;25168;33270;632;41830;71108;472
tuning,159,57410;80286;36258;25170;10276;33838;30704;24616;91582;15282
tuning,160,88460;71934;41010;6008;19274;77579;17608;4796;40620;59134
tuning,161,82700;98166;71646;21320;48198;1442;51448;54482;4090;59968
tuning,162,7150;496;27818;2706;22568;6006;54194;51448;28190;13514
tuning,163,22749;7150;36348;910;5086;94242;14686;27818;28190;22568
tuning,164,54404;26810;64102;96169;38248;45174;9890;5760;22650;41602
tuning,165,73418;71404;37938;3658;1672;80112;93448;42320;10894;10682
tuning,166,1644;24690;4996;39356;358;612;87554;89834;13466;1060
tuning,167,45174;17326;96702;29594;81038;3140;95318;42556;40971;64750
tuning,168,96238;23632;74256;50166;6836;76996;90534;91970;18680;292
tuning,169,41602;95606;85539;21170;5280;30148;14162;10122;10636;33354
tuning,170,3140;17326;10122;45174;874;19846;19510;33354;16558;34372
tuning,171,55450;28456;81268;18018;4416;83194;81050;56112;7426;1574
tuning,172,35884;98210;2398;46104;37800;78164;59964;42062;14054;20470
tuning,173,36862;58602;4946;4276;5642;86026;40440;50280;41034;37938
tuning,174,77306;18330;6824;3306;98166;3136;48690;18680;30758;26104
tuning,175,1442;51448;4090;27572;82700;71646;93546;48198;59968;98166
tuning,176,37248;4218;64626;1146;54282;584;24616;11142;17956;26312
tuning,177,79807;88788;87336;57182;89024;24728;86577;12224;6078;38536
tuning,178,33838;15282;98937;9108;77464;7188;11698;1788;89932;83412
tuning,179,1260;78402;23674;45206;1410;69394;38501;71330;39356;26350
tuning,180,46748;90476;78164;13182;472;25168;2290;62902;73290;24616
tuning,181,31850;78928;23790;14686;28456;36888;4688;22568;83264;724
tuning,182,11308;24760;1247;38784;93546;19280;78380;282;39186;88670
tuning,183,93232;70200;21420;40338;2290;29874;48392;69432;54190;56428
tuning,184,78164;13182;83904;98194;472;29152;20470;82044;62322;84324
tuning,185,16036;90476;8280;70994;12686;13252;63862;31864;56564;22494
tuning,186,94748;57868;17770;21636;78164;21694;39418;91580;70200;48048
tuning,187,17458;65562;13182;1788;46752;11698;79524;472;30704;2188
tuning,188,26198;880;19146;584;4416;69432;55450;56162;7426;65393
tuning,189,32020;51448;93546;27572;32936;71646;1442;12166;6224;23558
tuning,190,340;36592;10682;398;16114;10894;80112;887;98730;34372
tuning,191,87297;21694;39286;91580;47720;28900;50070;90410;99564;26780
tuning,192,39286;26780;99564;40310;30904;8812;50070;4494;20360;91580
tuning,193,8812;7150;1215;96238;54194;2706;31622;14454;754;59964
tuning,194,26528;8604;98166;54482;6894;77368;6396;64626;18532;4688
tuning,195,406;16080;94242;2380;3140;10122;57048;49302;54258;31950
tuning,196,58776;31264;3110;45638;32936;99796;93018;4114;22132;60042
tuning,197,9890;54404;41602;59630;64102;38248;76818;30874;75834;5760
tuning,198,36592;340;80112;10682;34372;16114;87388;10894;56582;18238
tuning,199,19846;28908;5280;72932;85539;1900;23718;1106;21170;59512
tuning,200,87297;39286;50070;47720;91580;21694;56162;94285;71108;99564
tuning,201,99564;26312;50070;91580;35032;79358;39286;28900;26780;98194
tuning,202,81768;7696;30704;23214;5948;17458;8062;21888;92786;11698
tuning,203,36888;43010;6156;14686;30874;120;40310;63534;1106;98532
tuning,204,702;10122;3140;55432;16420;16080;1348;86574;40338;54404
tuning,205,97741;19948;4426;1022;30904;24200;3827;29594;74194;2744
tuning,206,96238;20774;17048;2134;292;65998;2358;3754;95384;23632
tuning,207,87336;76672;50512;38536;14812;76644;88788;95606;60042;21084
tuning,208,26312;30904;50070;28594;28352;99564;80866;10708;7575;86654
tuning,209,99564;91580;50070;90410;11598;80866;40568;12964;28900;12686
tuning,210,632;59964;98210;98376;89932;13252;98194;10720;42062;29410
tuning,211,32120;57390;82920;65370;33354;89894;78402;94242;52600;12
tuning,212,37248;1146;4218;98924;64626;69794;54282;11142;2536;24616
tuning,213,44954;85676;14812;20848;73070;50512;45478;58060;5086;95186
tuning,214,73418;74260;30028;71404;52234;58060;95318;74844;40440;1338
tuning,215,2068;60042;19510;392;90534;54282;4100;67048;64522;26156
tuning,216,71330;28190;27818;1400;4166;5086;1644;40062;89834;65646
tuning,217,64750;74540;12314;74260;54404;1338;31216;96702;5096;30874
tuning,218,4594;41394;41564;5096;38632;86026;1618;25168;40310;75834
tuning,219,41602;14162;30148;21170;85539;10636;95606;11028;10122;41696
tuning,220,18640;86026;5642;48752;50268;1826;4946;82328;4276;22078
tuning,221,28456;31850;23790;4688;78928;35124;83264;37602;16080;14686
tuning,222,8712;4688;6006;71934;37602;78928;43010;31850;31950;35124
tuning,223,44954;85676;14812;20848;38536;50512;58060;45478;87336;47098
tuning,224,2068;19510;90534;75834;60042;47018;47098;59667;8524;11996
tuning,225,45102;84324;5676;29788;29122;256;12423;23430;98924;896
tuning,226,24690;4114;39186;25144;64910;38784;98924;17376;37248;57566
tuning,227,7410;2026;724;96854;87554;71934;48140;83264;35124;39760
tuning,228,12;72940;35124;37602;65370;82920;4688;13880;28456;33354
tuning,229,4114;24690;25144;39186;57566;98924;38784;64910;37248;896
tuning,230,37248;98924;6850;1162;9376;64626;10392;88130;3000;2134
tuning,231,18018;52452;14054;56112;94954;19584;91580;11874;1094;85706
tuning,232,41060;24690;1644;91110;39356;27626;73418;8760;21484;71404
tuning,233,26810;96169;74256;9486;1402;86026;22650;30070;90522;2062
tuning,234,1094;11308;39624;88846;57962;88670;13212;6660;6824;69794
tuning,235,79358;50070;14114;39286;21694;33416;28900;26780;52452;2654
tuning,236,7188;95384;33838;26780;39286;14014;73290;32554;86654;10276
tuning,237,99564;50070;79358;14014;13726;86654;21694;57410;23214;2234
tuning,238,88748;78164;76764;97662;22494;89232;90476;20470;62902;98376
tuning,239,34372;2026;20488;4114;18680;20152;23790;4116;798;17770
tuning,240,26528;77368;8604;98166;6396;54482;64626;6894;1400;2380
tuning,241,9762;23558;22816;6224;57962;41010;40806;30758;84726;71646
tuning,242,4166;71934;14992;1382;88460;27662;6778;65160;54194;40620
tuning,243,87064;57784;26528;98166;1400;6894;23558;22816;51148;16114
tuning,244,41162;56106;56028;54194;13668;41092;39760;10708;43010;46150
tuning,245,11308;1247;19280;93546;88670;9440;78380;282;18466;39186
tuning,246,41060;58370;8760;1200;21484;1644;97741;20848;42320;20320
tuning,247,35884;46104;71108;78164;98194;56786;13182;86654;17458;30704
tuning,248,94242;32120;65370;89894;14686;23790;52600;41162;2380;13880
tuning,249,98853;56460;1060;33016;10855;5272;70630;8938;38354;75582
tuning,250,44954;85676;14812;58060;50512;20848;95186;45478;73070;38536
tuning,251,340;36592;10682;98730;398;10894;2222;80112;17326;28282
tuning,252,46104;13182;10276;57410;472;65562;33270;81768;5464;31132
tuning,253,30704;13182;33270;46748;472;91582;84324;57868;46104;31132
tuning,254,95384;24650;10174;78392;18330;2380;49396;33388;13582;32120
tuning,255,9762;22816;23558;9602;6224;2836;87064;39760;57962;77306
tuning,256,83264;7410;2026;724;71934;87554;48140;96854;35124;31850
tuning,257,95384;10174;24650;6132;13582;33388;18330;78392;21636;40062
tuning,258,81768;5362;7696;80286;30704;36258;31132;23214;97662;21886
tuning,259,33556;1386;46142;910;522;13958;41092;13712;18680;25296
tuning,260,1080;27626;62213;522;77368;32554;37356;40062;85706;57048
tuning,261,7410;71934;14992;1588;1568;40806;27662;31850;13880;78928
tuning,262,41092;35124;2026;7150;94242;14992;9828;41162;33556;724
tuning,263,88846;12166;21888;82700;32020;21162;24650;93546;17956;1442
tuning,264,2706;84340;75986;59667;1215;6078;29788;496;10392;57566
tuning,265,6440;50268;63534;14171;8712;75986;42762;24160;96394;2868
tuning,266,6828;54812;32584;6224;97806;29722;3944;97259;42556;3166
tuning,267,99564;91580;28900;50070;40568;86654;30904;90410;14014;98194
tuning,268,46104;10276;3670;13182;17458;81768;472;30704;23214;56358
tuning,269,8604;1382;77368;18532;3042;17956;35124;4688;54482;64626
tuning,270,56028;14114;71406;46302;20152;43010;98468;46150;7366;13958
tuning,271,93768;66106;31618;77426;99564;69582;48664;1434;36040;38168
tuning,272,96169;9486;1402;16420;21547;2062;38354;26810;41498;23674
tuning,273,57566;4116;2080;23790;64522;3646;36545;214;1398;45178
tuning,274,3894;41394;53237;38558;34628;95318;45412;97741;7696;1200
tuning,275,41060;24690;20848;73290;73418;71404;81038;21484;42320;30028
tuning,276,60042;19510;392;89834;67048;31042;2068;64754;54282;59667
tuning,277,71330;5086;28190;27818;1400;65370;2380;67710;49302;52600
tuning,278,64750;12314;74540;1022;9464;16850;8032;41060;14550;30874
tuning,279,73418;71404;37938;1672;3658;12224;56582;87388;6078;93448
tuning,280,342;41696;23859;8502;11028;1672;56582;8006;23718;38398
tuning,281,2068;75834;36862;18680;73268;91242;4594;85676;798;77306
tuning,282,340;36592;10682;10894;80112;34372;98730;28282;22788;22940
tuning,283,104;98080;5234;37476;54258;86510;76996;10122;77252;6778
tuning,284,16558;10636;19846;21170;59630;41602;14162;85539;874;30148
tuning,285,292;30090;22132;6836;2398;3662;63498;2068;20774;50166
tuning,286,97259;94954;97806;49986;4494;10586;17458;8812;4984;6354
tuning,287,91580;21694;39286;28900;99564;94285;40568;50070;87297;86654
tuning,288,78164;22494;90476;76764;89232;97662;41830;62902;42062;98194
tuning,289,1422;46752;49986;3668;83412;98210;632;13182;98376;39418
tuning,290,94242;35124;7410;9828;41328;78402;910;36888;37602;78928
tuning,291,81768;30704;46104;3670;5362;23214;21886;7696;472;10276
tuning,292,1146;80286;4218;11142;37248;1094;6850;8812;57410;2536
tuning,293,6008;19274;41010;21888;59134;57784;71934;88460;40806;3042
tuning,294,54194;496;10174;7150;13514;6778;59667;26528;41162;12854
tuning,295,95384;24650;10174;18330;2380;33388;73124;77306;78392;40062
tuning,296,1268;724;34454;43658;49302;36545;87554;35124;48140;22816
tuning,297,13514;496;6006;27662;7410;20694;7150;3536;22568;48198
tuning,298,27818;28190;6006;7150;54194;20694;41092;7410;13958;496
tuning,299,94242;16080;8524;54258;2380;57048;31622;1382;75986;27662
tuning,300,43010;41162;64522;87336;81038;39760;26350;18430;91242;26156
tuning,301,48690;93546;32020;6224;32936;51448;42076;98166;1442;23558
tuning,302,98210;10646;35884;98376;1422;97259;98194;4494;42062;76764
tuning,303,7188;32554;33838;57410;50070;95384;10276;31132;39286;86654
tuning,304,17502;69432;65393;47720;880;77426;4416;32554;19114;57048
tuning,305,5362;46104;81768;65562;25170;13182;91582;472;7696;36258
tuning,306,89232;88748;97662;880;98194;47896;62902;76764;78164;42062
tuning,307,81768;5362;30704;472;80286;7696;10276;23214;2188;57410
tuning,308,31864;12686;23632;61208;70994;11698;16036;30652;16866;39398
tuning,309,88748;90476;97662;76764;78164;22494;89232;5362;62902;46748
tuning,310,23558;22816;9762;48216;6224;51448;32936;57962;41010;98166
tuning,311,17608;59968;17956;88460;71646;7150;14686;35124;1442;41328
tuning,312,10798;96169;56460;74194;2392;71718;41010;74192;38354;48140
tuning,313,94748;39418;22494;13252;90476;78164;88748;10720;97662;1202
tuning,314,97741;8760;23713;41060;97962;38558;54404;95318;40971;42320
tuning,315,93854;83412;41394;7696;81768;30148;33416;47018;85654;1968
tuning,316,85676;36862;71404;81038;73418;68560;74260;80;10016;14550
tuning,317,41564;80850;81398;75834;4944;41450;54404;98997;2868;20774
tuning,318,29594;64750;87336;3140;85676;93854;88788;10122;60368;52420
tuning,319,38354;9486;11328;96169;8938;1402;30070;90522;74194;16420
tuning,320,3944;29722;10798;22862;9486;21547;56460;74192;30070;96169
tuning,321,19948;40971;44954;2492;1400;14550;35040;79320;49252;85654
tuning,322,52234;23859;79320;47278;53237;3827;19948;30186;4276;42320
tuning,323,48690;77252;69794;54282;63862;43658;64522;84340;88846;77306
tuning,324,44954;85676;45478;20848;14812;72932;38536;58718;1900;19030
tuning,325,70630;10855;7630;49252;50040;33016;11874;64750;28352;41528
tuning,326,64750;1022;96702;29594;4946;71495;392;14550;59882;58602
tuning,327,54404;95318;24728;40440;42320;702;38248;52234;9890;14550
tuning,328,3944;29722;10798;22862;56460;74192;9486;21547;30070;96169
tuning,329,38354;9486;11328;96169;1402;30070;16420;90522;8938;74194
tuning,330,85654;3894;23713;8760;38558;41498;1398;96169;23674;56582
tuning,331,3944;96169;10798;38354;29722;16420;30070;1402;22862;74192
tuning,332,9486;41564;41394;26810;4594;28916;308;5096;22650;67048
tuning,333,52234;23859;5096;42320;30186;14934;82994;58370;73418;71404
tuning,334,20848;44954;21484;50512;71330;95606;53592;82920;87800;73070
tuning,335,16558;10636;41602;85539;19846;21170;59630;874;98730;14162
tuning,336,9948;54282;1094;10392;2080;39186;896;6216;31368;24760
tuning,337,79807;6078;89024;88788;42762;57182;87336;12224;86577;24160
tuning,338,58718;31264;18238;96150;442;35054;50268;1366;994;46232
tuning,339,887;73268;76644;76672;64522;26156;798;38536;10016;77306
tuning,340,80112;8006;10682;994;87388;10894;36592;18238;4116;27626
tuning,341,97259;83412;49986;1422;69582;98210;16208;17048;46752;10646
tuning,342,35032;50070;39286;79358;21694;90410;12110;87297;99564;26198
tuning,343,56162;19584;35032;1422;79358;71718;4416;87297;50070;24200
tuning,344,50070;23214;2920;2290;79358;79524;81768;38542;1308;26198
tuning,345,26198;47720;69432;4416;56162;92192;880;17502;10720;32554
tuning,346,65281;23890;10276;2920;73290;81768;37800;7696;85706;5202
tuning,347,78928;31850;36888;35124;4688;37602;13726;28456;14992;31950
tuning,348,21320;82700;48198;93546;98166;71646;1442;20666;59968;51448
tuning,349,7410;71934;76628;41092;612;1568;17106;27662;1588;33556
tuning,350,87064;622;4090;86870;23558;28190;13582;15970;41770;16114
tuning,351,88460;57962;6008;21888;536;71934;4796;3042;1588;622
tuning,352,74192;71718;2868;12318;75986;52030;29154;11772;30070;22788
tuning,353,38354;9486;11328;96169;30070;1402;16420;90522;8938;74194
tuning,354,72828;2092;49252;51792;60400;29716;2035;944;858;34628
tuning,355,21547;1060;1402;9486;96169;38354;5272;23713;8938;74194
tuning,356,34628;16420;49252;12318;87336;38248;22940;85654;23713;54404
tuning,357,44954;85676;14812;73070;20848;58060;50512;45478;5086;95186
tuning,358,85654;40971;8914;74540;45412;64102;3864;24728;68224;8760
tuning,359,38354;9486;96169;16420;1402;2062;30070;74194;10855;85654
tuning,360,47278;24650;3668;33416;31950;44930;10174;2920;73124;5948
tuning,361,64750;1022;96702;29594;14550;71495;4946;36862;58602;392
tuning,362,12318;75986;33016;34628;30826;11772;71718;56460;22788;612
tuning,363,887;16114;64522;89024;76644;798;77306;76672;73268;60042
tuning,364,33556;1386;8136;13958;69562;25296;46142;41092;6824;20152
tuning,365,32120;78402;82920;65370;89894;52600;94242;35124;33354;27818
tuning,366,342;41696;23859;8502;11028;1672;56582;8006;23718;38398
tuning,367,50070;23214;2920;79524;2290;79358;21886;81768;17458;26198
tuning,368,65370;89894;32120;78402;82920;14992;33354;57390;80744;13880
tuning,369,9762;23558;22816;87064;26104;77306;64626;2836;10174;17956
tuning,370,22568;20694;7150;496;6006;13514;1442;59134;57784;82700
tuning,371,8712;6006;4166;28594;53476;71934;2654;36888;31850;43010
tuning,372,3662;22132;392;24690;99796;10392;340;2068;75848;85706
tuning,373,1494;66044;3864;30826;1348;6716;12318;4944;64102;27150
tuning,374,2068;90534;75834;4594;6824;59667;95980;38016;19510;59964
tuning,375,50512;20848;44954;95606;53592;21484;65646;71330;4276;96150
tuning,376,96150;81038;58718;1366;4276;58602;53592;17824;31264;45206
tuning,377,55450;4416;81268;83194;28456;18018;35832;724;56112;83264
tuning,378,41060;8760;1200;24690;97741;58370;1644;20848;68166;35054
tuning,379,73418;71404;37938;80112;3658;1672;93448;87388;10682;22862
tuning,380,2035;51148;2492;858;49252;72828;41498;27042;9908;49202
tuning,381,21320;1442;51448;42076;93546;27572;32020;71646;48198;82700
tuning,382,54194;10174;496;59667;7150;13514;26528;24650;12854;27818
tuning,383,98080;54258;76996;50166;282;104;86510;41450;77252;2380
tuning,384,59964;20360;4594;80286;38334;30870;29122;66438;13182;21694
tuning,385,97806;97259;1422;17048;96150;1766;46232;49986;10586;4494
tuning,386,30704;82649;46104;5464;13182;91582;73268;17458;8032;472
tuning,387,496;7150;54194;13514;3536;22568;1268;17106;48690;27818
tuning,388,97662;89232;88748;632;39418;13252;98376;76764;28456;78164
tuning,389,7410;71934;1588;1568;14992;31850;65370;13880;94242;27662
tuning,390,49302;43010;64522;26156;39760;26350;2836;3646;9762;16114
tuning,391,41092;8062;69394;95186;21084;58584;37938;21370;92198;45178
tuning,392,4946;58602;5642;45206;4276;50512;53592;69394;50280;96150
tuning,393,27662;20488;35124;78928;4688;622;1382;1400;7150;94242
tuning,394,23790;31850;22568;78928;37602;28456;14686;4688;35124;36888
tuning,395,32120;82920;65370;78402;89894;57390;33354;896;52600;49396
tuning,396,43658;22816;30758;20152;23558;3042;65160;57962;1268;18330
tuning,397,8604;26528;18532;77368;64626;54482;6396;98166;17956;14136
tuning,398,9486;96169;21547;5272;4426;30070;1402;71718;38354;2062
tuning,399,98468;36888;8712;43600;6006;28456;30758;1382;10586;54194
tuning,400,40552;30758;13582;15970;20666;9762;2836;9602;3042;3306
tuning,401,31216;14550;2392;96702;40568;3166;16420;66044;74434;6716
tuning,402,87336;17328;1338;21370;31216;92758;21084;52234;42320;30028
tuning,403,3944;29722;10798;1060;56460;38354;1402;22862;96169;5272
tuning,404,85676;44954;50512;14812;45478;38536;76478;36862;95606;58602
tuning,405,38248;9890;48752;9440;64102;2492;1826;11060;36862;58776
tuning,406,2068;4100;16114;20152;41770;77646;18680;14770;90534;45178
tuning,407,2068;59667;6824;1268;20848;8524;4494;18430;53592;46232
tuning,408,53592;7630;50512;38536;87336;4276;4946;24728;95606;76644
tuning,409,66106;42678;13868;31132;1736;764;85706;1002;23214;18018
tuning,410,22494;88748;89232;78164;76764;94748;97662;13252;632;90476
tuning,411,88748;63862;3108;31132;66106;4594;20470;31618;13182;36258
tuning,412,32554;4416;69432;37356;87297;47720;10720;57048;88748;83904
tuning,413,23790;4688;31850;31950;37602;16080;36545;35124;28456;64658
tuning,414,16114;39760;2836;26156;64522;22816;43010;7410;59667;18430
tuning,415,95384;10174;24650;18330;33388;282;26198;90438;21636;17770
tuning,416,9762;22816;23558;98166;51448;2836;6224;57962;71646;30758
tuning,417,38248;4276;6716;74434;5256;23859;14934;74844;59882;52420
tuning,418,89220;31618;5086;3108;66044;4100;3944;2868;38248;4494
tuning,419,4664;66044;1060;9440;29594;1494;5484;5256;3108;74844
tuning,420,41564;41394;25168;41450;86026;4594;23632;28916;5096;1440
tuning,421,17326;45174;17014;3140;71904;59512;2564;10122;81038;28908
tuning,422,56112;1308;97673;81768;2290;3668;23214;13868;97228;92786
tuning,423,81768;23214;2920;21886;92786;5362;78164;7696;10276;88748
tuning,424,3450;78164;22494;13252;97662;2398;632;97673;42062;94748
tuning,425,88748;63862;97662;22494;90476;78164;20470;31618;5362;81768
tuning,426,74192;71718;30070;27042;34628;12844;49252;12318;29716;1402
tuning,427,54404;95318;40440;41034;31216;14550;64484;4944;96702;52234
tuning,428,78390;64102;38248;6716;2392;54404;66044;96169;16420;9486
tuning,429,32120;65370;78402;89894;82920;1442;4796;93546;57390;2654
tuning,430,23790;31850;78928;22568;36888;37602;14686;35124;28456;4688
tuning,431,2068;18680;96238;26104;11308;90534;24160;16114;35884;30870
tuning,432,38542;79358;79524;98937;31850;71495;17328;64412;3668;28594
tuning,433,26528;46142;8604;17956;36545;1382;6006;77368;1400;98166
tuning,434,17106;27662;22568;71934;89894;20694;65370;4166;7150;14992
tuning,435,95384;24650;10174;18330;78392;33388;2380;40062;57048;22128
tuning,436,98166;6894;32020;51448;93546;71646;27572;21162;4090;1442
tuning,437,3944;29722;38354;9486;96169;10798;11328;8938;75582;30070
tuning,438,9486;21547;1398;26810;1362;22823;60400;968;1348;96169
tuning,439,66044;4664;1494;29594;5256;1060;86574;70630;2492;3658
tuning,440,41394;98997;27850;754;41564;292;96238;24616;41450;31618
tuning,441,91580;30904;50070;39286;35032;80866;86654;90410;99564;79358
tuning,442,10276;38168;483;69432;55450;29594;33270;2900;21286;17014
tuning,443,4416;55450;81268;28456;1574;21420;52452;18018;64412;26312
tuning,444,66106;26780;52452;98194;25170;83904;86654;81268;13868;18018
tuning,445,9486;21547;1362;1398;968;26810;22823;49252;96169;1348
tuning,446,96238;6156;34628;41394;76996;214;104;3646;40310;46046
tuning,447,308;46046;68994;18214;41394;4426;22650;30874;99796;20774
tuning,448,8760;41060;1200;54404;22940;49252;97741;58370;42320;95318
tuning,449,54404;95318;40440;64484;14550;3827;42320;31216;52234;38248
tuning,450,71718;30070;74192;27042;12844;29716;1402;34628;2062;49252
tuning,451,41394;25168;1440;4594;5096;31698;55432;36862;40310;31368
tuning,452,79807;89024;24160;42762;57182;88788;91988;17376;18238;73242
tuning,453,90534;38016;72932;4594;85539;59512;59630;75834;95980;86577
tuning,454,11328;68166;15924;70210;38248;67710;0;87388;59630;7630
tuning,455,87388;98730;10682;8838;36592;31264;11996;56582;1826;10894
tuning,456,87297;50070;39286;99564;38334;86654;26780;28900;47720;21694
tuning,457,38168;48664;77426;33270;69432;19146;584;25168;92198;10276
tuning,458,7410;71934;17106;41092;76628;27662;28190;39760;8136;612
tuning,459,13514;13582;6396;80744;6894;35124;9828;21162;98166;1400
tuning,460,1146;37248;80286;98924;57410;26312;10276;64626;1094;8812
tuning,461,57048;54258;31850;96854;4688;67336;1382;78928;622;7410
tuning,462,2068;75834;60042;90534;19510;340;44954;20848;798;4594
tuning,463,37602;80744;35124;910;622;14992;31950;17608;2380;28594
tuning,464,45174;9890;17824;54404;1348;17326;41602;96169;75834;4594
tuning,465,44954;85676;14812;20848;58060;50512;38536;45478;73070;95186
tuning,466,1366;12290;17824;3662;45174;58776;41602;31264;96150;58602
tuning,467,84340;32120;49396;69562;896;37476;3646;94242;27818;65370
tuning,468,1146;896;49302;54282;84340;65646;72940;2080;49396;69562
tuning,469,98924;6850;3646;88130;43600;31368;37248;70994;12964;22128
tuning,470,21320;21162;1442;93546;51448;27572;32020;42076;48198;82700
tuning,471,33222;6836;70630;10404;31698;10720;93018;18278;844;42062
tuning,472,37938;38501;4996;52526;41034;36862;54418;96702;73418;71404
tuning,473,73242;11996;5730;6794;54524;8032;37800;60042;76644;10586
tuning,474,44954;85676;45478;47098;18430;38536;91864;72932;14812;50512
tuning,475,79807;6078;89024;42762;88788;57182;87336;12224;86577;24160
tuning,476,68166;70210;13598;1790;6440;45178;13282;31622;5642;40338
tuning,477,41092;45178;69394;64658;58584;25296;21370;54194;13958;46142
tuning,478,34628;23674;38248;44450;22940;11328;612;1402;5760;44702
tuning,479,71404;82994;12224;80112;10682;35402;98730;36592;22788;73418
tuning,480,10636;41602;85539;14162;21170;5280;17326;30148;19846;24676
tuning,481,41060;85676;1200;74260;81038;87336;5196;8760;24690;2744
tuning,482,44954;85676;14812;20848;50512;58060;73070;45478;95186;95606
tuning,483,4044;80112;6078;37938;73418;3658;45638;56582;71404;36592
tuning,484,36862;5642;86026;4276;4946;58602;10887;28510;94954;398
tuning,485,2068;19510;59667;1268;60042;18680;8524;90534;20152;18330
tuning,486,90534;95980;38016;2068;89024;85539;75834;4594;59630;10636
tuning,487,62213;16866;798;19510;13726;63534;59667;1268;21286;5202
tuning,488,91582;33838;31132;36258;472;98937;26780;13182;65281;65562
tuning,489,31379;41770;18640;4946;16114;87388;15970;58602;5642;398
tuning,490,41060;8760;1200;24690;21484;58370;9392;9890;45638;99838
tuning,491,73418;71404;37938;3658;22862;1672;93448;42556;3166;80112
tuning,492,85676;71404;76478;80;37938;36862;5086;96702;34576;52526
tuning,493,41564;80850;14550;8524;81398;75834;30874;54404;78294;31216
tuning,494,96150;46232;58602;53592;45206;4946;50512;76672;4276;76644
tuning,495,54404;95318;38248;24728;702;16420;42320;64484;52526;4944
tuning,496,54812;3944;3536;6224;6828;39624;3108;32584;88670;42556
tuning,497,9486;38354;30070;1402;71718;72828;9908;49252;74192;90522
tuning,498,30070;71718;74192;27042;29716;49252;12844;34628;2062;1402
tuning,499,41394;26810;4594;308;16622;9486;96238;5096;22650;41564
tuning,500,10887;96150;4276;46232;45206;1366;58718;4946;53592;58602
tuning,501,16558;10636;19846;21170;59630;41602;31264;340;9890;98730
tuning,502,104;86510;77252;98080;46252;76996;120;5234;41450;9828
tuning,503,52234;23859;5096;30186;82994;14934;58370;73418;42320;40971
tuning,504,2068;90534;74256;59667;4594;19510;60042;91970;75834;38016
tuning,505,86577;91242;87336;88788;58718;72932;87068;91988;214;92758
tuning,506,18238;27626;31264;6078;56582;80112;4044;10894;1672;87388
tuning,507,887;22128;4276;32320;20848;398;50280;87800;10887;19510
tuning,508,98080;104;39186;5234;77252;46252;76996;50166;56168;38784
tuning,509,4416;21694;65370;37476;7426;17770;282;69562;94285;22568
tuning,510,7188;86654;33838;39286;26780;50070;77426;95384;32554;73290
tuning,511,4416;21694;98210;99564;87297;47720;44450;26780;36040;56162
tuning,512,10276;38168;29594;19146;21694;87366;33270;7696;77426;35832
tuning,513,38168;40338;483;582;48664;2900;6132;78060;77426;37356
tuning,514,6136;83904;56786;98194;33270;57868;13182;91582;71108;24616
tuning,515,32120;65370;82920;89894;78402;33354;94242;4166;456;52600
tuning,516,17106;71934;14686;41010;40806;4166;27662;65370;6008;14992
tuning,517,1022;95186;59882;12314;73070;97962;44954;50512;89536;46232
tuning,518,71404;73418;37938;3658;1672;22862;12224;5086;80112;56582
tuning,519,4276;5256;14550;4664;19948;6156;1400;47278;40440;17502
tuning,520,54812;6828;32584;3166;97806;6224;39624;42556;3536;97259
tuning,521,9828;35124;37602;21320;10174;21162;28190;910;41092;5992
tuning,522,96150;10887;1366;80112;23859;45206;4946;4276;53592;58602
tuning,523,41602;16558;10636;11028;21170;19846;30148;14162;17326;20952
tuning,524,31264;58718;17014;80112;81038;18238;994;17326;96150;28908
tuning,525,41078;88788;91988;86577;18800;74194;24160;87336;19510;18640
tuning,526,97259;97806;1422;35884;24434;4494;20470;8032;13252;36040
tuning,527,6132;32554;37356;48664;40338;69432;85706;483;78060;38168
tuning,528,10276;33270;80286;57410;25170;81768;11698;5362;13182;15282
tuning,529,81768;78164;35884;5362;93768;46104;7696;30704;98194;84324
tuning,530,26528;8604;77368;46142;54482;18532;17956;64626;98166;35124
tuning,531,52526;85676;96702;37938;31216;36862;14550;3827;18430;42320
tuning,532,60400;90522;26298;2092;72828;41528;2035;944;49252;75582
tuning,533,5256;74844;4664;1022;14550;89536;71404;89894;92156;96702
tuning,534,4664;66044;5256;4100;31216;3108;5086;2492;1494;944
tuning,535,96150;4946;10887;45206;53592;4276;58602;1366;46232;18238
tuning,536,2080;214;1106;1422;89220;46150;1968;18238;44166;9616
tuning,537,9828;4996;47278;41034;35124;24650;6778;10174;37602;21888
tuning,538,9392;4116;75834;50268;9890;41602;58776;64522;6716;4114
tuning,539,21547;5272;70630;1410;8938;844;29716;74194;9486;22492
tuning,540,93854;44024;68994;67048;2744;968;40971;1022;29594;87336
tuning,541,34628;50268;85654;2392;4944;16420;23674;23713;38558;30826
tuning,542,5256;21886;5484;71495;40568;46752;6006;38542;23214;92786
tuning,543,74256;26810;91970;27176;96238;35040;22862;90534;3864;60368
tuning,544,54404;95318;42320;38248;52526;3827;4944;52234;24728;702
tuning,545,65562;81768;13182;25170;41830;33270;6136;21886;83904;57410
tuning,546,1260;40062;33416;41162;15970;612;24650;97962;41092;78402
tuning,547,58602;96150;4946;53592;46232;50512;44954;45206;4276;14812
tuning,548,97806;97259;49986;17458;1422;32936;4494;13252;23632;15970
tuning,549,1788;41830;8330;11698;54190;46752;16866;92786;2920;81768
tuning,550,50268;1968;88788;1826;64522;34628;6078;12224;38326;86577
tuning,551,40062;7366;6156;29490;10016;13466;93936;522;42320;30148
tuning,552,12224;8006;3658;71404;86577;342;56582;82994;41696;18238
tuning,553,1146;2654;78294;54812;13514;8604;20666;26528;20694;7150
tuning,554,98166;6894;93546;32020;1442;51448;78380;54482;32936;4090
tuning,555,85539;5280;33354;95606;21170;10636;14454;47098;41602;17326
tuning,556,33838;56358;5362;36258;15282;8280;97662;73290;22494;5202
tuning,557,95186;59882;12314;1022;73070;97962;20034;44954;50512;46232
tuning,558,612;41092;36348;33556;74050;23674;2744;1260;34628;14770
tuning,559,12292;20830;59667;17232;9376;21286;26156;22128;798;47018
tuning,560,27386;31042;16114;98166;340;28190;59667;93546;54282;49302
tuning,561,8604;98166;26528;54482;6396;64626;77368;17956;18532;6894
tuning,562,18640;87388;8006;76996;98080;38632;61464;30028;1826;18238
tuning,563,77252;98080;86510;15363;76996;104;120;5234;64522;2080
tuning,564,40062;77368;3306;3136;10174;95384;6396;59667;96854;4996
tuning,565,77306;3136;60042;2068;3306;6396;78392;46232;51448;16114
tuning,566,37356;483;32554;38168;6132;85706;69432;72119;42320;7316
tuning,567,9376;2134;65998;1162;2080;20774;44166;5952;45638;214
tuning,568,26780;33838;13182;472;25170;5362;24616;57410;10276;3670
tuning,569,33556;25296;41092;13712;58584;76628;13958;9118;48198;56028
tuning,570,258;41394;96238;44544;308;18214;92286;3000;46046;798
tuning,571,54258;57048;27662;7410;622;754;6778;96854;67336;31850
tuning,572,258;54404;3864;30826;16830;26810;16420;968;64102;45412
tuning,573,4946;36862;37938;5642;58602;4276;21370;86026;21084;16830
tuning,574,60042;77306;3136;2068;3306;6396;78392;46232;5676;94954
tuning,575,21370;69394;58584;41092;21084;45178;25296;13958;24226;46142
tuning,576,38501;10960;16420;1422;292;30826;8336;1224;3864;40568
tuning,577,37248;85412;12292;9118;52452;4946;60586;89024;3132;31424
tuning,578,9376;2134;1162;65998;20774;44166;470;5952;2080;45638
tuning,579,37248;52452;22132;98924;54282;582;1434;292;88130;65998
tuning,580,22128;887;398;50280;16114;4276;19510;874;1826;87800
tuning,581,65998;9376;2134;1162;9616;3000;11142;214;258;9948
tuning,582,88130;54282;92286;48048;99838;9616;37248;84340;43600;65998
tuning,583,358;20830;37624;9828;85676;64484;1968;64102;12854;17326
tuning,584,71404;73418;37938;10682;80112;98730;10894;1672;31264;56582
tuning,585,34628;76818;12318;49252;1398;1362;12844;74260;97741;45412
tuning,586,6224;39624;41528;3944;19280;3108;54812;88670;32584;1247
tuning,587,67048;99796;48216;392;59667;2068;70954;887;54418;78392
tuning,588,41528;33016;60400;26298;2062;23674;30070;27150;75086;1402
tuning,589,38354;9486;16420;74194;75582;22862;29722;23674;1402;5086
tuning,590,41394;99838;308;45412;258;9890;96238;30070;6440;92286
tuning,591,44954;95606;20848;21484;50512;65646;53592;71330;73070;87800
tuning,592,340;80112;34372;10682;36592;10894;22940;28282;31264;22788
tuning,593,79807;57182;4594;89024;442;6078;17376;37624;86577;78392
tuning,594,99564;94954;39286;483;80866;50070;4494;90410;4984;35884
tuning,595,87297;21694;47720;4416;39286;91580;90410;38334;59964;56162
tuning,596,83412;77464;92786;47896;10276;46752;11698;1788;3668;21886
tuning,597,27850;94954;4984;8812;13282;26780;27386;97259;31618;17458
tuning,598,33838;15282;56358;5362;5202;36258;8280;97662;73290;35032
tuning,599,32120;78402;82920;65370;89894;33354;57390;896;1046;24690
tuning,600,23790;3646;36888;48140;34454;96394;36545;51916;31950;21420
tuning,601,26104;10174;2836;4688;30758;9762;49302;15970;64658;54194
tuning,602,52030;17902;214;256;56168;5258;65998;31042;9376;84340
tuning,603,27662;13880;35124;94242;37602;1442;14992;7150;12964;2026
tuning,604,13514;96854;496;22568;20694;7410;7150;88460;54194;2706
tuning,605,7696;81768;2920;10276;34454;292;17770;23890;57410;3668
tuning,606,17106;27662;41010;71934;7150;53476;40806;19274;22568;40620
tuning,607,85676;44954;14812;36862;53237;38536;45478;37938;52234;87800
tuning,608,87800;2038;332;38536;20848;45478;44954;95606;85676;4276
tuning,609,85539;21170;14162;10636;11028;41602;30148;41696;95606;5280
tuning,610,54404;26810;1348;4594;9486;60400;64102;41528;75834;1398
tuning,611,69394;45178;41092;18430;21370;73268;21084;26156;798;26350
tuning,612,392;54282;442;64754;99796;67048;26156;57390;77306;68994
tuning,613,56582;5508;87336;5506;4044;36592;77238;12224;1200;6660
tuning,614,26350;16114;22128;798;45638;19510;26156;398;64522;10174
tuning,615,17770;4416;37476;282;7426;21694;20488;56162;21636;880
tuning,616,83412;77464;10276;47896;92786;46752;11698;3668;1788;21886
tuning,617,94954;93768;33416;7575;4494;99564;2398;8812;35884;80866
tuning,618,6136;4594;56786;71108;22494;83904;91582;29122;57410;13182
tuning,619,87336;7630;37624;6616;91988;88788;64626;24728;2028;42762
tuning,620,91988;35040;91242;88788;87336;887;86577;26350;87068;798
tuning,621,91988;91242;87336;64626;6616;37624;87068;88788;24728;1234
tuning,622,91242;87336;86577;87068;88788;63862;53237;58718;91988;6616
tuning,623,79807;87336;12224;57182;88788;24728;89024;34628;49252;86577
tuning,624,26810;41564;86026;4594;5096;9486;41394;3864;49202;30070
tuning,625,79807;89024;57182;22912;31042;91110;52220;332;87336;38536
tuning,626,2222;31816;18800;358;37624;8032;42762;91242;88788;17326
tuning,627,4100;4664;84726;1494;5086;9440;3108;7920;77306;76996
tuning,628,75834;30090;58776;59630;60;87388;3662;31264;90534;2068
tuning,629,91242;798;16114;89024;42762;60042;76644;2068;6078;1826
tuning,630,6850;76996;90438;6216;5730;39186;9948;24760;77252;38784
tuning,631,76996;63498;9392;50268;27818;64522;47018;4116;77252;28190
tuning,632,45178;21370;21084;15970;26350;77306;73268;18430;16850;522
tuning,633,91970;67048;26810;86026;22650;99796;2868;74256;68994;41696
tuning,634,21320;82700;88846;32020;21162;27572;98166;71646;12166;51448
tuning,635,1402;2062;30070;74192;71718;38354;8938;27042;5272;38558
tuning,636,1788;89932;54524;83412;9108;65562;46752;11698;36258;1308
tuning,637,56168;15363;37248;24616;24760;1880;5234;33210;5258;1574
tuning,638,16558;10636;19846;41602;21170;59630;85539;11028;14162;874
tuning,639,79807;91110;6078;57182;89024;12224;24160;17278;17376;88788
tuning,640,16010;1080;536;48660;1247;98532;11308;29874;77426;56428
tuning,641,18640;5642;86026;41770;48752;398;50268;22078;82328;1826
tuning,642,887;73268;76644;76672;38536;77306;87336;60042;798;91242
tuning,643,5086;46252;1494;41450;7920;74844;1044;47720;4664;5256
tuning,644,38168;6132;10276;483;69432;77426;584;85706;21694;48048
tuning,645,8604;1382;77368;26528;98166;17956;35124;9602;6396;3042
tuning,646,1260;33416;31950;24676;79320;23790;47278;10174;41770;26104
tuning,647,35124;40806;71934;43010;41010;27662;54482;6008;4166;1568
tuning,648,5362;46748;13182;3670;30704;472;37800;57410;33270;71108
tuning,649,36888;4688;96394;6440;14114;13726;51916;584;36545;13668
tuning,650,1442;21162;93546;21320;51448;27572;82700;32020;42076;71646
tuning,651,23713;38558;4426;19948;78390;41498;1790;11328;29154;90438
tuning,652,95186;59882;1022;97962;12314;73070;50512;44954;14550;85676
tuning,653,37938;71404;73418;1672;22862;38248;93448;50916;29490;42320
tuning,654,47278;14550;73418;79320;5086;71404;2744;53237;52234;23859
tuning,655,40971;19948;74434;42320;2492;38558;65646;858;6616;49252
tuning,656,5086;46252;41450;1494;7920;47720;4664;5256;74844;4100
tuning,657,1422;46752;632;17048;98210;13252;54524;13182;49986;97259
tuning,658,41564;80850;38632;41394;4682;25168;75834;20774;94954;31698
tuning,659,87800;44954;95606;45478;2038;85676;20848;33354;14812;332
tuning,660,56168;15363;5258;124;37248;14136;81414;98924;1574;1880
tuning,661,45174;17326;71904;59512;3140;17014;10122;81038;2564;14454
tuning,662,9376;2134;1162;65998;44166;2080;20774;5952;470;22132
tuning,663,16558;19846;41602;10636;11028;21170;85539;59630;14162;874
tuning,664,79807;87336;24728;12224;57182;88788;89024;34628;6078;38326
tuning,665,84340;69562;896;49396;37476;65646;724;32120;41162;3646
tuning,666,9948;39186;10392;38784;256;54282;1094;19280;24760;6850
tuning,667,2068;19510;90534;4594;75834;8032;28282;38016;74256;60042
tuning,668,6828;54812;30826;1386;32584;724;58584;1044;22862;93448
tuning,669,17458;81768;5948;31132;22494;13282;23214;23890;2920;95384
tuning,670,44930;11060;47098;47018;73124;52234;17328;59882;30186;97962
tuning,671,97806;49986;17048;1422;8032;46104;97259;2398;83412;29874
tuning,672,87297;21694;47720;94748;4416;56162;34393;91580;39418;39286
tuning,673,35832;28456;66106;13514;81268;18018;724;55450;51230;83264
tuning,674,81268;83264;18018;55450;66106;52452;35832;94954;3668;83194
tuning,675,10276;47896;83412;3668;79524;77464;56564;11698;1788;15282
tuning,676,94954;79358;8812;99564;80866;49986;27850;7575;91580;93768
tuning,677,98080;1494;5086;68560;71404;4664;58060;1234;9440;74844
tuning,678,37602;31850;31950;28594;4688;78928;120;23790;4796;26104
tuning,679,6894;98166;32020;93546;51448;71646;32936;1442;78380;5676
tuning,680,3646;33556;76628;56028;27386;14114;48140;23790;53237;8136
tuning,681,98468;7410;1382;2380;57048;6778;36545;4796;622;496
tuning,682,30090;60042;52220;93018;24690;14812;77579;6850;46150;92198
tuning,683,33556;13958;20152;82700;13712;18330;89894;2026;54812;13282
tuning,684,14686;23790;31850;28456;22568;37602;724;4688;35124;31950
tuning,685,52600;32120;65370;82920;94242;78402;57390;89894;12854;49396
tuning,686,52600;32120;65370;82920;57390;78402;94242;12854;49396;1046
tuning,687,23713;38558;4426;41498;78390;19948;1790;90438;11328;29154
tuning,688,340;76478;10682;75834;36592;16114;2068;398;98730;332
tuning,689,81768;23214;2920;21886;10276;92786;28594;31132;46752;11698
tuning,690,28456;4494;880;55450;4416;23790;35884;90410;1574;584
tuning,691,98166;6894;32020;32936;51448;93546;1442;71646;4090;78380
tuning,692,887;73268;34576;64522;76644;76672;77306;60042;21547;33016
tuning,693,17326;71904;5760;20034;42762;14454;1234;45174;14934;33016
tuning,694,95186;59882;1022;97962;12314;73070;44954;50512;11060;89536
tuning,695,45206;4276;96150;58602;4946;5642;1366;17824;58718;46232
tuning,696,36862;17014;10122;17824;3140;68166;48752;14550;54258;58602
tuning,697,41564;5234;20766;20774;80850;41450;4594;81398;59630;2068
tuning,698,97741;80850;58370;38248;20320;42556;5096;702;40440;92156
tuning,699,5086;96238;9440;52030;3108;74256;29122;7920;214;66044
tuning,700,392;67048;99796;18680;19510;32936;7922;2068;78392;48216
tuning,701,98853;56460;33016;612;75986;1060;8938;1402;70630;13466
tuning,702,58602;45206;4946;53592;50512;46232;4276;76672;96150;76644
tuning,703,6616;97741;36862;24728;1022;40440;2492;64484;80850;97962
tuning,704,41564;41394;38632;25168;80850;75834;4682;1618;20774;86026
tuning,705,2068;4100;18680;90534;16114;89024;20152;18330;21448;45178
tuning,706,84340;69562;896;52030;72940;49396;37476;78164;65646;3646
tuning,707,87800;20848;45478;28510;20952;44954;91864;72932;332;96150
tuning,708,41602;21170;14162;85539;11028;41696;10636;5280;95606;2564
tuning,709,79807;88788;6078;12224;89024;7630;24728;57182;87336;49252
tuning,710,90534;2068;4594;75834;38016;19510;8524;24160;11996;28282
tuning,711,3662;1366;17824;12290;31264;58776;48752;74256;398;58718
tuning,712,887;73268;34576;76644;64522;76672;77306;33016;21547;60042
tuning,713,21694;87297;26198;97259;90410;632;47720;56786;62322;98937
tuning,714,26780;79358;17458;30904;28594;31132;40568;35032;86654;50070
tuning,715,282;4416;17770;37476;65370;69562;21694;20488;21636;7426
tuning,716,34393;1788;23214;46752;1184;17458;25168;77464;83412;15282
tuning,717,88748;76764;97662;62902;39418;90476;63862;880;92788;89232
tuning,718,81768;23214;92786;2920;21886;10276;31132;36258;30704;57410
tuning,719,71108;6136;34393;56564;83904;78164;63084;56312;98210;47896
tuning,720,21320;1442;82700;48198;51448;4090;98166;32020;21162;71646
tuning,721,1146;57410;80286;37248;24616;98924;11142;25170;10276;6850
tuning,722,7150;496;22568;54194;13514;27818;28190;6006;20694;1268
tuning,723,12314;55432;6216;34576;398;1022;86026;2396;91970;90534
tuning,724,19846;29594;6828;93448;1046;22132;4264;42556;91864;22862
tuning,725,30826;40568;38248;22862;1968;92988;18214;30904;2744;78390
tuning,726,6156;91242;30874;34628;9392;92286;21448;1022;12318;79320
tuning,727,9828;1260;86870;78402;1494;71330;7366;17868;38501;71904
tuning,728,85654;73124;33416;64522;5948;24690;15970;798;39356;41060
tuning,729,82700;98166;21320;71646;21162;88846;12166;93546;6894;1442
tuning,730,59667;54194;10174;1268;41162;24650;7150;27818;6396;43658
tuning,731,19274;59134;6008;41010;40806;1442;27572;71646;71934;93546
tuning,732,5992;6132;87064;69432;33210;77426;2358;7316;40338;96394
tuning,733,21694;28900;87297;39286;26198;98937;94285;79358;10646;83904
tuning,734,45478;47098;85676;72932;81038;17014;1900;10894;2564;30028
tuning,735,13182;65562;77464;15282;5464;1788;28352;2188;83412;11874
tuning,736,2068;4100;90534;18680;45178;96394;21448;16114;8524;89024
tuning,737,84340;49396;69562;896;37476;48140;52030;27818;12;32120
tuning,738,10646;97259;97806;98210;97662;98376;76764;18138;29152;13182
tuning,739,88748;97662;63084;22494;56564;29152;76764;78164;62902;90476
tuning,740,30870;97259;66438;97806;65281;78392;46232;41034;32584;23214
tuning,741,88748;83904;76764;22494;97662;92788;89232;5362;39418;46752
tuning,742,91580;28900;21694;94748;39286;87297;94285;20360;880;90410
tuning,743,23214;81768;582;25170;3668;21886;97228;65393;38168;14012
tuning,744,21448;2744;13466;30186;342;47278;38326;68560;71404;24728
tuning,745,392;67048;16420;29594;38248;90534;95318;58602;99796;42556
tuning,746,98853;56460;33016;8938;1060;5272;60400;90522;51148;30070
tuning,747,60400;72828;90522;51792;2092;75582;41528;26298;49252;8938
tuning,748,96702;37938;44954;36862;85676;29490;50512;58602;4276;21084
tuning,749,22492;6156;7366;86870;612;1410;844;75086;34628;9908
tuning,750,41564;80850;41394;25168;38632;75834;4682;36862;24616;81398
tuning,751,52234;6716;45174;85676;41564;55432;36862;40440;58370;20766
tuning,752,79358;21694;17458;50070;39286;97806;35032;27850;33416;24200
tuning,753,99564;91580;50070;28900;40568;80866;71495;11874;79358;11598
tuning,754,97259;97806;1736;17458;13342;3956;472;4984;8062;2290
tuning,755,54194;6778;1338;34454;26528;104;1260;32120;41162;33416
tuning,756,18430;77368;8604;15970;40062;10708;36888;59667;26104;32120
tuning,757,77579;23890;98937;46150;26858;69432;46302;31850;7188;80286
tuning,758,82920;33354;78402;32120;65370;89894;52600;4166;35124;24690
tuning,759,10122;36862;3140;30028;17824;87388;20766;54258;12314;17014
tuning,760,84340;49396;896;52030;69562;43658;37476;57566;3646;27818
tuning,761,2134;9376;65998;1162;22132;30090;20774;44166;5952;35032
tuning,762,79807;89024;57182;88788;87336;87068;1106;86577;17376;92758
tuning,763,44544;54524;87336;1308;59964;41564;23214;8182;292;31216
tuning,764,65562;13182;77464;15282;3450;83412;1788;29152;83904;63084
tuning,765,82920;65370;32120;89894;94242;78402;71330;28190;27818;73070
tuning,766,22568;7150;6006;20694;13514;7410;496;54194;27818;28190
tuning,767,4688;20666;10174;41010;24650;26104;54482;64626;13582;2836
tuning,768,95186;1022;12314;97962;73070;59882;44954;50512;20034;89536
tuning,769,56460;33016;75986;30070;98853;1410;1402;38354;23674;86870
tuning,770,5086;4664;5256;5484;1494;3108;14550;71495;9440;74844
tuning,771,9376;2134;65998;1162;22132;20774;5952;1215;44166;5234
tuning,772,79358;71495;50070;86654;26780;99564;31850;10276;18138;79524
tuning,773,21694;87297;4416;56162;47720;91580;7426;66438;48392;10720
tuning,774,35832;18018;94954;724;28456;55450;71330;81268;4416;66106
tuning,775,8330;22284;11698;14014;2188;3668;3608;584;54190;48660
tuning,776,56162;69794;11960;5676;622;87297;256;47720;56168;588
tuning,777,73268;76644;76672;1790;76478;80;35040;38558;23713;3944
tuning,778,91970;67048;392;99796;26156;74256;19510;45638;90534;68994
tuning,779,54404;4594;64102;26810;1348;9486;22650;96169;9890;41528
tuning,780,90476;78164;63862;7575;88748;22494;84324;97662;46748;42062
tuning,781,71108;13182;46104;5464;35884;99564;21886;79358;65562;30704
tuning,782,95606;50512;44954;1366;22912;16622;14812;85676;38536;20848
tuning,783,52420;66044;96169;1790;76818;92988;38558;5642;38248;2392
tuning,784,79358;50070;35032;21694;34464;39286;33416;99564;90410;26780
tuning,785,23890;10276;98210;9108;92786;89932;97259;14014;1788;23214
tuning,786,27850;79358;94285;90410;39286;99564;21694;80866;87297;50070
tuning,787,8812;94954;4984;33416;12292;26780;17458;50070;10586;71495
tuning,788,66106;35832;81268;87554;47896;9762;724;56112;18018;584
tuning,789,87297;21694;91580;39286;47720;50070;94285;10720;28900;94748
tuning,790,97259;97806;1736;17458;13342;8062;70200;4984;472;37938
tuning,791,1382;26528;4688;1400;8604;98166;35124;77368;622;14992
tuning,792,17106;22568;27662;14686;20694;71934;65370;7150;13880;89894
tuning,793,97806;4494;70854;97259;2398;13598;21448;24226;6836;20470
tuning,794,13252;59964;632;7284;1422;47896;89932;82044;31864;54524
tuning,795,71330;5086;65370;44954;89894;82920;52600;21484;44702;28190
tuning,796,9440;3108;6078;29722;7920;96238;4100;5086;66044;25296
tuning,797,77368;20694;3658;22862;23790;86574;54812;89894;6828;33556
tuning,798,1094;91242;98468;88846;87068;214;588;73242;57962;13212
tuning,799,26810;9486;3864;38248;9890;96169;74256;90534;91970;71718
tuning,800,45206;58602;4276;96150;4946;5642;10887;1366;442;46232
tuning,801,33556;13958;13712;20152;54812;41092;18330;522;82700;2026
tuning,802,6794;40310;64484;30874;1440;18214;7696;17048;25168;54964
tuning,803,87800;2038;44954;95606;45478;332;38536;20952;85676;33354
tuning,804,17326;45174;3140;71904;10122;81038;17014;12290;85676;59512
tuning,805,21694;87297;47720;39286;32554;38334;90410;83904;26198;56564
tuning,806,97662;76764;89232;78164;84324;22494;88748;62902;39418;94748
tuning,807,4664;74260;5256;52234;68560;58060;11698;22492;14550;29490
tuning,808,798;887;77306;26156;26350;73268;76644;64522;60042;18430
tuning,809,32120;65370;82920;78402;89894;57390;52600;94242;33354;1046
tuning,810,85539;95606;21170;10636;5280;14162;30148;41602;33354;41696
tuning,811,3646;27386;39314;1268;1382;724;36545;35884;78164;17608
tuning,812,1146;37248;11142;4218;2536;80286;1094;1162;54282;24616
tuning,813,37938;71404;1672;73418;22862;93448;3658;80112;1968;29490
tuning,814,79807;87336;88788;92758;89024;57182;86577;87068;38536;12224
tuning,815,9890;54404;64102;38248;26810;41602;3864;76818;74540;59630
tuning,816,2035;44702;944;34628;49252;29716;51148;2492;11328;49202
tuning,817,49396;896;69562;84340;57566;72940;37476;94242;27818;49302
tuning,818,7922;258;56948;16010;29874;85412;3608;14350;20774;21888
tuning,819,84340;896;69562;49396;65646;41162;32120;57566;3646;89536
tuning,820,96854;2026;41162;31850;94242;54194;36888;54258;57048;34454
tuning,821,91242;12292;89024;798;4276;6616;10887;88788;87336;79807
tuning,822,91988;87068;86577;88788;87336;79807;92758;17376;75848;6660
tuning,823,70954;42556;22862;81038;17376;968;43010;28908;16606;6824
tuning,824,26156;22128;45638;77306;44166;26350;31379;4044;16114;5196
tuning,825,1826;18640;87388;11996;31816;18238;1398;89220;82328;1362
tuning,826,82328;5642;48752;18640;4946;41078;86026;1826;45206;398
tuning,827,340;87388;10894;10682;18238;56582;16114;36592;80112;31264
tuning,828,54418;21170;58776;17326;14162;19846;38248;4114;19510;16114
tuning,829,9616;96238;32320;82328;590;214;28282;74256;18430;80866
tuning,830,96150;10887;1366;53592;46232;58718;18238;50268;4276;35054
tuning,831,31216;14550;16420;54404;2392;38558;95318;6716;66044;22862
tuning,832,52030;96238;214;1094;3108;88846;9440;29122;66044;29582
tuning,833,41602;87366;24226;8032;29410;1366;42762;17326;702;1826
tuning,834,80112;282;23718;50166;75834;28282;38016;31264;46252;55432
tuning,835,94285;87297;21694;89932;13252;98376;71108;12110;90410;99564
tuning,836,13182;83412;15282;34464;77464;3450;1202;65562;31618;39618
tuning,837,13582;10174;15970;26104;9762;22128;16114;24650;1268;77306
tuning,838,1826;1398;9486;1362;67048;86026;68994;74256;26810;96169
tuning,839,21162;27572;51448;71646;98166;6894;21320;93546;1442;20666
tuning,840,31216;2392;14550;54404;8914;16420;78390;6716;74434;64102
tuning,841,49396;37476;12;27150;72940;49252;13598;1494;20320;12290
tuning,842,31216;96702;85676;14550;36862;10016;52526;41034;54404;1338
tuning,843,22862;1046;16420;6828;93448;42556;64910;29594;30148;29490
tuning,844,84340;896;69562;49396;41162;57566;37476;65646;32120;89536
tuning,845,10276;57410;80286;33270;15282;25170;11698;56358;30704;98194
tuning,846,44954;73070;38536;85676;50512;14812;5086;95606;87800;33556
tuning,847,75986;63534;7922;24160;87554;44278;75086;74192;612;72940
tuning,848,1790;6616;29154;2492;75986;5086;19948;2868;87336;11436
tuning,849,4946;36862;58602;5642;4276;50280;50512;85676;53592;14812
tuning,850,80112;10682;98730;10894;12224;18238;75834;1348;56582;73418
tuning,851,880;29874;97228;16208;7316;33210;56428;62902;31618;3608
tuning,852,94954;26780;39286;29490;79358;97259;38334;97806;3306;4984
tuning,853,35832;9440;13514;85706;724;35402;73290;31042;94954;66106
tuning,854,66106;10276;98194;56112;86654;33270;52452;81268;30904;2290
tuning,855,32120;65370;89894;52600;82920;78402;54194;12854;57390;94242
tuning,856,40062;2358;59968;46302;1080;13668;14114;46150;36348;52452
tuning,857,1260;78402;26350;45206;41092;18430;69394;612;33416;15970
tuning,858,2380;16114;910;28190;4688;98166;36545;13582;26528;93768
tuning,859,1588;1568;10392;52526;40440;75834;54418;59750;9828;31368
tuning,860,79320;71404;96702;6716;54404;37938;18805;11060;4944;52526
tuning,861,29874;30652;880;7316;3608;13886;31618;77426;22284;3132
tuning,862,91988;22128;18466;31424;70954;88788;64626;86577;6616;81414
tuning,863,50268;31864;1440;2398;9232;4570;74192;11698;93768;22078
tuning,864,21694;61208;90410;30870;66438;59964;56786;87297;62322;21636
tuning,865,97259;17048;1766;97806;73268;80850;36862;10586;46752;95384
tuning,866,16866;14014;31864;18138;11698;11532;39618;77464;70854;8330
tuning,867,9762;23558;22816;17956;41770;26104;6224;87064;39760;64626
tuning,868,69794;11960;5676;56162;622;56168;29788;2536;256;3306
tuning,869,54258;57048;29028;16080;7410;4688;1382;27662;12;26298
tuning,870,26528;77368;8604;1382;98166;1400;54482;35124;4688;31850
tuning,871,4664;5256;1410;1060;4166;9828;4996;5086;40062;1494
tuning,872,19510;5280;2038;91864;332;33354;22912;398;87800;34372
tuning,873,56460;98853;33016;71718;5272;11772;49252;72828;44702;8938
tuning,874,77252;104;1260;9828;98080;86510;76996;1494;50166;12854
tuning,875,97259;97806;17458;46752;632;49986;17048;98210;1766;13182
tuning,876,13182;472;2280;57410;33270;56358;33222;21886;36258;33838
tuning,877,910;94242;14770;9828;57962;88846;62213;35124;1094;522
tuning,878,7150;27818;6006;22568;54194;28190;496;7410;13514;20694
tuning,879,17458;94954;26780;1736;97259;10586;95384;21888;97806;13868
tuning,880,94285;90410;91580;33210;99564;28900;50070;7316;71108;98194
tuning,881,47720;87297;37356;26198;62902;48392;21694;99564;50070;20470
tuning,882,496;7150;13514;54194;22568;622;1268;27818;3536;28190
tuning,883,89232;76764;6136;88748;42062;97673;10720;94748;87297;78164
tuning,884,2868;13598;80952;93448;702;94242;26528;60;64522;49302
tuning,885,31216;14550;2392;16420;30826;95318;406;44702;40568;54404
tuning,886,2092;72828;90522;75582;51792;10855;60400;41528;8938;49252
tuning,887,36862;10122;48752;3140;50916;17824;17014;76818;87388;38632
tuning,888,40062;5256;89894;1410;4664;522;7366;62213;93936;764
tuning,889,1382;8604;2380;26104;4996;36545;17608;35124;54258;87554
tuning,890,54194;496;7150;26528;13514;6006;12854;14454;98166;27818
tuning,891,41060;21484;8760;24690;20848;1644;87800;332;1200;9392
tuning,892,2868;75986;9890;16080;12318;54258;6440;1348;57048;74192
tuning,893,44954;85676;20848;45478;14812;87800;38536;4946;53476;50512
tuning,894,22862;6828;1046;93448;16420;29490;42556;29594;65646;89834
tuning,895,71330;5086;28190;27818;1400;82920;44954;65370;52600;13582
tuning,896,392;99796;3662;22132;70954;340;42678;75848;24690;23632
tuning,897,85654;60042;18430;33416;20848;41060;21084;47278;50512;38536
tuning,898,36862;48752;1826;3140;17824;17014;10122;50280;12314;58602
tuning,899,33556;13958;82700;20152;54812;13712;522;74050;910;18330
tuning,900,9376;2134;65998;1162;44166;22132;5952;20774;45638;1215
tuning,901,65998;99838;92286;1215;96238;5952;47018;590;24690;258
tuning,902,36592;80112;12290;874;5506;58776;31264;18238;23718;10682
tuning,903,17326;59630;9890;54418;16558;19846;58776;21170;874;14162
tuning,904,20488;18330;2026;94242;65370;34454;82920;18680;49396;282
tuning,905,21694;98937;28900;26198;91580;62322;94748;87297;89932;10720
tuning,906,38168;69432;584;77426;19146;10276;483;6132;21694;73290
tuning,907,62322;98376;89932;632;98210;97662;56312;29410;94748;10646
tuning,908,89932;98376;94748;632;41830;98210;10720;7426;13252;880
tuning,909,724;35832;81268;28456;83264;26104;18430;83194;18018;36888
tuning,910,82044;39418;97673;41830;88748;34393;59964;92788;78164;22494
tuning,911,59964;1422;98194;54524;4570;89932;632;13252;33222;42062
tuning,912,42062;29338;10720;18278;33222;3450;34393;31698;56786;56564
tuning,913,97662;62322;56312;63084;88748;20470;31618;84324;61208;90476
tuning,914,1202;15282;77464;11698;3450;13182;1788;65562;11532;1184
tuning,915,22816;23558;9762;6224;41010;2836;98166;32936;51448;32020
tuning,916,54258;57048;96854;4688;6778;98468;7410;1382;622;16080
tuning,917,94242;32120;65370;52600;41162;89894;20694;23790;7150;14686
tuning,918,27386;3646;43010;48140;39760;1338;33556;76628;56028;56106
tuning,919,39356;1644;87366;798;45206;26350;49302;8828;96150;69394
tuning,920,97673;97662;39418;78164;98194;56564;88748;34393;42062;8196
tuning,921,10276;11698;29594;28352;33270;1788;5202;15282;81768;31132
tuning,922,9108;23214;31132;5202;13182;33838;23890;73290;1308;472
tuning,923,8336;1422;96238;57962;12110;4494;85412;6836;11598;90410
tuning,924,96238;76996;74256;3108;4100;214;9440;7920;4494;5952
tuning,925,96702;36862;85676;41034;37624;52526;71404;47278;81038;54404
tuning,926,64522;53237;22078;76818;34628;50268;23790;7630;33416;87068
tuning,927,96702;37938;21084;36862;29490;44954;50512;33416;73268;15970
tuning,928,1022;95186;73070;12314;59882;97962;44954;50512;89536;30758
tuning,929,12314;59882;95186;1022;97962;73070;65160;41162;20034;20848
tuning,930,39286;90410;50070;99564;91580;35032;28900;94285;98194;21694
tuning,931,89932;94748;7426;98376;41830;97662;98210;632;42062;13252
tuning,932,9440;97259;724;35832;81268;4100;58060;83194;18018;94954
tuning,933,62322;97662;56312;88748;31618;63084;20470;84324;90476;62902
tuning,934,95186;1022;59882;97962;12314;73070;50512;36862;44954;50280
tuning,935,60400;2092;51792;72828;75582;41528;29028;50040;10855;90522
tuning,936,98853;56460;33016;1060;5272;10855;8938;90522;1402;23674
tuning,937,10016;31216;54404;96702;85676;14550;52526;41034;1338;76644
tuning,938,26780;38542;64412;98937;79524;86654;31850;28594;2920;39286
tuning,939,62322;56312;63084;31618;20470;69582;84324;97662;62902;7852
tuning,940,98210;46752;98376;13182;23214;89932;65562;83412;1080;1788
tuning,941,2026;7410;31850;71934;14114;36348;724;45178;40062;522
tuning,942,86026;5642;11996;24160;13880;82649;89220;18640;8032;798
tuning,943,30758;15970;9762;8062;2358;10708;24650;7410;53476;29490
tuning,944,84340;69562;896;49396;52030;37476;3646;43658;48140;41162
tuning,945,21694;90410;39286;79358;99564;91580;35032;50070;28900;98937
tuning,946,1046;22862;6828;42556;52420;29594;29490;65646;93448;89834
tuning,947,36862;17014;48752;68166;50280;17824;398;58370;14550;58602
tuning,948,82328;1826;22128;18640;32320;15924;18800;4264;48752;91864
tuning,949,45174;17326;3140;71904;17014;59512;10122;28908;2564;88788
tuning,950,31618;13886;1880;78060;97228;16208;880;83412;3132;2056
tuning,951,38168;77426;33270;19146;10276;584;29594;30652;69432;29874
tuning,952,35832;81268;18018;55450;724;56112;66106;83194;65281;47896
tuning,953,94954;38334;8812;35884;99564;39286;26780;78164;79358;49986
tuning,954,21694;89932;39418;90410;13252;1422;99564;98210;62322;3646
tuning,955,98376;632;94748;89932;98210;10646;10720;62322;39418;7426
tuning,956,6136;98194;6354;57868;13182;56786;33270;29410;98210;66438
tuning,957,496;7150;3536;22568;13514;54194;1268;48690;17106;27818
tuning,958,30090;41696;53472;58776;9890;45638;11028;67048;3140;19846
tuning,959,30758;9762;2358;14992;3042;15970;65160;22816;4796;17608
tuning,960,56358;33838;91582;57410;36258;31132;13182;15282;472;5362
tuning,961,8828;45206;87366;1260;27626;522;78402;20766;71330;1080
tuning,962,59882;12314;73070;97962;1022;95186;2222;45174;20034;78294
tuning,963,24160;8032;76644;42762;887;76672;91988;60042;1826;38326
tuning,964,33354;89894;51916;1260;4688;1382;36545;35124;32120;78402
tuning,965,32936;13212;90438;78380;93936;57784;4090;88846;82700;3110
tuning,966,59134;71934;31850;40620;7150;65370;19274;27662;17106;94242
tuning,967,10122;67048;16080;75986;392;1338;94242;702;68994;42556
tuning,968,52234;23859;82994;30186;71404;5096;73418;42320;85676;30028
tuning,969,49986;97259;97806;4494;17048;10646;82649;1422;632;46104
tuning,970,98210;98376;632;1422;13182;13252;83412;46752;89932;23214
tuning,971,98376;89932;39418;10646;42062;63084;97662;10720;18138;632
tuning,972,32120;89894;65370;78402;82920;57390;52600;33354;53476;14686
tuning,973,22816;23558;30758;9762;51448;98166;41010;2836;41328;17956
tuning,974,27818;7150;6006;22568;54194;28190;496;13514;7410;20694
tuning,975,41092;48198;21162;21320;13958;46142;27572;1442;14992;58584
tuning,976,69794;5676;11960;56162;622;87297;78380;588;47720;32936
tuning,977,48690;23558;49302;22816;88670;59667;1268;32020;92286;64412
tuning,978,84726;9762;2380;87554;1260;39760;26104;47278;9602;55450
tuning,979,11436;44450;9486;44702;26810;60400;27150;33016;5760;63534
tuning,980,2358;10016;24650;40552;15970;9602;40062;2836;14114;73268
tuning,981,87554;3944;1494;41034;1338;44278;19948;38501;21448;13466
tuning,982,84340;49396;69562;37476;26528;12;32120;896;20488;3646
tuning,983,65998;9376;1215;5952;92286;9616;1162;43600;258;2134
tuning,984,340;36592;10682;34372;80112;4044;398;16114;10894;3434
tuning,985,17326;30028;9890;59512;54418;41696;1366;58776;398;21170
tuning,986,880;7316;56428;97228;29874;16208;62902;3132;3608;33210
tuning,987,78164;22494;90476;98194;88748;29410;48048;76764;47896;42062
tuning,988,89932;98376;94748;41830;98210;632;13252;7426;97662;10720
tuning,989,5362;6136;3670;91582;71108;46748;13182;56358;57868;56786
tuning,990,46752;1422;89932;39418;10646;81768;39618;25170;13182;37800
tuning,991,6824;3136;48690;3306;6224;98166;51448;2068;30758;35884
tuning,992,74844;87554;41034;92156;58060;14114;40310;30874;19948;24728
tuning,993,38558;19948;23713;4426;11328;76818;41498;22940;1790;24728
tuning,994,54812;96103;6824;88670;6828;6894;93546;13212;6224;496
tuning,995,64522;24690;39356;1260;26350;18430;798;1644;69394;16114
tuning,996,26104;13212;96103;13514;6224;11758;2836;9440;3536;82700
tuning,997,33838;65562;91582;5362;472;13182;25170;15282;98194;26780
tuning,998,84340;49396;69562;37476;3646;896;724;43658;20488;12
tuning,999,81268;35832;9440;724;83264;85706;4494;94954;18018;4100
evaluation,0,22568;724;33556;3646;48140;27386;87554;56028;23790;54812
evaluation,1,54194;7150;6006;20694;28190;22568;27818;724;87554;496
evaluation,2,87554;97962;74844;59882;1338;1260;30874;22912;14114;41034
evaluation,3,49986;97259;97806;17048;1422;46752;46232;24434;83412;98210
evaluation,4,52030;3108;214;3944;29788;8006;84340;56168;66044;1094
evaluation,5,1046;29594;22862;6828;42556;89834;29490;65646;18466;16420
evaluation,6,6156;23718;5506;6660;42762;0;4664;4264;60;64750
evaluation,7,214;2080;56168;52030;39186;47098;6078;5258;8032;1826
evaluation,8,994;72119;71404;73418;80112;98730;82994;10682;10894;12224
evaluation,9,81268;3608;880;55450;29874;56112;39618;18018;22284;14014
evaluation,10,2290;33270;46752;25168;98194;13182;98210;1788;65281;83412
evaluation,11,26350;19510;340;332;91110;92758;887;91864;16114;64522
evaluation,12,54258;57048;4688;78928;96854;6778;788;67336;7410;754
evaluation,13,2868;31816;16080;75986;14171;8524;29154;57048;702;47018
evaluation,14,5508;4044;56582;35402;6078;8838;11996;76644;42762;80112
evaluation,15,3166;41564;13466;98997;80866;31216;17328;80850;14550;87336
evaluation,16,21448;13466;30874;2392;3944;6716;96702;1494;20830;3166
evaluation,17,96238;74256;26810;91970;3864;67048;34628;96169;22650;73242
evaluation,18,6216;75848;98997;31368;5620;23632;76996;6794;64484;46252
evaluation,19,9486;38354;71718;96169;9908;30070;26810;1402;21547;8938
evaluation,20,60400;51792;41528;2092;50040;72828;29028;26298;90522;49252
evaluation,21,15970;85654;73124;5948;18430;64522;40310;85706;26104;1260
evaluation,22,50512;80112;82994;4276;37938;73418;76818;98730;56582;71404
evaluation,23,98853;56460;33016;8938;60400;5272;1060;51148;30070;2492
evaluation,24,31216;96702;52526;14550;85676;36862;54404;10016;41034;18430
evaluation,25,10276;3668;584;33270;30148;46232;6886;7852;42762;18238
evaluation,26,41060;24690;1644;39356;27626;91110;21484;20848;8760;81038
evaluation,27,30874;40310;17328;21448;5948;16010;7696;5234;97962;58060
evaluation,28,76818;18640;87388;20766;77646;61464;41450;50166;55432;1826
evaluation,29,89024;87388;86577;79807;42762;87336;57182;8006;1826;6794
evaluation,30,19846;5506;52030;87388;23718;33354;42556;36545;896;70954
evaluation,31,5508;18430;41092;41770;33556;1260;7150;69394;522;41162
evaluation,32,32120;65370;78402;89894;82920;94242;57390;52600;12854;71934
evaluation,33,97806;97259;49986;98210;1422;17048;1766;632;27850;4494
evaluation,34,15282;13182;77464;46104;65562;83412;33838;66438;16866;2188
evaluation,35,54404;3864;45412;968;64102;30826;4594;74540;75834;76818
evaluation,36,78402;32120;82920;57390;65370;89894;33354;52600;59968;1442
evaluation,37,2028;13342;8062;2358;40062;13668;15970;14114;13582;40552
evaluation,38,16080;54258;12854;10122;49302;57048;2026;94242;41328;3140
evaluation,39,54482;4796;17608;17106;4688;98166;1442;4090;16114;27662
evaluation,40,65998;92286;9376;1215;99838;2134;5952;1162;9616;76996
evaluation,41,86510;104;31216;52600;39186;77252;98080;96702;392;9828
evaluation,42,98210;49986;97259;3668;1422;89932;39418;46752;3132;83412
evaluation,43,90476;88748;84324;27850;78164;20470;23430;97259;63862;97662
evaluation,44,11698;70994;12686;31864;23632;16866;63084;3668;17458;3450
evaluation,45,89932;94748;98376;41830;10720;89232;632;71108;13252;56786
evaluation,46,2290;6594;25170;36258;97673;1308;30704;3670;57410;2398
evaluation,47,31864;16036;42062;89232;18138;8280;12686;1202;22494;13386
evaluation,48,92788;16208;70200;2290;54964;5362;30870;39418;6886;54524
evaluation,49,12854;16080;49302;94242;54258;57048;7150;10122;96854;3140
evaluation,50,7696;2920;83412;81768;38542;46752;30704;10646;10276;472
evaluation,51,62322;61208;88748;20470;56312;31618;56564;22494;47896;66438
evaluation,52,81038;24690;64522;60042;9828;31042;75834;2706;59667;38326
evaluation,53,32120;65370;78402;82920;89894;52600;33354;57390;94242;87554
evaluation,54,39760;43010;46150;14114;46302;13668;56106;59968;76628;74050
evaluation,55,98166;6894;32020;93546;51448;1442;71646;78380;4090;32936
evaluation,56,496;13514;54194;7150;26528;27818;6778;35124;28190;20694
evaluation,57,4090;6008;19274;32020;41010;87064;27572;93546;51448;30758
evaluation,58,51448;27572;21162;71646;1442;93546;48690;20666;98166;54482
evaluation,59,52600;94242;57390;30148;282;48198;32120;29788;1442;77252
evaluation,60,1044;87554;94954;12224;38632;18214;2744;4682;6660;41034
evaluation,61,97806;97259;584;98937;82649;20470;28456;36040;24434;11532
evaluation,62,10174;26104;35124;20666;27572;41092;71646;21320;5992;17956
evaluation,63,75582;50040;60400;51148;5272;26298;11772;1060;41498;72828
evaluation,64,41060;24690;1644;81038;20848;27626;39356;71404;58718;38536
evaluation,65,3864;26810;22650;1348;54404;22788;9486;64102;968;91970
evaluation,66,1094;96238;214;52030;88846;11308;74256;76996;9440;4100
evaluation,67,18330;79524;52420;282;42076;26528;8712;17770;34454;65160
evaluation,68,24690;33416;41014;54194;21084;3827;64658;41060;60042;73124
evaluation,69,5256;4664;5086;5484;3108;1494;58060;42556;71404;14550
evaluation,70,11060;96702;29490;37938;44954;21084;17458;36862;33416;4276
evaluation,71,71718;74192;11772;2392;24200;12318;75986;3827;38558;34454
evaluation,72,29594;40440;42556;74260;41564;20766;4944;28916;14550;1348
evaluation,73,26810;96169;91970;86026;30070;2062;67048;3864;74256;2492
evaluation,74,21888;10798;98468;3306;16010;3136;11308;88670;14014;48660
evaluation,75,49396;69562;84340;43658;96854;37476;20488;94242;3646;41162
evaluation,76,65998;1162;9376;5952;1215;590;99838;47018;92286;22128
evaluation,77,79807;57182;89024;88788;19510;887;91110;798;24160;6078
evaluation,78,86510;77252;76996;98080;9828;50166;31368;46252;4664;37624
evaluation,79,56168;15363;81414;32320;5258;38784;124;24760;39186;81050
evaluation,80,16114;77306;26350;64522;18430;1260;41770;887;91242;10174
evaluation,81,21170;64102;5760;9890;41602;14162;15924;16558;38248;19846
evaluation,82,9948;10392;6216;14171;54282;96103;470;19280;75986;6850
evaluation,83,880;29874;7316;16208;62902;56428;33210;3608;3132;31618
evaluation,84,79358;86654;26780;50070;38542;40568;28594;30904;35032;91580
evaluation,85,90410;91580;99564;28900;50070;38334;2398;35884;80866;39286
evaluation,86,7575;90476;6886;98194;46748;92788;37800;7316;33270;84324
evaluation,87,65562;1202;13182;77464;15282;1788;3450;31618;83412;11698
evaluation,88,79358;50070;94954;35032;90410;56162;46302;5202;30904;36258
evaluation,89,23790;31850;14686;4688;14992;94242;36888;28456;78928;7150
evaluation,90,59968;17956;21162;82700;20666;24650;14992;54482;12964;10174
evaluation,91,48690;13212;6224;98166;3306;82700;18330;6824;78380;32020
evaluation,92,13668;14114;8062;2358;2028;40552;13342;40062;15970;71934
evaluation,93,9762;30758;22816;23558;3042;2358;65160;15970;14992;57962
evaluation,94,69794;5676;11960;56162;622;78380;6224;588;1247;256
evaluation,95,8604;26528;54482;64626;77368;1400;54194;26104;4688;98166
evaluation,96,17106;27662;14686;22568;89894;71934;35124;7150;13880;20694
evaluation,97,3646;27386;43010;48140;87554;724;81038;1260;41162;78294
evaluation,98,6006;1400;37476;4166;27662;724;20694;87554;22568;73070
evaluation,99,6078;24160;89024;79807;73242;42762;2068;8006;57182;76644
evaluation,100,1644;20830;30070;2706;60400;2868;41528;26298;26810;45412
evaluation,101,57390;24650;9828;47278;38501;6778;51792;48140;2392;10174
evaluation,102,52420;2035;64522;65160;42076;45174;18330;8712;17770;14550
evaluation,103,21547;96169;1402;38354;9486;70630;75086;22492;18805;74194
evaluation,104,33540;74256;68994;1826;90534;887;80;6660;42762;60042
evaluation,105,90534;75834;38016;4594;12290;28510;27176;31264;17824;13598
evaluation,106,85676;45478;44954;38536;53237;20848;14812;88788;42556;47098
evaluation,107,5760;38248;38632;82328;4264;15924;50916;70210;9890;96103
evaluation,108,59882;97962;12314;1022;73070;95186;5948;79524;65160;3668
evaluation,109,68224;45412;31216;8914;1494;944;33016;75086;76818;34628
evaluation,110,3140;45174;10122;54404;52420;1790;17326;64102;41602;55432
evaluation,111,96238;3108;52030;9440;214;4664;76996;66044;29722;11308
evaluation,112,880;29874;3132;7316;97228;62902;16208;3608;56428;33210
evaluation,113,88748;62902;97673;880;89232;14012;8196;13252;20470;97662
evaluation,114,20470;13252;632;59964;13598;98210;88748;97259;82044;4416
evaluation,115,32120;89894;65370;82920;94242;71934;78402;34454;22816;17106
evaluation,116,6824;48690;3306;98166;13212;6224;82700;26104;32020;3136
evaluation,117,27386;724;3646;8712;43010;13668;76628;6006;46150;13712
evaluation,118,95186;1022;59882;12314;97962;73070;44954;89536;50512;33556
evaluation,119,52234;38632;11060;5096;41034;36862;53237;30186;73124;55432
evaluation,120,214;52030;96238;74256;3944;3108;1094;29122;88846;29788
evaluation,121,82920;32120;65370;89894;71330;78402;33354;73070;57390;94242
evaluation,122,89932;632;10720;13252;1422;98376;49986;98210;1880;4368
evaluation,123,20470;4218;14012;1422;880;6886;12110;632;16208;62902
evaluation,124,5362;30704;56358;46104;65281;57410;472;10276;3670;56786
evaluation,125,87336;24728;95318;34628;2744;40971;80112;74260;64484;29594
evaluation,126,1094;2536;69794;2080;11960;83194;57962;1247;11308;75986
evaluation,127,95318;80850;40440;40971;3140;14550;52234;24728;81398;10122
evaluation,128,97259;97806;4494;1422;21888;4416;35884;36348;20470;342
evaluation,129,89024;91242;49302;42762;87336;88788;73242;406;91864;95606
evaluation,130,32120;89894;78402;65370;82920;57390;14992;9828;33354;59968
evaluation,131,214;8032;73242;91242;20766;39398;9616;91970;3000;24226
evaluation,132,6006;20694;4166;22568;27818;724;7150;54194;27662;1400
evaluation,133,89232;90476;94748;78164;22494;29582;42062;84324;13252;1202
evaluation,134,16558;10636;19846;21170;41602;14162;85539;59630;9890;17326
evaluation,135,81268;29874;584;56112;83194;3608;26780;22284;77426;483
evaluation,136,65562;13182;77464;83412;1788;3450;15282;83904;17458;31618
evaluation,137,45174;3140;17326;47018;73124;47098;10122;40310;87336;30028
evaluation,138,1046;22862;6828;29490;16420;29594;18466;52420;89834;32120
evaluation,139,308;90534;20774;13598;23632;3662;20470;2068;99796;75834
evaluation,140,71718;11772;98853;56460;27042;74192;2492;49252;41498;1060
evaluation,141,6006;92988;27662;4166;27818;7150;17106;7410;724;28190
evaluation,142,522;27626;58602;4946;53592;18430;45206;1080;724;40062
evaluation,143,78928;31850;4688;31950;23790;35124;37602;14992;36888;28456
evaluation,144,94242;23790;65370;2026;89894;14686;22568;724;31850;1400
evaluation,145,16420;22862;6828;93448;702;1046;42556;30826;89834;86574
evaluation,146,32936;48216;78380;6224;32020;51448;5676;93546;23558;98166
evaluation,147,880;62902;29874;56428;3132;7316;97228;13886;16208;19146
evaluation,148,40552;73268;76672;9602;60042;76644;9762;1766;2836;13582
evaluation,149,17458;79524;3668;1788;46752;92786;21886;23214;81768;11698
evaluation,150,32020;4688;98166;51448;1442;19274;32936;59134;6224;78380
evaluation,151,64626;20666;24650;2836;16830;22128;31379;73124;398;54524
evaluation,152,887;77306;26350;798;398;92758;23859;16114;31379;18430
evaluation,153,47098;85676;38536;20774;70200;14812;406;5234;30874;45478
evaluation,154,2392;34628;12318;23713;38558;71718;45412;8914;30826;34454
evaluation,155,33416;24690;41060;89536;85654;21084;1644;4276;1260;39356
evaluation,156,66106;81268;9762;35832;52452;724;55450;496;1268;18018
evaluation,157,94954;30904;97806;17458;26780;50070;97259;1736;10586;93768
evaluation,158,86510;5086;76996;4100;46252;84726;92934;68560;41450;11758
evaluation,159,17326;9890;58776;4116;70954;58370;27176;87388;1366;308
evaluation,160,10887;96150;4276;4946;46232;50268;58602;53592;1366;45206
evaluation,161,45178;41092;64658;522;21370;13958;69394;58584;26350;25296
evaluation,162,84340;49396;48140;69562;896;37476;43658;3646;52030;27818
evaluation,163,78380;48690;26858;54524;6224;54282;99838;1215;1268;8330
evaluation,164,16010;79524;14014;41450;76996;86510;48660;63498;46252;104
evaluation,165,95606;21170;33354;30148;85539;41602;10636;10122;47018;3140
evaluation,166,2358;44954;2028;14114;15970;40062;8062;13668;22492;7696
evaluation,167,496;7150;13514;22568;1268;54194;3536;17106;4996;48690
evaluation,168,50268;12224;2392;76818;5642;52420;38632;68166;70210;4426
evaluation,169,8032;91242;89024;42762;81768;798;887;9118;73242;60042
evaluation,170,45206;4276;96150;5642;58602;4946;10887;53592;46232;442
evaluation,171,44702;44450;11436;34628;2035;29716;11328;14550;12318;12844
evaluation,172,85676;14812;44954;36862;45478;38536;37938;53237;52234;87800
evaluation,173,34454;17328;282;52420;2028;29490;8712;33416;21636;37476
evaluation,174,71330;27818;82920;28190;5086;65370;32120;22816;21484;35402
evaluation,175,71718;74192;27042;38558;41498;96169;1402;49252;2392;2492
evaluation,176,1094;91242;98468;11308;49302;73242;798;53476;64522;18430
evaluation,177,10276;29594;38168;77426;19146;26198;584;7696;21694;92198
evaluation,178,86654;80866;30904;91580;50070;28352;99564;39286;26780;30704
evaluation,179,4416;98194;57048;10646;8914;79358;47720;24616;57410;88748
evaluation,180,92788;23214;97673;78164;97662;22494;65281;98194;6886;3668
evaluation,181,2062;26810;96169;67048;1402;16420;7630;68994;3864;9486
evaluation,182,12314;95186;59882;1022;97962;73070;44954;50512;85676;36862
evaluation,183,85676;44954;38536;45478;14812;20848;53237;87336;4946;95606
evaluation,184,26780;724;94954;83194;97259;35832;35402;97806;18430;3956
evaluation,185,29874;30652;483;77426;46104;73290;7630;7696;584;78294
evaluation,186,42556;2134;6716;1494;4100;6794;25170;483;6616;48664
evaluation,187,1442;21320;21162;93546;71646;48198;27572;51448;98166;32020
evaluation,188,88460;7410;77579;14992;71934;1588;5992;1568;31850;6778
evaluation,189,33556;13958;13712;41092;522;54812;74050;20152;69394;58584
evaluation,190,4166;1568;1588;71934;40806;32120;6008;53476;41010;57784
evaluation,191,71718;74192;38558;96169;41498;10798;11328;74194;29594;12318
evaluation,192,96150;46232;87366;53592;10887;94954;97806;78392;65646;97259
evaluation,193,95318;40440;702;4116;30148;42320;80952;19948;62213;30652
evaluation,194,44954;50512;73070;85676;38536;89536;45478;14812;5086;95606
evaluation,195,54404;96702;40440;95318;14550;52526;41034;80850;52234;55432
evaluation,196,77306;16114;64522;1260;18430;91242;41770;14454;26350;92286
evaluation,197,96150;87366;4276;35040;53592;10887;340;46232;30870;44954
evaluation,198,13886;97228;3608;56112;55450;14012;19146;29874;7426;16208
evaluation,199,30870;23214;97259;41034;97806;1788;65281;8914;32584;3944
evaluation,200,88460;7410;77579;536;14992;4796;71934;1568;57962;1588
evaluation,201,33270;10276;30704;472;31132;13182;36258;21886;81768;91582
evaluation,202,18805;21547;86574;80;22492;70630;1402;6156;1588;1410
evaluation,203,71718;74192;38558;10798;12318;56460;74194;844;30070;96169
evaluation,204,96238;1644;89834;2706;41394;308;74256;258;3646;46046
evaluation,205,87800;2038;44954;38536;332;95606;20848;85676;45478;19510
evaluation,206,71934;59134;40620;82920;31850;65370;17106;622;53476;2380
evaluation,207,33556;13958;13712;18330;20152;65160;69394;13668;41092;522
evaluation,208,17048;472;7575;39418;36258;13182;10586;46752;33270;65562
evaluation,209,536;57962;35884;584;21162;98532;33210;7316;77426;7696
evaluation,210,17106;27662;22568;20694;71934;7150;14686;65370;32120;31850
evaluation,211,72828;2092;50040;10855;49252;11772;75582;41528;26298;60400
evaluation,212,47098;44930;11060;52234;73124;47018;16622;93854;17328;10016
evaluation,213,44954;15970;73070;71330;85676;50512;29490;5086;18430;53592
evaluation,214,96238;214;52030;74256;3108;76996;470;1094;88846;9440
evaluation,215,66044;92988;79807;12224;24728;2392;89220;54404;3864;9118
evaluation,216,9828;4996;47278;41034;24650;37602;10174;35124;4664;1260
evaluation,217,3944;6828;22862;29722;5202;6224;54812;42556;1044;3108
evaluation,218,40971;10122;42320;3140;14550;31216;52234;95318;3827;2744
evaluation,219,56460;98853;44702;1402;1060;33016;7630;75986;96238;70630
evaluation,220,87297;37356;21694;32554;47720;56312;39286;764;99564;28900
evaluation,221,58776;82328;9890;54418;4114;4264;45638;12290;1366;20320
evaluation,222,77464;13182;83412;39618;14014;15282;2188;5464;83904;31698
evaluation,223,78164;13252;82044;90476;88748;59964;39418;97662;632;1422
evaluation,224,78164;8196;97662;88748;84324;76764;89232;62902;13252;90476
evaluation,225,48140;34454;1094;14114;7366;75986;7410;4664;46150;32120
evaluation,226,18532;86577;22078;1826;92758;53237;18430;60042;87068;96169
evaluation,227,93546;21162;1442;41010;21320;6008;27572;71646;32020;51448
evaluation,228,98166;3678;6894;18330;18680;48690;20488;20152;26858;1268
evaluation,229,22568;7150;6006;20694;13514;496;27818;21320;7410;2706
evaluation,230,71934;31850;65370;59134;27662;82920;13880;76628;7150;94242
evaluation,231,69794;5676;11960;56162;622;32936;6224;78380;3306;6824
evaluation,232,17106;71934;27662;40620;22568;14686;19274;59134;4166;41010
evaluation,233,80112;5506;56582;2868;95758;23718;10682;702;10894;22940
evaluation,234,44702;56460;44450;98853;5272;51148;33016;27042;944;49252
evaluation,235,47098;47018;87336;45174;73124;91864;6794;42762;17326;4116
evaluation,236,59882;95186;1022;12314;73070;97962;95606;20034;51916;44954
evaluation,237,45102;98924;84324;256;5676;5258;91970;57868;62322;12423
evaluation,238,38558;23713;3894;41498;24728;1790;16420;27042;90522;74194
evaluation,239,42556;22862;1046;6828;16420;29594;93448;17326;70954;52420
evaluation,240,282;34454;17328;52420;37476;29490;2035;2028;90438;21636
evaluation,241,38558;3894;23713;4426;75582;29154;95318;41498;96169;41014
evaluation,242,33016;1410;75086;70630;75986;8914;49252;86870;1060;612
evaluation,243,214;91582;56168;52030;20152;29122;11308;96238;29582;880
evaluation,244,17328;11758;41450;29594;58370;29490;80850;3166;44930;10276
evaluation,245,23718;38016;80112;98730;10682;72932;10894;72119;19030;14454
evaluation,246,96238;5992;35124;258;77646;41394;17956;4090;21320;21888
evaluation,247,84340;1268;52030;88130;1146;896;49302;724;69562;49396
evaluation,248,442;74256;58718;46232;20766;71904;28510;23718;96150;86026
evaluation,249,80;11874;1618;19510;6616;94954;43600;35054;9486;4594
evaluation,250,55432;41564;3140;6716;45174;10122;40971;95318;29594;40440
evaluation,251,887;73268;76644;76672;60042;798;89024;77306;91242;64522
evaluation,252,38168;77426;29594;33270;19146;21286;69432;48664;3132;30826
evaluation,253,35832;85706;724;66106;18018;78928;94954;81268;83194;31850
evaluation,254,21694;39286;99564;91580;50070;90410;30904;86654;26312;87297
evaluation,255,99564;21694;39286;90410;87297;86654;94285;91580;71108;50070
evaluation,256,39314;14014;36280;18138;56428;35032;28594;3668;11532;86654
evaluation,257,8812;94954;50070;7575;10586;26780;91580;79358;99564;39398
evaluation,258,4044;5508;6078;37938;56582;36592;31264;10682;80112;8838
evaluation,259,38334;764;37800;32554;37356;2188;51230;39618;47720;11874
evaluation,260,20694;8062;33556;26780;13514;2026;22568;56162;1080;13668
evaluation,261,34454;2920;3166;84340;79358;2280;13466;4166;29594;98853
evaluation,262,15970;26104;16114;10174;77306;89834;3306;73124;26350;59667
evaluation,263,54258;57048;1382;31850;27662;16080;788;1080;96854;78928
evaluation,264,8062;95186;13342;36888;2358;44954;13668;14114;58060;724
evaluation,265,22568;7150;6006;20694;13514;7410;27818;27662;496;28190
evaluation,266,6894;98166;51448;32020;93546;32936;71646;78380;1442;4090
evaluation,267,59134;17106;71934;40620;27662;19274;6008;20694;14686;53476
evaluation,268,30758;9762;2358;15970;88460;14992;35832;22816;17608;13582
evaluation,269,96702;17868;18805;1494;21547;77368;80;86870;86574;87554
evaluation,270,30826;71718;38501;2062;16420;38248;29594;66044;96169;9440
evaluation,271,3670;6136;5362;91582;46748;24616;57410;33222;472;71108
evaluation,272,4688;37602;98166;3042;31950;1382;82060;78928;31850;16114
evaluation,273,71934;4166;40620;1568;1588;14114;53476;39760;7366;17106
evaluation,274,82920;17106;59134;71934;35402;71330;65370;27662;724;73070
evaluation,275,44450;44702;75834;4594;54404;24728;81398;30826;90534;22788
evaluation,276,4416;69432;47720;94285;92198;92192;97228;57048;88748;87297
evaluation,277,54282;1215;3944;3434;31042;26858;54524;99838;78380;48690
evaluation,278,6006;41450;54524;7410;85412;13514;8604;7150;1080;788
evaluation,279,41010;19274;6008;59134;40806;71646;71934;98166;51448;17106
evaluation,280,3132;880;23430;7316;97228;19146;1880;31618;16208;29874
evaluation,281,91580;39286;90410;79358;99564;21694;50070;87297;56786;28900
evaluation,282,1106;91988;18800;91242;33540;69394;88788;87336;798;28510
evaluation,283,71934;40620;1588;1568;76628;33556;14114;39760;89894;4166
evaluation,284,63534;24160;91970;7922;44278;96238;75986;96394;42762;754
evaluation,285,71330;28190;27818;5086;65646;69562;82920;45638;40062;1400
evaluation,286,88748;90476;97662;76764;78164;22494;89232;62902;5362;56312
evaluation,287,84340;49396;69562;37476;896;43658;3646;41162;65646;34454
evaluation,288,23718;10682;98730;80112;72932;2222;10894;406;38016;1900
evaluation,289,87800;44954;38536;20848;95606;45478;53592;2038;85676;20952
evaluation,290,90534;67048;41564;59512;38016;99796;72932;38248;48752;86026
evaluation,291,54282;49302;1146;896;65998;31042;84340;65646;724;77252
evaluation,292,38334;47720;77464;65562;11874;32554;37356;74434;41564;87297
evaluation,293,81768;23214;10276;21886;2290;30704;57410;92786;5362;76764
evaluation,294,10646;98376;98210;94748;632;39418;91580;42062;13252;89232
evaluation,295,59134;71934;31850;40620;13880;20694;7150;27662;14686;17106
evaluation,296,9762;22816;30758;15970;2358;10708;17106;23558;724;89894
evaluation,297,71934;4166;40620;1568;1588;14114;17106;39760;13466;89894
evaluation,298,57390;12166;82700;32020;88846;59968;1442;18466;39186;21320
evaluation,299,6824;3136;3306;1386;35884;57784;32584;19274;40620;27572
evaluation,300,38558;29594;3894;75582;1060;11060;3166;44278;16420;93448
evaluation,301,96150;18238;10887;4276;45206;5642;46232;50268;58602;4946
evaluation,302,85676;44954;14812;53237;21084;41034;38536;52234;37938;87800
evaluation,303,89834;71330;5086;22749;28190;52526;41528;37938;15970;1400
evaluation,304,28456;10122;4688;97962;12314;35124;71404;81038;73418;342
evaluation,305,54258;57048;1382;4688;27662;622;74260;31850;1080;6778
evaluation,306,79807;57182;89024;33354;95606;87336;44954;88788;38536;22912
evaluation,307,4044;80112;73418;6078;45638;37938;87388;71404;31264;3658
evaluation,308,55450;52452;18018;4416;91580;28456;56112;90410;58060;83904
evaluation,309,21162;51448;82700;27572;32020;88846;12166;71646;3136;1442
evaluation,310,84340;52030;1268;88130;896;1146;49302;724;69562;49396
evaluation,311,69562;49396;27818;65370;82920;896;28190;52600;71330;37476
evaluation,312,49302;54282;724;1146;12854;49396;64522;1268;7150;94242
evaluation,313,54194;59667;7150;10174;26528;6778;43658;10586;41162;496
evaluation,314,1672;73418;71404;342;12224;8006;8502;82994;45638;18238
evaluation,315,80;19510;11874;68994;53592;26810;35054;43600;71330;40568
evaluation,316,54482;20666;8604;4688;17608;24650;98166;4796;14992;35124
evaluation,317,44450;90534;16420;30826;99796;3864;4594;2392;54404;45412
evaluation,318,37476;96854;1588;38501;72940;49396;1568;39760;896;20320
evaluation,319,22128;1215;95606;5952;18466;84726;24690;44166;45638;87800
evaluation,320,21694;90410;99564;50070;39286;91580;79358;87297;35032;40568
evaluation,321,11874;71495;28352;91580;35032;40568;81768;14014;39286;28900
evaluation,322,77306;3956;26104;4682;13598;14136;6354;13342;4494;1618
evaluation,323,57390;32120;65370;78402;89894;82920;52600;53476;33354;456
evaluation,324,2028;8062;2358;13342;13582;40062;40552;13668;15970;14114
evaluation,325,56162;69794;11960;5676;87297;622;47720;256;90438;93936
evaluation,326,496;7150;54194;22568;13514;1268;48690;3536;17106;20694
evaluation,327,31850;36888;51916;33416;23790;83264;13880;31950;14992;2026
evaluation,328,53237;97962;52234;1338;30186;3827;87554;23713;74844;95318
evaluation,329,82920;4682;4984;724;8812;3956;14136;22816;10960;1880
evaluation,330,55450;56112;62902;83194;81268;94748;18018;7426;28456;19114
evaluation,331,6396;80744;8604;17956;77368;3136;18532;78392;24650;3306
evaluation,332,60400;26298;50040;41528;2035;90522;51792;29028;2092;72828
evaluation,333,71330;28190;27818;5086;65370;52600;82920;1400;49396;21484
evaluation,334,44954;87800;33354;45478;20952;95606;2038;53592;20848;332
evaluation,335,85539;21170;5280;10636;41602;14162;30148;95606;33354;11028
evaluation,336,10887;98730;18238;10894;80112;10682;4044;56582;96150;994
evaluation,337,21694;90410;99564;50070;39286;91580;79358;35032;87297;98194
evaluation,338,4494;85412;99564;4984;14136;16836;13994;2444;8032;1422
evaluation,339,66106;94954;51230;86654;90410;26780;31132;52452;80866;30904
evaluation,340,29874;3608;36280;97228;56428;7316;56112;584;880;55450
evaluation,341,94954;38334;99564;53592;4494;97259;87297;3827;10174;1268
evaluation,342,27386;3646;76628;46150;48140;43010;35402;7410;41162;17868
evaluation,343,56460;33016;98853;60400;8938;5272;23674;1060;1402;8182
evaluation,344,21886;1494;92786;10276;23214;83412;2920;7696;95384;33838
evaluation,345,59882;1022;95186;73070;12314;97962;41162;65160;85676;2744
evaluation,346,6778;14550;40440;6716;1400;47278;21448;358;98468;5948
evaluation,347,44954;85676;86577;32120;72932;71330;5086;73070;95606;14812
evaluation,348,2035;38558;27042;51148;49252;41498;2492;90522;72828;75582
evaluation,349,71718;96169;9486;38354;74192;2062;1402;5760;12318;66044
evaluation,350,49252;944;34628;2035;72828;22940;12844;44702;29716;12318
evaluation,351,11758;29594;41450;45174;52420;19948;93854;50916;74260;3658
evaluation,352,1644;75986;46232;39356;96150;41528;11142;7922;59667;20830
evaluation,353,69562;84340;49396;896;12;49302;2080;72940;57566;75986
evaluation,354,18640;1440;50268;57962;20152;35054;1826;14350;536;41770
evaluation,355,74256;58718;1366;442;17824;28510;46232;58602;50166;45206
evaluation,356,5280;89024;332;1900;2564;79807;3434;340;14136;20848
evaluation,357,44954;85676;73070;95606;50512;14812;38536;87800;45478;72932
evaluation,358,11308;2035;45174;52420;18330;16850;4100;30148;1094;64522
evaluation,359,21694;39286;99564;52452;91580;19584;28900;90410;36348;24200
evaluation,360,35832;83194;94954;18018;724;28456;81268;66106;9440;83264
evaluation,361,4682;1618;13598;13342;3956;14136;26104;77306;6354;2444
evaluation,362,54482;4688;20666;8604;98166;17608;24650;4796;12166;16114
evaluation,363,7150;6006;54194;27818;7410;22568;496;2706;13514;28190
evaluation,364,98080;1574;120;9762;83194;13582;3956;97741;724;5760
evaluation,365,64910;68166;4276;38248;5642;35054;1826;18640;41770;50268
evaluation,366,14992;67336;1568;71934;65160;4166;1382;1588;34454;6778
evaluation,367,27386;724;3646;76628;48140;43010;35402;6006;22568;18430
evaluation,368,21320;54482;20666;82700;71646;59968;32020;51448;98166;48198
evaluation,369,17956;5988;5508;6396;14992;24650;8712;30758;26104;35040
evaluation,370,3646;30904;90410;99564;35032;35884;4494;79358;52452;21694
evaluation,371,18018;81268;55450;724;28456;35832;66106;56112;85706;78928
evaluation,372,54482;20666;8604;4688;17608;14992;35124;4796;24650;1442
evaluation,373,38168;483;46252;7316;69432;52526;32554;6132;77426;37356
evaluation,374,33016;56460;98853;60400;8938;23674;1060;1402;5272;41528
evaluation,375,82920;65370;32120;89894;78402;52600;71330;33354;21484;73070
evaluation,376,31950;724;37602;31850;456;51916;30148;54812;35124;83264
evaluation,377,73124;85654;15970;64522;5948;18430;10016;33416;798;1260
evaluation,378,79807;89024;88788;57182;86577;17376;85539;16622;7630;1106
evaluation,379,87800;2038;332;81038;95606;85676;72932;44954;45478;19510
evaluation,380,56168;15363;124;24616;1618;81414;6216;6132;5258;483
evaluation,381,81268;52452;55450;56112;18018;83194;584;66106;51638;483
evaluation,382,13212;48690;26104;3306;6224;98166;6824;82700;32020;622
evaluation,383,7410;71934;17106;22568;27662;28190;1568;65370;23790;40620
evaluation,384,71330;28190;5086;27818;65370;52600;82920;49396;1400;32120
evaluation,385,74540;50040;4368;2492;7852;64750;2056;71718;49202;70630
evaluation,386,31132;22494;5362;472;33838;78164;81768;46748;13182;30704
evaluation,387,1022;95186;73070;12314;59882;97962;89536;44954;36862;21084
evaluation,388,18640;1826;76818;5642;87366;50268;17278;38326;8032;4946
evaluation,389,38248;9890;17326;45174;58370;17824;16622;12290;1366;4264
evaluation,390,65160;14992;71934;76628;1382;67336;88460;40620;96854;46142
evaluation,391,65998;9376;5952;31042;2134;1162;1215;1094;29582;4100
evaluation,392,27662;13212;57390;9948;92286;17106;27076;88846;70954;71934
evaluation,393,14350;6156;85654;74194;70630;5506;8760;52234;64102;54404
evaluation,394,44954;71330;2038;72932;14812;87800;95606;85676;95186;20034
evaluation,395,60400;26298;72828;2092;50040;41528;51792;29028;90522;11772
evaluation,396,93854;17328;67048;11758;29594;8914;3166;9440;38248;19948
evaluation,397,98924;470;31368;50040;8196;49202;10122;54404;7630;14162
evaluation,398,78164;84324;90476;20470;76764;98210;22494;23430;97662;42062
evaluation,399,30904;11758;98194;14014;39286;98376;30826;1308;97259;79358
evaluation,400,79524;28352;50070;30904;14014;11758;3668;2290;81768;86654
evaluation,401,4688;31850;14686;23790;78928;31950;37602;22568;2654;5988
evaluation,402,57390;12166;32020;82700;16114;1442;98166;10174;18466;88846
evaluation,403,51448;32020;71646;27572;1442;48198;98166;21162;32936;93546
evaluation,404,398;89024;46232;340;18640;16114;96150;53592;18238;23859
evaluation,405,81768;78164;92786;3608;2920;35884;97673;92788;14014;3668
evaluation,406,44954;85676;38536;95606;14812;50512;53592;73070;4276;45478
evaluation,407,38248;95318;55432;40971;12314;64484;64750;58370;36862;5096
evaluation,408,29490;42320;44954;3827;2744;11060;52234;42556;19948;96702
evaluation,409,1260;14770;612;11698;15970;1382;41092;74050;73124;79524
evaluation,410,78164;4494;70854;3678;39398;35884;76764;57868;81768;2398
evaluation,411,4494;522;6836;60;40310;87366;13212;50166;10960;30652
evaluation,412,96150;10887;4946;53592;45206;4276;58602;48752;17824;58718
evaluation,413,69562;49396;82920;27818;65370;896;89834;52600;28190;94242
evaluation,414,13886;97228;19146;880;56112;3608;55450;7316;29874;7426
evaluation,415,21886;23214;10276;92786;1494;7696;2920;83412;1788;6136
evaluation,416,67336;14992;71934;1382;1568;65160;4166;41010;40806;1588
evaluation,417,6778;3042;98468;7410;26858;7150;54258;20488;38542;57048
evaluation,418,54258;12854;54194;49302;73070;57048;96854;52600;2026;1268
evaluation,419,40062;96854;62213;522;7366;29874;14014;11308;11960;1080
evaluation,420,90522;2492;72828;27042;2035;51148;41498;1060;75582;49252
evaluation,421,6224;6828;54812;88670;3944;39624;29722;41528;97806;17458
evaluation,422,87554;43010;24160;56028;96394;14114;63534;23790;18214;66106
evaluation,423,23718;80112;10682;98730;17326;41696;10894;1900;406;24676
evaluation,424,36592;82328;98730;10682;95758;1348;10894;75834;31264;80112
evaluation,425,87297;56162;47720;22494;91580;4416;50070;90410;39286;632
evaluation,426,2068;49986;97806;97259;1422;6824;59964;13598;4494;46104
evaluation,427,22568;7150;496;6006;27818;7410;2706;13514;54194;20694
evaluation,428,53476;59134;71934;17106;40620;33416;4166;19274;1400;6008
evaluation,429,17502;92198;92192;66602;26198;65393;9232;16208;1308;456
evaluation,430,48140;41162;20830;87554;5086;22749;52600;358;75986;28190
evaluation,431,4664;5086;3108;66044;5256;1494;4100;31216;5484;74844
evaluation,432,7410;71934;76628;1382;87554;14114;1568;88460;1588;612
evaluation,433,81268;35032;52452;56112;584;83194;98468;55450;26780;93768
evaluation,434,46104;33222;97806;97259;30870;17458;1422;59964;2398;78164
evaluation,435,27818;28190;88748;92786;29490;81768;17458;94954;71330;10586
evaluation,436,62213;6778;64658;30148;3894;31850;40440;584;33416;1260
evaluation,437,910;74050;9828;39760;612;522;22749;36348;94242;14114
evaluation,438,4688;78928;31850;35124;28456;36888;120;23790;49302;36545
evaluation,439,40338;32554;483;880;69432;2900;12110;65393;50166;85706
evaluation,440,88130;31424;0;48048;10276;54282;67048;57410;38168;84340
evaluation,441,44954;71330;85676;95606;14812;73070;72932;50512;20848;38536
evaluation,442,4276;4946;58602;45206;96150;48752;53592;46232;5642;50512
evaluation,443,64750;6616;12314;1022;96702;2398;5506;71495;29594;87554
evaluation,444,37476;49396;27626;16080;69562;54258;2026;34454;94242;522
evaluation,445,398;23859;89024;96150;10887;46232;79320;340;4276;1900
evaluation,446,83412;13182;77464;7575;15282;16866;37800;1184;17458;65562
evaluation,447,47720;21694;28900;99564;50070;87297;98194;48392;90410;37356
evaluation,448,17770;21694;26198;30870;29122;21636;4416;56162;99564;880
evaluation,449,23214;57048;79524;27662;73070;81038;37476;28352;54258;76628
evaluation,450,32120;78402;82920;89894;65370;33354;57390;52600;1046;53476
evaluation,451,7150;496;1268;22568;54194;98468;724;3536;13514;31042
evaluation,452,38558;29594;3894;40440;3166;11060;16850;14550;95318;2744
evaluation,453,724;18018;35832;66106;26780;8712;85706;83194;36040;94954
evaluation,454,76628;88460;1382;27662;71934;77579;67336;65160;6778;14992
evaluation,455,896;31368;2080;17902;9392;9828;10392;50268;6216;39186
evaluation,456,21694;79358;19584;99564;35032;50070;90410;66106;71934;23790
evaluation,457,44954;14812;85676;38536;87800;95606;20848;20952;5086;71330
evaluation,458,52420;64522;16850;11308;2035;42076;18330;34454;14550;45174
evaluation,459,31950;28594;31850;18430;51916;37602;98468;30148;91242;14114
evaluation,460,67048;23632;41564;99796;702;20774;1644;91970;16830;9890
evaluation,461,9762;9602;40552;73268;1215;30758;2836;3306;15970;13342
evaluation,462,82920;32120;78402;65370;57390;89894;52600;33354;71330;69562
evaluation,463,10894;98730;994;73418;10682;8838;28908;82994;80112;19030
evaluation,464,4044;49302;35402;27626;71404;34372;12224;98730;10682;80112
evaluation,465,16080;57048;94242;31622;49396;1338;67048;54258;37476;78392
evaluation,466,23790;120;35124;78928;724;35832;21320;37602;36888;6006
evaluation,467,7410;71934;17106;28190;65370;37602;32120;27818;22568;53476
evaluation,468,88130;48048;65646;65998;54282;92286;99838;9376;43600;1060
evaluation,469,92286;6216;48690;31042;52526;89834;23790;13212;3136;2080
evaluation,470,92286;89834;52526;31042;13212;48690;6216;9948;64412;29490
evaluation,471,17770;71718;60;27176;40338;13598;98210;702;88788;48664
evaluation,472,38558;3894;4426;96169;38354;66044;23713;92988;75582;40568
evaluation,473,33016;98853;56460;60400;50040;41528;74540;70630;49202;2092
evaluation,474,88130;92286;43600;54282;99838;98924;37248;65998;9616;65646
evaluation,475,6136;56786;98194;57868;71108;42062;56358;83904;24616;33222
evaluation,476,52420;11308;17770;2035;18680;26528;18330;14550;42076;282
evaluation,477,96169;2062;35402;1402;26810;30070;16420;38558;9486;10798
evaluation,478,88130;54282;48048;65998;99838;92286;65646;9376;43600;9616
evaluation,479,887;73268;76672;77306;64522;76644;26156;38536;33016;37624
evaluation,480,282;17770;90438;4416;69562;56162;26198;37476;20360;49396
evaluation,481,14136;13342;4494;4984;13598;1422;2444;10960;3956;1618
evaluation,482,23790;78928;31850;16080;37602;13726;54258;56028;4688;31950
evaluation,483,49252;944;34628;2035;72828;12844;22940;27042;4426;51792
evaluation,484,33838;91582;36258;98194;56358;86654;83904;31132;472;13182
evaluation,485,76628;14992;65160;71934;1382;67336;88460;46142;39760;40620
evaluation,486,89024;79807;57182;6078;18238;42762;87388;88788;87336;1106
evaluation,487,91242;87336;91988;6616;86577;88788;6794;42762;887;89024
evaluation,488,13182;65562;2280;24616;31132;82649;71108;84324;5362;21886
evaluation,489,39418;22494;78164;88748;48048;13252;94748;97662;42062;89232
evaluation,490,92198;73290;31618;17502;97228;92192;1308;33210;7316;16208
evaluation,491,96238;88846;21162;71646;35124;536;57962;1442;5992;37602
evaluation,492,536;16010;98532;48660;44024;16830;44544;6886;11308;1247
evaluation,493,33016;98853;60400;56460;50040;41528;74540;49202;70630;2092
evaluation,494,41528;96238;1044;4100;49252;30070;34628;2092;7920;1618
evaluation,495,18640;30028;76818;398;23859;87388;20766;77646;10887;8502
evaluation,496,75582;41498;51148;51792;10855;90522;1060;26298;72828;2092
evaluation,497,88130;48048;54282;65646;65998;9376;99838;43600;29410;92286
evaluation,498,2068;87064;18680;20152;45178;4100;14770;23558;16114;41770
evaluation,499,80;11874;6616;19510;35054;68994;1618;40568;26810;33540
evaluation,500,90534;46252;38016;75834;4594;72932;95980;38248;41564;70854
evaluation,501,33838;91582;36258;31132;98194;26780;57410;56358;1308;15282
evaluation,502,82920;32120;78402;65370;89894;52600;33354;57390;71330;4166
evaluation,503,7150;496;22568;31850;2026;20694;13514;96854;62213;7410
evaluation,504,4494;1618;4984;94954;3956;22816;4682;8812;14136;1434
evaluation,505,1672;89232;26528;6778;30904;42556;13212;13514;536;3166
evaluation,506,6136;3670;46748;71108;56786;24616;33222;98194;472;56358
evaluation,507,77368;4996;52600;59667;31379;32554;52526;37356;39356;42320
evaluation,508,88130;84340;54282;65998;48048;65646;92286;9376;52030;43600
evaluation,509,94242;13598;8524;65370;49396;59750;12854;96103;23790;2026
evaluation,510,69562;49396;896;57566;84340;72940;37476;12;52526;41528
evaluation,511,96238;4796;17956;88460;57962;5992;13514;48198;910;88846
evaluation,512,97741;87336;29594;9486;64102;7630;80;40440;4594;40568
evaluation,513,6136;56786;3670;24616;33222;71108;98194;91582;46748;33270
evaluation,514,79358;39286;33416;35032;21694;26312;83194;26780;51916;50070
evaluation,515,38168;33270;77426;10276;19146;29594;48048;78294;69432;584
evaluation,516,39286;90410;52452;28900;21694;81268;99564;50070;584;28352
evaluation,517,38334;21694;99564;26198;47720;37356;32554;35054;69582;72119
evaluation,518,5484;87554;9762;94954;85676;724;81268;358;35832;58060
evaluation,519,4494;93768;8136;87554;94954;96394;83194;17608;41162;7366
evaluation,520,2290;1434;582;6648;6594;2900;56112;1002;65393;19114
evaluation,521,6396;80744;8604;17956;3136;78392;48690;3678;9762;18532
evaluation,522,12314;1022;95186;59882;73070;97962;65160;20034;13668;41162
evaluation,523,6136;56786;3670;24616;71108;33222;91582;98194;13182;33270
evaluation,524,97259;97806;84726;1736;17458;17048;20666;30870;2068;1184
evaluation,525,87297;47720;26198;37356;56162;17502;65393;39286;91580;48198
evaluation,526,88460;77579;6836;26104;7630;21448;78164;59968;4494;70630
evaluation,527,78928;4688;26104;37602;1382;31850;64658;6778;35124;31950
evaluation,528,1184;17458;97259;30870;1788;54190;18138;4494;41830;97806
evaluation,529,5086;71330;65370;52600;82920;28190;342;49302;48140;94242
evaluation,530,88130;48048;54282;65998;65646;99838;9376;43600;92286;29410
evaluation,531,65998;9376;2134;1162;2080;20774;5952;44166;214;1215
evaluation,532,1184;97259;1736;17048;4494;30870;3956;54190;13342;97806
evaluation,533,99564;11758;7696;86654;80866;50070;39286;1338;17328;30904
evaluation,534,880;29874;56428;7316;16208;62902;3132;97228;3608;13886
evaluation,535,11758;99564;86654;50070;39286;7696;91580;80866;16836;90410
evaluation,536,3670;472;88748;63862;46748;24616;33222;5362;76764;78164
evaluation,537,3136;3306;98166;48690;2836;41010;51448;88670;78380;32020
evaluation,538,31850;83264;31950;456;724;35124;37602;54812;14686;20694
evaluation,539,22862;93448;41564;29594;3166;19948;358;28916;30904;1338
evaluation,540,39286;47720;91580;87297;50070;94285;26780;88748;98376;6136
evaluation,541,6136;56786;91582;3670;71108;24616;33222;98194;46748;472
evaluation,542,83264;81268;35832;584;29874;56112;66106;724;55450;3608
evaluation,543,13182;30704;81768;78164;91582;472;46104;65562;24616;82649
evaluation,544,1022;59882;12314;73070;97962;95186;65160;39760;33556;56106
evaluation,545,8032;31816;11142;50268;16836;4494;42762;2868;60042;46232
evaluation,546,94954;724;85706;18018;52452;4494;14114;1268;66106;97259
evaluation,547,39286;69432;99564;21694;26780;78164;28900;38334;90410;47896
evaluation,548,17328;34454;282;2035;14550;29490;52420;44930;65160;8712
evaluation,549,73070;71330;82920;12854;21484;17868;44954;53592;96150;87366
evaluation,550,79807;88788;89024;86577;57182;87336;6078;12224;85676;44954
evaluation,551,3670;6136;24616;33222;46748;56786;472;4594;13182;5362
evaluation,552,91580;21694;97662;47720;87297;35032;78164;90410;98376;94748
evaluation,553,81268;33270;584;29874;25168;38168;77426;39286;83412;55450
evaluation,554,97259;97806;30870;17048;24650;17458;54190;1736;95384;3956
evaluation,555,87297;56162;10720;47720;76764;39418;13252;632;10646;12964
evaluation,556,63862;88748;3670;46748;472;24616;78164;5362;57410;33222
evaluation,557,87297;21694;47720;56162;94285;4416;83904;22494;69432;6136
evaluation,558,76628;65160;71934;40620;40806;67336;14992;14114;1382;41010
evaluation,559,39760;48140;94242;724;56106;87554;22568;14114;65370;49302
evaluation,560,44954;91864;28510;50512;72932;73070;20034;85676;81038;59882
evaluation,561,75986;12318;75086;844;31216;5760;33016;67068;8914;21547
evaluation,562,7150;26104;48140;36888;724;43010;18430;14114;59667;39760
evaluation,563,91580;90410;12964;99564;56312;13994;21694;13252;87297;17502
evaluation,564,12;52420;64522;6616;31216;29028;75582;51792;23718;27818
evaluation,565,1022;12314;73070;95186;59882;97962;65160;25296;13668;2744
evaluation,566,75582;51792;10855;2092;26298;90522;41528;49252;72828;60400
evaluation,567,17106;59134;71934;65370;27662;19274;6008;40620;14686;89894
evaluation,568,496;54194;27818;7150;13514;41162;28190;36888;22568;17106
evaluation,569,39760;56106;14114;33016;13668;87554;56460;56028;98853;75986
evaluation,570,14550;59882;18330;33416;52420;50512;29490;64522;2035;34454
evaluation,571,1672;14350;65998;91970;4044;48140;26528;2396;13212;78164
evaluation,572,91580;52452;98376;35032;98210;21694;47720;90410;50070;28352
evaluation,573,1434;19114;2290;584;65393;42678;582;56112;483;77426
evaluation,574,4688;622;98166;1382;16114;2380;35124;1400;36545;54482
evaluation,575,8712;17956;98468;20152;1382;788;93768;5988;910;7410
evaluation,576,60400;26298;72828;2092;50040;41528;51792;29028;90522;11772
evaluation,577,44702;44450;34628;12318;22940;95318;49252;29716;72828;3864
evaluation,578,38248;40971;95318;55432;80850;64484;5096;41564;54404;64750
evaluation,579,67048;392;99796;77252;74256;3110;60042;26156;84726;19510
evaluation,580,51792;2092;26298;75582;90522;1094;41528;10855;49252;51148
evaluation,581,93854;3864;40440;42320;3827;40971;44024;95318;4116;19948
evaluation,582,702;50916;96169;28282;21484;9890;16420;67048;45638;99796
evaluation,583,10122;5086;65370;16080;1400;49302;31850;94242;26528;49396
evaluation,584,31042;54282;49302;22132;52526;6216;89834;84340;72940;88130
evaluation,585,21694;98937;36258;33838;5202;99564;11874;51230;98194;31132
evaluation,586,99564;33210;90410;98210;80866;78164;50070;94285;83412;31618
evaluation,587,87297;47720;56162;10720;632;39418;26198;12964;28900;38542
evaluation,588,94954;17458;97806;97259;26780;10586;1736;50070;37938;95384
evaluation,589,880;9108;26198;79358;3668;7188;56358;73290;584;33838
evaluation,590,46104;83904;13182;3670;57410;30870;87388;23632;56358;3132
evaluation,591,82700;1442;93546;51448;71646;32020;88846;4090;59968;27572
evaluation,592,59667;82700;77368;3678;98166;4996;78380;6396;1442;32020
evaluation,593,91580;87297;47720;17770;98210;4416;21694;97673;38542;90410
evaluation,594,71330;5086;65370;28190;52600;49396;27818;1400;82920;44954
evaluation,595,71718;74192;30070;1402;12318;56460;10798;2062;11772;75986
evaluation,596,38248;95318;1366;40971;55432;64484;17824;48752;64750;4946
evaluation,597,16850;40440;14550;29594;95318;19948;74260;30148;97962;50512
evaluation,598,19510;874;4276;50280;398;42762;28510;3434;36862;20952
evaluation,599,24728;7630;49252;2492;37624;944;87336;54404;50040;12844
evaluation,600,13868;26780;99564;86654;91580;94954;32554;80866;85706;6886
evaluation,601,13868;52452;13886;2290;20774;9376;56428;48048;18018;81768
evaluation,602,39760;56106;48140;87554;14114;724;56028;16080;53237;97962
evaluation,603,94242;23790;7150;89894;41162;32120;65370;36888;14686;49396
evaluation,604,52420;34454;14550;65160;2035;45174;73124;18330;17770;29490
evaluation,605,26298;75582;72940;39186;896;38784;1146;51792;2092;52526
evaluation,606,67048;1672;45638;71404;91970;3110;73418;67710;1398;8828
evaluation,607,84340;65646;48048;88130;65998;54282;9616;99838;57566;896
evaluation,608,82920;65370;89894;71330;32120;73070;78402;52600;21484;33556
evaluation,609,52420;282;34454;18330;2035;17770;43658;12;18680;37476
evaluation,610,3894;38558;40440;19948;40620;14550;29594;16850;11328;9392
evaluation,611,97259;97806;1788;98937;65281;23214;57410;46752;17458;28352
evaluation,612,41092;33556;910;37602;14992;74050;58584;35124;2654;724
evaluation,613,3136;98166;3306;88670;48690;2836;41010;78380;51448;6224
evaluation,614,1766;7696;30904;3306;1588;3000;4494;22128;20774;10392
evaluation,615,67048;99796;90534;392;19510;74256;2068;91970;308;60042
evaluation,616,74256;442;1366;58718;17824;46232;28510;58602;45206;398
evaluation,617,83412;30904;41034;94954;91580;99564;1308;52452;33210;42556
evaluation,618,55450;81268;83264;56112;18018;35832;7426;83194;28456;66106
evaluation,619,94954;38334;3827;99564;21694;39286;85706;90410;53592;16850
evaluation,620,97259;97806;17048;4494;49986;98210;35884;1422;3668;98376
evaluation,621,7150;27818;6006;7410;22568;2706;496;20694;28190;13514
evaluation,622,99796;67048;392;44024;3864;1398;1362;90534;75848;91970
evaluation,623,33270;98194;13182;65562;472;56786;56312;22494;6136;83904
evaluation,624,18640;87388;70210;68166;38632;1826;5760;86026;76818;50268
evaluation,625,14992;65160;88460;77579;76628;71934;1382;4166;1568;67336
evaluation,626,23214;57048;79524;67336;81768;21886;2744;28352;83412;23890
evaluation,627,7150;27662;77368;14992;35124;21320;22568;41092;20694;13880
evaluation,628,97962;12314;59882;1022;95186;73070;81038;3140;95318;45174
evaluation,629,79524;23214;67336;76628;23890;65160;81768;57048;3668;21886
evaluation,630,97259;97806;1788;98937;65281;57410;46752;23214;17458;28352
evaluation,631,97662;5362;76764;92788;33222;88748;13868;81768;17458;84324
evaluation,632,7410;88460;77579;14992;71934;6778;1588;1568;31850;5988
evaluation,633,33270;98194;13182;65562;5362;56312;472;30704;22494;36258
evaluation,634,98853;56460;33016;5272;70630;8938;1060;44702;11772;71718
evaluation,635,33016;50040;56460;60400;98853;74540;41528;1060;1402;49252
evaluation,636,26298;2092;50040;60400;90522;51148;41528;12;10855;51792
evaluation,637,41092;27662;76628;17608;14992;67336;522;37602;910;33556
evaluation,638,91580;35032;90410;39286;21694;28900;87297;50070;98376;26780
evaluation,639,4494;2444;98468;85706;70854;94954;26780;35040;18018;19584
evaluation,640,88460;65160;76628;77579;71934;27662;1382;67336;14992;78402
evaluation,641,82920;65370;32120;89894;78402;52600;71330;57390;33354;27818
evaluation,642,2536;5676;32936;12166;1094;45102;9762;57390;93018;48216
evaluation,643,33556;41092;44954;69394;13958;30758;89894;20152;23790;13712
evaluation,644,98468;93768;1440;7316;83904;9232;91242;33210;20774;27850
evaluation,645,10392;41034;4664;34628;41014;81038;29594;9948;13466;87336
evaluation,646,98853;56460;33016;8938;5272;1060;2492;1402;60400;51148
evaluation,647,28352;23214;11874;2744;79524;67336;50070;83412;76628;69432
evaluation,648,99564;39286;52452;90410;86654;7696;80866;30904;16836;48664
evaluation,649,6136;56786;3670;24616;46748;91582;33222;472;71108;13182
evaluation,650,89932;1422;31864;7284;7426;59964;632;98376;66438;18138
evaluation,651,22568;3536;7150;20694;6778;78928;724;23790;77368;14686
evaluation,652,87554;39760;56106;14114;724;48140;2380;49302;9762;94242
evaluation,653,73070;12314;59882;95186;97962;1022;20034;65160;41162;37624
evaluation,654,12;27150;29028;944;26298;522;2092;27626;1080;51792
evaluation,655,99796;67048;3864;22650;1398;33540;72119;9890;58776;31042
evaluation,656,30826;34628;12318;2392;81038;3864;35722;968;43010;34454
evaluation,657,88130;9616;99838;43600;896;65998;16010;92286;84340;54282
evaluation,658,98080;120;81050;78928;13598;86510;16080;31622;788;54258
evaluation,659,77252;86510;98080;1968;120;104;9828;4100;4664;1260
evaluation,660,39286;87297;91580;47720;50070;26312;94285;21694;26780;88748
evaluation,661,4494;22816;13342;3956;8812;4984;87064;14136;1268;57048
evaluation,662,632;13252;98210;89932;7575;94748;98376;2398;7284;10720
evaluation,663,1574;3608;880;29874;78928;98080;22284;55450;120;57962
evaluation,664,30758;9762;2358;15970;22816;14992;13582;3042;65160;4796
evaluation,665,3536;22568;76628;7150;724;77368;6778;20694;78928;23790
evaluation,666,22862;1046;93448;16420;6828;702;29594;52420;70954;60
evaluation,667,4944;1362;76818;1398;33016;54404;968;40568;74540;64102
evaluation,668,14114;97259;71330;13712;64658;29490;54194;7410;44930;3536
evaluation,669,97806;97259;1422;17458;49986;27850;94954;4494;35884;3956
evaluation,670,67048;43010;87554;81038;26810;60042;30874;46046;74256;17278
evaluation,671,94242;65370;32120;89894;8524;7150;13880;14992;31850;23790
evaluation,672,24690;41060;39356;13608;9392;12292;3956;50512;1022;20848
evaluation,673,34454;33416;612;8136;73124;75986;57048;69562;30148;16850
evaluation,674,65160;46046;41328;41394;2706;6440;49302;78294;31216;45178
evaluation,675,89536;33416;78402;21448;4276;54282;20830;99838;9392;45178
evaluation,676,99796;67048;392;91970;33540;22650;3864;90534;31042;38632
evaluation,677,30826;38501;51792;38248;16420;75986;11772;2392;12318;12
evaluation,678,21547;9486;1410;18805;1588;22823;612;98997;1568;34628
evaluation,679,14350;8336;398;22128;96238;45478;41770;11996;23558;16114
evaluation,680,80112;23718;10682;3658;72932;81038;72119;24676;38016;2222
evaluation,681,88130;92286;43600;99838;258;16836;11108;65998;98468;89834
evaluation,682,14812;406;95606;44954;85676;87336;88788;10122;38536;13598
evaluation,683,7696;11758;80866;50070;99564;17328;86654;39286;81768;28352
evaluation,684,88748;97662;76764;5362;92788;22494;89232;39418;63862;24616
evaluation,685,54194;7150;6006;496;22568;7410;27818;13514;2706;6778
evaluation,686,30826;71718;74192;38501;12318;34454;43010;48140;16606;96394
evaluation,687,2134;88130;9376;24760;22128;65998;98924;60586;1440;57390
evaluation,688,1046;22862;6828;16420;29490;93448;89834;702;42556;29594
evaluation,689,67048;73124;23214;3668;5948;80850;10276;81768;16420;79524
evaluation,690,97259;97806;17048;24650;30870;17458;95384;1736;54190;2068
evaluation,691,78164;13252;90476;88748;10646;42062;3608;7426;98194;39418
evaluation,692,98166;3136;2836;48690;77306;3306;41010;78380;51448;6224
evaluation,693,23790;724;120;35124;28456;37602;35832;36888;78928;31850
evaluation,694,65160;14992;1382;78928;41328;496;76628;17608;30758;39314
evaluation,695,23790;120;35124;78928;724;36888;35832;21320;98080;31850
evaluation,696,8604;6396;17956;64626;77368;80744;3136;10174;9762;54482
evaluation,697,10798;54812;8136;1386;3306;6824;3136;96103;7150;724
evaluation,698,31379;77368;9602;32554;4688;6396;77306;4996;2358;59667
evaluation,699,1386;10798;6824;54812;3136;96103;3306;7150;8136;724
evaluation,700,9440;5086;76996;3108;82700;11308;99838;7410;88846;5952
evaluation,701,64750;42556;14550;2744;3827;10122;3140;40971;11060;1200
evaluation,702,85676;95606;88788;44954;14812;81038;45478;20848;87800;10122
evaluation,703,5362;1184;56312;11532;17458;6178;91582;86654;39618;3670
evaluation,704,40971;42320;31216;52234;3827;2744;95318;40440;3140;10122
evaluation,705,96238;880;35884;98194;33270;23632;29410;292;470;91582
evaluation,706,23790;81038;46150;5484;1338;48140;47098;21448;30874;87554
evaluation,707,6216;76996;15363;5234;98080;86510;77252;46252;104;30904
evaluation,708,97259;97806;49986;1766;27850;17048;98376;98210;1422;46104
evaluation,709,88748;97662;76764;39418;22494;78164;82044;47896;92788;5362
evaluation,710,2358;13582;40552;2028;13342;9762;40062;24650;14114;9602
evaluation,711,89932;1422;46752;13252;13182;13282;12110;98194;632;98210
evaluation,712,88748;97662;35884;54524;8196;63862;39418;13252;78164;97673
evaluation,713,1184;20666;18138;30870;97259;8604;1788;17458;41830;24650
evaluation,714,76764;88748;78164;81768;92786;46752;2920;23214;5362;3658
evaluation,715,16010;38542;2920;44544;56948;37800;52452;15282;48660;86654
evaluation,716,33838;36258;5362;25170;91582;56358;7188;98194;86654;15282
evaluation,717,56786;33222;33270;71108;6136;78164;98194;13182;48048;24616
evaluation,718,76764;78164;88748;92788;6136;472;39418;57868;97662;84324
evaluation,719,10682;80112;98730;36592;31264;340;10894;75834;5506;87388
evaluation,720,87336;88788;37624;86577;7630;24728;91988;89024;79807;42762
evaluation,721,85676;22912;87800;38536;20848;95606;45478;47098;14812;4276
evaluation,722,46752;23214;81768;92786;2920;3668;79524;1788;10276;17458
evaluation,723,48140;724;1268;81268;483;83264;41162;36280;18018;35032
evaluation,724,26104;18430;85706;724;14114;53237;98468;16850;4494;91242
evaluation,725,89894;32120;82920;65370;78402;33354;57390;4166;94242;53476
evaluation,726,31850;37602;78928;31950;36888;23790;14686;4688;41162;22568
evaluation,727,84726;97741;24690;16114;45638;69394;31950;59667;53476;41770
evaluation,728,64754;17014;80952;70954;87366;340;82328;60;45638;702
evaluation,729,18640;21162;77252;21320;4090;1442;82700;57390;104;48198
evaluation,730,26350;26156;16114;77306;64522;45638;19510;340;44166;95606
evaluation,731,1234;6616;1618;9486;26810;80;67048;96169;33540;37624
evaluation,732,44954;95606;73070;85676;14812;45478;87800;20952;38536;5086
evaluation,733,46752;10276;2920;1788;23214;92786;83412;23890;81768;3668
evaluation,734,98376;10646;94748;89932;39418;10720;41830;97259;76764;98210
evaluation,735,97662;98376;94748;10646;39418;76764;89232;42062;89932;98210
evaluation,736,13886;19146;97228;52452;13868;17502;65393;2290;51638;56112
evaluation,737,94954;38334;13342;21694;99564;85706;26198;3827;33416;32554
evaluation,738,97662;22494;76764;78164;89232;84324;5362;90476;24616;56312
evaluation,739,32120;65370;82920;89894;78402;94242;14686;33354;3646;13880
evaluation,740,2358;40552;24650;2836;14114;15970;13342;26104;9602;20666
evaluation,741,20848;50512;44954;95606;53592;58602;21484;87800;96150;14454
evaluation,742,54194;496;27818;36888;7150;28190;7410;20694;13514;22568
evaluation,743,51792;2092;10855;75582;90522;60400;72828;41498;41528;1060
evaluation,744,10276;46752;23890;1788;83412;79358;2920;31132;23214;92786
evaluation,745,21694;47720;87297;91580;4416;35032;52452;7284;90410;39286
evaluation,746,590;26156;98924;26350;18430;88130;798;27386;77306;80866
evaluation,747,21694;99564;11874;36258;39286;51230;33838;26780;86654;90410
evaluation,748,89932;97259;98376;39418;7426;62322;10646;13252;76764;46752
evaluation,749,7410;88460;77579;71934;14992;6778;46150;1588;65160;1568
evaluation,750,39760;16080;56106;48140;14114;724;13668;87554;94242;7150
evaluation,751,1386;54812;96103;10798;89834;6824;8136;496;92286;13514
evaluation,752,6828;22862;93448;54812;96103;3166;32584;82700;3678;1046
evaluation,753,1386;54812;96103;10798;89834;8136;6824;6006;92286;13514
evaluation,754,74260;93854;45174;81038;12224;30028;18238;29594;3658;73418
evaluation,755,56168;15363;81414;124;98080;120;38784;24760;5258;77252
evaluation,756,56786;88748;83904;89232;22494;39618;76764;94748;97662;98376
evaluation,757,56460;71718;11772;98853;33016;41528;74192;26298;1386;71330
evaluation,758,80866;22128;31379;5508;14054;86654;30904;27176;398;5730
evaluation,759,97259;1422;49986;83412;69582;3668;8032;9232;632;17048
evaluation,760,6136;56786;3670;71108;46748;24616;56358;33222;13182;91582
evaluation,761,50040;60400;26298;49252;41528;72828;11772;2092;2035;90522
evaluation,762,14992;78928;67336;71934;96854;1382;31850;6778;5988;35124
evaluation,763,46752;83412;7696;30874;23890;98194;69582;10276;46104;2744
evaluation,764,99796;392;67048;11996;42762;2068;75848;33388;16208;91970
evaluation,765,11758;6828;32584;29722;79524;73124;93448;22862;46104;3658
evaluation,766,69794;1247;78392;18330;48216;98166;48690;18680;78380;88670
evaluation,767,7410;71934;23790;22568;96238;5988;53476;14992;14686;41010
evaluation,768,23790;120;36888;78928;35124;6778;8136;724;27662;3646
evaluation,769,1494;1260;33416;20952;78402;85676;34628;87366;86870;86574
evaluation,770,392;67048;99796;60;16420;50268;38354;90534;1366;68994
evaluation,771,1268;54282;724;49302;22284;36280;65998;3608;88670;16836
evaluation,772,91864;22912;3944;21448;29722;19510;2038;95606;332;1494
evaluation,773,340;10682;16114;98730;87388;34372;75834;10894;80112;38536
evaluation,774,28594;31950;98468;2444;622;51916;33416;91242;83194;30148
evaluation,775,64750;74540;96702;29594;1022;12314;41564;71495;9392;41034
evaluation,776,47720;26198;50070;17502;97673;25170;69432;5362;83904;92192
evaluation,777,35884;97259;37800;65281;25170;584;98194;5362;36258;13182
evaluation,778,12314;1022;95186;97962;59882;73070;6616;20034;45174;85676
evaluation,779,90534;38248;4594;75834;1826;99796;9890;38016;86510;702
evaluation,780,98194;33838;24616;56786;33222;36258;3670;98376;39618;83904
evaluation,781,12;54812;48690;7150;29028;3536;6224;1442;22568;6894
evaluation,782,69794;18330;78392;18680;1247;48690;98166;88670;19280;48216
evaluation,783,33556;1400;65370;7150;35124;89894;22568;18330;13880;910
evaluation,784,30148;71495;31950;31850;83264;36888;14992;71934;4796;79358
evaluation,785,97259;17458;30870;17048;4494;21636;54190;1184;97806;98937
evaluation,786,48690;3136;98166;88670;3306;78380;41010;77306;51448;93546
evaluation,787,26810;74256;22650;30070;90534;1402;1362;2062;1398;96238
evaluation,788,12314;1022;73070;59882;97962;95186;65160;76628;64658;13668
evaluation,789,93448;29594;87336;45174;23713;41498;19948;60;44954;52420
evaluation,790,10646;98376;94748;10720;89932;632;39418;98210;13252;42062
evaluation,791,96394;22128;43600;89536;6216;62902;47018;91988;31368;70994
evaluation,792,77252;282;76996;90438;98080;62124;86510;104;46252;24760
evaluation,793,1422;78164;76764;82044;632;88748;35884;22494;25144;84324
evaluation,794,97259;17458;54190;97806;1788;1736;41830;1184;25168;66438
evaluation,795,46752;81768;2920;23214;92786;10276;3668;83412;1788;24434
evaluation,796,78164;84324;54524;98210;5362;76764;97662;46748;90476;13182
evaluation,797,98080;120;78928;35832;81050;9762;64658;84726;1574;4688
evaluation,798,7150;54194;7410;13514;2026;20694;48140;22568;36545;35124
evaluation,799,5952;1215;31042;49302;896;11960;49396;29788;77252;1247
evaluation,800,34454;14550;11308;2035;16850;17770;17328;44930;73124;45174
evaluation,801,1060;5272;23674;70630;8938;1410;9908;56460;41498;1402
evaluation,802,27076;51638;14136;10392;292;85706;14054;96238;1094;31424
evaluation,803,7366;34628;1410;12318;23674;7630;16080;612;75986;12844
evaluation,804,91970;26810;96238;96169;74256;1402;68994;33540;22650;67048
evaluation,805,71330;28190;27818;5086;82920;52600;65370;49302;94954;48140
evaluation,806,64750;4946;58602;96702;14550;42556;50512;29594;4276;74540
evaluation,807,77238;29722;39624;26528;11758;42556;6078;88670;93448;46232
evaluation,808,42556;87366;1338;30652;3658;4664;8828;5256;5086;80952
evaluation,809,50040;60400;26298;49252;41528;72828;2035;2092;11772;5272
evaluation,810,17902;9376;80866;96238;754;14350;22128;2134;6216;5508
evaluation,811,340;16114;398;10682;3434;75834;80112;4044;87388;31264
evaluation,812,95606;75986;10122;78392;52420;2380;3140;16080;2868;12854
evaluation,813,91970;14350;22128;17902;80866;31379;5508;4044;60586;2396
evaluation,814,340;16114;10682;36592;87388;31264;75834;398;3434;98730
evaluation,815,18640;86026;5642;1826;48752;398;24160;82328;58602;87388
evaluation,816,16558;21170;10636;14162;30148;85539;19846;41602;20952;17326
evaluation,817,34464;3662;38016;37800;90534;23632;56312;3450;2188;4594
evaluation,818,95606;41602;85539;5280;14162;21170;10636;33354;10122;30148
evaluation,819,10392;1094;27076;19280;1736;9828;4996;256;31368;1247
evaluation,820,30826;11698;69432;584;77426;48664;22284;3608;10276;54190
evaluation,821,584;27076;57048;52452;19280;38168;56112;6886;1247;880
evaluation,822,2398;29874;6354;46104;584;81268;20470;880;3608;12110
evaluation,823,6136;56786;33270;33222;98194;24616;13182;71108;3670;46748
evaluation,824,33222;78164;46104;13182;79358;472;48048;56786;632;0
evaluation,825,40620;40806;71934;14992;1568;4166;41010;1588;67336;24650
evaluation,826,36545;16080;23790;78928;41328;35124;14686;31850;4688;13880
evaluation,827,69794;51448;23558;48216;27572;6224;88670;22816;11960;57962
evaluation,828,94748;39418;42062;10646;59964;13252;66602;29410;62322;632
evaluation,829,13668;83264;8062;14114;40062;39760;724;26104;96854;13342
evaluation,830,98853;56460;33016;2492;51148;5272;8938;41498;50040;1060
evaluation,831,13182;3670;57410;30704;21886;65562;2920;81768;46104;472
evaluation,832,96238;31622;35884;48048;78164;4116;5362;536;62124;25296
evaluation,833,4494;97259;35884;1422;97806;70854;31618;27850;23632;20470
evaluation,834,96238;90410;66438;10960;71108;70854;27850;74256;214;74050
evaluation,835,83904;91582;22494;6136;56786;33838;98194;56358;33222;94748
evaluation,836,46752;10276;83412;1788;3668;81768;92786;2920;23214;17458
evaluation,837,22494;97662;56312;62322;90476;61208;78164;63084;56564;70854
evaluation,838,83904;88748;97662;89232;5362;48048;24616;9464;92788;33222
evaluation,839,97662;22494;76764;90476;89232;5362;24616;78164;56312;84324
evaluation,840,46104;13182;5362;472;65562;33270;81768;83904;46748;10276
evaluation,841,13182;78164;21886;83904;71108;88748;20470;6136;92788;23214
evaluation,842,71108;30704;98194;472;12110;26780;1788;29410;7696;7852
evaluation,843,91580;28900;57868;66438;48048;22568;98194;56786;39418;48198
evaluation,844,78164;22494;56786;46748;76764;89232;98194;6136;97662;6886
evaluation,845,88748;33222;47896;46748;20470;57868;97662;6136;5362;78164
evaluation,846,29410;11328;98376;88748;10720;89232;76764;35884;98210;13182
evaluation,847,7575;57868;98194;46104;71108;13386;33222;3450;42062;20470
evaluation,848,20360;98194;34393;50070;66438;56358;39418;94748;89232;91580
evaluation,849,10646;33222;98194;42062;26312;89232;29410;3670;56786;24616
evaluation,850,31864;70994;37800;61208;82044;20470;63084;632;16036;38334
evaluation,851,80866;8336;82649;28352;14350;34393;20470;97228;86654;3132
evaluation,852,91580;3670;13182;71108;28352;78164;92788;39286;89232;6136
evaluation,853,46104;30704;35884;39418;57868;98194;42062;76764;13182;36258
evaluation,854,97662;1202;66438;35884;97673;59964;42062;10720;7316;8196
evaluation,855,16866;63084;54190;880;56312;29152;71108;34393;62322;47896
evaluation,856,3670;33222;80866;91580;6136;98194;57868;91582;83904;42062
evaluation,857,56786;47896;34393;66438;42062;63084;20470;29410;4570;56564
evaluation,858,62322;66438;23214;97673;12110;96238;20470;1880;483;292
evaluation,859,76764;20470;78164;42062;1202;82044;14012;92788;89232;3450
evaluation,860,472;3670;76764;13182;57410;5362;78164;24616;38542;56358
evaluation,861,61208;88748;22494;632;62322;82044;39418;1422;63862;13252
evaluation,862,33222;70854;57868;29122;30870;61208;35884;62322;56786;66438
evaluation,863,22494;97662;88748;61208;76764;62322;13252;63862;56312;70854
evaluation,864,33556;32120;64522;910;2744;69562;71934;6616;7366;53476
evaluation,865,74256;88846;13994;1672;17902;3658;32584;26528;13598;3944
evaluation,866,40971;29594;2744;73418;42320;74260;81038;41564;71404;45478
evaluation,867,64750;14550;58602;12314;1022;392;1338;4946;71404;96702
evaluation,868,22128;1440;2134;17902;14350;12964;31698;5508;70854;754
evaluation,869,17770;4416;11598;69432;282;17502;47720;20360;94285;21636
evaluation,870,18018;94954;81268;28456;724;13514;35832;66106;5952;51230
evaluation,871,81268;55450;83264;56112;83194;18018;4416;584;66106;880
evaluation,872,14550;92156;74844;42076;16850;38558;17328;31216;6616;29490
evaluation,873,2062;1402;44702;38354;56460;96169;1060;30070;44450;9486
evaluation,874,23790;16080;49302;22749;1400;48140;89834;14686;120;4688
evaluation,875,13598;54258;31622;40338;10960;2868;16080;6440;14136;6850
evaluation,876,41092;33556;14992;58584;910;37602;35124;74050;27662;2654
evaluation,877,54482;16114;4688;98166;6894;57390;22128;17608;24650;59968
evaluation,878,23790;51916;96394;4688;43658;31950;7366;22816;83194;8136
evaluation,879,24690;39356;13608;21084;45638;20848;98532;46150;44166;69394
evaluation,880,1826;38326;18805;26350;12854;45206;8032;77306;1968;91988
evaluation,881,52420;34454;8712;2035;45174;10276;11308;282;65160;79524
evaluation,882,74050;1260;22749;36348;910;14770;9828;612;31950;71406
evaluation,883,98853;56460;8938;75582;5272;90522;33016;72828;49252;60400
evaluation,884,24728;30874;34628;1022;64484;97741;8032;49252;2392;81398
evaluation,885,74050;62213;612;94242;35124;14770;22749;910;9828;1260
evaluation,886,98853;56460;2492;33016;5272;51148;70630;44702;8938;41498
evaluation,887,32120;78402;65370;82920;89894;94242;52600;69562;13880;33354
evaluation,888,887;19510;76644;26156;77306;26350;34576;73268;89024;87800
evaluation,889,87388;5506;5508;80112;36592;75834;95758;31264;8838;22788
evaluation,890,340;16114;87388;10682;36592;80112;75834;98730;95758;31264
evaluation,891,57390;12166;88846;82700;18466;32020;59968;1442;39186;22128
evaluation,892,57390;12166;82700;32020;18466;88846;1442;59968;39186;14686
evaluation,893,98080;120;17956;13598;3646;1574;76996;4494;6440;2444
evaluation,894,13886;56112;19146;1002;97228;13868;2290;48392;51638;32554
evaluation,895,9762;57962;83264;87554;6824;48690;13212;6224;56028;41328
evaluation,896,98853;56460;33016;23674;44702;67068;1402;1410;8938;1060
evaluation,897,8604;6396;80744;3136;24650;77368;64626;10174;18532;78392
evaluation,898,56112;55450;81268;7426;66106;18018;880;28456;3608;4416
evaluation,899,9762;2836;15970;58602;724;64658;4946;18430;1268;43658
evaluation,900,19510;798;47098;2068;26350;50512;6078;45174;73242;91864
evaluation,901,82920;65370;32120;89894;78402;71330;52600;33354;57390;73070
evaluation,902,65370;48140;20488;33556;89894;82920;69562;54812;94242;37476
evaluation,903,59667;75986;63534;6440;49302;14171;2380;1268;41328;81050
evaluation,904,59667;22816;94954;21484;71330;50916;9762;1268;65370;8812
evaluation,905,14171;91970;13282;78392;40338;13598;38334;2868;57048;16080
evaluation,906,1672;94242;18238;44166;61464;5508;17902;2026;3662;91580
evaluation,907,1442;32020;42076;32936;51448;93546;2836;12166;2068;6824
evaluation,908,12964;74050;258;71646;17608;17956;1442;17902;57868;8336
evaluation,909,98166;6894;21162;51448;3678;71646;27572;54482;6396;26528
evaluation,910,2836;69794;18330;88670;13282;1247;23558;18680;51448;48690
evaluation,911,82700;21162;51448;71646;98166;6894;32020;27572;3678;88846
evaluation,912,39314;8524;96394;4984;64626;4494;9232;48140;87064;94954
evaluation,913,59667;77368;18330;48690;98166;4996;3678;18680;2654;6396
evaluation,914,77306;98166;3136;88670;77368;3306;6396;48690;78380;26528
evaluation,915,89024;91864;2038;16606;332;6078;88670;5280;71904;1247
evaluation,916,82328;81414;50268;14162;4114;4116;36592;16114;64522;9392
evaluation,917,4276;2038;45478;87800;20952;332;44954;85676;20848;95606
evaluation,918,887;26156;77306;34576;76644;73268;26350;76672;18430;24160
evaluation,919,78294;1146;95186;97962;19948;2744;11060;2028;44702;16606
evaluation,920,5256;29490;44954;92156;1494;11772;42556;52234;42320;5086
evaluation,921,120;98080;76996;77252;86510;5086;4100;6216;12854;50166
evaluation,922,16114;31264;80112;18238;5508;87388;340;58776;64522;5506
evaluation,923,21320;98166;82700;71646;51448;1442;6894;93546;48198;32020
evaluation,924,2706;6006;27818;7150;26528;496;54194;7410;13514;12854
evaluation,925,42762;21170;24676;17326;47098;398;85539;47018;19846;89024
evaluation,926,5730;308;18640;19510;4114;82328;798;45638;47098;9392
evaluation,927,60042;26350;798;16114;59667;24160;50268;2068;47018;73242
evaluation,928,33416;16114;26350;47098;44166;91242;47018;51916;89536;612
evaluation,929,89536;63498;9392;92286;896;56428;3000;98468;33210;65998
evaluation,930,1672;42556;45638;91970;67048;84726;392;87366;3110;20848
evaluation,931,3662;75834;90534;4594;50166;13598;8336;23632;8524;406
evaluation,932,91580;50070;87297;56162;47720;29152;97662;80866;35032;39286
evaluation,933,71934;27662;17106;40620;14686;22568;20694;59134;17608;88460
evaluation,934,69794;98166;18330;48690;48216;40552;78392;1247;18680;88670
evaluation,935,39314;764;8712;8524;87064;59134;89932;98376;18138;14014
evaluation,936,8524;3662;32584;406;63534;31216;79358;11308;93546;44702
evaluation,937,78402;1260;612;17868;910;45206;13466;71330;9828;26350
evaluation,938,6828;54812;32584;22862;93448;3166;96103;26528;8524;16420
evaluation,939,12314;97962;1022;73070;95186;59882;65160;56106;13668;20034
evaluation,940,88846;470;21162;48048;1442;74256;93546;9828;39314;6894
evaluation,941,95606;88788;44954;85676;14812;87336;10122;406;3140;45478
evaluation,942,398;46232;340;96150;4276;53592;3662;89024;3434;41078
evaluation,943,3670;33222;56786;6136;91582;36258;46104;71108;33270;13182
evaluation,944,84324;78164;17770;39418;57868;82044;6354;25144;12423;13282
evaluation,945,69794;51448;23558;48690;88670;57962;22816;27572;48216;6224
evaluation,946,40971;29594;71404;28916;73418;2744;41450;82994;45478;74260
evaluation,947,16420;702;30826;22862;80952;6828;89834;40338;44450;406
evaluation,948,98853;56460;33016;23674;44702;944;57048;75986;2380;10960
evaluation,949,29154;2492;41498;51148;27042;3894;56460;44702;2035;4426
evaluation,950,89932;39418;94748;98376;632;7426;41830;13252;10646;56312
evaluation,951,91970;65998;7630;80866;17902;4044;14350;6616;1440;20774
evaluation,952,398;340;5280;4276;96150;12423;89024;1900;46232;79320
evaluation,953,88130;92286;99838;54282;43600;65998;84340;896;258;9616
evaluation,954,72932;90534;1234;99796;86574;8524;20034;9890;2028;57182
evaluation,955,30904;26312;35032;33210;79358;1308;28352;29410;84324;50070
evaluation,956,6136;33270;98194;56786;13182;46748;3670;91582;472;71108
evaluation,957,49986;90410;97806;2398;98210;6824;97259;1422;21420;20470
evaluation,958,76628;41092;39760;71934;8136;65160;13668;14114;33556;4166
evaluation,959,20830;93448;26528;24690;2706;39356;10392;7922;5988;13608
evaluation,960,82920;65370;17868;21484;73070;52600;89894;32120;94242;71330
evaluation,961,1382;1400;35124;98166;4688;31850;36888;14992;3042;6894
evaluation,962,98853;56460;5272;2492;1060;90522;41498;10855;72828;71330
evaluation,963,2035;52420;75582;17770;41498;72940;18330;26298;34454;51148
evaluation,964,44954;32120;5086;89536;2038;20034;50512;71330;73070;85676
evaluation,965,26810;74256;91970;52030;96169;1362;30070;22650;96238;1398
evaluation,966,38558;97741;29594;19948;23713;30826;41014;6716;85654;66044
evaluation,967,1672;77238;74256;85654;13212;3110;13598;26528;3944;88846
evaluation,968,64750;96702;14550;58602;1022;58060;44954;42556;12314;29594
evaluation,969,7366;38501;17868;16080;45178;1410;12;4664;1162;70630
evaluation,970,75986;12318;16080;5760;64102;25296;38326;33016;1494;7920
evaluation,971,67048;11758;16850;83412;10276;7696;77464;79524;30874;3668
evaluation,972,10682;36592;4044;80112;994;5506;10894;5508;72119;340
evaluation,973,91864;95606;81038;19510;29722;22912;4264;64522;89024;4300
evaluation,974,87800;2038;332;33354;20848;95606;44954;5280;20952;45478
evaluation,975,896;88130;65998;54282;84340;92286;99838;9616;57566;65646
evaluation,976,45206;4276;5642;96150;4946;58602;46232;10887;1366;442
evaluation,977,79807;57182;88788;86577;87336;35402;89024;95606;406;87800
evaluation,978,72940;120;98080;15363;57566;2080;86510;2092;77252;12
evaluation,979,887;73268;798;76644;76672;16114;26350;64522;26156;18430
evaluation,980,48752;8524;38016;724;67710;90534;3662;94242;4276;57390
evaluation,981,5362;38542;56358;13868;84324;39286;65281;23214;6594;97673
evaluation,982,2290;292;8196;9108;1736;7918;28352;13868;8812;3754
evaluation,983,584;56112;880;81268;83194;29874;3608;21420;52452;83264
evaluation,984,98194;57410;472;83904;46748;71108;13182;33838;36258;33270
evaluation,985,87297;632;56162;10720;47720;12964;1422;13252;98210;4494
evaluation,986,42062;97228;3608;584;56428;29874;7696;77426;25168;81768
evaluation,987,94748;89232;76764;97662;98376;10646;98210;10720;39418;78164
evaluation,988,89894;32120;65370;78402;33354;13880;57390;82920;14992;5988
evaluation,989,18330;69794;98166;48216;48690;78392;1247;2836;18680;88670
evaluation,990,39314;31950;26156;724;19584;87064;37602;8712;24650;2380
evaluation,991,14992;65160;78928;96854;54194;31850;88460;22568;7410;7150
evaluation,992,69794;23558;51448;22816;57962;6224;27572;11960;48216;1247
evaluation,993,82700;57390;88846;32020;21320;12166;59968;1442;17608;21162
evaluation,994,89932;98376;98210;10646;632;46752;41830;94748;22494;98194
evaluation,995,9828;2706;26528;41328;22816;496;9762;93546;88846;35124
evaluation,996,96150;10887;45206;58602;4946;46232;53592;4276;1366;5642
evaluation,997,13342;1736;3956;4984;26198;9118;13282;4218;97259;582
evaluation,998,11874;28900;26780;91580;2188;99564;51230;86654;79358;98937
evaluation,999,51448;21162;98166;41010;1442;32020;27572;71646;93546;6894
evaluation,1000,54482;17608;4688;20666;98166;8604;35124;14992;1382;24650
evaluation,1001,96238;90410;17956;8182;56028;20152;3646;57962;74256;29722
evaluation,1002,27662;98166;7150;30758;54482;20666;48690;21320;18330;19274
evaluation,1003,30652;2188;14014;97228;13868;7696;13886;29874;36280;37800
evaluation,1004,91582;472;33838;15282;65562;5362;17458;54190;56358;8280
evaluation,1005,74256;96238;26810;99796;30070;91970;22650;96169;1402;16420
evaluation,1006,69562;49396;84340;12;896;52600;49302;1046;96854;57566
evaluation,1007,63862;45178;1162;37248;31368;57410;98924;80286;41394;65646
evaluation,1008,24650;21888;9602;22128;64626;95384;1382;10708;14114;13342
evaluation,1009,82700;54482;12166;17608;26104;24650;4796;4688;88846;32020
evaluation,1010,51448;69794;23558;22816;21162;29788;256;90476;29582;7922
evaluation,1011,85706;77426;483;40338;90410;584;38334;4494;80866;27850
evaluation,1012,2035;49202;2492;5272;51148;72828;49252;41498;41528;26298
evaluation,1013,19948;7696;17328;24728;6794;30874;30186;33416;73124;2392
evaluation,1014,91864;19510;3944;42762;47098;85676;89024;95606;81038;798
evaluation,1015,91580;39286;87297;99564;50070;47720;28900;21694;90410;40568
evaluation,1016,1260;16114;26350;64522;15970;26104;41770;78402;14770;33416
evaluation,1017,13886;56112;81268;13868;83194;19146;55450;2290;584;52452
evaluation,1018,91582;472;46104;39618;20360;3670;56564;92788;31132;65562
evaluation,1019,87297;99564;90410;56162;47720;27850;94954;91580;21694;4494
evaluation,1020,69794;78392;48216;1247;48690;18330;19280;98166;3136;88670
evaluation,1021,71330;5086;28190;65370;52600;82920;27818;49396;49302;21484
evaluation,1022,612;34628;41092;36348;74050;24728;522;2392;944;23674
evaluation,1023,71404;73418;37938;82994;1672;42320;75834;80112;36592;22788
evaluation,1024,74256;26810;96238;99796;30070;22650;96169;1402;16420;91970
evaluation,1025,71330;28190;27818;5086;82920;26528;52600;40062;1400;65370
evaluation,1026,65370;10122;2744;33556;41034;48140;54258;77238;85676;42556
evaluation,1027,91582;472;33838;15282;31132;56358;20360;56786;13182;46104
evaluation,1028,22862;52030;10798;3944;74256;29722;32584;11758;214;6828
evaluation,1029,40971;2744;19948;45174;41564;29594;52420;3864;79524;55432
evaluation,1030,22823;1094;9486;74192;21547;12224;1410;1402;75986;1386
evaluation,1031,2654;77368;724;65160;8604;28594;31950;7150;3536;13514
evaluation,1032,8006;87388;342;8502;84726;73418;98730;57182;1672;45638
evaluation,1033,702;60;798;73124;86574;46046;19948;40338;54404;93448
evaluation,1034,1672;91970;1398;67048;1362;44166;58776;3864;3110;72119
evaluation,1035,31216;40971;24728;9828;2392;4944;6778;35722;96702;1494
evaluation,1036,99564;21694;86654;28352;39286;80866;91580;90410;50070;11874
evaluation,1037,57048;10960;76628;54258;1618;13598;27662;1080;1880;23214
evaluation,1038,59667;2234;588;1162;1080;2706;1268;54194;2068;7410
evaluation,1039,4090;32020;27572;1442;51448;93546;98166;71646;41010;21162
evaluation,1040,7150;6006;54194;27818;22568;496;28190;26528;13514;2706
evaluation,1041,33556;2026;65370;74050;20488;36348;13880;89894;94242;724
evaluation,1042,58584;41092;25296;76628;56106;33556;88460;41010;46142;71934
evaluation,1043,724;35832;31950;18532;83264;14114;46142;28594;8828;81268
evaluation,1044,10174;77306;98166;87064;44930;26528;82060;10016;26104;11308
evaluation,1045,3956;95384;50070;87297;39356;17458;39286;13342;21888;24650
evaluation,1046,3956;1736;13342;26198;20488;90438;1434;97259;18330;582
evaluation,1047,98166;27572;54482;1442;51448;32020;21162;71646;3678;69794
evaluation,1048,98853;56460;33016;5272;8938;44702;60400;1060;70630;1410
evaluation,1049,18640;87388;18238;1826;8006;4946;73418;1234;70210;30028
evaluation,1050,91864;18430;54812;95606;1338;19510;21084;22912;21370;77238
evaluation,1051,79807;95606;44954;38536;57182;89024;87336;35402;87800;60042
evaluation,1052,72940;120;98080;15363;57566;2080;86510;50040;2092;94242
evaluation,1053,24690;35054;13608;10174;13342;1706;44166;45638;77579;46150
evaluation,1054,13886;27076;584;880;38168;7316;6886;48392;14012;19146
evaluation,1055,880;3608;97228;29874;7426;7316;584;56112;13886;22284
evaluation,1056,98853;56460;33016;8938;5272;2492;60400;1060;30070;70630
evaluation,1057,5484;4664;1494;5256;3108;5086;96702;71404;86510;41450
evaluation,1058,64522;43658;20152;18330;406;1094;84340;26528;42076;77252
evaluation,1059,5086;4664;9440;4100;3108;7920;5484;1494;84726;66438
evaluation,1060,74256;1366;12290;3662;90534;96169;17824;99796;26810;31264
evaluation,1061,38558;97741;23558;19948;21448;35032;8760;59882;13466;584
evaluation,1062,75986;74194;12318;71718;96169;8914;87336;30070;66044;29154
evaluation,1063,65370;32120;89894;82920;78402;52600;57390;33354;14686;13880
evaluation,1064,88130;54282;99838;96702;43600;87064;588;49302;48690;41010
evaluation,1065,38248;17824;12290;9890;58370;17326;58776;1366;59750;18238
evaluation,1066,124;24760;77252;39186;15363;38784;104;2080;256;17902
evaluation,1067,5508;4044;340;8838;87388;80112;5506;36592;11996;95758
evaluation,1068,17502;282;17770;21636;20488;16208;26198;19584;11598;6132
evaluation,1069,880;29874;9108;33838;22284;36280;77426;584;38168;1215
evaluation,1070,880;29874;3608;584;7316;27076;16208;51638;77426;30652
evaluation,1071,99564;30904;50070;28352;11874;2234;26780;91580;86654;79358
evaluation,1072,98166;51448;27572;32020;1442;71646;54482;42076;21162;93546
evaluation,1073,7150;13514;2026;96854;7410;27662;496;20694;22568;20488
evaluation,1074,13514;22568;20694;7150;2026;14686;496;6006;1268;7410
evaluation,1075,76996;4100;5484;7920;98080;5086;5234;41450;78928;86510
evaluation,1076,5484;6828;32584;4100;54812;1494;3658;76672;4664;26528
evaluation,1077,26810;3864;68994;96169;4944;9486;41528;45412;51792;64102
evaluation,1078,18640;86026;38016;5642;1826;90534;98924;58602;87388;37248
evaluation,1079,99564;50070;39286;80866;30904;11874;21694;7575;28352;86654
evaluation,1080,3956;13342;87297;17458;97806;1736;95384;97259;10586;47720
evaluation,1081,844;17868;33016;1044;11772;71330;1260;622;98853;87554
evaluation,1082,44954;85676;95606;38536;20848;72932;50512;73070;5086;14812
evaluation,1083,49252;2035;12844;944;60400;4944;74540;51792;90522;54404
evaluation,1084,26810;91970;96238;9890;68994;3864;74256;67048;22650;74192
evaluation,1085,23713;38558;45412;3894;85654;35032;8760;19948;54524;73124
evaluation,1086,40440;14550;16850;97962;64658;81268;95318;47278;51916;724
evaluation,1087,38501;7366;2392;12318;75986;22788;48140;45412;16420;10798
evaluation,1088,87800;95606;2038;44954;33354;1366;85676;19510;45478;20952
evaluation,1089,96150;4276;45206;58602;442;1366;46232;31264;4946;35054
evaluation,1090,67048;23632;41564;99796;702;20774;1644;91970;16830;9890
evaluation,1091,74256;87336;89024;214;42762;6660;33540;96169;91970;73242
evaluation,1092,36862;38248;70210;68166;18640;9890;38632;5760;48752;86026
evaluation,1093,87800;44954;85676;95606;1366;19510;2038;45478;81038;38536
evaluation,1094,38248;9890;17326;16622;45174;12290;4264;17824;1366;58776
evaluation,1095,332;87336;20848;57182;81038;86577;89024;2564;44954;88788
evaluation,1096,31264;98730;22788;80112;10682;71404;87388;72932;12224;18238
evaluation,1097,27850;99564;30904;28352;11874;79358;26780;39286;50070;80866
evaluation,1098,18018;66106;35832;78928;28456;31850;55450;81268;83264;56112
evaluation,1099,21694;4416;69432;47896;99564;35032;59964;90410;39286;34393
evaluation,1100,65370;82920;52600;89894;94242;32120;48140;49396;71934;87554
evaluation,1101,67336;65160;71934;40620;76628;14992;40806;1382;59134;46142
evaluation,1102,72940;73070;29788;12;896;9948;16836;21484;11772;5086
evaluation,1103,84726;4100;41014;77252;16114;13212;24690;44166;49302;92758
evaluation,1104,92286;6216;48690;2706;31042;2080;52526;89834;23790;48660
evaluation,1105,342;6078;66044;798;47278;89220;23790;19948;1826;5086
evaluation,1106,89932;23890;1736;77579;97259;46752;1788;3668;9108;92786
evaluation,1107,19846;21170;59630;15924;10636;41602;23718;30148;14162;36280
evaluation,1108,4688;3042;53592;65646;31950;16114;97806;60042;28456;44544
evaluation,1109,332;12423;1046;85539;6216;34464;22862;340;3944;83194
evaluation,1110,41092;58584;33556;76628;910;36348;20694;74050;13668;46142
evaluation,1111,18640;1826;76818;5642;87366;50268;17278;8032;35832;60042
evaluation,1112,45206;4276;96150;442;1366;46232;58602;58718;4946;53592
evaluation,1113,52220;87366;24690;1046;64754;54418;57566;38558;48664;15363
evaluation,1114,10122;3140;2035;2868;54404;4944;12844;49252;7630;12318
evaluation,1115,19948;7696;17328;6794;24728;30874;33416;73124;2392;30186
evaluation,1116,28456;81268;71330;83194;3956;35832;97259;97806;55450;4416
evaluation,1117,26780;50070;28352;36258;86654;11874;2920;38542;30904;83904
evaluation,1118,18330;78392;2836;98166;18680;48690;19510;2068;69794;77306
evaluation,1119,8604;17956;6396;80744;10174;24650;9762;18532;64626;78392
evaluation,1120,16850;17956;53237;51916;64658;6778;724;91242;19948;47278
evaluation,1121,7366;16080;12;38501;1410;22788;17868;4664;27150;5760
evaluation,1122,86870;844;75086;1410;33016;22492;75986;89834;612;42320
evaluation,1123,81038;18430;29722;20830;1494;45174;85676;19510;3944;22912
evaluation,1124,89024;887;77306;76644;34576;53592;340;64522;20848;57182
evaluation,1125,87388;31264;11996;10682;18238;5506;36592;8838;10894;5508
evaluation,1126,79807;88788;87336;57182;89024;24728;86577;12224;6078;38536
evaluation,1127,77252;98080;86510;76996;104;64522;15363;9828;50166;2080
evaluation,1128,81268;3956;35832;55450;28456;4416;724;56112;87366;71330
evaluation,1129,2706;27818;6006;32120;54194;7150;496;7410;13514;26528
evaluation,1130,98080;120;14136;84726;2444;13598;57784;9762;17956;4494
evaluation,1131,71330;28190;27818;82920;52600;49396;65370;5086;26528;37476
evaluation,1132,1060;5272;8938;1410;23674;9908;70630;56460;41498;51148
evaluation,1133,44954;85676;14812;50512;38536;73070;45478;95606;20848;53592
evaluation,1134,38248;26810;41602;64102;54404;96169;9890;968;11328;22650
evaluation,1135,34628;26810;49252;29716;44702;944;12844;72828;71718;44450
evaluation,1136,4264;4300;1046;16850;97741;58370;3110;38398;67710;92156
evaluation,1137,44930;41014;15970;10016;77306;24650;73268;91242;1260;21084
evaluation,1138,1672;37938;44166;45638;71404;20848;87366;32936;73418;42556
evaluation,1139,74256;26810;96238;30070;91970;1402;96169;2062;1826;86026
evaluation,1140,71404;73418;82994;37938;1672;80112;75834;52234;56582;42320
evaluation,1141,99796;392;67048;57390;54282;48752;3110;64754;26156;19510
evaluation,1142,84726;4100;41014;77252;44166;15970;16114;73124;49302;26350
evaluation,1143,84340;896;52030;57566;22823;75986;49396;72940;69562;29788
evaluation,1144,2222;72932;1900;10682;10894;35054;38016;80112;17326;36592
evaluation,1145,56112;81268;55450;584;29874;18018;13886;83194;22284;66106
evaluation,1146,79358;33416;50070;99564;4984;19584;12292;8812;66106;49986
evaluation,1147,46752;10276;2920;23214;1788;92786;17458;3668;81768;83412
evaluation,1148,11874;26780;23214;28594;50070;28352;81768;67336;99564;41034
evaluation,1149,3646;94242;910;27386;2706;35124;74050;48140;1400;37602
evaluation,1150,1442;32020;93546;57962;8604;88460;51448;98166;17608;27572
evaluation,1151,39314;8712;64626;31379;9602;8524;54482;87064;2836;9762
evaluation,1152,6224;78380;48690;26104;41010;93546;3136;13212;98166;87064
evaluation,1153,87554;39760;48140;724;56106;73070;49302;53237;41162;14114
evaluation,1154,4664;1494;5086;5256;3108;5484;54404;66044;71404;16420
evaluation,1155,67048;1338;3658;392;54812;94242;75986;32584;42556;48140
evaluation,1156,26810;74256;91970;96169;86026;67048;3110;68994;30070;33540
evaluation,1157,52420;64522;32120;42076;88846;65160;13514;12;70954;37476
evaluation,1158,17458;10586;46104;78164;89536;8062;90476;97806;97259;3670
evaluation,1159,98210;98376;46752;632;13182;1422;10646;83412;7575;89932
evaluation,1160,78164;76764;13182;84324;22494;5362;90476;46104;97662;88748
evaluation,1161,99796;67048;392;86026;26810;22650;7630;44024;68994;1398
evaluation,1162,97806;97259;584;98937;20470;36040;26198;31618;32584;79524
evaluation,1163,39314;8712;14014;18138;36280;46302;8524;96394;28594;89932
evaluation,1164,13212;3110;9762;6224;41010;48690;6824;3136;48216;30758
evaluation,1165,1060;98853;5272;8938;56460;23674;1410;9908;70630;33016
evaluation,1166,38248;5760;9890;11328;41602;54404;10636;64102;4426;96169
evaluation,1167,34628;44702;26810;4426;44450;49252;944;30070;19948;22940
evaluation,1168,4416;17770;20488;282;69432;21694;94285;20360;37476;56162
evaluation,1169,97806;97259;27850;1422;49986;13252;20470;4494;8336;46104
evaluation,1170,58584;25296;41092;69394;76628;33556;46142;13668;39760;13958
evaluation,1171,65160;14992;36545;9762;22816;910;1382;7150;57962;13668
evaluation,1172,41092;33556;58584;76628;522;74050;910;25296;13958;69394
evaluation,1173,6824;6224;3136;3306;9762;48690;13212;57962;48216;23558
evaluation,1174,82700;21320;88846;1442;17608;98166;93546;12166;48198;71646
evaluation,1175,17770;4416;20488;37476;282;65370;69562;21636;18330;94285
evaluation,1176,24650;40062;3306;13582;9602;8604;77368;20666;10174;31379
evaluation,1177,96394;62213;36348;3646;522;14770;4116;88130;47098;36545
evaluation,1178,71330;27818;28190;5086;22749;69562;65370;4100;1260;82920
evaluation,1179,98853;33016;56460;60400;8938;26298;5272;11772;49202;41528
evaluation,1180,54404;95318;702;80850;44450;49252;72828;44702;12318;2035
evaluation,1181,1094;13726;11308;57962;1247;39624;17956;36888;8712;29722
evaluation,1182,1672;26528;6778;3864;88846;42076;536;9828;12854;13514
evaluation,1183,52420;10122;49252;1146;3140;40971;2868;1400;702;29594
evaluation,1184,340;16114;10682;98730;31264;36592;34372;3434;75834;80112
evaluation,1185,39286;50070;26780;11874;28352;21694;28900;30904;41034;18018
evaluation,1186,88748;31132;78164;22494;92788;7696;472;76764;3450;13182
evaluation,1187,31850;16850;31950;40310;33416;64658;17608;47278;51916;97962
evaluation,1188,83264;81268;584;13868;880;11108;97673;56112;2900;18018
evaluation,1189,39418;22494;42062;78164;97662;48048;88748;7426;59964;63862
evaluation,1190,13598;22494;62322;23214;20470;3450;92786;1788;13994;38334
evaluation,1191,41092;33556;74050;13958;910;58584;48198;13668;69394;522
evaluation,1192,83194;35884;9762;85706;26104;8812;3110;17956;39760;23558
evaluation,1193,2706;7150;496;6006;13514;22568;54194;7410;26528;27818
evaluation,1194,14136;17956;98080;2444;84726;120;57784;4688;97741;13598
evaluation,1195,20694;3646;94242;22568;1400;27386;14686;7410;7150;48140
evaluation,1196,78392;98166;20666;48690;18330;2836;1247;2380;6224;30758
evaluation,1197,496;13514;26528;7150;54194;6778;27818;6006;35124;28190
evaluation,1198,32120;94242;41162;1046;96103;57390;6778;13282;53476;65370
evaluation,1199,89834;26350;1366;1260;50512;52600;392;58602;2234;85654
evaluation,1200,98376;89932;632;94748;10646;39418;98210;18138;10720;62322
evaluation,1201,17048;46104;98194;584;1422;1766;20470;10586;70854;21286
evaluation,1202,46752;23890;10276;79358;1788;83412;33838;3668;25170;13726
evaluation,1203,98210;98376;10646;632;13182;46752;89932;83412;7575;97259
evaluation,1204,13514;20694;7150;496;2026;96854;7410;22568;6778;6006
evaluation,1205,79807;89024;87336;95606;57182;44954;88788;887;38536;86577
evaluation,1206,7575;85706;98210;26104;4688;13282;1080;2398;17458;18466
evaluation,1207,10586;22494;88748;78164;21888;82649;97259;92788;76764;89536
evaluation,1208,98194;33838;33270;13182;98937;31132;14014;65562;36258;1788
evaluation,1209,17770;7918;9464;6648;282;6594;21636;12964;6132;8190
evaluation,1210,5086;71330;94242;22749;910;49396;52600;1260;28190;14770
evaluation,1211,74256;52030;26810;214;91970;2868;30070;8006;74192;3110
evaluation,1212,52234;40971;95318;73418;41060;71404;30186;53237;64484;97962
evaluation,1213,89932;98376;98210;94748;632;7426;10646;13252;63084;10720
evaluation,1214,28900;91580;21694;40568;99564;39286;30904;50070;90410;71495
evaluation,1215,3668;79524;11532;16866;17458;13386;11698;18138;77464;6178
evaluation,1216,41092;58584;33556;76628;910;13958;20694;35124;48198;46142
evaluation,1217,1044;12;87366;69562;49396;1644;41528;8828;72940;52526
evaluation,1218,41602;9890;38248;11328;26810;22650;21170;17326;19846;45174
evaluation,1219,44450;11436;44702;29154;4426;41498;11328;74194;23713;51148
evaluation,1220,79807;19510;89024;88788;332;38536;42762;2038;87336;86577
evaluation,1221,83412;25168;69582;30870;39418;33270;13182;66438;56358;37800
evaluation,1222,21420;3608;36280;22284;29874;30652;7316;34464;880;584
evaluation,1223,41092;17608;910;1442;33556;14992;27572;37602;93546;51448
evaluation,1224,4688;28456;4796;3042;57962;87554;2396;31850;55450;78928
evaluation,1225,13608;54258;46150;39356;1644;87554;12854;33416;20830;24690
evaluation,1226,89220;6078;6794;42762;24160;8032;18238;64626;6660;91242
evaluation,1227,4946;96150;58602;45206;4276;53592;46232;50512;5642;48752
evaluation,1228,16850;60042;10016;73268;15970;47278;798;50512;16830;44930
evaluation,1229,994;80112;18238;1348;12224;36592;75834;91864;71404;1366
evaluation,1230,874;47098;58370;14454;88788;85676;47018;104;65160;50280
evaluation,1231,75582;72940;51792;26298;29028;12;2092;9948;90522;41528
evaluation,1232,89932;94748;98376;98210;632;7426;10646;13252;41830;63084
evaluation,1233,3668;79524;11532;17458;14014;11698;77464;16866;8330;18138
evaluation,1234,22494;20470;23214;80866;17328;13598;92788;39398;92786;23632
evaluation,1235,87297;56162;90410;47720;22494;21694;39286;62322;4494;83904
evaluation,1236,65160;1382;76628;71934;27662;67336;14992;88460;6778;39760
evaluation,1237,41092;58584;33556;910;69394;37602;74050;35124;80744;522
evaluation,1238,39314;8712;87064;46302;14014;18138;36280;8524;17956;98376
evaluation,1239,4264;4300;70954;58370;97741;16850;3110;54418;17326;9890
evaluation,1240,64750;29594;11328;79320;19948;41498;44954;2492;4426;23713
evaluation,1241,37800;79524;11698;18138;10276;4570;31864;17458;2188;1788
evaluation,1242,97662;76764;78164;88748;22494;92788;89232;71108;2280;56786
evaluation,1243,36888;96854;78928;31850;13726;14992;16080;120;17956;94242
evaluation,1244,887;73268;798;76644;76672;16114;64522;26156;26350;91242
evaluation,1245,64522;19510;26350;91110;41602;16114;798;20848;92758;30186
evaluation,1246,71330;52600;5086;82920;28190;65370;49396;1400;27818;49302
evaluation,1247,99796;67048;91970;392;74256;26810;90534;96169;11996;38016
evaluation,1248,95318;24728;52234;41564;1234;38558;97962;3894;40971;2492
evaluation,1249,33838;83904;56358;31132;13182;472;98194;57410;33270;91582
evaluation,1250,13182;98194;57868;57410;33222;56358;84324;6136;46104;98210
evaluation,1251,72940;120;98080;57566;12;2080;9948;15363;2092;86510
evaluation,1252,3662;1366;17824;31264;12290;74256;58776;398;442;46232
evaluation,1253,120;98080;29154;6440;41328;78928;788;11996;10122;1790
evaluation,1254,472;30704;81768;23214;2188;23890;13182;76764;80286;57410
evaluation,1255,81268;56112;83194;55450;83264;18018;584;52452;34464;28456
evaluation,1256,57410;13182;10276;31132;21886;15282;36258;25170;1224;472
evaluation,1257,13182;23890;2290;83412;23214;9108;1308;21886;73290;292
evaluation,1258,99564;30904;39286;80866;7575;50070;86654;79358;28352;91580
evaluation,1259,41092;58584;33556;910;76628;46142;1386;74050;21320;13958
evaluation,1260,80744;6396;10174;17956;8604;78392;3678;3136;24650;9762
evaluation,1261,88748;76764;78164;5362;63862;84324;3670;82044;22494;472
evaluation,1262,2068;90534;75834;4594;19510;74256;8032;86026;67048;17824
evaluation,1263,26810;3864;22650;9486;96169;86026;1348;5760;442;74256
evaluation,1264,71330;5086;65370;82920;52600;28190;49302;73070;49396;21484
evaluation,1265,2290;65393;16208;8190;6648;17502;42678;1736;6886;9464
evaluation,1266,99564;91580;39286;28900;26312;90410;79358;2234;29152;63084
evaluation,1267,9464;25168;13868;6886;57868;56428;33210;2900;3754;46748
evaluation,1268,87554;31264;30904;0;50268;41034;80866;97962;25168;46232
evaluation,1269,6006;27818;7150;54194;496;28190;13514;7410;26528;22568
evaluation,1270,65370;82920;32120;89894;78402;33354;52600;57390;69562;94242
evaluation,1271,496;6006;22568;2706;7150;13514;27818;20694;28190;54194
evaluation,1272,24650;6396;10174;64626;8604;20666;17956;95384;21888;17608
evaluation,1273,13958;41092;33556;13712;20152;45178;21370;18330;46142;14114
evaluation,1274,71330;5086;28190;27818;89834;22749;30070;1400;74256;20830
evaluation,1275,21084;69394;4946;10016;3944;50512;76672;46232;26156;4276
evaluation,1276,71330;27818;28190;5086;48140;65370;94242;52600;910;49396
evaluation,1277,73268;1200;29490;76672;76644;798;37938;18430;52234;44166
evaluation,1278,54404;93854;944;49252;6794;22940;1398;50040;72828;1362
evaluation,1279,3944;91864;1494;29722;81038;22912;38501;11308;46302;19510
evaluation,1280,99564;30904;50070;91580;39286;26780;28352;11874;28900;71495
evaluation,1281,11874;99564;30904;91580;28352;80866;81038;12224;26780;40568
evaluation,1282,83412;14014;1308;11698;13182;17458;15282;36258;472;33838
evaluation,1283,56112;81268;66106;35832;58060;83264;18018;55450;724;4100
evaluation,1284,1434;582;11108;8190;13868;69432;2290;9118;9464;6648
evaluation,1285,44544;41564;8182;70200;87336;292;31816;23214;13598;92786
evaluation,1286,78392;19280;1247;20666;98166;18330;57048;26858;69794;18680
evaluation,1287,32020;1442;27572;93546;51448;71646;42076;4090;98166;19274
evaluation,1288,78392;19280;1247;18330;20666;57048;18680;98166;26858;69794
evaluation,1289,2836;82649;31379;41770;22128;10174;77306;20666;26350;4688
evaluation,1290,29490;42320;44954;37938;71404;73418;19948;52234;42556;76644
evaluation,1291,96150;58602;53592;45206;4946;46232;50512;9762;4276;58718
evaluation,1292,4264;58776;4300;5506;17326;15924;19846;1366;41602;16622
evaluation,1293,41092;82700;88846;21162;21320;1442;20666;74050;13958;17956
evaluation,1294,6224;6828;41528;39624;54812;3944;29722;3108;88670;32584
evaluation,1295,13466;33416;73124;45412;7696;19948;2392;93854;29594;29490
evaluation,1296,10276;46752;3668;83412;1788;23890;17458;79358;23214;11698
evaluation,1297,22494;88748;76764;89232;92788;97662;56786;39418;62902;6136
evaluation,1298,65370;89894;82920;32120;78402;52600;48140;33354;33556;57390
evaluation,1299,24650;95384;8604;3306;9602;13582;64626;54194;10708;40062
evaluation,1300,41092;58584;33556;910;69394;74050;37602;14992;76628;522
evaluation,1301,8604;54482;64626;4688;18532;20666;82060;2836;31379;14992
evaluation,1302,38248;9890;12290;17326;702;17824;59750;58776;53472;58370
evaluation,1303,32584;11758;5484;4664;5086;4100;54812;6828;9440;3108
evaluation,1304,3110;91864;22912;64522;11308;13212;16114;68166;27386;81038
evaluation,1305,28352;86654;52452;56582;30904;35032;13868;98194;78164;98210
evaluation,1306,89894;65370;32120;82920;78402;52600;94242;22568;33556;14686
evaluation,1307,97662;39418;88748;8196;94748;89232;56786;24616;42062;3450
evaluation,1308,76764;98194;97662;12686;22494;90476;63084;18138;13386;33270
evaluation,1309,74256;26810;96238;30070;96169;22650;1402;99796;91970;9486
evaluation,1310,36348;31850;910;74050;14770;35124;94242;37476;7150;522
evaluation,1311,65370;82920;89894;32120;78402;48140;33556;94242;13880;54812
evaluation,1312,84324;97662;78164;88748;76764;98194;472;22494;90476;56358
evaluation,1313,52420;2035;29594;14550;34454;7366;10855;17328;22568;12
evaluation,1314,38558;45412;2392;1200;19948;73124;23713;29594;93854;54404
evaluation,1315,4264;4300;38248;16606;1046;29594;97741;58370;16850;16420
evaluation,1316,29594;40971;9440;38558;97962;52420;8914;11328;73418;98080
evaluation,1317,56168;15363;92934;81414;46252;81050;124;5258;5234;93018
evaluation,1318,71330;28190;27818;5086;82920;52600;65370;21484;1400;49396
evaluation,1319,86026;20774;91970;77306;2868;86870;41564;99796;80850;31698
evaluation,1320,17458;97259;97806;1736;30870;3956;17048;1184;18138;1788
evaluation,1321,97259;17458;97806;1736;3956;30870;54190;18138;1184;1788
evaluation,1322,32584;54812;6828;3944;74256;22862;29722;76672;78380;96169
evaluation,1323,65370;82920;89894;32120;78402;33556;48140;13880;54812;33354
evaluation,1324,3646;27386;94242;22749;910;74050;48140;35124;1400;76628
evaluation,1325,90476;78164;89232;97662;76764;22494;3450;41830;62902;1202
evaluation,1326,26156;10174;54194;82920;77306;1386;10016;2706;71330;16850
evaluation,1327,98532;52220;24690;56582;77579;46150;31264;62124;10392;1224
evaluation,1328,87297;3956;13342;47720;65393;10586;95384;94954;622;15282
evaluation,1329,6824;1386;3136;3306;32584;57784;35884;4996;40620;19274
evaluation,1330,97259;4494;70854;97806;1422;35884;90410;20470;98210;23430
evaluation,1331,26156;45638;64522;26350;16114;18430;28190;77306;15970;27818
evaluation,1332,1736;9118;2290;27076;1002;6886;13868;1434;9464;582
evaluation,1333,24650;40062;13582;1215;9602;3306;54194;9762;496;77368
evaluation,1334,41092;33556;910;13958;522;74050;45178;58584;612;69394
evaluation,1335,472;78164;76764;84324;56358;22494;30704;2280;15282;98194
evaluation,1336,82328;45638;26350;19510;11996;64522;73242;398;340;9616
evaluation,1337,71934;35124;27662;4166;17106;14992;76628;41010;77368;40620
evaluation,1338,11874;30904;26780;50070;80866;99564;39286;79358;91580;28352
evaluation,1339,78164;88748;22494;97662;76764;94285;63862;632;13252;90476
evaluation,1340,64626;54482;8604;2836;77368;4688;18532;24650;31379;26156
evaluation,1341,1060;13466;5272;10960;70630;1410;98853;9908;33416;844
evaluation,1342,6824;3306;3136;35884;20152;27572;88846;88670;32020;57962
evaluation,1343,91864;47098;54418;16114;19510;798;21170;42762;30148;47018
evaluation,1344,97259;17458;97806;1736;30870;3956;17048;54190;1788;18138
evaluation,1345,83904;5362;13182;57410;33838;33270;98194;36258;48048;472
evaluation,1346,5256;4664;74844;5086;1494;5484;4100;3108;71404;98997
evaluation,1347,71330;28190;69562;27818;5086;82920;52600;40062;49396;65370
evaluation,1348,32584;5484;4100;6828;11758;4664;1494;3658;9440;5086
evaluation,1349,5256;3108;5086;392;5484;74844;58060;4664;14550;4100
evaluation,1350,91864;1046;19510;42762;47098;3894;54418;24676;874;27386
evaluation,1351,87388;82328;17326;18238;50916;11996;36592;95758;75834;8838
evaluation,1352,10276;14014;46752;3668;83412;46104;1788;17458;17048;23214
evaluation,1353,91582;31132;15282;33838;30870;472;36258;98937;66438;9108
evaluation,1354,1442;27572;98166;32020;51448;4090;93546;54482;71646;21162
evaluation,1355,33556;36348;41092;13958;69394;522;74050;22749;724;2026
evaluation,1356,90476;78164;98194;22494;97662;42062;39418;34393;94748;83904
evaluation,1357,87388;11996;406;18640;1826;11028;5760;8838;5642;10122
evaluation,1358,91582;56358;33838;15282;5362;5202;472;30704;36258;98194
evaluation,1359,73124;11698;15970;33416;1260;8712;13726;36258;85654;10708
evaluation,1360,83412;5202;98210;15282;89932;13182;79524;46752;65562;56312
evaluation,1361,6006;22568;2706;7150;27818;20694;496;13514;28190;7410
evaluation,1362,56460;1060;98853;33016;23674;70630;5272;8938;22492;74194
evaluation,1363,11598;26312;38334;40568;99564;39286;20830;30870;28594;29122
evaluation,1364,78164;90476;94748;41830;22494;98194;97662;56786;56564;39418
evaluation,1365,77464;11698;37800;65281;1184;81768;3668;39618;13886;16866
evaluation,1366,78294;1146;41162;47278;57566;52220;80952;1494;95186;79320
evaluation,1367,89932;98376;94748;76764;632;41830;7426;13252;10720;98210
evaluation,1368,31264;75834;95758;340;80112;1826;36592;87388;8838;58776
evaluation,1369,7575;78164;39418;16866;98194;7284;3608;98210;70854;33270
evaluation,1370,97806;97259;49986;17458;1422;98210;35884;46104;17048;42062
evaluation,1371,97662;98194;39418;22494;62902;42062;76764;89232;88748;632
evaluation,1372,22494;8196;13252;48048;51638;39418;78164;94748;70200;88748
evaluation,1373,1260;78402;26350;22749;1382;612;14770;21370;36348;21084
evaluation,1374,13712;13958;33556;56106;1080;56028;39760;13668;76628;1382
evaluation,1375,3658;54812;42556;5484;6828;32584;1338;342;87554;23790
evaluation,1376,54812;32584;6828;42556;3944;3658;26528;18430;76672;78380
evaluation,1377,89932;46752;76764;10720;39418;98210;10646;23214;94748;98194
evaluation,1378,94748;89932;10720;98376;632;98210;13252;42062;39418;54964
evaluation,1379,5484;3108;4664;1494;5256;54404;5086;96702;71404;41450
evaluation,1380,91970;26810;96238;67048;74256;7630;483;90534;28510;68994
evaluation,1381,29716;944;49252;72828;34628;11328;44702;12844;51148;2035
evaluation,1382,6886;2900;9464;16208;6648;66602;880;65393;8190;17502
evaluation,1383,76764;78164;22494;97662;89232;88748;84324;94748;13252;7426
evaluation,1384,41328;49302;342;1268;22816;96103;94242;54194;23558;2380
evaluation,1385,1247;1094;39624;19280;48216;6224;51448;1215;88670;69794
evaluation,1386,622;38501;10960;71330;7366;87297;9828;844;82920;13712
evaluation,1387,87554;13212;9762;6824;6224;48690;57962;3136;3306;55450
evaluation,1388,22749;14686;36348;910;1400;74050;94242;45206;89834;48140
evaluation,1389,2836;16114;15970;4688;26104;41770;87064;30758;64522;4090
evaluation,1390,91970;26810;442;7630;74192;9890;74256;86026;91864;3110
evaluation,1391,26810;91970;74256;96238;96169;67048;7630;68994;9890;28510
evaluation,1392,9908;34628;51148;2035;44702;41498;2492;11328;49252;27042
evaluation,1393,4264;4300;16850;1046;58370;54418;3110;97741;80952;92156
evaluation,1394,17770;4416;65370;20488;7426;282;37476;21694;49396;18330
evaluation,1395,1002;7918;6648;8190;9464;582;13282;1434;7852;16208
evaluation,1396,13182;98210;42062;94748;98376;89932;632;98194;83412;36258
evaluation,1397,78164;39418;41830;34393;97662;98194;42062;94748;76764;56564
evaluation,1398,39314;19584;60586;8524;26156;31950;3132;96394;8032;19146
evaluation,1399,89932;98376;94748;98210;632;97259;18138;13252;880;10646
evaluation,1400,39418;98376;10720;98210;94748;13252;42062;10646;632;7426
evaluation,1401,724;65160;43010;522;33556;8136;910;58584;76628;25296
evaluation,1402,3306;6824;3136;6224;48690;51448;2836;30758;17956;9762
evaluation,1403,3306;48690;77306;6224;6824;2836;98166;26104;3136;13212
evaluation,1404,33556;65370;74050;724;41092;89894;8136;22749;13958;522
evaluation,1405,41092;33556;58584;910;724;25296;69394;27572;21320;36348
evaluation,1406,33016;56460;98853;71330;11772;26298;9908;13466;612;5272
evaluation,1407,11060;14550;30148;53237;33416;95186;95318;16850;36888;6778
evaluation,1408,89932;98376;94748;98210;632;59964;42062;13252;10720;18138
evaluation,1409,20470;31864;57868;17770;4416;13252;55450;71108;98194;14012
evaluation,1410,76764;22494;97662;78164;89232;13252;88748;46748;7426;89932
evaluation,1411,76628;724;3646;43010;27386;71934;87554;1382;78402;97673
evaluation,1412,23214;92788;582;81768;25144;31816;92786;6354;10276;1422
evaluation,1413,71330;27818;28190;5086;1400;65370;82920;49396;65646;49302
evaluation,1414,1260;1382;14992;2026;94242;65160;54194;3678;31850;14114
evaluation,1415,56112;55450;7426;81268;17770;66106;1002;18018;56106;56028
evaluation,1416,74256;96238;26810;4494;91970;96169;34628;22650;86026;23674
evaluation,1417,86510;4116;41450;92934;76996;75834;4100;5086;52420;50166
evaluation,1418,26298;41528;27042;29028;60400;75582;12;90522;2062;944
evaluation,1419,84726;4100;5086;1494;16114;44166;74844;77252;1044;15970
evaluation,1420,1588;1568;70954;68994;9486;58370;10392;22823;80;1398
evaluation,1421,97741;5952;798;85654;1215;74192;24690;64522;31042;90534
evaluation,1422,96238;0;11698;26810;87366;74256;3944;483;8280;29122
evaluation,1423,11308;4100;84726;77252;5086;15970;16114;3110;7920;64522
evaluation,1424,44930;64522;15970;41014;10016;47278;50512;1260;87800;16850
evaluation,1425,3827;77306;18466;22128;43600;47278;14054;91988;84726;50916
evaluation,1426,8712;85706;45102;622;64626;57390;41770;62213;2234;82060
evaluation,1427,56112;81268;55450;7426;83194;56106;66106;880;83264;18018
evaluation,1428,4984;8812;9118;4494;724;1736;41162;3956;9232;7410
evaluation,1429,13514;81268;66106;724;94954;35832;18018;1094;8524;51230
evaluation,1430,89932;13252;94748;39418;98376;632;7426;46752;56312;76764
evaluation,1431,13598;23214;22494;92786;62322;20470;6354;3450;38334;1788
evaluation,1432,13182;98194;57868;6136;57410;33222;56358;84324;98210;46104
evaluation,1433,76764;22494;13252;97662;472;78164;89232;46748;88748;10720
evaluation,1434,78392;20666;98166;1247;19280;18330;48690;30758;57048;69794
evaluation,1435,78392;20666;19280;1247;98166;18330;48690;57048;69794;6824
evaluation,1436,69794;23558;19280;1247;88670;39624;22816;27572;6224;57962
evaluation,1437,97662;39418;89932;22494;46752;54964;88748;632;98194;13252
evaluation,1438,10276;79358;23890;13726;14014;1788;46104;31132;2920;3668
evaluation,1439,17458;97259;97806;1736;1184;3956;30870;15970;24650;77464
evaluation,1440,91582;33838;31132;20360;5362;472;15282;26780;98194;36040
evaluation,1441,3668;79524;16866;11698;77464;39618;11532;6178;18138;17458
evaluation,1442,89932;98376;10646;39418;94748;62322;18138;29410;632;54964
evaluation,1443,1202;34393;13252;42062;2234;29152;89232;97662;8196;2280
evaluation,1444,4664;96702;5256;1494;86574;5484;3108;31216;71404;54404
evaluation,1445,9908;858;2035;34628;41498;51148;2492;29154;49202;49252
evaluation,1446,84726;4100;5086;16114;1494;44166;15970;64522;74844;1044
evaluation,1447,73124;24690;39356;26350;64522;33416;41060;15970;1644;1260
evaluation,1448,44930;15970;87800;10016;13582;1260;77306;24650;73124;64522
evaluation,1449,18466;3827;91988;50916;47278;77306;88788;97741;99796;60042
evaluation,1450,33016;49252;56460;60400;41528;98853;8938;86870;75986;30070
evaluation,1451,120;98080;1574;78928;36888;49302;23790;96103;86510;2080
evaluation,1452,89932;13252;632;94748;10720;98376;76764;46752;1422;7426
evaluation,1453,98376;10646;94748;89232;22494;98194;89932;10720;56786;18138
evaluation,1454,89232;22494;97662;76764;94748;39418;78164;90476;34393;21636
evaluation,1455,41092;910;71646;27572;48198;39760;17608;59968;21162;37602
evaluation,1456,88748;76764;97662;22494;5362;47896;63862;89232;20470;78164
evaluation,1457,56312;39418;98210;73290;29410;29582;10646;78060;1422;46752
evaluation,1458,77426;584;483;22284;2900;1434;11698;48664;69432;3608
evaluation,1459,1736;13342;3956;26198;97259;1434;20488;2444;90438;97806
evaluation,1460,36040;3668;33838;15282;56358;9108;11698;10276;79358;73290
evaluation,1461,76764;22494;78164;90476;88748;13252;98210;97662;46748;83904
evaluation,1462,94748;98376;49986;97259;89932;10646;13252;10720;632;98210
evaluation,1463,94242;3646;910;35124;27386;1400;37602;14686;74050;22749
evaluation,1464,63862;88748;78164;48048;76764;22494;89232;90476;97662;6136
evaluation,1465,20774;91970;292;7696;18214;16830;2398;8032;2290;96238
evaluation,1466,59882;73070;1022;12314;95186;97962;41162;44954;724;85676
evaluation,1467,5256;3108;5086;4100;74844;4664;1494;58060;9440;14550
evaluation,1468,69432;483;48664;77426;6132;11698;38168;12686;73290;85706
evaluation,1469,35832;724;41162;1268;18018;55450;28456;21420;49302;584
evaluation,1470,97662;46752;35884;89932;98210;78164;24434;98376;2398;88748
evaluation,1471,94748;49986;39418;54964;98210;42062;13252;89932;10646;97806
evaluation,1472,56460;98853;33016;11772;5272;44702;1410;944;75582;1060
evaluation,1473,88748;63862;48048;76764;56786;89232;78164;6136;56564;94748
evaluation,1474,536;37800;38542;2920;16010;3658;80866;5508;14136;21888
evaluation,1475,19948;30874;7696;4944;6794;41564;40310;79320;93448;41014
evaluation,1476,49986;94748;39418;54964;98210;42062;13252;10646;89932;10720
evaluation,1477,96854;37476;65370;65160;12854;342;69562;49396;78402;2026
evaluation,1478,98376;89932;880;94748;98210;13252;2900;10646;97259;764
evaluation,1479,5362;33838;3670;15282;57410;83904;25170;472;13182;91582
evaluation,1480,97662;22494;39418;88748;89232;76764;94748;89932;56786;98194
evaluation,1481,94748;89932;10720;7426;42062;41830;54964;632;63084;39418
evaluation,1482,20666;31379;78392;57048;13282;30758;96103;6224;96854;19280
evaluation,1483,41092;58584;33556;74050;910;522;69394;14992;13958;17956
evaluation,1484,41092;58584;33556;14992;76628;20694;74050;37602;35124;910
evaluation,1485,97662;92788;632;22494;88748;13252;76764;97228;89232;97673
evaluation,1486,17608;47278;35124;36348;62213;1260;24650;37602;31950;22749
evaluation,1487,90534;38016;75834;4594;2068;70854;36862;3662;17824;28908
evaluation,1488,1200;87336;97741;89024;5952;85654;38536;214;798;1215
evaluation,1489,6616;1588;80;68994;5196;9486;70954;1568;42556;5096
evaluation,1490,71330;27818;28190;5086;52600;1400;65370;82920;44954;4166
evaluation,1491,2900;48048;6594;9464;4494;56428;2398;483;96854;57868
evaluation,1492,38248;36862;5760;70210;76818;86026;18640;68166;5086;38632
evaluation,1493,38248;41602;64102;26810;54404;22650;5760;96169;11328;9890
evaluation,1494,26350;16114;26156;64522;77306;19510;45638;340;95606;44166
evaluation,1495,24690;39356;64522;85654;33416;41060;18430;13608;1644;50512
evaluation,1496,95318;14550;31216;16420;702;41394;3140;54404;93854;11436
evaluation,1497,46752;3668;1788;23214;81768;79524;10276;83412;2920;92786
evaluation,1498,88748;97662;46752;89932;24434;39418;98210;13252;632;35884
evaluation,1499,65370;82920;89894;78402;73070;32120;13880;71330;52600;33354
evaluation,1500,91970;26810;96238;20774;96169;30070;68994;86026;22650;67048
evaluation,1501,90522;11772;26298;72828;60400;75582;2092;49252;27042;74192
evaluation,1502,88846;12166;82700;32020;1442;4796;93546;21888;31950;17608
evaluation,1503,910;76628;94242;74050;35402;39314;35124;36348;22749;93768
evaluation,1504,6396;17956;8604;80744;64626;3136;54482;78392;24650;18532
evaluation,1505,15970;44930;13582;77306;1260;24650;21084;70630;612;45178
evaluation,1506,95318;31216;86574;16420;54404;3140;14550;42320;18805;74434
evaluation,1507,44544;30874;54404;85654;91242;16830;80850;12314;6794;40310
evaluation,1508,13886;56112;13868;51638;55450;97228;19146;81268;2290;52452
evaluation,1509,76764;5362;84324;472;13182;81768;65562;24616;31132;33270
evaluation,1510,97806;97259;49986;17458;10586;17048;46104;1422;27850;4494
evaluation,1511,21162;93546;27572;51448;98166;59968;71646;21320;2836;17956
evaluation,1512,69794;27572;6224;51448;48216;11960;1247;57962;48690;39624
evaluation,1513,54482;8604;64626;20666;18532;24650;77368;4688;31379;98166
evaluation,1514,92286;590;43600;99838;24760;9616;47018;22128;82060;17232
evaluation,1515,93448;37624;16420;1968;85676;45174;29722;14812;22862;64102
evaluation,1516,8280;60;98997;80866;50070;10276;79524;30904;292;30652
evaluation,1517,71330;28190;27818;5086;89834;52600;1400;22749;65370;26528
evaluation,1518,30874;85654;4944;54404;97962;16830;80850;14550;19948;40971
evaluation,1519,62322;78164;88748;97662;63862;90476;22494;1422;84324;89232
evaluation,1520,94748;62322;59964;29410;98210;83904;56312;2398;98376;39418
evaluation,1521,78164;98194;42062;84324;39418;10720;48048;94748;2280;632
evaluation,1522,97662;78164;98194;22494;56786;88748;39418;29410;27850;27076
evaluation,1523,32120;65370;82920;89894;78402;33354;57390;27818;94242;52600
evaluation,1524,2836;15970;54194;18430;32120;2380;13582;10708;22816;4688
evaluation,1525,78392;19280;98166;48690;2836;88670;6224;2380;51448;18330
evaluation,1526,4494;5508;622;40338;13608;1644;50916;87297;38334;6440
evaluation,1527,26810;22650;86026;74256;67048;30070;91970;99796;1402;33540
evaluation,1528,84726;4100;5086;16114;1044;3108;74844;64522;15970;77252
evaluation,1529,98166;51448;1442;27572;32020;54482;93546;42076;48690;71646
evaluation,1530,6396;8604;80744;17956;78392;496;9828;844;24650;2706
evaluation,1531,1247;39624;19280;6224;88670;51448;1215;21162;6824;71646
evaluation,1532,1398;1362;26810;22650;99796;3864;9486;49202;86870;22823
evaluation,1533,28900;91580;40568;21694;99564;39286;50070;30904;90410;71495
evaluation,1534,48690;21162;51448;93546;98166;27572;71646;2836;59968;3678
evaluation,1535,22568;20694;7150;57048;54258;13514;7410;2026;31850;94242
evaluation,1536,64626;8604;77368;54482;18532;26104;26528;87064;4688;9602
evaluation,1537,90534;4594;18680;2068;96238;50166;41770;20152;14770;99796
evaluation,1538,17770;2398;1434;1002;8812;17502;42678;6594;8190;65393
evaluation,1539,10646;94748;98376;98210;632;13252;89932;39418;59964;49986
evaluation,1540,33556;724;20694;65370;22568;89894;20152;622;1386;36545
evaluation,1541,13886;56112;880;19146;97228;55450;1002;51638;584;48392
evaluation,1542,37800;472;46748;33270;11698;92788;582;39618;10404;10276
evaluation,1543,89932;92788;46752;49986;8524;17048;94748;83412;16208;24434
evaluation,1544,86654;90410;50070;35032;7696;91580;80866;52452;26780;35884
evaluation,1545,754;96238;5992;1146;20488;18330;18532;4090;10960;87064
evaluation,1546,75834;2068;10682;81050;8524;13598;98080;6078;80112;50268
evaluation,1547,3108;49202;858;77238;2035;64910;23859;58584;74844;22862
evaluation,1548,96238;292;392;2280;30874;10276;91582;26810;67048;11698
evaluation,1549,52234;23713;36862;74260;80850;41564;4116;40971;14550;73124
evaluation,1550,50512;42556;52234;50280;80850;58602;92156;4946;53592;36862
evaluation,1551,91864;85676;332;81038;44954;87336;47098;95606;14812;87800
evaluation,1552,3136;3306;49986;4494;1422;59667;22816;4984;94954;85706
evaluation,1553,49986;94748;98376;97259;10646;89932;13252;97806;98210;16208
evaluation,1554,88748;81768;63862;78164;46748;24616;5362;97662;92788;22494
evaluation,1555,48690;3306;98166;3136;2836;77306;78380;88670;41010;93546
evaluation,1556,4664;96702;5256;5484;1494;31216;3108;74844;5086;9440
evaluation,1557,292;54190;42556;13182;84324;35032;76764;48048;7696;470
evaluation,1558,1788;37800;11532;11698;18138;31864;17458;4570;13386;77464
evaluation,1559,79358;66106;50070;14114;99564;90410;19584;35884;56112;52452
evaluation,1560,59964;89932;4570;20470;39418;63084;35884;1440;632;70854
evaluation,1561,28456;55450;13514;496;18018;724;66106;35832;83194;83264
evaluation,1562,57410;3670;36258;33838;91582;13182;33222;15282;34628;472
evaluation,1563,13182;30704;92788;46752;33838;76764;17048;83412;89932;98194
evaluation,1564,17458;11698;13182;3668;1788;97259;46104;14014;632;23214
evaluation,1565,88748;61208;22494;13252;82044;632;97662;59964;76764;39418
evaluation,1566,14136;13282;97259;20470;89932;292;15282;17458;4494;1422
evaluation,1567,25168;17048;8032;8336;69582;16208;83412;49986;13252;1422
evaluation,1568,612;33416;86870;34628;1410;7366;13466;34454;22492;75986
evaluation,1569,104;77252;1260;50166;76996;9828;36348;14770;98080;64522
evaluation,1570,584;6886;27076;77426;6132;880;40338;21886;14012;48392
evaluation,1571,90476;78164;13252;6886;46748;91580;7316;39618;48048;472
evaluation,1572,22494;98194;78164;39398;84324;33270;12686;76764;41830;34393
evaluation,1573,9762;6224;3136;48690;3306;23558;48216;41010;57962;6824
evaluation,1574,4116;64522;24690;8760;14812;47018;36862;9392;44166;9828
evaluation,1575,96238;26810;30070;9890;74256;91970;3864;96169;85654;1362
evaluation,1576,14550;31216;95318;4664;93854;86574;42320;1338;16420;54404
evaluation,1577,91864;19510;54418;11308;22912;47098;3944;340;89024;1247
evaluation,1578,91242;60586;87068;76478;8032;22912;73242;76644;50268;89024
evaluation,1579,21636;13252;39418;62322;78164;17770;30870;20360;57868;20470
evaluation,1580,14992;35124;54482;17608;13880;4796;4688;37602;26104;31850
evaluation,1581,21320;48198;82700;98166;71646;93546;4090;1442;51448;6894
evaluation,1582,32020;93546;51448;6894;98166;71646;19274;20666;21162;1442
evaluation,1583,32120;1046;94242;89894;896;65370;1494;49396;22862;78402
evaluation,1584,77368;3136;26528;3306;7150;10174;4996;13514;87064;1080
evaluation,1585,14812;3944;50512;29722;6828;42556;76672;54812;392;67048
evaluation,1586,48048;88130;65998;54282;99838;43600;11308;9376;21420;65646
evaluation,1587,46752;10276;83412;98210;1788;46104;24434;89932;3668;23214
evaluation,1588,41092;58584;33556;69394;46142;20694;76628;910;8136;25296
evaluation,1589,24650;6396;17608;8604;20666;10174;64626;21888;5992;1224
evaluation,1590,788;37476;8712;49396;724;16080;69562;35124;54258;14171
evaluation,1591,72932;87800;86577;58718;45638;67710;44954;44166;80;87336
evaluation,1592,96238;74256;26810;91970;99796;30070;22650;67048;17902;3110
evaluation,1593,72940;120;9948;57566;12;98080;896;56168;29028;2080
evaluation,1594,63862;88748;78164;30704;13182;3670;98210;24616;76764;46104
evaluation,1595,69794;57962;23558;1247;48690;39624;9762;11960;27572;6824
evaluation,1596,9762;6224;23558;3306;3136;48690;2836;39624;6824;1094
evaluation,1597,282;702;59750;37476;95318;50916;20320;17770;70954;3140
evaluation,1598,5086;94242;71330;22749;910;52600;49396;14770;11758;1400
evaluation,1599,6396;1268;2026;724;26528;93768;36040;97259;20488;1400
evaluation,1600,880;56112;13886;584;7316;51638;97228;2290;483;20774
evaluation,1601,33270;98194;78164;10276;25168;42062;3132;29152;2280;46104
evaluation,1602,16080;94242;37476;96854;12854;49302;57048;65370;54258;49396
evaluation,1603,1268;48690;1247;39624;43658;724;3678;88670;27572;22284
evaluation,1604,1060;70630;5272;23674;1410;8938;56460;9908;75986;41498
evaluation,1605,1494;4664;3108;54404;5256;71404;5484;31216;41450;96702
evaluation,1606,88130;43600;9376;37248;98924;65998;258;48048;92286;21420
evaluation,1607,76996;46252;50166;98080;41450;86510;92934;282;5234;17902
evaluation,1608,9376;2134;65998;1162;60586;20774;5952;9616;1215;22132
evaluation,1609,81268;584;13886;36280;29874;52452;880;30652;77426;21420
evaluation,1610,55450;4416;81268;24200;56162;28456;35832;1422;16866;57868
evaluation,1611,98080;120;77252;86510;76996;50166;104;910;4100;46252
evaluation,1612,81268;55450;35832;28456;81050;4416;18018;724;56112;83194
evaluation,1613,17868;4166;1260;19948;29122;8062;40310;28190;4100;89536
evaluation,1614,24650;496;4996;6396;77368;3306;3136;54194;10174;98166
evaluation,1615,21162;93546;71646;21320;59968;98166;27572;51448;17956;4090
evaluation,1616,73242;6794;30874;41014;34628;7696;798;64522;85654;21547
evaluation,1617,14686;22568;17608;724;6824;23790;20694;31850;8136;4796
evaluation,1618,98080;120;86510;104;910;76996;77252;14770;94242;6216
evaluation,1619,612;14770;71406;74050;910;94242;35124;62213;2706;9828
evaluation,1620,97662;88748;22494;46752;39418;13252;24616;632;98210;10720
evaluation,1621,1788;37800;11532;11698;18138;31864;17458;13386;77464;4570
evaluation,1622,28456;4416;35832;81268;96854;55450;120;83264;1574;35124
evaluation,1623,13182;24616;31132;5362;472;57410;33838;56358;36258;15282
evaluation,1624,71404;73418;37938;82994;1672;52234;74260;42320;29594;80112
evaluation,1625,18238;41078;59630;874;87388;18640;58370;398;38016;98730
evaluation,1626,2038;91864;29722;54418;3944;1494;88846;332;47098;95606
evaluation,1627,47018;340;47098;87388;19510;58776;98730;11996;10682;16114
evaluation,1628,16622;12290;15924;1366;74256;4264;58776;9890;23718;17824
evaluation,1629,472;78164;76764;22494;97662;2280;89232;56358;98194;46748
evaluation,1630,98210;13252;632;10646;98376;42062;6836;49986;78164;89536
evaluation,1631,880;584;13886;6886;27076;7316;38168;32554;29874;19146
evaluation,1632,57962;1442;88460;32020;98166;8604;17608;51448;17956;93546
evaluation,1633,7150;22568;6006;27818;28190;20694;496;54194;2706;14686
evaluation,1634,81268;36258;31132;55450;26780;52452;5202;66106;91582;56112
evaluation,1635,26810;96238;1348;20766;96169;22650;67048;74256;1618;9486
evaluation,1636,71404;73418;82994;56582;37938;1672;80112;12224;75834;36592
evaluation,1637,57048;1268;71330;54258;49396;35402;36040;724;65370;16080
evaluation,1638,90534;75834;2068;4594;8032;59630;38016;95980;59964;3434
evaluation,1639,55450;81268;18018;52452;56112;7426;83194;75086;28456;35832
evaluation,1640,1094;9762;85706;83194;2234;6824;40620;41328;7366;23558
evaluation,1641,1268;724;64658;31850;2026;64412;36888;18330;35124;17956
evaluation,1642,8604;80744;17956;64626;77368;9762;63534;78392;2380;6396
evaluation,1643,3108;9440;1494;41450;84726;46252;74844;98997;5484;4100
evaluation,1644,9376;2134;65998;1162;5952;20774;1215;60586;9616;22132
evaluation,1645,31132;9108;26780;33838;23890;48660;81268;46302;7188;17458
evaluation,1646,88670;41528;39624;66044;1060;3944;5272;6224;37938;3536
evaluation,1647,16866;17902;39398;48048;43600;7575;29338;13212;54282;96238
evaluation,1648,41060;24690;8760;1200;96238;34628;1644;16420;39356;4426
evaluation,1649,64750;29594;14550;19948;2492;2035;79320;58060;87336;80850
evaluation,1650,95318;14550;30028;31216;17014;3140;10122;392;93854;40440
evaluation,1651,77306;3827;43600;22128;1644;15970;9762;14054;88130;84726
evaluation,1652,36888;724;83264;43658;51916;37602;96103;81268;41328;35124
evaluation,1653,88748;22494;78164;97662;62322;63862;90476;62902;84324;76764
evaluation,1654,57390;21162;27572;59968;21320;35124;82700;17608;24650;51448
evaluation,1655,78164;90476;2280;48048;97662;98194;83904;39418;76764;6886
evaluation,1656,31950;31850;37602;76628;13712;39760;28594;14114;46150;33556
evaluation,1657,13182;33222;98194;57868;57410;6136;56358;3670;84324;66438
evaluation,1658,4116;47098;88788;37624;1366;30186;47018;6794;17326;36862
evaluation,1659,91988;86577;58718;87336;87068;442;88788;887;18238;398
evaluation,1660,11328;23713;10636;41602;74194;3894;41498;49252;44450;22940
evaluation,1661,52526;3136;19280;3306;31042;54282;88670;84340;6216;16866
evaluation,1662,2068;798;292;20152;96394;398;4100;71108;77426;4494
evaluation,1663,3662;17824;1366;12290;31264;58776;398;48752;36862;5506
evaluation,1664,31368;13994;13598;70994;2444;3646;6850;7918;20470;93018
evaluation,1665,87388;406;11996;10682;10122;98730;75834;17014;8838;17326
evaluation,1666,48392;4416;11598;8190;17770;6648;70200;8182;8196;66602
evaluation,1667,18238;8006;87388;23718;80112;342;41696;4116;4114;8502
evaluation,1668,4688;98166;37602;35124;1382;80744;6894;13514;26528;2654
evaluation,1669,910;13958;522;36545;36348;74050;14770;43658;53237;82060
evaluation,1670,19146;13886;29874;30652;880;56428;584;22284;77426;7316
evaluation,1671,27076;57048;1247;6440;584;40338;55432;77426;19280;16080
evaluation,1672,29410;13598;94748;39418;62322;7630;10720;214;17902;59964
evaluation,1673,39314;96394;14014;4688;35124;89932;36280;2836;30904;17048
evaluation,1674,14686;5988;20774;7366;8136;41328;23790;52452;27850;2068
evaluation,1675,124;104;15363;46252;76996;5234;77252;98080;50166;39186
evaluation,1676,76996;63498;50166;46252;5234;86510;22132;98080;15363;77252
evaluation,1677,24650;6396;64626;8604;20666;10174;8712;17956;8524;31132
evaluation,1678,9602;2358;10708;82649;7696;15970;13582;98468;22128;2836
evaluation,1679,52526;3136;3306;19280;31042;6216;9948;88670;54282;13212
evaluation,1680,33556;58584;13958;41092;522;25296;13668;76628;74050;69394
evaluation,1681,79807;57182;89024;87336;88788;34576;26350;887;19510;33354
evaluation,1682,98730;8838;10894;35402;10682;80112;31264;36592;18238;4044
evaluation,1683,65370;32120;89894;82920;78402;52600;28190;69562;13880;94242
evaluation,1684,41162;54194;10708;10174;6396;2836;32120;2380;13582;3136
evaluation,1685,71934;43010;78402;31850;82920;37476;48140;69562;36888;65370
evaluation,1686,71330;28190;27818;5086;89834;22749;52600;74256;1400;20830
evaluation,1687,26810;16420;22650;96169;67048;7630;9486;2492;1402;968
evaluation,1688,18018;94954;4494;52452;46104;81268;55450;46232;83194;35884
evaluation,1689,26810;968;22650;67048;1362;16420;1398;54404;3864;9486
evaluation,1690,97806;97259;49986;27850;4494;1422;35884;12110;90410;20470
evaluation,1691,87297;47720;56162;21694;7284;7316;83904;62322;59964;66438
evaluation,1692,23790;51916;4688;28456;46142;31622;36888;31850;788;59882
evaluation,1693,724;1268;17956;49302;96103;41328;80744;6824;2026;22284
evaluation,1694,32120;54194;2380;9602;7410;6396;2836;41162;28190;13582
evaluation,1695,96150;53592;45206;10887;46232;58718;1366;58602;2068;74256
evaluation,1696,48392;11598;4416;17770;8190;6648;13252;8196;12964;91580
evaluation,1697,31950;31850;76628;37602;13712;28594;33556;39760;14114;46150
evaluation,1698,85706;724;35832;81268;12854;2026;7920;28456;66106;4494
evaluation,1699,22128;69394;26350;15970;45178;26156;45206;21370;89536;14812
evaluation,1700,91988;89220;887;88788;6660;79807;87336;87068;31816;18238
evaluation,1701,69394;58584;21370;21084;45178;33556;46142;76628;41092;15970
evaluation,1702,14550;31216;95318;42320;16420;93854;86574;3140;54404;4664
evaluation,1703,496;22568;6006;7150;54194;13514;1268;6778;98468;3536
evaluation,1704,92286;89834;37248;52526;2080;2706;49302;42320;798;32554
evaluation,1705,4300;20320;4114;4264;58776;9392;54418;54404;93448;896
evaluation,1706,35032;4494;99564;50070;90410;36888;40338;35884;47720;80866
evaluation,1707,55450;81268;56112;7426;18018;66106;880;584;28456;83194
evaluation,1708,9108;31132;52452;23890;26780;33838;86654;36258;7575;17458
evaluation,1709,23790;28456;31950;37602;4688;35124;724;31850;36888;98080
evaluation,1710,3136;6224;48216;9762;23558;6824;3306;32936;3110;48690
evaluation,1711,754;5992;15282;36040;3042;788;62124;63084;96238;29152
evaluation,1712,26810;968;67048;54404;1362;22650;1398;3864;16420;9486
evaluation,1713,91580;30904;39286;87297;50070;89232;98194;94285;71108;97662
evaluation,1714,87388;11996;98730;8838;31264;10682;75834;5508;36592;98080
evaluation,1715,17502;17770;65393;21636;16208;8190;47720;4416;48392;282
evaluation,1716,62213;94954;1080;37356;32554;3608;764;40062;69582;39618
evaluation,1717,472;30704;57410;80286;91582;81768;2920;25170;2188;13182
evaluation,1718,17458;97259;30870;97806;4494;11698;35884;46104;1788;39398
evaluation,1719,724;1268;22568;2026;71934;3536;23790;42076;7150;83264
evaluation,1720,71934;1382;65393;88460;14992;40620;27662;456;76628;53476
evaluation,1721,4688;31950;32120;16114;1260;89894;57390;37602;2380;28190
evaluation,1722,26810;968;67048;22650;1362;54404;1398;3864;16420;9486
evaluation,1723,41060;1200;8760;24690;1644;68166;36258;97741;72932;58370
evaluation,1724,33016;49252;49202;8914;75086;56460;2035;86870;70630;29716
evaluation,1725,21420;3608;36280;22284;29874;30652;7316;34464;880;584
evaluation,1726,23214;17458;97259;97806;30870;13252;632;1736;3956;83412
evaluation,1727,29788;56168;2080;29582;52030;214;5258;30826;1672;38501
evaluation,1728,6136;56786;56358;71108;13182;3670;57410;472;91582;83904
evaluation,1729,39286;91580;50070;86654;28352;12110;78060;52452;90410;28900
evaluation,1730,31042;1162;5676;622;5952;65998;9376;6224;23558;1094
evaluation,1731,10894;98730;4044;56582;10682;8838;35402;18238;27626;31264
evaluation,1732,87336;79807;88788;89024;86577;91242;38536;57182;87800;92758
evaluation,1733,2068;57182;33540;80;42076;24160;89024;87336;8006;20774
evaluation,1734,96150;10887;4946;58602;53592;4276;45206;1366;50268;46232
evaluation,1735,17502;26198;17770;92192;65393;92198;4416;8190;94285;66602
evaluation,1736,724;33556;87554;58060;94954;5484;1268;83264;66106;73070
evaluation,1737,91580;50070;99564;39286;26312;28900;33210;90410;26780;52452
evaluation,1738,1202;15282;3450;65562;11698;13182;1788;77464;17458;79524
evaluation,1739,55450;18018;4416;7426;91580;52452;56112;56028;56106;28456
evaluation,1740,55450;56112;81268;66106;83194;51638;52452;7426;584;18018
evaluation,1741,4416;98210;52452;98194;91580;13868;764;67068;3754;98376
evaluation,1742,76628;65160;77579;71934;88460;8136;39760;71406;46142;74050
evaluation,1743,78392;18330;19280;98166;2836;31379;1247;2380;48690;20666
evaluation,1744,2026;7150;22568;13514;96854;7410;20694;31850;496;65370
evaluation,1745,724;1268;22568;23790;17956;20694;14686;2026;522;36280
evaluation,1746,6006;27818;2706;13514;7150;496;26528;20694;22568;28190
evaluation,1747,98468;7150;496;26858;48690;31042;39624;54194;1094;22568
evaluation,1748,77368;522;59667;18330;1080;21320;48690;98166;13958;13712
evaluation,1749,52234;57784;74260;75848;86510;4116;36862;1338;97962;83412
evaluation,1750,95318;31216;86574;16420;54404;14550;3140;42320;18805;74434
evaluation,1751,88748;63862;97662;78164;76764;22494;56564;89232;42062;47896
evaluation,1752,55450;81268;4416;28456;83194;35832;56112;18018;17956;81050
evaluation,1753,6894;98166;51448;71646;21162;32020;27572;93546;1442;82700
evaluation,1754,52452;91580;28900;98194;18018;13868;81268;10646;56112;55450
evaluation,1755,29028;12;27150;51792;27818;2092;26298;75582;54812;72940
evaluation,1756,6824;3306;3136;35884;93936;32020;3110;1386;27572;88846
evaluation,1757,4044;56582;12224;23859;37938;73418;35402;44166;76478;34576
evaluation,1758,2654;3306;13212;59667;14014;18330;97259;28594;8604;1442
evaluation,1759,41092;58584;33556;910;74050;522;36348;69394;76628;1442
evaluation,1760,57410;24616;13182;78164;25170;71108;6136;30704;80286;88748
evaluation,1761,94954;38334;99564;85706;4494;27850;93768;56162;32554;632
evaluation,1762,84340;69562;49396;37476;32120;896;3646;78402;52030;724
evaluation,1763,91582;26780;31132;33838;472;20360;15282;76764;23890;2920
evaluation,1764,18532;8604;17956;24650;2654;54482;64626;4796;14992;17608
evaluation,1765,98194;82044;66106;91580;39286;25168;89932;28900;81268;52452
evaluation,1766,1442;2654;51448;27572;71646;82700;80744;32020;42076;17608
evaluation,1767,724;1268;6824;17956;41328;96103;49302;23558;36280;2026
evaluation,1768,39286;91580;21694;26312;50070;71108;6136;28900;87297;90410
evaluation,1769,36348;25144;36888;910;36545;25296;14770;23790;39760;65160
evaluation,1770,36348;22749;74050;31950;41092;39760;36545;77646;51916;522
evaluation,1771,73124;13726;11698;15282;8712;5202;98937;33416;15970;1260
evaluation,1772,96238;3646;8914;9464;65281;49252;4984;14054;20152;49396
evaluation,1773,754;62124;36040;29122;96238;0;10960;57962;15282;12964
evaluation,1774,96238;3646;56028;54258;31850;6440;93768;8828;20360;36545
evaluation,1775,76628;71934;14992;41092;40620;65160;67336;41010;456;1382
evaluation,1776,65998;92286;258;96238;99838;47018;590;43600;1215;24690
evaluation,1777,39286;91580;94748;71108;28900;87297;56786;21694;50070;6136
evaluation,1778,87297;47720;56162;83904;17770;4416;13252;94285;632;91580
evaluation,1779,32120;82920;65370;89894;57390;4166;78402;33354;94242;26528
evaluation,1780,19274;6008;59134;41010;71934;40620;17106;40806;57784;2654
evaluation,1781,522;13712;41092;36348;13958;76628;65160;74050;910;33556
evaluation,1782,496;7150;51448;54194;22568;98166;48690;2706;1442;6006
evaluation,1783,36545;26528;26858;46302;5988;3042;1215;78380;46150;1382
evaluation,1784,8136;39760;36545;724;76628;13712;56028;14114;41092;13958
evaluation,1785,40440;14550;95318;74260;53237;97962;724;16850;4276;51916
evaluation,1786,31864;11532;3668;18138;6178;34464;12686;8330;17458;77464
evaluation,1787,28900;91580;35032;26312;71495;12110;10646;26780;2234;40568
evaluation,1788,91580;50070;59964;28900;40568;30904;90410;87297;6136;86654
evaluation,1789,37356;62213;32554;82060;40062;1080;4688;77646;59667;85706
evaluation,1790,3110;13212;35884;48216;48690;3136;11308;3306;39624;88670
evaluation,1791,15970;2836;16114;35402;4044;18430;41770;340;26104;76644
evaluation,1792,22494;10720;13252;88748;62902;76764;78164;39418;880;6136
evaluation,1793,42076;30758;19274;59134;6008;1442;54482;48690;51448;27572
evaluation,1794,83264;31850;85706;66106;81268;56112;584;724;79358;19584
evaluation,1795,81268;56112;55450;7426;584;18018;66106;75086;28456;52452
evaluation,1796,31864;12686;18138;34464;11532;3668;8330;6178;16036;77464
evaluation,1797,28900;4416;69432;90410;880;36040;21694;62902;24200;65393
evaluation,1798,28900;91580;65393;880;47720;4416;48392;50070;94285;39286
evaluation,1799,22494;89232;48048;56786;78164;88748;76764;97662;94748;42062
evaluation,1800,98853;56460;33016;8938;30070;49252;90522;26810;96238;1402
evaluation,1801,98376;89932;632;98210;10720;13252;94748;7426;10646;31864
evaluation,1802,46252;76996;50166;98080;92934;64910;38016;41450;86510;282
evaluation,1803,87388;406;11996;10682;10122;98730;75834;17014;8838;17326
evaluation,1804,8604;2380;78392;57048;18532;8712;64626;52420;6440;16080
evaluation,1805,55450;18018;7426;91580;81268;52452;4416;56112;28456;62902
evaluation,1806,6224;39624;39618;88670;3108;3536;31618;58060;19280;3956
evaluation,1807,99796;392;67048;3110;32936;26810;16420;74256;44024;48752
evaluation,1808,72940;12;2092;41528;1044;64910;49396;52420;51792;87366
evaluation,1809,76764;88748;78164;22494;97662;24616;5362;10646;89232;13252
evaluation,1810,97806;97259;27850;97228;17458;1338;49986;1422;73070;10586
evaluation,1811,13182;83412;15282;65562;77464;1202;31618;2188;3450;33838
evaluation,1812,1366;28510;58718;16622;17824;50268;3662;398;31264;47098
evaluation,1813,69432;19114;6886;6648;11108;27076;4416;2290;1434;8190
evaluation,1814,34393;18138;4570;42062;56564;31864;98194;47896;78164;63084
evaluation,1815,880;28900;21694;65393;37356;69432;39286;584;48392;98937
evaluation,1816,83412;5464;65562;78164;13182;39618;84324;2188;56312;5362
evaluation,1817,87297;47720;56162;98210;6132;10960;6136;15282;98194;32554
evaluation,1818,2290;11108;6648;6886;19114;1434;2900;69432;9118;3754
evaluation,1819,88748;22494;13252;76764;89932;92788;78164;880;97662;632
evaluation,1820,78402;32120;82920;65370;52600;89894;57390;59968;33354;6006
evaluation,1821,41092;21320;35124;48198;21162;37602;17608;20666;59968;12964
evaluation,1822,24650;21888;64626;8604;17608;17956;536;6396;63534;2654
evaluation,1823,56028;14114;46150;31622;36348;1338;43010;27850;47278;64658
evaluation,1824,724;1268;2026;22568;14686;37602;35124;43658;36888;23790
evaluation,1825,6008;71934;19274;59134;41010;40620;17106;2654;53476;40806
evaluation,1826,6136;56786;2280;22494;472;83904;78164;71108;33222;89232
evaluation,1827,97662;88748;47896;63084;22494;83904;34393;89232;41830;78164
evaluation,1828,1202;77464;65562;15282;13182;17458;79524;11698;3450;1788
evaluation,1829,22494;76764;89232;88748;10720;78164;764;14012;97662;13252
evaluation,1830,7316;880;21420;3608;62902;29874;70200;3132;25168;36280
evaluation,1831,9828;1494;4664;1060;612;70630;86870;1410;39356;17868
evaluation,1832,91242;73242;87336;6794;1968;0;34628;2392;47098;30874
evaluation,1833,87297;32554;47720;48392;37356;764;28900;98210;34393;92786
evaluation,1834,6648;8190;9464;2290;2900;17770;1434;66602;3283;16208
evaluation,1835,27386;3646;1268;43658;49302;27850;54282;41328;2836;26104
evaluation,1836,77368;522;59667;77646;94242;18330;7150;14770;5948;13712
evaluation,1837,5464;5362;28352;25170;30904;10276;1184;86654;84324;80286
evaluation,1838,21694;91580;24200;90410;39286;28900;40568;50070;99564;87297
evaluation,1839,87297;47720;32554;37356;10720;48392;56162;65393;62902;22494
evaluation,1840,22494;78164;48048;89232;76764;56786;42062;94748;29338;97662
evaluation,1841,10392;1094;26298;51792;2092;41528;75582;29028;9948;90522
evaluation,1842,18330;59667;522;98166;77368;1080;21320;82700;14770;94242
evaluation,1843,88748;76764;63862;78164;22494;97662;90476;89232;82044;24616
evaluation,1844,22494;89232;56786;94748;78164;97662;42062;76764;48048;88748
evaluation,1845,63862;88748;78164;90476;22494;76764;56786;89232;56564;48048
evaluation,1846,1268;724;3678;6824;96103;2026;43658;41328;17956;80744
evaluation,1847,42076;98166;30758;1442;51448;54482;59134;19274;32020;27572
evaluation,1848,94954;48140;18018;41034;11874;81268;724;87554;66106;52452
evaluation,1849,17770;6648;4416;9464;69432;10720;19114;66602;6132;17502
evaluation,1850,22494;89232;88748;78164;92788;90476;13252;56786;48048;76764
evaluation,1851,76764;88748;22494;97662;6136;56786;472;89232;92788;71108
evaluation,1852,25168;2290;77426;50166;81398;13868;41450;56428;21448;46252
evaluation,1853,7696;81768;2920;57410;292;10276;79358;46104;1308;582
evaluation,1854,56028;6886;13668;31622;27386;3646;36348;97673;8136;13712
evaluation,1855,24690;9392;896;1215;2080;5952;91988;99838;4114;41060
evaluation,1856,22494;88748;89232;78164;56786;97662;29410;98194;90476;97673
evaluation,1857,16558;21170;68166;30148;10636;70210;14162;9890;41602;38248
evaluation,1858,6648;8190;66602;9464;47720;2900;2290;10404;1434;26198
evaluation,1859,92198;92192;66602;16208;17502;49986;65393;26198;23430;8182
evaluation,1860,87297;32554;37356;48392;47720;89232;91580;21694;39286;4416
evaluation,1861,22494;76764;88748;78164;10720;90476;51638;89232;13252;632
evaluation,1862,28900;91580;50070;39286;94285;21694;880;90410;94748;69432
evaluation,1863,6136;22494;56786;76764;2280;88748;78164;632;89232;92788
evaluation,1864,65370;89894;82920;32120;48140;1400;69562;73070;78402;94242
evaluation,1865,4116;5948;47018;1260;51916;47098;612;7696;69582;65160
evaluation,1866,33416;44930;2392;16850;29490;47278;10016;17328;3166;13466
evaluation,1867,40310;16850;73124;4116;51916;798;20774;5948;34454;23713
evaluation,1868,75582;72828;2392;90522;27042;26298;1060;24728;2092;11772
evaluation,1869,34628;612;86870;522;33016;75986;1260;17868;1410;23674
evaluation,1870,99796;392;67048;3110;26810;85654;32936;74256;5952;86026
evaluation,1871,1060;1410;23674;5272;34628;70630;86870;8938;50268;11772
evaluation,1872,86510;5086;41450;76996;74844;46252;98080;30148;71404;68560
evaluation,1873,43010;46150;46302;25296;56106;13668;33556;56028;74050;59968
evaluation,1874,48752;86026;4946;4276;20952;58602;30652;19146;19846;5760
evaluation,1875,496;13514;22568;7150;3536;37602;54194;35124;7410;6778
evaluation,1876,874;18238;58370;64102;18800;52420;68994;17326;97741;2564
evaluation,1877,14992;1382;71934;3668;67336;6778;65160;14114;40620;76628
evaluation,1878,16080;49302;57048;54258;37476;48140;10122;65370;69562;94242
evaluation,1879,1247;19280;39624;1094;6224;82700;88670;88846;51448;1215
evaluation,1880,37602;35124;4688;1382;98166;1400;6894;46142;31950;78928
evaluation,1881,97662;88748;22494;39418;89232;87297;632;13252;98376;14012
evaluation,1882,45102;69794;29788;98924;256;62322;11960;32020;88846;5676
evaluation,1883,81268;28456;724;55450;83194;41162;23790;27850;4494;21420
evaluation,1884,55450;18018;4416;28456;7426;56028;91580;56112;19114;66106
evaluation,1885,6136;22494;56786;88748;76764;78164;83904;71108;89232;472
evaluation,1886,28510;18805;68994;1826;80;34576;38326;16830;96702;76672
evaluation,1887,30070;2062;10392;41528;60400;72940;1402;64910;12;1044
evaluation,1888,99796;11996;31264;50268;63534;91970;58776;90534;60;67048
evaluation,1889,3662;1366;442;17824;31264;398;12290;46232;41078;58776
evaluation,1890,76764;46748;97662;22494;89232;90476;78164;3678;88748;56312
evaluation,1891,91580;39286;87297;28900;40568;21694;50070;90410;6136;94748
evaluation,1892,76764;97662;46748;89232;22494;78164;98210;56358;84324;13252
evaluation,1893,28900;21694;4416;91580;69432;42062;57048;87297;94748;48392
evaluation,1894,97662;88748;90476;22494;24616;78164;76764;82044;13252;880
evaluation,1895,788;8712;49396;14171;37476;78928;724;13726;282;98080
evaluation,1896,16420;26810;67048;96169;54404;38248;968;7630;74192;3864
evaluation,1897,98080;76996;77252;46252;50166;92934;120;63498;6216;22132
evaluation,1898,48392;69432;4416;6648;6886;19114;11108;17770;9118;2900
evaluation,1899,41092;1442;27572;21320;22568;17608;74050;48198;69394;33556
evaluation,1900,33556;41092;13958;58584;69394;522;74050;45178;13712;25296
evaluation,1901,17458;26104;97806;97259;4996;10174;77306;6828;44930;3306
evaluation,1902,47896;88748;84324;56564;97662;78164;61208;71108;70854;63084
evaluation,1903,46752;3668;23214;92786;1788;1422;17458;83412;81768;2398
evaluation,1904,89932;98376;98210;632;1422;31864;13252;59964;46104;7284
evaluation,1905,88748;63862;78164;22494;83904;42062;89232;97662;1202;98194
evaluation,1906,98468;1080;76628;71934;54194;71330;28190;69562;7410;27662
evaluation,1907,89932;98376;98210;632;10646;13252;10720;94748;31864;1422
evaluation,1908,23214;77464;34464;2234;6178;14550;56312;11532;10894;3668
evaluation,1909,88748;81768;92788;23214;78164;63862;24616;13182;46104;5362
evaluation,1910,17502;17770;4416;21636;20488;94285;18330;37476;92192;56162
evaluation,1911,55450;18018;7426;52452;4416;56112;91580;56106;66106;56028
evaluation,1912,6648;2900;2290;9118;8190;6886;19114;1002;21636;11108
evaluation,1913,41092;33556;910;48198;14992;74050;21320;58584;13958;69394
evaluation,1914,78164;97662;90476;88748;76764;5362;22494;89232;84324;472
evaluation,1915,496;13514;7150;22568;35124;37602;54194;724;1400;98468
evaluation,1916,13726;36888;64412;14114;64658;17956;30758;1382;36545;31850
evaluation,1917,46748;76764;472;89232;97662;98194;3670;24616;10646;56358
evaluation,1918,9602;43658;536;2836;54482;40310;4688;73124;17048;59667
evaluation,1919,33270;10276;98194;29594;13182;1788;56312;65562;21886;7696
evaluation,1920,45102;62322;69794;3110;5676;256;84324;29122;32936;4090
evaluation,1921,17502;26198;17770;8190;21636;16208;47720;6648;65393;4416
evaluation,1922,76764;472;98194;65562;56358;84324;30704;5362;24616;13182
evaluation,1923,89536;3646;96238;754;65646;81038;8760;88130;59968;80866
evaluation,1924,98194;33270;15282;13182;6136;36258;472;83904;30704;1788
evaluation,1925,98194;98376;1422;97259;98210;42062;78164;57868;70854;10646
evaluation,1926,91864;19510;22912;64522;332;95606;47098;89024;54418;798
evaluation,1927,96238;65998;71406;1260;92286;258;35124;99838;9376;590
evaluation,1928,52452;94954;18018;91580;26780;4416;90410;8336;93768;80866
evaluation,1929,33556;13958;522;58584;76628;74050;910;36348;25296;65160
evaluation,1930,88748;63862;83904;92788;89232;42062;94748;98194;632;13252
evaluation,1931,65370;89894;82920;32120;94242;41162;52600;73070;78402;33354
evaluation,1932,26810;91970;74256;67048;96169;1402;68994;90534;22650;30070
evaluation,1933,49252;49202;2492;50040;6616;2035;44702;74192;7630;12844
evaluation,1934,48140;6616;87554;60586;18805;20830;11060;76996;1044;35402
evaluation,1935,78164;90476;22494;97662;89232;94748;76764;63084;84324;62902
evaluation,1936,75834;59630;2068;87388;21170;10636;15924;11996;89024;58776
evaluation,1937,21420;75834;33210;880;20774;25168;36280;7696;30652;10720
evaluation,1938,2092;51792;41528;10855;75582;90522;52526;26298;29028;60400
evaluation,1939,89932;94748;98376;632;13252;10720;10646;56786;46752;98210
evaluation,1940,8032;23632;5464;77464;10887;11698;4494;20470;17458;11874
evaluation,1941,94748;22494;89232;42062;29410;13252;88748;10720;48048;78164
evaluation,1942,41092;33556;58584;76628;2654;8136;39760;13712;37602;724
evaluation,1943,49302;724;95606;12854;31622;65160;78402;94242;4166;80744
evaluation,1944,11960;69794;75986;57566;2080;56460;1247;896;56168;3110
evaluation,1945,49202;91970;26810;2035;858;2492;0;2868;72828;99796
evaluation,1946,91970;67048;99796;8032;7630;392;1826;26810;1398;60
evaluation,1947,65646;84340;54282;65998;1162;49302;1094;896;98924;1146
evaluation,1948,258;62124;308;282;5234;76996;90438;50166;77252;46252
evaluation,1949,45102;98924;69794;29788;256;62322;84324;5676;11960;48198
evaluation,1950,48690;98166;30758;2836;3136;32020;41010;6224;51448;6894
evaluation,1951,44930;15970;87800;10016;1260;13582;77306;73124;24650;41014
evaluation,1952,48690;30758;98166;2836;3136;32020;41010;6224;6894;51448
evaluation,1953,9108;83412;46752;632;13182;23214;31132;98210;1788;33838
evaluation,1954,35124;910;96238;94242;14770;9828;37602;77646;74050;4996
evaluation,1955,94954;8812;89536;5992;18430;59667;20152;43658;754;84340
evaluation,1956,2280;76764;94748;7426;56786;472;82044;6136;83904;91582
evaluation,1957,89932;94748;98376;10646;632;39418;46752;10720;41830;13252
evaluation,1958,41010;19274;6008;59134;40806;71934;48690;40620;42076;21888
evaluation,1959,4688;98166;35124;6894;37602;1382;54482;26528;1400;80744
evaluation,1960,754;96238;15282;80866;23214;0;788;62124;3042;31698
evaluation,1961,41092;33556;58584;76628;2654;13712;69394;8136;13958;724
evaluation,1962,1442;71646;93546;51448;27572;32020;21320;82700;21162;42076
evaluation,1963,41450;75834;56582;8838;82994;27626;71404;11996;41564;10894
evaluation,1964,89932;94748;98376;7426;10720;13252;632;46752;10646;39418
evaluation,1965,89932;94748;98376;7426;13252;46752;632;10720;10646;97662
evaluation,1966,1094;48690;54282;17956;9762;49302;1268;6824;41328;57962
evaluation,1967,25168;94748;98376;584;10720;2290;89932;19146;6594;4682
evaluation,1968,392;43600;590;92286;4114;89536;3110;22749;67048;99796
evaluation,1969,45102;3110;62322;69794;5676;11960;32936;256;4090;13386
evaluation,1970,46752;1788;10276;23214;14014;11698;81768;15282;3668;31132
evaluation,1971,89932;13252;10720;632;49986;3132;16208;1880;3608;98376
evaluation,1972,79358;3668;456;14686;77464;23214;13880;5484;89894;1788
evaluation,1973,87554;9762;39760;21888;36545;1382;9828;26104;64522;1260
evaluation,1974,85706;83264;19584;66106;31850;18018;52452;724;56112;584
evaluation,1975,57048;74260;34454;96854;54258;67336;1382;31850;13712;65160
evaluation,1976,71330;5086;82920;28190;27818;52600;65370;1400;73070;44954
evaluation,1977,64522;52420;32120;42076;9828;910;31216;33556;71934;65160
evaluation,1978,89232;88748;78164;22494;6136;76764;97662;56786;5362;46748
evaluation,1979,78164;76764;88748;82044;59964;98194;39398;13252;42062;98210
evaluation,1980,98376;98210;7426;632;94748;39418;10646;13252;97662;42062
evaluation,1981,31368;45478;42556;392;43600;5280;6794;17326;25144;8838
evaluation,1982,13252;98376;94748;89932;632;98210;10646;10720;7426;46752
evaluation,1983,55450;81268;28456;18018;6178;56112;4416;83194;52452;13386
evaluation,1984,34576;57182;80;76478;33540;22912;23718;89024;76672;76644
evaluation,1985,214;52030;2080;84340;8006;95758;1672;18238;56168;896
evaluation,1986,75834;89024;87388;2068;90534;9890;79807;58776;17278;95758
evaluation,1987,18640;87388;8006;38632;1826;45638;35832;11996;30090;16114
evaluation,1988,13712;76628;46142;25296;522;1382;910;65160;41092;13958
evaluation,1989,25144;19510;24160;21547;31816;47098;18805;96702;75986;47018
evaluation,1990,2920;1788;33270;10276;57410;37624;91582;13182;29122;5464
evaluation,1991,35884;97662;88748;97673;632;8196;13252;3894;22494;98376
evaluation,1992,45102;84324;29788;49202;2536;896;84340;60400;470;22823
evaluation,1993,81268;8336;50070;55450;18018;56162;56028;91580;19584;20360
evaluation,1994,2920;1788;46748;57410;91582;33270;13182;21886;37624;10276
evaluation,1995,39314;96394;8524;9232;99564;92788;19584;85412;59750;22284
evaluation,1996,13182;472;31132;5362;36258;84324;65562;33270;92788;21886
evaluation,1997,49396;8828;37476;69562;1146;18330;72940;49302;60042;65646
evaluation,1998,1094;49302;54282;1146;37248;9616;88130;69794;22132;48690
evaluation,1999,81768;78164;10276;92788;90476;25170;57410;76764;23214;2920
evaluation,2000,97662;6136;92788;76764;22494;88748;13252;81398;94748;97673
evaluation,2001,63862;88748;78164;46748;70200;76764;3670;57410;472;97662
evaluation,2002,77464;23214;3668;6178;1788;11532;17458;14014;56312;39618
evaluation,2003,33416;13466;81768;73124;87064;7410;10708;28352;1260;47278
evaluation,2004,9486;26810;52030;67048;96169;16866;16420;74256;22650;30070
evaluation,2005,588;29582;3944;29788;21448;45178;1672;39624;10276;96238
evaluation,2006,78164;88748;22494;90476;98194;8336;48048;82044;42062;89232
evaluation,2007,88748;76764;78164;22494;63862;10646;82044;89232;90476;59964
evaluation,2008,89932;94748;98376;10720;632;41830;13252;98210;7426;22494
evaluation,2009,1788;57410;2920;46748;91582;29122;21886;37624;33270;0
evaluation,2010,13182;15282;39618;31618;77464;33838;81768;83904;65562;69582
evaluation,2011,590;9392;4300;55432;788;52220;47018;43600;31132;30090
evaluation,2012,48216;78380;5676;6224;1247;32020;48690;32936;3110;78392
evaluation,2013,62213;71406;35124;34454;1260;36348;612;31850;14770;7410
evaluation,2014,81038;91864;3434;87336;16114;89024;332;22912;19510;47098
evaluation,2015,78164;33222;3670;35884;4570;88748;20470;98194;56786;76764
evaluation,2016,98194;29122;71108;56358;78164;57410;24616;13182;33270;35884
evaluation,2017,88748;8336;63862;71108;20470;84324;82044;78164;62322;1422
evaluation,2018,19510;89024;26350;64522;23859;398;798;33354;88788;22912
evaluation,2019,89232;78164;97662;22494;90476;39418;1202;62902;84324;94748
evaluation,2020,754;3042;12964;29122;96238;282;14136;1880;9464;62124
evaluation,2021,33556;13958;522;41092;74050;13712;36348;910;58584;69394
evaluation,2022,3110;48216;88670;13212;3136;35884;11308;48690;3306;93546
evaluation,2023,56168;15363;124;38784;59512;5506;19846;37248;98080;5258
evaluation,2024,39418;56312;22494;97662;62322;61208;78164;82044;89232;21636
evaluation,2025,724;1268;37602;43658;35124;1400;22568;65160;2026;14686
evaluation,2026,42076;32020;98166;51448;1442;30758;54482;27572;6008;20666
evaluation,2027,78164;88748;22494;63862;13252;632;97662;98194;42062;90476
evaluation,2028,98210;98376;10646;10720;29410;13252;89932;18138;632;7426
evaluation,2029,28900;91580;880;47720;65393;50070;48392;4416;39286;94285
evaluation,2030,26810;16420;96169;67048;38248;968;1398;22650;1362;3864
evaluation,2031,36862;22078;41564;83412;52234;46252;10586;8032;5086;23713
evaluation,2032,6794;2536;6616;887;89024;1234;49302;73242;1094;87336
evaluation,2033,94748;56786;89932;10646;632;39418;98194;98210;98376;54964
evaluation,2034,55450;81268;83194;52452;56112;87554;18018;28456;7426;66106
evaluation,2035,33556;58584;13712;41092;13958;76628;522;25296;89894;74050
evaluation,2036,37356;62213;32554;584;65393;26198;21420;880;40062;28456
evaluation,2037,3662;90534;38016;4594;1366;8524;17824;31264;75834;72932
evaluation,2038,67336;40620;14992;13668;71934;1382;65160;910;30758;53476
evaluation,2039,97662;89232;97673;46748;56312;90476;84324;76764;19114;62902
evaluation,2040,3110;32936;78380;392;99796;67048;84726;5952;77306;86026
evaluation,2041,97806;1422;97259;13252;20470;98210;632;70854;30870;10646
evaluation,2042,13886;14012;3450;48392;1002;97228;6886;32554;55450;62902
evaluation,2043,88748;78164;90476;97662;98194;1422;63862;71108;29152;8336
evaluation,2044,880;37356;70200;32554;65393;93232;62902;1080;28456;40062
evaluation,2045,77464;1788;3668;6178;8330;11532;11698;23214;11874;18138
evaluation,2046,95318;29594;14550;17326;30028;31216;5086;10122;5096;42556
evaluation,2047,65370;82920;89894;32120;71330;78402;48140;73070;94242;4166
evaluation,2048,78380;48216;6224;48690;32936;5676;32020;54282;93546;51448
evaluation,2049,16080;49302;54258;48140;57048;23790;87554;12854;94242;342
evaluation,2050,31950;65160;81268;31850;94954;24676;75986;97962;51916;37602
evaluation,2051,90522;34628;49252;72828;27042;12318;22940;29594;41498;30070
evaluation,2052,29722;3944;69394;14812;46232;54418;1386;9828;9440;34628
evaluation,2053,622;76628;14114;39760;36545;56106;33556;1382;13712;22788
evaluation,2054,21420;20774;25168;23632;10720;39398;880;75834;7316;11598
evaluation,2055,34454;3166;6778;13466;2392;11758;2920;4166;48140;74434
evaluation,2056,13886;14012;48392;69432;62902;39286;1002;55450;97228;56112
evaluation,2057,16420;47278;19948;38248;87336;54404;66044;5086;93448;60
evaluation,2058,94748;78164;90476;22494;39418;84324;21636;13252;17770;89232
evaluation,2059,26810;968;3864;54404;67048;45412;1398;1362;16420;9486
evaluation,2060,64658;43658;724;64412;36888;8712;31950;65160;1268;17956
evaluation,2061,9828;92786;1494;5256;35124;21886;37602;910;5484;21162
evaluation,2062,71934;1588;31850;1568;27662;88460;14992;96854;65370;22568
evaluation,2063,88748;63862;56786;78164;22494;33222;24616;42062;94748;97662
evaluation,2064,93546;32020;32936;71646;12166;1442;51448;4090;27572;82700
evaluation,2065,41528;2062;1402;90522;10855;96169;41498;8938;16420;30070
evaluation,2066,1215;81050;5952;49396;2380;72932;40062;13582;98080;55450
evaluation,2067,90534;74256;38016;4594;72932;75834;8838;28510;96238;50166
evaluation,2068,21320;1442;54482;98166;42076;82700;4090;51448;93546;20666
evaluation,2069,754;96238;15282;0;5988;1880;12110;10960;9108;5992
evaluation,2070,25296;58584;41092;522;33556;74050;46142;76628;13958;69394
evaluation,2071,120;98080;13598;5258;21420;4494;14136;1574;14171;17956
evaluation,2072,90534;74256;4594;38016;75834;11996;8838;72932;17824;45478
evaluation,2073,18805;28282;77306;6156;45638;74434;67048;13466;82328;96702
evaluation,2074,6824;26528;6440;96103;496;32584;6828;14171;74192;1386
evaluation,2075,99796;3110;32936;392;67048;78392;48216;1398;85654;44024
evaluation,2076,30870;292;42678;95758;23890;38542;13182;8032;37800;7696
evaluation,2077,4494;308;32584;26810;11758;22862;31816;6828;8812;26528
evaluation,2078,612;33416;13466;34454;86870;74434;6778;1260;2392;34628
evaluation,2079,47098;8032;96394;90534;91970;2068;47018;798;80866;11996
evaluation,2080,91242;6616;6778;47018;53237;73242;95186;96394;22788;1200
evaluation,2081,21448;78294;20952;16830;52234;30874;20766;4116;64522;69582
evaluation,2082,20830;25144;31816;75986;358;50268;12224;47018;64522;37624
evaluation,2083,75986;24728;2392;12318;4944;38326;34628;2035;11772;25144
evaluation,2084,90534;38016;74256;2068;13598;89024;8524;4594;28908;798
evaluation,2085,51792;1094;2536;65646;26298;75582;2092;11772;10855;29028
evaluation,2086,41564;40338;80850;702;20774;14171;98997;4116;31368;81398
evaluation,2087,26810;96169;86026;74256;9486;22650;54404;1402;4594;30070
evaluation,2088,31850;31950;37602;28594;54258;4688;35124;16080;62213;522
evaluation,2089,55450;18018;4416;56112;91580;66106;7426;28456;56028;62902
evaluation,2090,4688;98166;37602;35124;6894;1382;80744;2654;26528;31950
evaluation,2091,40552;15970;10586;9602;24650;10708;98532;20666;21286;2358
evaluation,2092,754;62124;10960;1880;282;3042;96238;15282;36040;12964
evaluation,2093,24650;6396;98166;21162;8604;51448;54482;10174;17956;21320
evaluation,2094,41564;40338;14171;2868;16080;81398;20774;38168;13598;27076
evaluation,2095,6006;27818;7150;2706;13514;28190;7410;20694;22568;496
evaluation,2096,2068;19510;75834;90534;89024;59630;4594;8524;18680;13598
evaluation,2097,18805;18238;44166;28510;79320;26350;89220;4664;45638;52234
evaluation,2098,74050;910;6156;2035;4426;13668;34628;612;4944;66044
evaluation,2099,78164;94748;21636;39418;28900;13252;90476;48048;76764;84324
evaluation,2100,71108;29122;56786;56358;98194;56312;39418;6136;47896;29410
evaluation,2101,48216;78380;5676;32936;48690;6224;93546;32020;1046;3110
evaluation,2102,75986;74194;49252;71718;33016;12318;2392;11772;12844;56460
evaluation,2103,33838;26780;10276;11698;36258;80286;30704;57410;23890;30870
evaluation,2104,45102;15363;2080;5234;104;24760;9392;76996;6216;39186
evaluation,2105,96238;20774;65998;20360;880;18214;1644;93768;77426;44544
evaluation,2106,13886;48392;14012;69432;62902;3450;97228;19146;39286;6886
evaluation,2107,37356;32554;880;93232;65393;70200;1080;6132;764;48392
evaluation,2108,88748;6136;22494;89232;78164;76764;56786;63862;83904;48048
evaluation,2109,11108;1434;2290;77426;69432;17770;93768;6886;13868;16208
evaluation,2110,21162;51448;71646;82700;32020;27572;98166;1442;12166;21320
evaluation,2111,48216;78380;32936;6224;5676;3110;14171;52526;1247;78392
evaluation,2112,15363;45102;2080;76996;77252;104;5234;256;6216;24760
evaluation,2113,22132;63498;11108;6648;13868;6354;24760;582;88130;37248
evaluation,2114,37356;32554;21420;40062;65393;20470;764;62213;1002;26198
evaluation,2115,51792;2092;10855;41528;29028;75582;60400;90522;41498;26298
evaluation,2116,7284;59964;97259;42062;98210;632;98376;69582;89932;78164
evaluation,2117,88748;22494;78164;63862;3670;55450;90476;81398;76764;81268
evaluation,2118,48216;78392;78380;1247;26528;9948;3536;48690;1094;14171
evaluation,2119,80744;11960;28594;37602;17956;910;1442;35124;13582;2654
evaluation,2120,80744;910;1442;2654;82700;13514;37602;22862;11960;406
evaluation,2121,63498;13868;22132;6648;11108;4116;258;582;10404;292
evaluation,2122,51792;27042;75582;2092;90522;72828;12;41498;88846;49252
evaluation,2123,76764;88748;78164;97662;5362;84324;81768;472;13182;24616
evaluation,2124,88748;22494;63862;97662;78164;62322;76764;90476;83904;98194
evaluation,2125,98210;632;98376;13252;1422;97259;10720;10646;472;12110
evaluation,2126,47098;42320;44544;92788;2744;23214;41450;88788;88748;31132
evaluation,2127,98194;56564;21694;22494;29410;56786;94748;59964;4416;83904
evaluation,2128,6136;56786;2280;472;98194;89232;33222;71108;13182;78164
evaluation,2129,89932;59964;632;88748;94748;7284;98210;42062;78164;29410
evaluation,2130,78380;48216;69794;26528;48690;5676;6224;93546;1247;32936
evaluation,2131,48140;33556;3646;724;27386;81038;53237;78164;91580;65370
evaluation,2132,98080;120;1574;57962;124;78928;5258;2396;13598;2444
evaluation,2133,6886;880;27076;14012;13886;48392;584;51638;32554;19146
evaluation,2134,74256;29716;86870;49202;99796;90534;14770;52030;13886;22650
evaluation,2135,37356;32554;880;65393;70200;93232;48392;28456;14012;1080
evaluation,2136,82044;39418;13252;632;30870;59964;1422;84324;20470;92788
evaluation,2137,89932;49986;94748;16208;46752;98376;10404;13252;17048;83412
evaluation,2138,1094;49302;57962;9762;12854;41328;20488;9948;2706;20152
evaluation,2139,6824;48690;3110;3136;9762;48216;54194;6224;3306;30758
evaluation,2140,25296;33556;1386;6824;23674;13958;46142;58584;13712;78402
evaluation,2141,18640;4946;82328;1826;48752;5642;4276;41078;31264;35054
evaluation,2142,5620;46252;6648;33210;66602;32554;48392;38168;8196;7918
evaluation,2143,31850;3166;11758;83264;96854;1400;3894;65370;86870;38558
evaluation,2144,89932;94748;13252;49986;24434;632;54964;98376;16208;46752
evaluation,2145,94954;39286;26198;99564;13342;47720;28900;38334;77426;25168
evaluation,2146,76628;522;33556;5508;41092;13712;74050;483;25296;65160
evaluation,2147,48752;18238;3662;82328;31264;41078;58718;398;4276;96150
evaluation,2148,98210;83412;98376;1788;97259;89932;46752;1422;9108;17458
evaluation,2149,17770;21636;4416;282;93232;42678;48392;37476;6648;2900
evaluation,2150,6886;27076;40338;48392;14012;19114;880;38168;69432;77426
evaluation,2151,20360;78164;90476;89232;20470;84324;13252;7696;3754;82044
evaluation,2152,98376;89932;632;13252;94748;10720;39418;10646;98210;11108
evaluation,2153,82700;21162;88846;48198;1442;21320;59968;9828;12166;27572
evaluation,2154,78380;48216;69794;26528;1247;48690;5676;6224;93546;1046
evaluation,2155,5258;2444;84340;52030;14171;214;896;120;256;98080
evaluation,2156,48690;3678;26858;30758;17956;64412;98166;93546;2836;88670
evaluation,2157,702;60;27626;16420;14550;33416;86574;1080;93448;40338
evaluation,2158,17902;74256;96238;590;21484;4114;3110;2234;99796;88130
evaluation,2159,702;27626;16420;14550;60;86574;93448;1080;33416;29594
evaluation,2160,1968;4116;31816;6716;30874;85676;20830;25144;9890;358
evaluation,2161,39418;71108;78164;56786;74050;98194;70854;36258;66438;90410
evaluation,2162,6886;48392;584;880;27076;69432;14012;32554;40338;70200
evaluation,2163,78164;81768;7696;98194;35032;31618;1422;35884;70854;584
evaluation,2164,97259;97806;1422;98210;89932;98937;49986;14014;31618;98194
evaluation,2165,41092;36348;58584;14992;33556;910;1442;27572;622;36545
evaluation,2166,48216;78380;1247;48690;5676;6224;69794;93546;32020;32936
evaluation,2167,49302;87554;16080;48140;52600;27818;65160;75986;54258;10122
evaluation,2168,7150;13514;27662;2026;7410;496;20694;22568;17106;1268
evaluation,2169,96169;9486;26810;74256;1402;16420;21547;22650;2062;90534
evaluation,2170,22494;97662;89232;56786;76764;78164;88748;98194;4416;1202
evaluation,2171,1434;11108;582;2290;13868;3608;77426;1736;6648;8190
evaluation,2172,41092;33556;37602;58584;14992;35124;17106;724;910;69394
evaluation,2173,69394;522;41092;13712;13958;45178;76628;33556;612;8136
evaluation,2174,45174;3140;17326;71904;64102;17014;47098;36862;85676;93448
evaluation,2175,72932;87800;45638;58718;86577;44954;2564;28282;81038;80
evaluation,2176,48690;98166;6894;51448;3678;41010;19274;71646;93546;30758
evaluation,2177,88670;6824;6224;78380;48690;26858;69794;18680;51448;3678
evaluation,2178,47278;5086;86510;358;88788;64522;85676;68560;4116;93448
evaluation,2179,59882;12314;97962;73070;95186;1022;91864;20034;78294;45174
evaluation,2180,41528;8502;702;28510;1044;39624;6224;77238;1672;74256
evaluation,2181,17502;17770;4416;21636;37476;20488;18330;94285;13712;47720
evaluation,2182,91242;17376;44544;38326;89024;332;2392;73242;86577;96169
evaluation,2183,88670;48690;6824;51448;78380;69794;6224;93546;32020;3678
evaluation,2184,1060;5272;70630;8938;23674;1410;9908;56460;38354;1402
evaluation,2185,86870;34454;612;81768;13466;31816;6794;33016;2920;65160
evaluation,2186,5280;33354;14454;91864;47098;21170;95606;28908;17326;398
evaluation,2187,88748;63862;62322;82044;66438;89232;92786;56564;35832;78164
evaluation,2188,81268;55450;28456;4416;56112;18018;83194;35832;52452;83264
evaluation,2189,39760;56106;14114;16080;78928;96854;9762;56028;13668;31850
evaluation,2190,88748;63862;78164;97673;22494;1422;97662;81768;2398;76764
evaluation,2191,8812;1422;8336;632;12110;85412;70854;14136;4494;17458
evaluation,2192,49986;83412;46752;10276;4494;35884;3668;17048;2398;4116
evaluation,2193,13386;18278;31698;29338;16866;16036;11532;12686;3450;31864
evaluation,2194,13182;472;56358;5362;46752;46104;33270;65562;23214;91582
evaluation,2195,23890;23214;3668;15282;92786;11698;2290;10276;11758;5202
evaluation,2196,94748;89932;98376;98210;10720;13252;632;56786;42062;54964
evaluation,2197,88748;6136;97662;82044;24616;83904;25168;98194;10646;89232
evaluation,2198,88748;89232;78164;47896;76764;472;46748;22494;6136;39418
evaluation,2199,78164;97662;90476;472;76764;89232;22494;42062;88748;62902
evaluation,2200,2398;13252;17770;30870;8336;9464;6354;39418;8812;1422
evaluation,2201,78164;71108;47896;8336;20470;13182;1422;82044;56162;29410
evaluation,2202,97662;98194;47896;33270;34393;88748;24616;22494;29152;880
evaluation,2203,76764;22494;13252;97662;88748;78164;97673;632;90476;46748
evaluation,2204,88748;70994;63862;22494;47896;31864;78164;61208;20470;71108
evaluation,2205,83904;88748;6136;63862;47896;57868;20470;880;82044;42062
evaluation,2206,88748;78164;20470;63862;35884;71108;33222;27850;47896;14012
evaluation,2207,70994;66438;42062;57868;71108;31864;70854;47896;20470;33222
evaluation,2208,29410;63084;47896;12686;78164;84324;98210;54190;66438;90476
evaluation,2209,37800;6886;13868;2900;12110;97673;3283;582;70200;14012
evaluation,2210,56786;33222;78164;57868;22494;56358;26312;88748;76764;89232
evaluation,2211,81268;55450;28456;4416;56112;83194;18018;35832;52452;83264
evaluation,2212,71330;28190;5086;27818;22749;89834;52600;48140;1400;20830
evaluation,2213,5280;1900;98730;85539;2564;33354;28908;21170;91864;19846
evaluation,2214,99796;3110;32936;392;67048;78392;48216;1398;1094;44024
evaluation,2215,5280;91864;12854;14454;33354;23674;98730;21170;44166;398
evaluation,2216,2068;90534;75834;60042;19510;59667;38016;11996;8032;91970
evaluation,2217,483;52452;90410;584;55450;6886;81268;8336;470;880
evaluation,2218,472;30704;33270;29122;2188;84324;76764;56358;31132;15282
evaluation,2219,89932;10720;33222;10646;1422;39418;61208;13252;3670;98376
evaluation,2220,46752;10276;17458;46104;81768;1788;79358;3668;14014;83412
evaluation,2221,724;1268;35124;2026;49302;80744;37602;17956;4996;96103
evaluation,2222,49302;12854;94242;16080;724;1268;9948;54258;10122;35124
evaluation,2223,13212;3110;48216;35884;3136;39624;41010;48690;3306;88670
evaluation,2224,18805;31379;26350;39186;1200;28510;14812;124;2062;17328
evaluation,2225,93854;83412;16622;41394;45412;73124;46046;86574;95980;17328
evaluation,2226,82920;32120;65370;89894;78402;71934;1568;52600;57390;456
evaluation,2227,17502;17770;37476;18330;13712;4416;21636;34454;20488;48392
evaluation,2228,94954;39286;26198;99564;47720;28900;38334;77426;13342;27850
evaluation,2229,41770;5676;22816;16114;12166;23558;51448;32020;93936;93546
evaluation,2230,57048;54258;13712;74260;612;1382;67336;77646;36348;34454
evaluation,2231,74256;536;39398;31618;52030;96238;36040;92286;16866;8006
evaluation,2232,1046;4264;16850;4300;3110;54418;97741;85706;99796;92156
evaluation,2233,910;74050;64522;36348;612;14770;56106;41092;22749;522
evaluation,2234,702;16420;60;27626;33416;93448;80952;86574;95318;30148
evaluation,2235,45102;69794;256;5676;29788;13386;11960;84324;62322;48198
evaluation,2236,1146;92286;65646;65998;11142;88130;9376;49302;43600;54282
evaluation,2237,87297;47720;6132;56162;15282;39286;764;69432;32554;26198
evaluation,2238,88748;3670;63862;24616;76764;472;33222;78164;22494;46748
evaluation,2239,18018;55450;56112;7426;91580;52452;81268;56786;28456;83194
evaluation,2240,97259;97806;49986;17048;1422;16208;632;1766;98210;69582
evaluation,2241,10720;23214;98210;83412;46752;46104;81768;13182;10646;1308
evaluation,2242,88748;76764;97662;22494;78164;5362;10646;89232;24616;71108
evaluation,2243,41092;33556;910;14992;58584;76628;48198;17106;21320;27662
evaluation,2244,23790;48140;36888;53237;31850;4688;14686;33556;7366;28456
evaluation,2245,57048;54258;74260;13712;1382;612;36348;76628;67336;65160
evaluation,2246,92286;9616;43600;25144;99838;18800;1146;62213;1826;308
evaluation,2247,71934;31850;1568;1588;88460;59134;96854;6008;40620;14992
evaluation,2248,77368;59667;21320;18330;48690;98166;522;7150;1080;13958
evaluation,2249,75986;33016;56460;1410;23674;2392;12318;11772;3827;34628
evaluation,2250,13886;584;56112;29874;880;30652;32554;19146;97228;7316
evaluation,2251,55450;81268;28456;56112;18018;83194;35832;4416;11532;7426
evaluation,2252,1968;38326;38248;9890;23674;2392;64102;96169;30826;9828
evaluation,2253,48216;78380;5676;6224;1247;48690;88670;32936;32020;13282
evaluation,2254,18330;21320;59667;42076;98166;82700;77368;5948;32020;48690
evaluation,2255,76644;76672;14812;6660;38536;887;4276;60042;73268;53592
evaluation,2256,56112;55450;81268;83194;88670;52452;21162;48690;584;7426
evaluation,2257,87297;6132;56162;15282;98210;47720;97662;66438;39286;94285
evaluation,2258,2092;75582;26298;51792;41528;13212;29028;41498;11142;11772
evaluation,2259,45102;69794;29788;98924;62322;256;11960;5676;48198;84324
evaluation,2260,754;96238;36040;63084;258;12964;17956;57962;2396;4090
evaluation,2261,72940;12;9948;896;64910;82920;57390;51792;30826;2080
evaluation,2262,2092;51792;75582;10855;41498;41528;90522;52420;29028;51148
evaluation,2263,26810;96238;91970;96169;90534;85654;74256;0;74192;29722
evaluation,2264,3668;1080;37356;85706;40062;62213;65393;40338;3132;53237
evaluation,2265,13886;880;19146;56112;51638;77426;26198;1002;27076;29874
evaluation,2266,47896;84324;97662;88748;78164;71108;97673;29152;98210;39418
evaluation,2267,58584;76628;41092;33556;13712;46142;522;13958;25296;69394
evaluation,2268,7150;7410;2706;20694;12854;896;14454;31042;27818;54194
evaluation,2269,50512;69394;89536;58602;45206;39356;15970;22749;14812;4946
evaluation,2270,45102;69794;98924;29788;11960;256;62322;1247;88846;13386
evaluation,2271,398;18640;68166;47098;58776;19510;87388;38248;89024;47018
evaluation,2272,87297;47720;56162;10960;98210;6132;6136;15282;4416;36040
evaluation,2273,31379;398;16114;26350;19510;22128;64626;91864;17326;798
evaluation,2274,13252;17770;78164;94748;632;21636;20360;82044;90476;1002
evaluation,2275,65370;32120;78402;89894;82920;14992;13880;35124;94242;456
evaluation,2276,48216;78380;1247;5676;48690;6224;32020;93546;13958;69794
evaluation,2277,14992;65160;31850;7150;41328;23790;22568;13880;724;65370
evaluation,2278,34628;49202;29716;944;858;2035;4426;33016;49252;4944
evaluation,2279,64484;97962;24728;59882;1382;31950;40440;95318;60368;47278
evaluation,2280,45102;69794;256;5676;11960;32020;62322;84324;29788;588
evaluation,2281,4946;45206;96150;58602;53592;4276;46232;50512;5642;58060
evaluation,2282,72932;87800;44954;58718;86577;2564;45638;81038;85676;87336
evaluation,2283,6886;84324;85412;8812;98376;16010;35884;98210;96238;584
evaluation,2284,48216;78380;13282;54282;48048;14171;1247;1094;78392;48690
evaluation,2285,13212;9762;26104;1094;13514;96103;724;6006;6824;26780
evaluation,2286,5676;6224;32936;18330;13212;48216;13712;13958;78380;4796
evaluation,2287,9948;2380;54282;8712;1046;1247;3536;49302;78392;1094
evaluation,2288,16622;1366;15924;17824;45174;17326;80;9890;19510;22912
evaluation,2289,18532;8604;64626;54482;26104;17956;41770;10174;24650;2836
evaluation,2290,65160;40620;1382;71934;14992;76628;30758;13668;39760;65393
evaluation,2291,18532;17956;64626;26858;8604;18680;54482;77426;96238;24650
evaluation,2292,71934;31850;1588;1568;27662;65370;456;7150;22568;14992
evaluation,2293,45206;442;4276;96150;1366;58718;31264;46232;58602;4946
evaluation,2294,10682;87388;98730;36592;342;80112;10894;18238;56582;71404
evaluation,2295,18018;28456;91580;55450;56112;52452;81268;98194;4416;7426
evaluation,2296,1366;12290;3662;58776;74256;17824;31264;18238;41078;54418
evaluation,2297,89932;94748;16208;98376;10720;54964;10404;13252;25168;46752
evaluation,2298,54282;84340;65646;1146;48048;88130;49302;99838;42076;6886
evaluation,2299,89932;98376;94748;10720;632;13252;98210;41830;49986;10646
evaluation,2300,58776;87388;18640;1826;59750;4116;25144;4114;2068;19510
evaluation,2301,55450;81268;7426;66106;56112;18018;56028;4416;56106;87554
evaluation,2302,17770;4416;56162;94285;17502;21636;20488;6132;26198;20360
evaluation,2303,26810;9486;22650;3864;30070;96169;968;38248;2062;67048
evaluation,2304,86574;702;16420;60;80952;95318;93448;30826;22862;48664
evaluation,2305,45102;69794;62322;13386;256;11960;5676;1247;51448;39624
evaluation,2306,45206;4276;96150;442;1366;46232;58718;58602;53592;4946
evaluation,2307,44954;95606;85676;406;45174;14812;10122;20848;88788;38536
evaluation,2308,9762;88670;57962;39624;21162;69794;27572;23558;48690;51448
evaluation,2309,17770;56162;17502;94285;26198;21636;6132;20360;52452;11308
evaluation,2310,81268;55450;56112;83194;18018;83264;66106;52452;28456;35832
evaluation,2311,6136;83904;22494;33222;98194;56786;3670;71108;88748;13182
evaluation,2312,21694;39286;91580;90410;26312;94748;35032;28900;79358;52452
evaluation,2313,754;12964;57962;14136;10960;96238;63084;88460;24760;6836
evaluation,2314,58584;2080;24690;13608;46150;5988;54258;53237;23790;8136
evaluation,2315,13958;77368;14770;1080;522;18330;59667;13712;5948;94242
evaluation,2316,41092;21320;21162;58584;27572;1442;910;59968;13958;33556
evaluation,2317,2026;7150;28456;45206;12854;13514;41162;23790;14770;13282
evaluation,2318,88460;77579;71934;14992;456;6008;41010;5988;4166;1588
evaluation,2319,12854;53476;71934;2080;14454;4166;64522;23859;40620;33354
evaluation,2320,17502;17770;69432;92192;47720;6648;66602;65393;48392;8190
evaluation,2321,91580;81268;11874;35032;39286;79358;50070;25168;28900;90410
evaluation,2322,48216;78380;6224;32936;1247;5676;93546;32020;3110;69794
evaluation,2323,21694;91580;39286;50070;87297;90410;94285;35032;28900;6178
evaluation,2324,29874;584;880;13886;77426;56428;3608;22284;30652;7316
evaluation,2325,47720;32554;91580;31864;14014;764;71108;632;48392;13886
evaluation,2326,26810;34628;858;16420;4426;0;49202;49252;2492;45412
evaluation,2327,612;86870;34628;34454;81768;33016;33416;1260;65160;2920
evaluation,2328,63862;88748;78164;24616;22494;76764;3670;97662;472;33222
evaluation,2329,14550;29490;80850;10894;30028;24676;70210;68166;622;27626
evaluation,2330,21694;87297;94748;91580;39286;79358;28900;50070;90410;35032
evaluation,2331,8604;26104;7150;18430;20694;54194;7410;2836;24650;97962
evaluation,2332,10720;65393;13252;51638;62902;632;66602;26198;97228;92198
evaluation,2333,24160;63534;7922;44544;78402;21286;13582;14136;24434;89536
evaluation,2334,1260;612;910;4100;15970;54194;1308;2744;33416;14770
evaluation,2335,88670;48690;78380;6824;51448;69794;27572;48216;3136;3678
evaluation,2336,35832;18430;83264;47278;10708;33416;7410;54194;64658;1260
evaluation,2337,442;26810;4594;74256;1348;71904;20034;58718;9486;1618
evaluation,2338,48216;32936;78380;5676;6224;1247;32020;93546;3110;11308
evaluation,2339,51448;1442;42076;32020;98166;35124;71646;93546;54482;57784
evaluation,2340,17770;17502;4416;69432;94285;35722;56162;20488;282;87297
evaluation,2341,9464;8190;3754;16208;6648;4368;2056;11108;2900;5620
evaluation,2342,65370;89894;82920;32120;78402;33556;48140;94242;13880;69562
evaluation,2343,21484;24690;82920;58584;78402;8136;69394;33556;76628;41092
evaluation,2344,30070;96169;26810;1348;52030;74192;38248;68994;90534;1402
evaluation,2345,29594;95318;40971;87336;1022;64750;79320;12224;3827;10122
evaluation,2346,91580;50070;90410;39286;86654;87297;71108;94748;94285;28900
evaluation,2347,94954;13342;26198;28900;39286;25168;99564;47720;6354;65393
evaluation,2348,45178;58584;41092;14770;74050;522;36348;910;77646;69394
evaluation,2349,17502;17770;4416;69432;94285;56162;92192;20488;87297;35722
evaluation,2350,21694;87297;39286;91580;94748;79358;28900;35032;94285;50070
evaluation,2351,96238;74256;87554;28510;9890;4494;75834;1044;30070;1260
evaluation,2352,23674;34628;2035;49202;90534;0;44702;2868;9486;26810
evaluation,2353,67048;16420;26810;968;1398;7630;1362;2868;45412;74192
evaluation,2354,10708;1382;98166;17956;48690;31950;6894;89024;4688;622
evaluation,2355,75986;57048;16080;7366;54258;56460;48140;2868;96854;33016
evaluation,2356,31264;87388;80112;56582;18238;4044;1672;10682;8838;10894
evaluation,2357,91580;21694;39286;87297;90410;94748;94285;50070;28900;71108
evaluation,2358,55450;81268;83194;56112;18018;7426;35832;28456;83264;56106
evaluation,2359,90534;74256;75834;38016;2068;1366;3662;82328;17824;8838
evaluation,2360,48690;30758;98166;17956;42076;6824;88670;93546;1442;27572
evaluation,2361,1146;71646;80286;24616;41010;57410;1247;9762;2536;11142
evaluation,2362,69562;896;49396;37476;84340;72940;48140;57566;52030;52600
evaluation,2363,49396;896;69562;84340;37476;57566;52030;52600;96854;72940
evaluation,2364,46142;33556;41092;58584;76628;13712;35124;25296;78402;724
evaluation,2365,82920;89894;65370;32120;78402;33354;94242;57390;11060;10960
evaluation,2366,8524;39314;21888;24650;536;17956;94242;8604;64626;77368
evaluation,2367,21484;78402;24690;82920;41060;12854;92286;20848;98080;58584
evaluation,2368,45102;69794;32020;256;5676;11960;6224;588;62322;4090
evaluation,2369,39314;27662;8604;14992;62213;8524;31950;13880;88460;83412
evaluation,2370,41162;4984;36888;76628;754;89536;13342;89894;65370;32120
evaluation,2371,54190;98194;36258;11698;30704;17458;16850;14014;31864;13868
evaluation,2372,6136;3670;33222;24616;98194;56786;83904;91582;13182;71108
evaluation,2373,16622;1366;15924;17824;45174;17326;9890;80;58776;19510
evaluation,2374,72932;87800;44954;58718;86577;2564;81038;45638;85676;87336
evaluation,2375,27662;71934;17106;59134;19274;88460;40620;41010;20694;35124
evaluation,2376,48690;48216;3136;21162;6824;51448;69794;71646;23558;30758
evaluation,2377,71330;28190;27818;5086;52600;82920;89834;65370;22749;20830
evaluation,2378,65998;3944;9948;29582;96169;51792;26810;588;89834;52030
evaluation,2379,64522;29594;13466;34454;20848;53237;79320;4116;52234;95606
evaluation,2380,13182;29152;34393;21886;94748;29410;71108;2280;41830;56564
evaluation,2381,84340;896;1268;3646;43658;52030;49302;72940;69562;1146
evaluation,2382,77252;46252;76996;5234;92934;86510;98080;282;50166;39186
evaluation,2383,3662;1366;17824;31264;12290;58776;48752;398;36862;442
evaluation,2384,38248;9890;45174;12290;17326;58776;16622;1366;17824;4264
evaluation,2385,2290;1736;1434;582;8190;6594;6648;11108;1002;456
evaluation,2386,90410;21694;79358;39286;98194;35032;75582;91580;50070;29410
evaluation,2387,21886;13182;83904;29152;47896;56564;6136;34393;78164;63084
evaluation,2388,91580;47720;14014;71108;17770;39286;94285;31864;32554;632
evaluation,2389,91582;31132;13182;36258;472;17458;26780;9108;29338;2280
evaluation,2390,87297;56162;47720;21694;622;89232;632;4416;22494;97662
evaluation,2391,46748;22494;56786;98194;6136;97662;76764;89232;90476;71108
evaluation,2392,71108;13182;472;56358;65562;30704;46104;83904;6136;29122
evaluation,2393,48216;5676;78380;32936;1247;6224;32020;93936;3110;69794
evaluation,2394,71934;1588;1568;27662;59134;40620;76628;31850;41010;17106
evaluation,2395,21162;27572;71646;51448;98166;93546;41010;21320;1442;6894
evaluation,2396,64412;6224;48690;98166;30758;17956;10174;18330;6824;24650
evaluation,2397,2654;37602;724;35124;13514;22568;6006;17608;98166;42076
evaluation,2398,39286;91580;21694;30904;90410;50070;98194;86654;28352;71108
evaluation,2399,32120;89894;65370;82920;78402;57390;4166;33354;53476;94242
evaluation,2400,10682;87388;98730;36592;342;80112;18238;10894;56582;71404
evaluation,2401,29490;14550;42320;10894;80850;30028;50916;27626;24676;23214
evaluation,2402,31379;16114;26350;398;64626;798;64522;22128;91864;77306
evaluation,2403,24728;87336;54404;7630;34628;944;37624;49252;12318;44450
evaluation,2404,39286;91580;28900;50070;28352;52452;90410;71108;94748;86654
evaluation,2405,28190;96103;95606;94242;27818;1400;75986;71330;8524;4264
evaluation,2406,14550;27626;29490;10894;42320;58060;71495;50916;3166;80850
evaluation,2407,15363;45102;2080;76996;24760;5234;6216;104;77252;256
evaluation,2408,71108;13182;33222;26312;7575;78164;98194;472;29152;46104
evaluation,2409,66106;584;18018;83264;56112;52452;81268;28456;41162;2358
evaluation,2410,87297;47720;10720;10960;42062;48392;18138;50070;26198;91580
evaluation,2411,56460;44702;29722;34628;23674;33016;98853;1410;944;11772
evaluation,2412,41092;76628;910;33556;39760;13668;74050;522;17956;14992
evaluation,2413,41010;53476;40806;40620;71934;17608;17106;19274;6008;24650
evaluation,2414,69794;11960;5676;44450;13212;44702;256;48216;2536;1094
evaluation,2415,89232;98194;56358;56786;24616;472;83904;97662;71108;22494
evaluation,2416,63862;90476;88748;22494;78164;89232;82044;58584;97662;13252
evaluation,2417,94242;27386;3646;22749;910;74050;36348;724;35402;35124
evaluation,2418,11308;34393;21286;98532;590;73242;82649;18532;92198;70200
evaluation,2419,69794;11960;44450;44702;5676;256;13212;1442;1247;11436
evaluation,2420,24616;84324;472;13182;71108;33222;98210;97662;46748;56358
evaluation,2421,3670;33222;6136;56786;94748;472;71108;42062;13386;39618
evaluation,2422,31850;14992;2026;7150;88460;13880;1880;96854;35124;78928
evaluation,2423,80112;98730;22788;27626;34372;31264;71404;5508;1672;8838
evaluation,2424,31850;37602;31950;28594;78928;54258;35124;96854;16080;94242
evaluation,2425,97662;22494;88748;89232;76764;78164;5362;13252;39418;98376
evaluation,2426,13182;71108;78164;56786;94748;41830;472;83904;89232;21886
evaluation,2427,41092;74050;910;33556;35124;69394;36348;58584;37602;20694
evaluation,2428,88846;82700;21320;12166;28190;1442;48198;27818;26528;93546
evaluation,2429,23790;7150;2026;31850;14686;36348;5992;754;20694;22568
evaluation,2430,64522;14770;910;16114;94242;36348;4688;39760;34372;15970
evaluation,2431,87297;56162;47720;632;39286;4416;26198;40338;50070;764
evaluation,2432,87297;56786;32554;37356;39286;21694;91580;29410;89232;94748
evaluation,2433,16080;49302;89834;75986;2380;95606;12854;28190;48140;724
evaluation,2434,21484;24690;82920;78402;39356;41060;89536;69394;65646;20848
evaluation,2435,69794;11960;44450;63534;1247;44702;256;5676;11436;48216
evaluation,2436,56786;89232;6136;22494;76764;98194;71108;46748;97662;90476
evaluation,2437,16080;12854;49302;57048;54258;94242;2868;10122;96854;75986
evaluation,2438,39314;8524;92788;89932;78928;27662;65160;93854;31950;33270
evaluation,2439,20470;88748;82044;42062;14012;4570;78164;18138;31864;2280
evaluation,2440,97662;22494;88748;76764;5362;78164;89232;90476;97673;62902
evaluation,2441,16010;11308;23890;11758;56948;48660;44544;20360;4100;6886
evaluation,2442,13598;38016;46752;90534;59964;20470;23632;27176;87068;59512
evaluation,2443,1434;19114;1002;13252;69432;17770;2900;8190;7426;13868
evaluation,2444,6136;13182;83904;2280;56564;56786;21886;94748;33222;34393
evaluation,2445,21484;24690;89536;590;78402;82920;41060;69394;20848;36862
evaluation,2446,57048;34454;13712;65160;612;77646;1382;67336;54258;96854
evaluation,2447,29490;10894;24676;27626;3166;42320;23214;14550;35040;68166
evaluation,2448,10646;94748;98376;98210;632;89932;10720;13252;39418;7426
evaluation,2449,32120;65370;78402;82920;89894;57390;52600;94242;1046;71934
evaluation,2450,76764;88748;78164;97662;22494;89232;90476;632;94748;84324
evaluation,2451,31850;37602;31950;37356;62213;28594;78928;522;4688;96854
evaluation,2452,91580;50070;90410;26780;28900;39286;86654;52452;35032;98194
evaluation,2453,87297;47720;37356;32554;56162;91580;66602;48392;26198;39286
evaluation,2454,88748;63862;22494;97662;46748;78164;76764;70200;5362;24616
evaluation,2455,37356;87297;32554;47720;91580;10720;39418;65393;39286;48392
evaluation,2456,21484;82920;78402;24690;89536;39356;69562;12854;69394;41060
evaluation,2457,69794;11960;5676;44450;1247;44702;1094;74194;45102;6224
evaluation,2458,35402;8838;18238;31264;80112;4044;1672;37938;10682;82994
evaluation,2459,83904;56358;33838;25170;35032;472;38542;98194;91582;46104
evaluation,2460,48140;43010;74192;14114;7366;30826;96238;71718;50268;46302
evaluation,2461,91580;39286;86654;90410;99564;28900;50070;35032;80866;30904
evaluation,2462,39286;30904;91580;99564;52452;86654;26780;90410;56028;50070
evaluation,2463,37356;91580;87297;32554;65393;48392;38334;47720;39286;10720
evaluation,2464,10646;98376;98210;89932;94748;632;39418;13252;10720;59964
evaluation,2465,98210;98376;89932;98194;12686;56312;31864;63084;18138;56428
evaluation,2466,13182;21886;29410;83904;33222;71108;56564;98194;29152;6136
evaluation,2467,89536;94954;8812;18430;96394;83264;5992;79358;754;80866
evaluation,2468,13182;21886;83904;29152;56564;71108;78164;42062;29410;34393
evaluation,2469,41092;36348;33556;74050;58584;69394;20694;13958;522;13668
evaluation,2470,11308;4100;11758;16010;41450;3108;48660;23890;17458;5086
evaluation,2471,33416;21286;3944;60586;10016;73124;21084;21448;31950;59882
evaluation,2472,8190;19114;2290;69432;6648;1002;14012;1434;6886;17770
evaluation,2473,89932;94748;98376;16208;46752;10720;54964;10404;25168;13252
evaluation,2474,87297;56162;28900;39286;764;622;26198;47720;26312;38542
evaluation,2475,47720;87297;39286;91580;37356;21694;65393;10720;17502;764
evaluation,2476,87297;32554;37356;89232;39286;91580;94748;56786;47720;31864
evaluation,2477,10646;94748;59964;98376;42062;98210;7426;10720;89932;632
evaluation,2478,3608;24434;29874;3668;37800;7316;69582;11698;93232;16866
evaluation,2479,89894;65370;82920;32120;78402;52600;73070;33354;49396;71330
evaluation,2480,62322;88748;97662;22494;13598;92788;29410;20470;97673;39418
evaluation,2481,10646;94748;98376;10720;25168;91580;13252;7852;59964;98210
evaluation,2482,56460;98853;1060;70630;33016;5272;38354;8938;1402;23674
evaluation,2483,3944;54812;29722;39624;6224;1046;4664;3108;88670;32584
evaluation,2484,75986;3140;2392;10122;42320;16080;29154;31216;55432;40971
evaluation,2485,6828;54812;32584;3944;74256;18430;76672;22862;29722;76644
evaluation,2486,5086;86510;46252;58060;68560;30028;92934;41450;74844;98080
evaluation,2487,88748;24616;5362;3670;63862;78164;97662;76764;6136;57410
evaluation,2488,71108;56358;13182;472;56786;46104;78164;98194;6136;33270
evaluation,2489,13182;98194;83904;56358;57868;71108;472;91582;33270;56786
evaluation,2490,56358;89232;98194;71108;91580;56786;24616;29122;97662;31132
evaluation,2491,56786;33222;6136;71108;29152;98194;63084;56564;472;98210
evaluation,2492,65160;33556;522;13712;25296;76628;13958;17770;28594;1382
evaluation,2493,14992;17106;8524;39314;27662;65160;12964;27572;88460;13880
evaluation,2494,1442;9828;82700;12964;57390;21162;59968;17956;80744;48198
evaluation,2495,6136;57868;56786;83904;78164;71108;89232;13182;88748;33222
evaluation,2496,5086;4664;1494;68560;4100;86510;66044;52420;5484;76996
evaluation,2497,1348;2868;52420;54404;22788;75986;26810;80112;5760;10122
evaluation,2498,46752;3668;1788;23214;81768;5464;92786;83412;17458;2920
evaluation,2499,45206;4276;4946;96150;58602;46232;53592;50512;5642;398
evaluation,2500,120;98080;4114;5234;10392;39186;72940;48216;57566;2080
evaluation,2501,87297;21694;39286;37356;47720;62322;50070;91580;32554;90410
evaluation,2502,91580;39286;52452;50070;86654;26780;7575;90410;30904;99564
evaluation,2503,88748;63862;78164;90476;97662;47896;6136;24616;76764;83904
evaluation,2504,13182;21886;29152;56564;83904;78164;2280;41830;63084;1202
evaluation,2505,41092;33556;58584;910;36348;1442;74050;37602;14992;69394
evaluation,2506,1146;41010;2536;65646;9762;6008;1094;11308;71646;57962
evaluation,2507,26528;8604;98166;13514;6006;6894;46142;496;77368;57784
evaluation,2508,1146;9762;71646;24616;41010;80286;57410;57962;11142;6008
evaluation,2509,69794;11960;44450;44702;1247;406;5676;256;82700;1442
evaluation,2510,33556;522;12314;73070;65160;13712;23674;97962;69394;724
evaluation,2511,8524;39314;92788;89932;65160;78928;51916;93854;95980;83412
evaluation,2512,8190;9118;9948;7852;1736;358;51916;9464;4494;6648
evaluation,2513,30028;23214;10894;24676;42320;29490;14550;27626;35040;87297
evaluation,2514,62322;97662;88748;22494;29410;13598;61208;66438;39418;20470
evaluation,2515,32120;78402;65370;82920;89894;52600;1046;57390;33354;4166
evaluation,2516,6136;56358;71108;46748;472;56786;13182;91582;50070;98194
evaluation,2517,88748;63862;78164;97662;90476;22494;89232;76764;5362;24616
evaluation,2518,1788;79524;11532;37800;31864;3668;18138;11698;4570;65281
evaluation,2519,96238;41394;2920;470;71406;77646;214;9376;4100;65998
evaluation,2520,13182;21886;71108;29152;83904;472;6136;2280;78164;94748
evaluation,2521,2900;66602;6648;9464;65393;47720;8190;6886;37356;17502
evaluation,2522,880;33210;62902;584;56428;77426;6886;29874;97228;14012
evaluation,2523,13182;6136;83904;56786;94748;21886;472;56564;71108;63084
evaluation,2524,27572;1442;51448;32020;71646;21162;93546;17608;59968;41010
evaluation,2525,8524;39314;89932;92788;65160;33270;49986;632;95980;78928
evaluation,2526,32120;65370;78402;82920;89894;57390;52600;33354;1046;94242
evaluation,2527,632;97662;78164;39418;76764;88748;89932;62322;94748;71108
evaluation,2528,88748;63862;24616;92788;5362;78164;97662;3670;81768;6136
evaluation,2529,5464;30704;98194;89232;56786;29410;91582;56358;84324;65562
evaluation,2530,71108;472;76764;56358;3670;46748;98194;30704;91582;6136
evaluation,2531,46752;3668;23214;1788;81768;5464;92786;2920;17458;83412
evaluation,2532,91580;39286;21694;86654;35032;90410;26312;28900;50070;472
evaluation,2533,13182;21886;2280;29152;71108;83904;6136;472;56564;34393
evaluation,2534,56786;6136;94748;91582;472;24616;33222;89232;13182;33270
evaluation,2535,59134;27662;48198;19274;71934;41010;1382;6008;40620;3536
evaluation,2536,94242;27386;910;35124;74050;7410;724;37602;22568;76628
evaluation,2537,1146;80286;24616;37248;9762;71646;57410;1247;41010;2536
evaluation,2538,71495;36888;40062;724;14114;94242;83264;31850;43658;10016
evaluation,2539,69794;11960;5676;1247;32936;44450;48690;44702;88846;1442
evaluation,2540,81768;5362;10276;13182;98194;33222;21886;3670;25170;2920
evaluation,2541,8032;1422;17048;21448;4494;70854;59964;20774;44544;46104
evaluation,2542,7410;5086;20830;87554;12224;358;2868;6778;31216;26528
evaluation,2543,612;34454;86870;33416;34628;81768;17328;2920;33016;7366
evaluation,2544,46104;83904;472;56358;56786;42062;33222;33838;31698;39618
evaluation,2545,31864;70994;12686;16036;37800;18138;1202;56564;16866;61208
evaluation,2546,41162;36888;89536;54258;4984;754;76628;43658;2026;85706
evaluation,2547,69794;11960;48216;32020;32936;1247;6224;5676;48690;39624
evaluation,2548,76764;97662;78164;42062;89232;98376;13252;39418;88748;94748
evaluation,2549,78380;6224;3536;48216;5676;54282;1247;26528;57566;52526
evaluation,2550,8828;9762;1094;7922;63534;39760;26156;87366;85706;56106
evaluation,2551,98730;5280;2564;28908;57182;10682;10894;12224;17376;2222
evaluation,2552,64626;77368;35124;8604;36545;14992;97962;26528;33354;6396
evaluation,2553,1044;41528;72940;10855;29028;30826;48140;29594;27150;49252
evaluation,2554,98730;72932;14454;5280;1900;28908;71904;2564;10682;1106
evaluation,2555,49986;83412;1766;46752;98210;1422;97259;46104;2398;17048
evaluation,2556,70994;12686;16036;31864;37800;56564;1202;93232;39618;63084
evaluation,2557,69794;11960;5676;78380;1247;44450;32936;1442;48690;256
evaluation,2558,41092;58584;33556;910;76628;74050;25296;69394;522;13958
evaluation,2559,96854;16080;57048;94242;2026;54258;10122;496;54194;12854
evaluation,2560,48140;91242;622;59968;23558;41770;77306;7410;18532;27386
evaluation,2561,88748;97662;46752;62322;56312;31618;84324;28456;47896;5362
evaluation,2562,4594;87388;70854;33222;98194;22078;62322;36258;78164;29122
evaluation,2563,45102;76996;15363;5234;2080;104;24760;39186;77252;9392
evaluation,2564,90534;74256;38016;38248;75834;4594;99796;3662;17824;28510
evaluation,2565,25168;69582;7316;20774;21420;75834;1880;10720;2398;3132
evaluation,2566,21694;90410;98194;35884;81050;42076;91580;79358;22816;19274
evaluation,2567,13886;14012;69432;97228;19146;582;1002;3450;62902;6886
evaluation,2568,71108;56786;78164;6136;63084;98194;29152;29410;89232;97662
evaluation,2569,63862;78164;46748;88748;48048;90476;22494;42062;31132;55450
evaluation,2570,31850;71934;65370;88460;14992;94242;96854;1588;77579;14686
evaluation,2571,33556;25296;522;65160;73070;58584;13712;76628;41092;69394
evaluation,2572,78402;89536;24690;21484;41060;20848;36862;82920;52220;8136
evaluation,2573,41092;74050;33556;910;69394;13958;58584;14992;522;27572
evaluation,2574,96854;41328;43658;40620;26104;14992;34454;18330;49302;6778
evaluation,2575,41092;27572;21162;58584;17956;1442;71646;21320;51448;13958
evaluation,2576,1002;6648;9118;4682;1880;4984;4218;2056;9464;10960
evaluation,2577,5234;32936;46252;6354;16010;76996;50166;92934;45102;15363
evaluation,2578,91580;13886;17770;71108;78164;39286;99564;14014;4416;47720
evaluation,2579,32120;89894;57390;78402;65370;82920;80744;2654;37602;71934
evaluation,2580,1146;2536;9762;80286;11142;65646;71646;24616;41010;54282
evaluation,2581,26810;96169;16420;2062;86026;67048;74256;1402;96238;3864
evaluation,2582,24690;39356;1644;13608;21286;50512;89536;46232;41060;15970
evaluation,2583,96150;45206;4946;4276;58602;53592;46232;10887;398;5642
evaluation,2584,89232;97662;88748;63862;94748;39418;56786;42062;22494;91580
evaluation,2585,96150;4276;58602;4946;45206;53592;46232;87366;10887;398
evaluation,2586,96150;53592;45206;4946;58602;4276;398;46232;442;10887
evaluation,2587,26156;45638;64522;16114;26350;18430;28190;27818;77306;2380
evaluation,2588,89932;632;49986;10646;94748;39418;98210;56312;98376;1422
evaluation,2589,2092;51792;10855;41528;75582;90522;60400;72828;52526;52420
evaluation,2590,97662;76764;78164;88748;13252;89232;632;98210;39418;94748
evaluation,2591,96394;89536;33416;36888;23558;43658;754;2392;5992;724
evaluation,2592,89024;87388;86577;79807;42762;87336;57182;8006;1826;6794
evaluation,2593,71934;1588;1568;88460;31850;77579;65370;96854;76628;37602
evaluation,2594,3646;27386;724;48140;76628;43010;28352;80866;33556;22568
evaluation,2595,39314;8524;14992;27662;65160;632;65393;49986;88460;28594
evaluation,2596,10276;89536;36888;754;724;98532;10708;33270;9232;83264
evaluation,2597,48690;98166;6894;41010;19274;93546;3678;1442;51448;20666
evaluation,2598,31850;13712;14992;76628;71934;13668;67336;1382;46150;56106
evaluation,2599,1146;2536;11142;41010;65646;71646;80286;37248;41394;6008
evaluation,2600,45102;69794;256;62322;98924;29788;5676;11960;1247;32020
evaluation,2601,91582;98194;33270;56786;6136;33222;57868;71108;3670;76764
evaluation,2602,76764;97662;78164;42062;98376;89232;39418;13252;88748;94748
evaluation,2603,29594;2092;75582;52420;12;6616;29028;50040;90522;2744
evaluation,2604,94954;26780;17458;79358;51230;40568;52452;37938;83194;33838
evaluation,2605,55450;81268;28456;56112;7426;35832;83194;4416;18018;52452
evaluation,2606,78380;48216;48690;1247;3136;6224;32020;93546;69794;88670
evaluation,2607,65160;1382;76628;56028;31850;96854;13712;57048;77646;67336
evaluation,2608,88460;57784;71934;4166;41010;6008;53476;4796;77579;19274
evaluation,2609,26810;16420;7630;1402;67048;96169;38248;22650;3110;74192
evaluation,2610,87297;47720;56162;28900;10646;26198;94285;21694;50070;39286
evaluation,2611,21886;13182;83412;23214;6136;4570;33270;472;2280;92786
evaluation,2612,2092;51792;75582;41528;10855;52420;90522;41498;52526;29028
evaluation,2613,48216;78380;14171;4090;5676;6224;1247;13282;38168;3110
evaluation,2614,16080;10122;57048;49302;3140;54258;94242;65370;48140;31622
evaluation,2615,27386;3646;724;20694;31850;35402;22568;41162;94285;79358
evaluation,2616,96854;65160;14992;57048;16080;54258;78928;94242;31850;496
evaluation,2617,2026;28456;37476;49396;78928;7150;96854;94242;31850;20694
evaluation,2618,68166;70210;30148;38248;21170;45174;41602;60;50268;10636
evaluation,2619,8006;18238;12224;6078;41696;56582;8502;23859;87388;1672
evaluation,2620,2068;90534;45178;21448;4100;4594;20152;75834;38016;21420
evaluation,2621,74256;79807;12224;42762;26810;80;8006;91970;33540;57182
evaluation,2622,10682;56582;10894;36592;72119;87388;73418;98730;31264;27626
evaluation,2623,48140;7366;74192;34628;12318;14114;34454;612;43010;39760
evaluation,2624,89220;16850;18805;67048;16830;77306;68994;41394;392;13466
evaluation,2625,56786;98194;5464;29410;91582;57868;33222;42062;6136;98210
evaluation,2626,1146;2536;11142;41010;65646;71646;80286;37248;6008;41394
evaluation,2627,89536;33416;96394;23558;36888;754;43658;20152;2392;18430
evaluation,2628,41010;6008;40806;40620;19274;6224;39624;10174;3306;14686
evaluation,2629,33556;13958;41092;522;74050;13712;20152;36545;8136;45178
evaluation,2630,77368;7150;21320;59667;48690;1268;98166;18330;522;14770
evaluation,2631,1410;5272;23674;1060;8938;34628;70630;86870;33016;56460
evaluation,2632,54282;1146;75582;1094;65646;10855;65998;26298;51792;49302
evaluation,2633,11308;4100;3108;11758;41450;58060;5086;92934;6886;50166
evaluation,2634,44702;44450;11436;33016;56460;12318;49252;34628;29716;12844
evaluation,2635,27042;90522;75582;11772;51148;49252;26298;72828;41498;2092
evaluation,2636,84340;5642;17902;91970;1440;39398;89536;896;58602;0
evaluation,2637,29874;3608;7316;21420;30652;22284;77426;880;62902;584
evaluation,2638,69794;11960;1247;5676;44450;78380;32936;44702;406;48216
evaluation,2639,33556;13958;41092;18330;13712;18680;69394;2026;910;20152
evaluation,2640,89232;57868;78164;88748;8336;5362;46748;48048;76764;42062
evaluation,2641,69794;1094;88846;13212;6824;39624;2706;11960;88670;93546
evaluation,2642,1106;72932;19030;10682;10894;98730;57182;14454;17376;59512
evaluation,2643,55450;81268;56112;18018;7426;35832;28456;66106;56106;83194
evaluation,2644,83904;5362;33270;33838;46104;3670;98194;57868;6136;71108
evaluation,2645,12;87554;75086;29594;2706;92286;26298;4944;48140;29028
evaluation,2646,27042;75582;90522;11772;51148;26298;72828;5272;60400;49252
evaluation,2647,41564;40338;80850;20774;81398;41450;20766;30148;52420;40971
evaluation,2648,48216;78380;3110;4090;14171;54282;26528;3536;6224;13212
evaluation,2649,40062;3136;4996;3306;94954;77368;96854;1080;62213;59667
evaluation,2650,41092;58584;910;33556;13958;522;76628;35124;37602;622
evaluation,2651,88748;47896;63862;97662;29410;8062;62322;82044;78164;84324
evaluation,2652,67048;99796;1398;7630;68994;91970;74256;96238;26810;3110
evaluation,2653,42556;17902;14812;16866;74256;47896;2280;52030;13212;214
evaluation,2654,49302;31622;16080;9762;1268;4688;59667;95606;8524;11996
evaluation,2655,98210;98194;13182;56312;78164;42062;7284;71108;6136;46748
evaluation,2656,16080;14171;75986;702;57048;72940;52420;37476;96103;10122
evaluation,2657,14550;29490;11060;42320;27626;74260;64750;80850;58060;40440
evaluation,2658,90522;27042;75582;11772;51148;60400;26298;72828;5272;49252
evaluation,2659,87336;60042;2868;80112;12224;52420;76672;75834;88788;1790
evaluation,2660,96150;4276;4946;58602;45206;53592;46232;87366;5642;50512
evaluation,2661,72940;896;57566;12;64522;4116;29594;52420;9948;4114
evaluation,2662,18640;86026;5642;82328;38632;68166;398;1826;48752;89220
evaluation,2663,91580;39286;50070;86654;26780;52452;7575;90410;30904;26312
evaluation,2664,32554;87297;47720;37356;38334;98210;21694;39286;10720;34393
evaluation,2665,78164;97662;71108;98194;84324;76764;98210;91580;39418;89232
evaluation,2666,3670;57410;472;5362;76764;13182;46748;33222;83904;57868
evaluation,2667,49986;7284;2398;78164;13886;81268;98210;10646;59964;46752
evaluation,2668,21484;89536;78402;24690;69394;20848;82920;39356;50512;590
evaluation,2669,57048;54258;65160;13712;1382;34454;96854;522;76628;31850
evaluation,2670,87336;27176;88788;12224;214;5506;89024;38536;87388;42762
evaluation,2671,39356;24690;50512;1644;47278;96150;13608;4946;45206;46232
evaluation,2672,34628;74050;910;522;23674;74192;96238;12318;36348;612
evaluation,2673,74256;96238;80866;214;63084;11996;84324;23632;44166;31622
evaluation,2674,6216;6850;1094;9948;9376;10392;39186;38784;88130;44544
evaluation,2675,76644;73268;887;77306;26350;798;76672;26156;34576;16114
evaluation,2676,86654;48664;90410;56428;11874;33838;52452;66106;35032;50070
evaluation,2677,6136;56786;71108;89232;46748;22494;90476;98194;97662;41830
evaluation,2678,88748;63862;24616;78164;3670;27386;6136;33222;27076;5362
evaluation,2679,48216;3110;57566;75986;45102;14171;1247;88846;52220;74194
evaluation,2680,13958;13712;41092;20152;18680;33556;522;13282;18330;88846
evaluation,2681,1094;9762;3136;69794;22816;4494;49302;57962;43658;26156
evaluation,2682,77306;442;798;1106;28510;38326;12854;18805;1968;14454
evaluation,2683,83904;33838;98194;33222;46104;20470;48048;5362;3670;33270
evaluation,2684,57048;54258;96854;56028;1382;65160;76628;1080;31850;56106
evaluation,2685,73124;10174;91242;64658;2836;22128;16850;26350;54194;1260
evaluation,2686,69394;14812;58602;44954;89536;45206;50512;22749;85676;41014
evaluation,2687,2280;472;71108;91582;33222;13182;29410;24616;3670;30704
evaluation,2688,49986;1422;10646;2398;6354;46752;99564;83412;2056;89932
evaluation,2689,96169;93448;16420;26810;74256;92286;9948;89834;96238;16866
evaluation,2690,50268;442;96150;48752;31264;1826;45206;46232;58718;58602
evaluation,2691,25168;39418;69582;21420;62902;34464;3132;4594;10720;2280
evaluation,2692,11108;3754;9118;69432;6886;13868;6648;2290;4416;5620
evaluation,2693,14014;99564;50070;79358;30904;35032;33210;31950;83412;20360
evaluation,2694,17770;4416;17502;69432;21636;19114;20488;282;94285;87297
evaluation,2695,33222;3670;6136;56786;98194;57868;18138;57410;71108;61208
evaluation,2696,3670;88748;24616;78164;472;76764;33222;57410;13182;46748
evaluation,2697,33222;33838;83904;98194;13182;7575;71108;33270;472;56786
evaluation,2698,48216;1247;78380;69794;32020;6224;48690;19280;93546;5676
evaluation,2699,81050;4688;59134;28456;55450;37602;19274;18466;57390;31950
evaluation,2700,2068;90534;75834;3662;19510;11996;99796;17824;36862;8032
evaluation,2701,41528;1402;2062;10855;90522;96169;30070;8938;41498;16420
evaluation,2702,6136;33222;56786;24616;3670;98194;71108;83904;13182;22494
evaluation,2703,13182;21886;83904;56564;6136;29152;33270;2280;78164;59964
evaluation,2704,81050;4688;55450;28456;36545;59134;18466;33354;2380;1215
evaluation,2705,96854;12854;65160;41328;73070;1215;23790;49302;12314;6778
evaluation,2706,28190;13582;52600;49396;37476;96702;49302;724;6216;6778
evaluation,2707,39624;26858;77579;754;88846;7150;13608;588;78380;46302
evaluation,2708,51448;71646;32020;27572;93546;1442;21162;98166;82700;48690
evaluation,2709,69794;11960;44450;256;5676;1247;44702;11436;1442;82700
evaluation,2710,4996;40062;3136;94954;3306;77368;3042;62213;96854;1080
evaluation,2711,56460;44702;944;33016;11772;2035;29154;49252;34628;29716
evaluation,2712,472;2280;71108;91582;13182;78164;89232;3670;33222;56786
evaluation,2713,94748;49986;98376;39418;1766;7426;632;89932;98210;59964
evaluation,2714,94748;42062;59964;39418;56564;10720;63084;632;56786;2398
evaluation,2715,10646;89932;13252;632;10720;98376;98210;94748;1422;59964
evaluation,2716,45178;3944;29582;588;52030;29788;39624;57410;84324;56786
evaluation,2717,31368;37624;6616;36862;75834;1234;16830;4594;90534;28510
evaluation,2718,46752;3668;1422;79358;23214;2398;10276;3132;81768;83412
evaluation,2719,83904;472;56358;33838;98194;33222;91582;42062;89232;57868
evaluation,2720,48690;23790;3536;93546;96103;21320;6824;6894;42076;98166
evaluation,2721,26810;91970;67048;7630;68994;22650;3864;968;1362;1398
evaluation,2722,1106;98730;72932;1900;5280;28908;2564;1706;14454;10682
evaluation,2723,2092;51792;75582;10855;41528;51148;52420;90522;60400;72828
evaluation,2724,63862;78164;88748;48048;89232;42062;90476;47896;97662;59964
evaluation,2725,97662;22494;97673;88748;89232;78164;62322;90476;1002;94748
evaluation,2726,26104;622;5676;4688;93936;89894;2836;71934;57784;12166
evaluation,2727,8828;45412;41394;8914;3864;7630;2868;20360;30652;2035
evaluation,2728,74256;52030;96238;214;9486;90534;26810;8006;470;57868
evaluation,2729,6828;6224;54812;32584;29722;88670;3944;26528;13212;31618
evaluation,2730,612;86870;33016;75986;34628;34454;7366;12318;12;75086
evaluation,2731,62902;21420;880;34393;10720;34464;7316;2280;25168;3132
evaluation,2732,97662;22494;89232;97673;78164;88748;70200;94748;90476;29410
evaluation,2733,48216;1247;5676;78380;6224;14171;3110;32020;48690;1046
evaluation,2734,71934;22568;89894;48198;20694;17106;27662;23790;8136;76628
evaluation,2735,13182;56358;472;98210;98194;30704;15282;21886;20360;71108
evaluation,2736,13182;2280;78164;83904;21886;71108;6136;472;46748;84324
evaluation,2737,702;52420;95318;2868;14550;3140;10122;19948;40338;17326
evaluation,2738,26810;22650;9486;16420;54404;67048;96169;74256;30070;3864
evaluation,2739,612;30826;14114;75986;38501;45412;39760;23674;1968;46150
evaluation,2740,612;22749;14770;910;1260;522;74050;41092;43010;8136
evaluation,2741,52030;84340;1215;5952;81050;29154;896;1247;49302;5258
evaluation,2742,3646;27386;94242;724;910;36348;2380;1260;35124;1400
evaluation,2743,55450;18018;81268;7426;56112;56028;66106;56106;52452;13668
evaluation,2744,78164;98194;91582;29122;71108;56786;33222;7575;30704;6136
evaluation,2745,26780;11874;43010;39314;86654;99564;5362;28594;28352;28900
evaluation,2746,27386;3646;2654;80744;724;3536;910;28352;43010;59968
evaluation,2747,41162;89536;94954;96394;4984;8812;36888;18430;83264;5992
evaluation,2748,81050;4688;59134;55450;28456;42076;19274;37602;31950;1442
evaluation,2749,66106;18018;81268;13868;55450;52452;56112;8062;28352;6886
evaluation,2750,54404;16420;96103;66044;30070;64102;10798;71718;74194;74192
evaluation,2751,96150;58602;53592;4276;4946;45206;46232;50512;16114;398
evaluation,2752,41092;33556;74050;17608;35124;48198;910;21320;27662;1442
evaluation,2753,57048;54258;50916;7150;1268;22816;18532;496;96238;27818
evaluation,2754,91970;26810;50268;18805;2868;68994;94954;7630;28510;75986
evaluation,2755,95318;31216;14550;93854;40971;96702;79320;42320;3140;1022
evaluation,2756,55450;81268;4416;28456;83194;56112;18018;52452;35832;7426
evaluation,2757,13182;98194;89232;33222;472;56786;56358;83904;46104;33838
evaluation,2758,48216;78380;51448;32020;69794;48690;5676;6224;93546;32936
evaluation,2759,4116;31816;87336;45174;1968;80112;64522;93854;50916;59750
evaluation,2760,96238;74256;38398;9828;90534;82328;1618;91970;28510;5484
evaluation,2761,1826;8032;8828;75848;1398;91970;41394;1362;87366;64522
evaluation,2762,26810;74256;96169;91970;74192;22650;1402;86026;3864;2062
evaluation,2763,95318;40971;31216;42556;28916;96702;14550;79320;97962;97741
evaluation,2764,76996;98080;50166;46252;77252;5234;39186;63498;104;86510
evaluation,2765,87800;2038;44954;20952;45478;85676;33354;81038;38536;95606
evaluation,2766,1422;31864;764;29122;77464;28594;79358;622;38542;15282
evaluation,2767,49986;83412;17048;1766;46752;2398;59964;46104;29874;98210
evaluation,2768,13182;21886;34393;71108;78164;83904;98194;50070;29410;35884
evaluation,2769,80112;22788;8838;98730;71404;12224;3658;72932;31264;5508
evaluation,2770,87554;406;4946;14550;50280;50512;58602;724;4276;11060
evaluation,2771,39356;24690;1644;46232;13608;52220;3956;15970;36862;89536
evaluation,2772,3670;57410;33222;80286;472;24616;91582;30704;81768;13182
evaluation,2773,71108;6136;57410;3670;96238;8336;4570;47896;33222;83904
evaluation,2774,3670;33222;25170;81768;57410;472;91582;23214;10276;21886
evaluation,2775,89932;94748;632;10646;31864;42062;7426;56312;39418;98210
evaluation,2776,71108;98194;56786;13182;78164;6178;46104;472;98210;6136
evaluation,2777,33838;83904;13182;5362;33222;57410;98194;33270;91582;21886
evaluation,2778,13182;2280;83904;21886;6136;71108;29152;56564;33222;6178
evaluation,2779,24616;84324;97662;13182;71108;472;76764;22494;78164;56358
evaluation,2780,24616;57410;71108;29410;56786;472;30704;78164;3670;6136
evaluation,2781,91582;56786;98194;57868;33222;6136;76764;71108;29410;472
evaluation,2782,33222;83194;98194;51638;30704;584;52452;13386;23632;20470
evaluation,2783,3670;33222;472;56786;6136;71108;98194;91582;57868;89232
evaluation,2784,57410;25170;46104;10276;33270;30704;472;33222;2280;13182
evaluation,2785,56786;6136;98194;71108;89232;76764;46748;90476;472;33222
evaluation,2786,89932;94748;39418;10720;34393;13252;41830;7852;18138;56312
evaluation,2787,97662;22494;88748;24616;89232;76764;5362;90476;78164;98376
evaluation,2788,97662;78164;76764;7426;94285;20470;83904;22494;4416;5362
evaluation,2789,88748;63862;83904;47896;71108;29152;78164;13182;20470;22494
evaluation,2790,4494;2444;6836;14350;12110;35884;1308;85706;13282;292
evaluation,2791,88748;5362;83904;57410;76764;472;22494;82044;14012;42062
evaluation,2792,71108;63084;7575;30904;29152;35884;98194;78164;1202;35032
evaluation,2793,48216;5676;78380;6224;32936;3536;78392;1247;93936;32020
evaluation,2794,71934;4166;40806;6008;1588;41010;1568;8136;59134;17106
evaluation,2795,96238;26810;91970;74256;68994;96169;9890;28510;67048;73242
evaluation,2796,99796;60;67048;96169;91970;12290;90534;392;1398;3110
evaluation,2797,2092;72828;75582;10855;60400;49252;50040;51792;90522;11772
evaluation,2798,10122;49302;48140;75986;16080;12854;3140;2868;5086;54258
evaluation,2799,99796;67048;91970;90534;392;23632;308;82328;60;68994
evaluation,2800,54282;75582;11142;1094;41498;65646;1146;26298;51792;65998
evaluation,2801,21420;7316;62902;25168;3608;36280;69582;880;34464;3132
evaluation,2802,55450;56112;81268;18018;7426;75086;66106;28456;52452;13386
evaluation,2803,9464;6132;19114;2900;6886;9118;42678;6648;3754;12110
evaluation,2804,91580;39286;90410;50070;56312;56786;98194;97662;98376;87297
evaluation,2805,13182;33270;472;46748;30704;78164;5362;84324;46104;83412
evaluation,2806,41092;910;21320;522;37602;27572;58584;17608;13958;17106
evaluation,2807,22128;31042;30090;16114;24616;22132;1215;73290;5952;9392
evaluation,2808,392;33540;45206;18430;2068;38326;68994;80;50512;6616
evaluation,2809,75986;12318;2392;71718;64102;78390;74540;8914;66044;39760
evaluation,2810,27626;5508;71404;10682;80112;73418;36592;19030;55432;10122
evaluation,2811,754;44544;96238;30874;65998;2920;54964;1308;91970;258
evaluation,2812,12224;30070;22823;60400;2062;41528;33016;50040;29028;22492
evaluation,2813,31216;95318;14550;17014;30028;392;40440;16420;3140;93854
evaluation,2814,96150;4946;58602;53592;45206;4276;398;46232;50512;10887
evaluation,2815,62124;282;77252;46252;76996;50166;90438;86510;22862;104
evaluation,2816,87800;2038;44954;95606;332;81038;85676;72932;45478;20952
evaluation,2817,31264;80112;95758;87388;10894;10682;36592;75834;18238;5508
evaluation,2818,47098;2068;4116;90534;87336;75834;4594;406;85676;47018
evaluation,2819,56168;256;15363;17902;124;2080;5258;29788;13994;214
evaluation,2820,17956;4494;2068;6824;26104;11308;1094;798;73242;96238
evaluation,2821,21694;11874;79358;28352;99564;51230;98937;10276;8712;8524
evaluation,2822,94954;26780;52452;18214;83194;12292;5988;17458;30704;5202
evaluation,2823,17770;282;17502;69432;20360;21636;6132;6648;65393;47720
evaluation,2824,21886;13182;29152;83904;56564;78164;47896;6136;34393;2280
evaluation,2825,88748;97662;22494;90476;78164;13252;63862;39418;5362;8196
evaluation,2826,13868;9464;11598;25168;582;7852;11108;8190;1434;6354
evaluation,2827,59964;94748;62322;13252;632;42062;39418;98210;89932;7284
evaluation,2828,89894;32120;82920;65370;78402;33556;33354;69562;37476;1400
evaluation,2829,30148;38248;9890;24690;64522;58776;4264;95606;64910;20320
evaluation,2830,12318;45412;12;944;7366;74540;41528;10798;75986;968
evaluation,2831,40971;95318;31216;52234;3140;96702;42556;30186;80850;79320
evaluation,2832,41060;85654;8760;39356;3894;20848;1200;24728;19948;1790
evaluation,2833,91580;28900;39286;90410;99564;50070;11874;26780;2188;86654
evaluation,2834,27626;55432;80112;71404;36592;5508;10682;73418;22788;75834
evaluation,2835,75086;2062;12224;1402;30070;612;22823;41528;60400;33016
evaluation,2836,27042;41498;51148;90522;2492;858;49252;23713;4426;72828
evaluation,2837,1146;54282;49302;9762;65646;87554;39760;11142;6824;13466
evaluation,2838,3136;6824;48690;32936;59667;35884;88670;2068;3306;7150
evaluation,2839,91110;92758;30186;332;798;19510;64522;71904;340;23859
evaluation,2840,91988;87336;86577;2028;88788;7630;6616;64626;26350;37624
evaluation,2841,16080;49302;75986;54258;3140;2868;10122;20830;52420;50916
evaluation,2842,21420;25168;3132;75834;7316;33210;2398;69582;19146;584
evaluation,2843,33210;80866;99564;91580;13868;12110;50070;14014;83412;36040
evaluation,2844,83904;56564;6136;21886;29152;13182;63084;42062;34393;2280
evaluation,2845,83904;33222;33838;6136;89232;42062;56786;98194;94748;97662
evaluation,2846,76628;27662;71934;35124;78928;65160;41092;37602;6006;39760
evaluation,2847,98166;26528;6894;1400;48690;3536;77368;35124;80744;496
evaluation,2848,68224;30826;22940;75086;8914;74540;844;45412;40971;968
evaluation,2849,17326;45174;41602;3140;9890;14162;17014;71904;59512;85539
evaluation,2850,75986;12318;1348;57048;16080;10122;11960;5760;44450;2868
evaluation,2851,910;1260;39760;64522;14770;36348;34454;71406;34372;74050
evaluation,2852,11308;23890;16010;11758;73290;10276;56948;20360;41450;4100
evaluation,2853,13182;78164;1736;12110;31132;84324;90410;71108;82649;2280
evaluation,2854,55450;81268;56112;18018;28456;83194;7426;35832;56106;66106
evaluation,2855,34454;3166;6778;13466;4166;2920;22492;29490;48140;2392
evaluation,2856,89932;10646;94748;98376;41830;632;98210;13252;49986;89232
evaluation,2857,30070;22862;26810;74256;16420;96169;90534;29722;702;22650
evaluation,2858,34454;3166;6778;13466;4166;2920;22492;2392;28594;29490
evaluation,2859,21420;62902;880;7316;25168;3608;29338;10720;1880;8190
evaluation,2860,38248;9890;17326;38632;36862;14162;21170;68166;70210;48752
evaluation,2861,41450;98080;1494;74260;5086;52234;40971;4664;120;30186
evaluation,2862,4946;58602;96150;53592;4276;45206;50512;46232;76478;44954
evaluation,2863,8812;2398;9464;16208;17502;66602;6648;56428;9118;8196
evaluation,2864,87297;47720;13994;21694;56162;26198;57784;20470;10720;29410
evaluation,2865,6136;83904;71108;33222;56786;98194;78164;57868;472;46748
evaluation,2866,13182;2280;6136;21886;78164;71108;83904;47896;29152;34393
evaluation,2867,56358;71108;78164;13182;98210;30704;57868;472;57410;6136
evaluation,2868,48216;78380;48690;1247;3136;93546;6224;69794;32020;51448
evaluation,2869,1146;2536;54282;41010;1094;104;80286;65646;1568;24616
evaluation,2870,20830;5086;37624;26528;47018;6828;358;10122;93448;95606
evaluation,2871,19510;81038;2038;91864;332;22912;30186;41696;95606;20952
evaluation,2872,5642;4946;86026;58602;18640;45206;50512;4276;90534;85676
evaluation,2873,56428;3754;11108;470;78164;292;29874;584;56112;5620
evaluation,2874,27076;14012;6886;48392;13886;880;1002;584;40338;51638
evaluation,2875,13182;56786;6136;98194;30704;65281;57410;33222;10646;33270
evaluation,2876,13886;14012;3450;48392;1002;97228;62902;6886;19146;18018
evaluation,2877,71108;56358;98210;78164;13182;6136;98194;2280;56786;89232
evaluation,2878,94242;16080;54258;37476;65370;2026;49396;8524;96103;52600
evaluation,2879,87336;88788;47098;91988;17824;95606;86577;42762;91864;89024
evaluation,2880,53472;9890;15924;124;38632;17824;59630;874;82328;36592
evaluation,2881,7150;2026;12854;1442;28456;496;6778;13514;48216;14454
evaluation,2882,342;8006;41696;18238;56582;80112;8502;12224;38398;23718
evaluation,2883,91110;92758;798;19510;14454;332;75986;47098;12854;1106
evaluation,2884,22128;43600;54282;49302;99838;22132;92286;11142;88130;77306
evaluation,2885,27626;71404;82994;73418;80112;36592;55432;10682;12224;80
evaluation,2886,41450;75834;41564;82994;71404;1494;56582;27626;10894;31816
evaluation,2887,96150;53592;4946;45206;46232;58602;4276;50512;1366;58718
evaluation,2888,14162;17326;68166;21170;85539;45174;19846;874;70210;41602
evaluation,2889,86026;41078;48752;406;5642;18640;36862;99796;38016;4946
evaluation,2890,584;56428;52452;7316;80866;7696;35884;5362;81768;6886
evaluation,2891,33222;3670;46104;6136;98194;57410;57868;24616;78164;83904
evaluation,2892,57048;54258;82920;74260;34454;1044;55432;1260;41450;78294
evaluation,2893,29490;96103;20320;8828;48752;3956;4264;14550;78392;41060
evaluation,2894,26810;68994;67048;3864;74192;91970;1398;1362;3110;30070
evaluation,2895,29154;2035;44702;11436;49202;49252;2492;74194;44450;71718
evaluation,2896,29716;72828;2492;4426;11772;98853;2035;71718;49252;27042
evaluation,2897,62124;282;90438;46252;50166;76996;21636;77252;5234;7920
evaluation,2898,88130;65998;43600;54282;48048;9376;99838;11308;65646;92286
evaluation,2899,35032;21694;5202;36258;98937;33838;80286;28900;38542;26780
evaluation,2900,71108;56358;33222;56786;84324;3670;13182;57410;35884;30704
evaluation,2901,13886;62902;23430;19146;27076;51638;29874;56112;3132;584
evaluation,2902,16080;65160;57048;94242;54258;8524;2026;23790;12854;72940
evaluation,2903,1146;2536;24616;80286;11142;9762;57962;41010;57410;58060
evaluation,2904,71934;22568;20694;65370;40806;1588;41010;7150;89894;23790
evaluation,2905,1268;6824;71646;724;41328;22816;43658;6224;48690;27572
evaluation,2906,40971;45412;74434;14934;97962;54404;20774;73070;73418;64484
evaluation,2907,483;77426;32554;37356;584;26198;85706;38168;36040;66438
evaluation,2908,21420;36280;880;34464;584;22284;7316;3608;3132;27850
evaluation,2909,48216;78380;5676;26528;6224;54282;1094;13212;1247;9948
evaluation,2910,34454;27662;67336;76628;31850;13712;50070;33556;79358;7410
evaluation,2911,16080;96854;57048;65160;54258;12854;94242;49302;78928;41328
evaluation,2912,26810;91970;74256;86026;96169;96238;22650;9890;16420;9486
evaluation,2913,2035;2492;49202;29154;41498;44702;19948;11436;3864;51148
evaluation,2914,2380;57048;33416;56460;16080;7366;75986;28190;96854;13466
evaluation,2915,2920;9376;9602;96238;24650;470;20774;6396;54282;95384
evaluation,2916,96150;53592;4946;45206;4276;58602;50512;44954;58718;46232
evaluation,2917,340;16114;3434;398;10682;887;36592;75834;80112;31264
evaluation,2918,18640;1826;50268;48752;31264;87388;58776;45206;4946;41078
evaluation,2919,57048;54258;93768;96238;6440;522;910;18532;22816;1268
evaluation,2920,14992;39314;8524;27662;65160;89932;78928;88460;13880;8604
evaluation,2921,96150;58602;4946;45206;53592;4276;50512;46232;73268;10887
evaluation,2922,35402;60042;76672;887;76644;73268;4044;26156;76478;27626
evaluation,2923,8604;20666;64626;14992;17956;9602;65160;9762;41328;24650
evaluation,2924,5948;1308;2920;73242;42678;9108;95758;54524;3944;94954
evaluation,2925,24690;52600;9392;4114;2080;65370;24760;104;81414;30090
evaluation,2926,1146;24616;2536;11142;41010;80286;57410;37248;71646;58060
evaluation,2927,1268;6824;22816;27572;71646;43658;6224;724;41328;48690
evaluation,2928,55450;81268;4416;18018;28456;1574;42062;41830;56112;35832
evaluation,2929,35402;60042;76672;76644;887;73268;4044;76478;26156;27626
evaluation,2930,62124;282;90438;77252;76996;50166;5234;46252;37476;69562
evaluation,2931,79358;30904;35032;50070;90410;21694;57868;52452;66438;39418
evaluation,2932,67336;50070;14114;65160;1382;14992;7366;81768;844;612
evaluation,2933,6178;2280;33222;6136;13182;56564;71108;56786;42062;29152
evaluation,2934,3670;91582;6136;33222;24616;46748;56786;472;98194;13182
evaluation,2935,13712;33556;87297;97662;73070;53237;30758;25296;91580;56028
evaluation,2936,69794;11960;44450;5676;44702;1247;2536;48216;1094;256
evaluation,2937,1146;11142;6850;65646;31368;2536;6216;358;3000;5730
evaluation,2938,26350;88788;87336;64522;91988;18430;39760;887;60042;6616
evaluation,2939,45638;44166;26350;1826;5196;89220;82328;22128;340;16114
evaluation,2940,98080;120;63498;46252;76996;41450;5234;86510;50166;104
evaluation,2941,21484;24690;82920;590;39356;65646;35402;41060;71330;73070
evaluation,2942,72940;57566;12;896;69562;52526;75582;1044;29028;26298
evaluation,2943,18640;1826;4946;4276;5642;87366;58602;38326;20848;17278
evaluation,2944,26156;45638;64522;26350;77306;16114;44166;18430;2380;27818
evaluation,2945,31850;3166;11758;3894;38558;65370;23674;1400;96854;11060
evaluation,2946,56112;75086;87554;55450;70630;612;75986;2392;21547;86870
evaluation,2947,38016;38248;36862;17326;5760;9890;90534;45174;48752;98730
evaluation,2948,406;14550;30028;5642;17326;2868;10122;9890;36862;80112
evaluation,2949,38536;85676;87800;44954;2038;332;95606;14812;45478;887
evaluation,2950,50070;91580;99564;86654;28900;21694;39286;71108;28352;98194
evaluation,2951,14992;8524;27662;39314;8604;62213;49986;12964;632;65393
evaluation,2952,8604;14992;17956;64626;65160;1260;20666;13668;25296;24650
evaluation,2953,21547;1060;1402;9486;38354;22823;96169;18805;2062;8938
evaluation,2954,40971;64484;5096;42556;95318;40440;44024;97741;30028;28916
evaluation,2955,2092;90522;10855;75582;72828;2492;1060;41498;51792;51148
evaluation,2956,93854;44024;45174;3140;16420;392;93448;67048;14550;87336
evaluation,2957,4276;4946;53592;96150;45206;58602;46232;50512;1366;14812
evaluation,2958,13182;30704;472;46748;98210;1080;3670;31132;81768;56358
evaluation,2959,4946;45206;4276;58602;96150;53592;46232;48752;14812;50512
evaluation,2960,612;17868;14114;87554;39760;38501;1260;33556;1044;56106
evaluation,2961,16420;26810;67048;68994;38248;3864;3110;96169;1402;392
evaluation,2962,40971;64484;28916;5096;68994;95318;97962;80;97741;42556
evaluation,2963,86026;22078;41078;5642;48752;5760;18640;4946;71904;36862
evaluation,2964,332;91110;92758;340;19510;798;38536;88788;887;28908
evaluation,2965,71108;472;2280;33222;78164;57868;56786;13182;3670;91582
evaluation,2966,56786;71108;98194;83904;33222;94748;29152;42062;6136;6178
evaluation,2967,33556;41092;45178;69394;13712;13958;522;58584;21370;76628
evaluation,2968,5760;70210;68166;38248;54418;18640;38632;64910;1402;60
evaluation,2969,496;13514;7150;54194;26528;35124;2706;4996;22568;6006
evaluation,2970,17326;14162;21170;10636;85539;41602;45174;16558;3140;30148
evaluation,2971,86870;1260;13582;23674;612;34628;33416;14770;9828;1060
evaluation,2972,10174;47278;3827;21888;24650;59667;15970;53592;18466;1268
evaluation,2973,21170;16558;19846;17326;85539;10636;14162;874;2564;59630
evaluation,2974,16420;87366;60;702;80952;72940;12290;48664;30826;0
evaluation,2975,26810;68994;86026;16420;22650;1402;96169;30070;74256;67048
evaluation,2976,910;94242;22749;1260;612;27626;62213;4996;20830;86870
evaluation,2977,47018;47098;18800;2068;798;19510;42762;21170;45206;398
evaluation,2978,90534;392;38016;85676;28510;4946;17376;58602;22078;5280
evaluation,2979,48690;17956;3678;3536;6824;80744;98166;10174;6894;57784
evaluation,2980,4946;45206;53592;4276;96150;58602;46232;14812;50512;48752
evaluation,2981,62124;282;90438;21636;20360;6396;17770;46252;77252;50166
evaluation,2982,81268;55450;56112;18018;4416;3608;22284;28456;1574;29874
evaluation,2983,26298;41528;60400;2092;27042;27818;11772;10855;29028;51792
evaluation,2984,96103;20320;4264;29490;8828;48752;8524;14550;3140;53592
evaluation,2985,14550;80850;30186;42320;40440;52234;29490;72119;10894;40971
evaluation,2986,86026;41078;5642;36862;4946;50280;48752;18640;58602;85676
evaluation,2987,21170;16558;10636;14162;85539;874;17326;19846;59630;41602
evaluation,2988,88788;28510;1106;1826;91988;91864;6078;87336;86577;27176
evaluation,2989,19510;41528;91110;64522;92758;332;26298;798;79807;2062
evaluation,2990,94954;26780;21888;95384;17458;36258;37938;39286;97806;3670
evaluation,2991,51448;71646;21162;27572;93546;1442;98166;32020;41010;21320
evaluation,2992,7410;6006;13514;7150;27818;20694;496;14114;9440;26528
evaluation,2993,87554;36545;844;1260;97962;1044;22788;43010;12;44278
evaluation,2994,5506;80112;60;10682;12224;10894;75834;12290;36592;72119
evaluation,2995,91580;50070;39286;98194;52452;26312;86654;80866;99564;26780
evaluation,2996,74256;470;52030;26810;13212;89834;72119;48048;74434;2868
evaluation,2997,41450;4664;5086;71404;58060;1494;82994;74260;11060;33416
evaluation,2998,51448;32020;93546;71646;27572;1442;42076;6224;32936;82700
evaluation,2999,32120;65370;89894;78402;82920;57390;33354;41162;4166;13880
evaluation,3000,6006;13514;7150;7410;54194;496;20694;26528;2706;87554
evaluation,3001,94954;26780;79358;21888;13282;17458;52452;30704;33222;4796
evaluation,3002,56460;34454;13466;612;70630;81268;75986;7366;33416;98853
evaluation,3003,34628;0;49202;23674;2868;45412;64522;2392;2035;8914
evaluation,3004,41078;4946;86026;36862;50280;5642;5760;18640;85676;58602
evaluation,3005,42762;88788;887;1106;87336;64522;60042;19510;26350;79807
evaluation,3006,65998;31042;54282;89834;88130;84340;52526;29490;92286;66438
evaluation,3007,55450;52452;81268;5202;75086;18018;28456;7426;56112;85706
evaluation,3008,87297;37356;62322;47720;38334;32554;10720;21694;632;39418
evaluation,3009,1146;65646;37248;2536;9762;58060;98924;80286;24616;11142
evaluation,3010,16080;65160;94242;57048;54258;8524;12854;49302;75986;41162
evaluation,3011,56460;98853;5272;1060;44702;70630;41498;75582;33016;8938
evaluation,3012,11772;71718;49252;44702;74192;2492;12318;34628;49202;30070
evaluation,3013,44544;9890;1968;4116;93854;87336;30874;104;31132;71718
evaluation,3014,72828;29716;858;2492;49202;49252;34628;944;4426;2092
evaluation,3015,22862;31618;93448;66438;8006;57868;3108;13598;38168;88670
evaluation,3016,4276;96150;4946;53592;46232;45206;50512;398;58602;1366
evaluation,3017,22078;18640;20766;86026;41078;38248;5642;48752;1826;76818
evaluation,3018,14162;17326;41602;10636;30148;21170;85539;3140;10122;17014
evaluation,3019,81268;55450;52452;18018;56112;83194;28900;584;7426;66106
evaluation,3020,32554;38334;37356;87297;47720;39286;90410;10720;21694;632
evaluation,3021,81268;55450;56112;880;4416;19146;18018;3608;22284;83194
evaluation,3022,56428;91580;51230;12110;10586;13868;62902;94748;54964;39286
evaluation,3023,9948;54282;78380;6216;8712;1094;26528;1247;13212;29722
evaluation,3024,6006;7410;13514;7150;496;27818;2706;54194;20694;28190
evaluation,3025,4664;7366;70630;2392;13466;8914;66044;612;48140;56786
evaluation,3026,12224;56582;87388;80112;98730;71404;73418;72119;96169;64910
evaluation,3027,2280;6178;33222;3670;46104;29410;71108;37800;4570;84324
evaluation,3028,51230;10586;93232;12110;54964;91580;13868;56428;49986;39286
evaluation,3029,13886;56112;19146;483;1002;51638;55450;2290;13868;81268
evaluation,3030,57048;54258;34454;33416;7366;74260;74434;79524;67336;612
evaluation,3031,30904;80866;86654;16836;99564;28352;48664;40568;35032;35884
evaluation,3032,2092;72828;75582;10855;50040;60400;49252;90522;41528;51792
evaluation,3033,27626;19030;71404;36592;80112;10682;80;75834;82994;10894
evaluation,3034,6794;292;54524;63534;7696;1308;2920;77306;1440;65998
evaluation,3035,12318;64102;75986;74540;8914;12;41528;71718;1348;5760
evaluation,3036,38248;9890;36862;38632;17326;70210;68166;45174;1234;41602
evaluation,3037,9890;86026;71904;41078;5642;67048;48752;10122;17824;3140
evaluation,3038,36862;398;3662;68166;48752;406;17326;85539;17824;47098
evaluation,3039,87800;2038;44954;45478;95606;85676;19510;33354;20952;38536
evaluation,3040,86026;41078;5642;4946;36862;50280;18640;48752;71904;9890
evaluation,3041,17770;4416;69432;92192;282;17502;880;37476;51638;48392
evaluation,3042,880;584;33210;27850;29874;483;77426;36280;470;6886
evaluation,3043,13886;3132;19146;97228;85706;582;26198;1002;2398;632
evaluation,3044,94954;26780;17458;21888;30704;76478;21286;37938;10276;76672
evaluation,3045,88846;82700;48198;21320;1442;496;7150;6006;4090;12166
evaluation,3046,85676;44954;87800;20952;14812;874;88788;95606;20848;38536
evaluation,3047,78164;90476;88748;22494;63862;97662;24616;76764;5362;46748
evaluation,3048,13182;83904;21886;29410;29152;71108;16866;56564;57868;6136
evaluation,3049,14992;13880;17608;54482;82060;35124;8604;77646;27662;1382
evaluation,3050,72828;34628;49252;22940;29716;44702;9890;44450;858;33016
evaluation,3051,84340;9948;52030;896;11960;49302;1094;214;75986;72940
evaluation,3052,1080;51916;96854;41450;63498;85412;98468;71406;522;77426
evaluation,3053,31264;18238;3662;58776;10682;5506;80112;23718;28282;95758
evaluation,3054,3434;35040;887;73268;38536;76644;89024;76672;2068;60042
evaluation,3055,89220;5096;36862;42320;37624;14454;64522;52234;85676;30186
evaluation,3056,20830;358;22788;14454;12854;52420;45174;34372;80112;33354
evaluation,3057,26156;27818;28190;64522;26350;16114;45638;77306;15970;18430
evaluation,3058,86026;41078;5642;36862;4946;50280;48752;9890;71904;17824
evaluation,3059,96150;4946;4276;58602;53592;45206;46232;87366;10887;5642
evaluation,3060,31264;56582;80112;18238;10682;87388;8838;4044;10894;1672
evaluation,3061,15363;104;16010;5234;63498;6216;47098;3000;24760;77252
evaluation,3062,44702;29154;56460;50040;33016;49252;44450;49202;2035;2492
evaluation,3063,12318;8914;75986;33016;54404;45412;30070;64102;11772;1348
evaluation,3064,17326;14162;98730;16558;30148;10636;64910;41602;87388;20320
evaluation,3065,62124;282;90438;6396;77252;50166;92934;13514;46252;13712
evaluation,3066,38016;48752;90534;36862;3894;12290;12314;38248;17824;22862
evaluation,3067,57048;18238;54258;23718;38168;27626;16080;14171;46752;21448
evaluation,3068,81038;47098;14812;2038;332;95606;45174;44954;20848;85676
evaluation,3069,50070;91580;98194;39286;26780;11874;99564;52452;26312;86654
evaluation,3070,13868;91580;51230;12110;56428;66106;10586;54964;52452;39286
evaluation,3071,82920;89894;78402;65370;32120;57390;71330;33354;37602;17868
evaluation,3072,32936;6224;32020;20152;18680;22816;23558;18330;13712;13958
evaluation,3073,40062;4996;3136;3306;77368;3042;522;10174;94954;26858
evaluation,3074,17326;71904;45174;59750;3140;59512;17014;10122;30028;4116
evaluation,3075,17326;14162;9890;58776;41602;10636;16558;30148;38248;45174
evaluation,3076,45478;85676;81038;47098;72932;30874;86577;10894;1900;2564
evaluation,3077,12;26298;52420;37476;282;2035;17770;2092;33354;1146
evaluation,3078,8006;12224;73418;18238;18640;1672;56582;37938;6078;71404
evaluation,3079,3140;10122;50512;91988;64522;5086;58602;45174;95318;52234
evaluation,3080,91988;26810;88788;33540;86577;79807;91970;96169;21547;8032
evaluation,3081,22568;7150;54194;82060;14686;98468;20694;8812;496;13282
evaluation,3082,65160;46142;14992;76628;1382;96854;13668;71934;88460;67336
evaluation,3083,21170;16558;19846;14162;85539;9890;10636;38016;93018;59630
evaluation,3084,89232;97662;39418;88748;94748;42062;632;66438;7316;63862
evaluation,3085,33556;69394;15970;21084;41092;58584;21370;45178;13958;1766
evaluation,3086,79807;89024;332;87336;88788;2038;64522;38536;44954;86577
evaluation,3087,32120;89894;65370;82920;78402;28190;52600;37476;57390;1400
evaluation,3088,89536;30758;64658;10708;15970;24650;82649;95384;40062;1766
evaluation,3089,41060;64910;1644;41602;92758;11028;91110;35054;1790;1706
evaluation,3090,17328;44930;79524;30652;81768;58370;33416;3668;2290;93854
evaluation,3091,56460;33016;98853;30070;944;44702;60400;12844;23674;8938
evaluation,3092,12318;1348;5760;10798;7366;12;16080;75986;33016;54404
evaluation,3093,97962;41060;30186;52234;59882;40568;5096;80850;4944;1338
evaluation,3094,44930;17328;47098;6794;73124;16622;41450;30148;38248;65160
evaluation,3095,44544;2920;23214;31132;47098;93854;7696;104;92788;41450
evaluation,3096,5086;86510;59512;74844;1044;46252;98080;92934;72932;70210
evaluation,3097,33416;53237;65160;10708;51916;11060;35832;21084;29490;30148
evaluation,3098,76818;21084;37938;73418;53592;36862;68166;46232;4276;20766
evaluation,3099,34454;37476;1494;48140;49396;9828;90438;31216;282;82920
evaluation,3100,21484;73070;71330;82920;44954;41060;65646;5086;20848;87366
evaluation,3101,32120;89894;78402;82920;65370;57390;33354;52600;4166;28190
evaluation,3102,6006;7410;27818;7150;13514;2706;54194;496;20694;28190
evaluation,3103,13182;21886;2280;71108;29152;6136;83904;472;94748;34393
evaluation,3104,18238;35402;31264;8838;98730;4044;10894;27626;80112;56582
evaluation,3105,41078;86026;5642;4946;36862;48752;22078;50280;18640;58602
evaluation,3106,17326;21170;58776;98730;14162;36862;41602;16558;9890;17824
evaluation,3107,79807;88788;89024;57182;86577;6078;17376;1106;37624;58718
evaluation,3108,62124;282;90438;6396;76996;46252;21636;50166;78380;11308
evaluation,3109,24690;41014;54282;9376;9948;39186;10392;7922;2080;57566
evaluation,3110,3662;17824;1366;48752;12290;31264;58776;398;36862;58718
evaluation,3111,48752;1826;58602;31264;398;12290;76644;41078;45206;4946
evaluation,3112,5280;14454;98730;1900;1706;72932;20848;59512;17376;1106
evaluation,3113,87297;56162;47720;26198;85706;764;28900;12110;50070;622
evaluation,3114,4368;582;2056;1880;1736;13598;10960;1434;3956;4984
evaluation,3115,3670;46104;91582;6136;472;46748;13182;5362;33222;33270
evaluation,3116,73268;18805;887;26156;76644;6156;68994;77306;76672;80
evaluation,3117,91582;29122;57868;71108;57410;46748;31698;3670;78164;56358
evaluation,3118,94748;89932;13252;39418;49986;10720;10646;7426;632;66602
evaluation,3119,5086;86510;74844;46252;68560;76996;92934;41450;4100;1044
evaluation,3120,40971;1338;42320;30186;52234;80850;40440;8760;53237;8914
evaluation,3121,70994;12686;31864;16036;37800;1202;56564;39618;93232;18138
evaluation,3122,65370;89894;78402;32120;82920;33556;94242;33354;57390;41162
evaluation,3123,16080;10122;3140;73070;49302;69562;54258;94242;57048;342
evaluation,3124,1268;724;22284;49302;36280;17956;8712;29874;43658;3608
evaluation,3125,94242;2026;6778;7410;23790;3536;28190;49302;12854;7150
evaluation,3126,3754;11108;17770;1434;19114;7426;2290;1002;13868;764
evaluation,3127,2920;0;37624;57410;1788;29122;21886;91582;46748;10276
evaluation,3128,17326;3140;45174;41602;30028;10636;4264;36862;14162;10122
evaluation,3129,62124;282;90438;77252;6396;50166;76996;46252;38784;24760
evaluation,3130,17458;13182;91582;33222;31132;472;9108;57410;2280;36258
evaluation,3131,86026;41078;5642;4946;36862;50280;48752;18640;71904;58602
evaluation,3132,16080;342;49302;65160;2868;75986;12854;94242;23790;57048
evaluation,3133,21484;24690;78402;89536;82920;20848;20952;69562;896;41060
evaluation,3134,2068;75834;90534;47098;4594;24160;25144;11996;19510;20774
evaluation,3135,2068;20774;13598;97806;292;27850;46104;96238;74256;90534
evaluation,3136,48752;86026;58602;4946;45206;4276;1826;30652;12290;5760
evaluation,3137,36862;38248;70210;68166;5760;38632;18640;9890;48752;86026
evaluation,3138,26810;38248;64102;54404;96169;968;41602;9890;22650;97741
evaluation,3139,38248;9890;17326;45174;17824;58370;16622;12290;1366;4264
evaluation,3140,5760;38248;38632;82328;4264;15924;50916;96103;9890;70210
evaluation,3141,54404;3864;45412;64102;968;30826;4594;74540;75834;76818
evaluation,3142,42320;65562;73124;79524;30652;30148;81768;33416;46046;44930
evaluation,3143,26810;16420;67048;49252;7630;54404;96169;3864;44702;22650
evaluation,3144,12318;1348;75986;12;7366;64102;38326;54404;5760;71718
evaluation,3145,1338;42320;52234;40971;72940;64522;30186;37476;8760;52420
evaluation,3146,87336;4116;2868;34628;88788;17326;42762;47018;27176;1200
evaluation,3147,86026;5642;48752;18640;38016;22078;82328;4946;58602;41078
evaluation,3148,98730;38016;17014;17326;64910;17824;30028;45174;31264;80112
evaluation,3149,21694;39286;91580;90410;87297;94285;50070;94748;28900;99564
evaluation,3150,1618;25168;41450;23632;80850;99796;60;75834;41564;4594
evaluation,3151,68166;71404;6716;38558;45174;40440;29594;38248;6616;70210
evaluation,3152,5620;10404;4368;14012;69582;48664;582;2056;51638;97228
evaluation,3153,16622;17824;91864;4264;47098;88788;1366;17326;22912;17376
evaluation,3154,16420;67048;96169;85654;1402;2492;38558;26810;38248;23713
evaluation,3155,81050;59134;55450;28456;4688;84726;19274;3110;42076;1442
evaluation,3156,59134;71934;19274;17106;6008;40620;41010;27662;40806;32120
evaluation,3157,96394;94954;89536;83264;5992;4984;8812;10708;18430;60042
evaluation,3158,56460;33016;98853;944;30070;44702;12844;34628;72828;60400
evaluation,3159,85654;59882;1494;30874;40971;2744;6828;17328;3658;43010
evaluation,3160,41060;30186;59882;52234;21448;5096;8760;97962;95318;4944
evaluation,3161,5086;68560;74844;71404;58060;86510;46252;5484;73418;45638
evaluation,3162,11328;3864;22940;26810;16420;67048;29594;12318;85654;66044
evaluation,3163,5086;74844;71404;68560;46252;58060;5484;4664;5256;73418
evaluation,3164,49302;75986;16080;54258;2706;4996;12854;9828;20830;612
evaluation,3165,18800;2222;1968;58370;28908;27176;91864;17326;21170;17376
evaluation,3166,44930;17328;73124;65160;3668;23214;11060;23859;6794;33416
evaluation,3167,40971;42320;40440;52234;30186;8760;19948;5096;3827;95318
evaluation,3168,17326;36862;17014;80112;16558;87388;41602;59512;21170;47098
evaluation,3169,26858;78380;6224;88846;17956;52220;4494;93546;13212;6824
evaluation,3170,19584;94954;5992;96394;89536;14114;36888;4984;93768;18430
evaluation,3171,7696;81768;13182;98194;7575;17770;10276;33270;33222;71108
evaluation,3172,18238;1672;8006;12224;6078;56582;18640;71404;8502;73418
evaluation,3173,44930;79524;81768;65562;5948;2920;1260;27818;73124;612
evaluation,3174,41060;64910;1644;24690;12854;85539;30148;11028;32120;9890
evaluation,3175,73268;76672;76644;38536;18430;76478;24728;887;88788;59882
evaluation,3176,86577;87336;91988;87068;71904;88788;7630;17278;37624;1234
evaluation,3177,17326;45174;17014;16622;17824;30028;36862;3140;59512;16558
evaluation,3178,56168;15363;124;104;5258;81414;38784;5234;98080;17902
evaluation,3179,91242;86577;87336;88788;87068;91988;18800;2564;58718;1900
evaluation,3180,17502;8190;65393;92192;66602;6648;21636;4416;87297;69432
evaluation,3181,91582;46748;3670;472;30704;46104;78164;33222;71108;57410
evaluation,3182,94748;39418;10720;42062;3450;98194;56786;89932;98376;10646
evaluation,3183,1234;91864;89024;1398;1362;87336;7630;57182;4426;87068
evaluation,3184,89024;79807;87336;88788;57182;42762;38536;332;26350;91864
evaluation,3185,17326;14162;58776;9890;41602;31264;98730;16558;4264;12290
evaluation,3186,16558;10636;21170;70210;14162;41602;68166;9890;59630;38248
evaluation,3187,35040;3434;2068;340;887;76644;35402;89024;73268;34576
evaluation,3188,56460;98853;33016;1410;30070;11772;5272;44702;8938;72828
evaluation,3189,65562;42320;44930;93854;33416;46046;612;30652;17328;30148
evaluation,3190,33016;86870;17868;11772;98853;56460;844;22492;3827;34628
evaluation,3191,41394;53237;41060;92758;30186;38536;19948;97741;91110;50070
evaluation,3192,6396;77368;40062;18532;3136;98166;26528;77306;8604;26104
evaluation,3193,98080;120;46252;76996;56168;17902;15363;39186;81050;77252
evaluation,3194,30870;20360;1788;38542;56358;39618;37800;472;10276;15282
evaluation,3195,65562;44930;42320;30652;46046;79524;93854;30148;73124;17328
evaluation,3196,65160;39314;8524;14992;8712;28594;33270;31950;56428;95980
evaluation,3197,13668;56106;71406;74050;36348;14770;36888;39760;910;10276
evaluation,3198,22284;29874;880;3608;21420;584;36280;3132;77426;69582
evaluation,3199,7410;6006;7150;13514;27818;20694;22568;496;28190;2706
evaluation,3200,54194;64658;3827;18532;2836;22816;30758;17868;41010;15970
evaluation,3201,11328;23713;41498;74194;27042;38558;22940;49252;51148;90522
evaluation,3202,59882;40971;11060;85654;5256;17328;1494;1146;30874;78294
evaluation,3203,17328;40971;6778;16850;29594;33416;38248;93854;11758;44930
evaluation,3204,86026;5642;41078;392;67048;5086;71904;5256;71404;2868
evaluation,3205,887;50512;95606;38536;6616;89024;7630;59882;798;398
evaluation,3206,45102;256;62322;5676;69794;11960;29788;56168;84324;88846
evaluation,3207,43600;22128;92286;99838;88130;9616;48048;65998;21420;9376
evaluation,3208,99564;2398;26780;38168;50070;21694;28900;56106;18138;10720
evaluation,3209,7575;77464;60;23214;23632;58060;39398;71404;29594;41564
evaluation,3210,67048;75834;73242;702;37624;8032;99796;24728;12290;90534
evaluation,3211,71404;68166;6716;3140;85676;40440;95318;36862;45174;73418
evaluation,3212,46046;44930;33416;17328;73124;45412;81768;42320;89834;79524
evaluation,3213,74256;74192;2392;9486;1094;30904;22823;26810;52030;51792
evaluation,3214,26810;16420;96169;30070;9486;1402;74192;38248;67048;22650
evaluation,3215,26810;16420;96169;67048;30070;38248;3864;74192;9486;968
evaluation,3216,34454;13466;612;33556;93936;86870;74434;6824;34628;31216
evaluation,3217,93854;42320;33416;52234;41394;29490;45412;73124;65562;65160
evaluation,3218,26810;96169;30070;1402;2062;74256;9486;4426;74192;3864
evaluation,3219,56460;98853;33016;11772;71718;71330;4494;96238;82920;2392
evaluation,3220,56460;27042;29716;944;2492;33016;44702;2035;98853;1060
evaluation,3221,48752;41078;86026;5642;87388;22078;398;71904;4946;58602
evaluation,3222,61464;73418;71404;88748;20470;12224;4100;35832;5484;58060
evaluation,3223,18238;98730;31264;8838;87388;35402;27626;1672;10894;1234
evaluation,3224,5642;82328;18640;86026;41078;4946;53472;48752;18238;59630
evaluation,3225,17326;10636;98730;14162;16558;21170;41602;16622;59512;80112
evaluation,3226,38536;87336;50512;53592;76644;20848;85676;76478;91242;89024
evaluation,3227,96150;4946;58602;45206;4276;53592;10887;48752;46232;50512
evaluation,3228,7575;11532;75834;23632;1618;17458;60;39398;6178;36862
evaluation,3229,13868;7696;33210;97228;83412;12110;6886;56428;39618;2900
evaluation,3230,18238;8006;12224;6078;340;1672;56582;80;89024;18640
evaluation,3231,69794;11960;32936;6224;78380;1247;88846;48216;5676;27572
evaluation,3232,71404;73418;3658;342;80;1234;72119;12224;87388;87336
evaluation,3233,90476;78164;88748;63862;22494;97662;89232;62902;62322;63084
evaluation,3234,78380;6224;26858;6824;3306;32936;88846;14136;88670;3136
evaluation,3235,70994;96238;50916;88130;65998;39624;3944;17902;1094;31042
evaluation,3236,21484;44954;71330;65646;73070;89834;31042;5086;82920;50512
evaluation,3237,74256;2706;96238;9828;76672;18430;38536;35722;442;91864
evaluation,3238,21484;89834;31042;52220;65646;16420;48140;5952;57566;24690
evaluation,3239,51448;32020;93546;71646;27572;78380;32936;6224;1442;48690
evaluation,3240,70954;92934;35124;82700;93546;84726;21320;10174;86510;71646
evaluation,3241,16114;47278;77306;73124;64522;1260;10174;26104;15970;2380
evaluation,3242,62124;282;90438;20360;77252;50166;6396;76996;46252;17770
evaluation,3243,6132;37356;483;47720;87297;85706;38168;40338;69432;2900
evaluation,3244,4984;9232;3668;47018;99564;13342;59750;3132;2026;92788
evaluation,3245,65562;44930;1080;30652;1382;42320;14770;27626;79524;81768
evaluation,3246,17326;21170;16558;10636;14162;19846;41602;36592;45174;85539
evaluation,3247,41078;86026;48752;5642;22078;75848;58776;398;71904;90534
evaluation,3248,89932;632;94748;56312;7426;39418;13252;98210;10720;98376
evaluation,3249,887;38536;798;95606;89024;73268;33388;20848;76478;76644
evaluation,3250,2092;51792;75582;12;29028;10855;72828;26298;60400;90522
evaluation,3251,86026;41078;18640;5642;22078;87388;48752;10122;38016;71904
evaluation,3252,79807;88788;89024;57182;6078;87336;86577;12224;72940;42762
evaluation,3253,90534;74256;38016;4594;75834;2068;17824;36862;72932;13598
evaluation,3254,7575;11532;23632;41564;77464;17458;23214;75834;1788;39398
evaluation,3255,63862;90476;88748;78164;97662;22494;56564;62902;29152;89232
evaluation,3256,66106;81268;9616;83264;65281;55450;5992;56112;28456;18018
evaluation,3257,13182;84324;5362;76764;78164;472;91582;30704;71108;81768
evaluation,3258,2358;73268;40062;17048;8062;40552;69394;15970;10586;30758
evaluation,3259,16420;26810;67048;23713;85654;49252;87336;3864;90522;96169
evaluation,3260,89024;887;64522;87336;6616;798;20848;23859;38536;7630
evaluation,3261,41078;86026;398;5642;36862;38632;75848;71904;68166;48752
evaluation,3262,18214;96169;73242;6660;99796;22650;3864;1308;92988;91970
evaluation,3263,23713;12318;34628;80;22912;44702;22940;29716;49252;12844
evaluation,3264,28510;19510;26350;91864;64522;798;6078;47098;398;42762
evaluation,3265,3434;35040;887;73268;76644;38536;2068;89024;340;19510
evaluation,3266,82994;95758;67048;71404;75834;73418;41564;58060;11532;7575
evaluation,3267,51230;8190;54964;11598;48392;25168;16208;93232;26198;11874
evaluation,3268,63862;88748;7284;39418;62322;42062;59964;3450;56564;13252
evaluation,3269,16080;12854;54258;10122;57048;75986;94242;69562;49302;37476
evaluation,3270,40062;4996;3136;77368;3306;20152;94954;6396;26858;88846
evaluation,3271,37602;1382;35124;28594;31950;4688;1400;17608;82060;54482
evaluation,3272,46752;83412;98210;1422;97259;89932;98376;49986;23214;31618
evaluation,3273,19280;1247;88670;6224;48690;39624;48216;32020;78380;51448
evaluation,3274,6006;26528;54194;27818;7150;28190;13514;32120;7410;59667
evaluation,3275,41528;26298;2092;11772;27042;60400;90522;51792;72828;75582
evaluation,3276,80952;93854;41450;41162;702;30148;17328;6778;95318;33416
evaluation,3277,38016;90534;36862;17824;48752;72119;3662;12314;72932;1022
evaluation,3278,35040;3434;887;2068;73268;1706;340;398;91864;89024
evaluation,3279,8032;69582;16836;29874;30652;75834;20774;87366;94954;23430
evaluation,3280,93854;42320;65562;33416;45412;46046;44930;81768;73124;79524
evaluation,3281,4426;26810;16420;38558;96169;3894;23713;27042;41014;3864
evaluation,3282,18430;73268;76672;13880;96854;6778;30148;40971;16850;95318
evaluation,3283,44930;10016;21370;73268;21084;15970;77306;26350;1060;23674
evaluation,3284,2920;33416;13466;17328;3166;29490;44930;34454;7366;81768
evaluation,3285,71404;5086;86510;9890;41602;21484;28510;30028;64910;41450
evaluation,3286,702;95318;86574;52420;55432;14550;10122;60368;3140;78294
evaluation,3287,30186;52234;41060;14550;31216;59882;96702;81038;8760;97962
evaluation,3288,71404;73418;82994;37938;12224;56582;80112;1672;87388;18238
evaluation,3289,68166;70210;71404;18640;12224;80;72932;74844;73418;41696
evaluation,3290,9828;48140;21162;35124;33556;37476;21320;1060;12964;14992
evaluation,3291,34628;12318;64102;78390;2392;19948;35722;6716;67068;71718
evaluation,3292,68166;85539;14162;17326;16558;38016;30148;41602;9890;21170
evaluation,3293,1900;89024;88788;44954;332;85676;38536;95606;87336;2564
evaluation,3294,62124;282;21636;90438;20360;6396;50166;5234;46252;11308
evaluation,3295,45102;69794;5676;256;62322;11960;32020;2536;51448;29582
evaluation,3296,3662;1366;12290;17824;442;31264;58776;36862;48752;96150
evaluation,3297,91864;81038;11308;95606;332;19510;22912;87336;47098;44954
evaluation,3298,2038;332;5280;1900;44954;72932;28908;87800;86577;85539
evaluation,3299,3434;35040;887;73268;2068;38536;76644;32320;89024;340
evaluation,3300,30904;10276;18214;56428;29594;77426;2744;9232;7696;16836
evaluation,3301,28456;55450;81268;83194;18018;56112;35832;7426;4416;85706
evaluation,3302,7575;11532;23632;75834;17458;39398;1618;77464;41564;60
evaluation,3303,90476;88748;63862;97662;78164;22494;89232;62322;76764;62902
evaluation,3304,31132;33838;9108;472;13182;80286;57410;65562;56358;9440
evaluation,3305,1247;19280;6224;39624;88670;48690;78380;48216;93546;32020
evaluation,3306,82060;1568;1588;5948;36348;214;91242;62213;74050;4688
evaluation,3307,788;8712;49396;14171;37476;78928;282;96854;31622;754
evaluation,3308,28190;27818;94242;23790;3536;65370;20694;2026;724;71330
evaluation,3309,77426;31950;62213;13282;622;37602;53476;22816;85706;26104
evaluation,3310,88748;90476;82044;63862;97662;24434;13252;632;78164;7316
evaluation,3311,22816;5676;1442;12166;37602;59667;32020;93546;57784;77426
evaluation,3312,17458;10276;81768;46104;5948;23214;30704;3668;2920;33222
evaluation,3313,11698;1184;65281;77464;31864;3668;3450;12686;16866;39618
evaluation,3314,21886;13182;65562;83412;92786;30704;57410;2920;91582;95384
evaluation,3315,24434;3608;29874;3668;16866;69582;39618;56564;11698;37800
evaluation,3316,11598;30870;8190;1184;8812;6648;2290;21636;17770;764
evaluation,3317,24434;3608;39618;29874;37800;16866;56564;3668;13386;11698
evaluation,3318,63862;90476;88748;78164;97662;22494;56564;62902;89232;29152
evaluation,3319,2920;1788;21886;37624;86574;0;46748;33270;10276;57410
evaluation,3320,7188;91582;13182;15282;33838;36258;33222;56564;17458;57410
evaluation,3321,9118;1736;7918;93232;1002;9464;1574;3754;2290;1880
evaluation,3322,74050;36348;69394;22749;910;522;41092;33556;45178;58584
evaluation,3323,22816;1442;5676;12166;37602;32020;93546;59667;57784;51448
evaluation,3324,33556;13958;13712;1382;74050;522;76628;65160;910;41092
evaluation,3325,4688;98166;622;54482;82060;17106;37602;13582;2380;16114
evaluation,3326,2092;50040;72828;10855;49252;60400;51792;41528;90522;26298
evaluation,3327,15970;50512;44954;4946;38536;89536;73268;76672;14812;18430
evaluation,3328,2290;17770;1002;4416;11108;584;8190;21420;7426;6886
evaluation,3329,66106;52452;13868;19584;724;98937;90410;1268;85706;4494
evaluation,3330,7575;11532;23632;67048;17824;58060;82994;71404;41564;77464
evaluation,3331,21886;83412;92786;13182;65562;30704;2920;57410;1494;95384
evaluation,3332,31132;33270;10276;9108;89932;33838;83412;36258;1788;98194
evaluation,3333,69394;89536;24690;39356;58602;50512;15970;95606;44954;46232
evaluation,3334,88748;97662;90476;76764;78164;47896;63862;82044;46752;5362
evaluation,3335,74256;398;60;392;67048;26810;99796;8006;1366;91970
evaluation,3336,41060;9890;30186;24690;87800;308;59882;97962;81038;12854
evaluation,3337,702;54404;16420;93448;64102;95318;86574;7630;52420;24728
evaluation,3338,68166;76818;6078;20766;73418;37938;22078;36862;398;77646
evaluation,3339,9828;90438;1060;82700;48140;20152;18680;88846;910;57390
evaluation,3340,702;86574;30874;24226;87366;40338;38168;63498;20766;50166
evaluation,3341,96150;9762;58602;4946;53592;50512;45206;73268;4276;16114
evaluation,3342,41078;86026;36862;4946;48752;5642;22078;50280;5760;55432
evaluation,3343,31850;37602;23790;31950;22568;4688;28456;14686;120;94242
evaluation,3344,74050;18214;22749;612;71406;27850;13958;36348;6440;910
evaluation,3345,57048;54258;18532;67336;34454;74260;76628;2744;27662;65160
evaluation,3346,342;8006;23718;41696;18238;45638;73418;30028;44166;17326
evaluation,3347,72119;82328;28282;41078;36592;71904;98730;5642;31264;2222
evaluation,3348,33416;35402;76478;27626;4044;23859;60042;56582;76644;35832
evaluation,3349,21886;2280;1788;3668;2920;13182;11532;17458;23214;2188
evaluation,3350,5362;91582;25170;57410;33222;13182;36258;15282;65281;33838
evaluation,3351,57868;91582;29122;470;0;31698;35884;56564;29410;57410
evaluation,3352,5676;6824;88670;32020;6224;32936;41770;22816;51448;93546
evaluation,3353,4946;96150;58602;53592;45206;4276;10887;44954;50512;1366
evaluation,3354,96169;8914;1060;1402;2392;10855;38558;70630;74194;78390
evaluation,3355,62124;282;90438;77252;50166;46252;76996;20360;6396;17770
evaluation,3356,21886;83412;92786;13182;65562;30704;2920;57410;1494;95384
evaluation,3357,65562;42320;44930;30652;33416;93854;30148;1080;73124;46046
evaluation,3358,16420;30826;93448;702;86574;80952;38248;22862;60;66044
evaluation,3359,26298;12;90522;60400;27818;75986;29028;41528;27042;2092
evaluation,3360,26298;60400;90522;72828;51792;41528;2035;2092;75582;49252
evaluation,3361,11328;22940;44450;49252;44702;3864;4426;34628;41498;85654
evaluation,3362,73124;2744;97741;16850;19948;45412;34628;2868;66044;47278
evaluation,3363,23713;66044;11308;41498;96169;90438;2492;10855;29594;51148
evaluation,3364,1060;5272;1410;8938;23674;9908;70630;56460;1402;41498
evaluation,3365,56460;98853;5272;70630;1060;23674;8938;1410;33016;27818
evaluation,3366,16420;38558;96169;85654;23713;2492;67048;49252;38248;26810
evaluation,3367,94242;16080;10122;2026;54258;1400;29154;49302;3140;65370
evaluation,3368,34454;37476;48140;82920;49396;4664;1494;282;96702;31216
evaluation,3369,70210;38016;85539;9890;41602;68166;17326;14162;36862;10636
evaluation,3370,79807;89024;12224;38558;57182;90522;1348;6078;7630;96169
evaluation,3371,62124;282;90438;76996;46252;77252;50166;63498;37476;104
evaluation,3372,72119;36592;98730;82328;340;23718;10682;71904;28282;10894
evaluation,3373,91864;332;1900;72932;28908;44954;28510;85539;2564;87800
evaluation,3374,51230;26198;99564;94954;11598;39286;77426;2900;40338;21694
evaluation,3375,39286;91580;28352;86654;99564;18018;52452;28900;90410;21448
evaluation,3376,81268;55450;28456;52452;23790;4688;56112;66106;5362;17770
evaluation,3377,11698;12686;31864;77464;3450;16036;8280;37800;3668;17458
evaluation,3378,91988;87336;88788;87068;86577;37624;92758;7630;95606;91242
evaluation,3379,92758;86026;41078;18640;22912;5642;22078;398;1968;48752
evaluation,3380,342;8006;18238;41696;23718;15363;30028;2080;17326;45638
evaluation,3381,874;33354;20952;85676;21448;18238;12854;58370;14934;44954
evaluation,3382,22912;91864;81038;332;87336;92758;89024;11308;85676;16114
evaluation,3383,9890;45174;17326;38248;41602;12290;27176;41696;91864;47098
evaluation,3384,60586;12292;47018;13608;82060;41092;10174;41770;15924;88130
evaluation,3385,52220;57566;64910;72940;4114;27042;41528;1044;84340;48216
evaluation,3386,15363;256;24760;5234;45102;11960;13212;5676;77252;32936
evaluation,3387,2536;470;37248;80286;11142;12166;74194;90522;57390;29582
evaluation,3388,62124;282;90438;6396;76996;50166;21636;46252;11308;77252
evaluation,3389,7410;6006;7150;27818;20694;13514;2706;28190;496;9440
evaluation,3390,13712;65160;13958;33556;76628;522;18330;14992;45178;1080
evaluation,3391,17326;3140;45174;41602;30028;10636;4264;36862;14162;10122
evaluation,3392,86026;41078;36862;5642;4946;48752;5760;9890;71904;50280
evaluation,3393,30028;82994;30874;52234;67048;3140;58370;40971;81038;20320
evaluation,3394,56168;17902;98080;15363;22816;120;20034;5258;483;96238
evaluation,3395,41498;51148;12844;56460;27042;9908;2492;29716;2035;11328
evaluation,3396,887;50512;38536;95606;798;89024;398;20848;73268;76478
evaluation,3397,2290;8190;6594;13868;11108;6648;56112;1736;1434;3754
evaluation,3398,49302;41328;9948;95606;6778;120;52600;75986;82920;78928
evaluation,3399,58776;16622;9890;5280;28908;31264;85539;17824;33354;95606
evaluation,3400,72119;82328;41078;71904;28282;5642;98730;36592;31264;2222
evaluation,3401,26156;45638;28282;44166;77306;22128;26350;4044;43010;46150
evaluation,3402,47098;73124;47018;17328;44930;91864;52234;41450;4116;40310
evaluation,3403,38326;42762;6078;24160;60042;1366;50512;76644;4276;73242
evaluation,3404,19510;64522;26350;398;16114;33388;798;42762;91864;34372
evaluation,3405,887;95606;38536;50512;798;20848;398;33388;89024;59882
evaluation,3406,8006;18640;73418;18238;68166;71404;12224;1672;19274;56582
evaluation,3407,72932;45478;47098;87336;30874;86577;38536;91242;94242;1900
evaluation,3408,42762;214;11758;47018;91864;358;4116;47098;58370;65160
evaluation,3409,91864;19510;95606;81038;47098;798;11308;22912;89024;332
evaluation,3410,58776;18238;74256;17824;41078;11996;12290;1366;3662;38632
evaluation,3411,71330;28190;27818;5086;48140;22749;1400;120;7410;49302
evaluation,3412,89024;887;88788;798;50512;64522;20848;398;6616;53592
evaluation,3413,88748;63862;82044;76764;78164;59964;47896;39418;62322;90476
evaluation,3414,48140;4116;6778;23790;10392;9948;896;6216;12854;14454
evaluation,3415,91988;87336;88788;91242;887;798;86577;42762;1234;87068
evaluation,3416,10887;96150;4276;58602;45206;5642;4946;53592;887;398
evaluation,3417,15924;16622;19846;19510;17326;1366;16558;41696;21170;85539
evaluation,3418,56460;33016;98853;9908;1410;28190;27818;75986;86870;16080
evaluation,3419,44930;65562;1260;33416;612;86870;93854;79524;46046;42320
evaluation,3420,96238;26810;74256;91970;90534;34628;3864;3646;1348;52030
evaluation,3421,96103;29154;8524;1400;52420;94242;120;702;89834;16080
evaluation,3422,40971;17328;16850;6778;29594;5948;11758;11060;14550;79524
evaluation,3423,5642;4946;58602;4276;86026;48752;22078;50512;53592;36862
evaluation,3424,46748;84324;33270;13182;10276;44544;7696;3132;2280;472
evaluation,3425,30904;50070;26312;39286;91580;35032;79358;83194;18018;86654
evaluation,3426,88748;76764;63862;97662;22494;78164;81768;47896;82044;97673
evaluation,3427,11698;31864;37800;12686;16036;39618;8280;70994;16866;77464
evaluation,3428,97662;90476;88748;22494;78164;76764;5362;89232;84324;98210
evaluation,3429,32120;89894;82920;65370;78402;57390;26528;28190;14454;33354
evaluation,3430,12854;14454;54194;20848;87800;64522;4996;6006;41162;28282
evaluation,3431,44544;85412;12110;6440;2900;13386;70994;73124;63498;41450
evaluation,3432,44930;79524;1260;612;34454;5948;42320;17328;62213;27818
evaluation,3433,75986;57048;33016;33416;23674;16080;56460;2380;86870;612
evaluation,3434,96150;58602;45206;53592;4946;46232;4276;50512;887;76672
evaluation,3435,17770;3132;92198;17502;16208;8182;14136;92192;23430;6648
evaluation,3436,91580;30904;29152;79358;7575;50070;35032;62322;78164;99564
evaluation,3437,2280;1788;21886;3668;8330;11532;13182;31698;2920;23214
evaluation,3438,1146;37248;54282;2536;65646;104;64626;17956;1162;98924
evaluation,3439,5676;22816;1442;12166;32020;37602;93546;57784;59667;51448
evaluation,3440,26810;74256;71904;33540;99796;86577;1826;11328;96169;58718
evaluation,3441,37938;76818;21084;73418;36862;53592;4276;46232;68166;20766
evaluation,3442,46046;42320;41394;45412;54404;93854;65160;73124;30148;17328
evaluation,3443,16420;38558;96169;90522;67048;26810;2492;23713;1402;27042
evaluation,3444,12;26298;60400;27818;75986;90522;27042;41528;29028;50040
evaluation,3445,71330;5086;28190;65370;82920;1400;27818;52600;44954;48140
evaluation,3446,29490;8914;3827;64750;34454;42320;4664;2744;74260;28510
evaluation,3447,34454;37476;48140;49396;96702;1494;41034;4664;42320;8828
evaluation,3448,22862;44278;3166;50916;52526;93448;42556;3944;78392;38501
evaluation,3449,85676;50512;50280;7630;44954;58602;4946;36862;14550;2035
evaluation,3450,38016;14162;9890;85539;38248;90534;21170;19846;41602;30148
evaluation,3451,798;20848;398;887;89024;14454;6616;95606;64522;91242
evaluation,3452,82994;50280;30028;20320;39418;81038;30874;73418;30186;58370
evaluation,3453,54282;89834;22132;37248;52526;31042;65998;54190;29490;9376
evaluation,3454,47098;19030;85676;72932;1900;14812;81038;45478;10122;17014
evaluation,3455,35040;3434;73268;887;76644;38536;2068;798;76672;18430
evaluation,3456,31264;18238;58776;28282;41078;3662;10682;10894;1366;95758
evaluation,3457,23214;35032;31132;36258;26780;11874;80866;81768;71495;52452
evaluation,3458,55450;81268;18018;7426;56112;28456;52452;66106;56028;56106
evaluation,3459,97806;97259;17458;3678;88748;22494;1736;3956;87366;26198
evaluation,3460,41498;11328;2492;16420;22940;51148;85654;23713;87336;44702
evaluation,3461,10798;52600;26298;54404;702;29788;2092;41528;2706;42320
evaluation,3462,2380;1247;54282;48690;29722;26104;49302;18466;26528;78380
evaluation,3463,8604;65160;80744;14992;17956;41328;724;2380;9762;1382
evaluation,3464,65562;44930;42320;33416;79524;73124;93854;30652;612;30148
evaluation,3465,24728;12318;2392;34628;49252;71718;54404;38326;21448;97741
evaluation,3466,41528;2062;26298;10016;29594;2092;60400;73268;1060;96702
evaluation,3467,73124;2744;16850;2868;11758;19948;47278;97741;93854;87336
evaluation,3468,60400;26298;51792;90522;2092;41528;75582;2035;29028;72828
evaluation,3469,3166;85654;6828;19948;17328;40971;1338;11060;4664;5256
evaluation,3470,41528;2062;10016;73268;29594;1060;96702;26298;8938;41014
evaluation,3471,2492;2035;858;51148;44702;11328;23713;27042;41498;24728
evaluation,3472,56460;33016;612;70630;944;9908;86870;98853;26298;34454
evaluation,3473,17326;14162;45174;36862;48752;38248;41078;10636;12290;16558
evaluation,3474,30874;58370;30028;17376;994;1106;68560;17326;72119;19846
evaluation,3475,33838;9108;98937;89932;1788;10646;472;46752;49986;13182
evaluation,3476,54194;41162;33416;32120;6778;79524;26528;34454;14454;104
evaluation,3477,44930;612;42320;62213;33416;34454;1260;94242;73124;5948
evaluation,3478,26810;96169;16420;30070;38248;67048;68994;3864;1402;9486
evaluation,3479,57962;1094;2536;9762;92198;39624;69794;54524;41328;88846
evaluation,3480,41092;8136;522;69394;76628;27662;23790;33556;58584;25296
evaluation,3481,26780;35032;79358;50070;91580;26198;40568;40310;87297;28900
evaluation,3482,71934;1588;1568;76628;56106;39760;14114;8136;13668;88460
evaluation,3483,17956;13668;8604;14992;20666;65160;41328;26104;39760;24650
evaluation,3484,35124;910;94242;37602;9828;14992;74050;1400;13880;36888
evaluation,3485,2068;92758;1442;89024;5730;22128;22912;16114;93546;6354
evaluation,3486,98853;56460;858;33016;8938;4426;49252;30070;5272;9908
evaluation,3487,23713;41014;38558;85654;4426;3894;96169;78390;91242;41498
evaluation,3488,56460;75986;16080;38168;81398;33016;57048;74194;11436;41564
evaluation,3489,44930;65562;42320;46046;93854;33416;17328;79524;612;45412
evaluation,3490,82994;81038;30028;30874;85676;20320;39418;58370;38536;30186
evaluation,3491,88748;22494;63862;97662;76764;78164;81768;5362;90476;62322
evaluation,3492,6396;77368;3136;18532;40062;8604;26528;3306;97259;4996
evaluation,3493,4166;1568;71934;1588;41010;6778;40806;8136;40620;17608
evaluation,3494,71904;41078;18640;17326;3140;82328;45174;72119;20320;28282
evaluation,3495,29028;12;51792;2092;27150;75582;26298;60400;10855;90522
evaluation,3496,54194;34454;33416;1260;6778;65160;104;44930;21886;1382
evaluation,3497,21886;83412;13182;30704;65562;92786;56358;57410;472;95384
evaluation,3498,49302;16080;12854;75986;57048;10122;94242;54258;12;29154
evaluation,3499,97259;97806;23632;3662;4494;17458;20470;39398;13342;32936
evaluation,3500,8330;4664;3608;65562;1788;3668;54190;2188;22284;48660
evaluation,3501,86510;5086;68560;47278;4116;77252;98080;4664;76996;92934
evaluation,3502,37938;71404;73418;75834;76818;64102;52526;1672;80112;22788
evaluation,3503,56948;16010;11308;48660;10276;23890;11758;15282;85706;20360
evaluation,3504,94954;26780;35402;5988;17458;52452;2654;51230;83194;27076
evaluation,3505,83264;81268;56112;35832;55450;83194;66106;52452;8062;14114
evaluation,3506,21420;37356;70200;65393;880;20470;63084;2900;22494;12110
evaluation,3507,5620;9118;13868;582;2056;4368;4218;8812;2290;1308
evaluation,3508,11532;70854;41162;39398;6178;31864;41830;23632;35884;47896
evaluation,3509,71330;6396;36040;26528;77368;1268;35402;20488;20694;1400
evaluation,3510,32120;89894;65370;13880;78402;82920;57390;94242;28190;33354
evaluation,3511,54194;14992;21888;1260;24650;10016;33388;43658;47278;35124
evaluation,3512,32120;65370;89894;82920;78402;52600;94242;71934;1260;57390
evaluation,3513,31950;65160;26780;10276;5948;3668;28594;38542;24650;31850
evaluation,3514,1968;14550;30874;87336;10682;19948;58370;97741;78294;17326
evaluation,3515,81768;10276;30704;46752;2920;92786;23214;5362;76764;2290
evaluation,3516,13182;31132;472;5362;36258;33270;84324;65562;21886;92788
evaluation,3517,17326;71904;45174;874;3140;59512;10122;88788;59750;17014
evaluation,3518,81038;45174;19510;47098;91864;2038;17326;71904;95606;41696
evaluation,3519,85706;23214;52452;80866;26780;15282;39286;30704;14014;28352
evaluation,3520,88460;76628;65160;31850;54194;6006;39760;7150;46142;1382
evaluation,3521,65646;49302;29594;21420;33270;2358;22284;39314;10276;99564
evaluation,3522,71934;59134;22568;1400;17106;40620;27662;14686;65370;19274
evaluation,3523,44024;14550;99796;29490;22862;57784;44702;1968;19948;2654
evaluation,3524,91864;17326;71904;45174;28510;72932;59750;1900;59512;17014
evaluation,3525,8604;24650;20666;17956;64626;14992;26104;65160;9602;9762
evaluation,3526,64750;1022;29594;2744;12314;97962;3894;96702;95186;4426
evaluation,3527,56460;33016;98853;1410;75986;57048;9908;16080;54258;86870
evaluation,3528,96169;23713;2492;38558;49252;11308;66044;41498;51148;3894
evaluation,3529,51448;32020;93546;71646;27572;6224;48690;32936;1442;78380
evaluation,3530,86026;48752;18640;41078;71904;5760;1398;5642;9486;22078
evaluation,3531,91582;36258;46748;33838;31132;13182;3670;26780;472;56358
evaluation,3532,24434;89932;54964;46752;97259;39418;97806;82044;1788;98210
evaluation,3533,51448;98166;71646;27572;32020;1442;21162;82700;6894;48690
evaluation,3534,48690;30758;3136;3306;59134;19274;98166;87064;1442;41010
evaluation,3535,35124;910;37602;94242;9828;37476;31950;14770;49396;77368
evaluation,3536,4688;82060;54482;1382;14992;8604;98166;24650;35124;26104
evaluation,3537,71108;47896;6136;29122;56786;13182;91582;57410;88748;78164
evaluation,3538,71904;59512;28908;874;53472;5280;834;2222;59882;59750
evaluation,3539,81038;91864;2038;20848;71904;724;95606;19510;332;47098
evaluation,3540,2038;87800;20848;332;38536;85676;44954;95606;45478;19510
evaluation,3541,3670;33222;6136;71108;46748;472;57410;39618;83904;57868
evaluation,3542,57048;54258;612;1382;74260;67336;65160;34454;81768;76628
evaluation,3543,24728;2392;71718;34628;12318;49252;4426;72828;19948;11328
evaluation,3544,75986;57048;56460;612;33416;2380;16080;33016;27818;28190
evaluation,3545,2654;13212;37356;6824;48690;1442;48198;59667;3536;764
evaluation,3546,42320;73124;44930;74434;29490;17328;40310;34454;33416;10016
evaluation,3547,98730;36862;38016;17326;58776;14162;59630;17824;87388;31264
evaluation,3548,96150;4276;53592;87366;58602;10887;4946;49302;8828;398
evaluation,3549,4116;78402;18466;57390;1046;72940;20320;92286;39186;59750
evaluation,3550,887;89024;88788;38536;7630;35040;20848;19948;16850;3434
evaluation,3551,82994;30028;30874;50280;67048;20320;81038;58370;30186;68560
evaluation,3552,55450;81268;18018;52452;56112;83194;7426;66106;584;75086
evaluation,3553,66106;81268;55450;35832;83264;85706;18018;56112;9762;4494
evaluation,3554,3608;29874;39618;37800;6886;24434;93232;7316;22284;69582
evaluation,3555,30186;52234;23859;40971;64522;93854;53237;58370;3140;5096
evaluation,3556,874;53472;12290;59750;71904;9890;17326;45174;20952;16558
evaluation,3557,59750;82920;65370;32120;78402;92286;86510;18466;94242;1046
evaluation,3558,85676;95606;44954;406;3140;45174;20848;10122;87800;87336
evaluation,3559,50512;4276;2068;58602;44954;4946;36862;53592;85676;95606
evaluation,3560,90534;8524;13598;6136;12964;56786;8712;1247;27076;4594
evaluation,3561,38016;95980;91864;12290;90534;98194;12314;13598;48752;12964
evaluation,3562,5620;582;2056;4368;1880;1434;4218;1308;8812;1002
evaluation,3563,23214;31132;26780;23890;10276;11874;14014;2290;28594;62322
evaluation,3564,6396;40062;77368;18532;26104;26528;3136;18680;1080;62213
evaluation,3565,16010;56948;2188;39398;31698;39618;48660;44544;17458;38542
evaluation,3566,32120;65370;89894;82920;78402;57390;54194;41162;28190;53476
evaluation,3567,39760;87554;56106;16080;14114;31850;49302;94242;724;56028
evaluation,3568,24690;52220;43600;41060;45638;44166;1215;65646;5952;60042
evaluation,3569,83904;57410;13182;56786;56358;98210;2280;57868;6136;30704
evaluation,3570,56460;44702;29722;34628;23674;98853;33016;944;49252;1410
evaluation,3571,74260;52234;13466;31216;30186;6778;2744;14550;23859;3864
evaluation,3572,10798;52600;54404;26298;702;2092;41528;29788;2706;42320
evaluation,3573,6828;98080;17326;30148;5086;81050;120;35832;80952;3140
evaluation,3574,17326;21170;85539;16558;14162;10636;874;19846;41602;59512
evaluation,3575,1106;26350;88788;91864;6616;34372;28510;60042;64522;91988
evaluation,3576,80866;81768;79524;14014;66106;5992;3668;52452;40440;33388
evaluation,3577,1002;7918;93232;1736;9118;8190;1574;3754;16208;9464
evaluation,3578,1494;13466;1060;4996;7366;56460;33416;612;17868;27818
evaluation,3579,54194;6778;34454;1260;10016;48140;94242;33416;89894;43658
evaluation,3580,26810;91970;22650;1398;3864;8006;1362;86026;9486;68994
evaluation,3581,30186;14550;89894;1400;4664;5256;65370;76672;33416;21448
evaluation,3582,40440;40971;80850;95318;24728;64102;64484;52234;81398;30186
evaluation,3583,89932;12686;632;13252;10720;98210;16036;7426;18138;31864
evaluation,3584,406;90534;13598;2068;1247;11960;8524;89024;38016;19280
evaluation,3585,57390;78402;32120;65370;18466;72940;82920;1046;38784;9948
evaluation,3586,95606;14454;10122;85676;3140;12854;20848;87800;45174;4946
evaluation,3587,80112;10682;98730;10894;72119;23718;36592;18238;2222;72932
evaluation,3588,91580;2068;62902;90534;85676;44954;36862;77426;4946;4276
evaluation,3589,39286;21694;18018;41162;91580;27850;87297;28456;52452;28900
evaluation,3590,89894;28190;32120;65370;78402;17106;82920;4166;27818;9828
evaluation,3591,31950;622;65370;78402;26104;89894;35124;2380;71934;1382
evaluation,3592,54194;6778;43658;20488;47278;1260;14114;94242;33388;41014
evaluation,3593,16010;23890;56948;48660;1736;24760;536;73290;21888;15282
evaluation,3594,9828;89894;48140;6778;24728;41034;78390;96702;33556;5484
evaluation,3595,1094;1247;19280;88670;39624;69794;48690;3136;6224;3306
evaluation,3596,13958;33556;13712;69562;76628;18330;58584;89894;910;8136
evaluation,3597,11060;85654;40971;2744;78294;86574;68994;41034;44930;97741
evaluation,3598,93854;46046;41394;42320;52234;23214;73124;65160;33416;81768
evaluation,3599,71404;68166;36862;85676;70210;6716;30028;41564;3140;45174
evaluation,3600,5096;52526;30186;59882;12314;85676;42556;73070;47278;55432
evaluation,3601,33016;74540;56460;75086;45412;6794;30070;8914;41034;67068
evaluation,3602,16080;57048;54258;49302;10122;96854;37476;3140;69562;75986
evaluation,3603,26104;16114;78402;71934;622;57048;31950;62213;51916;13282
evaluation,3604,51448;32020;93546;27572;71646;1442;6224;42076;48690;32936
evaluation,3605,78164;97662;22494;88748;63862;46748;74050;9118;81768;7696
evaluation,3606,27626;71404;73418;82994;52234;3140;74260;10122;36592;10894
evaluation,3607,27386;18466;22492;30904;1046;26312;10276;47278;7366;3894
evaluation,3608,30186;52234;23859;50916;3140;31379;17014;21370;40440;42556
evaluation,3609,44544;34628;6078;22078;12318;9890;214;38168;30874;91242
evaluation,3610,36280;82649;50166;23632;2358;2744;2068;73290;76996;23890
evaluation,3611,90522;75582;27042;41498;72828;1060;26298;8938;49252;51148
evaluation,3612,48752;36862;22078;86026;5642;38016;398;58602;17824;41078
evaluation,3613,42762;4116;12292;96394;43010;47018;60586;9392;8032;24160
evaluation,3614,8190;19114;69432;1434;14012;3754;2290;11108;6648;1002
evaluation,3615,88748;89232;22494;97662;92788;13252;76764;78164;5362;56786
evaluation,3616,57048;54258;96854;67336;34454;7366;612;76628;14114;33416
evaluation,3617,27386;3646;35402;20694;13712;48140;7150;43658;6778;41162
evaluation,3618,1146;71646;57410;80286;24616;9762;41010;57962;11142;6008
evaluation,3619,71934;41092;8136;17106;27662;40620;19274;724;59134;22749
evaluation,3620,33016;56460;44702;98853;60400;944;50040;49252;41528;2035
evaluation,3621,44930;65562;612;86870;42320;79524;14770;1260;33416;74434
evaluation,3622,91582;56786;71108;33222;29122;3670;57868;29338;56358;98194
evaluation,3623,17326;36862;17014;19846;16558;85539;41602;80112;874;14162
evaluation,3624,4946;4276;58602;85676;50512;45206;53592;96150;798;44954
evaluation,3625,98210;89932;12686;632;10720;16036;13252;18138;31864;7426
evaluation,3626,32120;54194;94242;27818;12854;104;14454;12;28190;57390
evaluation,3627,81050;59134;4688;55450;28456;19274;84726;18466;31950;37602
evaluation,3628,96169;26810;74192;1402;4426;16420;74256;30070;9486;86026
evaluation,3629,4100;5086;4664;11758;1494;76996;5234;47278;16850;5484
evaluation,3630,98853;56460;71330;2492;33016;11772;23674;8938;82920;32120
evaluation,3631,612;44930;1260;86870;34454;79524;42320;5948;33416;94242
evaluation,3632,34454;282;37476;65160;49396;94242;18330;52420;12;104
evaluation,3633,86026;5642;48752;22078;36862;4946;58602;68560;50512;87388
evaluation,3634,55450;7426;56112;81268;18018;56106;4416;56028;66106;28456
evaluation,3635,24434;18278;3608;31698;11698;29338;37800;46104;25168;29874
evaluation,3636,97806;97259;26104;78164;1766;31618;2398;35884;42062;35402
evaluation,3637,65160;14992;17956;39760;8604;41328;13668;41092;30758;14114
evaluation,3638,78380;6824;26858;588;6224;3306;31042;48690;88670;93448
evaluation,3639,97806;97259;26104;83264;27850;31618;35884;724;8062;96103
evaluation,3640,5948;16850;67048;10276;11758;3668;73290;79524;73124;93448
evaluation,3641,5642;4946;58602;22078;4276;87388;45206;18640;96150;86026
evaluation,3642,26810;74256;68994;33540;22650;96238;96169;80;73242;16420
evaluation,3643,96150;4276;53592;4946;45206;58602;10887;46232;398;1366
evaluation,3644,18330;1080;522;26104;62213;13712;89834;15970;3306;27626
evaluation,3645,55450;56112;81268;18018;7426;56106;56028;83194;4416;28456
evaluation,3646,90534;38016;17014;70954;702;95318;40338;64754;48664;11996
evaluation,3647,724;49302;1268;41328;95606;6006;54194;36888;2380;80744
evaluation,3648,3646;8136;80866;27386;43010;23790;724;14114;48140;76628
evaluation,3649,788;8712;14171;78928;31622;3536;754;67336;37476;49396
evaluation,3650,340;92758;91110;16114;398;19510;26350;64522;887;47098
evaluation,3651,41602;14162;45174;3140;17326;10636;21170;30148;85539;10122
evaluation,3652,9948;14171;27076;75986;57048;1790;52420;13212;49302;19280
evaluation,3653,82920;59750;72940;32120;94242;65370;78402;2080;896;38501
evaluation,3654,16850;13342;8062;1736;73124;15970;3668;10016;81768;33416
evaluation,3655,52234;30186;23859;44024;40971;42556;3140;40440;20320;93854
evaluation,3656,30186;37476;78402;5256;59882;14550;71404;73418;69562;89894
evaluation,3657,26350;47098;30090;398;16114;47018;19510;798;42762;73124
evaluation,3658,85676;44954;45174;3140;10122;406;20848;1790;95606;14812
evaluation,3659,2068;18680;77306;44544;13598;14770;26104;20152;4100;96238
evaluation,3660,78164;90476;22494;97662;88748;76764;62902;89232;3450;13252
evaluation,3661,95384;80286;21886;17048;2188;30704;25168;1766;73290;96702
evaluation,3662,78380;48216;13212;48690;1247;93546;6828;14171;6224;19280
evaluation,3663,65160;17956;14992;41328;8604;9762;64626;10174;24650;1382
evaluation,3664,3670;2280;13182;5362;472;46748;6136;33222;71108;33270
evaluation,3665,340;92758;91110;16114;398;19510;26350;64522;887;47098
evaluation,3666,214;62322;35884;70854;56312;11532;292;98194;34464;1202
evaluation,3667,55450;7426;56112;18018;81268;56106;4416;28456;56028;58060
evaluation,3668,88748;76764;63862;97662;81768;47896;90476;57410;24616;78164
evaluation,3669,3662;48752;1366;17824;31264;12290;41078;398;36862;58776
evaluation,3670,63862;88748;90476;78164;97662;62322;22494;89232;62902;84324
evaluation,3671,26350;47098;16114;19510;30090;798;42762;398;47018;91988
evaluation,3672,33270;89932;28352;56428;25168;13182;7852;98194;81268;3668
evaluation,3673,98194;29410;33838;13182;71108;6136;33222;56786;57410;24616
evaluation,3674,41078;86026;36862;48752;5642;4946;22078;50280;5760;18640
evaluation,3675,89232;88748;22494;98194;97662;76764;48048;78164;94748;92788
evaluation,3676,58602;4946;50512;82649;47278;392;1766;89536;96150;45206
evaluation,3677,17458;97259;1736;97806;7575;46752;17048;49986;10586;13342
evaluation,3678,89932;98210;13252;12686;10720;632;39418;98376;1422;16036
evaluation,3679,39356;69394;89536;15970;50512;18430;58602;1644;21286;87554
evaluation,3680,35124;9828;21320;48198;41092;27662;28190;910;17608;21162
evaluation,3681,87336;71404;6616;68166;1200;89024;85676;5086;24676;73418
evaluation,3682,96854;38016;36862;5642;50280;14454;75848;14770;58602;12854
evaluation,3683,82328;72119;41078;28282;5642;71904;33354;23718;98730;54418
evaluation,3684,17326;14162;98730;58776;38016;38248;30148;85539;9890;36862
evaluation,3685,17326;45174;10636;98730;17014;59512;14162;21170;41602;30028
evaluation,3686,55450;18018;7426;56112;81268;62902;28456;4416;56028;91580
evaluation,3687,31264;5506;442;50268;80112;18238;75834;96150;58776;12290
evaluation,3688,46252;76996;4100;5086;98080;50166;86510;92934;41450;84726
evaluation,3689,86026;5642;48752;22078;5760;58602;38016;4946;18640;87388
evaluation,3690,38326;1826;76818;17278;8032;37624;1968;5760;54404;6078
evaluation,3691,59882;73070;95186;50512;44954;1022;50280;97962;36862;12314
evaluation,3692,80112;10682;36592;71404;10894;98730;3658;82994;81038;85676
evaluation,3693,26350;16114;398;47098;91988;19510;4114;22128;42762;64522
evaluation,3694,340;332;98730;10682;75834;36592;10894;76478;16114;80112
evaluation,3695,55450;56112;7426;18018;81268;56028;56106;28456;66106;83194
evaluation,3696,97259;97806;23632;49986;4494;17458;82649;35884;17048;3608
evaluation,3697,90476;88748;63862;78164;97662;22494;47896;82044;76764;48048
evaluation,3698,91582;5362;46748;5464;2920;13182;472;56358;3670;36258
evaluation,3699,11960;6824;48690;17956;14171;6224;788;88846;64658;3000
evaluation,3700,9828;48140;94242;35124;89894;6778;54194;1400;97962;65370
evaluation,3701,22494;78164;97662;88748;90476;89232;632;76764;13252;92788
evaluation,3702,73268;44930;10016;64102;72828;21084;5272;91242;1060;41014
evaluation,3703,60586;67048;392;5948;7696;75848;16850;91970;47278;90534
evaluation,3704,56460;98853;33016;1410;30070;11772;44702;5272;8938;29716
evaluation,3705,26350;47098;16114;91988;398;30090;24160;19510;47018;42762
evaluation,3706,340;10682;4044;80112;34372;98730;95758;10894;18238;31264
evaluation,3707,21694;79358;28900;99564;94954;522;52452;28594;86654;38542
evaluation,3708,11698;3668;1788;23214;83412;65281;41034;77464;39618;17458
evaluation,3709,32120;78402;89894;82920;65370;53476;94242;33354;12854;52600
evaluation,3710,3662;48752;12290;41078;31264;1366;17824;36862;96150;58776
evaluation,3711,17956;8604;5256;64626;24650;1494;9602;13668;9762;14992
evaluation,3712,26156;45638;28282;94954;77306;22128;18805;44166;12224;64522
evaluation,3713,48690;48216;78380;1247;6224;93546;27572;32020;13212;39624
evaluation,3714,11060;85654;2744;40971;68994;86574;78294;41034;44930;64522
evaluation,3715,33556;13712;76628;41092;65160;13958;522;39760;13668;74050
evaluation,3716,85654;6828;17328;5256;3658;64522;1494;30874;71934;11060
evaluation,3717,48140;10122;49302;37476;3140;87554;69562;724;16080;81038
evaluation,3718,4276;46232;73418;4946;53592;58602;37938;71404;76818;96150
evaluation,3719,40971;4944;30186;78294;8760;52234;80850;42556;42320;2868
evaluation,3720,4276;96150;45206;58602;4946;53592;46232;398;5642;87366
evaluation,3721,10894;1706;2222;80112;10682;98730;36592;1900;95758;1348
evaluation,3722,10404;4368;8812;5620;1308;582;1880;2056;1434;30870
evaluation,3723,63862;88748;78164;48048;56564;42062;22494;47896;46104;56358
evaluation,3724,94748;98376;89932;39418;41830;98210;632;59964;42062;56786
evaluation,3725,8604;65160;17956;20666;14992;64626;54482;25296;9762;9602
evaluation,3726,81050;59134;55450;84726;19274;32120;4688;1442;89894;94242
evaluation,3727,24760;11308;38784;16010;39186;23890;2358;56948;73290;50166
evaluation,3728,13182;83904;56564;88748;6136;29410;30870;29152;33222;47896
evaluation,3729,13182;46104;91582;3670;33222;30704;57410;2280;472;33838
evaluation,3730,50512;44954;38536;14550;36862;15970;76672;4946;14812;50280
evaluation,3731,4664;5086;4100;52234;3658;45638;84726;71404;1494;67710
evaluation,3732,8914;844;54404;6716;96169;1060;3894;78390;74194;2392
evaluation,3733,35402;27626;56582;10894;80112;31264;98730;36592;8838;1672
evaluation,3734,79807;57182;42762;5508;3668;91242;2068;88788;398;60042
evaluation,3735,59630;10122;13598;6136;874;86577;55432;95980;85539;90534
evaluation,3736,55450;7426;18018;81268;56112;28456;4416;62902;91580;56106
evaluation,3737,39286;79358;50070;99564;11874;57410;472;28900;26780;80286
evaluation,3738,23214;17458;31132;81768;2744;21886;11874;2920;91582;66106
evaluation,3739,32120;65370;78402;89894;82920;52600;1260;12854;41162;57390
evaluation,3740,788;8712;14171;78928;96854;754;282;31622;49396;67336
evaluation,3741,44930;65562;30652;42320;73124;30148;45412;27626;1080;62213
evaluation,3742,4664;5484;5086;71404;1400;3658;53476;1494;74844;11060
evaluation,3743,12314;1022;29154;13466;80850;87336;36862;59750;2744;24728
evaluation,3744,73124;5948;15970;85654;11698;16114;24650;81768;1260;7696
evaluation,3745,874;53472;12290;59750;71904;17326;9890;45174;20952;16558
evaluation,3746,340;332;398;92758;798;91110;3434;19510;33388;590
evaluation,3747,1706;28282;80112;98730;36592;10894;10682;71404;1900;72932
evaluation,3748,43010;47018;9392;4116;96394;42762;12292;50268;89536;3000
evaluation,3749,55450;7426;18018;56112;81268;56106;58060;4416;28456;56028
evaluation,3750,9118;584;2398;8812;3132;1434;3754;12110;56428;17770
evaluation,3751,26780;86654;79358;98937;91580;81768;17458;38542;99564;52452
evaluation,3752,66438;56564;47896;70854;90534;30870;52030;7284;34393;74256
evaluation,3753,98166;6894;6396;4100;93546;7920;26528;4688;9440;82700
evaluation,3754,1247;48216;19280;6224;39624;88670;48690;78380;69794;57566
evaluation,3755,1247;19280;39624;88670;48690;6224;48216;27572;32020;69794
evaluation,3756,4996;94954;77368;20848;33556;40062;724;6396;11060;11874
evaluation,3757,29154;12314;1022;40971;30186;24728;64484;95318;97962;52234
evaluation,3758,41328;9762;120;81050;1094;6224;7410;57962;74194;49302
evaluation,3759,88748;62322;63862;29122;29410;97662;39418;78164;47896;84324
evaluation,3760,22494;78164;97662;76764;90476;89232;88748;10646;98194;84324
evaluation,3761,78164;71108;88748;29410;98194;48048;22494;90476;29152;52452
evaluation,3762,91582;33222;56786;46748;3670;71108;472;24616;31698;6136
evaluation,3763,32584;6828;622;54812;1386;26528;22862;3944;2026;3166
evaluation,3764,24690;8760;47018;896;41394;51638;52220;99838;85654;93448
evaluation,3765,77464;23214;39618;1788;3668;31698;80850;2188;17458;11698
evaluation,3766,26810;30070;16420;96169;74192;1402;9486;38248;68994;67048
evaluation,3767,2396;74256;8336;31698;90534;14136;1618;70200;18278;13598
evaluation,3768,67048;16850;392;50512;4946;4276;21448;36862;14550;1494
evaluation,3769,24728;2492;40971;2392;45412;30826;19948;858;79320;30874
evaluation,3770,26810;16420;96169;30070;9486;1402;74192;38248;67048;22650
evaluation,3771,5642;4946;58602;86026;48752;4276;50512;96150;22078;45206
evaluation,3772,30028;82994;30874;81038;17326;58370;73418;50280;10894;17376
evaluation,3773,79807;89024;57182;86577;88788;1106;17376;91110;35722;24160
evaluation,3774,38784;39186;9948;57390;72940;10392;24760;10855;98924;17902
evaluation,3775,340;398;332;16114;36592;10682;98730;80112;798;76478
evaluation,3776,90534;38016;95980;20034;72932;28908;59512;13598;8838;86577
evaluation,3777,55450;7426;81268;18018;56112;66106;28456;56106;52452;35832
evaluation,3778,8712;9948;93448;29722;29594;13212;54282;26528;6216;1046
evaluation,3779,2026;22568;41328;23790;6778;20694;7150;5988;13282;724
evaluation,3780,54194;1260;9948;36545;10016;75582;31950;97962;21888;33416
evaluation,3781,6224;22816;48140;4494;10392;78380;14136;17956;26858;6824
evaluation,3782,50040;51148;60400;2092;41528;90522;49252;26298;27042;51792
evaluation,3783,11436;44450;11328;74194;44702;3894;22940;41498;12318;1790
evaluation,3784,38326;1826;60042;96169;8032;5760;76818;30070;12224;18805
evaluation,3785,1494;74844;5086;4664;42762;22912;66044;4100;12224;20952
evaluation,3786,4946;4276;46232;37938;73418;53592;58602;58060;21370;45206
evaluation,3787,40971;30186;4944;52234;78294;80850;8760;24728;79320;74260
evaluation,3788,3658;6828;54812;29722;5484;3944;1338;42556;32584;22568
evaluation,3789,64750;74540;14550;17824;96702;4426;41564;5096;392;2035
evaluation,3790,44954;95186;59882;73070;1022;50512;50280;14550;97962;36862
evaluation,3791,1260;2380;57048;16080;54258;22788;49396;622;31850;87554
evaluation,3792,88748;22494;81768;97662;92788;76764;63862;78164;82044;5362
evaluation,3793,22494;78164;97662;88748;90476;92788;76764;632;89232;13252
evaluation,3794,55450;83264;81268;584;52452;4416;83194;28456;18018;64412
evaluation,3795,1247;19280;39624;48216;48690;6224;88670;27572;78380;93546
evaluation,3796,10122;49302;94242;16080;3140;12854;52600;57048;65370;37476
evaluation,3797,73242;1766;40310;21286;49986;96394;6794;33270;7630;30904
evaluation,3798,98166;6894;93546;26528;11308;4100;9440;6396;7920;1400
evaluation,3799,85654;17328;71934;5256;3166;13466;11060;68994;5484;4664
evaluation,3800,42320;12314;52234;95318;40971;55432;1022;40440;59750;23718
evaluation,3801,59750;24728;95318;702;40971;42320;29154;31216;86574;55432
evaluation,3802,81268;55450;28456;83194;1574;56112;83264;18018;64658;6178
evaluation,3803,2836;9762;64658;36545;26104;622;2380;17956;16114;4494
evaluation,3804,92786;23214;21886;10276;81768;57410;2920;77464;3668;1494
evaluation,3805,54812;6828;32584;622;22862;1386;3944;3166;10798;50916
evaluation,3806,1618;4682;13994;1880;38326;13598;10960;4368;2056;14136
evaluation,3807,1348;95758;36592;98730;2222;10894;20766;71404;14550;10682
evaluation,3808,78164;22494;88748;98194;56786;71108;76764;48048;472;89232
evaluation,3809,1146;65646;37248;41010;98924;2536;49302;11142;9762;24616
evaluation,3810,41092;33556;25296;522;76628;46142;13958;13712;13342;26198
evaluation,3811,22494;78164;97662;88748;90476;92788;76764;632;89232;13252
evaluation,3812,59750;24728;702;95318;42320;40971;37624;86574;29154;55432
evaluation,3813,68166;70210;89024;87336;18640;1706;72932;57182;19274;5086
evaluation,3814,3434;35040;73268;887;76644;76672;38536;2068;18430;340
evaluation,3815,3662;48752;17824;1366;31264;41078;12290;36862;398;58776
evaluation,3816,89932;94748;98376;98210;632;39418;13182;46752;41830;97259
evaluation,3817,91582;472;46748;71108;30704;3670;33222;56786;98194;56358
evaluation,3818,33222;20470;3668;23790;1422;10276;24200;46104;83412;36258
evaluation,3819,3140;45174;17014;10122;2222;17326;30028;59512;81038;71904
evaluation,3820,1146;65646;41010;37248;2536;9762;98924;11142;24616;71646
evaluation,3821,54194;28190;41162;12854;27818;32120;14454;1260;35124;94242
evaluation,3822,73242;18640;11598;54524;1826;22078;41770;87388;21286;3434
evaluation,3823,54194;94242;53476;21888;1260;79358;91242;6778;10016;78390
evaluation,3824,3140;45174;10122;17014;17326;30028;81038;71904;59512;87336
evaluation,3825,98166;6894;11308;93546;12166;1400;78380;7920;82700;4100
evaluation,3826,95758;64754;38168;85706;340;6078;10682;40338;342;5508
evaluation,3827,17326;14162;41602;21170;9890;45174;98730;36862;10636;3140
evaluation,3828,4116;93854;87336;3864;40310;14114;1398;44544;38536;31816
evaluation,3829,45206;10016;22749;42556;73268;18805;41014;4276;41528;79320
evaluation,3830,96169;45174;68166;38558;70210;74194;3140;29594;36862;6716
evaluation,3831,6828;52526;5096;80952;14812;41528;42556;81038;85676;1044
evaluation,3832,14550;2035;5256;104;29490;1046;92156;34454;30186;4664
evaluation,3833,52526;54418;4264;4300;38501;4664;29594;4944;40440;1060
evaluation,3834,86026;5642;48752;41078;38016;18640;71904;5760;22078;58602
evaluation,3835,44954;95606;14812;20848;85676;10122;45174;406;87336;3140
evaluation,3836,91582;3670;46748;71108;472;30704;56786;56358;24616;33222
evaluation,3837,7696;81768;17458;8062;10276;97228;33416;79358;36280;47018
evaluation,3838,32120;65370;89894;78402;82920;54194;52600;1260;26104;94242
evaluation,3839,76628;39760;14114;41092;8136;522;56106;71934;58584;69394
evaluation,3840,86026;48752;5642;22078;5760;38016;58602;18640;87388;4946
evaluation,3841,56460;98853;33016;44702;44450;1060;11772;944;5272;1410
evaluation,3842,64750;74260;75848;12314;74540;1022;2396;30874;2744;41564
evaluation,3843,2744;73124;19948;20766;65562;2868;5464;47278;30028;11758
evaluation,3844,30874;10276;31132;214;22078;98997;7696;6794;25144;73242
evaluation,3845,74256;96238;91970;442;2396;11996;90534;8838;23632;18214
evaluation,3846,41078;36862;86026;48752;5642;398;10122;38016;71904;4946
evaluation,3847,340;80112;10682;31264;16114;98730;36592;75834;34372;95758
evaluation,3848,46752;98210;89932;13182;3668;57410;97259;27850;3132;83412
evaluation,3849,55450;81268;4416;56112;1574;83194;7426;28456;18018;17956
evaluation,3850,49302;16080;10122;12854;75986;702;52420;48140;3140;1644
evaluation,3851,33556;13712;13958;41092;65160;76628;522;910;74050;2026
evaluation,3852,87554;9762;33354;55450;53476;39760;2380;14114;82920;32120
evaluation,3853,65160;62213;37800;522;910;1382;14770;6440;36545;8336
evaluation,3854,3108;9440;4100;61208;76996;46252;7920;98080;40568;1494
evaluation,3855,86577;42762;12224;50268;9890;72940;1348;26810;5760;896
evaluation,3856,46150;80866;46302;87336;24690;85654;47278;30904;41394;24728
evaluation,3857,74256;12854;5280;14454;17824;15363;77252;19030;91864;72932
evaluation,3858,50268;22940;64522;42762;1968;4116;9392;20830;16114;24690
evaluation,3859,9908;1060;5272;1410;8938;21547;70630;75086;23674;9486
evaluation,3860,2092;50040;10855;60400;51792;72828;41528;75582;49252;90522
evaluation,3861,3166;93448;6828;28594;3658;85654;22862;1338;19948;44024
evaluation,3862,56460;98853;33016;71330;82920;11772;71718;4494;2392;27818
evaluation,3863,74540;2092;50040;96702;60400;33016;41528;4682;72828;25168
evaluation,3864,29594;40440;93854;73124;71404;38248;73418;53592;5086;65281
evaluation,3865,85654;24690;13608;1200;21084;15970;41060;91242;52220;16114
evaluation,3866,5642;4946;58602;48752;22078;86026;4276;18640;50512;45206
evaluation,3867,56460;98853;33016;44702;44450;1060;11772;944;5272;1410
evaluation,3868,22492;612;33016;11772;75086;86870;17868;56460;98853;75986
evaluation,3869,73124;19948;66044;23713;20766;85654;4944;65562;29410;41564
evaluation,3870,2092;10855;50040;41528;26298;2492;90522;27042;49252;60400
evaluation,3871,340;92758;91110;16114;26350;19510;398;17326;85654;64522
evaluation,3872,91582;3670;4594;46748;71108;56358;472;33222;29122;30704
evaluation,3873,77464;21886;3668;11532;6828;86574;11874;23214;20766;6178
evaluation,3874,78164;22494;76764;88748;46104;90476;84324;98194;97662;63862
evaluation,3875,31850;37602;31950;23790;54258;8136;28594;14686;22568;41162
evaluation,3876,2092;50040;10855;41528;26298;90522;60400;27042;72828;12
evaluation,3877,11436;44450;44702;41498;11328;51148;74194;2492;3894;4426
evaluation,3878,48752;5642;86026;36862;398;41078;4946;58602;50280;4276
evaluation,3879,12314;1022;59882;97962;73070;95186;87336;1968;88788;53237
evaluation,3880,788;8712;14171;31622;84340;49396;724;78928;37476;42678
evaluation,3881,9890;45174;38248;50512;50268;11328;17326;16420;74194;20952
evaluation,3882,4276;4946;58602;96150;45206;53592;5642;46232;10887;1366
evaluation,3883,1146;2536;65646;80286;1094;53476;87554;104;37248;9762
evaluation,3884,16080;57048;54258;12854;75986;10122;49302;2868;55432;52420
evaluation,3885,65370;32120;89894;78402;82920;94242;57390;13582;33354;910
evaluation,3886,65370;32120;89894;82920;78402;94242;23790;14686;22568;13880
evaluation,3887,11698;69582;77464;83412;39618;54190;37800;3668;14014;1788
evaluation,3888,31132;472;33838;57410;80286;13182;15282;3670;56358;36258
evaluation,3889,3670;57410;46752;98210;83412;89932;5362;15282;83904;65562
evaluation,3890,47896;88748;20470;97662;42062;29410;56786;22494;33222;56564
evaluation,3891,98194;35884;33270;29410;66438;214;83904;6178;50070;33222
evaluation,3892,82044;23430;7575;52452;35884;80866;46104;39286;25144;14012
evaluation,3893,1442;17608;71646;27572;21320;14686;51448;14992;12964;35124
evaluation,3894,33556;13712;13958;41092;910;522;65160;76628;74050;58584
evaluation,3895,32120;65370;89894;52600;78402;82920;54194;94242;1260;12854
evaluation,3896,43010;46150;7410;94242;48140;59968;46302;49396;36888;69562
evaluation,3897,32120;94242;65370;89894;78402;98166;57390;82920;13880;33354
evaluation,3898,59134;71934;17106;19274;6008;27662;40620;40806;41010;2654
evaluation,3899,27386;3646;22568;31850;7150;14686;724;20694;41162;20488
evaluation,3900,17868;73070;82920;3646;14686;48140;23790;724;28190;65370
evaluation,3901,51448;71646;32020;27572;98166;1442;93546;21162;82700;48690
evaluation,3902,4688;35124;1382;37602;82060;31950;622;17608;28594;27662
evaluation,3903,77368;59667;522;18330;13712;13958;1080;1382;77646;18680
evaluation,3904,58602;53592;46232;61464;20848;87366;96150;48752;45206;8828
evaluation,3905,26810;96169;22650;18214;91970;16420;392;86026;3864;29722
evaluation,3906,92758;340;398;91242;22912;19510;887;31379;332;798
evaluation,3907,48048;96238;88846;65281;92286;74256;536;1146;470;26810
evaluation,3908,73124;2744;11758;97741;16850;45412;59882;60368;47278;2868
evaluation,3909,41498;4426;7630;2035;41014;8760;49252;19948;2492;12844
evaluation,3910,92758;340;22912;398;798;332;16114;91110;98730;30186
evaluation,3911,12224;72932;10682;35402;80112;98730;50916;74256;23718;10894
evaluation,3912,887;3434;798;89024;35040;38536;20848;91242;87336;73268
evaluation,3913,24676;70210;59882;68166;74844;91864;66044;5086;97962;3894
evaluation,3914,55450;18018;7426;81268;56112;28456;83194;35832;56028;56106
evaluation,3915,91582;46104;13182;24616;33222;71108;57868;472;3670;98194
evaluation,3916,89932;12686;16036;10720;632;98210;13252;7426;18138;63084
evaluation,3917,81268;66106;85706;81768;99564;7696;13886;4688;584;90410
evaluation,3918,3670;6136;33222;57868;71108;83904;82044;57410;20470;56358
evaluation,3919,31132;91582;17458;33838;36258;15282;472;13182;29338;33222
evaluation,3920,16558;10636;21170;22912;14162;41602;92758;59630;19846;20952
evaluation,3921,26810;79807;74256;96169;38326;86026;22650;30070;1402;68994
evaluation,3922,3646;27386;33556;76628;14686;22568;48140;31850;7410;522
evaluation,3923,71934;59134;1400;22568;40620;2654;31850;6778;37602;1588
evaluation,3924,74256;26810;67048;90534;91970;96169;99796;1826;86026;18214
evaluation,3925,17232;308;41060;13342;258;54194;13608;456;77579;31042
evaluation,3926,2068;17048;33388;4494;340;64626;8032;22128;42076;35884
evaluation,3927,13608;39356;13880;12292;5988;798;24200;24690;26858;47278
evaluation,3928,38784;39186;1568;1588;470;12423;48048;82044;536;6778
evaluation,3929,52030;3944;84340;1402;1094;56168;214;29788;96169;95758
evaluation,3930,3944;29722;75086;21448;38501;612;9828;76672;10798;71904
evaluation,3931,29154;44702;44450;944;49252;12318;2035;22940;12844;50040
evaluation,3932,19280;1247;88670;39624;1094;48690;69794;3136;51448;6224
evaluation,3933,48752;86026;5642;36862;398;41078;4946;22078;4276;18640
evaluation,3934,3670;56786;472;33222;91582;13182;71108;57410;6136;98194
evaluation,3935,2290;582;13342;7696;9118;1736;81768;13868;2444;1880
evaluation,3936,64750;30904;64484;29594;40568;58060;97962;11874;71495;2744
evaluation,3937,77426;82649;13342;80866;30652;87064;23632;26156;7696;89536
evaluation,3938,46104;5362;25170;92788;2398;81768;1422;46752;98194;1184
evaluation,3939,21162;32020;51448;93546;27572;71646;1442;20666;19274;4090
evaluation,3940,95384;17048;80286;21886;1766;73290;30704;10586;17458;25168
evaluation,3941,7150;6006;7410;20694;27818;13514;77368;496;2706;28190
evaluation,3942,788;8712;14171;754;31622;78928;49396;5992;37476;496
evaluation,3943,1247;19280;39624;88670;1094;48690;69794;3136;3944;6224
evaluation,3944,32120;65370;89894;78402;82920;94242;57390;22568;14686;23790
evaluation,3945,724;1268;496;48690;3536;13514;96103;80744;41328;17956
evaluation,3946,26810;96169;1402;30070;2062;74256;22650;4426;74192;9486
evaluation,3947,50040;51148;60400;90522;41528;26298;2092;27042;10855;51792
evaluation,3948,50512;46232;85676;44954;11060;52526;14812;7630;4276;38536
evaluation,3949,76818;73418;37938;36862;20766;68166;21084;53592;71404;46232
evaluation,3950,67048;1766;50512;16850;17048;40310;73124;392;2398;73268
evaluation,3951,73268;10016;77306;44930;29594;79320;15970;5272;91242;41014
evaluation,3952,86574;75834;85676;17014;87366;41528;6828;12290;4944;30826
evaluation,3953,17328;44930;72119;79524;30652;27626;56582;21448;3668;81768
evaluation,3954,86026;38016;18640;5642;58602;87388;90534;4946;88788;28908
evaluation,3955,79807;89024;57182;88788;87336;1106;17376;86577;87068;28908
evaluation,3956,91582;46748;3670;472;56786;33222;24616;31698;29338;94748
evaluation,3957,63862;88748;47896;97662;78164;62322;84324;90476;56564;48048
evaluation,3958,71108;97662;98194;22494;76764;33222;56786;78164;88748;90476
evaluation,3959,65370;32120;89894;82920;52600;94242;57390;78402;28190;41162
evaluation,3960,78380;26858;6224;11960;6824;88670;32936;1046;17956;93448
evaluation,3961,54194;10016;93854;94242;24728;406;33388;43658;8604;6778
evaluation,3962,4426;858;29716;2492;11772;72828;2035;27042;71718;19948
evaluation,3963,30148;30652;73124;1080;62213;27626;44930;45412;702;17328
evaluation,3964,26810;22650;3864;34628;91970;49202;2868;9890;18214;1398
evaluation,3965,17014;12854;342;20848;59882;87366;41602;86510;64910;12290
evaluation,3966,27572;21320;88846;75582;57390;51792;21162;26298;29028;10855
evaluation,3967,12290;874;53472;16558;9890;58776;59750;17326;54418;10636
evaluation,3968,39624;88670;1247;19280;69794;48690;21162;3306;57962;3136
evaluation,3969,91582;56786;46748;24616;78164;6136;71108;472;56358;31698
evaluation,3970,94954;26780;79358;30704;17458;13342;76672;21888;76478;13282
evaluation,3971,55450;18018;56112;81268;83264;66106;83194;19114;7426;56028
evaluation,3972,71108;98194;56786;10646;13182;472;94748;94285;78164;33222
evaluation,3973,98210;632;39618;63084;13252;89932;10720;93232;13886;42062
evaluation,3974,98376;98210;89932;632;39418;39618;56162;97662;7426;42062
evaluation,3975,7696;81768;46104;17458;97228;78164;10276;25170;14012;47018
evaluation,3976,89894;65370;32120;78402;82920;57390;80744;14992;33354;2654
evaluation,3977,1146;65646;37248;2536;98924;11142;24616;41010;49302;99838
evaluation,3978,7150;73070;41162;20488;20694;3646;43658;23790;48140;14686
evaluation,3979,88670;19280;39624;1094;1247;69794;48690;3136;3306;27572
evaluation,3980,16208;472;33838;30704;9108;13182;25168;73290;46752;10646
evaluation,3981,10646;94748;98376;98210;89932;10720;632;59964;91580;39418
evaluation,3982,56460;98853;44702;33016;44450;1002;11772;1060;10960;67068
evaluation,3983,3827;29490;11772;42320;2744;8914;73070;64750;844;49202
evaluation,3984,32120;65370;78402;89894;82920;57390;896;33354;84340;94242
evaluation,3985,13958;33556;20152;18330;2026;20488;3678;13712;34454;74050
evaluation,3986,32020;93546;51448;71646;27572;1442;78380;32936;82700;12166
evaluation,3987,496;13514;7150;3536;22568;6006;20694;21320;54194;6778
evaluation,3988,32120;65370;89894;82920;78402;13880;33354;48198;94242;65160
evaluation,3989,3646;41162;94242;1338;20694;342;22749;65370;31850;7150
evaluation,3990,69562;54812;27818;49396;896;57566;7410;37476;7150;6006
evaluation,3991,612;62213;522;1080;1260;65160;14770;44930;75986;34454
evaluation,3992,85654;41034;31216;93854;40971;68994;64522;30874;59882;73124
evaluation,3993,92788;87336;47098;23214;88788;44544;1968;87068;2744;31816
evaluation,3994,72932;10682;10894;58718;88788;89024;3658;23718;59512;57182
evaluation,3995,82994;30028;67048;58370;3140;20320;50280;30874;10122;95318
evaluation,3996,91582;46104;3670;57410;78164;56786;29338;31698;80866;30704
evaluation,3997,880;48664;33210;51638;2900;6886;7316;70200;69432;22284
evaluation,3998,1247;19280;48216;88670;48690;6224;32020;39624;27572;69794
evaluation,3999,71934;1588;1568;31850;76628;87554;77368;43010;37602;89894
evaluation,4000,30186;47278;3827;8760;1200;79320;24690;92758;17326;2744
evaluation,4001,4276;4946;45206;53592;96150;58602;46232;50512;14812;1366
evaluation,4002,21170;16558;21420;59630;72119;54418;85539;20952;34393;54258
evaluation,4003,94242;10122;16080;49302;12854;29154;3140;14550;19030;95606
evaluation,4004,1146;80286;24616;37248;11142;2536;41010;57410;98924;65646
evaluation,4005,81768;65562;44930;1382;30652;33416;79524;93854;46046;65160
evaluation,4006,17868;612;4664;7366;33416;87554;34454;71330;1410;86870
evaluation,4007,29154;74194;2492;11436;41498;4426;27042;23713;11328;1790
evaluation,4008,16850;17328;40971;29594;5948;11758;93854;30652;14550;38558
evaluation,4009,94954;17458;26780;35402;52452;97259;51230;83194;3956;97806
evaluation,4010,1080;522;96238;22284;27626;77368;77646;3608;32554;7188
evaluation,4011,98853;56460;33016;1402;10855;1060;5272;74540;2062;70630
evaluation,4012,54404;45412;3864;26810;64102;76818;49252;8760;968;2035
evaluation,4013,86026;22078;48752;41078;18640;5642;87388;36862;71904;5760
evaluation,4014,36862;58776;19846;4264;38016;54418;9890;17824;75834;17326
evaluation,4015,21170;20952;16558;10636;85539;72119;874;75834;85676;17326
evaluation,4016,14014;80866;30904;79524;17458;81768;30652;79358;7696;91580
evaluation,4017,29594;52420;1022;55432;1234;86510;2035;95318;42320;392
evaluation,4018,73268;76644;76672;38536;18430;76478;3434;798;20848;45206
evaluation,4019,21170;16558;85539;10636;874;72119;59630;75834;20952;19846
evaluation,4020,44930;42320;27626;612;74434;86870;62213;1260;79524;26298
evaluation,4021,40971;52420;14550;29594;95318;2035;64484;392;1400;42320
evaluation,4022,788;8712;14171;78928;49396;37476;282;31622;96854;754
evaluation,4023,62213;40062;6396;1080;76628;98468;77368;522;18532;97259
evaluation,4024,896;72940;60400;27818;65370;57390;2080;12;94242;26298
evaluation,4025,71934;1588;1568;31850;96854;8136;65370;43010;87554;76628
evaluation,4026,788;8712;14171;49396;37476;78928;31622;724;16080;54258
evaluation,4027,496;13514;3536;7150;22568;6006;21320;48690;1268;20694
evaluation,4028,22568;20694;724;41162;14686;2026;59667;7410;1268;56162
evaluation,4029,64910;52420;93448;702;72940;30826;86510;66044;1044;16420
evaluation,4030,96150;53592;4946;58602;45206;4276;50512;46232;59882;16114
evaluation,4031,82994;30028;81038;20320;30874;50280;85676;10122;86510;52234
evaluation,4032,51230;11874;21694;25168;38542;39286;91580;32554;21888;99564
evaluation,4033,12318;44450;75986;44702;11436;22788;844;56460;71718;33016
evaluation,4034,612;86870;7366;1410;75086;75986;33016;17868;27150;21547
evaluation,4035,38558;2392;2492;18805;6156;27042;23713;4426;887;74192
evaluation,4036,9890;45174;38248;50512;16420;41602;17326;30148;19948;16622
evaluation,4037,33556;13958;34454;13712;37476;18330;41092;69562;18680;20488
evaluation,4038,86026;22078;48752;5642;18640;4946;58602;5760;71904;36862
evaluation,4039,3434;35040;73268;76644;887;76672;38536;340;18430;2068
evaluation,4040,31132;36258;30874;80866;5992;81038;43010;46150;97962;81768
evaluation,4041,10276;96394;30904;10016;47018;35032;29594;69582;99564;56112
evaluation,4042,89932;94748;39418;13252;98210;98376;10720;632;41830;7426
evaluation,4043,7696;81768;47018;584;78164;10276;47098;46104;25144;36280
evaluation,4044,4276;4946;58602;96150;45206;53592;5642;10887;46232;48752
evaluation,4045,9948;10392;36888;65160;48140;34454;94242;14454;54194;49396
evaluation,4046,33556;13958;34454;13712;37476;69562;18330;41092;20488;18680
evaluation,4047,496;7150;13514;22568;6778;21320;77368;1268;3536;4996
evaluation,4048,910;94242;14770;37602;36348;35124;31950;39760;14992;1260
evaluation,4049,12;29028;11772;90522;27150;51792;38501;71330;2492;75582
evaluation,4050,22823;21547;9486;22492;1402;98853;12224;75086;2062;1410
evaluation,4051,56460;2492;2392;38558;6716;4426;27042;40568;78390;70630
evaluation,4052,19846;16420;27176;38248;54418;3894;74194;38558;58370;64102
evaluation,4053,3434;35040;73268;76644;38536;887;76672;35402;2068;18430
evaluation,4054,48664;10276;69432;77426;584;33270;30904;69582;483;73290
evaluation,4055,32120;65370;78402;57390;89894;82920;33354;14992;1046;52600
evaluation,4056,54194;10016;21888;33388;47278;6778;41034;1260;9828;24728
evaluation,4057,86577;91988;33540;79807;26810;28510;87336;1106;91970;88788
evaluation,4058,75986;12;56460;26298;12318;11772;72940;5760;29028;33016
evaluation,4059,38558;74192;60042;887;19948;80;6156;9486;18805;11772
evaluation,4060,30028;82994;45174;50280;20320;81038;59750;17326;3140;85676
evaluation,4061,79807;38558;90522;12224;89024;6078;7630;96169;23713;1348
evaluation,4062,51230;48392;8190;9118;38542;87297;47720;32554;37356;11598
evaluation,4063,50040;60400;75582;51148;49252;41528;26298;90522;10855;72828
evaluation,4064,45206;58602;4946;53592;96150;50512;46232;4276;20848;69394
evaluation,4065,590;13726;43600;258;22128;3140;47018;798;51916;65998
evaluation,4066,91988;18800;798;87068;13608;8032;91242;50268;88788;42762
evaluation,4067,6850;6216;22132;63498;91988;9948;20774;5730;4116;31368
evaluation,4068,96150;58602;4946;45206;53592;4276;46232;50512;48752;16114
evaluation,4069,60586;12292;13608;47018;798;91242;16114;47278;47098;41770
evaluation,4070,1094;39624;1247;88670;69794;19280;3136;48690;29582;3306
evaluation,4071,89536;45206;4570;58602;39356;69394;20952;85676;50512;18430
evaluation,4072,4664;5086;5484;1400;53476;74844;3658;1494;11060;71404
evaluation,4073,44166;47018;896;64522;4116;25144;6794;47098;9890;874
evaluation,4074,2744;29594;86510;52420;12;40971;392;95318;65370;14550
evaluation,4075,29490;42320;3827;33416;52526;31850;6778;34454;1046;2744
evaluation,4076,64750;58602;50512;4946;58060;14550;392;4276;42556;44954
evaluation,4077,14550;35832;41162;33416;19948;2744;68560;31216;18430;40971
evaluation,4078,49202;33016;29716;2492;4426;98853;2035;858;72828;22492
evaluation,4079,41060;20848;24690;73070;21484;9392;23859;1644;28916;44954
evaluation,4080,67068;19948;34628;4426;71718;74194;2392;41498;3894;1200
evaluation,4081,4276;4946;45206;58602;96150;46232;53592;398;31264;48752
evaluation,4082,23718;10682;80112;3658;10894;98730;14454;71404;72932;19030
evaluation,4083,30028;82994;20320;58370;52234;30874;50280;85676;14550;81038
evaluation,4084,44954;95606;14812;20848;3140;45174;10122;85676;78392;406
evaluation,4085,3662;74256;31264;12290;1366;442;17824;58776;90534;398
evaluation,4086,36592;80112;22940;22788;10682;10894;1348;34372;28282;12224
evaluation,4087,340;5508;16114;4044;332;3434;95758;36592;35040;75834
evaluation,4088,4946;58602;4276;85676;96150;2068;50512;90534;44954;53592
evaluation,4089,887;798;33388;398;44930;3434;89024;35040;17328;31042
evaluation,4090,17014;45174;59750;17326;3140;71904;10122;2564;30028;80112
evaluation,4091,56168;15363;13994;5258;98080;1618;124;1880;5234;120
evaluation,4092,81768;7696;21886;92786;2920;78164;23214;88748;46104;92788
evaluation,4093,3956;4984;53592;58060;13282;2900;13342;9464;8812;42556
evaluation,4094,98210;81768;13182;11698;46752;3668;98468;2290;12110;82649
evaluation,4095,23890;33210;1308;10960;8812;12110;50070;2290;13868;48660
evaluation,4096,14014;11874;28352;79524;39286;5992;2744;81768;66106;91580
evaluation,4097,26810;96169;44024;9486;93854;16420;3864;38248;22862;71718
evaluation,4098,24690;2868;13608;68994;0;20848;56582;1644;23214;41394
evaluation,4099,30148;41602;14162;68166;21170;38248;9890;10636;20952;89834
evaluation,4100,32020;51448;71646;32936;27572;93546;78380;1442;48216;6224
evaluation,4101,18532;50916;3536;13212;2654;22568;13514;40806;27386;48198
evaluation,4102,72828;2092;2492;858;4426;29716;8938;56460;11772;41498
evaluation,4103,1094;69794;1247;39624;88670;19280;48690;3136;6824;21162
evaluation,4104,71934;1588;40620;1568;7366;13212;14686;22568;59134;41010
evaluation,4105,56460;98853;44702;33016;44450;75986;1410;5272;70630;8938
evaluation,4106,93854;42320;52234;41394;33416;73124;45412;65160;17328;1200
evaluation,4107,26810;3864;9486;52030;22650;96169;16420;38248;1348;1402
evaluation,4108,56460;11772;10798;12;75582;29028;12318;74192;90522;27150
evaluation,4109,29490;33416;42320;37938;52526;10016;11060;52234;73418;71404
evaluation,4110,5642;4946;86026;18640;48752;58602;28908;5760;88788;392
evaluation,4111,3434;35040;887;73268;76644;38536;2068;76672;89024;340
evaluation,4112,10276;21886;30704;13182;472;23214;98194;57410;6836;83412
evaluation,4113,98210;89932;46752;13252;632;97662;97228;3132;25168;1766
evaluation,4114,9828;910;69582;6778;48140;53476;2092;36545;2392;4494
evaluation,4115,16080;48140;52600;94242;14550;49302;65370;37476;10122;69562
evaluation,4116,96238;26810;30070;74256;1402;96169;9486;91970;86026;33540
evaluation,4117,31816;23713;834;80;87800;33540;78390;93232;20952;47018
evaluation,4118,3662;1366;48752;17824;31264;12290;41078;96150;74256;442
evaluation,4119,340;10682;80112;34372;98730;10894;1672;16114;19510;87388
evaluation,4120,50280;24676;20320;17326;2564;39418;82994;874;81038;1900
evaluation,4121,1002;93232;1736;7918;9118;2290;1574;16208;582;8190
evaluation,4122,80866;11874;99564;3608;66106;69582;52452;584;98376;28352
evaluation,4123,57390;896;32120;67710;28190;64910;52600;49396;6216;45638
evaluation,4124,71934;1588;1568;76628;8136;7366;56106;39760;14114;87554
evaluation,4125,90522;10855;75582;41498;27042;1060;26298;41528;72828;2062
evaluation,4126,38558;11060;44278;29594;3166;29490;11758;26528;1400;33416
evaluation,4127,7920;1494;40971;41450;4944;4664;84726;74434;20766;27386
evaluation,4128,33556;14992;43010;76628;35124;1382;80744;96854;65160;724
evaluation,4129,3670;6136;57868;33222;56162;71108;20470;57410;39618;31864
evaluation,4130,94748;59964;62322;13252;39418;632;10646;89932;61208;42062
evaluation,4131,10682;10894;80112;406;72932;23718;36592;98730;71404;8838
evaluation,4132,23718;10682;22788;80112;71404;98730;12224;72932;342;10894
evaluation,4133,5992;66106;79524;14014;80866;36258;31850;99564;17458;81768
evaluation,4134,33556;14992;43010;76628;35124;1382;96854;80744;65160;11874
evaluation,4135,51448;32020;71646;93546;27572;32936;78380;1442;48216;6224
evaluation,4136,71934;1588;76628;1568;22568;7366;39760;33556;13668;8136
evaluation,4137,54404;75986;12318;1348;56460;5760;75086;44450;64102;33016
evaluation,4138,56460;98853;44702;33016;44450;11772;67068;1002;2035;1060
evaluation,4139,19146;13886;97228;92192;51638;14012;65393;62902;92198;37356
evaluation,4140,81768;17458;76764;5362;2920;92788;97662;10276;3668;33838
evaluation,4141,5464;65562;31132;30704;13182;10276;57410;33270;1308;80286
evaluation,4142,4946;96150;4276;53592;45206;58602;46232;50512;50280;48752
evaluation,4143,30028;81038;17326;2564;59882;874;58370;17014;1900;82994
evaluation,4144,15970;36348;13582;9602;44930;1260;33416;13342;10708;86870
evaluation,4145,38542;23214;2290;3668;13868;10276;7852;12110;83412;9118
evaluation,4146,81768;7696;30704;78164;46104;25170;8032;77464;29874;47018
evaluation,4147,48752;38248;41078;86026;12290;58776;71904;9890;398;67710
evaluation,4148,8330;77464;39618;7575;11698;16866;6178;3668;17458;34464
evaluation,4149,90522;75582;27042;72828;41498;26298;52030;5272;60400;2092
evaluation,4150,95318;24728;2492;4426;19948;34628;38558;97741;1022;87336
evaluation,4151,51148;41498;49252;11772;90522;27042;2492;75582;72828;10855
evaluation,4152,26810;96169;16420;22650;3864;67048;9486;1402;30070;2062
evaluation,4153,52420;282;29594;86510;392;26298;65370;14550;2035;95318
evaluation,4154,36862;50280;48752;58602;4946;85676;4276;17824;50512;53592
evaluation,4155,887;89024;19510;34576;57182;73268;91242;79807;76644;77306
evaluation,4156,73124;5948;45206;1260;16850;47098;50916;47018;4276;5642
evaluation,4157,23718;12224;71404;11028;19030;18238;10682;80112;98730;72932
evaluation,4158,35040;73268;12292;3434;798;76644;38536;76672;60042;26156
evaluation,4159,4946;4276;58602;44954;85676;96150;50512;53592;20848;90534
evaluation,4160,48752;41078;31264;38016;3662;17824;96150;58718;12290;71904
evaluation,4161,332;79807;89024;2038;57182;85539;5280;87800;38536;17376
evaluation,4162,38016;85539;9890;16558;17326;14162;90534;21170;38248;41602
evaluation,4163,21448;85706;4494;99564;21286;584;35884;21420;6778;90410
evaluation,4164,26780;50070;31850;71495;79358;38542;91580;28900;99564;36888
evaluation,4165,88748;63862;90476;97662;66438;22494;78164;56786;24616;89232
evaluation,4166,26810;96169;16420;22650;3864;9486;67048;1402;30070;2062
evaluation,4167,8760;85654;1362;1398;3894;7630;34628;24728;42320;49252
evaluation,4168,35124;14992;13880;27662;37602;78928;456;31850;88460;17106
evaluation,4169,6396;2380;9602;10174;54282;7150;54194;77368;15970;88846
evaluation,4170,8760;85654;87336;7630;24728;1398;1362;3894;2028;42320
evaluation,4171,50040;26298;60400;75582;90522;51148;41528;49252;72828;10855
evaluation,4172,92286;99838;74540;3864;54404;1348;26810;64102;12318;30826
evaluation,4173,21694;34628;6616;3827;2492;858;49252;1022;11772;24728
evaluation,4174,26810;96169;96238;73242;87336;74256;7630;85654;91970;9486
evaluation,4175,26810;49252;9486;3864;54404;12318;34628;1362;2035;97741
evaluation,4176,4946;4276;58602;96150;45206;53592;5642;46232;48752;10887
evaluation,4177,26350;47098;47018;798;19510;30090;16114;42762;398;91988
evaluation,4178,59750;95318;40971;702;42320;24728;37624;31216;27626;55432
evaluation,4179,29582;29788;588;39624;56168;3944;2536;1672;1247;66438
evaluation,4180,29154;2868;8524;54404;37624;16080;12854;75986;44450;59750
evaluation,4181,4944;59882;24690;31216;96702;21448;39356;30186;1494;9890
evaluation,4182,38558;41498;23713;2392;2492;78390;3894;27042;29594;40568
evaluation,4183,30704;10276;57410;472;13182;83412;15282;46104;80286;30870
evaluation,4184,64910;5096;86510;40971;38501;6778;72940;896;54404;78402
evaluation,4185,340;10682;98730;36592;10894;30186;91110;398;80112;92758
evaluation,4186,1736;17458;17048;46752;82649;3668;37800;10586;95384;1788
evaluation,4187,1094;9762;22816;49302;4494;69794;57962;3136;41328;1268
evaluation,4188,18466;4116;39186;38784;40806;71934;32120;81414;68166;87388
evaluation,4189,1247;39624;88670;69794;19280;1094;48690;27572;3136;3306
evaluation,4190,71646;32020;51448;93546;1442;27572;82700;4090;78380;32936
evaluation,4191,1146;80286;71646;11142;24616;41010;2536;9762;57962;57410
evaluation,4192,26810;1402;16420;96169;2062;67048;30070;74192;9486;22650
evaluation,4193,59750;40971;95318;24728;42320;702;37624;94242;55432;31216
evaluation,4194,52420;26298;2092;2035;42320;29594;55432;1400;54404;36545
evaluation,4195,74540;92286;54404;64102;99838;3864;1348;26810;30826;40568
evaluation,4196,13466;10016;77306;34454;29490;96702;18805;3166;93936;75086
evaluation,4197,64750;4426;29594;1022;50268;22568;3894;2492;2035;74540
evaluation,4198,41602;14162;9890;16558;10636;21170;17326;85539;90534;38248
evaluation,4199,35040;3434;73268;76644;887;38536;12292;798;2068;76672
evaluation,4200,4946;44954;58602;85676;4276;50512;21084;53592;96150;98532
evaluation,4201,11874;14014;28352;91580;13868;80866;51230;39286;81768;5992
evaluation,4202,94748;98376;89932;39418;98210;632;41830;46752;42062;83904
evaluation,4203,1247;39624;88670;19280;48690;1094;3306;69794;3944;6224
evaluation,4204,38248;48752;41078;86026;12290;58776;71904;18640;9890;59630
evaluation,4205,71646;93546;51448;27572;32020;21162;98166;78380;1442;6894
evaluation,4206,40062;6396;94954;4996;77368;3136;3042;3306;71934;2380
evaluation,4207,788;8712;14171;31622;78928;19280;754;37476;49396;57962
evaluation,4208,44930;65562;1080;62213;73124;30652;79524;17328;27626;10016
evaluation,4209,96150;53592;4946;58602;4276;45206;46232;87366;48752;50512
evaluation,4210,13868;9118;1002;5620;4368;8190;7852;2056;582;4218
evaluation,4211,71495;28900;28352;91580;1338;41034;724;99564;79524;94954
evaluation,4212,31132;33838;13182;472;9108;56358;30704;2290;54964;46104
evaluation,4213,29594;35032;10276;77426;47018;63498;12292;30090;73290;96394
evaluation,4214,48140;3646;43010;724;33556;522;76628;23790;6616;27386
evaluation,4215,73242;96394;3132;18640;21286;39314;19146;41770;41078;17014
evaluation,4216,26298;41528;90522;29028;12;60400;75986;2092;72940;75582
evaluation,4217,46046;45412;41394;5948;612;54404;33416;30652;702;73124
evaluation,4218,26298;41528;90522;60400;75986;50040;29028;11772;2092;12
evaluation,4219,95318;40971;59750;42320;24728;5096;74434;31216;41394;55432
evaluation,4220,74540;30826;92286;3864;22940;64102;54404;26810;30070;99838
evaluation,4221,8938;1060;1410;5272;23674;9908;70630;90522;56460;98853
evaluation,4222,10682;10894;23718;72932;406;342;89024;80112;18238;10887
evaluation,4223,35040;3434;887;73268;76644;2068;340;16114;38536;89024
evaluation,4224,10894;10682;342;23718;72932;406;40440;80112;10887;89024
evaluation,4225,4946;4276;5642;398;58602;29490;10887;24650;48752;33388
evaluation,4226,14812;85676;44954;38536;87800;95606;50512;20848;87336;21084
evaluation,4227,31132;76764;17458;33838;65562;10276;472;22494;46748;88748
evaluation,4228,55450;7426;56112;18018;56106;28456;58060;81268;35832;62902
evaluation,4229,13868;7852;2056;4368;5620;12110;582;1002;8190;1880
evaluation,4230,1002;9464;16208;9118;3754;7918;1736;1574;93232;1880
evaluation,4231,81268;66106;55450;56112;4688;28456;78928;18018;14014;83264
evaluation,4232,91582;46748;3670;71108;33222;56786;472;56358;29338;6136
evaluation,4233,2900;87366;483;3956;6886;4984;69432;9464;77426;582
evaluation,4234,41034;26780;71495;40568;30904;35032;40310;17458;91580;94954
evaluation,4235,32120;89894;65370;82920;78402;37476;69562;49396;52600;20488
evaluation,4236,49302;12854;10122;16080;48140;73070;3140;52600;94242;87554
evaluation,4237,1146;41010;6008;71646;6824;71934;65646;9762;54282;57962
evaluation,4238,3646;724;27386;48140;2654;36888;76628;8136;93768;36545
evaluation,4239,7150;22568;41162;2026;1338;20694;13514;31850;54194;20488
evaluation,4240,71934;76628;1588;7366;40806;39760;69394;22568;8136;1568
evaluation,4241,8712;788;49396;37476;14171;20152;8828;724;18330;43658
evaluation,4242,1247;39624;6224;48216;48690;88670;19280;78380;3306;32020
evaluation,4243,1260;44930;62213;33416;612;42320;73124;47098;34454;22749
evaluation,4244,16850;29594;16420;93854;14550;52420;30186;24728;54404;42320
evaluation,4245,86026;48752;22078;5760;5642;36862;18640;4946;19846;58602
evaluation,4246,55450;56112;35832;66106;18018;7426;9762;85706;52452;41162
evaluation,4247,41162;12854;73070;94242;342;75986;49302;29154;54258;3646
evaluation,4248,54194;6778;35124;94242;9828;14992;89894;48140;36888;1382
evaluation,4249,30070;12318;75986;2062;1402;41528;34628;1410;612;9486
evaluation,4250,1060;8938;1410;5272;23674;9908;70630;86870;56460;33016
evaluation,4251,71718;75986;12318;44450;1386;1348;56460;30070;29722;38501
evaluation,4252,31216;95318;80850;40440;40971;1790;29490;36862;3140;10122
evaluation,4253,29490;42320;3827;10016;33416;16850;44954;47278;14550;52526
evaluation,4254,51148;2492;41498;27042;72828;49252;90522;858;2035;944
evaluation,4255,22823;21547;30070;9486;49252;41528;60400;1402;12844;29716
evaluation,4256,1060;8938;1410;5272;23674;9908;70630;86870;21547;33016
evaluation,4257,24690;41060;39356;60042;54194;2068;59667;1644;18430;15970
evaluation,4258,97741;84726;59134;53476;32120;54194;16114;19274;26104;59667
evaluation,4259,9486;22823;74192;49252;4426;34628;21547;30070;12224;71718
evaluation,4260,29490;3827;42320;33416;14550;52526;40971;10016;16850;59882
evaluation,4261,35040;3434;887;73268;2068;340;89024;76644;18430;38536
evaluation,4262,19510;45174;91864;26350;1366;74256;54418;47098;340;17326
evaluation,4263,4276;5642;4946;31379;10887;24650;398;45206;58602;10016
evaluation,4264,31132;17458;5948;92786;81768;11758;65562;76764;33838;10276
evaluation,4265,81268;55450;83194;52452;4416;18018;56112;28456;1574;98194
evaluation,4266,96854;54258;16080;57048;12854;65160;94242;2026;49302;54194
evaluation,4267,1247;39624;88670;69794;3136;19280;48690;29582;1094;588
evaluation,4268,98166;6894;11308;93546;1400;12166;82700;78380;7920;90438
evaluation,4269,71934;1588;96854;1568;65370;22568;40620;89894;31850;14992
evaluation,4270,4100;84726;58060;4664;35402;1494;9440;27386;7410;11758
evaluation,4271,2234;66438;62322;61208;12964;51230;11598;86870;13582;7426
evaluation,4272,48752;3662;41078;31264;38016;12290;17824;36862;96150;1366
evaluation,4273,92786;81768;17458;31132;78164;21886;76764;10276;46104;46748
evaluation,4274,880;29874;584;69582;7316;13886;19146;62902;3608;77426
evaluation,4275,3646;48140;27386;724;33556;2654;1400;94285;76628;93768
evaluation,4276,13880;14992;35124;27662;65370;1442;14686;48198;89894;71646
evaluation,4277,55450;23558;622;6224;15970;9762;82700;2380;2836;93546
evaluation,4278,16420;67048;2062;1402;26810;38248;86026;96169;7630;2492
evaluation,4279,910;74050;94242;31850;14770;36348;8712;6886;14992;13514
evaluation,4280,612;36348;1260;21370;21084;79320;22749;74050;522;6778
evaluation,4281,72828;2092;49252;12318;29716;33016;51792;34628;944;60400
evaluation,4282,22823;21547;30070;9486;41528;49252;60400;1402;12844;29716
evaluation,4283,74050;36348;69394;22749;910;33556;522;41092;77646;58584
evaluation,4284,39356;24690;58602;15970;69394;41060;1644;50512;89536;44954
evaluation,4285,51448;32020;71646;93546;27572;78380;32936;1442;21162;6224
evaluation,4286,27662;17106;80744;71934;67336;48198;6824;40620;93546;1386
evaluation,4287,24160;63534;75986;7922;52220;77252;29874;23790;896;16866
evaluation,4288,93546;32020;51448;71646;27572;1442;32936;78380;12166;21162
evaluation,4289,10798;33016;75986;12318;64102;1494;5760;1348;75582;27150
evaluation,4290,29028;26298;12;90522;75582;27150;60400;11772;51792;944
evaluation,4291,31216;67048;40971;29490;68994;10122;40440;95318;3140;1790
evaluation,4292,95318;86574;16420;24728;54404;37624;96702;702;40971;67048
evaluation,4293,38558;23713;41498;4426;90522;2492;27042;75582;96169;2392
evaluation,4294,2038;332;5280;1900;87800;86577;72932;22912;44954;23718
evaluation,4295,87336;1790;2380;95606;24728;7630;49302;16080;2028;29154
evaluation,4296,9118;12110;1422;8336;8812;35032;9108;3132;50070;5620
evaluation,4297,65160;41328;724;96854;49302;14992;1268;10122;23790;80744
evaluation,4298,1247;39624;88670;69794;19280;1094;48690;6824;588;3136
evaluation,4299,3646;27386;724;48140;76628;39314;94285;1268;6616;43658
evaluation,4300,29582;74192;84324;522;90476;2868;25144;81398;5506;97662
evaluation,4301,75986;12;12318;26298;56460;72940;11772;29028;5760;22788
evaluation,4302,16420;67048;26810;1402;2062;38248;96169;86026;7630;85654
evaluation,4303,16420;67048;26810;2062;1402;38248;29594;85654;30070;74540
evaluation,4304,54404;92286;74540;1348;64102;12318;30070;99838;97741;26810
evaluation,4305,5506;74194;97662;2868;50268;522;56582;41498;2492;4426
evaluation,4306,29582;29788;1247;56168;1402;1672;52030;3944;39624;29122
evaluation,4307,3646;27386;31850;48140;724;65370;87554;94242;43010;14686
evaluation,4308,6396;40062;77368;98468;8604;3136;18532;24650;4996;3306
evaluation,4309,33556;46142;13958;6824;25296;1386;13712;20152;724;41092
evaluation,4310,76628;41092;33556;69394;522;13712;21370;45178;21084;13958
evaluation,4311,33016;98853;41528;11772;56460;50040;49202;2035;60400;71718
evaluation,4312,33016;98853;41528;50040;11772;56460;49202;60400;2035;71718
evaluation,4313,31132;65562;76764;10276;17458;92786;33838;5948;9440;46748
evaluation,4314,10894;10682;98730;72932;342;80112;406;23718;8838;18238
evaluation,4315,44954;85676;20848;95606;14812;45174;406;87336;10122;88788
evaluation,4316,59750;17326;81038;53472;2222;17014;45174;874;71904;50916
evaluation,4317,88670;1094;29582;39624;69794;1247;588;48690;13212;3306
evaluation,4318,23558;11308;51448;22816;88670;48690;93546;30758;9440;69794
evaluation,4319,622;6828;32584;54812;56162;22862;10798;57784;87297;50916
evaluation,4320,51448;71646;4090;42076;1442;98166;27572;32020;82700;21320
evaluation,4321,31132;65562;17458;76764;92786;10276;88748;9440;11758;5948
evaluation,4322,3956;2900;9108;97259;17458;9118;33838;10586;1002;12110
evaluation,4323,12318;30070;33016;75986;29716;22788;54404;8914;56460;64102
evaluation,4324,10798;64102;12318;1348;5760;12;75986;8914;74540;27150
evaluation,4325,74844;35402;7920;59512;5086;1494;27386;84726;93768;3646
evaluation,4326,5642;4946;58602;22078;48752;86026;4276;96150;45206;87388
evaluation,4327,6660;29594;5484;4664;58060;66044;4100;9440;5086;12224
evaluation,4328,43658;48690;1268;724;49302;3536;1146;96103;89834;12686
evaluation,4329,41078;48752;31264;3662;1366;58718;96150;17824;38016;398
evaluation,4330,2038;5280;86577;332;1900;72932;85539;87800;59512;2564
evaluation,4331,86654;35032;50070;91580;99564;39286;21694;90410;52452;59964
evaluation,4332,31132;76764;10276;92786;81768;17458;78164;65562;2920;46748
evaluation,4333,70994;31864;12686;16036;18138;61208;56564;59964;1202;42062
evaluation,4334,51448;11308;23558;88670;1247;21162;57962;39624;71646;19280
evaluation,4335,496;7150;13514;22568;21320;3536;28190;17106;1268;20694
evaluation,4336,910;14770;94242;74050;82700;35124;36348;5948;14992;496
evaluation,4337,33556;80744;724;22568;20694;89894;20488;910;65370;14686
evaluation,4338,82328;23718;15924;59630;87388;5506;36592;18640;48752;398
evaluation,4339,96150;45206;10887;53592;4946;19510;58602;46232;4276;398
evaluation,4340,89024;72932;23718;406;57182;49302;342;40440;58718;10682
evaluation,4341,24160;8006;74256;19510;67048;8838;11996;42762;798;80
evaluation,4342,1402;2062;74192;38558;96169;2492;30070;38354;74194;27042
evaluation,4343,24690;85654;39356;41060;8760;4276;13608;52220;76478;73124
evaluation,4344,29582;3944;588;39624;29788;1672;52030;38501;1247;64412
evaluation,4345,29122;56162;33556;12964;21694;38334;5676;6824;88846;90410
evaluation,4346,73418;14934;27626;80112;34372;71404;702;98730;36592;12224
evaluation,4347,38536;14812;85676;44954;87800;95606;76672;50512;45478;20848
evaluation,4348,35040;73268;398;4276;1790;4946;10887;33388;76644;96150
evaluation,4349,18018;55450;81268;52452;66106;56112;7426;35832;28456;83264
evaluation,4350,79524;11874;66106;2744;14014;41034;80866;28352;39286;91580
evaluation,4351,22788;48664;57868;38168;39286;6132;28900;50070;40338;99564
evaluation,4352,55450;81268;56112;28456;83194;6354;52452;89232;98194;4416
evaluation,4353,49302;16080;57048;54258;65160;96854;7366;94242;2868;12854
evaluation,4354,1146;2536;65646;80286;37248;11142;1094;98924;57410;588
evaluation,4355,38632;18640;87388;38248;20766;61464;5760;64102;35040;41078
evaluation,4356,98853;56460;5272;1060;11772;8938;33016;70630;9908;1410
evaluation,4357,21694;91580;90410;39286;99564;79358;21420;28900;40568;50070
evaluation,4358,8032;50268;1968;42762;91242;994;38326;4426;6616;1106
evaluation,4359,4276;45206;4946;58602;46232;96150;5642;50512;69394;53592
evaluation,4360,91988;88788;1968;87336;10887;38326;91864;42762;8032;50268
evaluation,4361,887;1234;87336;6616;91988;76644;89024;91242;88788;60042
evaluation,4362,14350;4044;56582;5506;5508;36592;35402;77238;80112;27626
evaluation,4363,798;91864;64522;16114;1094;48140;18430;49302;20830;33416
evaluation,4364,33556;76628;41092;522;69394;58584;45178;13712;21370;25296
evaluation,4365,1080;62213;44930;42320;65562;27626;30652;73124;612;1260
evaluation,4366,64750;14550;96702;1338;29594;97962;74540;12314;80850;73418
evaluation,4367,98853;56460;1060;5272;11772;8938;33016;70630;10855;9908
evaluation,4368,8914;74540;64102;54404;74434;45412;3864;22788;49252;2392
evaluation,4369,9890;45174;20952;96169;50512;58370;44954;38248;67710;19948
evaluation,4370,81768;88748;63862;90476;78164;97662;24616;45178;89232;57410
evaluation,4371,88748;97662;76764;22494;78164;63862;46748;4416;90476;56312
evaluation,4372,5642;86026;41078;48752;22078;4946;58602;87388;398;18640
evaluation,4373,88788;2068;38536;1106;76644;45206;76672;96150;406;28510
evaluation,4374,44954;95606;14812;85676;20848;10122;406;87336;38536;3140
evaluation,4375,62124;282;46252;90438;50166;76996;77252;5234;3108;6396
evaluation,4376,79807;89024;88788;57182;87336;86577;1106;17376;6078;38536
evaluation,4377,896;72940;4116;10392;78402;2080;6216;14162;9948;86510
evaluation,4378,56168;5234;15363;81414;124;98080;5258;38784;104;24760
evaluation,4379,398;5642;4276;58602;10887;53592;26350;31379;4946;45206
evaluation,4380,87336;24728;95606;29154;16080;2380;7630;2028;1790;78392
evaluation,4381,13868;5620;582;2290;8812;9118;12110;1002;1736;1308
evaluation,4382,13212;1094;1146;2536;6216;11142;54282;26312;6850;65646
evaluation,4383,99564;51230;16208;40338;25168;7316;32554;9118;8190;48664
evaluation,4384,65370;32120;82920;89894;78402;94242;14992;896;52600;80744
evaluation,4385,11308;22816;57962;23558;51448;1247;93546;9762;88670;21162
evaluation,4386,3646;724;27386;48140;43010;76628;93768;6616;36888;37602
evaluation,4387,496;13514;7150;54194;98166;48690;98468;22568;4996;82700
evaluation,4388,1826;8032;30870;13182;20470;87366;29122;57410;4594;30704
evaluation,4389,33556;80744;724;20152;18330;22568;89894;20488;13958;30758
evaluation,4390,60042;4276;53592;87366;96150;798;58602;2068;4946;19510
evaluation,4391,98853;11772;33016;56460;41528;50040;2092;4682;49202;71718
evaluation,4392,26298;2035;52420;2092;29594;50040;1788;42320;95318;5096
evaluation,4393,10798;64102;1348;12318;8914;5760;75986;12;74540;27150
evaluation,4394,13958;33556;522;13712;20152;41092;17770;74050;45178;910
evaluation,4395,13868;582;2290;5620;6594;1308;1002;12110;9118;8812
evaluation,4396,96854;81268;56428;55450;78928;1574;83194;38168;584;56112
evaluation,4397,26780;39286;1736;26198;50070;17458;97259;97806;38542;79358
evaluation,4398,56162;38334;94954;1422;1094;3944;27076;19280;85706;5676
evaluation,4399,4494;94954;90410;99564;6824;1268;56162;27850;22816;35884
evaluation,4400,94242;910;9828;28190;35124;14770;36348;74050;13582;18680
evaluation,4401,54812;622;6828;32584;1386;3944;22862;96103;20152;6824
evaluation,4402,48752;398;17014;41078;36862;17326;17824;71904;38016;58602
evaluation,4403,38248;11328;4426;30148;41602;70210;9890;67710;68166;5760
evaluation,4404,3894;38558;97741;11060;23713;8760;85654;11328;16420;12844
evaluation,4405,10894;10682;80112;98730;18238;72932;23718;342;89024;10887
evaluation,4406,81038;30874;1106;71904;85676;17326;59882;88788;14454;30028
evaluation,4407,7630;87336;24728;1790;2028;29154;95606;88788;37624;91242
evaluation,4408,3140;45174;17014;2222;81038;10122;17326;59512;71904;30028
evaluation,4409,332;85539;72932;5280;1900;2038;86577;38016;28908;2564
evaluation,4410,13886;62902;97228;3132;19146;7316;10720;4218;88748;65393
evaluation,4411,24690;41060;85654;8760;39356;40971;13608;58370;1200;4276
evaluation,4412,12318;64102;75986;8914;22788;74540;1348;78390;71718;6716
evaluation,4413,95606;10122;44954;85676;3140;20848;406;87800;14812;87336
evaluation,4414,98853;56460;33016;1060;8938;5272;1402;60400;30070;70630
evaluation,4415,48752;41078;31264;3662;38016;17824;96150;71904;58718;1366
evaluation,4416,36862;48752;58602;4276;53592;50280;4946;12314;71404;17824
evaluation,4417,72932;38016;23718;80112;1900;10682;98730;72119;10894;36592
evaluation,4418,30070;12318;1402;75986;2062;34628;41528;1410;9486;612
evaluation,4419,24690;41060;85654;8760;39356;40971;4276;13608;1644;52220
evaluation,4420,21547;612;34628;18805;42320;86870;22492;33016;1494;22823
evaluation,4421,16420;67048;26810;2062;1402;38248;96169;86026;3864;85654
evaluation,4422,52420;26298;2035;29594;2092;42320;37476;12;282;1788
evaluation,4423,90534;2068;75834;24226;42556;483;87366;58370;8032;30652
evaluation,4424,24690;98532;52220;43600;56582;81038;44166;46150;5730;1672
evaluation,4425,1402;30070;74192;2062;8938;23674;71718;38354;56460;11328
evaluation,4426,342;18238;56582;73418;1672;8006;3658;37938;82994;12224
evaluation,4427,48752;17014;398;36862;41078;17824;17326;1900;38016;71904
evaluation,4428,35040;3434;887;73268;2068;38536;76644;89024;19510;340
evaluation,4429,72119;56582;12224;38398;41696;80112;342;98730;36592;18238
evaluation,4430,51792;2092;10855;51148;78294;65646;60400;75582;26298;41528
evaluation,4431,33556;724;20694;22568;65370;2026;7150;41092;14686;76628
evaluation,4432,1826;33222;20470;30870;8032;30704;29122;13182;87366;4594
evaluation,4433,27818;28190;14054;358;2380;93768;89834;20848;2234;12854
evaluation,4434,1260;11060;17868;8062;1044;87554;92786;81768;69562;844
evaluation,4435,8914;3166;38501;3944;22862;93448;78390;2392;30826;10798
evaluation,4436,30870;8032;4100;11060;8828;21448;65646;9232;33416;17868
evaluation,4437,72932;1900;74256;17326;12224;59512;53592;28510;81038;21484
evaluation,4438,44954;4946;58602;4276;36862;85676;50512;2068;53592;20848
evaluation,4439,340;16114;398;36592;332;80112;31264;98730;10682;3434
evaluation,4440,17902;64910;896;12290;57390;72940;22132;258;43600;2080
evaluation,4441,3670;57410;25170;71108;81768;88748;83904;78164;35884;46104
evaluation,4442,22494;88748;97673;97662;81768;1002;92788;13252;632;582
evaluation,4443,30070;92286;12318;99838;34628;74540;30826;26810;3864;97741
evaluation,4444,51148;90522;49252;27042;16420;41498;2492;944;10855;72828
evaluation,4445,16850;16830;12318;5760;91242;41014;18430;1200;7630;70630
evaluation,4446,74192;56460;30070;98853;33016;8938;2492;1402;38354;2062
evaluation,4447,77306;16830;78392;6156;35402;798;887;18805;4044;26156
evaluation,4448,4946;45206;4276;96150;58602;53592;50512;46232;5642;14812
evaluation,4449,6078;1826;1234;91242;86577;89220;87336;887;1106;87068
evaluation,4450,1402;2062;96169;38558;74192;38354;10798;8938;23674;16420
evaluation,4451,12318;75986;71718;8914;54404;34628;64102;30070;612;3864
evaluation,4452,74540;12318;34628;30070;92286;99838;3864;8914;26810;12844
evaluation,4453,8914;45412;3864;74540;64102;74434;40568;49252;54404;76818
evaluation,4454,342;56582;8006;18238;73418;12224;82994;1672;37938;83904
evaluation,4455,41060;24690;20848;97962;59512;23859;73070;1644;28916;13342
evaluation,4456,48752;398;17014;41078;36862;17824;17326;71904;38016;58602
evaluation,4457,10894;10682;8838;98730;80112;36592;72932;31264;18238;2222
evaluation,4458,2222;28908;91864;874;17326;71904;59512;45174;5280;59882
evaluation,4459,38398;56582;23859;342;41696;12224;72119;33416;14934;21170
evaluation,4460,35054;56582;58370;38398;41078;16558;12224;18238;67068;21170
evaluation,4461,10392;896;41528;2092;72940;9948;92934;10855;59750;9828
evaluation,4462,496;54194;7150;13514;6778;26528;98468;1268;6006;22568
evaluation,4463,31264;80112;56582;10682;18238;58776;10894;5506;72119;994
evaluation,4464,44954;71330;2038;95606;38536;73070;87800;35040;20848;53592
evaluation,4465,79524;81768;2744;14014;2290;92786;5992;80866;17458;28352
evaluation,4466,28352;30904;86654;28594;80866;39286;40568;35032;26780;31132
evaluation,4467,30870;49396;37476;28594;77464;87554;69562;83412;33556;38501
evaluation,4468,11874;1788;77464;14014;6828;41034;4996;3668;23214;10798
evaluation,4469,26198;94954;56162;33556;38334;29122;12964;6824;5676;3136
evaluation,4470,2056;4368;1880;582;4218;1002;1434;1736;4984;13342
evaluation,4471,6824;35884;522;1386;3306;40620;2654;3136;13212;32584
evaluation,4472,4116;45174;17326;87336;41602;88788;1366;47098;54404;14162
evaluation,4473,32120;64522;16114;24690;1046;45638;3110;82920;52220;65370
evaluation,4474,78402;89894;65370;32120;48198;82920;13880;33354;17770;13252
evaluation,4475,11308;23558;22816;88670;51448;78380;32936;9440;93546;4100
evaluation,4476,6006;7410;27818;28190;7150;20694;13514;22568;2706;54194
evaluation,4477,1900;17326;59512;5280;68166;81038;70210;2564;21170;88788
evaluation,4478,5952;1215;99838;798;19510;31042;38536;22132;89834;33388
evaluation,4479,1162;6216;38784;6850;15363;120;24760;39186;9376;89536
evaluation,4480,88130;43600;37248;98924;258;70994;22494;24760;22128;6178
evaluation,4481,1146;71646;80286;24616;41010;57410;51448;11142;1247;57962
evaluation,4482,2056;4368;1880;582;4218;1002;13342;4984;1434;2900
evaluation,4483,18330;34454;18680;13712;8828;33556;72940;37476;17770;20152
evaluation,4484,1338;42556;3658;54812;32584;392;6828;67048;93854;93448
evaluation,4485,24690;41060;85654;8760;39356;40971;4276;13608;1644;52220
evaluation,4486,44954;71330;2038;95606;38536;87800;20848;35040;53592;85676
evaluation,4487,64750;74540;29594;3894;96702;71495;12314;97962;85654;1022
evaluation,4488,30070;75986;12318;1402;2062;34628;1410;612;41528;86870
evaluation,4489,11060;29594;38558;3166;3894;29490;52420;44278;33416;40440
evaluation,4490,35040;3434;73268;76644;38536;887;76672;2068;76478;11996
evaluation,4491,214;87068;41394;34628;9486;1362;2398;7316;6354;12423
evaluation,4492,65370;82920;89894;32120;3646;73070;71330;1260;78402;94242
evaluation,4493,6396;3136;40062;77368;98468;522;62213;3306;1080;4996
evaluation,4494,3894;97962;12314;1022;79320;59882;38248;73070;95186;2868
evaluation,4495,16850;16830;41014;7630;18430;12318;22078;76478;9908;5760
evaluation,4496,17328;74540;95318;4944;5096;12844;49252;71904;944;12318
evaluation,4497,41770;73242;22078;50268;6794;26104;21286;22128;16114;18640
evaluation,4498,6156;91242;2392;12292;60586;79320;19948;34628;71718;6616
evaluation,4499,3894;38558;97741;23713;8760;11060;85654;11328;41014;16420
evaluation,4500,49252;27042;12318;34628;96169;2392;944;51148;38558;74194
evaluation,4501,90534;85676;58370;2564;82994;4276;14550;74844;38016;75834
evaluation,4502,6078;91242;44544;38326;7922;79807;12318;73242;17376;89024
evaluation,4503,4946;44954;85676;58602;50512;4276;14812;36862;95606;21084
evaluation,4504,340;332;1790;19510;398;3894;31042;887;33388;3434
evaluation,4505,9118;1736;7918;9464;1002;1880;1574;582;8190;2290
evaluation,4506,2056;4368;1880;582;13342;1002;4218;1434;4984;1736
evaluation,4507,88748;97662;76764;13598;31618;63862;90476;56312;22494;20470
evaluation,4508,2234;7426;62322;51230;88748;14012;632;47896;12964;11598
evaluation,4509,622;87554;54812;2380;6828;26528;32584;4494;13282;3944
evaluation,4510,14770;6886;94242;88130;910;11532;78928;788;31850;14992
evaluation,4511,49302;12854;75986;29154;16080;5086;2868;95606;10122;22749
evaluation,4512,16080;49302;41328;10122;2380;57048;3140;54258;2868;6440
evaluation,4513,94954;8812;33210;85412;30904;12292;14114;21420;584;46150
evaluation,4514,75986;12318;60400;71718;45412;33016;41528;30070;2062;1402
evaluation,4515,90534;82994;3140;4276;58370;14550;85676;55432;74260;71404
evaluation,4516,80112;36592;10682;22788;98730;10894;1348;2222;22940;72119
evaluation,4517,5280;98730;14454;33354;28908;17328;17326;59512;95606;2564
evaluation,4518,39624;1094;1247;88670;57962;48690;588;3136;88846;19280
evaluation,4519,98166;6894;4688;93546;26528;57390;1400;2380;5086;6396
evaluation,4520,4664;66044;5484;3166;11758;93448;1494;4100;5086;86510
evaluation,4521,44930;65562;42320;79524;1080;27626;1260;45412;33416;30652
evaluation,4522,50040;51148;60400;26298;90522;41528;49252;2092;10855;51792
evaluation,4523,98853;56460;33016;11772;5272;1060;71330;8938;10855;71718
evaluation,4524,52420;11142;27818;2706;1644;71330;41528;5086;28190;65646
evaluation,4525,40971;74434;42320;31216;20320;95318;52420;54404;41602;14550
evaluation,4526,26528;82700;88846;9828;71646;2706;6894;92934;470;6396
evaluation,4527,3894;23713;1200;11328;85654;8760;49252;22940;74194;44702
evaluation,4528,30870;1788;23214;21636;14136;13598;20360;66438;3668;17770
evaluation,4529,17326;45174;16558;36862;17014;41602;17824;30028;14162;85539
evaluation,4530,85676;44954;10122;3140;87336;14812;406;45174;95606;20848
evaluation,4531,3662;1366;17824;36862;31264;398;58718;58776;38016;48752
evaluation,4532,74256;7630;38248;72932;1790;28510;90534;23718;96169;68994
evaluation,4533,57182;33540;80;79807;89024;34576;76478;88788;86577;887
evaluation,4534,38398;41696;21170;72119;16558;342;56582;874;59630;12224
evaluation,4535,85676;14812;44954;38536;87800;95606;87336;21084;76672;50512
evaluation,4536,17326;45174;71904;59750;3140;17014;874;59512;10122;86577
evaluation,4537,282;62124;90438;77252;6396;76996;98080;50166;21636;86510
evaluation,4538,17458;97806;97259;94954;26780;1736;95384;29490;3956;37938
evaluation,4539,26780;40568;71495;38542;79320;97962;91580;33556;40310;17458
evaluation,4540,21886;77464;2280;13182;2188;31698;1788;6178;23214;42320
evaluation,4541,31132;10276;81768;17458;33838;2920;92786;9440;73290;76764
evaluation,4542,17458;81768;46748;97673;23214;91582;35884;76764;25170;33222
evaluation,4543,14012;65393;37356;32554;26198;4368;12110;99564;764;632
evaluation,4544,97259;97806;3608;17458;77426;22284;82649;90476;472;56428
evaluation,4545,7284;16036;34393;42062;38334;56564;29122;67336;59964;93232
evaluation,4546,22749;48140;910;74050;94242;27818;28190;1400;62213;34454
evaluation,4547,1146;65646;2536;1094;54282;53476;41010;80286;37248;75086
evaluation,4548,3646;27386;13582;43658;96238;84340;83264;22568;5086;18430
evaluation,4549,496;13514;54194;7150;48690;3678;26528;3536;4996;96854
evaluation,4550,41528;2062;2092;60400;90522;1402;26298;51792;10855;50040
evaluation,4551,26810;74256;30070;74192;52030;71718;22650;12318;3864;9890
evaluation,4552,37938;52526;36862;29490;14550;96702;31216;42320;73268;4276
evaluation,4553,19948;52234;80850;14550;97962;53237;58060;93854;96702;51916
evaluation,4554,5086;5484;32584;1338;5256;6828;4664;11758;3658;54812
evaluation,4555,52420;26298;2035;72940;29594;2092;1022;12;82920;55432
evaluation,4556,75986;56460;90522;74192;71718;26298;2392;11772;944;34454
evaluation,4557,1402;74192;30070;2062;27042;96169;1060;38354;56460;8938
evaluation,4558,96702;31216;52526;36862;14550;85676;41034;3827;18430;47278
evaluation,4559,37938;36862;29490;44954;96702;10016;50512;53592;33416;17458
evaluation,4560,66044;68166;70210;21162;6716;93448;104;21888;358;53476
evaluation,4561,1398;1362;9486;1348;34628;97741;22940;5760;54404;12318
evaluation,4562,97806;97259;49986;94954;53592;46104;46232;17458;17048;35884
evaluation,4563,17328;95318;41602;12314;38248;1022;1366;4944;612;1968
evaluation,4564,4946;48752;58602;45206;406;38016;5642;18640;4276;86026
evaluation,4565,35040;3434;2068;887;340;89024;16114;73268;398;76644
evaluation,4566,87336;10122;406;85676;45174;1790;44954;14812;3140;95606
evaluation,4567,82994;20320;30028;30874;81038;30186;85676;50280;68560;58370
evaluation,4568,48752;3662;41078;17824;1366;31264;36862;74256;28282;442
evaluation,4569,56582;72119;12224;98730;342;41696;18238;23859;80112;38398
evaluation,4570,87800;85676;38536;14812;20848;44954;45478;95606;81038;4276
evaluation,4571,94954;17458;3956;26780;51230;14054;1736;97259;4368;99564
evaluation,4572,91582;71108;46104;31698;57868;98194;57410;29122;29338;78164
evaluation,4573,910;14770;94242;57962;13880;48140;37602;88846;28190;20152
evaluation,4574,1094;1247;39624;69794;88670;19280;3136;29582;48690;588
evaluation,4575,11308;22816;23558;57962;51448;9762;93546;32936;88670;30758
evaluation,4576,71646;32020;51448;27572;21162;93546;1442;82700;6224;32936
evaluation,4577,522;13712;76628;65160;13958;1080;25296;45178;1382;58584
evaluation,4578,91580;87297;39286;86654;50070;94285;47896;21694;94748;42062
evaluation,4579,1402;30070;74192;90522;26810;96169;74256;2062;9486;8938
evaluation,4580,90522;60400;27042;72828;75582;51792;1060;26298;49252;41498
evaluation,4581,98853;56460;33016;11772;5272;1060;8938;71330;10855;27042
evaluation,4582,86870;612;33016;22492;11772;75986;6156;8938;70630;75086
evaluation,4583,10016;31216;96702;54404;36862;14550;3827;52526;41034;79320
evaluation,4584,1402;30070;74192;90522;26810;2062;96169;74256;8938;9486
evaluation,4585,52420;11142;27818;2706;71330;1644;41528;5086;65646;49302
evaluation,4586,90522;23713;1402;51148;16420;27042;41498;96169;2062;944
evaluation,4587,73242;39314;21286;41770;22078;96394;26156;3132;18640;11996
evaluation,4588,35040;3434;887;73268;76644;340;2068;798;398;76478
evaluation,4589,81768;80286;5948;10276;23214;76764;25170;5362;78164;92788
evaluation,4590,18238;31264;87388;3662;61464;18640;71404;80112;73418;5506
evaluation,4591,2900;3956;9108;13342;12110;9464;2056;17458;1736;33838
evaluation,4592,81768;97662;88748;78164;5362;89232;1422;98376;46752;7696
evaluation,4593,52420;26298;5096;42320;702;29594;52526;55432;2035;37476
evaluation,4594,38632;17824;15924;35040;87388;18640;9890;38248;5760;80
evaluation,4595,13886;97228;19146;3132;23430;9232;69582;1880;582;1422
evaluation,4596,76818;80112;75834;37938;64102;8006;73418;1348;54404;6078
evaluation,4597,880;584;7316;23430;6886;3132;29874;77426;62902;31618
evaluation,4598,17014;3140;17326;59512;45174;30028;1968;2564;10122;1900
evaluation,4599,55450;95980;81268;58060;1440;7426;52452;20360;75086;70854
evaluation,4600,91580;39286;35032;26780;86654;28900;21694;47896;52452;30904
evaluation,4601,77464;39618;10276;69582;85706;6828;14014;11698;3668;16866
evaluation,4602,44954;87336;406;95606;85676;1790;20848;332;38536;14812
evaluation,4603,81768;80286;23214;88748;57410;10276;5362;92788;2920;78164
evaluation,4604,98166;35124;6894;910;1382;1400;21320;26528;9828;622
evaluation,4605,14454;59512;17376;57182;12854;19030;834;2222;21170;18800
evaluation,4606,29582;29788;52030;2536;588;39624;56168;1094;3944;1247
evaluation,4607,46752;33838;83412;78060;13182;98210;98376;10646;17048;56312
evaluation,4608,77252;72940;612;896;57566;64522;27818;14770;54282;22749
evaluation,4609,31042;65998;1094;6824;54282;35884;9762;9376;1162;5676
evaluation,4610,15970;79524;64522;8604;28594;64412;81768;73124;1382;31950
evaluation,4611,81768;76764;88748;80286;5948;25170;78164;5362;24616;92788
evaluation,4612,6396;77368;40062;98468;3136;4996;8604;18532;62213;1080
evaluation,4613,8006;18238;12224;6078;56582;8502;342;1672;57868;4114
evaluation,4614,35832;87388;18640;22078;41770;120;98080;18018;82060;70210
evaluation,4615,27818;71330;28190;22749;5086;52420;41528;11142;1644;944
evaluation,4616,96702;10016;31216;36862;52526;54404;14550;79320;41034;85676
evaluation,4617,44954;71330;2038;95606;73070;38536;87800;20848;53592;35040
evaluation,4618,38248;41602;9890;21170;11328;30148;5760;2868;4426;70210
evaluation,4619,35040;3434;887;73268;76644;2068;798;340;19510;398
evaluation,4620,31042;65998;1094;6824;54282;9762;35884;5676;48690;1162
evaluation,4621,90522;60400;2092;51792;41528;75582;10855;50040;72940;26298
evaluation,4622,340;16114;36592;10682;80112;398;98730;31264;10894;87388
evaluation,4623,45174;3140;2222;17014;17326;71904;81038;30028;10122;59512
evaluation,4624,82994;20320;30028;50280;30874;30186;58370;52234;81038;3140
evaluation,4625,14454;834;19030;59512;72932;57182;12854;17376;85539;21170
evaluation,4626,52420;26298;29594;2035;2092;12;82920;702;95318;72940
evaluation,4627,7284;16036;38334;56564;47896;34393;42062;59964;29122;30028
evaluation,4628,34628;1410;2492;23713;12318;23674;78390;70630;2035;6156
evaluation,4629,91988;86577;88788;87336;10682;87068;79807;17376;18800;887
evaluation,4630,68994;442;91988;86577;33540;96169;88788;9890;26810;37624
evaluation,4631,86577;88788;87336;2564;91988;1900;91242;17326;17014;10894
evaluation,4632,88788;6078;50268;87336;89024;91988;42762;1234;91242;79807
evaluation,4633,51148;41498;11328;2492;23713;27042;44702;26810;1402;96169
evaluation,4634,31816;42320;4116;2868;30652;45412;6794;73124;5948;22284
evaluation,4635,32120;89894;65370;78402;82920;2380;14992;13880;33354;13958
evaluation,4636,1260;14770;94242;30148;910;36348;91242;21170;35124;74050
evaluation,4637,496;13514;48690;3136;7150;54194;98166;3536;39624;3678
evaluation,4638,26780;17458;79358;13342;28594;35032;94954;97259;2234;1308
evaluation,4639,21694;35032;50070;90410;39286;99564;36258;35884;30904;79358
evaluation,4640,21286;2836;73242;39314;64626;87064;2744;92198;26104;19146
evaluation,4641,22492;75086;21547;33016;86870;612;27150;844;75986;46150
evaluation,4642,38016;90534;95980;1442;42076;32020;64522;13598;93546;23718
evaluation,4643,72119;23718;21170;38248;23674;23859;41696;16558;64910;12224
evaluation,4644,55450;56112;81268;7426;18018;66106;83264;58060;56028;75086
evaluation,4645,12318;75986;30070;1410;1402;34628;2062;86870;612;23674
evaluation,4646,1494;5256;74844;4664;3108;68560;5086;11060;31216;1338
evaluation,4647,13712;1382;15970;1260;31950;13958;28594;81768;1400;41162
evaluation,4648,896;57566;84340;69562;49396;2080;72940;22823;89536;10392
evaluation,4649,30070;1402;75986;12318;2062;1410;86870;34628;612;23674
evaluation,4650,5256;23713;66044;4664;5086;9440;40568;78390;6716;80
evaluation,4651,14550;71404;85676;50512;31216;52526;10016;37938;36862;54404
evaluation,4652,16830;73268;41034;21448;6716;94954;42556;68994;52420;55432
evaluation,4653,86026;18640;22078;48752;81414;41078;50280;5642;82328;392
evaluation,4654,79807;89024;57182;887;88788;2068;42762;60042;87336;6078
evaluation,4655,94954;26780;39286;52452;99564;79358;91580;90410;50070;83194
evaluation,4656,99564;79358;50070;91580;90410;39286;21694;21420;35032;80866
evaluation,4657,56112;724;83264;66106;3668;1268;69582;81268;584;35832
evaluation,4658,29122;21694;90410;22494;33556;12964;62322;26198;19584;20694
evaluation,4659,97259;97806;17458;17048;49986;1766;46104;46232;1422;4494
evaluation,4660,7150;54194;27818;28190;7410;20694;6006;41162;57390;496
evaluation,4661,3136;48690;48216;3306;39624;6824;88670;51448;1247;35884
evaluation,4662,2092;51792;72828;90522;10855;41498;75582;27042;60400;51148
evaluation,4663,18330;20152;20488;13958;13712;18680;69562;26858;43658;724
evaluation,4664,81768;30704;10276;2290;23214;98937;23890;2920;21886;11698
evaluation,4665,2234;632;13252;14054;12964;38334;17770;51230;21636;93768
evaluation,4666,46752;17048;17458;49986;98376;98210;23214;81768;13182;83412
evaluation,4667,64750;74260;74540;75848;12314;1022;59882;5096;40971;2744
evaluation,4668,93448;16420;22862;3166;60;86574;29594;702;44278;30826
evaluation,4669,27818;71330;28190;22749;5086;41528;11142;52420;944;1644
evaluation,4670,29788;3944;39624;52030;588;1247;29582;214;56168;1094
evaluation,4671,3864;8914;45412;64102;76818;968;78390;74540;54404;12318
evaluation,4672,42556;85676;38536;5086;53592;6828;50512;8914;21084;1338
evaluation,4673,85654;798;19948;1022;34628;79320;24728;97741;12314;81398
evaluation,4674,35040;73268;76644;3434;887;76672;35402;31042;49302;26156
evaluation,4675,10682;23718;10887;72932;10894;98730;2222;8838;14454;80112
evaluation,4676,38016;90534;17376;28908;13598;72932;30870;59512;4594;31264
evaluation,4677,21286;54524;73242;96394;33270;60586;40310;5506;59964;92198
evaluation,4678,54194;47278;62213;21888;53476;94242;2744;87064;79358;31950
evaluation,4679,27662;31850;17106;7150;14992;35124;13880;88460;82060;17608
evaluation,4680,11328;27042;72828;49252;4426;23713;90522;12318;41498;22940
evaluation,4681,98853;56460;33016;11772;8938;49252;50040;44702;26298;60400
evaluation,4682,27818;71330;28190;22749;5086;41528;11142;52420;944;1644
evaluation,4683,41328;49302;9762;1094;57962;10276;22816;78928;96854;16080
evaluation,4684,1494;5256;1338;4664;68560;31216;74844;5086;73070;3108
evaluation,4685,22788;16420;1348;38326;38248;45412;64102;23674;90534;64910
evaluation,4686,19948;42320;37938;24728;73268;44954;16850;17458;10016;1790
evaluation,4687,52420;29594;702;55432;42320;26298;54404;5096;1022;24728
evaluation,4688,50512;58602;4946;44954;96702;21084;53592;76644;33416;69394
evaluation,4689,1366;3662;17824;12290;398;22912;36862;31264;58776;58718
evaluation,4690,79807;57182;89024;86577;88788;87336;17376;42762;6078;887
evaluation,4691,80112;56582;98730;72119;36592;12224;23859;10682;342;18238
evaluation,4692,17328;98730;17326;14454;5280;33354;16558;95606;59512;41602
evaluation,4693,88748;97662;47896;22494;63862;39418;62322;78164;24616;56312
evaluation,4694,19274;41010;6008;30758;59134;48690;87064;88460;3136;42076
evaluation,4695,6396;8604;3136;77368;40062;3306;98468;18532;522;24650
evaluation,4696,24650;10174;8604;13582;10708;6396;28190;15970;54194;14686
evaluation,4697,442;26810;74256;91970;68994;67048;22650;58718;96169;7630
evaluation,4698,26298;52420;29594;2035;2092;55432;1022;6616;72940;12
evaluation,4699,29582;588;29788;3944;39624;52030;1247;1672;26298;45178
evaluation,4700,1494;5256;31216;74844;4664;3108;1338;68560;3166;11060
evaluation,4701,1672;24690;44166;41060;37476;73418;17328;46150;23890;1644
evaluation,4702,64484;40971;97962;80850;1022;17328;12314;59882;79320;67048
evaluation,4703,21084;96702;36862;21370;37938;58060;44954;69394;4946;95186
evaluation,4704,18640;48752;86026;5642;28908;41078;5760;4946;9890;17824
evaluation,4705,10682;80112;23718;10894;72932;36592;71404;3658;72119;12224
evaluation,4706,4946;4276;58602;18640;45206;5642;38016;96150;82328;1826
evaluation,4707,35040;3434;73268;76644;887;2068;398;38536;26156;18430
evaluation,4708,31264;95758;80112;10682;75834;5506;87388;98730;4114;36592
evaluation,4709,79807;57182;89024;88788;86577;87336;17376;72932;1106;5280
evaluation,4710,56582;12224;342;23859;80112;41696;38398;4114;73418;72119
evaluation,4711,2222;17326;17014;59512;3140;5280;1900;45174;71904;2564
evaluation,4712,7630;87336;88788;6616;10122;37624;1790;24728;95606;2028
evaluation,4713,5642;58602;4946;4276;398;86026;10887;48752;29490;95384
evaluation,4714,79358;50070;26780;94954;26312;12292;99564;31950;35032;13182
evaluation,4715,99564;21694;90410;24200;79358;30904;39286;50070;91580;80866
evaluation,4716,39286;50070;21694;87297;91580;90410;6136;4416;94285;39418
evaluation,4717,88748;56564;97662;47896;89232;92788;46752;5362;22494;29152
evaluation,4718,46748;5362;81768;30704;25168;472;88748;13182;92788;33270
evaluation,4719,61208;3108;23632;4664;56564;11532;41450;73418;1494;47896
evaluation,4720,13886;51638;632;10720;13252;14012;65393;97228;88748;1002
evaluation,4721,11532;14014;31864;18138;77464;39618;3608;8330;11698;13886
evaluation,4722,496;13514;54194;4996;7150;6778;3536;22568;98468;1268
evaluation,4723,10174;24650;3827;15970;13582;10016;47278;10708;54194;41014
evaluation,4724,82920;73070;17868;3646;80744;17106;724;20488;1268;71330
evaluation,4725,14992;35124;13880;27662;88460;1442;456;78928;37602;7150
evaluation,4726,17106;27662;53476;5484;89894;22568;48140;71934;21320;4166
evaluation,4727,17326;14162;85539;21170;41602;16558;45174;10636;9890;68166
evaluation,4728,73268;76672;38536;76644;18430;3434;887;798;35040;26156
evaluation,4729,48752;41078;31264;17824;38016;96150;36862;18238;71904;19030
evaluation,4730,45174;3140;17326;59512;81038;17014;71904;10122;2222;2564
evaluation,4731,91988;87336;1826;88788;86577;18640;37624;6616;22078;87068
evaluation,4732,71404;73418;87366;78402;1044;34464;41162;23632;44166;59964
evaluation,4733,52420;11142;2706;27818;1644;71330;5086;41528;65646;28190
evaluation,4734,33416;44954;47278;19948;50512;3894;5086;29490;1968;4276
evaluation,4735,9464;2900;1880;1434;483;8812;9118;4368;4984;3956
evaluation,4736,910;17106;27818;37602;94242;35124;59968;36348;21320;41092
evaluation,4737,88748;97662;47896;39418;62322;63862;22494;78164;82044;31618
evaluation,4738,85654;40971;24728;76672;21084;14812;87336;31216;38536;85676
evaluation,4739,21886;13182;31698;2280;2188;6178;39398;23214;77464;42320
evaluation,4740,13252;632;7316;14012;88748;13886;93768;23430;1422;10720
evaluation,4741,13182;30704;57410;81768;33838;10276;80286;5464;28352;74260
evaluation,4742,55450;52452;56112;83194;81268;18018;7575;2398;26312;62902
evaluation,4743,28594;31950;29490;2920;12224;58060;60;41450;19948;85654
evaluation,4744,90522;75582;10855;51792;27042;2092;60400;41498;26298;858
evaluation,4745,4946;96150;45206;53592;4276;58602;46232;87366;48752;9762
evaluation,4746,88748;97662;46752;92788;81768;5362;36258;76764;92786;8062
evaluation,4747,16080;10122;48140;54258;49302;94242;12854;57048;75986;65370
evaluation,4748,59882;85654;40971;5256;11060;17328;1494;78294;1146;30874
evaluation,4749,31264;56582;80112;58776;36592;340;18238;5506;10682;4044
evaluation,4750,64522;34372;16114;91864;87800;23859;50512;26350;42762;14454
evaluation,4751,5620;13868;2056;2290;10404;8812;6594;3754;7316;9464
evaluation,4752,88748;13182;78164;46104;5362;97662;35884;84324;83904;92788
evaluation,4753,11532;2188;18138;13386;31864;33838;6178;37800;56358;14014
evaluation,4754,1146;2536;65646;80286;11142;37248;1094;24616;57410;84340
evaluation,4755,28594;3166;11758;41450;38558;29490;60;58060;40310;33416
evaluation,4756,4664;5256;5484;1494;5086;74844;3166;3944;66044;9440
evaluation,4757,392;73418;12854;3108;31368;1494;2280;37476;71404;86870
evaluation,4758,71404;73418;1672;342;8006;8502;18238;37938;87388;56582
evaluation,4759,97806;97259;4166;30870;1422;84726;96150;2444;3108;49986
evaluation,4760,332;19510;340;874;53472;41696;88788;798;398;91864
evaluation,4761,14992;35124;13880;41092;27662;37602;1442;17608;78928;456
evaluation,4762,56358;23890;8280;91582;764;73290;48660;5508;65281;77646
evaluation,4763,71404;73418;37938;1672;18238;23859;342;3658;10682;82994
evaluation,4764,21886;13182;77464;31698;2280;2188;23214;1788;42320;472
evaluation,4765,28594;31950;31850;37602;1382;35124;79524;65160;2654;17608
evaluation,4766,44930;10016;73124;798;92758;36862;52234;73268;23713;97741
evaluation,4767,88748;47896;70994;61208;92788;20470;63862;76764;21694;82044
evaluation,4768,87554;844;22788;21888;97962;31950;28594;14114;19948;622
evaluation,4769,910;22749;94242;37602;27818;28190;36348;35124;41092;14686
evaluation,4770,31042;65998;5676;9376;5952;54282;1162;37356;10720;77426
evaluation,4771,28190;54194;41162;14454;32120;12854;27818;57390;7150;9828
evaluation,4772,2706;496;7150;6006;10392;7410;13514;54194;59667;5952
evaluation,4773,98730;80112;10894;72119;994;56582;8502;23718;10682;18238
evaluation,4774,73418;71404;56582;1672;12224;80112;37938;18238;82994;8006
evaluation,4775,3658;82994;1672;71404;73418;342;56582;23859;10894;27626
evaluation,4776,71404;98730;73418;1672;37938;82994;80112;64102;10682;31264
evaluation,4777,76628;33556;522;58584;13668;41092;25296;910;13958;56106
evaluation,4778,43600;22128;88130;590;37248;31379;24760;31368;70994;4044
evaluation,4779,87064;73124;81038;77306;5086;7410;20830;1568;73242;26104
evaluation,4780,20766;83412;69582;588;1080;41564;23214;27626;3668;20774
evaluation,4781,60400;90522;51792;10855;27042;75582;2092;41528;41498;49252
evaluation,4782,41450;65160;81768;1382;5256;11758;82044;86510;41162;13712
evaluation,4783,2280;292;63084;39398;3450;1202;11698;29152;41830;20470
evaluation,4784,79807;57182;89024;88788;86577;87336;33540;6078;80;5280
evaluation,4785,96169;26810;33540;1402;12224;9486;2062;86026;68994;3864
evaluation,4786,19510;95606;60042;887;89024;14934;20952;23859;34372;44954
evaluation,4787,4594;16622;19846;5760;9890;9486;1366;17326;332;1348
evaluation,4788,332;53472;874;19510;16558;91864;340;44954;12290;9890
evaluation,4789,38398;23859;56582;4114;12224;41696;73418;342;14934;80112
evaluation,4790,57182;79807;89024;33540;88788;80;34576;86577;87336;87800
evaluation,4791,47018;47098;4116;37624;41450;59512;28510;17326;87336;31816
evaluation,4792,3140;45174;17326;81038;2222;17014;71904;30028;87336;10122
evaluation,4793,2868;6440;702;13598;75848;16080;14171;57048;38168;54258
evaluation,4794,31264;3662;72119;5506;46232;58718;1366;58602;45206;292
evaluation,4795,49302;16080;48140;10122;54258;120;342;87554;23790;73070
evaluation,4796,17106;27662;22568;71934;724;53476;4166;2654;6006;20694
evaluation,4797,28594;3166;11758;38558;29490;58060;60;41450;33416;31950
evaluation,4798,38558;41498;2492;2392;78390;96169;23713;27042;66044;90522
evaluation,4799,72932;10682;23718;57182;10894;406;89024;8838;1900;18238
evaluation,4800,43600;88130;22128;590;37248;31379;24760;31424;98924;4044
evaluation,4801,2900;3956;9464;17458;6886;30758;483;13342;4368;39618
evaluation,4802,58060;27626;12224;80112;2920;16850;73124;5508;1790;29490
evaluation,4803,99838;92286;54282;5952;9616;31042;43600;89834;1215;49302
evaluation,4804,874;53472;12290;19510;332;88788;91864;71904;9890;398
evaluation,4805,4594;2068;59630;75834;72932;90534;34576;80;85676;95980
evaluation,4806,81768;17458;7696;46104;33838;91582;472;25170;80286;78164
evaluation,4807,54194;1260;36348;1046;104;13582;6778;4100;13342;64658
evaluation,4808,2836;26104;13212;4688;87554;2380;16114;27386;15970;21888
evaluation,4809,66044;92988;23713;16420;2392;78390;74194;45412;80850;3894
evaluation,4810,41450;4100;5256;82044;86510;11758;58060;5948;7920;1382
evaluation,4811,35040;887;3434;73268;798;77306;76644;89024;76478;2068
evaluation,4812,88670;39624;1094;48690;1247;88846;6824;588;7366;26858
evaluation,4813,54194;28190;35124;9828;37602;6396;27818;21320;36888;32120
evaluation,4814,14014;13182;39618;39398;11532;37800;83412;1184;77464;16866
evaluation,4815,1060;5272;51148;56460;41498;8938;944;90522;9908;98853
evaluation,4816,98853;56460;33016;10855;1060;5272;44702;8938;50040;1402
evaluation,4817,29154;56460;98853;44702;2492;51148;27042;4426;1060;90522
evaluation,4818,98853;56460;33016;1060;10855;44702;5272;2492;8938;50040
evaluation,4819,1398;17328;28916;1362;4944;9890;97741;3864;79320;29594
evaluation,4820,44954;2038;11060;33416;1200;2028;52234;1046;5086;19948
evaluation,4821,14550;52526;85676;31216;71404;96702;5086;5256;53237;5484
evaluation,4822,85654;42320;40971;8760;58370;5096;19948;97741;12224;96169
evaluation,4823,84340;86026;96169;52030;74192;38558;41498;1402;3944;85654
evaluation,4824,6078;12224;18238;80112;75834;10682;8006;10894;79807;1348
evaluation,4825,282;62124;77252;90438;37476;98080;76996;86510;49396;46252
evaluation,4826,89024;1900;95606;2564;5280;1106;22912;38536;88788;19510
evaluation,4827,896;2080;57390;57566;92286;72940;64910;69562;41528;22128
evaluation,4828,46104;78164;35884;88748;81768;1422;70854;2398;7696;83412
evaluation,4829,36040;10960;73290;10276;2290;81768;13868;1736;13342;5620
evaluation,4830,15282;23214;81768;80866;10276;82044;3668;2920;30652;21448
evaluation,4831,10276;33270;11698;3668;42062;47896;23632;59964;15282;1202
evaluation,4832,39418;94748;88748;10720;89232;632;87297;97662;24616;42062
evaluation,4833,910;14770;94242;36348;35124;6886;74050;1400;22749;76996
evaluation,4834,89894;65370;82920;32120;78402;71330;33354;80744;57390;52600
evaluation,4835,6396;8604;77368;3136;10174;18532;24650;9602;3306;40062
evaluation,4836,1094;88670;69794;39624;588;1247;29582;3136;19280;3306
evaluation,4837,16080;54258;57048;94242;10122;31622;49302;3140;2868;74194
evaluation,4838,51448;32020;71646;27572;93546;1442;21162;32936;98166;82700
evaluation,4839,11960;63534;65160;78402;49396;46150;8712;28594;8182;31622
evaluation,4840,20694;33556;65370;23790;1400;89894;7150;22568;14686;20488
evaluation,4841,39286;91580;87297;50070;21694;86654;4416;90410;98194;48392
evaluation,4842,22128;2080;2222;24760;43600;15363;3000;98924;896;9392
evaluation,4843,81768;78164;88748;76764;23214;5362;92788;46104;33222;35884
evaluation,4844,97806;97259;17048;1766;10586;15970;36258;98937;96150;2836
evaluation,4845,2900;3956;1736;17458;9118;9108;97259;483;9464;39618
evaluation,4846,65646;910;54282;11142;9828;94242;88846;1260;4166;1146
evaluation,4847,32120;82920;65370;28190;89894;27818;4166;78402;94242;71330
evaluation,4848,33556;14686;65370;7150;13880;2026;89894;23790;20152;22568
evaluation,4849,65646;54282;11142;9828;27818;49302;28190;4166;32120;9948
evaluation,4850,5952;75986;18680;49302;1268;59667;7150;49396;2706;31042
evaluation,4851,11308;9762;22816;57962;23558;41010;93546;5952;13212;17956
evaluation,4852,522;76628;14770;1080;77368;27626;6778;4996;69562;62213
evaluation,4853,85654;76672;40971;24728;21084;31216;14812;85676;5096;98532
evaluation,4854,65160;31950;5948;2654;13466;522;1080;81768;23890;76628
evaluation,4855,44450;44702;56460;63534;11960;1402;2062;38354;74194;3944
evaluation,4856,9118;6354;7918;13868;1434;1002;3754;8812;11598;1422
evaluation,4857,77464;7575;3668;6178;18138;8330;31864;17458;14014;11532
evaluation,4858,75986;51792;38248;90522;56460;72940;26298;5760;74192;30826
evaluation,4859,98194;83904;66438;98376;29410;97662;13598;1202;42062;22494
evaluation,4860,33222;632;1422;39418;63084;10720;97673;56786;20470;29410
evaluation,4861,31864;4570;18138;37800;70994;13386;11532;61208;7284;69582
evaluation,4862,78164;76764;31132;98194;84324;98210;7575;39398;35884;65562
evaluation,4863,97662;22494;76764;8196;13252;33222;39418;88748;20470;56786
evaluation,4864,10720;89932;98376;10646;632;89232;22494;94748;56786;13252
evaluation,4865,26810;96169;74256;22650;86026;54404;38326;79807;30070;90534
evaluation,4866,1247;39624;1094;88670;69794;19280;588;48690;3306;3944
evaluation,4867,4166;71934;59134;40806;41010;6008;35124;19274;17106;57784
evaluation,4868,16558;41602;9890;54404;64102;10636;14162;21170;38248;19846
evaluation,4869,96169;38248;64102;74194;11328;16420;54404;26810;41602;38558
evaluation,4870,1247;39624;88670;19280;48690;69794;1094;3306;27572;29582
evaluation,4871,65160;41328;14992;724;25296;39760;31622;49302;41092;76628
evaluation,4872,11142;1644;27818;2706;52420;30070;49302;71330;41528;5086
evaluation,4873,29788;29582;56168;39624;29410;74844;1247;29122;88846;52030
evaluation,4874,3658;82994;18238;1672;71404;342;23859;8006;87388;56582
evaluation,4875,39286;50070;28900;26780;91580;90410;21694;18018;28352;94285
evaluation,4876,55450;56112;7426;18018;81268;56028;56106;4416;28456;83194
evaluation,4877,98376;98210;94748;89932;10720;10646;632;13252;42062;56786
evaluation,4878,24690;13608;46150;85654;1215;1644;16114;31042;64522;7922
evaluation,4879,29788;29582;56168;39624;29122;52030;1247;3944;29410;2536
evaluation,4880,3956;1644;9118;48660;41060;24690;5620;15282;8760;89220
evaluation,4881,89932;98376;13252;632;10720;7426;94748;39418;10646;98210
evaluation,4882,89932;94748;10720;632;46752;7426;54964;39418;98376;13252
evaluation,4883,76764;97662;22494;88748;78164;46748;13252;89232;98210;7426
evaluation,4884,97662;76764;22494;88748;5362;89232;78164;90476;98376;89932
evaluation,4885,2188;57410;56358;30704;65281;65562;36258;472;31132;17458
evaluation,4886,94748;49986;98376;13252;42062;1766;98210;632;89932;10720
evaluation,4887,31698;18278;23632;29338;56564;30652;16866;39398;34464;13386
evaluation,4888,97662;22494;89232;78164;63084;56786;90476;56312;76764;6136
evaluation,4889,89932;10720;98376;10646;94748;632;22494;56786;89232;39418
evaluation,4890,78164;13252;22494;76764;7575;10646;632;1422;97662;98210
evaluation,4891,496;13514;7150;22568;3536;4996;6006;2706;21320;82700
evaluation,4892,81038;45478;85676;88788;2564;86577;1900;28908;17014;59512
evaluation,4893,38536;85676;14812;44954;76672;87800;20848;45478;50512;4946
evaluation,4894,30186;64522;12290;87800;874;53472;52234;34372;20952;59882
evaluation,4895,332;10682;24676;72932;50280;71904;89024;398;38784;5280
evaluation,4896,19510;34372;26350;20952;16114;23859;398;30186;95606;887
evaluation,4897,55450;7426;1002;13252;56106;56028;56112;76764;66106;85706
evaluation,4898,79807;57182;89024;88788;5280;86577;17376;1106;87336;887
evaluation,4899,44702;56460;29722;33016;23674;34628;44450;2035;944;98853
evaluation,4900,69394;21084;4946;58602;44954;50512;37938;4276;96702;36862
evaluation,4901,26298;52420;2035;29594;42320;5096;95318;2092;54404;55432
evaluation,4902,21547;18805;612;1568;86870;22492;1588;34628;42320;75086
evaluation,4903,332;798;19510;340;92758;874;88788;47098;44954;2038
evaluation,4904,38248;96169;9890;3894;1348;64102;16420;9486;11328;38558
evaluation,4905,98376;98210;632;89932;94748;10720;10646;62322;7426;18138
evaluation,4906,33556;14686;65370;7150;89894;20152;13880;2026;22568;23790
evaluation,4907,1247;19280;39624;48690;48216;88670;6224;78380;21162;32020
evaluation,4908,98376;94748;632;10720;89932;13252;98210;42062;18138;83412
evaluation,4909,8196;54964;2290;62902;8190;7316;90476;97662;7918;78164
evaluation,4910,89932;632;10720;13252;98376;7426;94748;31864;39418;42062
evaluation,4911,89232;56786;90476;63862;22494;88748;42062;94748;78164;632
evaluation,4912,39314;96394;11996;99564;85412;16080;54524;3132;46302;19146
evaluation,4913,3944;1060;1402;30070;23674;10798;75582;29722;96169;2062
evaluation,4914,1247;19280;48216;88670;39624;6224;48690;3306;78380;32020
evaluation,4915,85654;40971;73124;33416;21084;38536;20774;14812;76672;19948
evaluation,4916,26810;30070;12318;22862;54404;1398;1362;71718;1348;3864
evaluation,4917,39418;94748;7426;10720;13252;89932;10646;54964;46752;632
evaluation,4918,332;798;91864;4264;19510;38536;398;340;89024;54418
evaluation,4919,17326;2222;1900;59512;2564;5280;71904;72932;85539;874
evaluation,4920,98376;89932;13252;632;98210;10646;7426;94748;10720;34393
evaluation,4921,97806;97259;4166;1422;84726;49986;10646;30870;3108;2444
evaluation,4922,39618;29410;15282;472;23214;77464;1308;62322;66438;20360
evaluation,4923,23558;22816;12166;11308;9762;13212;93546;57962;36280;41328
evaluation,4924,622;32584;54812;3944;6828;56162;78380;26528;10798;87297
evaluation,4925,22494;76764;88748;97662;13252;78164;89232;46748;632;98210
evaluation,4926,75582;10855;90522;50040;7630;72940;91970;60400;2092;11772
evaluation,4927,31950;29490;33416;28594;3166;38558;11758;27626;31850;58060
evaluation,4928,35040;3434;73268;887;76644;340;2068;34576;398;89024
evaluation,4929,398;22912;91864;1900;332;89024;47098;19510;20848;88788
evaluation,4930,89932;94748;10720;7426;54964;632;46752;26198;13252;42062
evaluation,4931,88748;63862;92788;5362;78164;27076;83904;57868;3670;80286
evaluation,4932,91580;14114;80866;26780;99564;39286;81768;36258;23214;50070
evaluation,4933,31698;18278;29338;7284;2280;39398;2188;16866;6178;13182
evaluation,4934,38632;5760;75834;38248;54404;22788;64102;24728;15924;59750
evaluation,4935,82994;3658;71404;1672;73418;56582;23859;27626;37938;10894
evaluation,4936,632;13252;92788;22494;10720;97673;78164;3132;97662;98376
evaluation,4937,1247;1162;39624;1094;588;88670;29582;29788;1672;88846
evaluation,4938,23558;9762;5952;22816;11308;30758;93546;41010;54194;32936
evaluation,4939,7150;59667;43658;22568;496;622;98468;17608;724;13514
evaluation,4940,21286;73242;91242;40310;8812;1766;6794;96394;83194;17048
evaluation,4941,7150;27662;88460;14992;31850;13880;65370;71934;20694;57784
evaluation,4942,19510;34372;47098;20952;26350;95606;44954;398;23859;42762
evaluation,4943,332;10682;24676;72932;398;89024;71904;50280;5280;1106
evaluation,4944,65998;1162;2134;9376;11308;5952;1215;54282;31042;1247
evaluation,4945,282;62124;37476;77252;90438;98080;86510;49396;76996;104
evaluation,4946,1200;93448;5730;8760;24690;97741;1644;2706;41060;282
evaluation,4947,56460;98853;33016;44702;8938;72828;90522;11328;5272;44450
evaluation,4948,44450;11436;74194;3894;44702;38558;41498;11328;4426;85654
evaluation,4949,38501;22788;38248;22940;30826;64102;8760;87336;1200;64522
evaluation,4950,29028;12;75582;27150;11772;90522;27042;12318;72828;26298
evaluation,4951,85654;21084;38536;76672;50512;87336;85676;14812;40971;36862
evaluation,4952,27626;41450;60;28594;33416;73124;58060;12224;93854;11758
evaluation,4953,26810;968;3864;54404;67048;45412;1398;1362;16420;12318
evaluation,4954,22078;5642;58602;398;86026;4946;41770;4570;48752;70854
evaluation,4955,23718;10682;80112;10894;72932;71404;12224;8838;36592;3658
evaluation,4956,332;53472;874;16558;91864;44954;19510;340;85539;9890
evaluation,4957,4984;53592;9464;59964;42556;1200;69432;2900;64750;6778
evaluation,4958,94954;4368;4218;98468;30704;49986;10586;5948;12292;85706
evaluation,4959,88748;76764;97662;59964;78164;10276;63862;98194;46752;5362
evaluation,4960,51448;32020;71646;27572;93546;32936;1442;21162;78380;82700
evaluation,4961,96150;10887;398;53592;31379;4276;4946;798;16114;45206
evaluation,4962,76764;97662;39418;22494;88748;78164;89232;98194;46748;56786
evaluation,4963,24160;89024;6078;47098;19510;42762;34576;91242;35040;57182
evaluation,4964,56582;73418;18238;12224;1672;71404;8006;8502;37938;342
evaluation,4965,27818;71330;28190;5086;11142;22749;2380;15970;37938;52420
evaluation,4966,2920;16850;23214;81768;28594;29490;11758;1308;73124;31950
evaluation,4967,37938;98730;73418;1672;71404;10682;80112;18238;10894;75834
evaluation,4968,46104;392;71495;35832;81768;1022;5464;6716;38558;14550
evaluation,4969,35040;3434;76478;76644;28510;11996;887;73268;76672;798
evaluation,4970,30028;82994;30874;20320;50280;85676;68560;81038;67048;38784
evaluation,4971,62124;282;90438;77252;17770;86510;37476;76996;98080;6396
evaluation,4972,332;95606;38536;85676;5280;87800;2564;2038;44954;14812
evaluation,4973,21886;1788;23214;77464;13182;2188;31698;57410;42320;46752
evaluation,4974,81768;31132;10276;92786;57410;25170;65562;78164;2920;1788
evaluation,4975,89932;94748;7426;10720;54964;632;42062;29152;25168;26198
evaluation,4976,98376;632;89932;98210;94748;97662;13252;62322;10646;1422
evaluation,4977,11698;16866;70994;31864;14014;77464;69582;12686;11532;18138
evaluation,4978,496;13514;54194;7150;6006;6778;96854;22568;3536;26528
evaluation,4979,16080;49302;12854;94242;54258;342;75086;87554;1162;23718
evaluation,4980,24650;10174;8604;15970;13582;18430;54194;3827;10708;2380
evaluation,4981,11436;44450;44702;74194;4426;41498;11328;3894;29154;19948
evaluation,4982,49252;4426;34628;27042;23713;38558;19948;12318;2035;2392
evaluation,4983,91864;1968;47278;33416;1200;16850;53237;798;52234;79320
evaluation,4984,59750;45478;87800;14812;47018;95606;72932;85676;86577;47098
evaluation,4985,4664;66044;5484;93448;9440;3166;5086;76996;4100;68560
evaluation,4986,28594;44278;11060;3166;29594;40440;38558;2920;31850;1382
evaluation,4987,31042;59667;7150;1080;2026;27818;22568;522;36888;724
evaluation,4988,332;19510;340;874;798;47098;88788;92758;26350;20952
evaluation,4989,43600;88130;590;37248;24760;22128;98924;22132;4044;70994
evaluation,4990,2900;3956;17458;1736;13342;97259;42556;9464;582;9108
evaluation,4991,94954;26780;17458;79358;76478;21888;11874;13342;49986;30704
evaluation,4992,11108;10646;13252;98376;49986;89932;632;98210;94748;71108
evaluation,4993,41162;28190;54194;27818;1260;32120;12854;36888;622;4166
evaluation,4994,3658;82994;71404;1672;56582;37938;8006;73418;23859;342
evaluation,4995,1247;19280;39624;88670;6224;48690;48216;78380;69794;32020
evaluation,4996,9602;54194;6396;2380;64626;10174;87554;9762;21888;26104
evaluation,4997,22494;88748;76764;89232;78164;97662;56786;94748;6136;13252
evaluation,4998,33556;14686;65370;7150;2026;13880;89894;23790;20152;22568
evaluation,4999,6440;75986;31622;13598;59667;19280;49302;16080;7150;57048
