run,batch_index,query_indices,query_count,batch_latency_ns,recall_at_10,result_count,eligible_count,upload_bytes,readback_bytes,max_qenlo_allocation_bytes,actual_backend,backend_counts,lock_wait_ns,cpu_distance_path,fallback
0,0,3504,1,11082400,1,10,100000,0,0,,Cpu,Cpu:1,200,Avx2,false
0,1,178,1,10719800,1,10,100000,0,0,,Cpu,Cpu:1,200,Avx2,false
0,2,4676,1,10345900,1,10,100000,0,0,,Cpu,Cpu:1,100,Avx2,false
0,3,1524,1,10758200,1,10,100000,0,0,,Cpu,Cpu:1,200,Avx2,false
0,4,1072,1,10618900,1,10,100000,0,0,,Cpu,Cpu:1,100,Avx2,false
0,5,4379,1,10867900,1,10,100000,0,0,,Cpu,Cpu:1,100,Avx2,false
0,6,3134,1,10408000,1,10,100000,0,0,,Cpu,Cpu:1,100,Avx2,false
0,7,948,1,11014000,1,10,100000,0,0,,Cpu,Cpu:1,200,Avx2,false
0,8,168,1,10422700,1,10,100000,0,0,,Cpu,Cpu:1,200,Avx2,false
0,9,2334,1,10856200,1,10,100000,0,0,,Cpu,Cpu:1,100,Avx2,false
0,10,360,1,10464600,1,10,100000,0,0,,Cpu,Cpu:1,200,Avx2,false
0,11,3036,1,10683200,1,10,100000,0,0,,Cpu,Cpu:1,300,Avx2,false
0,12,130,1,10919700,1,10,100000,0,0,,Cpu,Cpu:1,100,Avx2,false
0,13,160,1,10783400,1,10,100000,0,0,,Cpu,Cpu:1,400,Avx2,false
0,14,206,1,10793800,1,10,100000,0,0,,Cpu,Cpu:1,200,Avx2,false
0,15,4088,1,10977800,1,10,100000,0,0,,Cpu,Cpu:1,300,Avx2,false
0,16,3132,1,10829000,1,10,100000,0,0,,Cpu,Cpu:1,100,Avx2,false
0,17,1038,1,10337800,1,10,100000,0,0,,Cpu,Cpu:1,100,Avx2,false
0,18,510,1,10718300,1,10,100000,0,0,,Cpu,Cpu:1,200,Avx2,false
0,19,1248,1,10389200,1,10,100000,0,0,,Cpu,Cpu:1,100,Avx2,false
0,20,236,1,10859500,1,10,100000,0,0,,Cpu,Cpu:1,100,Avx2,false
0,21,3662,1,10278000,1,10,100000,0,0,,Cpu,Cpu:1,200,Avx2,false
0,22,2556,1,10848500,1,10,100000,0,0,,Cpu,Cpu:1,100,Avx2,false
0,23,516,1,10489100,1,10,100000,0,0,,Cpu,Cpu:1,300,Avx2,false
0,24,2836,1,11113500,1,10,100000,0,0,,Cpu,Cpu:1,200,Avx2,false
0,25,4988,1,11303400,1,10,100000,0,0,,Cpu,Cpu:1,100,Avx2,false
0,26,3472,1,10606900,1,10,100000,0,0,,Cpu,Cpu:1,300,Avx2,false
0,27,72,1,10663000,1,10,100000,0,0,,Cpu,Cpu:1,300,Avx2,false
0,28,78,1,10574300,1,10,100000,0,0,,Cpu,Cpu:1,200,Avx2,false
0,29,2550,1,10924100,1,10,100000,0,0,,Cpu,Cpu:1,100,Avx2,false
0,30,2826,1,10500700,1,10,100000,0,0,,Cpu,Cpu:1,200,Avx2,false
0,31,918,1,10857900,1,10,100000,0,0,,Cpu,Cpu:1,100,Avx2,false
0,32,1060,1,10967500,1,10,100000,0,0,,Cpu,Cpu:1,100,Avx2,false
0,33,3019,1,10788900,1,10,100000,0,0,,Cpu,Cpu:1,100,Avx2,false
0,34,894,1,11057200,1,10,100000,0,0,,Cpu,Cpu:1,200,Avx2,false
0,35,3068,1,10495300,1,10,100000,0,0,,Cpu,Cpu:1,400,Avx2,false
0,36,726,1,11154800,1,10,100000,0,0,,Cpu,Cpu:1,100,Avx2,false
0,37,902,1,10675100,1,10,100000,0,0,,Cpu,Cpu:1,0,Avx2,false
0,38,1024,1,10849300,1,10,100000,0,0,,Cpu,Cpu:1,200,Avx2,false
0,39,166,1,10968500,1,10,100000,0,0,,Cpu,Cpu:1,200,Avx2,false
0,40,34,1,11116100,1,10,100000,0,0,,Cpu,Cpu:1,200,Avx2,false
0,41,442,1,10783900,1,10,100000,0,0,,Cpu,Cpu:1,100,Avx2,false
0,42,16,1,10631300,1,10,100000,0,0,,Cpu,Cpu:1,0,Avx2,false
0,43,979,1,11246600,1,10,100000,0,0,,Cpu,Cpu:1,100,Avx2,false
0,44,704,1,10486500,1,10,100000,0,0,,Cpu,Cpu:1,200,Avx2,false
0,45,3158,1,11181100,1,10,100000,0,0,,Cpu,Cpu:1,400,Avx2,false
0,46,3630,1,10668900,1,10,100000,0,0,,Cpu,Cpu:1,400,Avx2,false
0,47,1368,1,10920500,1,10,100000,0,0,,Cpu,Cpu:1,200,Avx2,false
0,48,126,1,10995100,1,10,100000,0,0,,Cpu,Cpu:1,300,Avx2,false
0,49,199,1,10612600,1,10,100000,0,0,,Cpu,Cpu:1,200,Avx2,false
0,50,4712,1,11127800,1,10,100000,0,0,,Cpu,Cpu:1,200,Avx2,false
0,51,1724,1,10633000,1,10,100000,0,0,,Cpu,Cpu:1,200,Avx2,false
0,52,68,1,11048500,1,10,100000,0,0,,Cpu,Cpu:1,100,Avx2,false
0,53,4340,1,10593300,1,10,100000,0,0,,Cpu,Cpu:1,200,Avx2,false
0,54,2520,1,11099300,1,10,100000,0,0,,Cpu,Cpu:1,100,Avx2,false
0,55,632,1,11135200,1,10,100000,0,0,,Cpu,Cpu:1,100,Avx2,false
0,56,4800,1,10710400,1,10,100000,0,0,,Cpu,Cpu:1,100,Avx2,false
0,57,4278,1,11163800,1,10,100000,0,0,,Cpu,Cpu:1,0,Avx2,false
0,58,1626,1,10493000,1,10,100000,0,0,,Cpu,Cpu:1,300,Avx2,false
0,59,1118,1,11197500,1,10,100000,0,0,,Cpu,Cpu:1,300,Avx2,false
0,60,1354,1,11020900,1,10,100000,0,0,,Cpu,Cpu:1,200,Avx2,false
0,61,1260,1,10534600,1,10,100000,0,0,,Cpu,Cpu:1,100,Avx2,false
0,62,1447,1,11882500,1,10,100000,0,0,,Cpu,Cpu:1,200,Avx2,false
0,63,4146,1,10795400,1,10,100000,0,0,,Cpu,Cpu:1,200,Avx2,false
0,64,146,1,11101000,1,10,100000,0,0,,Cpu,Cpu:1,500,Avx2,false
0,65,1742,1,10478900,1,10,100000,0,0,,Cpu,Cpu:1,400,Avx2,false
0,66,162,1,11364000,1,10,100000,0,0,,Cpu,Cpu:1,200,Avx2,false
0,67,3250,1,10863300,1,10,100000,0,0,,Cpu,Cpu:1,400,Avx2,false
0,68,3104,1,10383900,1,10,100000,0,0,,Cpu,Cpu:1,400,Avx2,false
0,69,230,1,11073700,1,10,100000,0,0,,Cpu,Cpu:1,200,Avx2,false
0,70,3378,1,10552900,1,10,100000,0,0,,Cpu,Cpu:1,0,Avx2,false
0,71,542,1,10768600,1,10,100000,0,0,,Cpu,Cpu:1,100,Avx2,false
0,72,1056,1,10453600,1,10,100000,0,0,,Cpu,Cpu:1,100,Avx2,false
0,73,468,1,10908400,1,10,100000,0,0,,Cpu,Cpu:1,100,Avx2,false
0,74,32,1,10689700,1,10,100000,0,0,,Cpu,Cpu:1,300,Avx2,false
0,75,4488,1,11053600,1,10,100000,0,0,,Cpu,Cpu:1,500,Avx2,false
0,76,2648,1,10987100,1,10,100000,0,0,,Cpu,Cpu:1,100,Avx2,false
0,77,1886,1,10429700,1,10,100000,0,0,,Cpu,Cpu:1,200,Avx2,false
0,78,816,1,11170200,1,10,100000,0,0,,Cpu,Cpu:1,100,Avx2,false
0,79,2672,1,11009500,1,10,100000,0,0,,Cpu,Cpu:1,100,Avx2,false
0,80,960,1,10886600,1,10,100000,0,0,,Cpu,Cpu:1,200,Avx2,false
0,81,2074,1,10498700,1,10,100000,0,0,,Cpu,Cpu:1,200,Avx2,false
0,82,858,1,11128000,1,10,100000,0,0,,Cpu,Cpu:1,100,Avx2,false
0,83,1856,1,11031500,1,10,100000,0,0,,Cpu,Cpu:1,200,Avx2,false
0,84,4932,1,10756600,1,10,100000,0,0,,Cpu,Cpu:1,200,Avx2,false
0,85,1696,1,11280000,1,10,100000,0,0,,Cpu,Cpu:1,100,Avx2,false
0,86,792,1,10376900,1,10,100000,0,0,,Cpu,Cpu:1,300,Avx2,false
0,87,1069,1,10735500,1,10,100000,0,0,,Cpu,Cpu:1,300,Avx2,false
0,88,142,1,10443100,1,10,100000,0,0,,Cpu,Cpu:1,300,Avx2,false
0,89,2844,1,10940500,1,10,100000,0,0,,Cpu,Cpu:1,100,Avx2,false
0,90,1182,1,10303300,1,10,100000,0,0,,Cpu,Cpu:1,100,Avx2,false
0,91,2750,1,10974700,1,10,100000,0,0,,Cpu,Cpu:1,200,Avx2,false
0,92,1734,1,10946400,1,10,100000,0,0,,Cpu,Cpu:1,100,Avx2,false
0,93,2646,1,10773300,1,10,100000,0,0,,Cpu,Cpu:1,100,Avx2,false
0,94,3314,1,10922800,1,10,100000,0,0,,Cpu,Cpu:1,0,Avx2,false
0,95,1828,1,10556900,1,10,100000,0,0,,Cpu,Cpu:1,100,Avx2,false
0,96,958,1,11209900,1,10,100000,0,0,,Cpu,Cpu:1,0,Avx2,false
0,97,1804,1,11484600,1,10,100000,0,0,,Cpu,Cpu:1,0,Avx2,false
0,98,3284,1,11218100,1,10,100000,0,0,,Cpu,Cpu:1,0,Avx2,false
0,99,370,1,11033300,1,10,100000,0,0,,Cpu,Cpu:1,100,Avx2,false
0,100,2612,1,10363800,1,10,100000,0,0,,Cpu,Cpu:1,0,Avx2,false
0,101,214,1,11080100,1,10,100000,0,0,,Cpu,Cpu:1,0,Avx2,false
0,102,2756,1,10662500,1,10,100000,0,0,,Cpu,Cpu:1,100,Avx2,false
0,103,1192,1,10978100,1,10,100000,0,0,,Cpu,Cpu:1,100,Avx2,false
0,104,2490,1,10523600,1,10,100000,0,0,,Cpu,Cpu:1,100,Avx2,false
0,105,1266,1,10898000,1,10,100000,0,0,,Cpu,Cpu:1,100,Avx2,false
0,106,1162,1,10703000,1,10,100000,0,0,,Cpu,Cpu:1,200,Avx2,false
0,107,294,1,10298500,1,10,100000,0,0,,Cpu,Cpu:1,100,Avx2,false
0,108,4304,1,10892700,1,10,100000,0,0,,Cpu,Cpu:1,100,Avx2,false
0,109,3070,1,10652000,1,10,100000,0,0,,Cpu,Cpu:1,100,Avx2,false
0,110,330,1,11139700,1,10,100000,0,0,,Cpu,Cpu:1,200,Avx2,false
0,111,1841,1,10487200,1,10,100000,0,0,,Cpu,Cpu:1,100,Avx2,false
0,112,112,1,11093700,1,10,100000,0,0,,Cpu,Cpu:1,200,Avx2,false
0,113,1894,1,10523400,1,10,100000,0,0,,Cpu,Cpu:1,100,Avx2,false
0,114,4546,1,11017300,1,10,100000,0,0,,Cpu,Cpu:1,200,Avx2,false
0,115,715,1,10859600,1,10,100000,0,0,,Cpu,Cpu:1,100,Avx2,false
0,116,4008,1,10678300,1,10,100000,0,0,,Cpu,Cpu:1,100,Avx2,false
0,117,2014,1,10949600,1,10,100000,0,0,,Cpu,Cpu:1,100,Avx2,false
0,118,70,1,11051500,1,10,100000,0,0,,Cpu,Cpu:1,100,Avx2,false
0,119,3143,1,10944000,1,10,100000,0,0,,Cpu,Cpu:1,400,Avx2,false
0,120,92,1,10627200,1,10,100000,0,0,,Cpu,Cpu:1,100,Avx2,false
0,121,2232,1,10968100,1,10,100000,0,0,,Cpu,Cpu:1,100,Avx2,false
0,122,954,1,11309100,1,10,100000,0,0,,Cpu,Cpu:1,200,Avx2,false
0,123,1358,1,11055500,1,10,100000,0,0,,Cpu,Cpu:1,300,Avx2,false
0,124,4272,1,11461300,1,10,100000,0,0,,Cpu,Cpu:1,300,Avx2,false
0,125,3458,1,10450700,1,10,100000,0,0,,Cpu,Cpu:1,300,Avx2,false
0,126,4594,1,10957100,1,10,100000,0,0,,Cpu,Cpu:1,100,Avx2,false
0,127,3674,1,10624300,1,10,100000,0,0,,Cpu,Cpu:1,100,Avx2,false
0,128,3636,1,10877600,1,10,100000,0,0,,Cpu,Cpu:1,500,Avx2,false
0,129,554,1,11034300,1,10,100000,0,0,,Cpu,Cpu:1,400,Avx2,false
0,130,3094,1,10430400,1,10,100000,0,0,,Cpu,Cpu:1,300,Avx2,false
0,131,1204,1,11007800,1,10,100000,0,0,,Cpu,Cpu:1,100,Avx2,false
0,132,3896,1,10843300,1,10,100000,0,0,,Cpu,Cpu:1,300,Avx2,false
0,133,282,1,11030600,1,10,100000,0,0,,Cpu,Cpu:1,300,Avx2,false
0,134,1452,1,10925700,1,10,100000,0,0,,Cpu,Cpu:1,300,Avx2,false
0,135,530,1,10922200,1,10,100000,0,0,,Cpu,Cpu:1,500,Avx2,false
0,136,58,1,11199800,1,10,100000,0,0,,Cpu,Cpu:1,100,Avx2,false
0,137,398,1,10692800,1,10,100000,0,0,,Cpu,Cpu:1,500,Avx2,false
0,138,990,1,11048800,1,10,100000,0,0,,Cpu,Cpu:1,100,Avx2,false
0,139,4714,1,10786600,1,10,100000,0,0,,Cpu,Cpu:1,300,Avx2,false
0,140,2468,1,10927100,1,10,100000,0,0,,Cpu,Cpu:1,300,Avx2,false
0,141,4650,1,10921600,1,10,100000,0,0,,Cpu,Cpu:1,300,Avx2,false
0,142,76,1,10575000,1,10,100000,0,0,,Cpu,Cpu:1,500,Avx2,false
0,143,2652,1,11155300,1,10,100000,0,0,,Cpu,Cpu:1,200,Avx2,false
0,144,38,1,10655200,1,10,100000,0,0,,Cpu,Cpu:1,400,Avx2,false
0,145,508,1,10859600,1,10,100000,0,0,,Cpu,Cpu:1,100,Avx2,false
0,146,4554,1,10491100,1,10,100000,0,0,,Cpu,Cpu:1,100,Avx2,false
0,147,1750,1,11162900,1,10,100000,0,0,,Cpu,Cpu:1,0,Avx2,false
0,148,458,1,10597100,1,10,100000,0,0,,Cpu,Cpu:1,100,Avx2,false
0,149,2192,1,10966900,1,10,100000,0,0,,Cpu,Cpu:1,300,Avx2,false
0,150,1666,1,10772000,1,10,100000,0,0,,Cpu,Cpu:1,200,Avx2,false
0,151,4956,1,10824600,1,10,100000,0,0,,Cpu,Cpu:1,300,Avx2,false
0,152,304,1,11173700,1,10,100000,0,0,,Cpu,Cpu:1,200,Avx2,false
0,153,462,1,10460600,1,10,100000,0,0,,Cpu,Cpu:1,200,Avx2,false
0,154,1570,1,10900200,1,10,100000,0,0,,Cpu,Cpu:1,100,Avx2,false
0,155,526,1,10626000,1,10,100000,0,0,,Cpu,Cpu:1,300,Avx2,false
0,156,884,1,11275200,1,10,100000,0,0,,Cpu,Cpu:1,200,Avx2,false
0,157,4608,1,11342200,1,10,100000,0,0,,Cpu,Cpu:1,400,Avx2,false
0,158,312,1,11495200,1,10,100000,0,0,,Cpu,Cpu:1,200,Avx2,false
0,159,1478,1,11159900,1,10,100000,0,0,,Cpu,Cpu:1,100,Avx2,false
0,160,4917,1,10681400,1,10,100000,0,0,,Cpu,Cpu:1,300,Avx2,false
0,161,524,1,10698100,1,10,100000,0,0,,Cpu,Cpu:1,400,Avx2,false
0,162,2742,1,10985600,1,10,100000,0,0,,Cpu,Cpu:1,200,Avx2,false
0,163,1718,1,10566400,1,10,100000,0,0,,Cpu,Cpu:1,100,Avx2,false
0,164,1676,1,10752100,1,10,100000,0,0,,Cpu,Cpu:1,100,Avx2,false
0,165,4928,1,10473300,1,10,100000,0,0,,Cpu,Cpu:1,300,Avx2,false
0,166,580,1,10854400,1,10,100000,0,0,,Cpu,Cpu:1,200,Avx2,false
0,167,3594,1,10371800,1,10,100000,0,0,,Cpu,Cpu:1,200,Avx2,false
0,168,4596,1,11071600,1,10,100000,0,0,,Cpu,Cpu:1,300,Avx2,false
0,169,1527,1,10472600,1,10,100000,0,0,,Cpu,Cpu:1,300,Avx2,false
0,170,4322,1,10889100,1,10,100000,0,0,,Cpu,Cpu:1,100,Avx2,false
0,171,460,1,10919800,1,10,100000,0,0,,Cpu,Cpu:1,100,Avx2,false
0,172,1154,1,10561100,1,10,100000,0,0,,Cpu,Cpu:1,400,Avx2,false
0,173,2454,1,11055300,1,10,100000,0,0,,Cpu,Cpu:1,200,Avx2,false
0,174,1206,1,10767400,1,10,100000,0,0,,Cpu,Cpu:1,200,Avx2,false
0,175,3346,1,11201800,1,10,100000,0,0,,Cpu,Cpu:1,200,Avx2,false
0,176,890,1,10599400,1,10,100000,0,0,,Cpu,Cpu:1,300,Avx2,false
0,177,4744,1,11478800,1,10,100000,0,0,,Cpu,Cpu:1,200,Avx2,false
0,178,522,1,10847600,1,10,100000,0,0,,Cpu,Cpu:1,300,Avx2,false
0,179,616,1,10622000,1,10,100000,0,0,,Cpu,Cpu:1,400,Avx2,false
0,180,2846,1,10878000,1,10,100000,0,0,,Cpu,Cpu:1,100,Avx2,false
0,181,222,1,10659600,1,10,100000,0,0,,Cpu,Cpu:1,200,Avx2,false
0,182,4925,1,11073400,1,10,100000,0,0,,Cpu,Cpu:1,100,Avx2,false
0,183,622,1,10591900,1,10,100000,0,0,,Cpu,Cpu:1,300,Avx2,false
0,184,838,1,10881700,1,10,100000,0,0,,Cpu,Cpu:1,200,Avx2,false
0,185,4432,1,10834500,1,10,100000,0,0,,Cpu,Cpu:1,300,Avx2,false
0,186,844,1,10844700,1,10,100000,0,0,,Cpu,Cpu:1,400,Avx2,false
0,187,933,1,11001600,1,10,100000,0,0,,Cpu,Cpu:1,300,Avx2,false
0,188,738,1,10780900,1,10,100000,0,0,,Cpu,Cpu:1,400,Avx2,false
0,189,1070,1,11220700,1,10,100000,0,0,,Cpu,Cpu:1,200,Avx2,false
0,190,4590,1,10454700,1,10,100000,0,0,,Cpu,Cpu:1,400,Avx2,false
0,191,4241,1,11408200,1,10,100000,0,0,,Cpu,Cpu:1,100,Avx2,false
0,192,1416,1,10905300,1,10,100000,0,0,,Cpu,Cpu:1,0,Avx2,false
0,193,3020,1,10784000,1,10,100000,0,0,,Cpu,Cpu:1,700,Avx2,false
0,194,21,1,11020000,1,10,100000,0,0,,Cpu,Cpu:1,400,Avx2,false
0,195,1414,1,10796300,1,10,100000,0,0,,Cpu,Cpu:1,100,Avx2,false
0,196,730,1,11062800,1,10,100000,0,0,,Cpu,Cpu:1,100,Avx2,false
0,197,4871,1,10602200,1,10,100000,0,0,,Cpu,Cpu:1,100,Avx2,false
0,198,358,1,10943500,1,10,100000,0,0,,Cpu,Cpu:1,100,Avx2,false
0,199,4380,1,10856900,1,10,100000,0,0,,Cpu,Cpu:1,200,Avx2,false
0,200,3626,1,11586900,1,10,100000,0,0,,Cpu,Cpu:1,300,Avx2,false
0,201,2678,1,11359900,1,10,100000,0,0,,Cpu,Cpu:1,200,Avx2,false
0,202,2606,1,10683800,1,10,100000,0,0,,Cpu,Cpu:1,200,Avx2,false
0,203,1366,1,10825000,1,10,100000,0,0,,Cpu,Cpu:1,200,Avx2,false
0,204,2384,1,11730900,1,10,100000,0,0,,Cpu,Cpu:1,400,Avx2,false
0,205,248,1,10654200,1,10,100000,0,0,,Cpu,Cpu:1,400,Avx2,false
0,206,774,1,10792100,1,10,100000,0,0,,Cpu,Cpu:1,300,Avx2,false
0,207,2974,1,10359400,1,10,100000,0,0,,Cpu,Cpu:1,100,Avx2,false
0,208,587,1,10981400,1,10,100000,0,0,,Cpu,Cpu:1,100,Avx2,false
0,209,4977,1,10295400,1,10,100000,0,0,,Cpu,Cpu:1,200,Avx2,false
0,210,256,1,10619300,1,10,100000,0,0,,Cpu,Cpu:1,200,Avx2,false
0,211,2146,1,10356800,1,10,100000,0,0,,Cpu,Cpu:1,200,Avx2,false
0,212,1774,1,11321900,1,10,100000,0,0,,Cpu,Cpu:1,100,Avx2,false
0,213,540,1,10578900,1,10,100000,0,0,,Cpu,Cpu:1,200,Avx2,false
0,214,182,1,10742800,1,10,100000,0,0,,Cpu,Cpu:1,300,Avx2,false
0,215,4476,1,11115300,1,10,100000,0,0,,Cpu,Cpu:1,100,Avx2,false
0,216,3754,1,10409800,1,10,100000,0,0,,Cpu,Cpu:1,200,Avx2,false
0,217,1235,1,10924000,1,10,100000,0,0,,Cpu,Cpu:1,100,Avx2,false
0,218,2200,1,10621500,1,10,100000,0,0,,Cpu,Cpu:1,100,Avx2,false
0,219,2247,1,10924400,1,10,100000,0,0,,Cpu,Cpu:1,200,Avx2,false
0,220,170,1,10615200,1,10,100000,0,0,,Cpu,Cpu:1,300,Avx2,false
0,221,654,1,11114500,1,10,100000,0,0,,Cpu,Cpu:1,100,Avx2,false
0,222,2757,1,10840600,1,10,100000,0,0,,Cpu,Cpu:1,200,Avx2,false
0,223,2519,1,10535300,1,10,100000,0,0,,Cpu,Cpu:1,100,Avx2,false
0,224,830,1,10649600,1,10,100000,0,0,,Cpu,Cpu:1,100,Avx2,false
0,225,1384,1,10416600,1,10,100000,0,0,,Cpu,Cpu:1,100,Avx2,false
0,226,1026,1,10814200,1,10,100000,0,0,,Cpu,Cpu:1,0,Avx2,false
0,227,500,1,10579700,1,10,100000,0,0,,Cpu,Cpu:1,100,Avx2,false
0,228,982,1,10957800,1,10,100000,0,0,,Cpu,Cpu:1,100,Avx2,false
0,229,31,1,10376900,1,10,100000,0,0,,Cpu,Cpu:1,100,Avx2,false
0,230,854,1,10977400,1,10,100000,0,0,,Cpu,Cpu:1,100,Avx2,false
0,231,4310,1,10328100,1,10,100000,0,0,,Cpu,Cpu:1,100,Avx2,false
0,232,1668,1,10802600,1,10,100000,0,0,,Cpu,Cpu:1,100,Avx2,false
0,233,430,1,10690200,1,10,100000,0,0,,Cpu,Cpu:1,100,Avx2,false
0,234,736,1,10992900,1,10,100000,0,0,,Cpu,Cpu:1,100,Avx2,false
0,235,504,1,10660600,1,10,100000,0,0,,Cpu,Cpu:1,200,Avx2,false
0,236,2418,1,10561100,1,10,100000,0,0,,Cpu,Cpu:1,200,Avx2,false
0,237,4382,1,10875500,1,10,100000,0,0,,Cpu,Cpu:1,100,Avx2,false
0,238,154,1,10488400,1,10,100000,0,0,,Cpu,Cpu:1,200,Avx2,false
0,239,4851,1,10700100,1,10,100000,0,0,,Cpu,Cpu:1,200,Avx2,false
0,240,2316,1,10338800,1,10,100000,0,0,,Cpu,Cpu:1,200,Avx2,false
0,241,2212,1,10928200,1,10,100000,0,0,,Cpu,Cpu:1,100,Avx2,false
0,242,390,1,10259300,1,10,100000,0,0,,Cpu,Cpu:1,100,Avx2,false
0,243,302,1,10824100,1,10,100000,0,0,,Cpu,Cpu:1,100,Avx2,false
0,244,4734,1,10653200,1,10,100000,0,0,,Cpu,Cpu:1,100,Avx2,false
0,245,3273,1,10724500,1,10,100000,0,0,,Cpu,Cpu:1,100,Avx2,false
0,246,212,1,10675900,1,10,100000,0,0,,Cpu,Cpu:1,200,Avx2,false
0,247,1643,1,10783300,1,10,100000,0,0,,Cpu,Cpu:1,100,Avx2,false
0,248,3389,1,10723100,1,10,100000,0,0,,Cpu,Cpu:1,200,Avx2,false
0,249,708,1,10726900,1,10,100000,0,0,,Cpu,Cpu:1,300,Avx2,false
0,250,3366,1,10996900,1,10,100000,0,0,,Cpu,Cpu:1,100,Avx2,false
0,251,408,1,11260400,1,10,100000,0,0,,Cpu,Cpu:1,100,Avx2,false
0,252,3124,1,11305900,1,10,100000,0,0,,Cpu,Cpu:1,300,Avx2,false
0,253,3982,1,10532600,1,10,100000,0,0,,Cpu,Cpu:1,100,Avx2,false
0,254,1165,1,10873600,1,10,100000,0,0,,Cpu,Cpu:1,100,Avx2,false
0,255,450,1,10681800,1,10,100000,0,0,,Cpu,Cpu:1,200,Avx2,false
0,256,196,1,10596300,1,10,100000,0,0,,Cpu,Cpu:1,100,Avx2,false
0,257,1947,1,10976000,1,10,100000,0,0,,Cpu,Cpu:1,100,Avx2,false
0,258,432,1,10255300,1,10,100000,0,0,,Cpu,Cpu:1,100,Avx2,false
0,259,2663,1,10910900,1,10,100000,0,0,,Cpu,Cpu:1,200,Avx2,false
0,260,3194,1,10895700,1,10,100000,0,0,,Cpu,Cpu:1,100,Avx2,false
0,261,2868,1,11481400,1,10,100000,0,0,,Cpu,Cpu:1,100,Avx2,false
0,262,4182,1,10691800,1,10,100000,0,0,,Cpu,Cpu:1,200,Avx2,false
0,263,1004,1,10491300,1,10,100000,0,0,,Cpu,Cpu:1,100,Avx2,false
0,264,4038,1,10710500,1,10,100000,0,0,,Cpu,Cpu:1,100,Avx2,false
0,265,3782,1,10359500,1,10,100000,0,0,,Cpu,Cpu:1,100,Avx2,false
0,266,298,1,10953000,1,10,100000,0,0,,Cpu,Cpu:1,100,Avx2,false
0,267,3748,1,10387100,1,10,100000,0,0,,Cpu,Cpu:1,300,Avx2,false
0,268,1454,1,10634300,1,10,100000,0,0,,Cpu,Cpu:1,500,Avx2,false
0,269,1174,1,10536700,1,10,100000,0,0,,Cpu,Cpu:1,600,Avx2,false
0,270,2530,1,10982200,1,10,100000,0,0,,Cpu,Cpu:1,100,Avx2,false
0,271,3990,1,10630500,1,10,100000,0,0,,Cpu,Cpu:1,200,Avx2,false
0,272,1136,1,10822000,1,10,100000,0,0,,Cpu,Cpu:1,100,Avx2,false
0,273,4020,1,10364300,1,10,100000,0,0,,Cpu,Cpu:1,300,Avx2,false
0,274,3718,1,10735700,1,10,100000,0,0,,Cpu,Cpu:1,200,Avx2,false
0,275,1342,1,10848900,1,10,100000,0,0,,Cpu,Cpu:1,200,Avx2,false
0,276,4822,1,10784800,1,10,100000,0,0,,Cpu,Cpu:1,200,Avx2,false
0,277,2206,1,11026800,1,10,100000,0,0,,Cpu,Cpu:1,200,Avx2,false
0,278,882,1,10476600,1,10,100000,0,0,,Cpu,Cpu:1,300,Avx2,false
0,279,3578,1,10768800,1,10,100000,0,0,,Cpu,Cpu:1,400,Avx2,false
0,280,324,1,10456600,1,10,100000,0,0,,Cpu,Cpu:1,100,Avx2,false
0,281,584,1,10733700,1,10,100000,0,0,,Cpu,Cpu:1,200,Avx2,false
0,282,4436,1,10310500,1,10,100000,0,0,,Cpu,Cpu:1,100,Avx2,false
0,283,4965,1,10778000,1,10,100000,0,0,,Cpu,Cpu:1,100,Avx2,false
0,284,900,1,10320900,1,10,100000,0,0,,Cpu,Cpu:1,100,Avx2,false
0,285,837,1,10948400,1,10,100000,0,0,,Cpu,Cpu:1,100,Avx2,false
0,286,2614,1,10606300,1,10,100000,0,0,,Cpu,Cpu:1,100,Avx2,false
0,287,4544,1,10830800,1,10,100000,0,0,,Cpu,Cpu:1,200,Avx2,false
0,288,2028,1,10681400,1,10,100000,0,0,,Cpu,Cpu:1,200,Avx2,false
0,289,1496,1,10553800,1,10,100000,0,0,,Cpu,Cpu:1,200,Avx2,false
0,290,150,1,10735500,1,10,100000,0,0,,Cpu,Cpu:1,100,Avx2,false
0,291,2266,1,10722500,1,10,100000,0,0,,Cpu,Cpu:1,100,Avx2,false
0,292,898,1,10976900,1,10,100000,0,0,,Cpu,Cpu:1,200,Avx2,false
0,293,4566,1,10471300,1,10,100000,0,0,,Cpu,Cpu:1,100,Avx2,false
0,294,3858,1,10713100,1,10,100000,0,0,,Cpu,Cpu:1,100,Avx2,false
0,295,4603,1,10427300,1,10,100000,0,0,,Cpu,Cpu:1,100,Avx2,false
0,296,2698,1,10910500,1,10,100000,0,0,,Cpu,Cpu:1,100,Avx2,false
0,297,1476,1,10262400,1,10,100000,0,0,,Cpu,Cpu:1,200,Avx2,false
0,298,502,1,10997800,1,10,100000,0,0,,Cpu,Cpu:1,100,Avx2,false
0,299,3024,1,10954800,1,10,100000,0,0,,Cpu,Cpu:1,300,Avx2,false
0,300,2352,1,10796900,1,10,100000,0,0,,Cpu,Cpu:1,300,Avx2,false
0,301,1954,1,10775500,1,10,100000,0,0,,Cpu,Cpu:1,100,Avx2,false
0,302,3786,1,10412300,1,10,100000,0,0,,Cpu,Cpu:1,100,Avx2,false
0,303,3289,1,10683400,1,10,100000,0,0,,Cpu,Cpu:1,100,Avx2,false
0,304,74,1,10394300,1,10,100000,0,0,,Cpu,Cpu:1,100,Avx2,false
0,305,3108,1,10766500,1,10,100000,0,0,,Cpu,Cpu:1,100,Avx2,false
0,306,4538,1,10209500,1,10,100000,0,0,,Cpu,Cpu:1,200,Avx2,false
0,307,2262,1,10840600,1,10,100000,0,0,,Cpu,Cpu:1,0,Avx2,false
0,308,1836,1,10414200,1,10,100000,0,0,,Cpu,Cpu:1,200,Avx2,false
0,309,2300,1,10920400,1,10,100000,0,0,,Cpu,Cpu:1,200,Avx2,false
0,310,538,1,10532900,1,10,100000,0,0,,Cpu,Cpu:1,500,Avx2,false
0,311,2398,1,10797300,1,10,100000,0,0,,Cpu,Cpu:1,400,Avx2,false
0,312,3064,1,10568200,1,10,100000,0,0,,Cpu,Cpu:1,200,Avx2,false
0,313,2021,1,10682100,1,10,100000,0,0,,Cpu,Cpu:1,300,Avx2,false
0,314,768,1,10922300,1,10,100000,0,0,,Cpu,Cpu:1,100,Avx2,false
0,315,3227,1,10679900,1,10,100000,0,0,,Cpu,Cpu:1,200,Avx2,false
0,316,2256,1,10737300,1,10,100000,0,0,,Cpu,Cpu:1,300,Avx2,false
0,317,1710,1,10755900,1,10,100000,0,0,,Cpu,Cpu:1,200,Avx2,false
0,318,278,1,11029400,1,10,100000,0,0,,Cpu,Cpu:1,300,Avx2,false
0,319,4766,1,10220800,1,10,100000,0,0,,Cpu,Cpu:1,200,Avx2,false
0,320,3888,1,11108900,1,10,100000,0,0,,Cpu,Cpu:1,100,Avx2,false
0,321,3164,1,10687700,1,10,100000,0,0,,Cpu,Cpu:1,300,Avx2,false
0,322,2473,1,10961100,1,10,100000,0,0,,Cpu,Cpu:1,400,Avx2,false
0,323,690,1,10618100,1,10,100000,0,0,,Cpu,Cpu:1,200,Avx2,false
0,324,4922,1,10758800,1,10,100000,0,0,,Cpu,Cpu:1,100,Avx2,false
0,325,1318,1,11028100,1,10,100000,0,0,,Cpu,Cpu:1,200,Avx2,false
0,326,3755,1,10419000,1,10,100000,0,0,,Cpu,Cpu:1,100,Avx2,false
0,327,1844,1,10886200,1,10,100000,0,0,,Cpu,Cpu:1,100,Avx2,false
0,328,188,1,10463100,1,10,100000,0,0,,Cpu,Cpu:1,100,Avx2,false
0,329,956,1,10754400,1,10,100000,0,0,,Cpu,Cpu:1,100,Avx2,false
0,330,3312,1,10522400,1,10,100000,0,0,,Cpu,Cpu:1,100,Avx2,false
0,331,2221,1,11082200,1,10,100000,0,0,,Cpu,Cpu:1,100,Avx2,false
0,332,424,1,10627400,1,10,100000,0,0,,Cpu,Cpu:1,300,Avx2,false
0,333,1572,1,11088300,1,10,100000,0,0,,Cpu,Cpu:1,300,Avx2,false
0,334,3958,1,10991300,1,10,100000,0,0,,Cpu,Cpu:1,300,Avx2,false
0,335,642,1,10297400,1,10,100000,0,0,,Cpu,Cpu:1,300,Avx2,false
0,336,470,1,10726600,1,10,100000,0,0,,Cpu,Cpu:1,200,Avx2,false
0,337,518,1,10302200,1,10,100000,0,0,,Cpu,Cpu:1,0,Avx2,false
0,338,107,1,10900500,1,10,100000,0,0,,Cpu,Cpu:1,200,Avx2,false
0,339,1564,1,10603400,1,10,100000,0,0,,Cpu,Cpu:1,200,Avx2,false
0,340,124,1,11030900,1,10,100000,0,0,,Cpu,Cpu:1,400,Avx2,false
0,341,1646,1,10617600,1,10,100000,0,0,,Cpu,Cpu:1,100,Avx2,false
0,342,2158,1,11109700,1,10,100000,0,0,,Cpu,Cpu:1,400,Avx2,false
0,343,414,1,11098500,1,10,100000,0,0,,Cpu,Cpu:1,300,Avx2,false
0,344,4328,1,11101500,1,10,100000,0,0,,Cpu,Cpu:1,100,Avx2,false
0,345,2466,1,11243200,1,10,100000,0,0,,Cpu,Cpu:1,300,Avx2,false
0,346,1741,1,10387100,1,10,100000,0,0,,Cpu,Cpu:1,100,Avx2,false
0,347,2286,1,11479800,1,10,100000,0,0,,Cpu,Cpu:1,200,Avx2,false
0,348,706,1,10986800,1,10,100000,0,0,,Cpu,Cpu:1,200,Avx2,false
0,349,3731,1,10477300,1,10,100000,0,0,,Cpu,Cpu:1,200,Avx2,false
0,350,4548,1,10888800,1,10,100000,0,0,,Cpu,Cpu:1,100,Avx2,false
0,351,669,1,10398100,1,10,100000,0,0,,Cpu,Cpu:1,100,Avx2,false
0,352,3142,1,10658900,1,10,100000,0,0,,Cpu,Cpu:1,100,Avx2,false
0,353,3292,1,10402800,1,10,100000,0,0,,Cpu,Cpu:1,100,Avx2,false
0,354,2116,1,11148300,1,10,100000,0,0,,Cpu,Cpu:1,100,Avx2,false
0,355,3348,1,10415000,1,10,100000,0,0,,Cpu,Cpu:1,200,Avx2,false
0,356,2240,1,11450700,1,10,100000,0,0,,Cpu,Cpu:1,100,Avx2,false
0,357,846,1,11152700,1,10,100000,0,0,,Cpu,Cpu:1,200,Avx2,false
0,358,238,1,10481700,1,10,100000,0,0,,Cpu,Cpu:1,400,Avx2,false
0,359,4748,1,10921300,1,10,100000,0,0,,Cpu,Cpu:1,100,Avx2,false
0,360,4996,1,10557400,1,10,100000,0,0,,Cpu,Cpu:1,100,Avx2,false
0,361,4619,1,10980200,1,10,100000,0,0,,Cpu,Cpu:1,300,Avx2,false
0,362,2015,1,10347300,1,10,100000,0,0,,Cpu,Cpu:1,100,Avx2,false
0,363,2414,1,11164200,1,10,100000,0,0,,Cpu,Cpu:1,100,Avx2,false
0,364,3252,1,11111800,1,10,100000,0,0,,Cpu,Cpu:1,200,Avx2,false
0,365,3144,1,10671400,1,10,100000,0,0,,Cpu,Cpu:1,300,Avx2,false
0,366,1962,1,11185700,1,10,100000,0,0,,Cpu,Cpu:1,100,Avx2,false
0,367,1281,1,10437300,1,10,100000,0,0,,Cpu,Cpu:1,300,Avx2,false
0,368,1110,1,10912600,1,10,100000,0,0,,Cpu,Cpu:1,200,Avx2,false
0,369,1092,1,10475600,1,10,100000,0,0,,Cpu,Cpu:1,200,Avx2,false
0,370,4482,1,11008500,1,10,100000,0,0,,Cpu,Cpu:1,200,Avx2,false
0,371,2848,1,10488700,1,10,100000,0,0,,Cpu,Cpu:1,200,Avx2,false
0,372,763,1,10996600,1,10,100000,0,0,,Cpu,Cpu:1,100,Avx2,false
0,373,1714,1,10966700,1,10,100000,0,0,,Cpu,Cpu:1,200,Avx2,false
0,374,1184,1,10854700,1,10,100000,0,0,,Cpu,Cpu:1,400,Avx2,false
0,375,4222,1,11021500,1,10,100000,0,0,,Cpu,Cpu:1,200,Avx2,false
0,376,644,1,10763900,1,10,100000,0,0,,Cpu,Cpu:1,200,Avx2,false
0,377,3474,1,11097700,1,10,100000,0,0,,Cpu,Cpu:1,200,Avx2,false
0,378,4330,1,10553700,1,10,100000,0,0,,Cpu,Cpu:1,400,Avx2,false
0,379,2922,1,11008900,1,10,100000,0,0,,Cpu,Cpu:1,200,Avx2,false
0,380,1186,1,10854700,1,10,100000,0,0,,Cpu,Cpu:1,100,Avx2,false
0,381,648,1,10773300,1,10,100000,0,0,,Cpu,Cpu:1,200,Avx2,false
0,382,1109,1,10808500,1,10,100000,0,0,,Cpu,Cpu:1,0,Avx2,false
0,383,1611,1,10685800,1,10,100000,0,0,,Cpu,Cpu:1,100,Avx2,false
0,384,452,1,10778500,1,10,100000,0,0,,Cpu,Cpu:1,300,Avx2,false
0,385,2400,1,10778300,1,10,100000,0,0,,Cpu,Cpu:1,200,Avx2,false
0,386,356,1,10980500,1,10,100000,0,0,,Cpu,Cpu:1,100,Avx2,false
0,387,4667,1,10566000,1,10,100000,0,0,,Cpu,Cpu:1,100,Avx2,false
0,388,2782,1,10913900,1,10,100000,0,0,,Cpu,Cpu:1,100,Avx2,false
0,389,2412,1,11435200,1,10,100000,0,0,,Cpu,Cpu:1,100,Avx2,false
0,390,4048,1,11196400,1,10,100000,0,0,,Cpu,Cpu:1,200,Avx2,false
0,391,1878,1,10830800,1,10,100000,0,0,,Cpu,Cpu:1,200,Avx2,false
0,392,3520,1,10570300,1,10,100000,0,0,,Cpu,Cpu:1,400,Avx2,false
0,393,3280,1,10952200,1,10,100000,0,0,,Cpu,Cpu:1,400,Avx2,false
0,394,2154,1,10450500,1,10,100000,0,0,,Cpu,Cpu:1,200,Avx2,false
0,395,968,1,11747800,1,10,100000,0,0,,Cpu,Cpu:1,100,Avx2,false
0,396,4504,1,11171600,1,10,100000,0,0,,Cpu,Cpu:1,200,Avx2,false
0,397,422,1,10374600,1,10,100000,0,0,,Cpu,Cpu:1,400,Avx2,false
0,398,1440,1,10933500,1,10,100000,0,0,,Cpu,Cpu:1,300,Avx2,false
0,399,1548,1,10451300,1,10,100000,0,0,,Cpu,Cpu:1,200,Avx2,false
0,400,342,1,10842200,1,10,100000,0,0,,Cpu,Cpu:1,100,Avx2,false
0,401,3298,1,10678800,1,10,100000,0,0,,Cpu,Cpu:1,300,Avx2,false
0,402,4176,1,10966400,1,10,100000,0,0,,Cpu,Cpu:1,400,Avx2,false
0,403,2288,1,11279800,1,10,100000,0,0,,Cpu,Cpu:1,300,Avx2,false
0,404,1620,1,10638800,1,10,100000,0,0,,Cpu,Cpu:1,500,Avx2,false
0,405,4104,1,10939100,1,10,100000,0,0,,Cpu,Cpu:1,400,Avx2,false
0,406,3430,1,10334200,1,10,100000,0,0,,Cpu,Cpu:1,200,Avx2,false
0,407,869,1,10681200,1,10,100000,0,0,,Cpu,Cpu:1,100,Avx2,false
0,408,876,1,10348800,1,10,100000,0,0,,Cpu,Cpu:1,100,Avx2,false
0,409,2582,1,11023500,1,10,100000,0,0,,Cpu,Cpu:1,200,Avx2,false
0,410,1140,1,10577800,1,10,100000,0,0,,Cpu,Cpu:1,200,Avx2,false
0,411,610,1,11188000,1,10,100000,0,0,,Cpu,Cpu:1,300,Avx2,false
0,412,3964,1,10929600,1,10,100000,0,0,,Cpu,Cpu:1,300,Avx2,false
0,413,2048,1,10619800,1,10,100000,0,0,,Cpu,Cpu:1,300,Avx2,false
0,414,3439,1,10998600,1,10,100000,0,0,,Cpu,Cpu:1,200,Avx2,false
0,415,3772,1,10467900,1,10,100000,0,0,,Cpu,Cpu:1,100,Avx2,false
0,416,226,1,11318700,1,10,100000,0,0,,Cpu,Cpu:1,300,Avx2,false
0,417,2856,1,10458200,1,10,100000,0,0,,Cpu,Cpu:1,300,Avx2,false
0,418,2040,1,10858300,1,10,100000,0,0,,Cpu,Cpu:1,400,Avx2,false
0,419,2131,1,10530600,1,10,100000,0,0,,Cpu,Cpu:1,100,Avx2,false
0,420,4441,1,10831000,1,10,100000,0,0,,Cpu,Cpu:1,200,Avx2,false
0,421,4867,1,10626800,1,10,100000,0,0,,Cpu,Cpu:1,200,Avx2,false
0,422,1190,1,10663700,1,10,100000,0,0,,Cpu,Cpu:1,300,Avx2,false
0,423,914,1,10922900,1,10,100000,0,0,,Cpu,Cpu:1,300,Avx2,false
0,424,2496,1,10465100,1,10,100000,0,0,,Cpu,Cpu:1,200,Avx2,false
0,425,1898,1,11141400,1,10,100000,0,0,,Cpu,Cpu:1,500,Avx2,false
0,426,147,1,10510200,1,10,100000,0,0,,Cpu,Cpu:1,500,Avx2,false
0,427,2358,1,10816500,1,10,100000,0,0,,Cpu,Cpu:1,300,Avx2,false
0,428,3860,1,10655500,1,10,100000,0,0,,Cpu,Cpu:1,300,Avx2,false
0,429,912,1,11062300,1,10,100000,0,0,,Cpu,Cpu:1,300,Avx2,false
0,430,1976,1,10757300,1,10,100000,0,0,,Cpu,Cpu:1,300,Avx2,false
0,431,880,1,10752200,1,10,100000,0,0,,Cpu,Cpu:1,300,Avx2,false
0,432,1606,1,10868200,1,10,100000,0,0,,Cpu,Cpu:1,200,Avx2,false
0,433,2640,1,10435500,1,10,100000,0,0,,Cpu,Cpu:1,200,Avx2,false
0,434,4284,1,11216200,1,10,100000,0,0,,Cpu,Cpu:1,100,Avx2,false
0,435,487,1,10604100,1,10,100000,0,0,,Cpu,Cpu:1,200,Avx2,false
0,436,2560,1,11763900,1,10,100000,0,0,,Cpu,Cpu:1,400,Avx2,false
0,437,787,1,10992900,1,10,100000,0,0,,Cpu,Cpu:1,500,Avx2,false
0,438,1528,1,10773000,1,10,100000,0,0,,Cpu,Cpu:1,100,Avx2,false
0,439,534,1,11171700,1,10,100000,0,0,,Cpu,Cpu:1,100,Avx2,false
0,440,482,1,10523900,1,10,100000,0,0,,Cpu,Cpu:1,100,Avx2,false
0,441,804,1,10857100,1,10,100000,0,0,,Cpu,Cpu:1,400,Avx2,false
0,442,980,1,11216500,1,10,100000,0,0,,Cpu,Cpu:1,0,Avx2,false
0,443,1034,1,10765000,1,10,100000,0,0,,Cpu,Cpu:1,300,Avx2,false
0,444,246,1,10757600,1,10,100000,0,0,,Cpu,Cpu:1,200,Avx2,false
0,445,2491,1,11079500,1,10,100000,0,0,,Cpu,Cpu:1,200,Avx2,false
0,446,3120,1,11275200,1,10,100000,0,0,,Cpu,Cpu:1,100,Avx2,false
0,447,1432,1,10457400,1,10,100000,0,0,,Cpu,Cpu:1,200,Avx2,false
0,448,727,1,11064700,1,10,100000,0,0,,Cpu,Cpu:1,300,Avx2,false
0,449,4458,1,11061100,1,10,100000,0,0,,Cpu,Cpu:1,300,Avx2,false
0,450,492,1,10747900,1,10,100000,0,0,,Cpu,Cpu:1,100,Avx2,false
0,451,664,1,10931000,1,10,100000,0,0,,Cpu,Cpu:1,300,Avx2,false
0,452,4680,1,10583700,1,10,100000,0,0,,Cpu,Cpu:1,300,Avx2,false
0,453,1211,1,10701400,1,10,100000,0,0,,Cpu,Cpu:1,100,Avx2,false
0,454,682,1,10620700,1,10,100000,0,0,,Cpu,Cpu:1,0,Avx2,false
0,455,692,1,11130700,1,10,100000,0,0,,Cpu,Cpu:1,0,Avx2,false
0,456,152,1,10480000,1,10,100000,0,0,,Cpu,Cpu:1,0,Avx2,false
0,457,782,1,11331600,1,10,100000,0,0,,Cpu,Cpu:1,0,Avx2,false
0,458,2956,1,11174700,1,10,100000,0,0,,Cpu,Cpu:1,200,Avx2,false
0,459,2072,1,10670300,1,10,100000,0,0,,Cpu,Cpu:1,300,Avx2,false
0,460,1550,1,10857900,1,10,100000,0,0,,Cpu,Cpu:1,400,Avx2,false
0,461,323,1,10580600,1,10,100000,0,0,,Cpu,Cpu:1,300,Avx2,false
0,462,3788,1,10889300,1,10,100000,0,0,,Cpu,Cpu:1,100,Avx2,false
0,463,2098,1,10455700,1,10,100000,0,0,,Cpu,Cpu:1,100,Avx2,false
0,464,4718,1,11057300,1,10,100000,0,0,,Cpu,Cpu:1,100,Avx2,false
0,465,307,1,10870100,1,10,100000,0,0,,Cpu,Cpu:1,300,Avx2,false
0,466,318,1,10702000,1,10,100000,0,0,,Cpu,Cpu:1,100,Avx2,false
0,467,4405,1,10888000,1,10,100000,0,0,,Cpu,Cpu:1,0,Avx2,false
0,468,4170,1,10577200,1,10,100000,0,0,,Cpu,Cpu:1,100,Avx2,false
0,469,656,1,11063800,1,10,100000,0,0,,Cpu,Cpu:1,100,Avx2,false
0,470,1824,1,10506900,1,10,100000,0,0,,Cpu,Cpu:1,100,Avx2,false
0,471,2452,1,10908200,1,10,100000,0,0,,Cpu,Cpu:1,100,Avx2,false
0,472,1744,1,10525400,1,10,100000,0,0,,Cpu,Cpu:1,200,Avx2,false
0,473,2716,1,10987800,1,10,100000,0,0,,Cpu,Cpu:1,100,Avx2,false
0,474,274,1,10968900,1,10,100000,0,0,,Cpu,Cpu:1,100,Avx2,false
0,475,906,1,10596400,1,10,100000,0,0,,Cpu,Cpu:1,500,Avx2,false
0,476,4148,1,10974700,1,10,100000,0,0,,Cpu,Cpu:1,100,Avx2,false
0,477,7,1,10443600,1,10,100000,0,0,,Cpu,Cpu:1,100,Avx2,false
0,478,1036,1,10964100,1,10,100000,0,0,,Cpu,Cpu:1,0,Avx2,false
0,479,1500,1,10582700,1,10,100000,0,0,,Cpu,Cpu:1,100,Avx2,false
0,480,354,1,10799800,1,10,100000,0,0,,Cpu,Cpu:1,100,Avx2,false
0,481,3422,1,10547200,1,10,100000,0,0,,Cpu,Cpu:1,100,Avx2,false
0,482,722,1,10947000,1,10,100000,0,0,,Cpu,Cpu:1,100,Avx2,false
0,483,3490,1,10433300,1,10,100000,0,0,,Cpu,Cpu:1,100,Avx2,false
0,484,2915,1,10916000,1,10,100000,0,0,,Cpu,Cpu:1,300,Avx2,false
0,485,3181,1,10946500,1,10,100000,0,0,,Cpu,Cpu:1,100,Avx2,false
0,486,3376,1,10781100,1,10,100000,0,0,,Cpu,Cpu:1,100,Avx2,false
0,487,694,1,11086600,1,10,100000,0,0,,Cpu,Cpu:1,100,Avx2,false
0,488,2211,1,10639400,1,10,100000,0,0,,Cpu,Cpu:1,100,Avx2,false
0,489,451,1,10967800,1,10,100000,0,0,,Cpu,Cpu:1,100,Avx2,false
0,490,4065,1,11316000,1,10,100000,0,0,,Cpu,Cpu:1,100,Avx2,false
0,491,1158,1,10882000,1,10,100000,0,0,,Cpu,Cpu:1,200,Avx2,false
0,492,3350,1,10863600,1,10,100000,0,0,,Cpu,Cpu:1,100,Avx2,false
0,493,235,1,10576200,1,10,100000,0,0,,Cpu,Cpu:1,200,Avx2,false
0,494,3972,1,11004200,1,10,100000,0,0,,Cpu,Cpu:1,100,Avx2,false
0,495,2564,1,10434100,1,10,100000,0,0,,Cpu,Cpu:1,100,Avx2,false
0,496,1912,1,10858800,1,10,100000,0,0,,Cpu,Cpu:1,200,Avx2,false
0,497,992,1,11530100,1,10,100000,0,0,,Cpu,Cpu:1,300,Avx2,false
0,498,1922,1,11634300,1,10,100000,0,0,,Cpu,Cpu:1,300,Avx2,false
0,499,594,1,11685600,1,10,100000,0,0,,Cpu,Cpu:1,300,Avx2,false
0,500,1758,1,10483900,1,10,100000,0,0,,Cpu,Cpu:1,400,Avx2,false
0,501,2780,1,11128800,1,10,100000,0,0,,Cpu,Cpu:1,200,Avx2,false
0,502,2653,1,10785100,1,10,100000,0,0,,Cpu,Cpu:1,300,Avx2,false
0,503,3661,1,10650600,1,10,100000,0,0,,Cpu,Cpu:1,200,Avx2,false
0,504,484,1,10908500,1,10,100000,0,0,,Cpu,Cpu:1,500,Avx2,false
0,505,1558,1,10610400,1,10,100000,0,0,,Cpu,Cpu:1,200,Avx2,false
0,506,2462,1,10740900,1,10,100000,0,0,,Cpu,Cpu:1,300,Avx2,false
0,507,3178,1,10692800,1,10,100000,0,0,,Cpu,Cpu:1,200,Avx2,false
0,508,3005,1,11177000,1,10,100000,0,0,,Cpu,Cpu:1,400,Avx2,false
0,509,3656,1,10394800,1,10,100000,0,0,,Cpu,Cpu:1,500,Avx2,false
0,510,2552,1,10983300,1,10,100000,0,0,,Cpu,Cpu:1,200,Avx2,false
0,511,2746,1,10985800,1,10,100000,0,0,,Cpu,Cpu:1,300,Avx2,false
0,512,4169,1,11001100,1,10,100000,0,0,,Cpu,Cpu:1,200,Avx2,false
0,513,1545,1,11102100,1,10,100000,0,0,,Cpu,Cpu:1,0,Avx2,false
0,514,4708,1,10943300,1,10,100000,0,0,,Cpu,Cpu:1,200,Avx2,false
0,515,4791,1,11241600,1,10,100000,0,0,,Cpu,Cpu:1,200,Avx2,false
0,516,4506,1,11035200,1,10,100000,0,0,,Cpu,Cpu:1,200,Avx2,false
0,517,1022,1,10874600,1,10,100000,0,0,,Cpu,Cpu:1,300,Avx2,false
0,518,338,1,11110200,1,10,100000,0,0,,Cpu,Cpu:1,200,Avx2,false
0,519,2022,1,10387600,1,10,100000,0,0,,Cpu,Cpu:1,100,Avx2,false
0,520,2870,1,11191600,1,10,100000,0,0,,Cpu,Cpu:1,0,Avx2,false
0,521,4018,1,10494600,1,10,100000,0,0,,Cpu,Cpu:1,100,Avx2,false
0,522,114,1,11027500,1,10,100000,0,0,,Cpu,Cpu:1,200,Avx2,false
0,523,1892,1,10874400,1,10,100000,0,0,,Cpu,Cpu:1,100,Avx2,false
0,524,268,1,11030900,1,10,100000,0,0,,Cpu,Cpu:1,200,Avx2,false
0,525,2292,1,10951500,1,10,100000,0,0,,Cpu,Cpu:1,200,Avx2,false
0,526,552,1,10441300,1,10,100000,0,0,,Cpu,Cpu:1,200,Avx2,false
0,527,1624,1,11503400,1,10,100000,0,0,,Cpu,Cpu:1,100,Avx2,false
0,528,626,1,10845100,1,10,100000,0,0,,Cpu,Cpu:1,200,Avx2,false
0,529,862,1,11147100,1,10,100000,0,0,,Cpu,Cpu:1,200,Avx2,false
0,530,1252,1,10650200,1,10,100000,0,0,,Cpu,Cpu:1,200,Avx2,false
0,531,2323,1,11035100,1,10,100000,0,0,,Cpu,Cpu:1,100,Avx2,false
0,532,1858,1,11074000,1,10,100000,0,0,,Cpu,Cpu:1,100,Avx2,false
0,533,568,1,10271700,1,10,100000,0,0,,Cpu,Cpu:1,300,Avx2,false
0,534,3353,1,10754800,1,10,100000,0,0,,Cpu,Cpu:1,100,Avx2,false
0,535,1450,1,10515200,1,10,100000,0,0,,Cpu,Cpu:1,200,Avx2,false
0,536,3352,1,10784000,1,10,100000,0,0,,Cpu,Cpu:1,0,Avx2,false
0,537,549,1,11342800,1,10,100000,0,0,,Cpu,Cpu:1,100,Avx2,false
0,538,292,1,11252000,1,10,100000,0,0,,Cpu,Cpu:1,100,Avx2,false
0,539,1238,1,11522000,1,10,100000,0,0,,Cpu,Cpu:1,300,Avx2,false
0,540,2927,1,10392800,1,10,100000,0,0,,Cpu,Cpu:1,200,Avx2,false
0,541,4073,1,10725600,1,10,100000,0,0,,Cpu,Cpu:1,300,Avx2,false
0,542,2388,1,10510000,1,10,100000,0,0,,Cpu,Cpu:1,100,Avx2,false
0,543,3462,1,11033800,1,10,100000,0,0,,Cpu,Cpu:1,100,Avx2,false
0,544,4652,1,10895000,1,10,100000,0,0,,Cpu,Cpu:1,100,Avx2,false
0,545,3624,1,10642000,1,10,100000,0,0,,Cpu,Cpu:1,100,Avx2,false
0,546,835,1,10868000,1,10,100000,0,0,,Cpu,Cpu:1,100,Avx2,false
0,547,2326,1,10702100,1,10,100000,0,0,,Cpu,Cpu:1,100,Avx2,false
0,548,566,1,10879800,1,10,100000,0,0,,Cpu,Cpu:1,100,Avx2,false
0,549,1284,1,10628600,1,10,100000,0,0,,Cpu,Cpu:1,200,Avx2,false
0,550,3203,1,11249200,1,10,100000,0,0,,Cpu,Cpu:1,0,Avx2,false
0,551,2253,1,10803600,1,10,100000,0,0,,Cpu,Cpu:1,100,Avx2,false
0,552,946,1,10813200,1,10,100000,0,0,,Cpu,Cpu:1,400,Avx2,false
0,553,1086,1,11707500,1,10,100000,0,0,,Cpu,Cpu:1,300,Avx2,false
0,554,3184,1,10994700,1,10,100000,0,0,,Cpu,Cpu:1,300,Avx2,false
0,555,1763,1,10948700,1,10,100000,0,0,,Cpu,Cpu:1,300,Avx2,false
0,556,2532,1,10577700,1,10,100000,0,0,,Cpu,Cpu:1,300,Avx2,false
0,557,4498,1,11167700,1,10,100000,0,0,,Cpu,Cpu:1,200,Avx2,false
0,558,4157,1,11358800,1,10,100000,0,0,,Cpu,Cpu:1,200,Avx2,false
0,559,2554,1,10587700,1,10,100000,0,0,,Cpu,Cpu:1,200,Avx2,false
0,560,2822,1,11183700,1,10,100000,0,0,,Cpu,Cpu:1,100,Avx2,false
0,561,4042,1,10622800,1,10,100000,0,0,,Cpu,Cpu:1,200,Avx2,false
0,562,496,1,11079400,1,10,100000,0,0,,Cpu,Cpu:1,100,Avx2,false
0,563,2798,1,10924700,1,10,100000,0,0,,Cpu,Cpu:1,300,Avx2,false
0,564,638,1,10895100,1,10,100000,0,0,,Cpu,Cpu:1,200,Avx2,false
0,565,1339,1,11295800,1,10,100000,0,0,,Cpu,Cpu:1,300,Avx2,false
0,566,3800,1,10692400,1,10,100000,0,0,,Cpu,Cpu:1,300,Avx2,false
0,567,4632,1,10922300,1,10,100000,0,0,,Cpu,Cpu:1,200,Avx2,false
0,568,3351,1,10497800,1,10,100000,0,0,,Cpu,Cpu:1,200,Avx2,false
0,569,1848,1,11088600,1,10,100000,0,0,,Cpu,Cpu:1,100,Avx2,false
0,570,202,1,10857100,1,10,100000,0,0,,Cpu,Cpu:1,300,Avx2,false
0,571,1661,1,10925000,1,10,100000,0,0,,Cpu,Cpu:1,300,Avx2,false
0,572,2055,1,10861300,1,10,100000,0,0,,Cpu,Cpu:1,200,Avx2,false
0,573,4293,1,10654700,1,10,100000,0,0,,Cpu,Cpu:1,100,Avx2,false
0,574,728,1,11217700,1,10,100000,0,0,,Cpu,Cpu:1,100,Avx2,false
0,575,959,1,10506600,1,10,100000,0,0,,Cpu,Cpu:1,100,Avx2,false
0,576,416,1,11107900,1,10,100000,0,0,,Cpu,Cpu:1,0,Avx2,false
0,577,1831,1,11273600,1,10,100000,0,0,,Cpu,Cpu:1,200,Avx2,false
0,578,4829,1,10540100,1,10,100000,0,0,,Cpu,Cpu:1,300,Avx2,false
0,579,3360,1,10860900,1,10,100000,0,0,,Cpu,Cpu:1,300,Avx2,false
0,580,88,1,10738800,1,10,100000,0,0,,Cpu,Cpu:1,200,Avx2,false
0,581,1872,1,11006800,1,10,100000,0,0,,Cpu,Cpu:1,200,Avx2,false
0,582,808,1,10416100,1,10,100000,0,0,,Cpu,Cpu:1,100,Avx2,false
0,583,2898,1,11041800,1,10,100000,0,0,,Cpu,Cpu:1,100,Avx2,false
0,584,295,1,11015700,1,10,100000,0,0,,Cpu,Cpu:1,100,Avx2,false
0,585,2294,1,11272800,1,10,100000,0,0,,Cpu,Cpu:1,200,Avx2,false
0,586,628,1,11956100,1,10,100000,0,0,,Cpu,Cpu:1,300,Avx2,false
0,587,3401,1,10549000,1,10,100000,0,0,,Cpu,Cpu:1,300,Avx2,false
0,588,1622,1,11094300,1,10,100000,0,0,,Cpu,Cpu:1,300,Avx2,false
0,589,4150,1,10872800,1,10,100000,0,0,,Cpu,Cpu:1,100,Avx2,false
0,590,4462,1,10976900,1,10,100000,0,0,,Cpu,Cpu:1,100,Avx2,false
0,591,3427,1,10986900,1,10,100000,0,0,,Cpu,Cpu:1,200,Avx2,false
0,592,50,1,10546600,1,10,100000,0,0,,Cpu,Cpu:1,300,Avx2,false
0,593,3570,1,11041500,1,10,100000,0,0,,Cpu,Cpu:1,100,Avx2,false
0,594,2990,1,10970400,1,10,100000,0,0,,Cpu,Cpu:1,100,Avx2,false
0,595,4929,1,11719200,1,10,100000,0,0,,Cpu,Cpu:1,100,Avx2,false
0,596,334,1,12134500,1,10,100000,0,0,,Cpu,Cpu:1,300,Avx2,false
0,597,1479,1,11047300,1,10,100000,0,0,,Cpu,Cpu:1,300,Avx2,false
0,598,2178,1,11503900,1,10,100000,0,0,,Cpu,Cpu:1,300,Avx2,false
0,599,754,1,10951000,1,10,100000,0,0,,Cpu,Cpu:1,400,Avx2,false
0,600,2485,1,10479000,1,10,100000,0,0,,Cpu,Cpu:1,200,Avx2,false
0,601,4810,1,10911000,1,10,100000,0,0,,Cpu,Cpu:1,200,Avx2,false
0,602,26,1,10350100,1,10,100000,0,0,,Cpu,Cpu:1,100,Avx2,false
0,603,2205,1,10782700,1,10,100000,0,0,,Cpu,Cpu:1,200,Avx2,false
0,604,1826,1,10819600,1,10,100000,0,0,,Cpu,Cpu:1,200,Avx2,false
0,605,1428,1,11385400,1,10,100000,0,0,,Cpu,Cpu:1,300,Avx2,false
0,606,2722,1,11262400,1,10,100000,0,0,,Cpu,Cpu:1,100,Avx2,false
0,607,4812,1,10864900,1,10,100000,0,0,,Cpu,Cpu:1,200,Avx2,false
0,608,1559,1,11092800,1,10,100000,0,0,,Cpu,Cpu:1,200,Avx2,false
0,609,892,1,10348900,1,10,100000,0,0,,Cpu,Cpu:1,200,Avx2,false
0,610,1142,1,11087800,1,10,100000,0,0,,Cpu,Cpu:1,100,Avx2,false
0,611,2170,1,11076900,1,10,100000,0,0,,Cpu,Cpu:1,400,Avx2,false
0,612,1083,1,10619600,1,10,100000,0,0,,Cpu,Cpu:1,300,Avx2,false
0,613,3864,1,10905000,1,10,100000,0,0,,Cpu,Cpu:1,0,Avx2,false
0,614,392,1,10782900,1,10,100000,0,0,,Cpu,Cpu:1,200,Avx2,false
0,615,3042,1,11308000,1,10,100000,0,0,,Cpu,Cpu:1,200,Avx2,false
0,616,280,1,10626300,1,10,100000,0,0,,Cpu,Cpu:1,300,Avx2,false
0,617,1411,1,11014100,1,10,100000,0,0,,Cpu,Cpu:1,400,Avx2,false
0,618,260,1,10885600,1,10,100000,0,0,,Cpu,Cpu:1,100,Avx2,false
0,619,2707,1,11302600,1,10,100000,0,0,,Cpu,Cpu:1,100,Avx2,false
0,620,4076,1,11622300,1,10,100000,0,0,,Cpu,Cpu:1,200,Avx2,false
0,621,1088,1,10577800,1,10,100000,0,0,,Cpu,Cpu:1,300,Avx2,false
0,622,778,1,11036200,1,10,100000,0,0,,Cpu,Cpu:1,200,Avx2,false
0,623,698,1,10992500,1,10,100000,0,0,,Cpu,Cpu:1,100,Avx2,false
0,624,3242,1,11148500,1,10,100000,0,0,,Cpu,Cpu:1,100,Avx2,false
0,625,655,1,11177200,1,10,100000,0,0,,Cpu,Cpu:1,200,Avx2,false
0,626,3198,1,10765300,1,10,100000,0,0,,Cpu,Cpu:1,300,Avx2,false
0,627,1054,1,10847300,1,10,100000,0,0,,Cpu,Cpu:1,200,Avx2,false
0,628,4894,1,10492400,1,10,100000,0,0,,Cpu,Cpu:1,200,Avx2,false
0,629,567,1,10671400,1,10,100000,0,0,,Cpu,Cpu:1,100,Avx2,false
0,630,1224,1,10975600,1,10,100000,0,0,,Cpu,Cpu:1,100,Avx2,false
0,631,2580,1,11030900,1,10,100000,0,0,,Cpu,Cpu:1,300,Avx2,false
0,632,1522,1,11139300,1,10,100000,0,0,,Cpu,Cpu:1,300,Avx2,false
0,633,3224,1,10367100,1,10,100000,0,0,,Cpu,Cpu:1,100,Avx2,false
0,634,459,1,11527300,1,10,100000,0,0,,Cpu,Cpu:1,100,Avx2,false
0,635,2377,1,10695500,1,10,100000,0,0,,Cpu,Cpu:1,400,Avx2,false
0,636,2124,1,11025600,1,10,100000,0,0,,Cpu,Cpu:1,200,Avx2,false
0,637,4378,1,11046100,1,10,100000,0,0,,Cpu,Cpu:1,400,Avx2,false
0,638,3781,1,10758600,1,10,100000,0,0,,Cpu,Cpu:1,200,Avx2,false
0,639,651,1,10955400,1,10,100000,0,0,,Cpu,Cpu:1,400,Avx2,false
0,640,600,1,10987200,1,10,100000,0,0,,Cpu,Cpu:1,100,Avx2,false
0,641,866,1,11382200,1,10,100000,0,0,,Cpu,Cpu:1,200,Avx2,false
0,642,1052,1,11036000,1,10,100000,0,0,,Cpu,Cpu:1,300,Avx2,false
0,643,2258,1,10689100,1,10,100000,0,0,,Cpu,Cpu:1,500,Avx2,false
0,644,2138,1,11094400,1,10,100000,0,0,,Cpu,Cpu:1,400,Avx2,false
0,645,1326,1,10868600,1,10,100000,0,0,,Cpu,Cpu:1,200,Avx2,false
0,646,662,1,11010900,1,10,100000,0,0,,Cpu,Cpu:1,200,Avx2,false
0,647,1973,1,10588000,1,10,100000,0,0,,Cpu,Cpu:1,300,Avx2,false
0,648,1306,1,11473200,1,10,100000,0,0,,Cpu,Cpu:1,200,Avx2,false
0,649,2979,1,12144200,1,10,100000,0,0,,Cpu,Cpu:1,300,Avx2,false
0,650,1143,1,10641300,1,10,100000,0,0,,Cpu,Cpu:1,300,Avx2,false
0,651,2214,1,11012300,1,10,100000,0,0,,Cpu,Cpu:1,200,Avx2,false
0,652,3863,1,10511500,1,10,100000,0,0,,Cpu,Cpu:1,100,Avx2,false
0,653,2187,1,10872100,1,10,100000,0,0,,Cpu,Cpu:1,400,Avx2,false
0,654,944,1,10806800,1,10,100000,0,0,,Cpu,Cpu:1,100,Avx2,false
0,655,1768,1,10546100,1,10,100000,0,0,,Cpu,Cpu:1,300,Avx2,false
0,656,1196,1,10885700,1,10,100000,0,0,,Cpu,Cpu:1,100,Avx2,false
0,657,1222,1,10404000,1,10,100000,0,0,,Cpu,Cpu:1,100,Avx2,false
0,658,4530,1,10908000,1,10,100000,0,0,,Cpu,Cpu:1,100,Avx2,false
0,659,3209,1,10442200,1,10,100000,0,0,,Cpu,Cpu:1,200,Avx2,false
0,660,724,1,11092600,1,10,100000,0,0,,Cpu,Cpu:1,100,Avx2,false
0,661,1268,1,10543400,1,10,100000,0,0,,Cpu,Cpu:1,100,Avx2,false
0,662,843,1,10863600,1,10,100000,0,0,,Cpu,Cpu:1,300,Avx2,false
0,663,1391,1,10836100,1,10,100000,0,0,,Cpu,Cpu:1,200,Avx2,false
0,664,4602,1,10907500,1,10,100000,0,0,,Cpu,Cpu:1,300,Avx2,false
0,665,4587,1,11105000,1,10,100000,0,0,,Cpu,Cpu:1,400,Avx2,false
0,666,1276,1,10558600,1,10,100000,0,0,,Cpu,Cpu:1,200,Avx2,false
0,667,4194,1,11014200,1,10,100000,0,0,,Cpu,Cpu:1,300,Avx2,false
0,668,4058,1,11137500,1,10,100000,0,0,,Cpu,Cpu:1,200,Avx2,false
0,669,2723,1,11360600,1,10,100000,0,0,,Cpu,Cpu:1,300,Avx2,false
0,670,3432,1,10859800,1,10,100000,0,0,,Cpu,Cpu:1,200,Avx2,false
0,671,1916,1,10409200,1,10,100000,0,0,,Cpu,Cpu:1,100,Avx2,false
0,672,1102,1,10643200,1,10,100000,0,0,,Cpu,Cpu:1,300,Avx2,false
0,673,2478,1,10527500,1,10,100000,0,0,,Cpu,Cpu:1,100,Avx2,false
0,674,4513,1,10888600,1,10,100000,0,0,,Cpu,Cpu:1,0,Avx2,false
0,675,2259,1,10505000,1,10,100000,0,0,,Cpu,Cpu:1,400,Avx2,false
0,676,1046,1,10856000,1,10,100000,0,0,,Cpu,Cpu:1,300,Avx2,false
0,677,1006,1,10460100,1,10,100000,0,0,,Cpu,Cpu:1,200,Avx2,false
0,678,2434,1,11371600,1,10,100000,0,0,,Cpu,Cpu:1,100,Avx2,false
0,679,3276,1,11212800,1,10,100000,0,0,,Cpu,Cpu:1,200,Avx2,false
0,680,2076,1,10684200,1,10,100000,0,0,,Cpu,Cpu:1,100,Avx2,false
0,681,2339,1,11393900,1,10,100000,0,0,,Cpu,Cpu:1,300,Avx2,false
0,682,1226,1,11523900,1,10,100000,0,0,,Cpu,Cpu:1,400,Avx2,false
0,683,3827,1,10970200,1,10,100000,0,0,,Cpu,Cpu:1,400,Avx2,false
0,684,935,1,11050500,1,10,100000,0,0,,Cpu,Cpu:1,100,Avx2,false
0,685,4281,1,10825700,1,10,100000,0,0,,Cpu,Cpu:1,200,Avx2,false
0,686,1408,1,10876000,1,10,100000,0,0,,Cpu,Cpu:1,300,Avx2,false
0,687,3384,1,11978700,1,10,100000,0,0,,Cpu,Cpu:1,200,Avx2,false
0,688,1084,1,11562100,1,10,100000,0,0,,Cpu,Cpu:1,400,Avx2,false
0,689,926,1,11801100,1,10,100000,0,0,,Cpu,Cpu:1,500,Avx2,false
0,690,556,1,10522800,1,10,100000,0,0,,Cpu,Cpu:1,200,Avx2,false
0,691,1015,1,11602400,1,10,100000,0,0,,Cpu,Cpu:1,100,Avx2,false
0,692,1647,1,11214000,1,10,100000,0,0,,Cpu,Cpu:1,200,Avx2,false
0,693,966,1,10641100,1,10,100000,0,0,,Cpu,Cpu:1,600,Avx2,false
0,694,4118,1,10929500,1,10,100000,0,0,,Cpu,Cpu:1,100,Avx2,false
0,695,1840,1,10613300,1,10,100000,0,0,,Cpu,Cpu:1,100,Avx2,false
0,696,562,1,11149000,1,10,100000,0,0,,Cpu,Cpu:1,100,Avx2,false
0,697,756,1,10448800,1,10,100000,0,0,,Cpu,Cpu:1,200,Avx2,false
0,698,2166,1,11363200,1,10,100000,0,0,,Cpu,Cpu:1,500,Avx2,false
0,699,2320,1,10899200,1,10,100000,0,0,,Cpu,Cpu:1,200,Avx2,false
0,700,2336,1,10486900,1,10,100000,0,0,,Cpu,Cpu:1,0,Avx2,false
0,701,1604,1,10706000,1,10,100000,0,0,,Cpu,Cpu:1,100,Avx2,false
0,702,2254,1,10473700,1,10,100000,0,0,,Cpu,Cpu:1,100,Avx2,false
0,703,3512,1,10911700,1,10,100000,0,0,,Cpu,Cpu:1,100,Avx2,false
0,704,1166,1,10559500,1,10,100000,0,0,,Cpu,Cpu:1,100,Avx2,false
0,705,4906,1,11080400,1,10,100000,0,0,,Cpu,Cpu:1,100,Avx2,false
0,706,366,1,10483000,1,10,100000,0,0,,Cpu,Cpu:1,300,Avx2,false
0,707,4634,1,11173500,1,10,100000,0,0,,Cpu,Cpu:1,200,Avx2,false
0,708,3162,1,11025700,1,10,100000,0,0,,Cpu,Cpu:1,200,Avx2,false
0,709,2980,1,10526500,1,10,100000,0,0,,Cpu,Cpu:1,200,Avx2,false
0,710,2196,1,11279300,1,10,100000,0,0,,Cpu,Cpu:1,100,Avx2,false
0,711,719,1,10843300,1,10,100000,0,0,,Cpu,Cpu:1,200,Avx2,false
0,712,4600,1,11218800,1,10,100000,0,0,,Cpu,Cpu:1,100,Avx2,false
0,713,2194,1,11054200,1,10,100000,0,0,,Cpu,Cpu:1,100,Avx2,false
0,714,984,1,10622600,1,10,100000,0,0,,Cpu,Cpu:1,200,Avx2,false
0,715,1810,1,11049400,1,10,100000,0,0,,Cpu,Cpu:1,0,Avx2,false
0,716,725,1,10561300,1,10,100000,0,0,,Cpu,Cpu:1,200,Avx2,false
0,717,2290,1,11247700,1,10,100000,0,0,,Cpu,Cpu:1,200,Avx2,false
0,718,1802,1,10904800,1,10,100000,0,0,,Cpu,Cpu:1,200,Avx2,false
0,719,2875,1,11029500,1,10,100000,0,0,,Cpu,Cpu:1,500,Avx2,false
0,720,1686,1,10933900,1,10,100000,0,0,,Cpu,Cpu:1,500,Avx2,false
0,721,1968,1,10311400,1,10,100000,0,0,,Cpu,Cpu:1,500,Avx2,false
0,722,2524,1,11013700,1,10,100000,0,0,,Cpu,Cpu:1,300,Avx2,false
0,723,1715,1,10365800,1,10,100000,0,0,,Cpu,Cpu:1,100,Avx2,false
0,724,52,1,10726700,1,10,100000,0,0,,Cpu,Cpu:1,100,Avx2,false
0,725,1994,1,11079400,1,10,100000,0,0,,Cpu,Cpu:1,300,Avx2,false
0,726,1234,1,10829400,1,10,100000,0,0,,Cpu,Cpu:1,100,Avx2,false
0,727,2242,1,10366700,1,10,100000,0,0,,Cpu,Cpu:1,100,Avx2,false
0,728,308,1,11017000,1,10,100000,0,0,,Cpu,Cpu:1,100,Avx2,false
0,729,331,1,11306000,1,10,100000,0,0,,Cpu,Cpu:1,100,Avx2,false
0,730,4526,1,10760300,1,10,100000,0,0,,Cpu,Cpu:1,300,Avx2,false
0,731,2718,1,10862300,1,10,100000,0,0,,Cpu,Cpu:1,200,Avx2,false
0,732,2988,1,10643500,1,10,100000,0,0,,Cpu,Cpu:1,200,Avx2,false
0,733,2220,1,11257700,1,10,100000,0,0,,Cpu,Cpu:1,100,Avx2,false
0,734,486,1,10441600,1,10,100000,0,0,,Cpu,Cpu:1,300,Avx2,false
0,735,1013,1,10982300,1,10,100000,0,0,,Cpu,Cpu:1,0,Avx2,false
0,736,3545,1,11012700,1,10,100000,0,0,,Cpu,Cpu:1,200,Avx2,false
0,737,4849,1,10606400,1,10,100000,0,0,,Cpu,Cpu:1,200,Avx2,false
0,738,3469,1,10891800,1,10,100000,0,0,,Cpu,Cpu:1,100,Avx2,false
0,739,1506,1,10617100,1,10,100000,0,0,,Cpu,Cpu:1,0,Avx2,false
0,740,1948,1,11032800,1,10,100000,0,0,,Cpu,Cpu:1,0,Avx2,false
0,741,4408,1,10401100,1,10,100000,0,0,,Cpu,Cpu:1,100,Avx2,false
0,742,1080,1,11168800,1,10,100000,0,0,,Cpu,Cpu:1,100,Avx2,false
0,743,2821,1,10744500,1,10,100000,0,0,,Cpu,Cpu:1,100,Avx2,false
0,744,863,1,10619200,1,10,100000,0,0,,Cpu,Cpu:1,200,Avx2,false
0,745,3482,1,10933200,1,10,100000,0,0,,Cpu,Cpu:1,100,Avx2,false
0,746,3750,1,10598500,1,10,100000,0,0,,Cpu,Cpu:1,100,Avx2,false
0,747,836,1,10669100,1,10,100000,0,0,,Cpu,Cpu:1,100,Avx2,false
0,748,602,1,10662300,1,10,100000,0,0,,Cpu,Cpu:1,100,Avx2,false
0,749,1292,1,11035300,1,10,100000,0,0,,Cpu,Cpu:1,100,Avx2,false
0,750,2811,1,10440700,1,10,100000,0,0,,Cpu,Cpu:1,400,Avx2,false
0,751,4431,1,11175000,1,10,100000,0,0,,Cpu,Cpu:1,100,Avx2,false
0,752,1039,1,10769900,1,10,100000,0,0,,Cpu,Cpu:1,200,Avx2,false
0,753,1283,1,11184800,1,10,100000,0,0,,Cpu,Cpu:1,400,Avx2,false
0,754,1068,1,11049000,1,10,100000,0,0,,Cpu,Cpu:1,400,Avx2,false
0,755,1203,1,10828000,1,10,100000,0,0,,Cpu,Cpu:1,300,Avx2,false
0,756,3514,1,10978600,1,10,100000,0,0,,Cpu,Cpu:1,100,Avx2,false
0,757,4301,1,10686600,1,10,100000,0,0,,Cpu,Cpu:1,100,Avx2,false
0,758,2128,1,11283200,1,10,100000,0,0,,Cpu,Cpu:1,300,Avx2,false
0,759,1765,1,11061800,1,10,100000,0,0,,Cpu,Cpu:1,300,Avx2,false
0,760,1244,1,10730000,1,10,100000,0,0,,Cpu,Cpu:1,100,Avx2,false
0,761,1290,1,11036900,1,10,100000,0,0,,Cpu,Cpu:1,100,Avx2,false
0,762,3658,1,10682200,1,10,100000,0,0,,Cpu,Cpu:1,100,Avx2,false
0,763,4056,1,11447800,1,10,100000,0,0,,Cpu,Cpu:1,200,Avx2,false
0,764,3515,1,10783800,1,10,100000,0,0,,Cpu,Cpu:1,200,Avx2,false
0,765,4295,1,11006000,1,10,100000,0,0,,Cpu,Cpu:1,400,Avx2,false
0,766,814,1,11059000,1,10,100000,0,0,,Cpu,Cpu:1,200,Avx2,false
0,767,1128,1,10510300,1,10,100000,0,0,,Cpu,Cpu:1,300,Avx2,false
0,768,270,1,11116800,1,10,100000,0,0,,Cpu,Cpu:1,100,Avx2,false
0,769,4528,1,10540400,1,10,100000,0,0,,Cpu,Cpu:1,100,Avx2,false
0,770,3283,1,11053400,1,10,100000,0,0,,Cpu,Cpu:1,100,Avx2,false
0,771,3739,1,10665300,1,10,100000,0,0,,Cpu,Cpu:1,300,Avx2,false
0,772,1328,1,11622400,1,10,100000,0,0,,Cpu,Cpu:1,700,Avx2,false
0,773,417,1,11024200,1,10,100000,0,0,,Cpu,Cpu:1,300,Avx2,false
0,774,3066,1,10415300,1,10,100000,0,0,,Cpu,Cpu:1,300,Avx2,false
0,775,1434,1,11194300,1,10,100000,0,0,,Cpu,Cpu:1,200,Avx2,false
0,776,674,1,10531900,1,10,100000,0,0,,Cpu,Cpu:1,200,Avx2,false
0,777,2417,1,10741000,1,10,100000,0,0,,Cpu,Cpu:1,200,Avx2,false
0,778,4122,1,10351400,1,10,100000,0,0,,Cpu,Cpu:1,200,Avx2,false
0,779,1786,1,11232200,1,10,100000,0,0,,Cpu,Cpu:1,0,Avx2,false
0,780,1849,1,11064500,1,10,100000,0,0,,Cpu,Cpu:1,300,Avx2,false
0,781,1805,1,10510800,1,10,100000,0,0,,Cpu,Cpu:1,300,Avx2,false
0,782,1098,1,11048300,1,10,100000,0,0,,Cpu,Cpu:1,100,Avx2,false
0,783,1972,1,10589600,1,10,100000,0,0,,Cpu,Cpu:1,300,Avx2,false
0,784,2086,1,10674500,1,10,100000,0,0,,Cpu,Cpu:1,500,Avx2,false
0,785,1350,1,10615200,1,10,100000,0,0,,Cpu,Cpu:1,100,Avx2,false
0,786,1124,1,11617400,1,10,100000,0,0,,Cpu,Cpu:1,300,Avx2,false
0,787,1495,1,10945100,1,10,100000,0,0,,Cpu,Cpu:1,200,Avx2,false
0,788,2929,1,10861800,1,10,100000,0,0,,Cpu,Cpu:1,400,Avx2,false
0,789,4779,1,10907900,1,10,100000,0,0,,Cpu,Cpu:1,200,Avx2,false
0,790,2353,1,10623900,1,10,100000,0,0,,Cpu,Cpu:1,100,Avx2,false
0,791,1699,1,10981300,1,10,100000,0,0,,Cpu,Cpu:1,100,Avx2,false
0,792,4428,1,10402900,1,10,100000,0,0,,Cpu,Cpu:1,100,Avx2,false
0,793,1868,1,10909900,1,10,100000,0,0,,Cpu,Cpu:1,100,Avx2,false
0,794,427,1,10625000,1,10,100000,0,0,,Cpu,Cpu:1,200,Avx2,false
0,795,1240,1,11154400,1,10,100000,0,0,,Cpu,Cpu:1,300,Avx2,false
0,796,4459,1,11443900,1,10,100000,0,0,,Cpu,Cpu:1,200,Avx2,false
0,797,2794,1,10462300,1,10,100000,0,0,,Cpu,Cpu:1,300,Avx2,false
0,798,3022,1,11083000,1,10,100000,0,0,,Cpu,Cpu:1,100,Avx2,false
0,799,4002,1,10518300,1,10,100000,0,0,,Cpu,Cpu:1,200,Avx2,false
0,800,275,1,10985400,1,10,100000,0,0,,Cpu,Cpu:1,200,Avx2,false
0,801,4472,1,10982800,1,10,100000,0,0,,Cpu,Cpu:1,200,Avx2,false
0,802,3004,1,11292300,1,10,100000,0,0,,Cpu,Cpu:1,500,Avx2,false
0,803,1458,1,11022200,1,10,100000,0,0,,Cpu,Cpu:1,100,Avx2,false
0,804,4305,1,10722200,1,10,100000,0,0,,Cpu,Cpu:1,100,Avx2,false
0,805,937,1,11087600,1,10,100000,0,0,,Cpu,Cpu:1,200,Avx2,false
0,806,4131,1,10714400,1,10,100000,0,0,,Cpu,Cpu:1,100,Avx2,false
0,807,1421,1,11037100,1,10,100000,0,0,,Cpu,Cpu:1,100,Avx2,false
0,808,1424,1,10877700,1,10,100000,0,0,,Cpu,Cpu:1,300,Avx2,false
0,809,3338,1,10630900,1,10,100000,0,0,,Cpu,Cpu:1,200,Avx2,false
0,810,2132,1,10863100,1,10,100000,0,0,,Cpu,Cpu:1,300,Avx2,false
0,811,1554,1,10738300,1,10,100000,0,0,,Cpu,Cpu:1,100,Avx2,false
0,812,1220,1,10796900,1,10,100000,0,0,,Cpu,Cpu:1,300,Avx2,false
0,813,3737,1,10357200,1,10,100000,0,0,,Cpu,Cpu:1,400,Avx2,false
0,814,2386,1,11384200,1,10,100000,0,0,,Cpu,Cpu:1,100,Avx2,false
0,815,4154,1,11185600,1,10,100000,0,0,,Cpu,Cpu:1,100,Avx2,false
0,816,300,1,10456900,1,10,100000,0,0,,Cpu,Cpu:1,400,Avx2,false
0,817,971,1,10811400,1,10,100000,0,0,,Cpu,Cpu:1,200,Avx2,false
0,818,3244,1,10472200,1,10,100000,0,0,,Cpu,Cpu:1,300,Avx2,false
0,819,1618,1,11200500,1,10,100000,0,0,,Cpu,Cpu:1,100,Avx2,false
0,820,1251,1,10565200,1,10,100000,0,0,,Cpu,Cpu:1,200,Avx2,false
0,821,911,1,10713800,1,10,100000,0,0,,Cpu,Cpu:1,0,Avx2,false
0,822,4490,1,10536400,1,10,100000,0,0,,Cpu,Cpu:1,200,Avx2,false
0,823,1455,1,10892400,1,10,100000,0,0,,Cpu,Cpu:1,200,Avx2,false
0,824,678,1,10622100,1,10,100000,0,0,,Cpu,Cpu:1,200,Avx2,false
0,825,4450,1,11343700,1,10,100000,0,0,,Cpu,Cpu:1,200,Avx2,false
0,826,2838,1,10960100,1,10,100000,0,0,,Cpu,Cpu:1,200,Avx2,false
0,827,1783,1,10637000,1,10,100000,0,0,,Cpu,Cpu:1,300,Avx2,false
0,828,4565,1,10815500,1,10,100000,0,0,,Cpu,Cpu:1,200,Avx2,false
0,829,1363,1,10642100,1,10,100000,0,0,,Cpu,Cpu:1,100,Avx2,false
0,830,1146,1,11245400,1,10,100000,0,0,,Cpu,Cpu:1,100,Avx2,false
0,831,3548,1,10683600,1,10,100000,0,0,,Cpu,Cpu:1,300,Avx2,false
0,832,3745,1,10746400,1,10,100000,0,0,,Cpu,Cpu:1,200,Avx2,false
0,833,517,1,11245600,1,10,100000,0,0,,Cpu,Cpu:1,100,Avx2,false
0,834,931,1,10476300,1,10,100000,0,0,,Cpu,Cpu:1,300,Avx2,false
0,835,2203,1,11115900,1,10,100000,0,0,,Cpu,Cpu:1,400,Avx2,false
0,836,4816,1,10454600,1,10,100000,0,0,,Cpu,Cpu:1,400,Avx2,false
0,837,4848,1,10819100,1,10,100000,0,0,,Cpu,Cpu:1,100,Avx2,false
0,838,940,1,10596400,1,10,100000,0,0,,Cpu,Cpu:1,100,Avx2,false
0,839,4920,1,10932200,1,10,100000,0,0,,Cpu,Cpu:1,100,Avx2,false
0,840,219,1,10856800,1,10,100000,0,0,,Cpu,Cpu:1,500,Avx2,false
0,841,1733,1,10741400,1,10,100000,0,0,,Cpu,Cpu:1,300,Avx2,false
0,842,4372,1,11073800,1,10,100000,0,0,,Cpu,Cpu:1,0,Avx2,false
0,843,3260,1,10439800,1,10,100000,0,0,,Cpu,Cpu:1,100,Avx2,false
0,844,4329,1,10982900,1,10,100000,0,0,,Cpu,Cpu:1,100,Avx2,false
0,845,1846,1,10641300,1,10,100000,0,0,,Cpu,Cpu:1,100,Avx2,false
0,846,1096,1,10985800,1,10,100000,0,0,,Cpu,Cpu:1,200,Avx2,false
0,847,2470,1,10426100,1,10,100000,0,0,,Cpu,Cpu:1,100,Avx2,false
0,848,1650,1,10891600,1,10,100000,0,0,,Cpu,Cpu:1,100,Avx2,false
0,849,1729,1,11139300,1,10,100000,0,0,,Cpu,Cpu:1,100,Avx2,false
0,850,1412,1,11426300,1,10,100000,0,0,,Cpu,Cpu:1,300,Avx2,false
0,851,3598,1,11483300,1,10,100000,0,0,,Cpu,Cpu:1,200,Avx2,false
0,852,1294,1,10385000,1,10,100000,0,0,,Cpu,Cpu:1,500,Avx2,false
0,853,839,1,10686600,1,10,100000,0,0,,Cpu,Cpu:1,100,Avx2,false
0,854,306,1,10427400,1,10,100000,0,0,,Cpu,Cpu:1,100,Avx2,false
0,855,870,1,10956700,1,10,100000,0,0,,Cpu,Cpu:1,200,Avx2,false
0,856,2252,1,10769500,1,10,100000,0,0,,Cpu,Cpu:1,100,Avx2,false
0,857,1202,1,10797600,1,10,100000,0,0,,Cpu,Cpu:1,400,Avx2,false
0,858,3820,1,11268100,1,10,100000,0,0,,Cpu,Cpu:1,300,Avx2,false
0,859,1692,1,10647200,1,10,100000,0,0,,Cpu,Cpu:1,300,Avx2,false
0,860,2546,1,10807400,1,10,100000,0,0,,Cpu,Cpu:1,300,Avx2,false
0,861,3566,1,10559800,1,10,100000,0,0,,Cpu,Cpu:1,200,Avx2,false
0,862,4711,1,11013000,1,10,100000,0,0,,Cpu,Cpu:1,200,Avx2,false
0,863,1212,1,10609500,1,10,100000,0,0,,Cpu,Cpu:1,200,Avx2,false
0,864,1864,1,10922100,1,10,100000,0,0,,Cpu,Cpu:1,200,Avx2,false
0,865,2892,1,11156500,1,10,100000,0,0,,Cpu,Cpu:1,100,Avx2,false
0,866,619,1,10433500,1,10,100000,0,0,,Cpu,Cpu:1,100,Avx2,false
0,867,4359,1,11612400,1,10,100000,0,0,,Cpu,Cpu:1,100,Avx2,false
0,868,396,1,10634400,1,10,100000,0,0,,Cpu,Cpu:1,100,Avx2,false
0,869,2696,1,11141300,1,10,100000,0,0,,Cpu,Cpu:1,200,Avx2,false
0,870,1471,1,11015700,1,10,100000,0,0,,Cpu,Cpu:1,100,Avx2,false
0,871,4896,1,10599100,1,10,100000,0,0,,Cpu,Cpu:1,100,Avx2,false
0,872,1928,1,10830500,1,10,100000,0,0,,Cpu,Cpu:1,0,Avx2,false
0,873,1312,1,10252500,1,10,100000,0,0,,Cpu,Cpu:1,100,Avx2,false
0,874,1698,1,11016200,1,10,100000,0,0,,Cpu,Cpu:1,200,Avx2,false
0,875,165,1,10858100,1,10,100000,0,0,,Cpu,Cpu:1,100,Avx2,false
0,876,4393,1,11304100,1,10,100000,0,0,,Cpu,Cpu:1,100,Avx2,false
0,877,775,1,11646700,1,10,100000,0,0,,Cpu,Cpu:1,300,Avx2,false
0,878,543,1,10828400,1,10,100000,0,0,,Cpu,Cpu:1,200,Avx2,false
0,879,4400,1,11882000,1,10,100000,0,0,,Cpu,Cpu:1,400,Avx2,false
0,880,1501,1,10919500,1,10,100000,0,0,,Cpu,Cpu:1,200,Avx2,false
0,881,2443,1,11282300,1,10,100000,0,0,,Cpu,Cpu:1,300,Avx2,false
0,882,476,1,11508100,1,10,100000,0,0,,Cpu,Cpu:1,200,Avx2,false
0,883,909,1,13302200,1,10,100000,0,0,,Cpu,Cpu:1,200,Avx2,false
0,884,1782,1,10725100,1,10,100000,0,0,,Cpu,Cpu:1,400,Avx2,false
0,885,3868,1,11151600,1,10,100000,0,0,,Cpu,Cpu:1,400,Avx2,false
0,886,950,1,10534100,1,10,100000,0,0,,Cpu,Cpu:1,300,Avx2,false
0,887,1555,1,10705800,1,10,100000,0,0,,Cpu,Cpu:1,400,Avx2,false
0,888,1638,1,10929000,1,10,100000,0,0,,Cpu,Cpu:1,100,Avx2,false
0,889,4915,1,10894900,1,10,100000,0,0,,Cpu,Cpu:1,300,Avx2,false
0,890,3518,1,10876100,1,10,100000,0,0,,Cpu,Cpu:1,100,Avx2,false
0,891,947,1,10493100,1,10,100000,0,0,,Cpu,Cpu:1,100,Avx2,false
0,892,2260,1,11693700,1,10,100000,0,0,,Cpu,Cpu:1,100,Avx2,false
0,893,79,1,11661700,1,10,100000,0,0,,Cpu,Cpu:1,100,Avx2,false
0,894,528,1,10776900,1,10,100000,0,0,,Cpu,Cpu:1,100,Avx2,false
0,895,3174,1,10881500,1,10,100000,0,0,,Cpu,Cpu:1,100,Avx2,false
0,896,18,1,10908300,1,10,100000,0,0,,Cpu,Cpu:1,100,Avx2,false
0,897,533,1,11096000,1,10,100000,0,0,,Cpu,Cpu:1,200,Avx2,false
0,898,3400,1,10537500,1,10,100000,0,0,,Cpu,Cpu:1,200,Avx2,false
0,899,4733,1,10940700,1,10,100000,0,0,,Cpu,Cpu:1,200,Avx2,false
0,900,266,1,11025700,1,10,100000,0,0,,Cpu,Cpu:1,400,Avx2,false
0,901,3229,1,10541100,1,10,100000,0,0,,Cpu,Cpu:1,400,Avx2,false
0,902,138,1,10769200,1,10,100000,0,0,,Cpu,Cpu:1,200,Avx2,false
0,903,2168,1,10637700,1,10,100000,0,0,,Cpu,Cpu:1,100,Avx2,false
0,904,240,1,10766400,1,10,100000,0,0,,Cpu,Cpu:1,300,Avx2,false
0,905,986,1,10567500,1,10,100000,0,0,,Cpu,Cpu:1,300,Avx2,false
0,906,676,1,10915400,1,10,100000,0,0,,Cpu,Cpu:1,300,Avx2,false
0,907,2562,1,10251400,1,10,100000,0,0,,Cpu,Cpu:1,200,Avx2,false
0,908,4000,1,10993900,1,10,100000,0,0,,Cpu,Cpu:1,0,Avx2,false
0,909,2053,1,10690200,1,10,100000,0,0,,Cpu,Cpu:1,200,Avx2,false
0,910,3771,1,10896800,1,10,100000,0,0,,Cpu,Cpu:1,400,Avx2,false
0,911,4423,1,10774600,1,10,100000,0,0,,Cpu,Cpu:1,100,Avx2,false
0,912,2043,1,10796400,1,10,100000,0,0,,Cpu,Cpu:1,200,Avx2,false
0,913,4252,1,11033300,1,10,100000,0,0,,Cpu,Cpu:1,200,Avx2,false
0,914,1792,1,10822600,1,10,100000,0,0,,Cpu,Cpu:1,200,Avx2,false
0,915,69,1,10765700,1,10,100000,0,0,,Cpu,Cpu:1,200,Avx2,false
0,916,3546,1,10438600,1,10,100000,0,0,,Cpu,Cpu:1,200,Avx2,false
0,917,875,1,11060800,1,10,100000,0,0,,Cpu,Cpu:1,400,Avx2,false
0,918,4128,1,10988400,1,10,100000,0,0,,Cpu,Cpu:1,200,Avx2,false
0,919,3121,1,10560000,1,10,100000,0,0,,Cpu,Cpu:1,300,Avx2,false
0,920,572,1,10911700,1,10,100000,0,0,,Cpu,Cpu:1,200,Avx2,false
0,921,3386,1,10794300,1,10,100000,0,0,,Cpu,Cpu:1,200,Avx2,false
0,922,1470,1,11038100,1,10,100000,0,0,,Cpu,Cpu:1,200,Avx2,false
0,923,2278,1,10334000,1,10,100000,0,0,,Cpu,Cpu:1,400,Avx2,false
0,924,4100,1,10791200,1,10,100000,0,0,,Cpu,Cpu:1,0,Avx2,false
0,925,2118,1,10601900,1,10,100000,0,0,,Cpu,Cpu:1,100,Avx2,false
0,926,1367,1,10812000,1,10,100000,0,0,,Cpu,Cpu:1,300,Avx2,false
0,927,4778,1,10807200,1,10,100000,0,0,,Cpu,Cpu:1,200,Avx2,false
0,928,3468,1,11008500,1,10,100000,0,0,,Cpu,Cpu:1,100,Avx2,false
0,929,1784,1,11062900,1,10,100000,0,0,,Cpu,Cpu:1,100,Avx2,false
0,930,359,1,10661600,1,10,100000,0,0,,Cpu,Cpu:1,200,Avx2,false
0,931,2654,1,11237900,1,10,100000,0,0,,Cpu,Cpu:1,200,Avx2,false
0,932,515,1,10613200,1,10,100000,0,0,,Cpu,Cpu:1,200,Avx2,false
0,933,2238,1,10952800,1,10,100000,0,0,,Cpu,Cpu:1,200,Avx2,false
0,934,3286,1,10676300,1,10,100000,0,0,,Cpu,Cpu:1,100,Avx2,false
0,935,2162,1,10927700,1,10,100000,0,0,,Cpu,Cpu:1,400,Avx2,false
0,936,4470,1,10877700,1,10,100000,0,0,,Cpu,Cpu:1,100,Avx2,false
0,937,2235,1,10611900,1,10,100000,0,0,,Cpu,Cpu:1,100,Avx2,false
0,938,210,1,11100600,1,10,100000,0,0,,Cpu,Cpu:1,100,Avx2,false
0,939,3061,1,10397600,1,10,100000,0,0,,Cpu,Cpu:1,0,Avx2,false
0,940,3906,1,11835400,1,10,100000,0,0,,Cpu,Cpu:1,200,Avx2,false
0,941,2190,1,11328500,1,10,100000,0,0,,Cpu,Cpu:1,200,Avx2,false
0,942,991,1,11124300,1,10,100000,0,0,,Cpu,Cpu:1,200,Avx2,false
0,943,2188,1,11559300,1,10,100000,0,0,,Cpu,Cpu:1,300,Avx2,false
0,944,634,1,11227800,1,10,100000,0,0,,Cpu,Cpu:1,200,Avx2,false
0,945,105,1,11206600,1,10,100000,0,0,,Cpu,Cpu:1,600,Avx2,false
0,946,400,1,13041100,1,10,100000,0,0,,Cpu,Cpu:1,200,Avx2,false
0,947,2989,1,11370500,1,10,100000,0,0,,Cpu,Cpu:1,200,Avx2,false
0,948,4798,1,10701000,1,10,100000,0,0,,Cpu,Cpu:1,400,Avx2,false
0,949,2420,1,10955500,1,10,100000,0,0,,Cpu,Cpu:1,400,Avx2,false
0,950,2264,1,10585900,1,10,100000,0,0,,Cpu,Cpu:1,300,Avx2,false
0,951,1050,1,11037700,1,10,100000,0,0,,Cpu,Cpu:1,200,Avx2,false
0,952,3054,1,10585900,1,10,100000,0,0,,Cpu,Cpu:1,100,Avx2,false
0,953,2047,1,10977100,1,10,100000,0,0,,Cpu,Cpu:1,200,Avx2,false
0,954,1254,1,11008900,1,10,100000,0,0,,Cpu,Cpu:1,100,Avx2,false
0,955,3311,1,10566800,1,10,100000,0,0,,Cpu,Cpu:1,200,Avx2,false
0,956,3016,1,11217900,1,10,100000,0,0,,Cpu,Cpu:1,100,Avx2,false
0,957,949,1,10598400,1,10,100000,0,0,,Cpu,Cpu:1,200,Avx2,false
0,958,3000,1,11052700,1,10,100000,0,0,,Cpu,Cpu:1,300,Avx2,false
0,959,1100,1,10599600,1,10,100000,0,0,,Cpu,Cpu:1,200,Avx2,false
0,960,798,1,10884600,1,10,100000,0,0,,Cpu,Cpu:1,200,Avx2,false
0,961,907,1,12176500,1,10,100000,0,0,,Cpu,Cpu:1,200,Avx2,false
0,962,532,1,10689600,1,10,100000,0,0,,Cpu,Cpu:1,300,Avx2,false
0,963,1338,1,10882100,1,10,100000,0,0,,Cpu,Cpu:1,200,Avx2,false
0,964,388,1,10337400,1,10,100000,0,0,,Cpu,Cpu:1,100,Avx2,false
0,965,1832,1,11181100,1,10,100000,0,0,,Cpu,Cpu:1,100,Avx2,false
0,966,3318,1,10608600,1,10,100000,0,0,,Cpu,Cpu:1,200,Avx2,false
0,967,2066,1,10962600,1,10,100000,0,0,,Cpu,Cpu:1,200,Avx2,false
0,968,4842,1,11310700,1,10,100000,0,0,,Cpu,Cpu:1,300,Avx2,false
0,969,3098,1,10581300,1,10,100000,0,0,,Cpu,Cpu:1,200,Avx2,false
0,970,2754,1,10914600,1,10,100000,0,0,,Cpu,Cpu:1,100,Avx2,false
0,971,4971,1,10731100,1,10,100000,0,0,,Cpu,Cpu:1,300,Avx2,false
0,972,1843,1,11012000,1,10,100000,0,0,,Cpu,Cpu:1,100,Avx2,false
0,973,405,1,10586100,1,10,100000,0,0,,Cpu,Cpu:1,100,Avx2,false
0,974,340,1,11336200,1,10,100000,0,0,,Cpu,Cpu:1,100,Avx2,false
0,975,1820,1,11097600,1,10,100000,0,0,,Cpu,Cpu:1,200,Avx2,false
0,976,4114,1,10602700,1,10,100000,0,0,,Cpu,Cpu:1,300,Avx2,false
0,977,3107,1,11099100,1,10,100000,0,0,,Cpu,Cpu:1,0,Avx2,false
0,978,1475,1,10487300,1,10,100000,0,0,,Cpu,Cpu:1,0,Avx2,false
0,979,1773,1,10982700,1,10,100000,0,0,,Cpu,Cpu:1,0,Avx2,false
0,980,4540,1,10473300,1,10,100000,0,0,,Cpu,Cpu:1,300,Avx2,false
0,981,2304,1,11381400,1,10,100000,0,0,,Cpu,Cpu:1,200,Avx2,false
0,982,110,1,11519900,1,10,100000,0,0,,Cpu,Cpu:1,200,Avx2,false
0,983,1295,1,10651200,1,10,100000,0,0,,Cpu,Cpu:1,600,Avx2,false
0,984,1482,1,11537500,1,10,100000,0,0,,Cpu,Cpu:1,200,Avx2,false
0,985,1822,1,11355500,1,10,100000,0,0,,Cpu,Cpu:1,200,Avx2,false
0,986,1677,1,10879500,1,10,100000,0,0,,Cpu,Cpu:1,300,Avx2,false
0,987,1811,1,11085800,1,10,100000,0,0,,Cpu,Cpu:1,300,Avx2,false
0,988,2,1,10938300,1,10,100000,0,0,,Cpu,Cpu:1,0,Avx2,false
0,989,1063,1,11108000,1,10,100000,0,0,,Cpu,Cpu:1,100,Avx2,false
0,990,1242,1,10415100,1,10,100000,0,0,,Cpu,Cpu:1,100,Avx2,false
0,991,1474,1,11316000,1,10,100000,0,0,,Cpu,Cpu:1,200,Avx2,false
0,992,2984,1,11110100,1,10,100000,0,0,,Cpu,Cpu:1,200,Avx2,false
0,993,4620,1,10527700,1,10,100000,0,0,,Cpu,Cpu:1,200,Avx2,false
0,994,2781,1,10911800,1,10,100000,0,0,,Cpu,Cpu:1,100,Avx2,false
0,995,4224,1,10594200,1,10,100000,0,0,,Cpu,Cpu:1,100,Avx2,false
0,996,1726,1,11350700,1,10,100000,0,0,,Cpu,Cpu:1,100,Avx2,false
0,997,3204,1,10646000,1,10,100000,0,0,,Cpu,Cpu:1,200,Avx2,false
0,998,684,1,10776100,1,10,100000,0,0,,Cpu,Cpu:1,500,Avx2,false
0,999,4270,1,11109500,1,10,100000,0,0,,Cpu,Cpu:1,300,Avx2,false
0,1000,1208,1,10624900,1,10,100000,0,0,,Cpu,Cpu:1,500,Avx2,false
0,1001,891,1,10818100,1,10,100000,0,0,,Cpu,Cpu:1,200,Avx2,false
0,1002,551,1,10521500,1,10,100000,0,0,,Cpu,Cpu:1,100,Avx2,false
0,1003,2502,1,11129700,1,10,100000,0,0,,Cpu,Cpu:1,100,Avx2,false
0,1004,1592,1,10419900,1,10,100000,0,0,,Cpu,Cpu:1,100,Avx2,false
0,1005,2767,1,10953200,1,10,100000,0,0,,Cpu,Cpu:1,200,Avx2,false
0,1006,1079,1,10613700,1,10,100000,0,0,,Cpu,Cpu:1,100,Avx2,false
0,1007,4361,1,10987800,1,10,100000,0,0,,Cpu,Cpu:1,100,Avx2,false
0,1008,4914,1,11550200,1,10,100000,0,0,,Cpu,Cpu:1,100,Avx2,false
0,1009,4963,1,10916400,1,10,100000,0,0,,Cpu,Cpu:1,100,Avx2,false
0,1010,1067,1,10725700,1,10,100000,0,0,,Cpu,Cpu:1,300,Avx2,false
0,1011,2632,1,10925300,1,10,100000,0,0,,Cpu,Cpu:1,100,Avx2,false
0,1012,3706,1,11000400,1,10,100000,0,0,,Cpu,Cpu:1,100,Avx2,false
0,1013,799,1,10554200,1,10,100000,0,0,,Cpu,Cpu:1,400,Avx2,false
0,1014,806,1,11119400,1,10,100000,0,0,,Cpu,Cpu:1,200,Avx2,false
0,1015,353,1,11160800,1,10,100000,0,0,,Cpu,Cpu:1,200,Avx2,false
0,1016,2950,1,10412400,1,10,100000,0,0,,Cpu,Cpu:1,200,Avx2,false
0,1017,1183,1,10772000,1,10,100000,0,0,,Cpu,Cpu:1,200,Avx2,false
0,1018,4672,1,10378800,1,10,100000,0,0,,Cpu,Cpu:1,200,Avx2,false
0,1019,3829,1,11000200,1,10,100000,0,0,,Cpu,Cpu:1,300,Avx2,false
0,1020,40,1,10298000,1,10,100000,0,0,,Cpu,Cpu:1,200,Avx2,false
0,1021,3118,1,10925700,1,10,100000,0,0,,Cpu,Cpu:1,200,Avx2,false
0,1022,1988,1,10738700,1,10,100000,0,0,,Cpu,Cpu:1,200,Avx2,false
0,1023,1215,1,10961000,1,10,100000,0,0,,Cpu,Cpu:1,300,Avx2,false
0,1024,1426,1,10978600,1,10,100000,0,0,,Cpu,Cpu:1,300,Avx2,false
0,1025,1059,1,10564700,1,10,100000,0,0,,Cpu,Cpu:1,100,Avx2,false
0,1026,106,1,10937400,1,10,100000,0,0,,Cpu,Cpu:1,100,Avx2,false
0,1027,2448,1,10400700,1,10,100000,0,0,,Cpu,Cpu:1,300,Avx2,false
0,1028,1754,1,11094400,1,10,100000,0,0,,Cpu,Cpu:1,200,Avx2,false
0,1029,4633,1,10416400,1,10,100000,0,0,,Cpu,Cpu:1,200,Avx2,false
0,1030,3540,1,11362700,1,10,100000,0,0,,Cpu,Cpu:1,300,Avx2,false
0,1031,1163,1,11138300,1,10,100000,0,0,,Cpu,Cpu:1,100,Avx2,false
0,1032,1752,1,10255500,1,10,100000,0,0,,Cpu,Cpu:1,300,Avx2,false
0,1033,1908,1,10805400,1,10,100000,0,0,,Cpu,Cpu:1,100,Avx2,false
0,1034,780,1,10937400,1,10,100000,0,0,,Cpu,Cpu:1,100,Avx2,false
0,1035,3497,1,11029700,1,10,100000,0,0,,Cpu,Cpu:1,300,Avx2,false
0,1036,4282,1,10581100,1,10,100000,0,0,,Cpu,Cpu:1,400,Avx2,false
0,1037,2913,1,11082300,1,10,100000,0,0,,Cpu,Cpu:1,200,Avx2,false
0,1038,2438,1,10976900,1,10,100000,0,0,,Cpu,Cpu:1,300,Avx2,false
0,1039,4262,1,10553600,1,10,100000,0,0,,Cpu,Cpu:1,500,Avx2,false
0,1040,2460,1,11066900,1,10,100000,0,0,,Cpu,Cpu:1,100,Avx2,false
0,1041,1019,1,10521000,1,10,100000,0,0,,Cpu,Cpu:1,300,Avx2,false
0,1042,35,1,11050200,1,10,100000,0,0,,Cpu,Cpu:1,300,Avx2,false
0,1043,2776,1,10936700,1,10,100000,0,0,,Cpu,Cpu:1,400,Avx2,false
0,1044,3342,1,11226800,1,10,100000,0,0,,Cpu,Cpu:1,200,Avx2,false
0,1045,3323,1,11224900,1,10,100000,0,0,,Cpu,Cpu:1,400,Avx2,false
0,1046,519,1,10618900,1,10,100000,0,0,,Cpu,Cpu:1,500,Avx2,false
0,1047,2594,1,10866000,1,10,100000,0,0,,Cpu,Cpu:1,100,Avx2,false
0,1048,4054,1,10367700,1,10,100000,0,0,,Cpu,Cpu:1,100,Avx2,false
0,1049,3550,1,10830600,1,10,100000,0,0,,Cpu,Cpu:1,100,Avx2,false
0,1050,1323,1,10388300,1,10,100000,0,0,,Cpu,Cpu:1,200,Avx2,false
0,1051,93,1,10853500,1,10,100000,0,0,,Cpu,Cpu:1,100,Avx2,false
0,1052,4352,1,10239100,1,10,100000,0,0,,Cpu,Cpu:1,100,Avx2,false
0,1053,3623,1,10884400,1,10,100000,0,0,,Cpu,Cpu:1,200,Avx2,false
0,1054,4758,1,10665100,1,10,100000,0,0,,Cpu,Cpu:1,100,Avx2,false
0,1055,3884,1,10874000,1,10,100000,0,0,,Cpu,Cpu:1,200,Avx2,false
0,1056,2010,1,12203800,1,10,100000,0,0,,Cpu,Cpu:1,200,Avx2,false
0,1057,2488,1,10673300,1,10,100000,0,0,,Cpu,Cpu:1,400,Avx2,false
0,1058,3790,1,11068400,1,10,100000,0,0,,Cpu,Cpu:1,100,Avx2,false
0,1059,3355,1,10504700,1,10,100000,0,0,,Cpu,Cpu:1,200,Avx2,false
0,1060,1400,1,11054700,1,10,100000,0,0,,Cpu,Cpu:1,300,Avx2,false
0,1061,3971,1,10710900,1,10,100000,0,0,,Cpu,Cpu:1,100,Avx2,false
0,1062,4496,1,10509000,1,10,100000,0,0,,Cpu,Cpu:1,100,Avx2,false
0,1063,3678,1,11170900,1,10,100000,0,0,,Cpu,Cpu:1,100,Avx2,false
0,1064,4204,1,10605800,1,10,100000,0,0,,Cpu,Cpu:1,200,Avx2,false
0,1065,615,1,10913200,1,10,100000,0,0,,Cpu,Cpu:1,200,Avx2,false
0,1066,3406,1,10460100,1,10,100000,0,0,,Cpu,Cpu:1,200,Avx2,false
0,1067,3589,1,10772200,1,10,100000,0,0,,Cpu,Cpu:1,100,Avx2,false
0,1068,1159,1,10301500,1,10,100000,0,0,,Cpu,Cpu:1,100,Avx2,false
0,1069,1740,1,10938800,1,10,100000,0,0,,Cpu,Cpu:1,100,Avx2,false
0,1070,1884,1,10655700,1,10,100000,0,0,,Cpu,Cpu:1,100,Avx2,false
0,1071,1895,1,11088200,1,10,100000,0,0,,Cpu,Cpu:1,100,Avx2,false
0,1072,6,1,11254800,1,10,100000,0,0,,Cpu,Cpu:1,300,Avx2,false
0,1073,1187,1,10461800,1,10,100000,0,0,,Cpu,Cpu:1,300,Avx2,false
0,1074,453,1,10716500,1,10,100000,0,0,,Cpu,Cpu:1,200,Avx2,false
0,1075,4410,1,10509600,1,10,100000,0,0,,Cpu,Cpu:1,200,Avx2,false
0,1076,2682,1,10996000,1,10,100000,0,0,,Cpu,Cpu:1,100,Avx2,false
0,1077,111,1,10705300,1,10,100000,0,0,,Cpu,Cpu:1,100,Avx2,false
0,1078,972,1,10814300,1,10,100000,0,0,,Cpu,Cpu:1,100,Avx2,false
0,1079,2328,1,10697300,1,10,100000,0,0,,Cpu,Cpu:1,100,Avx2,false
0,1080,964,1,10846600,1,10,100000,0,0,,Cpu,Cpu:1,100,Avx2,false
0,1081,3264,1,11070100,1,10,100000,0,0,,Cpu,Cpu:1,100,Avx2,false
0,1082,1512,1,10616900,1,10,100000,0,0,,Cpu,Cpu:1,200,Avx2,false
0,1083,2296,1,10973400,1,10,100000,0,0,,Cpu,Cpu:1,300,Avx2,false
0,1084,3843,1,10554100,1,10,100000,0,0,,Cpu,Cpu:1,400,Avx2,false
0,1085,2660,1,11172400,1,10,100000,0,0,,Cpu,Cpu:1,300,Avx2,false
0,1086,4457,1,10394800,1,10,100000,0,0,,Cpu,Cpu:1,100,Avx2,false
0,1087,1287,1,10885200,1,10,100000,0,0,,Cpu,Cpu:1,300,Avx2,false
0,1088,2387,1,10857500,1,10,100000,0,0,,Cpu,Cpu:1,400,Avx2,false
0,1089,1771,1,10978200,1,10,100000,0,0,,Cpu,Cpu:1,700,Avx2,false
0,1090,1095,1,11408200,1,10,100000,0,0,,Cpu,Cpu:1,200,Avx2,false
0,1091,4265,1,10249100,1,10,100000,0,0,,Cpu,Cpu:1,300,Avx2,false
0,1092,750,1,11043200,1,10,100000,0,0,,Cpu,Cpu:1,100,Avx2,false
0,1093,83,1,10320500,1,10,100000,0,0,,Cpu,Cpu:1,400,Avx2,false
0,1094,4597,1,10697900,1,10,100000,0,0,,Cpu,Cpu:1,300,Avx2,false
0,1095,4998,1,10395100,1,10,100000,0,0,,Cpu,Cpu:1,300,Avx2,false
0,1096,488,1,10966200,1,10,100000,0,0,,Cpu,Cpu:1,200,Avx2,false
0,1097,3262,1,10482100,1,10,100000,0,0,,Cpu,Cpu:1,200,Avx2,false
0,1098,1028,1,10647500,1,10,100000,0,0,,Cpu,Cpu:1,400,Avx2,false
0,1099,1223,1,10877600,1,10,100000,0,0,,Cpu,Cpu:1,300,Avx2,false
0,1100,3329,1,10619100,1,10,100000,0,0,,Cpu,Cpu:1,100,Avx2,false
0,1101,1372,1,10830500,1,10,100000,0,0,,Cpu,Cpu:1,100,Avx2,false
0,1102,1258,1,10679500,1,10,100000,0,0,,Cpu,Cpu:1,100,Avx2,false
0,1103,4013,1,10936100,1,10,100000,0,0,,Cpu,Cpu:1,200,Avx2,false
0,1104,3387,1,11032900,1,10,100000,0,0,,Cpu,Cpu:1,400,Avx2,false
0,1105,4465,1,11109200,1,10,100000,0,0,,Cpu,Cpu:1,200,Avx2,false
0,1106,2680,1,11036600,1,10,100000,0,0,,Cpu,Cpu:1,300,Avx2,false
0,1107,3998,1,10532200,1,10,100000,0,0,,Cpu,Cpu:1,200,Avx2,false
0,1108,2908,1,11134300,1,10,100000,0,0,,Cpu,Cpu:1,100,Avx2,false
0,1109,3590,1,10620800,1,10,100000,0,0,,Cpu,Cpu:1,300,Avx2,false
0,1110,1468,1,10887900,1,10,100000,0,0,,Cpu,Cpu:1,500,Avx2,false
0,1111,1882,1,10547000,1,10,100000,0,0,,Cpu,Cpu:1,200,Avx2,false
0,1112,3187,1,10720300,1,10,100000,0,0,,Cpu,Cpu:1,200,Avx2,false
0,1113,2060,1,10265400,1,10,100000,0,0,,Cpu,Cpu:1,200,Avx2,false
0,1114,104,1,10789700,1,10,100000,0,0,,Cpu,Cpu:1,0,Avx2,false
0,1115,3692,1,10770400,1,10,100000,0,0,,Cpu,Cpu:1,200,Avx2,false
0,1116,3416,1,10615300,1,10,100000,0,0,,Cpu,Cpu:1,500,Avx2,false
0,1117,1731,1,10625700,1,10,100000,0,0,,Cpu,Cpu:1,100,Avx2,false
0,1118,90,1,10670600,1,10,100000,0,0,,Cpu,Cpu:1,200,Avx2,false
0,1119,2600,1,11008100,1,10,100000,0,0,,Cpu,Cpu:1,300,Avx2,false
0,1120,2046,1,10323500,1,10,100000,0,0,,Cpu,Cpu:1,200,Avx2,false
0,1121,4529,1,10709500,1,10,100000,0,0,,Cpu,Cpu:1,100,Avx2,false
0,1122,2637,1,10361800,1,10,100000,0,0,,Cpu,Cpu:1,100,Avx2,false
0,1123,2800,1,10914400,1,10,100000,0,0,,Cpu,Cpu:1,100,Avx2,false
0,1124,4200,1,10528900,1,10,100000,0,0,,Cpu,Cpu:1,200,Avx2,false
0,1125,2884,1,10881200,1,10,100000,0,0,,Cpu,Cpu:1,200,Avx2,false
0,1126,4120,1,10306200,1,10,100000,0,0,,Cpu,Cpu:1,200,Avx2,false
0,1127,2887,1,10998800,1,10,100000,0,0,,Cpu,Cpu:1,100,Avx2,false
0,1128,4850,1,10650200,1,10,100000,0,0,,Cpu,Cpu:1,100,Avx2,false
0,1129,1370,1,10604600,1,10,100000,0,0,,Cpu,Cpu:1,200,Avx2,false
0,1130,3616,1,10722000,1,10,100000,0,0,,Cpu,Cpu:1,300,Avx2,false
0,1131,2222,1,10611700,1,10,100000,0,0,,Cpu,Cpu:1,300,Avx2,false
0,1132,2210,1,11003500,1,10,100000,0,0,,Cpu,Cpu:1,200,Avx2,false
0,1133,1148,1,10676400,1,10,100000,0,0,,Cpu,Cpu:1,200,Avx2,false
0,1134,2515,1,11439200,1,10,100000,0,0,,Cpu,Cpu:1,100,Avx2,false
0,1135,1466,1,11206400,1,10,100000,0,0,,Cpu,Cpu:1,200,Avx2,false
0,1136,122,1,10601800,1,10,100000,0,0,,Cpu,Cpu:1,500,Avx2,false
0,1137,3670,1,10812800,1,10,100000,0,0,,Cpu,Cpu:1,200,Avx2,false
0,1138,3836,1,10472600,1,10,100000,0,0,,Cpu,Cpu:1,500,Avx2,false
0,1139,4233,1,10793100,1,10,100000,0,0,,Cpu,Cpu:1,300,Avx2,false
0,1140,42,1,10622400,1,10,100000,0,0,,Cpu,Cpu:1,200,Avx2,false
0,1141,4533,1,10913800,1,10,100000,0,0,,Cpu,Cpu:1,100,Avx2,false
0,1142,1429,1,10468000,1,10,100000,0,0,,Cpu,Cpu:1,100,Avx2,false
0,1143,1227,1,10943600,1,10,100000,0,0,,Cpu,Cpu:1,100,Avx2,false
0,1144,4475,1,10534500,1,10,100000,0,0,,Cpu,Cpu:1,0,Avx2,false
0,1145,1565,1,10915800,1,10,100000,0,0,,Cpu,Cpu:1,100,Avx2,false
0,1146,0,1,10772100,1,10,100000,0,0,,Cpu,Cpu:1,200,Avx2,false
0,1147,4509,1,10788600,1,10,100000,0,0,,Cpu,Cpu:1,100,Avx2,false
0,1148,2845,1,10772300,1,10,100000,0,0,,Cpu,Cpu:1,300,Avx2,false
0,1149,2708,1,10714200,1,10,100000,0,0,,Cpu,Cpu:1,200,Avx2,false
0,1150,822,1,10870600,1,10,100000,0,0,,Cpu,Cpu:1,300,Avx2,false
0,1151,1423,1,10412500,1,10,100000,0,0,,Cpu,Cpu:1,100,Avx2,false
0,1152,480,1,11561600,1,10,100000,0,0,,Cpu,Cpu:1,100,Avx2,false
0,1153,4384,1,10790300,1,10,100000,0,0,,Cpu,Cpu:1,200,Avx2,false
0,1154,1156,1,11148900,1,10,100000,0,0,,Cpu,Cpu:1,500,Avx2,false
0,1155,2835,1,11064600,1,10,100000,0,0,,Cpu,Cpu:1,300,Avx2,false
0,1156,3572,1,10682300,1,10,100000,0,0,,Cpu,Cpu:1,400,Avx2,false
0,1157,4984,1,10912300,1,10,100000,0,0,,Cpu,Cpu:1,200,Avx2,false
0,1158,1178,1,10377900,1,10,100000,0,0,,Cpu,Cpu:1,200,Avx2,false
0,1159,1317,1,11033700,1,10,100000,0,0,,Cpu,Cpu:1,100,Avx2,false
0,1160,3060,1,10847200,1,10,100000,0,0,,Cpu,Cpu:1,100,Avx2,false
0,1161,3886,1,10851500,1,10,100000,0,0,,Cpu,Cpu:1,300,Avx2,false
0,1162,1708,1,10952600,1,10,100000,0,0,,Cpu,Cpu:1,100,Avx2,false
0,1163,3650,1,10520200,1,10,100000,0,0,,Cpu,Cpu:1,200,Avx2,false
0,1164,4397,1,10873600,1,10,100000,0,0,,Cpu,Cpu:1,100,Avx2,false
0,1165,3226,1,10570500,1,10,100000,0,0,,Cpu,Cpu:1,200,Avx2,false
0,1166,2298,1,10902300,1,10,100000,0,0,,Cpu,Cpu:1,100,Avx2,false
0,1167,1534,1,10451200,1,10,100000,0,0,,Cpu,Cpu:1,100,Avx2,false
0,1168,44,1,10905300,1,10,100000,0,0,,Cpu,Cpu:1,200,Avx2,false
0,1169,1584,1,11376800,1,10,100000,0,0,,Cpu,Cpu:1,200,Avx2,false
0,1170,406,1,10743400,1,10,100000,0,0,,Cpu,Cpu:1,200,Avx2,false
0,1171,1175,1,10831300,1,10,100000,0,0,,Cpu,Cpu:1,100,Avx2,false
0,1172,3140,1,10907800,1,10,100000,0,0,,Cpu,Cpu:1,0,Avx2,false
0,1173,1430,1,11158500,1,10,100000,0,0,,Cpu,Cpu:1,100,Avx2,false
0,1174,1272,1,10727300,1,10,100000,0,0,,Cpu,Cpu:1,100,Avx2,false
0,1175,1340,1,10891100,1,10,100000,0,0,,Cpu,Cpu:1,100,Avx2,false
0,1176,2372,1,10821500,1,10,100000,0,0,,Cpu,Cpu:1,100,Avx2,false
0,1177,1694,1,10517800,1,10,100000,0,0,,Cpu,Cpu:1,200,Avx2,false
0,1178,3030,1,11096100,1,10,100000,0,0,,Cpu,Cpu:1,100,Avx2,false
0,1179,2862,1,10505200,1,10,100000,0,0,,Cpu,Cpu:1,100,Avx2,false
0,1180,1672,1,10830700,1,10,100000,0,0,,Cpu,Cpu:1,200,Avx2,false
0,1181,2411,1,10499300,1,10,100000,0,0,,Cpu,Cpu:1,100,Avx2,false
0,1182,2356,1,10900500,1,10,100000,0,0,,Cpu,Cpu:1,100,Avx2,false
0,1183,4467,1,10876300,1,10,100000,0,0,,Cpu,Cpu:1,100,Avx2,false
0,1184,94,1,10969200,1,10,100000,0,0,,Cpu,Cpu:1,200,Avx2,false
0,1185,2645,1,10703800,1,10,100000,0,0,,Cpu,Cpu:1,300,Avx2,false
0,1186,368,1,10751000,1,10,100000,0,0,,Cpu,Cpu:1,200,Avx2,false
0,1187,4666,1,10885300,1,10,100000,0,0,,Cpu,Cpu:1,100,Avx2,false
0,1188,1040,1,10826500,1,10,100000,0,0,,Cpu,Cpu:1,300,Avx2,false
0,1189,2738,1,10944800,1,10,100000,0,0,,Cpu,Cpu:1,400,Avx2,false
0,1190,1813,1,10400900,1,10,100000,0,0,,Cpu,Cpu:1,100,Avx2,false
0,1191,2622,1,10882700,1,10,100000,0,0,,Cpu,Cpu:1,100,Avx2,false
0,1192,1498,1,10702100,1,10,100000,0,0,,Cpu,Cpu:1,100,Avx2,false
0,1193,3485,1,11157400,1,10,100000,0,0,,Cpu,Cpu:1,300,Avx2,false
0,1194,3654,1,10897700,1,10,100000,0,0,,Cpu,Cpu:1,200,Avx2,false
0,1195,1600,1,10819500,1,10,100000,0,0,,Cpu,Cpu:1,200,Avx2,false
0,1196,646,1,10943000,1,10,100000,0,0,,Cpu,Cpu:1,200,Avx2,false
0,1197,2851,1,10471500,1,10,100000,0,0,,Cpu,Cpu:1,100,Avx2,false
0,1198,3122,1,11152200,1,10,100000,0,0,,Cpu,Cpu:1,100,Avx2,false
0,1199,1588,1,11349500,1,10,100000,0,0,,Cpu,Cpu:1,200,Avx2,false
0,1200,86,1,11445500,1,10,100000,0,0,,Cpu,Cpu:1,400,Avx2,false
0,1201,1307,1,10767100,1,10,100000,0,0,,Cpu,Cpu:1,400,Avx2,false
0,1202,4730,1,10428800,1,10,100000,0,0,,Cpu,Cpu:1,200,Avx2,false
0,1203,1950,1,10819000,1,10,100000,0,0,,Cpu,Cpu:1,100,Avx2,false
0,1204,3554,1,10260900,1,10,100000,0,0,,Cpu,Cpu:1,100,Avx2,false
0,1205,2669,1,10763800,1,10,100000,0,0,,Cpu,Cpu:1,0,Avx2,false
0,1206,1008,1,10349000,1,10,100000,0,0,,Cpu,Cpu:1,0,Avx2,false
0,1207,2002,1,10746300,1,10,100000,0,0,,Cpu,Cpu:1,0,Avx2,false
0,1208,174,1,10760800,1,10,100000,0,0,,Cpu,Cpu:1,100,Avx2,false
0,1209,4257,1,10889000,1,10,100000,0,0,,Cpu,Cpu:1,200,Avx2,false
0,1210,2725,1,11089600,1,10,100000,0,0,,Cpu,Cpu:1,200,Avx2,false
0,1211,3325,1,10708500,1,10,100000,0,0,,Cpu,Cpu:1,300,Avx2,false
0,1212,2668,1,10861300,1,10,100000,0,0,,Cpu,Cpu:1,100,Avx2,false
0,1213,2714,1,10304300,1,10,100000,0,0,,Cpu,Cpu:1,300,Avx2,false
0,1214,4238,1,10865800,1,10,100000,0,0,,Cpu,Cpu:1,300,Avx2,false
0,1215,1464,1,10530700,1,10,100000,0,0,,Cpu,Cpu:1,200,Avx2,false
0,1216,2576,1,10835500,1,10,100000,0,0,,Cpu,Cpu:1,200,Avx2,false
0,1217,2145,1,10648800,1,10,100000,0,0,,Cpu,Cpu:1,400,Avx2,false
0,1218,1346,1,11084900,1,10,100000,0,0,,Cpu,Cpu:1,100,Avx2,false
0,1219,2445,1,10714200,1,10,100000,0,0,,Cpu,Cpu:1,300,Avx2,false
0,1220,3806,1,10750800,1,10,100000,0,0,,Cpu,Cpu:1,200,Avx2,false
0,1221,1992,1,10722600,1,10,100000,0,0,,Cpu,Cpu:1,200,Avx2,false
0,1222,1308,1,10712500,1,10,100000,0,0,,Cpu,Cpu:1,100,Avx2,false
0,1223,4958,1,10805000,1,10,100000,0,0,,Cpu,Cpu:1,100,Avx2,false
0,1224,322,1,10561300,1,10,100000,0,0,,Cpu,Cpu:1,100,Avx2,false
0,1225,4402,1,10931300,1,10,100000,0,0,,Cpu,Cpu:1,0,Avx2,false
0,1226,3574,1,10375100,1,10,100000,0,0,,Cpu,Cpu:1,0,Avx2,false
0,1227,1331,1,11307900,1,10,100000,0,0,,Cpu,Cpu:1,0,Avx2,false
0,1228,2644,1,10505900,1,10,100000,0,0,,Cpu,Cpu:1,200,Avx2,false
0,1229,1298,1,10862600,1,10,100000,0,0,,Cpu,Cpu:1,100,Avx2,false
0,1230,213,1,10909500,1,10,100000,0,0,,Cpu,Cpu:1,300,Avx2,false
0,1231,3233,1,10479900,1,10,100000,0,0,,Cpu,Cpu:1,200,Avx2,false
0,1232,4346,1,11423100,1,10,100000,0,0,,Cpu,Cpu:1,100,Avx2,false
0,1233,2230,1,10480800,1,10,100000,0,0,,Cpu,Cpu:1,200,Avx2,false
0,1234,2814,1,11054800,1,10,100000,0,0,,Cpu,Cpu:1,300,Avx2,false
0,1235,589,1,10570700,1,10,100000,0,0,,Cpu,Cpu:1,400,Avx2,false
0,1236,3046,1,10961500,1,10,100000,0,0,,Cpu,Cpu:1,400,Avx2,false
0,1237,4804,1,10995300,1,10,100000,0,0,,Cpu,Cpu:1,300,Avx2,false
0,1238,3152,1,10668600,1,10,100000,0,0,,Cpu,Cpu:1,500,Avx2,false
0,1239,3558,1,10794900,1,10,100000,0,0,,Cpu,Cpu:1,100,Avx2,false
0,1240,2517,1,10641000,1,10,100000,0,0,,Cpu,Cpu:1,200,Avx2,false
0,1241,1891,1,10914400,1,10,100000,0,0,,Cpu,Cpu:1,100,Avx2,false
0,1242,1796,1,10639400,1,10,100000,0,0,,Cpu,Cpu:1,100,Avx2,false
0,1243,789,1,11053200,1,10,100000,0,0,,Cpu,Cpu:1,100,Avx2,false
0,1244,1887,1,10463000,1,10,100000,0,0,,Cpu,Cpu:1,100,Avx2,false
0,1245,1300,1,11103000,1,10,100000,0,0,,Cpu,Cpu:1,100,Avx2,false
0,1246,1830,1,10941400,1,10,100000,0,0,,Cpu,Cpu:1,100,Avx2,false
0,1247,1267,1,11498500,1,10,100000,0,0,,Cpu,Cpu:1,200,Avx2,false
0,1248,4486,1,11053900,1,10,100000,0,0,,Cpu,Cpu:1,300,Avx2,false
0,1249,2110,1,10610700,1,10,100000,0,0,,Cpu,Cpu:1,100,Avx2,false
0,1250,299,1,10943100,1,10,100000,0,0,,Cpu,Cpu:1,500,Avx2,false
0,1251,2842,1,10975300,1,10,100000,0,0,,Cpu,Cpu:1,200,Avx2,false
0,1252,4688,1,11099700,1,10,100000,0,0,,Cpu,Cpu:1,200,Avx2,false
0,1253,1343,1,11015200,1,10,100000,0,0,,Cpu,Cpu:1,300,Avx2,false
0,1254,3726,1,10498300,1,10,100000,0,0,,Cpu,Cpu:1,200,Avx2,false
0,1255,2144,1,10734700,1,10,100000,0,0,,Cpu,Cpu:1,100,Avx2,false
0,1256,3900,1,10312900,1,10,100000,0,0,,Cpu,Cpu:1,200,Avx2,false
0,1257,2058,1,11072400,1,10,100000,0,0,,Cpu,Cpu:1,300,Avx2,false
0,1258,2954,1,10859900,1,10,100000,0,0,,Cpu,Cpu:1,300,Avx2,false
0,1259,1755,1,11039900,1,10,100000,0,0,,Cpu,Cpu:1,400,Avx2,false
0,1260,128,1,10765700,1,10,100000,0,0,,Cpu,Cpu:1,200,Avx2,false
0,1261,3423,1,11091200,1,10,100000,0,0,,Cpu,Cpu:1,300,Avx2,false
0,1262,4123,1,11128000,1,10,100000,0,0,,Cpu,Cpu:1,0,Avx2,false
0,1263,3747,1,10407900,1,10,100000,0,0,,Cpu,Cpu:1,100,Avx2,false
0,1264,2160,1,11080700,1,10,100000,0,0,,Cpu,Cpu:1,100,Avx2,false
0,1265,1147,1,10521200,1,10,100000,0,0,,Cpu,Cpu:1,100,Avx2,false
0,1266,820,1,11052300,1,10,100000,0,0,,Cpu,Cpu:1,100,Avx2,false
0,1267,3775,1,11205500,1,10,100000,0,0,,Cpu,Cpu:1,100,Avx2,false
0,1268,1959,1,10530600,1,10,100000,0,0,,Cpu,Cpu:1,100,Avx2,false
0,1269,1575,1,10848500,1,10,100000,0,0,,Cpu,Cpu:1,200,Avx2,false
0,1270,3691,1,10507000,1,10,100000,0,0,,Cpu,Cpu:1,100,Avx2,false
0,1271,2306,1,10957700,1,10,100000,0,0,,Cpu,Cpu:1,100,Avx2,false
0,1272,2734,1,10509600,1,10,100000,0,0,,Cpu,Cpu:1,200,Avx2,false
0,1273,2526,1,10842300,1,10,100000,0,0,,Cpu,Cpu:1,100,Avx2,false
0,1274,3720,1,10409900,1,10,100000,0,0,,Cpu,Cpu:1,100,Avx2,false
0,1275,3119,1,10980100,1,10,100000,0,0,,Cpu,Cpu:1,100,Avx2,false
0,1276,1926,1,10824500,1,10,100000,0,0,,Cpu,Cpu:1,100,Avx2,false
0,1277,511,1,10687800,1,10,100000,0,0,,Cpu,Cpu:1,100,Avx2,false
0,1278,4430,1,10792800,1,10,100000,0,0,,Cpu,Cpu:1,100,Avx2,false
0,1279,4806,1,10178300,1,10,100000,0,0,,Cpu,Cpu:1,100,Avx2,false
0,1280,2704,1,11154300,1,10,100000,0,0,,Cpu,Cpu:1,100,Avx2,false
0,1281,2976,1,10680000,1,10,100000,0,0,,Cpu,Cpu:1,200,Avx2,false
0,1282,2592,1,11131300,1,10,100000,0,0,,Cpu,Cpu:1,300,Avx2,false
0,1283,4640,1,10414200,1,10,100000,0,0,,Cpu,Cpu:1,200,Avx2,false
0,1284,1446,1,10796000,1,10,100000,0,0,,Cpu,Cpu:1,100,Avx2,false
0,1285,1960,1,10340100,1,10,100000,0,0,,Cpu,Cpu:1,100,Avx2,false
0,1286,1127,1,10976300,1,10,100000,0,0,,Cpu,Cpu:1,100,Avx2,false
0,1287,4027,1,10898100,1,10,100000,0,0,,Cpu,Cpu:1,100,Avx2,false
0,1288,1652,1,10840600,1,10,100000,0,0,,Cpu,Cpu:1,100,Avx2,false
0,1289,3076,1,10935900,1,10,100000,0,0,,Cpu,Cpu:1,300,Avx2,false
0,1290,539,1,10433500,1,10,100000,0,0,,Cpu,Cpu:1,200,Avx2,false
0,1291,1390,1,11248000,1,10,100000,0,0,,Cpu,Cpu:1,100,Avx2,false
0,1292,127,1,10434600,1,10,100000,0,0,,Cpu,Cpu:1,200,Avx2,false
0,1293,2609,1,10861900,1,10,100000,0,0,,Cpu,Cpu:1,100,Avx2,false
0,1294,1055,1,11148100,1,10,100000,0,0,,Cpu,Cpu:1,100,Avx2,false
0,1295,1396,1,10764100,1,10,100000,0,0,,Cpu,Cpu:1,300,Avx2,false
0,1296,2070,1,10750600,1,10,100000,0,0,,Cpu,Cpu:1,200,Avx2,false
0,1297,3409,1,10579300,1,10,100000,0,0,,Cpu,Cpu:1,100,Avx2,false
0,1298,2126,1,10961000,1,10,100000,0,0,,Cpu,Cpu:1,200,Avx2,false
0,1299,1658,1,10303900,1,10,100000,0,0,,Cpu,Cpu:1,300,Avx2,false
0,1300,2208,1,10760400,1,10,100000,0,0,,Cpu,Cpu:1,300,Avx2,false
0,1301,4593,1,10519300,1,10,100000,0,0,,Cpu,Cpu:1,200,Avx2,false
0,1302,3576,1,10832000,1,10,100000,0,0,,Cpu,Cpu:1,100,Avx2,false
0,1303,4828,1,10589700,1,10,100000,0,0,,Cpu,Cpu:1,100,Avx2,false
0,1304,1415,1,10803500,1,10,100000,0,0,,Cpu,Cpu:1,100,Avx2,false
0,1305,3413,1,10746700,1,10,100000,0,0,,Cpu,Cpu:1,200,Avx2,false
0,1306,3080,1,10821700,1,10,100000,0,0,,Cpu,Cpu:1,100,Avx2,false
0,1307,661,1,10878800,1,10,100000,0,0,,Cpu,Cpu:1,100,Avx2,false
0,1308,766,1,10460300,1,10,100000,0,0,,Cpu,Cpu:1,200,Avx2,false
0,1309,3534,1,11050000,1,10,100000,0,0,,Cpu,Cpu:1,0,Avx2,false
0,1310,3272,1,10562200,1,10,100000,0,0,,Cpu,Cpu:1,400,Avx2,false
0,1311,1439,1,10868900,1,10,100000,0,0,,Cpu,Cpu:1,0,Avx2,false
0,1312,797,1,11809900,1,10,100000,0,0,,Cpu,Cpu:1,100,Avx2,false
0,1313,4152,1,10980500,1,10,100000,0,0,,Cpu,Cpu:1,300,Avx2,false
0,1314,4309,1,11194300,1,10,100000,0,0,,Cpu,Cpu:1,300,Avx2,false
0,1315,2983,1,10506000,1,10,100000,0,0,,Cpu,Cpu:1,200,Avx2,false
0,1316,3475,1,10976000,1,10,100000,0,0,,Cpu,Cpu:1,200,Avx2,false
0,1317,2916,1,10700400,1,10,100000,0,0,,Cpu,Cpu:1,200,Avx2,false
0,1318,828,1,10822700,1,10,100000,0,0,,Cpu,Cpu:1,0,Avx2,false
0,1319,2694,1,10857300,1,10,100000,0,0,,Cpu,Cpu:1,100,Avx2,false
0,1320,582,1,10635500,1,10,100000,0,0,,Cpu,Cpu:1,0,Avx2,false
0,1321,2018,1,10751600,1,10,100000,0,0,,Cpu,Cpu:1,0,Avx2,false
0,1322,2910,1,10637900,1,10,100000,0,0,,Cpu,Cpu:1,100,Avx2,false
0,1323,1594,1,11000200,1,10,100000,0,0,,Cpu,Cpu:1,0,Avx2,false
0,1324,1654,1,10412300,1,10,100000,0,0,,Cpu,Cpu:1,100,Avx2,false
0,1325,3045,1,10895600,1,10,100000,0,0,,Cpu,Cpu:1,0,Avx2,false
0,1326,1538,1,10582300,1,10,100000,0,0,,Cpu,Cpu:1,200,Avx2,false
0,1327,2456,1,11074000,1,10,100000,0,0,,Cpu,Cpu:1,200,Avx2,false
0,1328,3234,1,10920300,1,10,100000,0,0,,Cpu,Cpu:1,400,Avx2,false
0,1329,2847,1,10631800,1,10,100000,0,0,,Cpu,Cpu:1,600,Avx2,false
0,1330,4648,1,10902300,1,10,100000,0,0,,Cpu,Cpu:1,100,Avx2,false
0,1331,401,1,10599000,1,10,100000,0,0,,Cpu,Cpu:1,100,Avx2,false
0,1332,395,1,10925300,1,10,100000,0,0,,Cpu,Cpu:1,100,Avx2,false
0,1333,4606,1,10464400,1,10,100000,0,0,,Cpu,Cpu:1,100,Avx2,false
0,1334,3592,1,10883900,1,10,100000,0,0,,Cpu,Cpu:1,200,Avx2,false
0,1335,1463,1,10499700,1,10,100000,0,0,,Cpu,Cpu:1,0,Avx2,false
0,1336,3870,1,11172600,1,10,100000,0,0,,Cpu,Cpu:1,100,Avx2,false
0,1337,483,1,10879700,1,10,100000,0,0,,Cpu,Cpu:1,100,Avx2,false
0,1338,1131,1,10500500,1,10,100000,0,0,,Cpu,Cpu:1,100,Avx2,false
0,1339,1803,1,10984300,1,10,100000,0,0,,Cpu,Cpu:1,100,Avx2,false
0,1340,1375,1,10947600,1,10,100000,0,0,,Cpu,Cpu:1,200,Avx2,false
0,1341,1540,1,10940700,1,10,100000,0,0,,Cpu,Cpu:1,200,Avx2,false
0,1342,2346,1,11337000,1,10,100000,0,0,,Cpu,Cpu:1,0,Avx2,false
0,1343,1991,1,11087800,1,10,100000,0,0,,Cpu,Cpu:1,400,Avx2,false
0,1344,438,1,10667300,1,10,100000,0,0,,Cpu,Cpu:1,500,Avx2,false
0,1345,1957,1,10709500,1,10,100000,0,0,,Cpu,Cpu:1,600,Avx2,false
0,1346,3067,1,11119000,1,10,100000,0,0,,Cpu,Cpu:1,300,Avx2,false
0,1347,457,1,10377200,1,10,100000,0,0,,Cpu,Cpu:1,200,Avx2,false
0,1348,4216,1,10830700,1,10,100000,0,0,,Cpu,Cpu:1,100,Avx2,false
0,1349,1978,1,10714500,1,10,100000,0,0,,Cpu,Cpu:1,100,Avx2,false
0,1350,3129,1,11356800,1,10,100000,0,0,,Cpu,Cpu:1,200,Avx2,false
0,1351,2616,1,10939000,1,10,100000,0,0,,Cpu,Cpu:1,300,Avx2,false
0,1352,624,1,10643600,1,10,100000,0,0,,Cpu,Cpu:1,300,Avx2,false
0,1353,1404,1,10926500,1,10,100000,0,0,,Cpu,Cpu:1,300,Avx2,false
0,1354,350,1,11068700,1,10,100000,0,0,,Cpu,Cpu:1,300,Avx2,false
0,1355,3225,1,11096600,1,10,100000,0,0,,Cpu,Cpu:1,400,Avx2,false
0,1356,2994,1,10666200,1,10,100000,0,0,,Cpu,Cpu:1,300,Avx2,false
0,1357,1365,1,11305100,1,10,100000,0,0,,Cpu,Cpu:1,200,Avx2,false
0,1358,1388,1,10953000,1,10,100000,0,0,,Cpu,Cpu:1,200,Avx2,false
0,1359,1981,1,10594100,1,10,100000,0,0,,Cpu,Cpu:1,200,Avx2,false
0,1360,604,1,11200100,1,10,100000,0,0,,Cpu,Cpu:1,100,Avx2,false
0,1361,3095,1,10463600,1,10,100000,0,0,,Cpu,Cpu:1,200,Avx2,false
0,1362,2150,1,10860500,1,10,100000,0,0,,Cpu,Cpu:1,200,Avx2,false
0,1363,2322,1,10567800,1,10,100000,0,0,,Cpu,Cpu:1,400,Avx2,false
0,1364,856,1,10752400,1,10,100000,0,0,,Cpu,Cpu:1,200,Avx2,false
0,1365,3434,1,10615700,1,10,100000,0,0,,Cpu,Cpu:1,300,Avx2,false
0,1366,296,1,11304200,1,10,100000,0,0,,Cpu,Cpu:1,100,Avx2,false
0,1367,2784,1,11014500,1,10,100000,0,0,,Cpu,Cpu:1,300,Avx2,false
0,1368,384,1,11372800,1,10,100000,0,0,,Cpu,Cpu:1,300,Avx2,false
0,1369,2100,1,11483600,1,10,100000,0,0,,Cpu,Cpu:1,300,Avx2,false
0,1370,1230,1,11130300,1,10,100000,0,0,,Cpu,Cpu:1,200,Avx2,false
0,1371,1005,1,10610100,1,10,100000,0,0,,Cpu,Cpu:1,200,Avx2,false
0,1372,4750,1,11020000,1,10,100000,0,0,,Cpu,Cpu:1,400,Avx2,false
0,1373,1413,1,10543400,1,10,100000,0,0,,Cpu,Cpu:1,200,Avx2,false
0,1374,4248,1,10867300,1,10,100000,0,0,,Cpu,Cpu:1,100,Avx2,false
0,1375,2179,1,10498000,1,10,100000,0,0,,Cpu,Cpu:1,100,Avx2,false
0,1376,1688,1,11044400,1,10,100000,0,0,,Cpu,Cpu:1,0,Avx2,false
0,1377,4856,1,10505100,1,10,100000,0,0,,Cpu,Cpu:1,100,Avx2,false
0,1378,3932,1,11060900,1,10,100000,0,0,,Cpu,Cpu:1,100,Avx2,false
0,1379,1943,1,10940300,1,10,100000,0,0,,Cpu,Cpu:1,300,Avx2,false
0,1380,478,1,10641800,1,10,100000,0,0,,Cpu,Cpu:1,0,Avx2,false
0,1381,4682,1,11143400,1,10,100000,0,0,,Cpu,Cpu:1,100,Avx2,false
0,1382,1120,1,10513800,1,10,100000,0,0,,Cpu,Cpu:1,200,Avx2,false
0,1383,1530,1,11026000,1,10,100000,0,0,,Cpu,Cpu:1,100,Avx2,false
0,1384,2890,1,10348400,1,10,100000,0,0,,Cpu,Cpu:1,100,Avx2,false
0,1385,3220,1,11044300,1,10,100000,0,0,,Cpu,Cpu:1,100,Avx2,false
0,1386,679,1,10585400,1,10,100000,0,0,,Cpu,Cpu:1,100,Avx2,false
0,1387,1648,1,10577000,1,10,100000,0,0,,Cpu,Cpu:1,200,Avx2,false
0,1388,732,1,10520900,1,10,100000,0,0,,Cpu,Cpu:1,100,Avx2,false
0,1389,2744,1,10779600,1,10,100000,0,0,,Cpu,Cpu:1,100,Avx2,false
0,1390,3657,1,10996600,1,10,100000,0,0,,Cpu,Cpu:1,0,Avx2,false
0,1391,4024,1,10567400,1,10,100000,0,0,,Cpu,Cpu:1,0,Avx2,false
0,1392,2686,1,11055000,1,10,100000,0,0,,Cpu,Cpu:1,300,Avx2,false
0,1393,1631,1,10360400,1,10,100000,0,0,,Cpu,Cpu:1,200,Avx2,false
0,1394,1103,1,11021000,1,10,100000,0,0,,Cpu,Cpu:1,100,Avx2,false
0,1395,3182,1,10633700,1,10,100000,0,0,,Cpu,Cpu:1,200,Avx2,false
0,1396,3316,1,10786100,1,10,100000,0,0,,Cpu,Cpu:1,200,Avx2,false
0,1397,1630,1,10332100,1,10,100000,0,0,,Cpu,Cpu:1,400,Avx2,false
0,1398,4549,1,11026700,1,10,100000,0,0,,Cpu,Cpu:1,100,Avx2,false
0,1399,3083,1,10869400,1,10,100000,0,0,,Cpu,Cpu:1,100,Avx2,false
0,1400,4520,1,10529500,1,10,100000,0,0,,Cpu,Cpu:1,100,Avx2,false
0,1401,1821,1,11145400,1,10,100000,0,0,,Cpu,Cpu:1,100,Avx2,false
0,1402,2023,1,10507400,1,10,100000,0,0,,Cpu,Cpu:1,100,Avx2,false
0,1403,1492,1,11331000,1,10,100000,0,0,,Cpu,Cpu:1,300,Avx2,false
0,1404,997,1,10897800,1,10,100000,0,0,,Cpu,Cpu:1,300,Avx2,false
0,1405,2536,1,11118900,1,10,100000,0,0,,Cpu,Cpu:1,600,Avx2,false
0,1406,1018,1,10926800,1,10,100000,0,0,,Cpu,Cpu:1,400,Avx2,false
0,1407,1535,1,10485800,1,10,100000,0,0,,Cpu,Cpu:1,100,Avx2,false
0,1408,1772,1,10821100,1,10,100000,0,0,,Cpu,Cpu:1,100,Avx2,false
0,1409,2362,1,10355300,1,10,100000,0,0,,Cpu,Cpu:1,500,Avx2,false
0,1410,2213,1,10752400,1,10,100000,0,0,,Cpu,Cpu:1,200,Avx2,false
0,1411,1505,1,10706600,1,10,100000,0,0,,Cpu,Cpu:1,200,Avx2,false
0,1412,4124,1,10973300,1,10,100000,0,0,,Cpu,Cpu:1,100,Avx2,false
0,1413,1355,1,10430500,1,10,100000,0,0,,Cpu,Cpu:1,100,Avx2,false
0,1414,1461,1,11036000,1,10,100000,0,0,,Cpu,Cpu:1,200,Avx2,false
0,1415,4211,1,11183000,1,10,100000,0,0,,Cpu,Cpu:1,500,Avx2,false
0,1416,1130,1,10698800,1,10,100000,0,0,,Cpu,Cpu:1,300,Avx2,false
0,1417,3114,1,10720600,1,10,100000,0,0,,Cpu,Cpu:1,200,Avx2,false
0,1418,1598,1,10656100,1,10,100000,0,0,,Cpu,Cpu:1,200,Avx2,false
0,1419,4163,1,11118000,1,10,100000,0,0,,Cpu,Cpu:1,200,Avx2,false
0,1420,3568,1,10512400,1,10,100000,0,0,,Cpu,Cpu:1,600,Avx2,false
0,1421,1899,1,10963700,1,10,100000,0,0,,Cpu,Cpu:1,600,Avx2,false
0,1422,994,1,10835900,1,10,100000,0,0,,Cpu,Cpu:1,400,Avx2,false
0,1423,1562,1,10846600,1,10,100000,0,0,,Cpu,Cpu:1,900,Avx2,false
0,1424,1188,1,10999400,1,10,100000,0,0,,Cpu,Cpu:1,300,Avx2,false
0,1425,3889,1,10490100,1,10,100000,0,0,,Cpu,Cpu:1,400,Avx2,false
0,1426,3614,1,11042000,1,10,100000,0,0,,Cpu,Cpu:1,200,Avx2,false
0,1427,3146,1,10638700,1,10,100000,0,0,,Cpu,Cpu:1,500,Avx2,false
0,1428,4326,1,10919600,1,10,100000,0,0,,Cpu,Cpu:1,100,Avx2,false
0,1429,2032,1,10658900,1,10,100000,0,0,,Cpu,Cpu:1,300,Avx2,false
0,1430,3028,1,11289700,1,10,100000,0,0,,Cpu,Cpu:1,300,Avx2,false
0,1431,4014,1,10796300,1,10,100000,0,0,,Cpu,Cpu:1,400,Avx2,false
0,1432,2338,1,10761200,1,10,100000,0,0,,Cpu,Cpu:1,300,Avx2,false
0,1433,1876,1,10895900,1,10,100000,0,0,,Cpu,Cpu:1,500,Avx2,false
0,1434,951,1,10864400,1,10,100000,0,0,,Cpu,Cpu:1,200,Avx2,false
0,1435,2175,1,11414100,1,10,100000,0,0,,Cpu,Cpu:1,500,Avx2,false
0,1436,2808,1,10604200,1,10,100000,0,0,,Cpu,Cpu:1,200,Avx2,false
0,1437,2736,1,11552100,1,10,100000,0,0,,Cpu,Cpu:1,300,Avx2,false
0,1438,3130,1,11423300,1,10,100000,0,0,,Cpu,Cpu:1,200,Avx2,false
0,1439,1906,1,10577100,1,10,100000,0,0,,Cpu,Cpu:1,200,Avx2,false
0,1440,1155,1,10824900,1,10,100000,0,0,,Cpu,Cpu:1,200,Avx2,false
0,1441,643,1,10617600,1,10,100000,0,0,,Cpu,Cpu:1,300,Avx2,false
0,1442,752,1,11141600,1,10,100000,0,0,,Cpu,Cpu:1,200,Avx2,false
0,1443,1632,1,10884500,1,10,100000,0,0,,Cpu,Cpu:1,100,Avx2,false
0,1444,1526,1,10694600,1,10,100000,0,0,,Cpu,Cpu:1,200,Avx2,false
0,1445,1541,1,11191600,1,10,100000,0,0,,Cpu,Cpu:1,100,Avx2,false
0,1446,3930,1,10859600,1,10,100000,0,0,,Cpu,Cpu:1,100,Avx2,false
0,1447,4814,1,11036400,1,10,100000,0,0,,Cpu,Cpu:1,100,Avx2,false
0,1448,4556,1,10895300,1,10,100000,0,0,,Cpu,Cpu:1,0,Avx2,false
0,1449,1579,1,11221500,1,10,100000,0,0,,Cpu,Cpu:1,100,Avx2,false
0,1450,3954,1,10908700,1,10,100000,0,0,,Cpu,Cpu:1,100,Avx2,false
0,1451,4609,1,10620300,1,10,100000,0,0,,Cpu,Cpu:1,200,Avx2,false
0,1452,630,1,11037100,1,10,100000,0,0,,Cpu,Cpu:1,100,Avx2,false
0,1453,3253,1,10653500,1,10,100000,0,0,,Cpu,Cpu:1,200,Avx2,false
0,1454,200,1,11250600,1,10,100000,0,0,,Cpu,Cpu:1,200,Avx2,false
0,1455,1920,1,10811000,1,10,100000,0,0,,Cpu,Cpu:1,300,Avx2,false
0,1456,1484,1,10641900,1,10,100000,0,0,,Cpu,Cpu:1,200,Avx2,false
0,1457,4156,1,10898500,1,10,100000,0,0,,Cpu,Cpu:1,300,Avx2,false
0,1458,3498,1,10559200,1,10,100000,0,0,,Cpu,Cpu:1,100,Avx2,false
0,1459,1253,1,10892700,1,10,100000,0,0,,Cpu,Cpu:1,100,Avx2,false
0,1460,108,1,10237200,1,10,100000,0,0,,Cpu,Cpu:1,200,Avx2,false
0,1461,1518,1,11147800,1,10,100000,0,0,,Cpu,Cpu:1,300,Avx2,false
0,1462,4753,1,10657300,1,10,100000,0,0,,Cpu,Cpu:1,300,Avx2,false
0,1463,3275,1,10941000,1,10,100000,0,0,,Cpu,Cpu:1,400,Avx2,false
0,1464,3176,1,10998100,1,10,100000,0,0,,Cpu,Cpu:1,200,Avx2,false
0,1465,3267,1,11336600,1,10,100000,0,0,,Cpu,Cpu:1,200,Avx2,false
0,1466,3013,1,10917700,1,10,100000,0,0,,Cpu,Cpu:1,200,Avx2,false
0,1467,2416,1,10463000,1,10,100000,0,0,,Cpu,Cpu:1,200,Avx2,false
0,1468,3112,1,11177700,1,10,100000,0,0,,Cpu,Cpu:1,100,Avx2,false
0,1469,2245,1,10715600,1,10,100000,0,0,,Cpu,Cpu:1,100,Avx2,false
0,1470,1152,1,10973200,1,10,100000,0,0,,Cpu,Cpu:1,200,Avx2,false
0,1471,4062,1,10872600,1,10,100000,0,0,,Cpu,Cpu:1,500,Avx2,false
0,1472,37,1,10568300,1,10,100000,0,0,,Cpu,Cpu:1,400,Avx2,false
0,1473,2321,1,11062100,1,10,100000,0,0,,Cpu,Cpu:1,200,Avx2,false
0,1474,3714,1,10461900,1,10,100000,0,0,,Cpu,Cpu:1,200,Avx2,false
0,1475,1735,1,10942600,1,10,100000,0,0,,Cpu,Cpu:1,100,Avx2,false
0,1476,3418,1,10512400,1,10,100000,0,0,,Cpu,Cpu:1,100,Avx2,false
0,1477,1670,1,10871700,1,10,100000,0,0,,Cpu,Cpu:1,100,Avx2,false
0,1478,2052,1,10726800,1,10,100000,0,0,,Cpu,Cpu:1,100,Avx2,false
0,1479,2741,1,11083800,1,10,100000,0,0,,Cpu,Cpu:1,100,Avx2,false
0,1480,4525,1,10867100,1,10,100000,0,0,,Cpu,Cpu:1,100,Avx2,false
0,1481,4444,1,10494100,1,10,100000,0,0,,Cpu,Cpu:1,100,Avx2,false
0,1482,3488,1,10799800,1,10,100000,0,0,,Cpu,Cpu:1,100,Avx2,false
0,1483,3966,1,10390200,1,10,100000,0,0,,Cpu,Cpu:1,200,Avx2,false
0,1484,1523,1,11724100,1,10,100000,0,0,,Cpu,Cpu:1,200,Avx2,false
0,1485,3826,1,10508500,1,10,100000,0,0,,Cpu,Cpu:1,400,Avx2,false
0,1486,158,1,10929500,1,10,100000,0,0,,Cpu,Cpu:1,100,Avx2,false
0,1487,1567,1,10745000,1,10,100000,0,0,,Cpu,Cpu:1,300,Avx2,false
0,1488,786,1,11220100,1,10,100000,0,0,,Cpu,Cpu:1,200,Avx2,false
0,1489,3453,1,11113900,1,10,100000,0,0,,Cpu,Cpu:1,200,Avx2,false
0,1490,2186,1,10703500,1,10,100000,0,0,,Cpu,Cpu:1,300,Avx2,false
0,1491,3092,1,11155000,1,10,100000,0,0,,Cpu,Cpu:1,300,Avx2,false
0,1492,3294,1,10584200,1,10,100000,0,0,,Cpu,Cpu:1,100,Avx2,false
0,1493,3332,1,11071900,1,10,100000,0,0,,Cpu,Cpu:1,100,Avx2,false
0,1494,98,1,10790800,1,10,100000,0,0,,Cpu,Cpu:1,100,Avx2,false
0,1495,4101,1,10712200,1,10,100000,0,0,,Cpu,Cpu:1,100,Avx2,false
0,1496,490,1,10991000,1,10,100000,0,0,,Cpu,Cpu:1,100,Avx2,false
0,1497,2013,1,10395600,1,10,100000,0,0,,Cpu,Cpu:1,100,Avx2,false
0,1498,1839,1,11062000,1,10,100000,0,0,,Cpu,Cpu:1,100,Avx2,false
0,1499,2268,1,10793200,1,10,100000,0,0,,Cpu,Cpu:1,100,Avx2,false
0,1500,4454,1,10784500,1,10,100000,0,0,,Cpu,Cpu:1,100,Avx2,false
0,1501,3243,1,10726300,1,10,100000,0,0,,Cpu,Cpu:1,100,Avx2,false
0,1502,4756,1,10917300,1,10,100000,0,0,,Cpu,Cpu:1,500,Avx2,false
0,1503,2059,1,11003200,1,10,100000,0,0,,Cpu,Cpu:1,200,Avx2,false
0,1504,3710,1,10743400,1,10,100000,0,0,,Cpu,Cpu:1,200,Avx2,false
0,1505,1491,1,10898300,1,10,100000,0,0,,Cpu,Cpu:1,100,Avx2,false
0,1506,4358,1,10428700,1,10,100000,0,0,,Cpu,Cpu:1,300,Avx2,false
0,1507,3776,1,12016700,1,10,100000,0,0,,Cpu,Cpu:1,100,Avx2,false
0,1508,2184,1,10878800,1,10,100000,0,0,,Cpu,Cpu:1,200,Avx2,false
0,1509,3713,1,10476800,1,10,100000,0,0,,Cpu,Cpu:1,200,Avx2,false
0,1510,1172,1,10994600,1,10,100000,0,0,,Cpu,Cpu:1,300,Avx2,false
0,1511,4678,1,10752500,1,10,100000,0,0,,Cpu,Cpu:1,200,Avx2,false
0,1512,3128,1,11004500,1,10,100000,0,0,,Cpu,Cpu:1,300,Avx2,false
0,1513,3723,1,10520100,1,10,100000,0,0,,Cpu,Cpu:1,0,Avx2,false
0,1514,2850,1,11118400,1,10,100000,0,0,,Cpu,Cpu:1,400,Avx2,false
0,1515,2545,1,10664600,1,10,100000,0,0,,Cpu,Cpu:1,300,Avx2,false
0,1516,4952,1,10864900,1,10,100000,0,0,,Cpu,Cpu:1,300,Avx2,false
0,1517,2360,1,11376100,1,10,100000,0,0,,Cpu,Cpu:1,200,Avx2,false
0,1518,4474,1,11499800,1,10,100000,0,0,,Cpu,Cpu:1,200,Avx2,false
0,1519,3183,1,10869700,1,10,100000,0,0,,Cpu,Cpu:1,200,Avx2,false
0,1520,3542,1,10370500,1,10,100000,0,0,,Cpu,Cpu:1,300,Avx2,false
0,1521,2824,1,10883300,1,10,100000,0,0,,Cpu,Cpu:1,200,Avx2,false
0,1522,254,1,11086100,1,10,100000,0,0,,Cpu,Cpu:1,300,Avx2,false
0,1523,3322,1,11951400,1,10,100000,0,0,,Cpu,Cpu:1,400,Avx2,false
0,1524,928,1,12813400,1,10,100000,0,0,,Cpu,Cpu:1,700,Avx2,false
0,1525,101,1,12619500,1,10,100000,0,0,,Cpu,Cpu:1,300,Avx2,false
0,1526,4368,1,12574900,1,10,100000,0,0,,Cpu,Cpu:1,300,Avx2,false
0,1527,1814,1,12333900,1,10,100000,0,0,,Cpu,Cpu:1,200,Avx2,false
0,1528,4890,1,11675100,1,10,100000,0,0,,Cpu,Cpu:1,300,Avx2,false
0,1529,4930,1,11395900,1,10,100000,0,0,,Cpu,Cpu:1,200,Avx2,false
0,1530,321,1,11458400,1,10,100000,0,0,,Cpu,Cpu:1,200,Avx2,false
0,1531,3011,1,11001000,1,10,100000,0,0,,Cpu,Cpu:1,200,Avx2,false
0,1532,1236,1,11042200,1,10,100000,0,0,,Cpu,Cpu:1,400,Avx2,false
0,1533,523,1,10537200,1,10,100000,0,0,,Cpu,Cpu:1,300,Avx2,false
0,1534,2369,1,10811700,1,10,100000,0,0,,Cpu,Cpu:1,200,Avx2,false
0,1535,4654,1,10245900,1,10,100000,0,0,,Cpu,Cpu:1,200,Avx2,false
0,1536,850,1,11218700,1,10,100000,0,0,,Cpu,Cpu:1,200,Avx2,false
0,1537,2031,1,11435800,1,10,100000,0,0,,Cpu,Cpu:1,100,Avx2,false
0,1538,1303,1,10613900,1,10,100000,0,0,,Cpu,Cpu:1,500,Avx2,false
0,1539,4562,1,11133300,1,10,100000,0,0,,Cpu,Cpu:1,200,Avx2,false
0,1540,3984,1,10819800,1,10,100000,0,0,,Cpu,Cpu:1,200,Avx2,false
0,1541,2085,1,11044700,1,10,100000,0,0,,Cpu,Cpu:1,300,Avx2,false
0,1542,378,1,10558100,1,10,100000,0,0,,Cpu,Cpu:1,100,Avx2,false
0,1543,2382,1,11131400,1,10,100000,0,0,,Cpu,Cpu:1,200,Avx2,false
0,1544,1787,1,11298800,1,10,100000,0,0,,Cpu,Cpu:1,400,Avx2,false
0,1545,3461,1,10652000,1,10,100000,0,0,,Cpu,Cpu:1,600,Avx2,false
0,1546,1149,1,11056700,1,10,100000,0,0,,Cpu,Cpu:1,300,Avx2,false
0,1547,3177,1,10391300,1,10,100000,0,0,,Cpu,Cpu:1,200,Avx2,false
0,1548,3034,1,11008600,1,10,100000,0,0,,Cpu,Cpu:1,200,Avx2,false
0,1549,3869,1,10649200,1,10,100000,0,0,,Cpu,Cpu:1,0,Avx2,false
0,1550,888,1,11011500,1,10,100000,0,0,,Cpu,Cpu:1,100,Avx2,false
0,1551,4006,1,10754200,1,10,100000,0,0,,Cpu,Cpu:1,100,Avx2,false
0,1552,4336,1,10790000,1,10,100000,0,0,,Cpu,Cpu:1,200,Avx2,false
0,1553,2350,1,10865900,1,10,100000,0,0,,Cpu,Cpu:1,200,Avx2,false
0,1554,2016,1,10616800,1,10,100000,0,0,,Cpu,Cpu:1,100,Avx2,false
0,1555,1860,1,11159700,1,10,100000,0,0,,Cpu,Cpu:1,100,Avx2,false
0,1556,3516,1,10609100,1,10,100000,0,0,,Cpu,Cpu:1,100,Avx2,false
0,1557,1904,1,11102500,1,10,100000,0,0,,Cpu,Cpu:1,100,Avx2,false
0,1558,4341,1,11202600,1,10,100000,0,0,,Cpu,Cpu:1,200,Avx2,false
0,1559,3980,1,10979700,1,10,100000,0,0,,Cpu,Cpu:1,400,Avx2,false
0,1560,1437,1,11279600,1,10,100000,0,0,,Cpu,Cpu:1,300,Avx2,false
0,1561,2935,1,10543300,1,10,100000,0,0,,Cpu,Cpu:1,200,Avx2,false
0,1562,4074,1,10926100,1,10,100000,0,0,,Cpu,Cpu:1,200,Avx2,false
0,1563,4686,1,10612100,1,10,100000,0,0,,Cpu,Cpu:1,100,Avx2,false
0,1564,3785,1,11453400,1,10,100000,0,0,,Cpu,Cpu:1,100,Avx2,false
0,1565,1107,1,11417500,1,10,100000,0,0,,Cpu,Cpu:1,300,Avx2,false
0,1566,80,1,10848300,1,10,100000,0,0,,Cpu,Cpu:1,500,Avx2,false
0,1567,4226,1,11253300,1,10,100000,0,0,,Cpu,Cpu:1,300,Avx2,false
0,1568,4630,1,10537500,1,10,100000,0,0,,Cpu,Cpu:1,200,Avx2,false
0,1569,1780,1,11076400,1,10,100000,0,0,,Cpu,Cpu:1,500,Avx2,false
0,1570,596,1,11017800,1,10,100000,0,0,,Cpu,Cpu:1,500,Avx2,false
0,1571,2604,1,10699500,1,10,100000,0,0,,Cpu,Cpu:1,500,Avx2,false
0,1572,1816,1,10928600,1,10,100000,0,0,,Cpu,Cpu:1,200,Avx2,false
0,1573,3302,1,10350900,1,10,100000,0,0,,Cpu,Cpu:1,200,Avx2,false
0,1574,1380,1,10837700,1,10,100000,0,0,,Cpu,Cpu:1,200,Avx2,false
0,1575,4537,1,10473200,1,10,100000,0,0,,Cpu,Cpu:1,200,Avx2,false
0,1576,4132,1,10899300,1,10,100000,0,0,,Cpu,Cpu:1,300,Avx2,false
0,1577,5,1,10386700,1,10,100000,0,0,,Cpu,Cpu:1,200,Avx2,false
0,1578,744,1,11795900,1,10,100000,0,0,,Cpu,Cpu:1,300,Avx2,false
0,1579,485,1,10821100,1,10,100000,0,0,,Cpu,Cpu:1,200,Avx2,false
0,1580,2557,1,10522700,1,10,100000,0,0,,Cpu,Cpu:1,500,Avx2,false
0,1581,2740,1,10820100,1,10,100000,0,0,,Cpu,Cpu:1,600,Avx2,false
0,1582,1770,1,10689300,1,10,100000,0,0,,Cpu,Cpu:1,200,Avx2,false
0,1583,2348,1,11172600,1,10,100000,0,0,,Cpu,Cpu:1,0,Avx2,false
0,1584,4613,1,10805200,1,10,100000,0,0,,Cpu,Cpu:1,200,Avx2,false
0,1585,3382,1,11510300,1,10,100000,0,0,,Cpu,Cpu:1,400,Avx2,false
0,1586,4515,1,11529000,1,10,100000,0,0,,Cpu,Cpu:1,200,Avx2,false
0,1587,4075,1,10677800,1,10,100000,0,0,,Cpu,Cpu:1,300,Avx2,false
0,1588,1727,1,10750200,1,10,100000,0,0,,Cpu,Cpu:1,200,Avx2,false
0,1589,4236,1,10752800,1,10,100000,0,0,,Cpu,Cpu:1,100,Avx2,false
0,1590,4186,1,10903200,1,10,100000,0,0,,Cpu,Cpu:1,300,Avx2,false
0,1591,1748,1,10848200,1,10,100000,0,0,,Cpu,Cpu:1,300,Avx2,false
0,1592,4598,1,10628300,1,10,100000,0,0,,Cpu,Cpu:1,400,Avx2,false
0,1593,33,1,10803400,1,10,100000,0,0,,Cpu,Cpu:1,100,Avx2,false
0,1594,1946,1,10345800,1,10,100000,0,0,,Cpu,Cpu:1,100,Avx2,false
0,1595,1077,1,10728400,1,10,100000,0,0,,Cpu,Cpu:1,100,Avx2,false
0,1596,4863,1,10470100,1,10,100000,0,0,,Cpu,Cpu:1,100,Avx2,false
0,1597,135,1,10691200,1,10,100000,0,0,,Cpu,Cpu:1,200,Avx2,false
0,1598,4716,1,10391000,1,10,100000,0,0,,Cpu,Cpu:1,200,Avx2,false
0,1599,2284,1,10845800,1,10,100000,0,0,,Cpu,Cpu:1,100,Avx2,false
0,1600,3573,1,10230800,1,10,100000,0,0,,Cpu,Cpu:1,100,Avx2,false
0,1601,3399,1,11024800,1,10,100000,0,0,,Cpu,Cpu:1,0,Avx2,false
0,1602,1982,1,10688500,1,10,100000,0,0,,Cpu,Cpu:1,400,Avx2,false
0,1603,325,1,11282600,1,10,100000,0,0,,Cpu,Cpu:1,100,Avx2,false
0,1604,1057,1,10959600,1,10,100000,0,0,,Cpu,Cpu:1,200,Avx2,false
0,1605,2078,1,10400500,1,10,100000,0,0,,Cpu,Cpu:1,100,Avx2,false
0,1606,3454,1,10773000,1,10,100000,0,0,,Cpu,Cpu:1,100,Avx2,false
0,1607,513,1,10263200,1,10,100000,0,0,,Cpu,Cpu:1,300,Avx2,false
0,1608,2050,1,10806000,1,10,100000,0,0,,Cpu,Cpu:1,100,Avx2,false
0,1609,3813,1,10415800,1,10,100000,0,0,,Cpu,Cpu:1,200,Avx2,false
0,1610,4298,1,10654200,1,10,100000,0,0,,Cpu,Cpu:1,200,Avx2,false
0,1611,4946,1,10467900,1,10,100000,0,0,,Cpu,Cpu:1,0,Avx2,false
0,1612,788,1,10684100,1,10,100000,0,0,,Cpu,Cpu:1,0,Avx2,false
0,1613,2962,1,10238200,1,10,100000,0,0,,Cpu,Cpu:1,100,Avx2,false
0,1614,4523,1,11067700,1,10,100000,0,0,,Cpu,Cpu:1,200,Avx2,false
0,1615,617,1,10401700,1,10,100000,0,0,,Cpu,Cpu:1,200,Avx2,false
0,1616,4081,1,10729600,1,10,100000,0,0,,Cpu,Cpu:1,100,Avx2,false
0,1617,1711,1,10382500,1,10,100000,0,0,,Cpu,Cpu:1,200,Avx2,false
0,1618,1850,1,10906100,1,10,100000,0,0,,Cpu,Cpu:1,300,Avx2,false
0,1619,2207,1,10447400,1,10,100000,0,0,,Cpu,Cpu:1,100,Avx2,false
0,1620,1261,1,10701500,1,10,100000,0,0,,Cpu,Cpu:1,300,Avx2,false
0,1621,4195,1,10818600,1,10,100000,0,0,,Cpu,Cpu:1,200,Avx2,false
0,1622,3584,1,10475400,1,10,100000,0,0,,Cpu,Cpu:1,100,Avx2,false
0,1623,3340,1,10623900,1,10,100000,0,0,,Cpu,Cpu:1,100,Avx2,false
0,1624,3770,1,10392300,1,10,100000,0,0,,Cpu,Cpu:1,100,Avx2,false
0,1625,1181,1,10968500,1,10,100000,0,0,,Cpu,Cpu:1,200,Avx2,false
0,1626,578,1,10882900,1,10,100000,0,0,,Cpu,Cpu:1,500,Avx2,false
0,1627,2231,1,11033700,1,10,100000,0,0,,Cpu,Cpu:1,300,Avx2,false
0,1628,4616,1,10338900,1,10,100000,0,0,,Cpu,Cpu:1,300,Avx2,false
0,1629,1909,1,11069200,1,10,100000,0,0,,Cpu,Cpu:1,200,Avx2,false
0,1630,1760,1,10820700,1,10,100000,0,0,,Cpu,Cpu:1,300,Avx2,false
0,1631,1719,1,10789200,1,10,100000,0,0,,Cpu,Cpu:1,100,Avx2,false
0,1632,2370,1,10739800,1,10,100000,0,0,,Cpu,Cpu:1,200,Avx2,false
0,1633,4028,1,10404300,1,10,100000,0,0,,Cpu,Cpu:1,200,Avx2,false
0,1634,402,1,10808500,1,10,100000,0,0,,Cpu,Cpu:1,100,Avx2,false
0,1635,1297,1,10349000,1,10,100000,0,0,,Cpu,Cpu:1,400,Avx2,false
0,1636,1003,1,10783500,1,10,100000,0,0,,Cpu,Cpu:1,300,Avx2,false
0,1637,4201,1,10493300,1,10,100000,0,0,,Cpu,Cpu:1,200,Avx2,false
0,1638,2888,1,10729600,1,10,100000,0,0,,Cpu,Cpu:1,300,Avx2,false
0,1639,4168,1,10278100,1,10,100000,0,0,,Cpu,Cpu:1,200,Avx2,false
0,1640,4086,1,10746100,1,10,100000,0,0,,Cpu,Cpu:1,100,Avx2,false
0,1641,2743,1,10472500,1,10,100000,0,0,,Cpu,Cpu:1,100,Avx2,false
0,1642,3694,1,10669600,1,10,100000,0,0,,Cpu,Cpu:1,100,Avx2,false
0,1643,2959,1,10560900,1,10,100000,0,0,,Cpu,Cpu:1,100,Avx2,false
0,1644,3186,1,11165600,1,10,100000,0,0,,Cpu,Cpu:1,400,Avx2,false
0,1645,301,1,11367800,1,10,100000,0,0,,Cpu,Cpu:1,300,Avx2,false
0,1646,1556,1,10466400,1,10,100000,0,0,,Cpu,Cpu:1,200,Avx2,false
0,1647,3240,1,10742500,1,10,100000,0,0,,Cpu,Cpu:1,200,Avx2,false
0,1648,2643,1,10245500,1,10,100000,0,0,,Cpu,Cpu:1,300,Avx2,false
0,1649,3354,1,10737600,1,10,100000,0,0,,Cpu,Cpu:1,100,Avx2,false
0,1650,469,1,10575100,1,10,100000,0,0,,Cpu,Cpu:1,300,Avx2,false
0,1651,3783,1,11760200,1,10,100000,0,0,,Cpu,Cpu:1,100,Avx2,false
0,1652,418,1,10878300,1,10,100000,0,0,,Cpu,Cpu:1,300,Avx2,false
0,1653,3809,1,10456000,1,10,100000,0,0,,Cpu,Cpu:1,300,Avx2,false
0,1654,410,1,10681700,1,10,100000,0,0,,Cpu,Cpu:1,200,Avx2,false
0,1655,1808,1,10379100,1,10,100000,0,0,,Cpu,Cpu:1,100,Avx2,false
0,1656,4893,1,11019500,1,10,100000,0,0,,Cpu,Cpu:1,100,Avx2,false
0,1657,4225,1,10325300,1,10,100000,0,0,,Cpu,Cpu:1,200,Avx2,false
0,1658,4624,1,11089200,1,10,100000,0,0,,Cpu,Cpu:1,100,Avx2,false
0,1659,4739,1,10518400,1,10,100000,0,0,,Cpu,Cpu:1,200,Avx2,false
0,1660,1132,1,11039000,1,10,100000,0,0,,Cpu,Cpu:1,300,Avx2,false
0,1661,2442,1,10317800,1,10,100000,0,0,,Cpu,Cpu:1,400,Avx2,false
0,1662,2588,1,10890900,1,10,100000,0,0,,Cpu,Cpu:1,200,Avx2,false
0,1663,1996,1,10685600,1,10,100000,0,0,,Cpu,Cpu:1,100,Avx2,false
0,1664,2480,1,10376100,1,10,100000,0,0,,Cpu,Cpu:1,100,Avx2,false
0,1665,355,1,10877800,1,10,100000,0,0,,Cpu,Cpu:1,100,Avx2,false
0,1666,2318,1,10479700,1,10,100000,0,0,,Cpu,Cpu:1,200,Avx2,false
0,1667,3700,1,10596500,1,10,100000,0,0,,Cpu,Cpu:1,100,Avx2,false
0,1668,4826,1,10238900,1,10,100000,0,0,,Cpu,Cpu:1,100,Avx2,false
0,1669,3974,1,10801500,1,10,100000,0,0,,Cpu,Cpu:1,100,Avx2,false
0,1670,2083,1,10382900,1,10,100000,0,0,,Cpu,Cpu:1,200,Avx2,false
0,1671,3810,1,10588000,1,10,100000,0,0,,Cpu,Cpu:1,100,Avx2,false
0,1672,1176,1,11086800,1,10,100000,0,0,,Cpu,Cpu:1,100,Avx2,false
0,1673,3738,1,12651800,1,10,100000,0,0,,Cpu,Cpu:1,400,Avx2,false
0,1674,2894,1,12320700,1,10,100000,0,0,,Cpu,Cpu:1,200,Avx2,false
0,1675,2161,1,11794600,1,10,100000,0,0,,Cpu,Cpu:1,200,Avx2,false
0,1676,4524,1,11358900,1,10,100000,0,0,,Cpu,Cpu:1,300,Avx2,false
0,1677,807,1,11676300,1,10,100000,0,0,,Cpu,Cpu:1,300,Avx2,false
0,1678,2439,1,11932800,1,10,100000,0,0,,Cpu,Cpu:1,300,Avx2,false
0,1679,4212,1,11520500,1,10,100000,0,0,,Cpu,Cpu:1,300,Avx2,false
0,1680,1746,1,11966500,1,10,100000,0,0,,Cpu,Cpu:1,200,Avx2,false
0,1681,687,1,13151700,1,10,100000,0,0,,Cpu,Cpu:1,300,Avx2,false
0,1682,1546,1,13095300,1,10,100000,0,0,,Cpu,Cpu:1,300,Avx2,false
0,1683,2510,1,11701900,1,10,100000,0,0,,Cpu,Cpu:1,200,Avx2,false
0,1684,14,1,10527800,1,10,100000,0,0,,Cpu,Cpu:1,300,Avx2,false
0,1685,3926,1,10717600,1,10,100000,0,0,,Cpu,Cpu:1,300,Avx2,false
0,1686,3476,1,10196500,1,10,100000,0,0,,Cpu,Cpu:1,200,Avx2,false
0,1687,4215,1,10736100,1,10,100000,0,0,,Cpu,Cpu:1,200,Avx2,false
0,1688,1195,1,10488700,1,10,100000,0,0,,Cpu,Cpu:1,100,Avx2,false
0,1689,3556,1,10869400,1,10,100000,0,0,,Cpu,Cpu:1,400,Avx2,false
0,1690,1949,1,10332800,1,10,100000,0,0,,Cpu,Cpu:1,200,Avx2,false
0,1691,1871,1,10791800,1,10,100000,0,0,,Cpu,Cpu:1,100,Avx2,false
0,1692,1728,1,10244300,1,10,100000,0,0,,Cpu,Cpu:1,200,Avx2,false
0,1693,2926,1,10839900,1,10,100000,0,0,,Cpu,Cpu:1,100,Avx2,false
0,1694,2180,1,10454500,1,10,100000,0,0,,Cpu,Cpu:1,100,Avx2,false
0,1695,4938,1,10710600,1,10,100000,0,0,,Cpu,Cpu:1,300,Avx2,false
0,1696,2122,1,10262800,1,10,100000,0,0,,Cpu,Cpu:1,200,Avx2,false
0,1697,2933,1,10790000,1,10,100000,0,0,,Cpu,Cpu:1,100,Avx2,false
0,1698,672,1,10291200,1,10,100000,0,0,,Cpu,Cpu:1,200,Avx2,false
0,1699,145,1,10918000,1,10,100000,0,0,,Cpu,Cpu:1,100,Avx2,false
0,1700,3075,1,10491900,1,10,100000,0,0,,Cpu,Cpu:1,100,Avx2,false
0,1701,363,1,10675500,1,10,100000,0,0,,Cpu,Cpu:1,300,Avx2,false
0,1702,851,1,10863500,1,10,100000,0,0,,Cpu,Cpu:1,300,Avx2,false
0,1703,4046,1,10550700,1,10,100000,0,0,,Cpu,Cpu:1,300,Avx2,false
0,1704,4386,1,10736400,1,10,100000,0,0,,Cpu,Cpu:1,300,Avx2,false
0,1705,3931,1,10346500,1,10,100000,0,0,,Cpu,Cpu:1,300,Avx2,false
0,1706,2325,1,11255100,1,10,100000,0,0,,Cpu,Cpu:1,200,Avx2,false
0,1707,3157,1,10456000,1,10,100000,0,0,,Cpu,Cpu:1,200,Avx2,false
0,1708,1762,1,10754300,1,10,100000,0,0,,Cpu,Cpu:1,200,Avx2,false
0,1709,4741,1,10556500,1,10,100000,0,0,,Cpu,Cpu:1,0,Avx2,false
0,1710,2724,1,11117700,1,10,100000,0,0,,Cpu,Cpu:1,300,Avx2,false
0,1711,873,1,11212400,1,10,100000,0,0,,Cpu,Cpu:1,300,Avx2,false
0,1712,4094,1,10565200,1,10,100000,0,0,,Cpu,Cpu:1,300,Avx2,false
0,1713,2861,1,10878000,1,10,100000,0,0,,Cpu,Cpu:1,200,Avx2,false
0,1714,1764,1,10538400,1,10,100000,0,0,,Cpu,Cpu:1,300,Avx2,false
0,1715,4266,1,10653000,1,10,100000,0,0,,Cpu,Cpu:1,200,Avx2,false
0,1716,1126,1,10410700,1,10,100000,0,0,,Cpu,Cpu:1,100,Avx2,false
0,1717,3372,1,10713900,1,10,100000,0,0,,Cpu,Cpu:1,100,Avx2,false
0,1718,1682,1,10282800,1,10,100000,0,0,,Cpu,Cpu:1,100,Avx2,false
0,1719,2344,1,10881000,1,10,100000,0,0,,Cpu,Cpu:1,100,Avx2,false
0,1720,1243,1,10316200,1,10,100000,0,0,,Cpu,Cpu:1,400,Avx2,false
0,1721,2711,1,11229600,1,10,100000,0,0,,Cpu,Cpu:1,100,Avx2,false
0,1722,2228,1,10904100,1,10,100000,0,0,,Cpu,Cpu:1,300,Avx2,false
0,1723,1851,1,10660800,1,10,100000,0,0,,Cpu,Cpu:1,300,Avx2,false
0,1724,4494,1,11077200,1,10,100000,0,0,,Cpu,Cpu:1,600,Avx2,false
0,1725,1383,1,10376600,1,10,100000,0,0,,Cpu,Cpu:1,300,Avx2,false
0,1726,4196,1,10849100,1,10,100000,0,0,,Cpu,Cpu:1,200,Avx2,false
0,1727,2503,1,10311200,1,10,100000,0,0,,Cpu,Cpu:1,200,Avx2,false
0,1728,4861,1,10759100,1,10,100000,0,0,,Cpu,Cpu:1,100,Avx2,false
0,1729,4837,1,10980200,1,10,100000,0,0,,Cpu,Cpu:1,300,Avx2,false
0,1730,2218,1,10938000,1,10,100000,0,0,,Cpu,Cpu:1,0,Avx2,false
0,1731,1751,1,10234200,1,10,100000,0,0,,Cpu,Cpu:1,100,Avx2,false
0,1732,2968,1,11124700,1,10,100000,0,0,,Cpu,Cpu:1,100,Avx2,false
0,1733,2513,1,10723900,1,10,100000,0,0,,Cpu,Cpu:1,300,Avx2,false
0,1734,228,1,10426400,1,10,100000,0,0,,Cpu,Cpu:1,300,Avx2,false
0,1735,1970,1,10688500,1,10,100000,0,0,,Cpu,Cpu:1,100,Avx2,false
0,1736,4542,1,10357400,1,10,100000,0,0,,Cpu,Cpu:1,100,Avx2,false
0,1737,2368,1,10712000,1,10,100000,0,0,,Cpu,Cpu:1,0,Avx2,false
0,1738,640,1,10238700,1,10,100000,0,0,,Cpu,Cpu:1,100,Avx2,false
0,1739,1819,1,10865000,1,10,100000,0,0,,Cpu,Cpu:1,100,Avx2,false
0,1740,3452,1,10363800,1,10,100000,0,0,,Cpu,Cpu:1,100,Avx2,false
0,1741,1889,1,10600200,1,10,100000,0,0,,Cpu,Cpu:1,100,Avx2,false
0,1742,2092,1,10595600,1,10,100000,0,0,,Cpu,Cpu:1,100,Avx2,false
0,1743,3448,1,11207100,1,10,100000,0,0,,Cpu,Cpu:1,400,Avx2,false
0,1744,262,1,10961600,1,10,100000,0,0,,Cpu,Cpu:1,200,Avx2,false
0,1745,4505,1,11552000,1,10,100000,0,0,,Cpu,Cpu:1,200,Avx2,false
0,1746,1520,1,10946700,1,10,100000,0,0,,Cpu,Cpu:1,300,Avx2,false
0,1747,2739,1,10440400,1,10,100000,0,0,,Cpu,Cpu:1,100,Avx2,false
0,1748,2390,1,10854200,1,10,100000,0,0,,Cpu,Cpu:1,100,Avx2,false
0,1749,2579,1,10332900,1,10,100000,0,0,,Cpu,Cpu:1,300,Avx2,false
0,1750,670,1,10766300,1,10,100000,0,0,,Cpu,Cpu:1,400,Avx2,false
0,1751,4719,1,11376900,1,10,100000,0,0,,Cpu,Cpu:1,400,Avx2,false
0,1752,507,1,11448300,1,10,100000,0,0,,Cpu,Cpu:1,300,Avx2,false
0,1753,1979,1,11026200,1,10,100000,0,0,,Cpu,Cpu:1,300,Avx2,false
0,1754,1508,1,10414300,1,10,100000,0,0,,Cpu,Cpu:1,300,Avx2,false
0,1755,1807,1,11102500,1,10,100000,0,0,,Cpu,Cpu:1,100,Avx2,false
0,1756,3986,1,10394000,1,10,100000,0,0,,Cpu,Cpu:1,100,Avx2,false
0,1757,3315,1,10998300,1,10,100000,0,0,,Cpu,Cpu:1,100,Avx2,false
0,1758,3082,1,10458100,1,10,100000,0,0,,Cpu,Cpu:1,200,Avx2,false
0,1759,3039,1,10829500,1,10,100000,0,0,,Cpu,Cpu:1,600,Avx2,false
0,1760,623,1,10501100,1,10,100000,0,0,,Cpu,Cpu:1,100,Avx2,false
0,1761,173,1,10697900,1,10,100000,0,0,,Cpu,Cpu:1,300,Avx2,false
0,1762,1356,1,10894600,1,10,100000,0,0,,Cpu,Cpu:1,200,Avx2,false
0,1763,2302,1,10259500,1,10,100000,0,0,,Cpu,Cpu:1,200,Avx2,false
0,1764,864,1,10758900,1,10,100000,0,0,,Cpu,Cpu:1,200,Avx2,false
0,1765,2467,1,10400500,1,10,100000,0,0,,Cpu,Cpu:1,300,Avx2,false
0,1766,1634,1,10638400,1,10,100000,0,0,,Cpu,Cpu:1,300,Avx2,false
0,1767,2327,1,10404700,1,10,100000,0,0,,Cpu,Cpu:1,100,Avx2,false
0,1768,1422,1,10918300,1,10,100000,0,0,,Cpu,Cpu:1,100,Avx2,false
0,1769,4514,1,10349400,1,10,100000,0,0,,Cpu,Cpu:1,100,Avx2,false
0,1770,1756,1,10796400,1,10,100000,0,0,,Cpu,Cpu:1,500,Avx2,false
0,1771,2831,1,10469300,1,10,100000,0,0,,Cpu,Cpu:1,300,Avx2,false
0,1772,4047,1,10641300,1,10,100000,0,0,,Cpu,Cpu:1,300,Avx2,false
0,1773,2501,1,11588300,1,10,100000,0,0,,Cpu,Cpu:1,100,Avx2,false
0,1774,1116,1,10997000,1,10,100000,0,0,,Cpu,Cpu:1,400,Avx2,false
0,1775,4859,1,10862600,1,10,100000,0,0,,Cpu,Cpu:1,400,Avx2,false
0,1776,3369,1,10356300,1,10,100000,0,0,,Cpu,Cpu:1,200,Avx2,false
0,1777,3815,1,11317000,1,10,100000,0,0,,Cpu,Cpu:1,200,Avx2,false
0,1778,1296,1,10526000,1,10,100000,0,0,,Cpu,Cpu:1,100,Avx2,false
0,1779,4802,1,10924600,1,10,100000,0,0,,Cpu,Cpu:1,300,Avx2,false
0,1780,4990,1,10359000,1,10,100000,0,0,,Cpu,Cpu:1,300,Avx2,false
0,1781,2038,1,11136200,1,10,100000,0,0,,Cpu,Cpu:1,100,Avx2,false
0,1782,560,1,10658700,1,10,100000,0,0,,Cpu,Cpu:1,200,Avx2,false
0,1783,3704,1,10428200,1,10,100000,0,0,,Cpu,Cpu:1,500,Avx2,false
0,1784,43,1,10702300,1,10,100000,0,0,,Cpu,Cpu:1,200,Avx2,false
0,1785,2136,1,10320200,1,10,100000,0,0,,Cpu,Cpu:1,200,Avx2,false
0,1786,2584,1,10948000,1,10,100000,0,0,,Cpu,Cpu:1,200,Avx2,false
0,1787,3752,1,10269000,1,10,100000,0,0,,Cpu,Cpu:1,200,Avx2,false
0,1788,716,1,10611700,1,10,100000,0,0,,Cpu,Cpu:1,200,Avx2,false
0,1789,53,1,10463500,1,10,100000,0,0,,Cpu,Cpu:1,100,Avx2,false
0,1790,3825,1,10719700,1,10,100000,0,0,,Cpu,Cpu:1,100,Avx2,false
0,1791,3079,1,10361500,1,10,100000,0,0,,Cpu,Cpu:1,100,Avx2,false
0,1792,3892,1,10692100,1,10,100000,0,0,,Cpu,Cpu:1,100,Avx2,false
0,1793,4364,1,10323400,1,10,100000,0,0,,Cpu,Cpu:1,100,Avx2,false
0,1794,4363,1,10720500,1,10,100000,0,0,,Cpu,Cpu:1,200,Avx2,false
0,1795,2699,1,10326000,1,10,100000,0,0,,Cpu,Cpu:1,100,Avx2,false
0,1796,332,1,10837300,1,10,100000,0,0,,Cpu,Cpu:1,100,Avx2,false
0,1797,4674,1,10522800,1,10,100000,0,0,,Cpu,Cpu:1,100,Avx2,false
0,1798,2512,1,11252700,1,10,100000,0,0,,Cpu,Cpu:1,100,Avx2,false
0,1799,1903,1,10657300,1,10,100000,0,0,,Cpu,Cpu:1,100,Avx2,false
0,1800,544,1,10533000,1,10,100000,0,0,,Cpu,Cpu:1,100,Avx2,false
0,1801,3426,1,10736600,1,10,100000,0,0,,Cpu,Cpu:1,0,Avx2,false
0,1802,198,1,10578100,1,10,100000,0,0,,Cpu,Cpu:1,100,Avx2,false
0,1803,2428,1,10794300,1,10,100000,0,0,,Cpu,Cpu:1,100,Avx2,false
0,1804,314,1,10265000,1,10,100000,0,0,,Cpu,Cpu:1,100,Avx2,false
0,1805,4805,1,10995700,1,10,100000,0,0,,Cpu,Cpu:1,100,Avx2,false
0,1806,3632,1,10559800,1,10,100000,0,0,,Cpu,Cpu:1,200,Avx2,false
0,1807,2858,1,10661800,1,10,100000,0,0,,Cpu,Cpu:1,100,Avx2,false
0,1808,4903,1,10355700,1,10,100000,0,0,,Cpu,Cpu:1,100,Avx2,false
0,1809,3,1,10813900,1,10,100000,0,0,,Cpu,Cpu:1,0,Avx2,false
0,1810,1262,1,10255100,1,10,100000,0,0,,Cpu,Cpu:1,200,Avx2,false
0,1811,4365,1,10812300,1,10,100000,0,0,,Cpu,Cpu:1,100,Avx2,false
0,1812,1011,1,10710100,1,10,100000,0,0,,Cpu,Cpu:1,200,Avx2,false
0,1813,339,1,10470200,1,10,100000,0,0,,Cpu,Cpu:1,200,Avx2,false
0,1814,4130,1,11172400,1,10,100000,0,0,,Cpu,Cpu:1,100,Avx2,false
0,1815,2581,1,10489000,1,10,100000,0,0,,Cpu,Cpu:1,100,Avx2,false
0,1816,586,1,10811100,1,10,100000,0,0,,Cpu,Cpu:1,300,Avx2,false
0,1817,131,1,10401900,1,10,100000,0,0,,Cpu,Cpu:1,300,Avx2,false
0,1818,2006,1,10947800,1,10,100000,0,0,,Cpu,Cpu:1,200,Avx2,false
0,1819,1923,1,10517200,1,10,100000,0,0,,Cpu,Cpu:1,100,Avx2,false
0,1820,2839,1,11137600,1,10,100000,0,0,,Cpu,Cpu:1,200,Avx2,false
0,1821,4787,1,10541300,1,10,100000,0,0,,Cpu,Cpu:1,300,Avx2,false
0,1822,2012,1,10867900,1,10,100000,0,0,,Cpu,Cpu:1,300,Avx2,false
0,1823,2143,1,10571800,1,10,100000,0,0,,Cpu,Cpu:1,400,Avx2,false
0,1824,1114,1,10618300,1,10,100000,0,0,,Cpu,Cpu:1,200,Avx2,false
0,1825,1499,1,11174100,1,10,100000,0,0,,Cpu,Cpu:1,100,Avx2,false
0,1826,4610,1,10738800,1,10,100000,0,0,,Cpu,Cpu:1,100,Avx2,false
0,1827,3232,1,10995800,1,10,100000,0,0,,Cpu,Cpu:1,200,Avx2,false
0,1828,818,1,10294100,1,10,100000,0,0,,Cpu,Cpu:1,300,Avx2,false
0,1829,71,1,10582300,1,10,100000,0,0,,Cpu,Cpu:1,100,Avx2,false
0,1830,4085,1,10354700,1,10,100000,0,0,,Cpu,Cpu:1,100,Avx2,false
0,1831,1875,1,10952800,1,10,100000,0,0,,Cpu,Cpu:1,100,Avx2,false
0,1832,2380,1,10198600,1,10,100000,0,0,,Cpu,Cpu:1,200,Avx2,false
0,1833,2666,1,10686400,1,10,100000,0,0,,Cpu,Cpu:1,0,Avx2,false
0,1834,252,1,10308600,1,10,100000,0,0,,Cpu,Cpu:1,0,Avx2,false
0,1835,2641,1,10670900,1,10,100000,0,0,,Cpu,Cpu:1,0,Avx2,false
0,1836,3941,1,10524200,1,10,100000,0,0,,Cpu,Cpu:1,0,Avx2,false
0,1837,747,1,10902800,1,10,100000,0,0,,Cpu,Cpu:1,0,Avx2,false
0,1838,494,1,10706000,1,10,100000,0,0,,Cpu,Cpu:1,300,Avx2,false
0,1839,2374,1,10737700,1,10,100000,0,0,,Cpu,Cpu:1,200,Avx2,false
0,1840,758,1,10780600,1,10,100000,0,0,,Cpu,Cpu:1,200,Avx2,false
0,1841,2481,1,10353300,1,10,100000,0,0,,Cpu,Cpu:1,0,Avx2,false
0,1842,988,1,10733800,1,10,100000,0,0,,Cpu,Cpu:1,0,Avx2,false
0,1843,4303,1,10377900,1,10,100000,0,0,,Cpu,Cpu:1,100,Avx2,false
0,1844,658,1,10832600,1,10,100000,0,0,,Cpu,Cpu:1,100,Avx2,false
0,1845,3981,1,10557600,1,10,100000,0,0,,Cpu,Cpu:1,100,Avx2,false
0,1846,1216,1,10907500,1,10,100000,0,0,,Cpu,Cpu:1,100,Avx2,false
0,1847,473,1,10479400,1,10,100000,0,0,,Cpu,Cpu:1,100,Avx2,false
0,1848,4240,1,10755900,1,10,100000,0,0,,Cpu,Cpu:1,100,Avx2,false
0,1849,4354,1,10531700,1,10,100000,0,0,,Cpu,Cpu:1,200,Avx2,false
0,1850,1659,1,10584800,1,10,100000,0,0,,Cpu,Cpu:1,300,Avx2,false
0,1851,2255,1,10540400,1,10,100000,0,0,,Cpu,Cpu:1,100,Avx2,false
0,1852,895,1,10659200,1,10,100000,0,0,,Cpu,Cpu:1,200,Avx2,false
0,1853,4726,1,10697600,1,10,100000,0,0,,Cpu,Cpu:1,200,Avx2,false
0,1854,3725,1,10403100,1,10,100000,0,0,,Cpu,Cpu:1,100,Avx2,false
0,1855,1893,1,10649100,1,10,100000,0,0,,Cpu,Cpu:1,100,Avx2,false
0,1856,2305,1,10519500,1,10,100000,0,0,,Cpu,Cpu:1,200,Avx2,false
0,1857,3612,1,10651300,1,10,100000,0,0,,Cpu,Cpu:1,100,Avx2,false
0,1858,2812,1,10356900,1,10,100000,0,0,,Cpu,Cpu:1,0,Avx2,false
0,1859,3904,1,10707400,1,10,100000,0,0,,Cpu,Cpu:1,0,Avx2,false
0,1860,193,1,10187700,1,10,100000,0,0,,Cpu,Cpu:1,0,Avx2,false
0,1861,1938,1,10941600,1,10,100000,0,0,,Cpu,Cpu:1,0,Avx2,false
0,1862,571,1,10582200,1,10,100000,0,0,,Cpu,Cpu:1,300,Avx2,false
0,1863,2084,1,10878600,1,10,100000,0,0,,Cpu,Cpu:1,200,Avx2,false
0,1864,1014,1,10403400,1,10,100000,0,0,,Cpu,Cpu:1,600,Avx2,false
0,1865,4647,1,11474800,1,10,100000,0,0,,Cpu,Cpu:1,200,Avx2,false
0,1866,116,1,10983400,1,10,100000,0,0,,Cpu,Cpu:1,200,Avx2,false
0,1867,1942,1,10302600,1,10,100000,0,0,,Cpu,Cpu:1,300,Avx2,false
0,1868,872,1,10883200,1,10,100000,0,0,,Cpu,Cpu:1,300,Avx2,false
0,1869,1167,1,10477500,1,10,100000,0,0,,Cpu,Cpu:1,100,Avx2,false
0,1870,148,1,10722600,1,10,100000,0,0,,Cpu,Cpu:1,200,Avx2,false
0,1871,3925,1,10500700,1,10,100000,0,0,,Cpu,Cpu:1,100,Avx2,false
0,1872,4836,1,10894300,1,10,100000,0,0,,Cpu,Cpu:1,100,Avx2,false
0,1873,2752,1,10288700,1,10,100000,0,0,,Cpu,Cpu:1,300,Avx2,false
0,1874,3218,1,11497000,1,10,100000,0,0,,Cpu,Cpu:1,100,Avx2,false
0,1875,2171,1,10653300,1,10,100000,0,0,,Cpu,Cpu:1,200,Avx2,false
0,1876,3420,1,10809400,1,10,100000,0,0,,Cpu,Cpu:1,200,Avx2,false
0,1877,3940,1,10719700,1,10,100000,0,0,,Cpu,Cpu:1,100,Avx2,false
0,1878,3208,1,10354800,1,10,100000,0,0,,Cpu,Cpu:1,100,Avx2,false
0,1879,1919,1,10924700,1,10,100000,0,0,,Cpu,Cpu:1,200,Avx2,false
0,1880,1419,1,10500200,1,10,100000,0,0,,Cpu,Cpu:1,200,Avx2,false
0,1881,4456,1,10753400,1,10,100000,0,0,,Cpu,Cpu:1,100,Avx2,false
0,1882,3074,1,10446300,1,10,100000,0,0,,Cpu,Cpu:1,300,Avx2,false
0,1883,4947,1,10626600,1,10,100000,0,0,,Cpu,Cpu:1,400,Avx2,false
0,1884,606,1,10523300,1,10,100000,0,0,,Cpu,Cpu:1,100,Avx2,false
0,1885,3580,1,10796200,1,10,100000,0,0,,Cpu,Cpu:1,0,Avx2,false
0,1886,426,1,10203000,1,10,100000,0,0,,Cpu,Cpu:1,100,Avx2,false
0,1887,3910,1,10837400,1,10,100000,0,0,,Cpu,Cpu:1,100,Avx2,false
0,1888,1940,1,10704100,1,10,100000,0,0,,Cpu,Cpu:1,100,Avx2,false
0,1889,11,1,10655000,1,10,100000,0,0,,Cpu,Cpu:1,500,Avx2,false
0,1890,1576,1,10740800,1,10,100000,0,0,,Cpu,Cpu:1,500,Avx2,false
0,1891,3878,1,10439600,1,10,100000,0,0,,Cpu,Cpu:1,400,Avx2,false
0,1892,2248,1,10846700,1,10,100000,0,0,,Cpu,Cpu:1,100,Avx2,false
0,1893,2773,1,10377900,1,10,100000,0,0,,Cpu,Cpu:1,400,Avx2,false
0,1894,2664,1,10994700,1,10,100000,0,0,,Cpu,Cpu:1,100,Avx2,false
0,1895,4945,1,10404300,1,10,100000,0,0,,Cpu,Cpu:1,200,Avx2,false
0,1896,3377,1,11133200,1,10,100000,0,0,,Cpu,Cpu:1,200,Avx2,false
0,1897,2224,1,10590100,1,10,100000,0,0,,Cpu,Cpu:1,300,Avx2,false
0,1898,998,1,10834800,1,10,100000,0,0,,Cpu,Cpu:1,300,Avx2,false
0,1899,2551,1,10616700,1,10,100000,0,0,,Cpu,Cpu:1,100,Avx2,false
0,1900,1469,1,11054300,1,10,100000,0,0,,Cpu,Cpu:1,400,Avx2,false
0,1901,4592,1,11731300,1,10,100000,0,0,,Cpu,Cpu:1,200,Avx2,false
0,1902,81,1,12456900,1,10,100000,0,0,,Cpu,Cpu:1,300,Avx2,false
0,1903,2963,1,10735400,1,10,100000,0,0,,Cpu,Cpu:1,600,Avx2,false
0,1904,3304,1,10954200,1,10,100000,0,0,,Cpu,Cpu:1,300,Avx2,false
0,1905,1952,1,10382500,1,10,100000,0,0,,Cpu,Cpu:1,400,Avx2,false
0,1906,1932,1,10603800,1,10,100000,0,0,,Cpu,Cpu:1,100,Avx2,false
0,1907,2423,1,10950800,1,10,100000,0,0,,Cpu,Cpu:1,100,Avx2,false
0,1908,2422,1,11360900,1,10,100000,0,0,,Cpu,Cpu:1,200,Avx2,false
0,1909,3334,1,10351900,1,10,100000,0,0,,Cpu,Cpu:1,200,Avx2,false
0,1910,220,1,11012300,1,10,100000,0,0,,Cpu,Cpu:1,300,Avx2,false
0,1911,2911,1,11031100,1,10,100000,0,0,,Cpu,Cpu:1,100,Avx2,false
0,1912,3659,1,10408400,1,10,100000,0,0,,Cpu,Cpu:1,200,Avx2,false
0,1913,4285,1,10913900,1,10,100000,0,0,,Cpu,Cpu:1,100,Avx2,false
0,1914,794,1,10656900,1,10,100000,0,0,,Cpu,Cpu:1,200,Avx2,false
0,1915,4936,1,11003400,1,10,100000,0,0,,Cpu,Cpu:1,300,Avx2,false
0,1916,1058,1,10334700,1,10,100000,0,0,,Cpu,Cpu:1,300,Avx2,false
0,1917,2477,1,10864900,1,10,100000,0,0,,Cpu,Cpu:1,200,Avx2,false
0,1918,3876,1,10418300,1,10,100000,0,0,,Cpu,Cpu:1,100,Avx2,false
0,1919,2033,1,10910400,1,10,100000,0,0,,Cpu,Cpu:1,200,Avx2,false
0,1920,2508,1,10515500,1,10,100000,0,0,,Cpu,Cpu:1,200,Avx2,false
0,1921,4962,1,11060500,1,10,100000,0,0,,Cpu,Cpu:1,300,Avx2,false
0,1922,1566,1,11128900,1,10,100000,0,0,,Cpu,Cpu:1,100,Avx2,false
0,1923,2315,1,10524400,1,10,100000,0,0,,Cpu,Cpu:1,300,Avx2,false
0,1924,4227,1,11279500,1,10,100000,0,0,,Cpu,Cpu:1,100,Avx2,false
0,1925,1597,1,11122400,1,10,100000,0,0,,Cpu,Cpu:1,200,Avx2,false
0,1926,3812,1,10966200,1,10,100000,0,0,,Cpu,Cpu:1,200,Avx2,false
0,1927,1393,1,10727100,1,10,100000,0,0,,Cpu,Cpu:1,100,Avx2,false
0,1928,3228,1,10514700,1,10,100000,0,0,,Cpu,Cpu:1,300,Avx2,false
0,1929,953,1,10653500,1,10,100000,0,0,,Cpu,Cpu:1,300,Avx2,false
0,1930,498,1,10539300,1,10,100000,0,0,,Cpu,Cpu:1,100,Avx2,false
0,1931,3834,1,10810800,1,10,100000,0,0,,Cpu,Cpu:1,200,Avx2,false
0,1932,1693,1,10265100,1,10,100000,0,0,,Cpu,Cpu:1,200,Avx2,false
0,1933,1023,1,11091300,1,10,100000,0,0,,Cpu,Cpu:1,100,Avx2,false
0,1934,2684,1,10486500,1,10,100000,0,0,,Cpu,Cpu:1,200,Avx2,false
0,1935,4187,1,10659300,1,10,100000,0,0,,Cpu,Cpu:1,0,Avx2,false
0,1936,143,1,10304200,1,10,100000,0,0,,Cpu,Cpu:1,100,Avx2,false
0,1937,1863,1,10824000,1,10,100000,0,0,,Cpu,Cpu:1,100,Avx2,false
0,1938,2941,1,10602000,1,10,100000,0,0,,Cpu,Cpu:1,100,Avx2,false
0,1939,2406,1,11007400,1,10,100000,0,0,,Cpu,Cpu:1,200,Avx2,false
0,1940,118,1,10925600,1,10,100000,0,0,,Cpu,Cpu:1,300,Avx2,false
0,1941,2164,1,10590400,1,10,100000,0,0,,Cpu,Cpu:1,400,Avx2,false
0,1942,2639,1,10875300,1,10,100000,0,0,,Cpu,Cpu:1,300,Avx2,false
0,1943,4045,1,10524600,1,10,100000,0,0,,Cpu,Cpu:1,100,Avx2,false
0,1944,2378,1,10874000,1,10,100000,0,0,,Cpu,Cpu:1,200,Avx2,false
0,1945,4840,1,10258900,1,10,100000,0,0,,Cpu,Cpu:1,100,Avx2,false
0,1946,1602,1,10918300,1,10,100000,0,0,,Cpu,Cpu:1,100,Avx2,false
0,1947,2583,1,10473300,1,10,100000,0,0,,Cpu,Cpu:1,100,Avx2,false
0,1948,3484,1,10860800,1,10,100000,0,0,,Cpu,Cpu:1,100,Avx2,false
0,1949,3617,1,10523800,1,10,100000,0,0,,Cpu,Cpu:1,200,Avx2,false
0,1950,3295,1,11088900,1,10,100000,0,0,,Cpu,Cpu:1,200,Avx2,false
0,1951,2728,1,10711100,1,10,100000,0,0,,Cpu,Cpu:1,100,Avx2,false
0,1952,2089,1,10263500,1,10,100000,0,0,,Cpu,Cpu:1,200,Avx2,false
0,1953,4091,1,11105400,1,10,100000,0,0,,Cpu,Cpu:1,100,Avx2,false
0,1954,3440,1,10493600,1,10,100000,0,0,,Cpu,Cpu:1,200,Avx2,false
0,1955,4478,1,10786700,1,10,100000,0,0,,Cpu,Cpu:1,300,Avx2,false
0,1956,2702,1,10295400,1,10,100000,0,0,,Cpu,Cpu:1,200,Avx2,false
0,1957,4228,1,11258700,1,10,100000,0,0,,Cpu,Cpu:1,100,Avx2,false
0,1958,136,1,10548300,1,10,100000,0,0,,Cpu,Cpu:1,200,Avx2,false
0,1959,4010,1,10668700,1,10,100000,0,0,,Cpu,Cpu:1,200,Avx2,false
0,1960,4413,1,10587800,1,10,100000,0,0,,Cpu,Cpu:1,100,Avx2,false
0,1961,2077,1,10996700,1,10,100000,0,0,,Cpu,Cpu:1,300,Avx2,false
0,1962,1595,1,10624300,1,10,100000,0,0,,Cpu,Cpu:1,400,Avx2,false
0,1963,3555,1,10690400,1,10,100000,0,0,,Cpu,Cpu:1,200,Avx2,false
0,1964,2392,1,11085200,1,10,100000,0,0,,Cpu,Cpu:1,100,Avx2,false
0,1965,2008,1,10479100,1,10,100000,0,0,,Cpu,Cpu:1,200,Avx2,false
0,1966,1406,1,10795300,1,10,100000,0,0,,Cpu,Cpu:1,300,Avx2,false
0,1967,3890,1,10359600,1,10,100000,0,0,,Cpu,Cpu:1,300,Avx2,false
0,1968,740,1,10811800,1,10,100000,0,0,,Cpu,Cpu:1,200,Avx2,false
0,1969,1551,1,10471800,1,10,100000,0,0,,Cpu,Cpu:1,100,Avx2,false
0,1970,3591,1,11630700,1,10,100000,0,0,,Cpu,Cpu:1,100,Avx2,false
0,1971,4858,1,10915500,1,10,100000,0,0,,Cpu,Cpu:1,200,Avx2,false
0,1972,852,1,10929400,1,10,100000,0,0,,Cpu,Cpu:1,100,Avx2,false
0,1973,4631,1,11189900,1,10,100000,0,0,,Cpu,Cpu:1,100,Avx2,false
0,1974,84,1,10368900,1,10,100000,0,0,,Cpu,Cpu:1,200,Avx2,false
0,1975,2094,1,10862200,1,10,100000,0,0,,Cpu,Cpu:1,200,Avx2,false
0,1976,4838,1,10528900,1,10,100000,0,0,,Cpu,Cpu:1,200,Avx2,false
0,1977,3090,1,11104300,1,10,100000,0,0,,Cpu,Cpu:1,300,Avx2,false
0,1978,3804,1,10836500,1,10,100000,0,0,,Cpu,Cpu:1,200,Avx2,false
0,1979,4158,1,10480000,1,10,100000,0,0,,Cpu,Cpu:1,400,Avx2,false
0,1980,4785,1,10969000,1,10,100000,0,0,,Cpu,Cpu:1,300,Avx2,false
0,1981,3099,1,10460000,1,10,100000,0,0,,Cpu,Cpu:1,300,Avx2,false
0,1982,2275,1,10784900,1,10,100000,0,0,,Cpu,Cpu:1,300,Avx2,false
0,1983,2685,1,10411500,1,10,100000,0,0,,Cpu,Cpu:1,300,Avx2,false
0,1984,2130,1,10878300,1,10,100000,0,0,,Cpu,Cpu:1,300,Avx2,false
0,1985,1525,1,10393100,1,10,100000,0,0,,Cpu,Cpu:1,0,Avx2,false
0,1986,156,1,11197900,1,10,100000,0,0,,Cpu,Cpu:1,100,Avx2,false
0,1987,4567,1,10435100,1,10,100000,0,0,,Cpu,Cpu:1,200,Avx2,false
0,1988,109,1,10875600,1,10,100000,0,0,,Cpu,Cpu:1,100,Avx2,false
0,1989,2788,1,10717000,1,10,100000,0,0,,Cpu,Cpu:1,100,Avx2,false
0,1990,436,1,10509900,1,10,100000,0,0,,Cpu,Cpu:1,100,Avx2,false
0,1991,4755,1,10930500,1,10,100000,0,0,,Cpu,Cpu:1,100,Avx2,false
0,1992,3435,1,10921600,1,10,100000,0,0,,Cpu,Cpu:1,400,Avx2,false
0,1993,4404,1,10857000,1,10,100000,0,0,,Cpu,Cpu:1,500,Avx2,false
0,1994,2572,1,10683200,1,10,100000,0,0,,Cpu,Cpu:1,200,Avx2,false
0,1995,1553,1,10770000,1,10,100000,0,0,,Cpu,Cpu:1,300,Avx2,false
0,1996,3875,1,10563500,1,10,100000,0,0,,Cpu,Cpu:1,100,Avx2,false
0,1997,1605,1,11248100,1,10,100000,0,0,,Cpu,Cpu:1,100,Avx2,false
0,1998,834,1,10778100,1,10,100000,0,0,,Cpu,Cpu:1,300,Avx2,false
0,1999,1801,1,10505500,1,10,100000,0,0,,Cpu,Cpu:1,400,Avx2,false
0,2000,812,1,11201100,1,10,100000,0,0,,Cpu,Cpu:1,0,Avx2,false
0,2001,2534,1,10615300,1,10,100000,0,0,,Cpu,Cpu:1,200,Avx2,false
0,2002,2759,1,10872300,1,10,100000,0,0,,Cpu,Cpu:1,300,Avx2,false
0,2003,421,1,10506700,1,10,100000,0,0,,Cpu,Cpu:1,200,Avx2,false
0,2004,3526,1,10979600,1,10,100000,0,0,,Cpu,Cpu:1,100,Avx2,false
0,2005,2404,1,10360600,1,10,100000,0,0,,Cpu,Cpu:1,0,Avx2,false
0,2006,3421,1,11109200,1,10,100000,0,0,,Cpu,Cpu:1,200,Avx2,false
0,2007,3259,1,10892600,1,10,100000,0,0,,Cpu,Cpu:1,300,Avx2,false
0,2008,4129,1,10508800,1,10,100000,0,0,,Cpu,Cpu:1,400,Avx2,false
0,2009,3793,1,10685600,1,10,100000,0,0,,Cpu,Cpu:1,0,Avx2,false
0,2010,454,1,10355100,1,10,100000,0,0,,Cpu,Cpu:1,200,Avx2,false
0,2011,2449,1,11025800,1,10,100000,0,0,,Cpu,Cpu:1,300,Avx2,false
0,2012,2219,1,10505500,1,10,100000,0,0,,Cpu,Cpu:1,300,Avx2,false
0,2013,3040,1,10730600,1,10,100000,0,0,,Cpu,Cpu:1,200,Avx2,false
0,2014,4866,1,10207900,1,10,100000,0,0,,Cpu,Cpu:1,100,Avx2,false
0,2015,3638,1,10947700,1,10,100000,0,0,,Cpu,Cpu:1,100,Avx2,false
0,2016,573,1,10476100,1,10,100000,0,0,,Cpu,Cpu:1,100,Avx2,false
0,2017,3822,1,10834300,1,10,100000,0,0,,Cpu,Cpu:1,300,Avx2,false
0,2018,149,1,11561700,1,10,100000,0,0,,Cpu,Cpu:1,200,Avx2,false
0,2019,3970,1,10637400,1,10,100000,0,0,,Cpu,Cpu:1,200,Avx2,false
0,2020,1462,1,10944200,1,10,100000,0,0,,Cpu,Cpu:1,100,Avx2,false
0,2021,2134,1,10272900,1,10,100000,0,0,,Cpu,Cpu:1,300,Avx2,false
0,2022,1680,1,10900700,1,10,100000,0,0,,Cpu,Cpu:1,300,Avx2,false
0,2023,2703,1,10555200,1,10,100000,0,0,,Cpu,Cpu:1,100,Avx2,false
0,2024,3625,1,10735000,1,10,100000,0,0,,Cpu,Cpu:1,100,Avx2,false
0,2025,1507,1,10320000,1,10,100000,0,0,,Cpu,Cpu:1,100,Avx2,false
0,2026,1030,1,11088600,1,10,100000,0,0,,Cpu,Cpu:1,200,Avx2,false
0,2027,2886,1,10425400,1,10,100000,0,0,,Cpu,Cpu:1,200,Avx2,false
0,2028,1082,1,11434000,1,10,100000,0,0,,Cpu,Cpu:1,100,Avx2,false
0,2029,4699,1,10859700,1,10,100000,0,0,,Cpu,Cpu:1,300,Avx2,false
0,2030,2700,1,10470900,1,10,100000,0,0,,Cpu,Cpu:1,300,Avx2,false
0,2031,3663,1,11089800,1,10,100000,0,0,,Cpu,Cpu:1,200,Avx2,false
0,2032,467,1,10871600,1,10,100000,0,0,,Cpu,Cpu:1,0,Avx2,false
0,2033,2587,1,11081100,1,10,100000,0,0,,Cpu,Cpu:1,200,Avx2,false
0,2034,1442,1,10988500,1,10,100000,0,0,,Cpu,Cpu:1,400,Avx2,false
0,2035,3126,1,11210000,1,10,100000,0,0,,Cpu,Cpu:1,300,Avx2,false
0,2036,886,1,10748200,1,10,100000,0,0,,Cpu,Cpu:1,300,Avx2,false
0,2037,639,1,10250800,1,10,100000,0,0,,Cpu,Cpu:1,200,Avx2,false
0,2038,2938,1,10964300,1,10,100000,0,0,,Cpu,Cpu:1,100,Avx2,false
0,2039,2147,1,10742000,1,10,100000,0,0,,Cpu,Cpu:1,400,Avx2,false
0,2040,714,1,10989300,1,10,100000,0,0,,Cpu,Cpu:1,200,Avx2,false
0,2041,45,1,10221600,1,10,100000,0,0,,Cpu,Cpu:1,300,Avx2,false
0,2042,4029,1,10993700,1,10,100000,0,0,,Cpu,Cpu:1,100,Avx2,false
0,2043,4986,1,10505800,1,10,100000,0,0,,Cpu,Cpu:1,100,Avx2,false
0,2044,4857,1,10824100,1,10,100000,0,0,,Cpu,Cpu:1,200,Avx2,false
0,2045,1357,1,10935800,1,10,100000,0,0,,Cpu,Cpu:1,100,Avx2,false
0,2046,46,1,10622800,1,10,100000,0,0,,Cpu,Cpu:1,100,Avx2,false
0,2047,4618,1,10758900,1,10,100000,0,0,,Cpu,Cpu:1,300,Avx2,false
0,2048,3357,1,10812800,1,10,100000,0,0,,Cpu,Cpu:1,400,Avx2,false
0,2049,1867,1,11123700,1,10,100000,0,0,,Cpu,Cpu:1,300,Avx2,false
0,2050,4555,1,10512600,1,10,100000,0,0,,Cpu,Cpu:1,200,Avx2,false
0,2051,4174,1,10825000,1,10,100000,0,0,,Cpu,Cpu:1,100,Avx2,false
0,2052,2182,1,10338700,1,10,100000,0,0,,Cpu,Cpu:1,500,Avx2,false
0,2053,4455,1,11173400,1,10,100000,0,0,,Cpu,Cpu:1,400,Avx2,false
0,2054,920,1,10709400,1,10,100000,0,0,,Cpu,Cpu:1,200,Avx2,false
0,2055,3238,1,10597900,1,10,100000,0,0,,Cpu,Cpu:1,100,Avx2,false
0,2056,2785,1,10729600,1,10,100000,0,0,,Cpu,Cpu:1,200,Avx2,false
0,2057,365,1,10398800,1,10,100000,0,0,,Cpu,Cpu:1,200,Avx2,false
0,2058,3746,1,10881000,1,10,100000,0,0,,Cpu,Cpu:1,100,Avx2,false
0,2059,2538,1,10420700,1,10,100000,0,0,,Cpu,Cpu:1,200,Avx2,false
0,2060,497,1,10644700,1,10,100000,0,0,,Cpu,Cpu:1,200,Avx2,false
0,2061,3465,1,10482300,1,10,100000,0,0,,Cpu,Cpu:1,100,Avx2,false
0,2062,3652,1,10738300,1,10,100000,0,0,,Cpu,Cpu:1,100,Avx2,false
0,2063,3396,1,10342200,1,10,100000,0,0,,Cpu,Cpu:1,200,Avx2,false
0,2064,3072,1,10784500,1,10,100000,0,0,,Cpu,Cpu:1,100,Avx2,false
0,2065,267,1,10700900,1,10,100000,0,0,,Cpu,Cpu:1,200,Avx2,false
0,2066,1291,1,11107100,1,10,100000,0,0,,Cpu,Cpu:1,100,Avx2,false
0,2067,801,1,10684400,1,10,100000,0,0,,Cpu,Cpu:1,200,Avx2,false
0,2068,186,1,10365000,1,10,100000,0,0,,Cpu,Cpu:1,200,Avx2,false
0,2069,2432,1,10841400,1,10,100000,0,0,,Cpu,Cpu:1,100,Avx2,false
0,2070,1091,1,10533000,1,10,100000,0,0,,Cpu,Cpu:1,200,Avx2,false
0,2071,441,1,10818500,1,10,100000,0,0,,Cpu,Cpu:1,400,Avx2,false
0,2072,3716,1,10363400,1,10,100000,0,0,,Cpu,Cpu:1,100,Avx2,false
0,2073,4901,1,10965200,1,10,100000,0,0,,Cpu,Cpu:1,100,Avx2,false
0,2074,440,1,10961000,1,10,100000,0,0,,Cpu,Cpu:1,300,Avx2,false
0,2075,4206,1,11299800,1,10,100000,0,0,,Cpu,Cpu:1,200,Avx2,false
0,2076,1838,1,10684200,1,10,100000,0,0,,Cpu,Cpu:1,200,Avx2,false
0,2077,2638,1,10604000,1,10,100000,0,0,,Cpu,Cpu:1,200,Avx2,false
0,2078,3494,1,11474600,1,10,100000,0,0,,Cpu,Cpu:1,100,Avx2,false
0,2079,3496,1,10501800,1,10,100000,0,0,,Cpu,Cpu:1,200,Avx2,false
0,2080,2395,1,11036300,1,10,100000,0,0,,Cpu,Cpu:1,300,Avx2,false
0,2081,3911,1,10704400,1,10,100000,0,0,,Cpu,Cpu:1,400,Avx2,false
0,2082,3844,1,10819100,1,10,100000,0,0,,Cpu,Cpu:1,200,Avx2,false
0,2083,2514,1,10445300,1,10,100000,0,0,,Cpu,Cpu:1,400,Avx2,false
0,2084,3756,1,10747000,1,10,100000,0,0,,Cpu,Cpu:1,300,Avx2,false
0,2085,243,1,10938500,1,10,100000,0,0,,Cpu,Cpu:1,100,Avx2,false
0,2086,1448,1,10314500,1,10,100000,0,0,,Cpu,Cpu:1,100,Avx2,false
0,2087,73,1,10894600,1,10,100000,0,0,,Cpu,Cpu:1,100,Avx2,false
0,2088,1073,1,10482900,1,10,100000,0,0,,Cpu,Cpu:1,200,Avx2,false
0,2089,1487,1,10765400,1,10,100000,0,0,,Cpu,Cpu:1,300,Avx2,false
0,2090,667,1,10430400,1,10,100000,0,0,,Cpu,Cpu:1,100,Avx2,false
0,2091,4021,1,10829300,1,10,100000,0,0,,Cpu,Cpu:1,200,Avx2,false
0,2092,1732,1,10283000,1,10,100000,0,0,,Cpu,Cpu:1,100,Avx2,false
0,2093,4821,1,11182000,1,10,100000,0,0,,Cpu,Cpu:1,100,Avx2,false
0,2094,2802,1,10594700,1,10,100000,0,0,,Cpu,Cpu:1,200,Avx2,false
0,2095,2527,1,10924400,1,10,100000,0,0,,Cpu,Cpu:1,200,Avx2,false
0,2096,3248,1,10577600,1,10,100000,0,0,,Cpu,Cpu:1,200,Avx2,false
0,2097,527,1,10774500,1,10,100000,0,0,,Cpu,Cpu:1,200,Avx2,false
0,2098,1539,1,10780800,1,10,100000,0,0,,Cpu,Cpu:1,200,Avx2,false
0,2099,3362,1,10446800,1,10,100000,0,0,,Cpu,Cpu:1,200,Avx2,false
0,2100,1381,1,11146000,1,10,100000,0,0,,Cpu,Cpu:1,300,Avx2,false
0,2101,3249,1,10404700,1,10,100000,0,0,,Cpu,Cpu:1,300,Avx2,false
0,2102,1852,1,10957900,1,10,100000,0,0,,Cpu,Cpu:1,300,Avx2,false
0,2103,4757,1,10436800,1,10,100000,0,0,,Cpu,Cpu:1,100,Avx2,false
0,2104,1790,1,11299600,1,10,100000,0,0,,Cpu,Cpu:1,200,Avx2,false
0,2105,55,1,11007200,1,10,100000,0,0,,Cpu,Cpu:1,100,Avx2,false
0,2106,446,1,10347200,1,10,100000,0,0,,Cpu,Cpu:1,400,Avx2,false
0,2107,3503,1,11154300,1,10,100000,0,0,,Cpu,Cpu:1,100,Avx2,false
0,2108,4140,1,10490600,1,10,100000,0,0,,Cpu,Cpu:1,200,Avx2,false
0,2109,4531,1,10864400,1,10,100000,0,0,,Cpu,Cpu:1,200,Avx2,false
0,2110,3637,1,10394000,1,10,100000,0,0,,Cpu,Cpu:1,200,Avx2,false
0,2111,2303,1,10740500,1,10,100000,0,0,,Cpu,Cpu:1,200,Avx2,false
0,2112,1299,1,10422800,1,10,100000,0,0,,Cpu,Cpu:1,200,Avx2,false
0,2113,4886,1,11405600,1,10,100000,0,0,,Cpu,Cpu:1,300,Avx2,false
0,2114,1246,1,10943400,1,10,100000,0,0,,Cpu,Cpu:1,200,Avx2,false
0,2115,4256,1,10848600,1,10,100000,0,0,,Cpu,Cpu:1,400,Avx2,false
0,2116,2766,1,10995100,1,10,100000,0,0,,Cpu,Cpu:1,300,Avx2,false
0,2117,4070,1,10675900,1,10,100000,0,0,,Cpu,Cpu:1,200,Avx2,false
0,2118,823,1,10838200,1,10,100000,0,0,,Cpu,Cpu:1,300,Avx2,false
0,2119,2135,1,10485500,1,10,100000,0,0,,Cpu,Cpu:1,200,Avx2,false
0,2120,4579,1,10998800,1,10,100000,0,0,,Cpu,Cpu:1,200,Avx2,false
0,2121,4242,1,10348500,1,10,100000,0,0,,Cpu,Cpu:1,100,Avx2,false
0,2122,3230,1,10824500,1,10,100000,0,0,,Cpu,Cpu:1,100,Avx2,false
0,2123,4729,1,10585700,1,10,100000,0,0,,Cpu,Cpu:1,300,Avx2,false
0,2124,3562,1,10736900,1,10,100000,0,0,,Cpu,Cpu:1,100,Avx2,false
0,2125,2578,1,11029000,1,10,100000,0,0,,Cpu,Cpu:1,100,Avx2,false
0,2126,1951,1,10586300,1,10,100000,0,0,,Cpu,Cpu:1,400,Avx2,false
0,2127,2140,1,10963000,1,10,100000,0,0,,Cpu,Cpu:1,100,Avx2,false
0,2128,4102,1,10281300,1,10,100000,0,0,,Cpu,Cpu:1,0,Avx2,false
0,2129,4033,1,10781900,1,10,100000,0,0,,Cpu,Cpu:1,100,Avx2,false
0,2130,3499,1,10328700,1,10,100000,0,0,,Cpu,Cpu:1,100,Avx2,false
0,2131,3163,1,10680000,1,10,100000,0,0,,Cpu,Cpu:1,100,Avx2,false
0,2132,3627,1,10448400,1,10,100000,0,0,,Cpu,Cpu:1,100,Avx2,false
0,2133,3136,1,10737200,1,10,100000,0,0,,Cpu,Cpu:1,200,Avx2,false
0,2134,2403,1,10321100,1,10,100000,0,0,,Cpu,Cpu:1,100,Avx2,false
0,2135,897,1,11112200,1,10,100000,0,0,,Cpu,Cpu:1,100,Avx2,false
0,2136,2945,1,11043900,1,10,100000,0,0,,Cpu,Cpu:1,300,Avx2,false
0,2137,1641,1,10698400,1,10,100000,0,0,,Cpu,Cpu:1,500,Avx2,false
0,2138,224,1,10753600,1,10,100000,0,0,,Cpu,Cpu:1,300,Avx2,false
0,2139,409,1,10465400,1,10,100000,0,0,,Cpu,Cpu:1,300,Avx2,false
0,2140,2981,1,10666100,1,10,100000,0,0,,Cpu,Cpu:1,100,Avx2,false
0,2141,4113,1,10380100,1,10,100000,0,0,,Cpu,Cpu:1,300,Avx2,false
0,2142,4219,1,10770500,1,10,100000,0,0,,Cpu,Cpu:1,100,Avx2,false
0,2143,1401,1,10422000,1,10,100000,0,0,,Cpu,Cpu:1,300,Avx2,false
0,2144,2972,1,10797500,1,10,100000,0,0,,Cpu,Cpu:1,100,Avx2,false
0,2145,4321,1,10518400,1,10,100000,0,0,,Cpu,Cpu:1,200,Avx2,false
0,2146,1386,1,10826500,1,10,100000,0,0,,Cpu,Cpu:1,300,Avx2,false
0,2147,2311,1,10228400,1,10,100000,0,0,,Cpu,Cpu:1,200,Avx2,false
0,2148,3641,1,10925200,1,10,100000,0,0,,Cpu,Cpu:1,200,Avx2,false
0,2149,2202,1,10636400,1,10,100000,0,0,,Cpu,Cpu:1,200,Avx2,false
0,2150,1048,1,10487800,1,10,100000,0,0,,Cpu,Cpu:1,200,Avx2,false
0,2151,3335,1,10696200,1,10,100000,0,0,,Cpu,Cpu:1,0,Avx2,false
0,2152,3942,1,10514200,1,10,100000,0,0,,Cpu,Cpu:1,100,Avx2,false
0,2153,4416,1,10759400,1,10,100000,0,0,,Cpu,Cpu:1,100,Avx2,false
0,2154,123,1,10350200,1,10,100000,0,0,,Cpu,Cpu:1,200,Avx2,false
0,2155,3288,1,10668400,1,10,100000,0,0,,Cpu,Cpu:1,100,Avx2,false
0,2156,659,1,10355400,1,10,100000,0,0,,Cpu,Cpu:1,100,Avx2,false
0,2157,4250,1,10790900,1,10,100000,0,0,,Cpu,Cpu:1,0,Avx2,false
0,2158,1108,1,10402900,1,10,100000,0,0,,Cpu,Cpu:1,100,Avx2,false
0,2159,4117,1,10668100,1,10,100000,0,0,,Cpu,Cpu:1,100,Avx2,false
0,2160,2026,1,10488800,1,10,100000,0,0,,Cpu,Cpu:1,100,Avx2,false
0,2161,2451,1,11161500,1,10,100000,0,0,,Cpu,Cpu:1,100,Avx2,false
0,2162,1399,1,10830400,1,10,100000,0,0,,Cpu,Cpu:1,300,Avx2,false
0,2163,3975,1,11112800,1,10,100000,0,0,,Cpu,Cpu:1,400,Avx2,false
0,2164,2461,1,10758200,1,10,100000,0,0,,Cpu,Cpu:1,300,Avx2,false
0,2165,657,1,10275400,1,10,100000,0,0,,Cpu,Cpu:1,400,Avx2,false
0,2166,4560,1,10614800,1,10,100000,0,0,,Cpu,Cpu:1,300,Avx2,false
0,2167,2025,1,10278800,1,10,100000,0,0,,Cpu,Cpu:1,200,Avx2,false
0,2168,3021,1,10678000,1,10,100000,0,0,,Cpu,Cpu:1,100,Avx2,false
0,2169,3341,1,10420500,1,10,100000,0,0,,Cpu,Cpu:1,100,Avx2,false
0,2170,1953,1,10807500,1,10,100000,0,0,,Cpu,Cpu:1,200,Avx2,false
0,2171,3010,1,10268300,1,10,100000,0,0,,Cpu,Cpu:1,100,Avx2,false
0,2172,3523,1,11148500,1,10,100000,0,0,,Cpu,Cpu:1,100,Avx2,false
0,2173,2813,1,10500200,1,10,100000,0,0,,Cpu,Cpu:1,200,Avx2,false
0,2174,4141,1,10813800,1,10,100000,0,0,,Cpu,Cpu:1,200,Avx2,false
0,2175,3037,1,10284500,1,10,100000,0,0,,Cpu,Cpu:1,400,Avx2,false
0,2176,4202,1,10838900,1,10,100000,0,0,,Cpu,Cpu:1,200,Avx2,false
0,2177,2715,1,10459100,1,10,100000,0,0,,Cpu,Cpu:1,100,Avx2,false
0,2178,242,1,10697500,1,10,100000,0,0,,Cpu,Cpu:1,100,Avx2,false
0,2179,2479,1,11074700,1,10,100000,0,0,,Cpu,Cpu:1,100,Avx2,false
0,2180,3643,1,10409200,1,10,100000,0,0,,Cpu,Cpu:1,300,Avx2,false
0,2181,611,1,10576800,1,10,100000,0,0,,Cpu,Cpu:1,200,Avx2,false
0,2182,1410,1,10353800,1,10,100000,0,0,,Cpu,Cpu:1,0,Avx2,false
0,2183,2057,1,10981400,1,10,100000,0,0,,Cpu,Cpu:1,100,Avx2,false
0,2184,878,1,10256000,1,10,100000,0,0,,Cpu,Cpu:1,200,Avx2,false
0,2185,3511,1,10752500,1,10,100000,0,0,,Cpu,Cpu:1,200,Avx2,false
0,2186,710,1,10634900,1,10,100000,0,0,,Cpu,Cpu:1,300,Avx2,false
0,2187,3848,1,10914500,1,10,100000,0,0,,Cpu,Cpu:1,100,Avx2,false
0,2188,1071,1,10549300,1,10,100000,0,0,,Cpu,Cpu:1,100,Avx2,false
0,2189,3712,1,11036000,1,10,100000,0,0,,Cpu,Cpu:1,100,Avx2,false
0,2190,1596,1,10641600,1,10,100000,0,0,,Cpu,Cpu:1,100,Avx2,false
0,2191,3952,1,10652600,1,10,100000,0,0,,Cpu,Cpu:1,100,Avx2,false
0,2192,2628,1,10761400,1,10,100000,0,0,,Cpu,Cpu:1,0,Avx2,false
0,2193,2312,1,10557800,1,10,100000,0,0,,Cpu,Cpu:1,100,Avx2,false
0,2194,1890,1,10624000,1,10,100000,0,0,,Cpu,Cpu:1,100,Avx2,false
0,2195,1709,1,10490400,1,10,100000,0,0,,Cpu,Cpu:1,100,Avx2,false
0,2196,3506,1,10687600,1,10,100000,0,0,,Cpu,Cpu:1,200,Avx2,false
0,2197,4108,1,10322300,1,10,100000,0,0,,Cpu,Cpu:1,300,Avx2,false
0,2198,1189,1,10991200,1,10,100000,0,0,,Cpu,Cpu:1,100,Avx2,false
0,2199,481,1,10723500,1,10,100000,0,0,,Cpu,Cpu:1,100,Avx2,false
0,2200,4324,1,10793300,1,10,100000,0,0,,Cpu,Cpu:1,200,Avx2,false
0,2201,683,1,10511400,1,10,100000,0,0,,Cpu,Cpu:1,400,Avx2,false
0,2202,2783,1,10772200,1,10,100000,0,0,,Cpu,Cpu:1,300,Avx2,false
0,2203,2528,1,10435200,1,10,100000,0,0,,Cpu,Cpu:1,100,Avx2,false
0,2204,2778,1,10961900,1,10,100000,0,0,,Cpu,Cpu:1,100,Avx2,false
0,2205,3923,1,11445800,1,10,100000,0,0,,Cpu,Cpu:1,300,Avx2,false
0,2206,996,1,11044000,1,10,100000,0,0,,Cpu,Cpu:1,200,Avx2,false
0,2207,4349,1,10808800,1,10,100000,0,0,,Cpu,Cpu:1,100,Avx2,false
0,2208,4818,1,10405200,1,10,100000,0,0,,Cpu,Cpu:1,100,Avx2,false
0,2209,3003,1,11065300,1,10,100000,0,0,,Cpu,Cpu:1,200,Avx2,false
0,2210,2274,1,10766800,1,10,100000,0,0,,Cpu,Cpu:1,300,Avx2,false
0,2211,2651,1,10609000,1,10,100000,0,0,,Cpu,Cpu:1,0,Avx2,false
0,2212,3415,1,10567300,1,10,100000,0,0,,Cpu,Cpu:1,0,Avx2,false
0,2213,2236,1,10386900,1,10,100000,0,0,,Cpu,Cpu:1,100,Avx2,false
0,2214,2034,1,10631200,1,10,100000,0,0,,Cpu,Cpu:1,100,Avx2,false
0,2215,2764,1,10650100,1,10,100000,0,0,,Cpu,Cpu:1,100,Avx2,false
0,2216,647,1,10871900,1,10,100000,0,0,,Cpu,Cpu:1,200,Avx2,false
0,2217,1311,1,11298200,1,10,100000,0,0,,Cpu,Cpu:1,100,Avx2,false
0,2218,1314,1,11579900,1,10,100000,0,0,,Cpu,Cpu:1,100,Avx2,false
0,2219,3835,1,10922600,1,10,100000,0,0,,Cpu,Cpu:1,100,Avx2,false
0,2220,4414,1,10458700,1,10,100000,0,0,,Cpu,Cpu:1,600,Avx2,false
0,2221,3629,1,10702500,1,10,100000,0,0,,Cpu,Cpu:1,0,Avx2,false
0,2222,3216,1,10299000,1,10,100000,0,0,,Cpu,Cpu:1,100,Avx2,false
0,2223,2367,1,10820200,1,10,100000,0,0,,Cpu,Cpu:1,100,Avx2,false
0,2224,4166,1,10514300,1,10,100000,0,0,,Cpu,Cpu:1,300,Avx2,false
0,2225,385,1,10762100,1,10,100000,0,0,,Cpu,Cpu:1,100,Avx2,false
0,2226,3170,1,10266100,1,10,100000,0,0,,Cpu,Cpu:1,100,Avx2,false
0,2227,4292,1,10918800,1,10,100000,0,0,,Cpu,Cpu:1,100,Avx2,false
0,2228,211,1,10480500,1,10,100000,0,0,,Cpu,Cpu:1,400,Avx2,false
0,2229,4629,1,10706400,1,10,100000,0,0,,Cpu,Cpu:1,200,Avx2,false
0,2230,4846,1,10378800,1,10,100000,0,0,,Cpu,Cpu:1,200,Avx2,false
0,2231,4499,1,10797100,1,10,100000,0,0,,Cpu,Cpu:1,100,Avx2,false
0,2232,2878,1,10383200,1,10,100000,0,0,,Cpu,Cpu:1,300,Avx2,false
0,2233,1683,1,10940000,1,10,100000,0,0,,Cpu,Cpu:1,400,Avx2,false
0,2234,1700,1,10762100,1,10,100000,0,0,,Cpu,Cpu:1,400,Avx2,false
0,2235,565,1,10522800,1,10,100000,0,0,,Cpu,Cpu:1,200,Avx2,false
0,2236,347,1,10709600,1,10,100000,0,0,,Cpu,Cpu:1,0,Avx2,false
0,2237,4193,1,10455200,1,10,100000,0,0,,Cpu,Cpu:1,0,Avx2,false
0,2238,1955,1,10924100,1,10,100000,0,0,,Cpu,Cpu:1,100,Avx2,false
0,2239,2789,1,10267000,1,10,100000,0,0,,Cpu,Cpu:1,300,Avx2,false
0,2240,1956,1,11527700,1,10,100000,0,0,,Cpu,Cpu:1,500,Avx2,false
0,2241,2291,1,10916500,1,10,100000,0,0,,Cpu,Cpu:1,200,Avx2,false
0,2242,2036,1,10827000,1,10,100000,0,0,,Cpu,Cpu:1,300,Avx2,false
0,2243,4083,1,10865200,1,10,100000,0,0,,Cpu,Cpu:1,200,Avx2,false
0,2244,2139,1,10471700,1,10,100000,0,0,,Cpu,Cpu:1,300,Avx2,false
0,2245,2035,1,10685100,1,10,100000,0,0,,Cpu,Cpu:1,300,Avx2,false
0,2246,3832,1,10483800,1,10,100000,0,0,,Cpu,Cpu:1,400,Avx2,false
0,2247,2347,1,10848100,1,10,100000,0,0,,Cpu,Cpu:1,200,Avx2,false
0,2248,2234,1,10547800,1,10,100000,0,0,,Cpu,Cpu:1,200,Avx2,false
0,2249,4898,1,10589800,1,10,100000,0,0,,Cpu,Cpu:1,200,Avx2,false
0,2250,563,1,10368900,1,10,100000,0,0,,Cpu,Cpu:1,0,Avx2,false
0,2251,4532,1,10759900,1,10,100000,0,0,,Cpu,Cpu:1,0,Avx2,false
0,2252,1151,1,10321800,1,10,100000,0,0,,Cpu,Cpu:1,100,Avx2,false
0,2253,2620,1,11166900,1,10,100000,0,0,,Cpu,Cpu:1,100,Avx2,false
0,2254,4280,1,10414000,1,10,100000,0,0,,Cpu,Cpu:1,100,Avx2,false
0,2255,2263,1,10659600,1,10,100000,0,0,,Cpu,Cpu:1,100,Avx2,false
0,2256,172,1,10683600,1,10,100000,0,0,,Cpu,Cpu:1,100,Avx2,false
0,2257,4009,1,11238600,1,10,100000,0,0,,Cpu,Cpu:1,200,Avx2,false
0,2258,3549,1,11036200,1,10,100000,0,0,,Cpu,Cpu:1,200,Avx2,false
0,2259,3171,1,10247300,1,10,100000,0,0,,Cpu,Cpu:1,200,Avx2,false
0,2260,3936,1,10800200,1,10,100000,0,0,,Cpu,Cpu:1,200,Avx2,false
0,2261,1799,1,10356200,1,10,100000,0,0,,Cpu,Cpu:1,100,Avx2,false
0,2262,2426,1,10921300,1,10,100000,0,0,,Cpu,Cpu:1,100,Avx2,false
0,2263,4440,1,10689500,1,10,100000,0,0,,Cpu,Cpu:1,200,Avx2,false
0,2264,1995,1,10964100,1,10,100000,0,0,,Cpu,Cpu:1,300,Avx2,false
0,2265,2795,1,10720000,1,10,100000,0,0,,Cpu,Cpu:1,200,Avx2,false
0,2266,4690,1,10992600,1,10,100000,0,0,,Cpu,Cpu:1,300,Avx2,false
0,2267,1521,1,10899700,1,10,100000,0,0,,Cpu,Cpu:1,200,Avx2,false
0,2268,1547,1,10246500,1,10,100000,0,0,,Cpu,Cpu:1,100,Avx2,false
0,2269,3380,1,10908900,1,10,100000,0,0,,Cpu,Cpu:1,100,Avx2,false
0,2270,1549,1,10335200,1,10,100000,0,0,,Cpu,Cpu:1,200,Avx2,false
0,2271,2863,1,10653800,1,10,100000,0,0,,Cpu,Cpu:1,0,Avx2,false
0,2272,1490,1,10530800,1,10,100000,0,0,,Cpu,Cpu:1,200,Avx2,false
0,2273,4184,1,10969800,1,10,100000,0,0,,Cpu,Cpu:1,100,Avx2,false
0,2274,4208,1,10325600,1,10,100000,0,0,,Cpu,Cpu:1,200,Avx2,false
0,2275,3715,1,11115700,1,10,100000,0,0,,Cpu,Cpu:1,200,Avx2,false
0,2276,232,1,10565400,1,10,100000,0,0,,Cpu,Cpu:1,200,Avx2,false
0,2277,1335,1,11245800,1,10,100000,0,0,,Cpu,Cpu:1,300,Avx2,false
0,2278,3091,1,10682800,1,10,100000,0,0,,Cpu,Cpu:1,300,Avx2,false
0,2279,2366,1,10403700,1,10,100000,0,0,,Cpu,Cpu:1,200,Avx2,false
0,2280,1418,1,11408600,1,10,100000,0,0,,Cpu,Cpu:1,100,Avx2,false
0,2281,3698,1,10611600,1,10,100000,0,0,,Cpu,Cpu:1,200,Avx2,false
0,2282,1043,1,10939000,1,10,100000,0,0,,Cpu,Cpu:1,200,Avx2,false
0,2283,3668,1,10545300,1,10,100000,0,0,,Cpu,Cpu:1,100,Avx2,false
0,2284,3433,1,10796500,1,10,100000,0,0,,Cpu,Cpu:1,100,Avx2,false
0,2285,3600,1,10674100,1,10,100000,0,0,,Cpu,Cpu:1,100,Avx2,false
0,2286,1332,1,10643900,1,10,100000,0,0,,Cpu,Cpu:1,100,Avx2,false
0,2287,4106,1,10664700,1,10,100000,0,0,,Cpu,Cpu:1,200,Avx2,false
0,2288,650,1,10530100,1,10,100000,0,0,,Cpu,Cpu:1,100,Avx2,false
0,2289,2335,1,11594200,1,10,100000,0,0,,Cpu,Cpu:1,100,Avx2,false
0,2290,3757,1,10931500,1,10,100000,0,0,,Cpu,Cpu:1,400,Avx2,false
0,2291,2285,1,10627900,1,10,100000,0,0,,Cpu,Cpu:1,200,Avx2,false
0,2292,1062,1,10666900,1,10,100000,0,0,,Cpu,Cpu:1,100,Avx2,false
0,2293,2577,1,10868600,1,10,100000,0,0,,Cpu,Cpu:1,400,Avx2,false
0,2294,1578,1,10604800,1,10,100000,0,0,,Cpu,Cpu:1,200,Avx2,false
0,2295,3048,1,10516700,1,10,100000,0,0,,Cpu,Cpu:1,100,Avx2,false
0,2296,2942,1,10651600,1,10,100000,0,0,,Cpu,Cpu:1,100,Avx2,false
0,2297,3805,1,10433600,1,10,100000,0,0,,Cpu,Cpu:1,0,Avx2,false
0,2298,2978,1,10684500,1,10,100000,0,0,,Cpu,Cpu:1,100,Avx2,false
0,2299,913,1,10327100,1,10,100000,0,0,,Cpu,Cpu:1,200,Avx2,false
0,2300,2498,1,10648500,1,10,100000,0,0,,Cpu,Cpu:1,100,Avx2,false
0,2301,4617,1,10465500,1,10,100000,0,0,,Cpu,Cpu:1,100,Avx2,false
0,2302,3467,1,11038300,1,10,100000,0,0,,Cpu,Cpu:1,100,Avx2,false
0,2303,2854,1,10219900,1,10,100000,0,0,,Cpu,Cpu:1,100,Avx2,false
0,2304,1330,1,10947500,1,10,100000,0,0,,Cpu,Cpu:1,100,Avx2,false
0,2305,175,1,10786900,1,10,100000,0,0,,Cpu,Cpu:1,200,Avx2,false
0,2306,2204,1,10959800,1,10,100000,0,0,,Cpu,Cpu:1,200,Avx2,false
0,2307,2523,1,10977300,1,10,100000,0,0,,Cpu,Cpu:1,100,Avx2,false
0,2308,372,1,10448700,1,10,100000,0,0,,Cpu,Cpu:1,400,Avx2,false
0,2309,3084,1,10786000,1,10,100000,0,0,,Cpu,Cpu:1,200,Avx2,false
0,2310,4973,1,10596500,1,10,100000,0,0,,Cpu,Cpu:1,300,Avx2,false
0,2311,4889,1,11020200,1,10,100000,0,0,,Cpu,Cpu:1,300,Avx2,false
0,2312,4348,1,10466600,1,10,100000,0,0,,Cpu,Cpu:1,300,Avx2,false
0,2313,435,1,11019600,1,10,100000,0,0,,Cpu,Cpu:1,200,Avx2,false
0,2314,2223,1,10470300,1,10,100000,0,0,,Cpu,Cpu:1,200,Avx2,false
0,2315,3817,1,10898700,1,10,100000,0,0,,Cpu,Cpu:1,200,Avx2,false
0,2316,472,1,10382100,1,10,100000,0,0,,Cpu,Cpu:1,500,Avx2,false
0,2317,2539,1,11062400,1,10,100000,0,0,,Cpu,Cpu:1,200,Avx2,false
0,2318,2832,1,11005100,1,10,100000,0,0,,Cpu,Cpu:1,400,Avx2,false
0,2319,1897,1,10356600,1,10,100000,0,0,,Cpu,Cpu:1,500,Avx2,false
0,2320,3675,1,10992000,1,10,100000,0,0,,Cpu,Cpu:1,200,Avx2,false
0,2321,2732,1,10403800,1,10,100000,0,0,,Cpu,Cpu:1,200,Avx2,false
0,2322,4834,1,10740800,1,10,100000,0,0,,Cpu,Cpu:1,100,Avx2,false
0,2323,1713,1,10391400,1,10,100000,0,0,,Cpu,Cpu:1,100,Avx2,false
0,2324,790,1,10756500,1,10,100000,0,0,,Cpu,Cpu:1,0,Avx2,false
0,2325,1341,1,10292100,1,10,100000,0,0,,Cpu,Cpu:1,100,Avx2,false
0,2326,815,1,11008900,1,10,100000,0,0,,Cpu,Cpu:1,100,Avx2,false
0,2327,817,1,10553100,1,10,100000,0,0,,Cpu,Cpu:1,100,Avx2,false
0,2328,2295,1,10819900,1,10,100000,0,0,,Cpu,Cpu:1,200,Avx2,false
0,2329,4885,1,10892300,1,10,100000,0,0,,Cpu,Cpu:1,100,Avx2,false
0,2330,3524,1,11176500,1,10,100000,0,0,,Cpu,Cpu:1,200,Avx2,false
0,2331,3787,1,11330900,1,10,100000,0,0,,Cpu,Cpu:1,100,Avx2,false
0,2332,4134,1,10503700,1,10,100000,0,0,,Cpu,Cpu:1,200,Avx2,false
0,2333,3274,1,10883700,1,10,100000,0,0,,Cpu,Cpu:1,200,Avx2,false
0,2334,1870,1,10411000,1,10,100000,0,0,,Cpu,Cpu:1,100,Avx2,false
0,2335,2495,1,10646500,1,10,100000,0,0,,Cpu,Cpu:1,100,Avx2,false
0,2336,1032,1,10595700,1,10,100000,0,0,,Cpu,Cpu:1,300,Avx2,false
0,2337,885,1,11014000,1,10,100000,0,0,,Cpu,Cpu:1,200,Avx2,false
0,2338,2896,1,10559000,1,10,100000,0,0,,Cpu,Cpu:1,100,Avx2,false
0,2339,3235,1,10503900,1,10,100000,0,0,,Cpu,Cpu:1,600,Avx2,false
0,2340,2803,1,10645500,1,10,100000,0,0,,Cpu,Cpu:1,200,Avx2,false
0,2341,3933,1,10634400,1,10,100000,0,0,,Cpu,Cpu:1,300,Avx2,false
0,2342,3908,1,10662300,1,10,100000,0,0,,Cpu,Cpu:1,0,Avx2,false
0,2343,2376,1,10702000,1,10,100000,0,0,,Cpu,Cpu:1,200,Avx2,false
0,2344,1983,1,10784600,1,10,100000,0,0,,Cpu,Cpu:1,100,Avx2,false
0,2345,1861,1,10662300,1,10,100000,0,0,,Cpu,Cpu:1,100,Avx2,false
0,2346,1990,1,11131700,1,10,100000,0,0,,Cpu,Cpu:1,100,Avx2,false
0,2347,1697,1,10573200,1,10,100000,0,0,,Cpu,Cpu:1,100,Avx2,false
0,2348,2351,1,10857600,1,10,100000,0,0,,Cpu,Cpu:1,300,Avx2,false
0,2349,4604,1,11113200,1,10,100000,0,0,,Cpu,Cpu:1,300,Avx2,false
0,2350,1989,1,10660100,1,10,100000,0,0,,Cpu,Cpu:1,100,Avx2,false
0,2351,2693,1,10963800,1,10,100000,0,0,,Cpu,Cpu:1,300,Avx2,false
0,2352,4,1,10625100,1,10,100000,0,0,,Cpu,Cpu:1,400,Avx2,false
0,2353,2971,1,11730400,1,10,100000,0,0,,Cpu,Cpu:1,100,Avx2,false
0,2354,1791,1,11048400,1,10,100000,0,0,,Cpu,Cpu:1,100,Avx2,false
0,2355,3291,1,10525300,1,10,100000,0,0,,Cpu,Cpu:1,200,Avx2,false
0,2356,64,1,11005300,1,10,100000,0,0,,Cpu,Cpu:1,200,Avx2,false
0,2357,2363,1,10659900,1,10,100000,0,0,,Cpu,Cpu:1,300,Avx2,false
0,2358,1616,1,10767600,1,10,100000,0,0,,Cpu,Cpu:1,100,Avx2,false
0,2359,2709,1,10611300,1,10,100000,0,0,,Cpu,Cpu:1,200,Avx2,false
0,2360,4645,1,11117700,1,10,100000,0,0,,Cpu,Cpu:1,100,Avx2,false
0,2361,3734,1,10535500,1,10,100000,0,0,,Cpu,Cpu:1,100,Avx2,false
0,2362,1827,1,10930800,1,10,100000,0,0,,Cpu,Cpu:1,100,Avx2,false
0,2363,4294,1,11028800,1,10,100000,0,0,,Cpu,Cpu:1,200,Avx2,false
0,2364,4277,1,10574200,1,10,100000,0,0,,Cpu,Cpu:1,100,Avx2,false
0,2365,2476,1,10973200,1,10,100000,0,0,,Cpu,Cpu:1,100,Avx2,false
0,2366,2955,1,10530100,1,10,100000,0,0,,Cpu,Cpu:1,100,Avx2,false
0,2367,4895,1,11201400,1,10,100000,0,0,,Cpu,Cpu:1,100,Avx2,false
0,2368,4149,1,10639100,1,10,100000,0,0,,Cpu,Cpu:1,500,Avx2,false
0,2369,2818,1,11037000,1,10,100000,0,0,,Cpu,Cpu:1,300,Avx2,false
0,2370,2786,1,10919800,1,10,100000,0,0,,Cpu,Cpu:1,200,Avx2,false
0,2371,621,1,10802400,1,10,100000,0,0,,Cpu,Cpu:1,300,Avx2,false
0,2372,2484,1,11819600,1,10,100000,0,0,,Cpu,Cpu:1,300,Avx2,false
0,2373,1833,1,10636100,1,10,100000,0,0,,Cpu,Cpu:1,100,Avx2,false
0,2374,1673,1,11114000,1,10,100000,0,0,,Cpu,Cpu:1,200,Avx2,false
0,2375,2816,1,10686600,1,10,100000,0,0,,Cpu,Cpu:1,100,Avx2,false
0,2376,3575,1,11057000,1,10,100000,0,0,,Cpu,Cpu:1,200,Avx2,false
0,2377,2568,1,11157700,1,10,100000,0,0,,Cpu,Cpu:1,200,Avx2,false
0,2378,3268,1,10558400,1,10,100000,0,0,,Cpu,Cpu:1,100,Avx2,false
0,2379,4559,1,11073300,1,10,100000,0,0,,Cpu,Cpu:1,300,Avx2,false
0,2380,3898,1,10840500,1,10,100000,0,0,,Cpu,Cpu:1,100,Avx2,false
0,2381,3425,1,10859200,1,10,100000,0,0,,Cpu,Cpu:1,200,Avx2,false
0,2382,2853,1,10527100,1,10,100000,0,0,,Cpu,Cpu:1,100,Avx2,false
0,2383,4780,1,11171600,1,10,100000,0,0,,Cpu,Cpu:1,100,Avx2,false
0,2384,4724,1,11196000,1,10,100000,0,0,,Cpu,Cpu:1,100,Avx2,false
0,2385,3736,1,10623900,1,10,100000,0,0,,Cpu,Cpu:1,100,Avx2,false
0,2386,2313,1,11091100,1,10,100000,0,0,,Cpu,Cpu:1,100,Avx2,false
0,2387,1289,1,10668000,1,10,100000,0,0,,Cpu,Cpu:1,100,Avx2,false
0,2388,1012,1,11280000,1,10,100000,0,0,,Cpu,Cpu:1,200,Avx2,false
0,2389,1113,1,11124700,1,10,100000,0,0,,Cpu,Cpu:1,200,Avx2,false
0,2390,3741,1,10509700,1,10,100000,0,0,,Cpu,Cpu:1,400,Avx2,false
0,2391,2866,1,11166200,1,10,100000,0,0,,Cpu,Cpu:1,100,Avx2,false
0,2392,412,1,10460400,1,10,100000,0,0,,Cpu,Cpu:1,200,Avx2,false
0,2393,4245,1,10971900,1,10,100000,0,0,,Cpu,Cpu:1,100,Avx2,false
0,2394,4460,1,10708800,1,10,100000,0,0,,Cpu,Cpu:1,100,Avx2,false
0,2395,3553,1,11017300,1,10,100000,0,0,,Cpu,Cpu:1,100,Avx2,false
0,2396,4344,1,10964600,1,10,100000,0,0,,Cpu,Cpu:1,200,Avx2,false
0,2397,2511,1,10701000,1,10,100000,0,0,,Cpu,Cpu:1,300,Avx2,false
0,2398,3160,1,11126600,1,10,100000,0,0,,Cpu,Cpu:1,300,Avx2,false
0,2399,2475,1,10672600,1,10,100000,0,0,,Cpu,Cpu:1,200,Avx2,false
0,2400,2999,1,11746100,1,10,100000,0,0,,Cpu,Cpu:1,200,Avx2,false
0,2401,995,1,10887800,1,10,100000,0,0,,Cpu,Cpu:1,400,Avx2,false
0,2402,1552,1,10866600,1,10,100000,0,0,,Cpu,Cpu:1,400,Avx2,false
0,2403,3683,1,11429300,1,10,100000,0,0,,Cpu,Cpu:1,100,Avx2,false
0,2404,3057,1,10494700,1,10,100000,0,0,,Cpu,Cpu:1,300,Avx2,false
0,2405,2301,1,10799600,1,10,100000,0,0,,Cpu,Cpu:1,300,Avx2,false
0,2406,4974,1,10840100,1,10,100000,0,0,,Cpu,Cpu:1,400,Avx2,false
0,2407,2830,1,11181700,1,10,100000,0,0,,Cpu,Cpu:1,200,Avx2,false
0,2408,3486,1,10766500,1,10,100000,0,0,,Cpu,Cpu:1,300,Avx2,false
0,2409,4464,1,10544100,1,10,100000,0,0,,Cpu,Cpu:1,500,Avx2,false
0,2410,1433,1,11252700,1,10,100000,0,0,,Cpu,Cpu:1,400,Avx2,false
0,2411,4545,1,10614400,1,10,100000,0,0,,Cpu,Cpu:1,500,Avx2,false
0,2412,2574,1,11207200,1,10,100000,0,0,,Cpu,Cpu:1,200,Avx2,false
0,2413,4116,1,10823600,1,10,100000,0,0,,Cpu,Cpu:1,200,Avx2,false
0,2414,2992,1,11389500,1,10,100000,0,0,,Cpu,Cpu:1,500,Avx2,false
0,2415,4585,1,10976600,1,10,100000,0,0,,Cpu,Cpu:1,300,Avx2,false
0,2416,2408,1,10547200,1,10,100000,0,0,,Cpu,Cpu:1,300,Avx2,false
0,2417,1587,1,11747600,1,10,100000,0,0,,Cpu,Cpu:1,200,Avx2,false
0,2418,2280,1,10990600,1,10,100000,0,0,,Cpu,Cpu:1,300,Avx2,false
0,2419,2045,1,12067000,1,10,100000,0,0,,Cpu,Cpu:1,200,Avx2,false
0,2420,2555,1,32904900,1,10,100000,0,0,,Cpu,Cpu:1,200,Avx2,false
0,2421,4882,1,18738100,1,10,100000,0,0,,Cpu,Cpu:1,400,Avx2,false
0,2422,3200,1,17988000,1,10,100000,0,0,,Cpu,Cpu:1,400,Avx2,false
0,2423,3088,1,14281300,1,10,100000,0,0,,Cpu,Cpu:1,500,Avx2,false
0,2424,4254,1,11376000,1,10,100000,0,0,,Cpu,Cpu:1,300,Avx2,false
0,2425,2730,1,11268700,1,10,100000,0,0,,Cpu,Cpu:1,300,Avx2,false
0,2426,4396,1,10820200,1,10,100000,0,0,,Cpu,Cpu:1,400,Avx2,false
0,2427,1621,1,11493700,1,10,100000,0,0,,Cpu,Cpu:1,100,Avx2,false
0,2428,4312,1,11148900,1,10,100000,0,0,,Cpu,Cpu:1,300,Avx2,false
0,2429,3693,1,11546500,1,10,100000,0,0,,Cpu,Cpu:1,500,Avx2,false
0,2430,4987,1,13670300,1,10,100000,0,0,,Cpu,Cpu:1,200,Avx2,false
0,2431,4605,1,13270600,1,10,100000,0,0,,Cpu,Cpu:1,200,Avx2,false
0,2432,3717,1,11883200,1,10,100000,0,0,,Cpu,Cpu:1,300,Avx2,false
0,2433,3029,1,13987500,1,10,100000,0,0,,Cpu,Cpu:1,400,Avx2,false
0,2434,3306,1,11391300,1,10,100000,0,0,,Cpu,Cpu:1,300,Avx2,false
0,2435,2631,1,12624600,1,10,100000,0,0,,Cpu,Cpu:1,300,Avx2,false
0,2436,4180,1,11952700,1,10,100000,0,0,,Cpu,Cpu:1,200,Avx2,false
0,2437,4037,1,10749900,1,10,100000,0,0,,Cpu,Cpu:1,300,Avx2,false
0,2438,1582,1,11547700,1,10,100000,0,0,,Cpu,Cpu:1,400,Avx2,false
0,2439,4968,1,11368400,1,10,100000,0,0,,Cpu,Cpu:1,200,Avx2,false
0,2440,696,1,10824100,1,10,100000,0,0,,Cpu,Cpu:1,200,Avx2,false
0,2441,4919,1,11406500,1,10,100000,0,0,,Cpu,Cpu:1,100,Avx2,false
0,2442,3928,1,12742900,1,10,100000,0,0,,Cpu,Cpu:1,100,Avx2,false
0,2443,381,1,11007600,1,10,100000,0,0,,Cpu,Cpu:1,400,Avx2,false
0,2444,2341,1,12295400,1,10,100000,0,0,,Cpu,Cpu:1,300,Avx2,false
0,2445,4137,1,11361700,1,10,100000,0,0,,Cpu,Cpu:1,300,Avx2,false
0,2446,3212,1,11137200,1,10,100000,0,0,,Cpu,Cpu:1,200,Avx2,false
0,2447,2559,1,11568400,1,10,100000,0,0,,Cpu,Cpu:1,400,Avx2,false
0,2448,1706,1,11242500,1,10,100000,0,0,,Cpu,Cpu:1,100,Avx2,false
0,2449,3111,1,11037100,1,10,100000,0,0,,Cpu,Cpu:1,100,Avx2,false
0,2450,2340,1,11498000,1,10,100000,0,0,,Cpu,Cpu:1,0,Avx2,false
0,2451,2455,1,10984300,1,10,100000,0,0,,Cpu,Cpu:1,100,Avx2,false
0,2452,4096,1,11446200,1,10,100000,0,0,,Cpu,Cpu:1,100,Avx2,false
0,2453,3789,1,12035300,1,10,100000,0,0,,Cpu,Cpu:1,200,Avx2,false
0,2454,3760,1,11310900,1,10,100000,0,0,,Cpu,Cpu:1,200,Avx2,false
0,2455,3429,1,11385500,1,10,100000,0,0,,Cpu,Cpu:1,400,Avx2,false
0,2456,2799,1,11171400,1,10,100000,0,0,,Cpu,Cpu:1,200,Avx2,false
0,2457,4061,1,11572600,1,10,100000,0,0,,Cpu,Cpu:1,200,Avx2,false
0,2458,1472,1,11737900,1,10,100000,0,0,,Cpu,Cpu:1,300,Avx2,false
0,2459,1705,1,11373300,1,10,100000,0,0,,Cpu,Cpu:1,300,Avx2,false
0,2460,348,1,10651900,1,10,100000,0,0,,Cpu,Cpu:1,200,Avx2,false
0,2461,2610,1,11932100,1,10,100000,0,0,,Cpu,Cpu:1,100,Avx2,false
0,2462,570,1,11435100,1,10,100000,0,0,,Cpu,Cpu:1,400,Avx2,false
0,2463,4717,1,10668300,1,10,100000,0,0,,Cpu,Cpu:1,300,Avx2,false
0,2464,627,1,11494400,1,10,100000,0,0,,Cpu,Cpu:1,100,Avx2,false
0,2465,2163,1,10957100,1,10,100000,0,0,,Cpu,Cpu:1,200,Avx2,false
0,2466,861,1,12322000,1,10,100000,0,0,,Cpu,Cpu:1,200,Avx2,false
0,2467,4453,1,11469600,1,10,100000,0,0,,Cpu,Cpu:1,200,Avx2,false
0,2468,4732,1,11255400,1,10,100000,0,0,,Cpu,Cpu:1,300,Avx2,false
0,2469,4374,1,11059900,1,10,100000,0,0,,Cpu,Cpu:1,100,Avx2,false
0,2470,4985,1,11366600,1,10,100000,0,0,,Cpu,Cpu:1,100,Avx2,false
0,2471,2918,1,10672100,1,10,100000,0,0,,Cpu,Cpu:1,100,Avx2,false
0,2472,4316,1,11619500,1,10,100000,0,0,,Cpu,Cpu:1,100,Avx2,false
0,2473,1815,1,11337800,1,10,100000,0,0,,Cpu,Cpu:1,100,Avx2,false
0,2474,720,1,10992200,1,10,100000,0,0,,Cpu,Cpu:1,0,Avx2,false
0,2475,2009,1,11462800,1,10,100000,0,0,,Cpu,Cpu:1,100,Avx2,false
0,2476,3473,1,11698200,1,10,100000,0,0,,Cpu,Cpu:1,200,Avx2,false
0,2477,4286,1,11501700,1,10,100000,0,0,,Cpu,Cpu:1,300,Avx2,false
0,2478,2597,1,11995800,1,10,100000,0,0,,Cpu,Cpu:1,200,Avx2,false
0,2479,2807,1,11651700,1,10,100000,0,0,,Cpu,Cpu:1,200,Avx2,false
0,2480,276,1,10755300,1,10,100000,0,0,,Cpu,Cpu:1,300,Avx2,false
0,2481,303,1,11109700,1,10,100000,0,0,,Cpu,Cpu:1,100,Avx2,false
0,2482,4582,1,10519100,1,10,100000,0,0,,Cpu,Cpu:1,200,Avx2,false
0,2483,3501,1,11364100,1,10,100000,0,0,,Cpu,Cpu:1,200,Avx2,false
0,2484,2762,1,10915900,1,10,100000,0,0,,Cpu,Cpu:1,200,Avx2,false
0,2485,279,1,10480700,1,10,100000,0,0,,Cpu,Cpu:1,200,Avx2,false
0,2486,3538,1,11299400,1,10,100000,0,0,,Cpu,Cpu:1,100,Avx2,false
0,2487,2465,1,10998000,1,10,100000,0,0,,Cpu,Cpu:1,200,Avx2,false
0,2488,3946,1,11440300,1,10,100000,0,0,,Cpu,Cpu:1,100,Avx2,false
0,2489,4584,1,11182100,1,10,100000,0,0,,Cpu,Cpu:1,300,Avx2,false
0,2490,576,1,10950500,1,10,100000,0,0,,Cpu,Cpu:1,300,Avx2,false
0,2491,4705,1,11344200,1,10,100000,0,0,,Cpu,Cpu:1,200,Avx2,false
0,2492,3296,1,10659800,1,10,100000,0,0,,Cpu,Cpu:1,200,Avx2,false
0,2493,2940,1,10942000,1,10,100000,0,0,,Cpu,Cpu:1,400,Avx2,false
0,2494,3085,1,10854300,1,10,100000,0,0,,Cpu,Cpu:1,200,Avx2,false
0,2495,3733,1,11052300,1,10,100000,0,0,,Cpu,Cpu:1,200,Avx2,false
0,2496,588,1,10960700,1,10,100000,0,0,,Cpu,Cpu:1,100,Avx2,false
0,2497,3587,1,10869300,1,10,100000,0,0,,Cpu,Cpu:1,100,Avx2,false
0,2498,1286,1,11147200,1,10,100000,0,0,,Cpu,Cpu:1,200,Avx2,false
0,2499,4452,1,10691200,1,10,100000,0,0,,Cpu,Cpu:1,100,Avx2,false
0,2500,1313,1,10989200,1,10,100000,0,0,,Cpu,Cpu:1,100,Avx2,false
0,2501,4371,1,11006400,1,10,100000,0,0,,Cpu,Cpu:1,100,Avx2,false
0,2502,2860,1,10897200,1,10,100000,0,0,,Cpu,Cpu:1,400,Avx2,false
0,2503,4731,1,11156000,1,10,100000,0,0,,Cpu,Cpu:1,400,Avx2,false
0,2504,1333,1,10807000,1,10,100000,0,0,,Cpu,Cpu:1,100,Avx2,false
0,2505,3374,1,11524400,1,10,100000,0,0,,Cpu,Cpu:1,400,Avx2,false
