split,query_index,ids
tuning,0,30758;87064;35572;32020;3306;28946;1080;19767;11828;3136
tuning,1,36172;46300;5992;18364;7898;88676;23790;90013;8136;3646
tuning,2,33556;2026;20694;22568;7150;88676;71694;14686;65370;724
tuning,3,28948;81382;80840;49056;35572;69794;48216;21162;84340;88670
tuning,4,20830;358;51568;91242;87336;3476;91040;29250;19914;53237
tuning,5,18726;92670;23790;18364;31850;83264;37282;38928;5484;94242
tuning,6,1330;2994;496;13514;54194;7150;41162;80668;6778;12854
tuning,7,56370;94560;2774;54258;57048;20814;46516;78928;4688;96854
tuning,8,77080;87388;34814;58776;75834;49128;77510;61746;95758;23626
tuning,9,69662;724;10310;2026;14770;25296;64354;23790;12316;2538
tuning,10,99020;99564;91580;50070;70131;90410;70214;28900;56028;56930
tuning,11,34536;10310;51568;46300;724;38887;35832;83194;94954;23082
tuning,12,20488;48244;60388;29116;10174;83854;49003;50588;39192;61408
tuning,13,41092;28376;33556;88676;48198;910;27662;74050;41162;31456
tuning,14,65244;64834;3042;82992;61408;30758;5296;2836;2078;1756
tuning,15,64522;22872;49162;23859;16114;798;26350;49302;8676;11528
tuning,16,54194;96912;80668;10174;92321;59667;7150;72190;48244;496
tuning,17,910;94242;77368;522;1080;31456;59667;4996;1382;2344
tuning,18,21320;72456;71646;8506;1424;1442;78590;93546;87902;27572
tuning,19,52764;33556;13958;36030;55150;1386;13712;13718;25296;46142
tuning,20,26528;59280;16215;21090;8604;54812;77368;1083;1084;98166
tuning,21,21320;28376;540;72456;21162;1424;1442;83956;27572;82700
tuning,22,88676;35124;14992;13880;98636;41092;18726;37282;2538;31850
tuning,23,26528;16215;8604;59280;63404;98166;21090;17864;54482;98476
tuning,24,98636;76628;67336;94034;65160;80434;3264;1382;41092;39760
tuning,25,77306;51154;73268;82992;26156;76672;15970;46232;75464;76644
tuning,26,35572;32020;30758;11828;19767;87064;3136;84162;3306;51448
tuning,27,1080;2344;574;62213;522;27626;96944;32554;77368;82906
tuning,28,30758;32020;35572;87064;3136;84162;3306;19767;51448;11828
tuning,29,40971;40310;30904;24458;2604;3032;30874;64750;24728;39192
tuning,30,26970;71330;16116;25442;27818;28190;1644;4894;2989;73730
tuning,31,82659;5484;96414;5256;96444;49774;23612;5086;99060;27658
tuning,32,69510;44442;16850;7914;68932;55806;52266;19990;43392;41450
tuning,33,25442;26970;19828;16080;67048;31622;57048;23112;27258;93094
tuning,34,44702;732;6134;50040;2814;49252;33016;56460;29154;11772
tuning,35,96238;5992;10760;11758;214;4712;23638;78936;18590;1644
tuning,36,76818;11220;12224;21547;75086;34476;2062;34628;5074;39488
tuning,37,41060;10316;43918;8760;24690;58370;1200;15884;20848;29250
tuning,38,95414;25168;64484;54964;16381;11396;17048;87540;18768;45412
tuning,39,2068;98102;99476;65880;22784;2967;75834;90534;19510;7290
tuning,40,340;376;63880;30186;69619;87728;17326;398;80112;19510
tuning,41,98080;104;86510;76996;77252;102;78728;3114;120;21260
tuning,42,85584;17326;45174;32719;87728;40714;59512;85539;49788;71904
tuning,43,2967;38016;61616;98210;58718;3662;18872;95980;442;77080
tuning,44,20952;22476;15200;85676;86026;12854;27412;71904;50512;20034
tuning,45,26970;3154;5730;9392;25442;70954;5100;95344;17326;14962
tuning,46,97806;23702;57876;2474;8451;6824;2248;90410;20470;98690
tuning,47,1756;94954;10586;75118;64834;8451;10708;13868;72190;3256
tuning,48,79358;79646;70131;38920;21694;50070;72190;90410;26818;13668
tuning,49,56930;70214;37636;48154;26818;49120;764;21694;71495;65393
tuning,50,10276;39102;39406;33270;80286;57410;26052;15282;25170;39854
tuning,51,94748;4539;59964;10646;89932;42062;39418;62322;98376;632
tuning,52,78164;22494;90476;17368;83552;98194;18706;89232;56786;76764
tuning,53,9762;6152;2078;22816;23558;2836;6224;82992;6244;1756
tuning,54,98636;90256;71934;94034;6006;48400;88460;3264;80668;47926
tuning,55,87902;78590;8506;46412;71646;32112;21090;1424;1442;2474
tuning,56,60388;19274;41010;47926;59134;6008;18240;42148;63336;20666
tuning,57,6134;44702;33016;56460;98853;50040;29154;2814;732;11772
tuning,58,11698;79494;12686;16866;37800;14014;23344;32814;31864;8330
tuning,59,50190;90712;15282;11698;74152;33838;12698;80638;1308;1148
tuning,60,31368;86548;77252;45770;91970;98924;27434;5814;78728;6850
tuning,61,39642;87554;21712;23338;234;9676;49056;896;68262;39488
tuning,62,61945;12224;77326;71404;82523;2195;10682;7988;63880;9592
tuning,63,21260;32320;1440;90974;22306;20302;5234;8288;58602;59536
tuning,64,1080;522;2344;574;27626;62213;28178;77368;944;24581
tuning,65,98636;71934;80668;48400;3264;90256;88460;4166;94034;6006
tuning,66,16215;59280;26528;8604;21090;17864;63404;54482;77368;98166
tuning,67,78402;17608;10310;32384;13718;28178;14992;8136;33354;42076
tuning,68,28376;21320;9828;88676;83956;13880;37602;41092;28190;35124
tuning,69,7150;80668;45237;18680;26858;14686;62756;54194;72456;71694
tuning,70,98690;59882;95186;46797;73070;53586;1022;12314;49038;97962
tuning,71,81038;26356;59414;71404;58370;82328;33736;34370;77326;300
tuning,72,53398;59750;53208;53472;2890;12864;11574;50750;49774;3166
tuning,73,47098;46797;85584;73124;26090;65180;47018;87540;32719;47012
tuning,74,4243;95274;95344;87728;49554;2222;18800;14422;1787;22912
tuning,75,26156;45638;300;43010;46230;44166;22128;59414;34566;234
tuning,76,47098;85584;46797;73124;26090;65180;47018;87540;47012;32719
tuning,77,12864;874;53472;1430;47098;17376;40714;12211;89024;11574
tuning,78,61945;342;8006;41696;23859;71404;1672;73644;82523;3658
tuning,79,2564;95274;87728;27412;18800;81038;93854;74646;1787;1106
tuning,80,95606;20848;14454;44954;50512;33354;21484;73070;87800;43918
tuning,81,9890;32719;54786;2890;59630;54418;30028;9552;38248;58370
tuning,82,58732;9730;56155;69394;70642;21370;45178;25296;77328;58584
tuning,83,44954;45026;42618;84748;16116;30359;59526;73070;20264;71330
tuning,84,53398;53208;59750;53472;3166;18746;11574;49774;12864;44278
tuning,85,34566;66364;3658;30186;23859;18430;16728;73058;82994;57164
tuning,86,14274;41602;15356;10636;21134;14162;9720;30148;40714;79560
tuning,87,34566;41378;23859;60042;82994;2068;58602;46392;3975;35054
tuning,88,61945;8006;342;57164;22872;26350;23859;49302;18238;7830
tuning,89,91988;86956;86577;420;87336;88788;5428;87068;1112;91864
tuning,90,420;5428;87336;91988;8724;5466;91242;46196;37624;6616
tuning,91,49252;2814;72828;59986;27042;51148;75582;44702;90522;41498
tuning,92,84748;73644;412;80;29250;73418;71404;47278;76478;14550
tuning,93,41060;10316;8760;43918;21484;58370;53672;1200;37055;29250
tuning,94,6278;61967;19948;24728;94218;2392;66836;412;47278;1684
tuning,95,52248;12998;8044;2287;61746;99796;76478;8290;2314;2967
tuning,96,79560;16558;41602;19846;10636;11140;15356;40714;11028;9720
tuning,97,45174;32719;3140;87728;17014;71904;59512;10122;17326;81038
tuning,98,2068;98102;65880;99476;75834;2967;90534;4514;61746;89548
tuning,99,52234;14934;34372;23859;30186;73644;82994;73418;59296;46392
tuning,100,16010;2267;79524;44442;86510;41450;51696;14014;104;21260
tuning,101,99020;99564;50070;70131;91580;79358;21356;80866;29021;71108
tuning,102,75118;72190;50070;26780;39286;91580;35032;76944;99564;94954
tuning,103,72190;79358;38920;70131;28900;79646;14512;69801;33416;80230
tuning,104,15282;39854;38542;51230;36040;93768;26780;2594;50588;58424
tuning,105,94748;4539;89932;10720;75176;39418;98376;10646;13252;632
tuning,106,9762;22816;23558;63404;75464;6152;61408;87064;64626;2078
tuning,107,28948;21712;39642;35476;60400;39624;54058;94616;1215;19280
tuning,108,32384;78402;50990;32120;65370;89894;82920;69801;57390;36172
tuning,109,78590;87902;6960;28154;94065;1236;17956;21642;13514;540
tuning,110,26156;300;45638;22128;3646;34566;46230;5992;46150;77306
tuning,111,70974;35378;71718;9074;12090;1428;1348;16381;80112;16080
tuning,112,7988;30579;77510;80572;9124;96344;71404;36592;74766;20814
tuning,113,9590;9486;21547;9104;34628;23674;39488;12090;4440;74192
tuning,114,1402;1396;96169;2062;74766;1060;38248;23674;20974;390
tuning,115,51546;11704;90476;99702;16036;50208;63862;8280;17368;13252
tuning,116,34566;68698;34372;5358;834;37476;95980;14934;77306;12998
tuning,117,82328;95582;31264;18238;31627;77510;442;44784;12290;5642
tuning,118,95582;12290;11916;31627;31264;442;7391;1366;15924;5506
tuning,119,49554;28510;74256;1366;398;4250;20302;2318;17824;20952
tuning,120,16114;41770;13212;3620;65880;6224;93018;14895;64522;36604
tuning,121,22128;398;887;34566;7290;19510;18800;50280;1366;50602
tuning,122,47090;55362;18430;50512;89536;69394;85138;76644;19090;26350
tuning,123,22872;55362;4276;87366;58602;8828;1826;45206;3975;20952
tuning,124,99476;22784;28178;2068;18330;4100;87064;23704;65880;18680
tuning,125,99838;43600;1215;92286;10988;37832;24690;87755;5952;9616
tuning,126,58584;31456;69562;612;72940;78130;9730;77328;90;910
tuning,127,104;98080;102;86510;77252;76996;78728;3114;21260;120
tuning,128,48690;59667;88670;6824;77368;3306;1268;3136;20152;26124
tuning,129,3000;90;27434;93762;19676;89536;9392;80914;6440;59132
tuning,130,29270;23790;552;18786;5752;14895;88670;8724;83854;39404
tuning,131,44954;45026;30359;84748;42618;94370;85138;91884;85676;14812
tuning,132,73644;37938;9124;71404;73418;1874;50750;1672;21958;53398
tuning,133,27434;90;31368;3496;2844;23902;70854;82906;19260;10316
tuning,134,94242;69801;10290;32120;65370;37080;18726;96912;89894;13880
tuning,135,9440;3108;67186;18786;57784;11828;12716;6006;7410;80668
tuning,136,89932;94748;39418;98376;10646;13304;98210;13252;632;10720
tuning,137,2538;38422;12964;540;28190;43760;71694;17608;88460;57390
tuning,138,55450;81268;28456;89480;5080;50439;83194;18018;56112;35832
tuning,139,59667;54194;259;80668;7150;41162;71694;26528;10174;1268
tuning,140,57410;26052;80286;10276;74152;36258;24616;39102;31152;25170
tuning,141,41498;27042;51148;72828;18310;858;2540;4426;11328;732
tuning,142,59882;95186;46797;47402;53586;1022;98690;97962;12314;73070
tuning,143,67048;16850;392;52266;51696;69510;11758;20264;44442;7914
tuning,144,61967;53672;24690;24216;2744;20212;8760;14962;11930;24728
tuning,145,41060;10316;43918;24690;1644;26124;59414;15884;20212;39356
tuning,146,21090;98166;16215;19767;87902;6152;98476;16264;51448;20666
tuning,147,95414;5296;754;27850;6440;41394;80866;33210;258;308
tuning,148,3828;22306;18640;87388;2318;38632;19372;390;12211;24220
tuning,149,49788;3140;22128;17326;32719;10122;81572;87728;17014;45174
tuning,150,4100;18786;8398;76996;48048;5814;39388;8280;10276;11698
tuning,151,94954;75118;1756;64834;3256;72190;10586;54058;17048;97259
tuning,152,81338;81768;74808;80230;10586;1148;7696;17458;8276;3020
tuning,153,62322;8982;15282;2594;77464;98937;23214;39854;65562;30704
tuning,154,94954;37636;56930;70214;38334;28536;79358;26780;35884;48154
tuning,155,56112;81268;34536;80898;55450;52452;26780;31790;18018;5080
tuning,156,94748;34916;49986;632;13252;10720;16208;98210;54964;11716
tuning,157,39618;71020;93232;54964;13182;16708;22254;3352;16208;90108
tuning,158,18706;98194;82044;78164;23214;25168;33270;5836;632;4708
tuning,159,57410;26052;80286;2190;36258;25170;10276;74152;73778;33838
tuning,160,94034;90256;98636;88460;71934;41010;47926;6008;42148;63336
tuning,161,21090;78590;82700;98476;46412;98166;71646;21320;87902;32112
tuning,162,7150;80668;496;92321;27818;2706;22568;6006;259;84162
tuning,163,22749;88676;43760;7150;16116;36348;910;71694;5086;94242
tuning,164,9552;3438;54404;19828;26810;64102;2890;44260;96169;7734
tuning,165,73644;73418;71404;9124;37938;33736;21958;7988;3658;1874
tuning,166,73044;1644;95082;24690;4996;26124;39356;43918;140;358
tuning,167,29250;45174;2248;17326;96702;1787;26356;14962;29594;81038
tuning,168,96238;92670;99476;71126;23632;74256;50166;6836;93312;76996
tuning,169,40714;41602;21134;95606;85539;30088;21170;54786;5280;79560
tuning,170,49788;3140;40714;85584;17326;10122;81572;87728;45174;32719
tuning,171,55450;28456;81268;29021;18018;89480;4416;83194;50439;81050
tuning,172,35884;79516;98210;2398;46104;37800;78164;59964;42062;14054
tuning,173,3975;55362;36862;4588;58602;4946;4276;5642;11528;9696
tuning,174,98476;77306;18330;6824;3306;21090;98166;3136;48690;16264
tuning,175,87902;78590;21090;1424;1442;46412;51448;2474;4090;27572
tuning,176,37248;4218;64626;1146;39102;54282;584;24616;11142;17956
tuning,177,79807;99234;53478;88788;3346;87336;2526;57182;89024;46196
tuning,178,75176;33838;15282;50190;98937;9108;77464;7188;78702;85388
tuning,179,1260;69708;39488;36385;78402;81666;78232;23674;45206;22872
tuning,180,46748;90476;73850;78164;13182;31152;472;9826;25168;7191
tuning,181,38928;18726;31850;18364;92670;78928;23790;37282;14686;28456
tuning,182,11828;11308;83702;9438;924;59344;24760;28946;1247;14150
tuning,183,9826;23702;72334;93232;24254;47440;70200;65696;5296;6194
tuning,184,51546;78164;13182;83904;23702;11704;4708;98194;62738;50208
tuning,185,51546;11704;16036;99702;50208;90476;8280;70994;12686;13252
tuning,186,94748;17368;57868;50208;19546;17770;21636;78164;21694;39418
tuning,187,1170;17458;71020;65562;1148;13182;8982;19208;79494;80638
tuning,188,20232;26198;880;19264;1896;19146;584;4416;29402;69432
tuning,189,35572;32020;45237;19767;51448;93546;27572;35812;32936;1424
tuning,190,340;376;63880;69619;36592;10682;77510;398;12402;13338
tuning,191,37636;56930;87297;21694;77109;78702;27266;39286;32750;79646
tuning,192,99020;70131;21356;39286;26780;99564;75118;40310;8451;30904
tuning,193,28948;15884;8812;49358;7150;21712;9676;49162;1215;96238
tuning,194,26528;16215;59280;21090;8604;98166;98476;63404;54482;6894
tuning,195,406;37080;16080;69801;94242;2380;26970;62756;96246;23112
tuning,196,14895;58776;31264;93312;21490;12211;7391;11916;3110;8044
tuning,197,9552;9890;2890;54404;390;44260;41602;59630;64102;946
tuning,198,63880;7988;36592;340;80112;77510;376;69619;22752;13338
tuning,199,79560;23626;19846;28908;5280;72932;85539;87728;3548;12535
tuning,200,78702;27266;37636;87297;39286;56930;77109;50070;47720;32750
tuning,201,99564;99020;70131;26312;50070;91580;35032;79358;27266;55806
tuning,202,81338;81768;2996;8276;74808;7696;31202;1148;30704;23214
tuning,203,36888;43010;76492;18786;94218;2020;6156;552;14686;20650
tuning,204,702;19990;10122;3140;26970;55432;16420;16080;1348;54786
tuning,205,97741;19948;4426;29250;51394;91172;91040;1787;15750;1022
tuning,206,28930;96238;94304;20774;90786;77228;17048;71126;93312;2570
tuning,207,87336;91884;76672;50512;5428;86956;38536;14812;76644;11210
tuning,208,28534;26312;27228;30904;32814;50070;28594;28352;75118;99564
tuning,209,99020;99564;91580;50070;90410;11598;70131;80866;40568;14512
tuning,210,632;59964;98210;98376;89932;13252;5836;23380;98194;10720
tuning,211,32120;25102;57390;82920;65370;33354;32384;50990;89894;78402
tuning,212,37248;1146;4218;39102;98924;64626;69794;54282;11142;57756
tuning,213,44954;45026;30359;42618;84748;85676;96414;96444;59526;20264
tuning,214,73418;74260;30028;33106;38178;35256;71404;27658;52234;946
tuning,215,2068;95082;60042;34814;77228;7804;19510;50990;7391;392
tuning,216,16116;71330;28190;27818;25442;23112;26970;36385;2989;73730
tuning,217,64750;74540;12314;74260;53586;54404;1170;5428;10730;1338
tuning,218,95414;2890;4594;25804;37794;946;41394;41564;5096;38632
tuning,219,41602;14162;30088;14274;30148;21134;21170;85539;40714;79560
tuning,220,18640;86026;20302;5642;19372;48752;50268;1826;3828;4946
tuning,221,18726;38928;18364;28456;31850;23894;23790;59280;92670;4688
tuning,222,8712;1472;54538;3264;18364;4688;23894;34706;6006;48400
tuning,223,44954;45026;30359;84748;85676;42618;14812;96414;96444;49038
tuning,224,2068;98102;65880;99476;19510;2967;90534;48026;75834;22784
tuning,225,45102;84324;5676;29788;29122;27434;65696;256;12423;6712
tuning,226,10698;10506;24690;4114;9274;39186;25144;2998;64910;51884
tuning,227,2994;7410;2026;48244;71694;10310;724;92321;96854;87554
tuning,228,38928;18364;12;18726;25102;14604;36172;72940;35124;23894
tuning,229,10698;10506;4114;24690;25144;39186;57566;1155;2998;4243
tuning,230,37248;98924;6850;5466;1162;1394;9376;64626;10392;88130
tuning,231,31790;18018;52452;14054;56112;94954;34536;19584;91580;11874
tuning,232,41060;10316;43918;24690;95082;1644;26124;15884;59414;91110
tuning,233,26810;19828;96169;3718;74256;9590;9486;93094;1402;9104
tuning,234,1094;9438;83702;11308;39624;88846;18786;57962;88670;4952
tuning,235,79358;38920;72190;70131;79646;26818;50070;14512;69801;14114
tuning,236,7188;78702;49120;95384;56140;33838;26780;39286;37636;14014
tuning,237,99564;99020;50070;70131;50956;8514;8398;79358;14014;27266
tuning,238,17368;88748;78164;76764;97662;22494;83398;89232;90476;4539
tuning,239,90;12998;34372;11828;27434;2026;1155;20488;4114;18680
tuning,240,26528;59280;16215;77368;8604;21090;98166;17864;63404;6396
tuning,241,9762;23558;22816;6224;6152;36604;63404;18320;57962;6244
tuning,242,98636;4166;94034;71934;2267;14992;3264;1382;88460;27662
tuning,243,87064;57784;26528;98166;98476;6152;12716;1400;75464;6960
tuning,244,62250;41162;10310;97786;56106;5466;56155;56028;54194;13668
tuning,245,11828;83702;11308;9438;36604;28946;924;1247;19280;55310
tuning,246,41060;43918;10316;58370;8760;1200;21484;1644;300;15884
tuning,247,35884;46104;71108;78164;98194;56786;13182;26052;86654;17458
tuning,248,94242;69801;10290;32120;37080;65370;30650;96912;89894;18726
tuning,249,98853;56460;6134;1060;64736;33016;10855;22844;17632;5272
tuning,250,44954;30359;45026;85676;84748;42618;96414;96444;14812;49038
tuning,251,340;376;63880;36592;69619;10682;13338;98730;12402;398
tuning,252,46104;13182;20014;11220;1148;10276;79516;57410;472;65562
tuning,253,30704;13182;20662;8982;1148;26052;33270;46748;4536;19208
tuning,254,95384;24650;10174;95930;78392;3468;18330;2380;2195;6960
tuning,255,9762;6152;22816;23558;2078;6244;9602;6224;2836;87064
tuning,256,2994;83264;7410;48244;2026;61570;94034;724;71934;87554
tuning,257,95384;10174;24650;6132;13582;95930;33388;18330;20386;29116
tuning,258,81768;81338;5362;39854;4536;20662;4708;7696;80286;30704
tuning,259,13718;55150;33556;1386;46142;574;36030;910;522;13958
tuning,260,1080;574;2344;27626;62213;522;77368;32554;96944;82906
tuning,261,7410;98636;16616;71934;14992;1588;1568;48400;40806;88676
tuning,262,2538;41092;35124;2026;28376;7150;88676;93860;94242;4762
tuning,263,88846;19767;12166;21888;82700;32020;21162;24650;87902;84162
tuning,264,28948;21712;39642;2706;35476;84340;94616;6219;75986;2989
tuning,265,6440;50268;63534;14171;8712;75986;68262;42762;24160;7988
tuning,266,6828;54812;32584;18746;12716;21911;6224;97806;29722;3944
tuning,267,99020;99564;91580;28900;14512;50070;40568;27228;32750;70131
tuning,268,46104;4536;20662;10276;2996;31152;19208;20014;79516;3670
tuning,269,8604;59280;29674;1382;17864;77368;63404;18532;4712;16215
tuning,270,47156;56028;93030;14114;71406;46302;20152;28930;43010;98468
tuning,271,25076;93768;66106;22499;31618;77426;41302;99564;69582;48664
tuning,272,9104;9590;96169;9486;1402;1396;732;16420;21547;18310
tuning,273,57566;4116;66264;10596;26364;71502;2080;23790;23338;12090
tuning,274,3894;52248;41394;51394;18310;53237;82836;47096;24216;7914
tuning,275,41060;10316;43918;24690;15884;20848;73290;59414;73418;71404
tuning,276,77228;60042;2668;95082;19510;18292;93312;34814;392;48026
tuning,277,16116;71330;5086;25102;73730;25442;28190;27818;26970;36385
tuning,278,64750;12314;74540;90108;2267;1022;67412;1394;98690;9464
tuning,279,73418;9124;73644;71404;37938;21958;23612;50750;1672;1874
tuning,280,31139;7830;16728;342;41696;23859;11140;8502;11028;1672
tuning,281,99476;2068;75834;22784;45228;36862;18680;4514;20650;61616
tuning,282,63880;340;376;69619;36592;10682;77510;13338;10894;22752
tuning,283,104;98080;21260;5234;2774;97786;37476;54258;86510;76996
tuning,284,16558;79560;15356;10636;19846;9720;14274;21170;40714;59630
tuning,285,2314;292;30090;22132;6836;2967;14060;2398;99476;3662
tuning,286,97259;94954;72190;8451;97806;64834;49986;3256;2078;4494
tuning,287,91580;32750;70131;27266;21694;39286;28900;99564;56930;94285
tuning,288,78164;22494;18706;90476;76764;17368;89232;9062;97662;41830
tuning,289,1422;46752;49986;3668;85388;83412;98210;632;13182;81145
tuning,290,98636;94242;12910;35124;7410;36030;24259;62756;9828;41328
tuning,291,81338;81768;20662;30704;4536;11704;2996;46104;20014;3670
tuning,292,1146;39102;80286;4218;11142;37248;1094;6850;57756;59344
tuning,293,6008;18240;60388;19274;94034;63336;47926;9438;41010;21888
tuning,294,54194;496;80668;10174;7150;1330;13514;96912;6778;92321
tuning,295,95384;24650;10174;18330;95930;2380;33388;73124;77306;3468
tuning,296,1268;724;34454;43658;3032;36172;49302;36545;38422;62756
tuning,297,13514;496;67186;92354;6006;80668;16493;1330;27662;32754
tuning,298,27818;80668;92321;28190;6006;7150;54194;259;20694;41092
tuning,299,69801;10290;37080;94242;16080;12070;4592;8524;26364;54258
tuning,300,43010;2668;41162;64522;93030;38887;87336;4952;5428;81038
tuning,301,48690;93546;6244;89798;90013;32020;28032;16264;6224;19767
tuning,302,98210;10646;35884;98376;1422;75176;16708;66866;45964;97259
tuning,303,78702;7188;49120;32554;33838;57410;94214;10850;50070;58832
tuning,304,41536;17502;9826;69432;65393;56450;47720;49297;27266;56930
tuning,305,5362;46104;4536;81768;65562;25170;13182;71020;2314;91582
tuning,306,89232;88748;97662;31510;880;98194;47896;62902;76764;78164
tuning,307,81768;81338;39854;5362;20662;30704;2314;472;80286;7696
tuning,308,71126;32814;31864;12686;66866;23632;67287;61208;3352;62738
tuning,309,88748;90476;97662;76764;17368;78164;22494;89232;41068;31510
tuning,310,23558;22816;9762;6152;81382;48216;19767;6224;6244;2078
tuning,311,71694;88676;62756;17608;72456;59968;83956;17956;540;5296
tuning,312,7898;4440;10798;21712;12952;3444;96169;56460;9590;74194
tuning,313,17368;94748;51546;39418;22494;83398;13252;50208;90476;18706
tuning,314,43844;97741;8760;23713;41060;3612;33106;43157;47402;97962
tuning,315,96944;93854;65581;97516;83412;41394;11396;65180;53672;52266
tuning,316,84748;29250;30359;66836;73644;85676;51394;36862;45228;6278
tuning,317,41564;80850;68932;81398;75834;4944;76348;41450;54404;98997
tuning,318,29250;29594;96246;64750;87336;3140;28676;51394;85676;93854
tuning,319,38354;9486;11328;30192;74766;96169;61065;8938;1402;30070
tuning,320,3944;29722;10596;50750;10798;22844;3444;39642;22862;9590
tuning,321,1652;1874;19948;84748;424;46460;98690;40971;51394;50186
tuning,322,52234;61967;94218;99123;91172;23859;2926;66836;51394;79320
tuning,323,48690;77252;69794;54282;63862;43658;78728;64522;84340;2316
tuning,324,44954;45026;84748;30359;85676;57596;45478;20848;334;14812
tuning,325,70630;10855;59986;7630;49252;50040;49788;33016;50990;11874
tuning,326,64750;1022;96444;96702;96414;29594;90108;4946;49038;71495
tuning,327,54404;946;3294;95318;5738;54556;24728;40440;3438;42320
tuning,328,3944;29722;10596;50750;10798;22844;3444;39642;22862;53398
tuning,329,38354;9486;74766;11328;96169;30192;1402;30070;16420;1396
tuning,330,85654;3894;23713;12486;18310;8760;38558;44738;73309;10316
tuning,331,3944;96169;10798;38354;50750;29722;16420;30070;1402;22862
tuning,332,95414;25804;9486;41564;41394;26810;4594;28916;18622;308
tuning,333,52234;73644;23859;946;59296;46392;5096;43844;42320;43157
tuning,334,20848;44954;21484;59526;50512;21606;45026;71330;95606;53592
tuning,335,16558;9720;10636;79560;15356;14274;40714;41602;85539;19846
tuning,336,96464;27434;9948;54282;140;1094;1155;10392;2080;86891
tuning,337,79807;6078;89024;53478;46196;88788;99234;42762;61746;48026
tuning,338,96344;58718;41378;8290;31264;86686;28260;18238;53292;96150
tuning,339,887;2668;73268;4952;76644;76672;64522;51154;26156;91884
tuning,340,80112;16728;96344;52224;8006;10682;20814;994;33736;87388
tuning,341,97259;83412;49986;1422;80638;81145;69582;98210;76497;16208
tuning,342,48154;56930;35032;70214;37636;50070;79646;39286;79358;38920
tuning,343,56162;19584;66866;78702;70974;35032;1422;26818;27266;79358
tuning,344,10850;50070;55806;23214;2920;2290;2996;3020;78702;79358
tuning,345,41536;56450;26198;27266;48154;47720;69432;56930;4416;56162
tuning,346,65281;23890;10276;2920;73290;81768;37800;7696;2996;3352
tuning,347,78928;31850;36888;23894;38928;35124;18726;4688;18364;51568
tuning,348,32112;78590;21090;21320;87902;28154;8506;82700;66606;48198
tuning,349,98636;7410;71934;76628;3264;94034;16616;41092;612;97786
tuning,350,87064;6960;28206;622;4090;86870;23558;28190;13582;15970
tuning,351,88460;57962;6008;9438;90256;94034;16616;49120;18240;21888
tuning,352,70974;68262;23338;74192;71718;9074;3438;12090;1684;2868
tuning,353,38354;9486;74766;11328;96169;30192;30070;1402;1396;16420
tuning,354,7336;72828;2092;49252;2814;32508;51792;60400;14604;29716
tuning,355,21547;9590;9104;1060;35962;78822;1402;9486;1396;96169
tuning,356,34628;16420;35962;49252;12318;12090;87336;91324;2814;18310
tuning,357,44954;45026;30359;42618;84748;96414;96444;85676;59526;20264
tuning,358,85654;82836;44260;40971;73309;35850;46460;3308;12952;8914
tuning,359,38354;9486;96169;16420;1402;1396;732;4440;2062;9590
tuning,360,1732;47278;20912;24650;3668;33416;7914;2316;52542;31950
tuning,361,64750;96444;96414;1022;96702;29594;14550;90108;71495;4946
tuning,362,13242;23338;12090;12318;14836;35378;4592;75986;9074;9388
tuning,363,887;2668;16114;64522;4952;89024;63880;76644;798;77306
tuning,364,33556;1386;10310;8136;52764;13958;55150;69562;25296;13718
tuning,365,32120;78402;82920;65370;89894;32384;69801;25102;50990;52600
tuning,366,31139;7830;16728;342;41696;23859;11140;8502;11028;1672
tuning,367,10850;50070;23214;2920;81338;2996;3020;79524;2290;55806
tuning,368,50990;65370;89894;32120;32384;78402;25102;82920;14992;10290
tuning,369,9762;23558;22816;87064;26104;60596;6152;2078;77306;64626
tuning,370,22568;71694;20694;7150;12716;496;6006;13514;32754;1424
tuning,371,3264;8712;6006;34706;80668;54538;58424;29858;792;17354
tuning,372,3662;22132;392;96792;24690;99796;8044;10392;2967;45237
tuning,373,35378;1494;14836;66264;66044;3864;23338;4592;16381;76348
tuning,374,2068;99476;98102;65880;2967;90534;75834;89548;4514;22784
tuning,375,50512;20848;44954;95606;21606;53592;21484;65646;3975;53912
tuning,376,96344;53292;96150;81038;58718;9696;1366;11528;4276;8290
tuning,377,55450;4416;81268;50439;83194;28456;39401;18018;35832;34536
tuning,378,41060;10316;43918;8760;1200;24690;3308;15884;97741;58370
tuning,379,9124;73418;71404;37938;73644;1874;50750;80112;33736;3658
tuning,380,2035;51148;2492;2814;7336;858;49252;2540;98872;72828
tuning,381,21320;46412;84162;1424;1442;72456;28154;51448;42076;8506
tuning,382,54194;96912;10174;80668;1330;496;59667;7150;13514;92321
tuning,383,98080;54258;85584;76996;50166;25442;282;104;86510;14060
tuning,384,4708;59526;59964;20360;4594;80286;80898;4514;38334;19962
tuning,385,97806;97259;1422;12850;17048;85388;96150;72190;1766;46232
tuning,386,1148;31152;30704;82649;46104;3256;5464;13182;26090;91884
tuning,387,496;1330;32754;7150;80668;2994;54194;13514;3536;22568
tuning,388,97662;83398;89232;88748;632;39418;13252;17368;98376;76764
tuning,389,7410;98636;71934;1588;1568;3264;14992;16616;31850;94034
tuning,390,2078;49302;43010;64522;26156;39760;27107;26350;2836;93030
tuning,391,70642;68078;58732;41092;31456;8062;10310;23218;1680;69394
tuning,392,3975;55362;4946;58602;5642;45206;4276;22872;85138;50512
tuning,393,27662;20488;35124;16616;78928;96912;4688;622;1382;16116
tuning,394,18364;92670;23790;38928;18726;36172;31850;88676;22568;78928
tuning,395,32120;82920;65370;78402;25102;32384;89894;69801;57390;33354
tuning,396,82992;43658;22816;30758;20152;52764;23558;3042;31234;65244
tuning,397,59280;17864;8604;16215;63404;26528;18532;77368;21090;64626
tuning,398,9590;9104;9486;96169;21547;5272;4426;30070;1402;1396
tuning,399,98468;29021;80668;36888;8712;34706;43600;1756;1472;6006
tuning,400,40552;30758;13582;70642;15970;3468;20666;9762;6366;74808
tuning,401,31216;14550;53190;2392;12952;53398;61065;35850;60172;96702
tuning,402,87336;46460;61967;74158;66836;5428;2267;17328;1338;1950
tuning,403,3944;29722;10596;10798;50750;22844;3444;4440;1060;56460
tuning,404,85676;84748;30359;44954;45026;91884;50512;14812;85138;45478
tuning,405,21958;30192;3308;38248;2955;9890;50628;74766;50950;48752
tuning,406,99476;22784;2068;65880;71126;53432;4100;28178;71502;16114
tuning,407,2068;99476;7804;98102;65880;59667;6824;7290;1268;22784
tuning,408,53592;9696;7630;50512;38536;11528;87336;5428;91884;4276
tuning,409,66106;42678;13868;31132;26052;1736;65282;2008;5900;11716
tuning,410,17368;22494;88748;89232;83398;78164;76764;31510;94748;97662
tuning,411,88748;4708;63862;3108;19714;89042;39854;21911;71043;24504
tuning,412,32554;41536;4416;82906;56450;65282;56930;46516;69432;37356
tuning,413,38928;18364;23894;36172;92670;18726;23790;4688;31850;31950
tuning,414,2078;38887;27107;16114;59132;39760;2836;26156;64522;22816
tuning,415,95384;10174;24650;18330;33388;282;95930;20386;6614;26198
tuning,416,9762;6152;22816;23558;2078;82992;81382;75464;98166;90013
tuning,417,1874;1652;38248;49494;15750;4276;6716;74434;5256;23859
tuning,418,21911;18786;89220;31618;5086;3108;27258;33560;99060;66044
tuning,419,4664;66044;43392;1060;96444;9440;29594;96414;1494;29250
tuning,420,95414;41564;41394;25804;25168;2890;9552;41450;86026;89548
tuning,421,87728;17326;45174;32719;1787;96434;17014;3140;49788;85584
tuning,422,81338;56112;1308;97673;43086;81768;14512;34536;18028;67716
tuning,423,81338;81768;8276;31202;23214;80230;2920;2996;21886;92786
tuning,424,3450;17368;78164;71043;22494;50208;13252;83398;97662;2398
tuning,425,88748;4708;24504;94214;63862;97662;22494;80230;90476;8276
tuning,426,74192;71718;1684;30070;27042;89472;12090;8724;34628;12844
tuning,427,54404;946;54556;95318;40440;66264;41034;31216;5738;11210
tuning,428,73309;78390;78822;64102;38248;44260;35850;6716;2392;54404
tuning,429,32120;65370;25102;78402;89894;82920;50990;1424;95268;8042
tuning,430,18364;38928;92670;18726;23790;31850;36172;88676;78928;22568
tuning,431,99476;2068;22784;71126;2314;40956;18680;96238;26104;76816
tuning,432,14512;55806;38542;79358;70131;79524;99020;98937;38920;10850
tuning,433,26528;16215;46142;80668;8604;17956;21090;55150;36545;52764
tuning,434,17106;71694;98636;27662;97108;22568;71934;89894;20694;65370
tuning,435,95384;24650;10174;95930;18330;78392;33388;3468;2380;40062
tuning,436,98166;6894;98476;19767;90013;32020;51448;43522;72456;28032
tuning,437,3944;29722;38354;30192;9486;10596;3444;96169;10798;11328
tuning,438,9590;9486;21547;9104;1398;26810;1362;22823;60400;968
tuning,439,66044;4664;43392;1494;18622;29250;91172;29594;96444;5256
tuning,440,95414;41394;98997;68932;4708;27850;754;41564;19962;292
tuning,441,91580;30904;99020;50070;39286;35032;80866;86654;90410;70131
tuning,442,19496;10276;38168;39406;45964;483;89252;69432;55450;29594
tuning,443,4416;55450;81268;28456;1574;21420;52452;23702;1598;39401
tuning,444,66106;26780;89480;52452;28534;98194;25170;83904;86654;81268
tuning,445,9590;9486;21547;9104;19828;1362;1398;968;26810;802
tuning,446,96238;39488;71502;88660;90786;7699;6156;71026;34628;9074
tuning,447,8044;308;46046;77228;68994;18214;41394;7699;11396;4426
tuning,448,8760;41060;1200;3308;44260;43844;54404;22940;49252;97741
tuning,449,54404;946;3294;54556;51956;95318;7004;66264;40440;64484
tuning,450,1684;71718;30070;74192;89472;8724;22844;27042;12844;29716
tuning,451,95414;41394;25168;9916;1440;4594;5096;51394;31698;216
tuning,452,46196;79807;89024;99234;24160;53478;42762;61746;8724;57182
tuning,453,90534;65606;89548;23626;65880;61616;38016;72932;4514;34940
tuning,454,390;11328;3718;14722;68166;12864;53132;15924;70210;22306
tuning,455,87388;77326;98730;80572;9592;10682;77510;54786;16728;8838
tuning,456,78702;27266;49120;77109;87297;50070;39286;48154;76944;56930
tuning,457,38168;48664;77426;33270;19496;89252;69432;19264;6194;72334
tuning,458,98636;7410;71934;17106;41092;3264;7898;76628;48400;93030
tuning,459,63336;34706;80858;13514;95268;28032;13582;6396;80744;47092
tuning,460,1146;37248;39102;80286;98924;57410;26312;10276;64626;1094
tuning,461,56370;94560;2774;57048;54258;31850;96854;46516;24581;4688
tuning,462,2068;98102;99476;75834;60042;34814;22784;90534;61616;61746
tuning,463,37602;80744;35124;80858;910;622;28376;14992;31950;17608
tuning,464,85584;9552;64702;45174;9890;17824;53132;54404;37794;1348
tuning,465,44954;45026;30359;84748;85676;42618;96414;96444;14812;20848
tuning,466,1366;7391;86686;31627;12290;17824;11916;3662;45174;16574
tuning,467,84340;32120;49396;69562;896;47642;69801;25102;37476;3646
tuning,468,59132;1146;896;49302;54282;84340;65646;62756;72940;9676
tuning,469,68404;80914;98924;6850;3646;88130;23894;43600;86548;13158
tuning,470,21320;21162;1424;1442;46412;93546;540;84162;72456;51448
tuning,471,5136;40956;99020;81572;31790;33222;22254;31594;6836;10698
tuning,472,37938;2926;1072;38501;34268;51394;4996;52526;30359;41034
tuning,473,44784;73242;11996;24048;5730;6219;6794;59414;54524;43086
tuning,474,30359;44954;45026;84748;85676;96414;20264;96444;45478;47098
tuning,475,79807;6078;89024;53478;99234;46196;42762;88788;48026;57182
tuning,476,68166;12008;70210;13598;29402;1790;92670;6440;34536;216
tuning,477,9730;56155;58732;41092;68078;45178;55150;70642;69394;64658
tuning,478,74426;15356;34628;23674;14274;3308;73044;18310;38248;56155
tuning,479,63880;22752;71404;7988;82523;82994;30864;12224;80112;10682
tuning,480,10636;21134;40714;41602;552;85539;79560;14162;33786;21170
tuning,481,15884;20650;41060;10316;61967;94616;84748;29250;85676;1200
tuning,482,44954;45026;30359;84748;42618;85676;96414;96444;20264;14812
tuning,483,77326;51154;7988;4044;61945;33736;73644;80112;59074;20814
tuning,484,3975;36862;5642;55362;86026;4276;45228;4946;58602;4588
tuning,485,2068;99476;7804;98102;19510;59667;1268;60042;22784;1940
tuning,486,65606;90534;89548;98102;61616;99476;65880;95980;2967;38016
tuning,487,26124;62213;33149;18292;16030;90974;5136;16866;798;19510
tuning,488,91582;33838;31132;26052;36258;472;2190;71020;1148;98937
tuning,489,31379;41770;18640;22872;55362;75464;4946;16114;18320;95930
tuning,490,41060;43918;8760;10316;1200;24690;59414;300;15884;21484
tuning,491,73418;9124;71404;73644;37938;3658;53398;1874;50750;33736
tuning,492,84748;30359;45228;85676;71404;76478;80;73644;37938;18738
tuning,493,41564;80850;14550;8524;81398;80572;75834;30874;54404;78294
tuning,494,96150;46232;11528;9696;58602;53592;53912;45206;3975;4946
tuning,495,54404;54556;66264;946;95318;38248;24728;5738;702;16420
tuning,496,21911;7138;54812;3944;3536;6224;6828;61945;39624;3108
tuning,497,9486;9590;38354;4440;30070;1402;1396;71718;72828;9104
tuning,498,1684;30070;71718;74192;27042;29716;49252;22844;12844;34628
tuning,499,95414;41394;26810;89548;4594;308;25804;16622;9486;96238
tuning,500,10887;96150;11528;53292;8290;16574;7391;4276;46232;30579
tuning,501,16558;15356;79560;10636;19846;21170;14722;21134;14274;376
tuning,502,104;86510;77252;98080;78728;21260;102;46252;43157;46000
tuning,503,52234;23859;73644;46392;59296;5096;946;30186;66364;43157
tuning,504,2068;90534;34814;98102;74256;99476;89548;65880;2668;2967
tuning,505,86577;91242;86956;87336;88788;68056;58718;72932;87068;19776
tuning,506,18238;20814;8290;77510;27626;31264;6078;56582;80112;61945
tuning,507,887;34566;44784;22128;4276;32320;20848;398;3975;50280
tuning,508,75920;75128;21260;74010;14060;98080;97790;74116;104;39186
tuning,509,2774;4416;21694;65370;26514;37476;7426;17770;18726;7762
tuning,510,78702;49120;7188;56140;86654;33838;39286;26780;50070;37636
tuning,511,4416;50588;21694;98210;79646;99564;80898;87297;47720;44450
tuning,512,19496;39406;10276;38168;45964;89252;29594;19146;72334;21694
tuning,513,24476;38168;23594;40338;31709;483;582;77702;48664;2900
tuning,514,6136;4536;83904;69356;71020;56786;98194;33270;57868;13182
tuning,515,32120;65370;82920;89894;78402;32384;69801;25102;50990;33354
tuning,516,88676;98636;17106;18364;71934;14686;7898;16616;41010;3264
tuning,517,98690;1022;46797;95186;59882;12314;73070;47402;53586;49038
tuning,518,73644;9124;71404;73418;37938;21958;33736;3658;76728;1672
tuning,519,96414;96444;20264;68414;4276;49494;85138;5256;42618;7466
tuning,520,54812;21911;6828;32584;18746;3166;97806;7138;6224;12716
tuning,521,66606;9828;35124;20912;37602;8648;2538;21320;10174;21090
tuning,522,96150;46392;11528;9696;10887;19372;53292;55362;1366;22476
tuning,523,41602;15356;16558;14274;11140;10636;11028;9720;21134;21170
tuning,524,96344;31264;53292;28260;30579;58718;8290;17014;80112;41378
tuning,525,86956;28452;41078;88788;91988;420;86577;1787;5428;3548
tuning,526,97259;97806;1422;35884;24434;4494;57876;20470;8032;3020
tuning,527,24476;6132;23594;32554;37356;48664;13416;37636;40338;51496
tuning,528,10276;39102;33270;26052;80286;39406;57410;25170;81768;11698
tuning,529,81768;81338;78164;11704;2996;35884;5362;20662;31202;93768
tuning,530,26528;8604;21090;59280;16215;17864;77368;16493;63404;46142
tuning,531,84748;61967;76492;29250;52526;85676;30359;32378;96702;11210
tuning,532,60400;2814;90522;7336;20974;63472;26298;2092;14604;72828
tuning,533,68414;96414;96444;5256;2267;20264;74844;42618;68470;94218
tuning,534,4664;66044;60172;5256;53190;99060;4100;49774;31216;3108
tuning,535,96150;4946;10887;53292;11528;16574;19372;45206;30579;55362
tuning,536,71502;2080;18786;49358;92670;214;88660;1106;23338;1422
tuning,537,20912;34244;9828;4996;47278;26356;41034;42006;52266;35124
tuning,538,9392;4116;75834;6278;24458;50268;44260;9890;41602;58776
tuning,539,21547;18622;5272;70630;1410;8938;78822;34476;844;9590
tuning,540,93854;44024;2604;15278;8386;68994;63558;50256;67048;64702
tuning,541,6278;34628;50268;85654;23338;39488;2392;82836;76816;3032
tuning,542,38920;76944;5256;8708;96444;21886;18028;96414;14512;5484
tuning,543,74256;93312;26810;91970;27176;12998;34814;1787;19828;18786
tuning,544,54404;54556;946;95318;66264;5738;42320;38248;3294;52526
tuning,545,20014;65562;71020;81768;13182;25170;66560;31510;76460;94214
tuning,546,1260;36385;78130;86594;22872;13718;40062;33416;69510;36030
tuning,547,58602;96150;4946;55362;9696;53592;3975;11528;85138;46232
tuning,548,97806;97259;81145;57876;49986;8451;17458;1422;60596;32936
tuning,549,1788;41830;80638;18028;50190;49932;8330;19208;50956;71020
tuning,550,50268;9074;23338;19372;31627;1968;5428;88788;1826;39488
tuning,551,47238;40062;2054;7004;3032;6278;7366;24581;6156;29490
tuning,552,12224;61945;8006;3658;2132;71404;86577;342;56582;33736
tuning,553,75464;76348;1146;6152;1084;1083;93860;2654;78294;16215
tuning,554,98166;6894;43522;98476;93546;90013;72456;19767;32020;16264
tuning,555,85539;21134;5280;33354;12535;95606;21170;33786;10636;85584
tuning,556,33838;94214;56358;23380;5362;50190;74152;36258;15282;8280
tuning,557,95186;59882;12314;1022;98690;53586;73070;46797;97962;47402
tuning,558,12998;5466;78130;36030;73044;90;612;41092;36348;33556
tuning,559,6219;33149;12292;19090;20830;59667;17232;9376;9332;21286
tuning,560,8042;259;9676;24581;98476;27386;31042;16114;98166;340
tuning,561,63404;8604;17864;59280;16215;98166;26528;54482;6396;43522
tuning,562,18640;87388;63768;24220;3828;22306;198;8006;7830;76996
tuning,563,77252;78728;102;98080;86891;86510;15363;27434;75920;21260
tuning,564,47238;40062;95930;3468;77368;6960;3306;3136;10174;95384
tuning,565,51154;6152;75464;77306;3136;60042;2068;3306;2195;16264
tuning,566,37356;24476;21674;483;32554;38168;37636;6132;23594;85706
tuning,567,41233;9376;2134;65998;1162;2998;67186;10988;10408;9676
tuning,568,26780;2190;39854;33838;13182;472;25170;5362;24616;57410
tuning,569,71540;80434;33556;56155;25296;41092;70642;13712;58584;10310
tuning,570,258;41394;96238;44544;90786;7699;308;94304;18214;25804
tuning,571,56370;94560;54258;2774;57048;46516;20814;38422;27662;7410
tuning,572,258;54404;1428;3864;30826;18768;82836;802;16830;60172
tuning,573,3975;55362;4946;36862;37938;5642;22872;58602;4276;80840
tuning,574,51154;6152;60042;77306;75464;3136;2068;3306;2195;82906
tuning,575,58732;56155;9730;21370;70642;77328;22784;69394;58584;10310
tuning,576,38501;21958;10960;23612;23218;66264;5836;16420;1422;292
tuning,577,5136;8451;37248;3918;90974;85412;12292;9118;2844;23380
tuning,578,9376;2134;1162;65998;20774;10988;19260;2287;44166;9676
tuning,579,37248;52452;22132;98924;54282;582;1434;292;88130;41068
tuning,580,22128;887;398;34566;44784;50602;50280;16114;49788;4276
tuning,581,65998;9376;2134;1162;61190;9616;3000;9676;67186;11142
tuning,582,88130;54282;61190;92286;48048;99838;9616;37248;4440;259
tuning,583,9388;358;15200;27412;3114;20830;37624;9828;26356;29250
tuning,584,9124;71404;73418;37938;73644;8008;10682;80112;12402;98730
tuning,585,32508;34628;76818;73058;84748;33106;12318;49252;1398;2814
tuning,586,6224;21911;39624;41528;61945;3944;19280;93312;3108;54812
tuning,587,21490;67048;99796;45237;2668;8044;44784;48216;57756;392
tuning,588,78232;41528;33016;60400;58215;23338;22752;63472;26298;2062
tuning,589,38354;9486;4440;16420;74194;9590;30192;75582;22862;29722
tuning,590,95414;41394;25804;49358;13504;2890;99838;7699;308;45412
tuning,591,44954;95606;20848;21606;21484;50512;45026;42618;59526;23082
tuning,592,63880;69619;340;376;80112;34372;22752;7988;10682;77510
tuning,593,99234;79807;3346;57182;2526;53478;4594;89024;442;4514
tuning,594,99564;94954;39286;483;80866;27266;50070;10850;4494;7466
tuning,595,87297;37636;56930;77109;79646;21694;32750;47720;4416;39286
tuning,596,18028;83412;77464;50956;92786;47896;10276;57102;46752;3352
tuning,597,75118;7466;70131;27850;94954;4984;8812;13282;26780;27386
tuning,598,33838;94214;15282;56358;23380;5362;50190;5202;74152;51546
tuning,599,32120;78402;82920;32384;65370;89894;33354;57390;896;25102
tuning,600,38928;92670;18364;62756;36172;23790;88676;3646;36888;48140
tuning,601,26104;61408;1083;1084;10174;75464;2836;28946;4688;30758
tuning,602,52030;17902;214;256;56168;92670;115;5258;65998;31042
tuning,603,2538;27662;13880;35124;94242;88676;1424;37602;1442;540
tuning,604,13514;97108;2994;92354;96854;71694;496;22568;20694;7410
tuning,605,7696;3020;25514;81768;2920;10276;28178;20014;94214;372
tuning,606,17106;27662;7898;98636;792;41010;71934;16616;73026;7150
tuning,607,30359;84748;85676;44954;14812;45026;42618;36862;53237;38536
tuning,608,87800;2038;3548;332;38536;20848;45478;91884;44954;95606
tuning,609,79560;85539;21170;14162;54786;21134;40714;10636;30088;11140
tuning,610,9552;54404;26810;64702;1348;4594;9486;60400;37794;64102
tuning,611,58732;9730;56155;69394;39404;45178;48026;77328;41092;18430
tuning,612,48026;21490;392;8044;50990;54282;75382;51154;44784;442
tuning,613,56582;5508;87336;2195;5506;8008;4044;61945;58732;5428
tuning,614,49788;9730;26350;16114;48026;22128;798;45638;63880;19510
tuning,615,17770;4416;2774;7762;26514;37476;282;7426;21694;20488
tuning,616,18028;83412;77464;50956;10276;57102;47896;92786;3352;46752
tuning,617,94954;75118;93768;70131;33416;7575;4494;99564;2398;99020
tuning,618,6136;4594;56786;71108;22494;83904;41068;91582;69356;71020
tuning,619,5428;87336;86956;7630;420;37624;6616;91988;5738;88788
tuning,620,420;91988;86956;35040;91242;8724;46196;88788;87336;28260
tuning,621,86956;420;91988;5428;91242;87336;64626;6616;37624;23902
tuning,622,91242;87336;19776;86577;420;86956;87068;88788;8724;63862
tuning,623,79807;99234;2526;86956;46196;87336;53478;12224;5428;3346
tuning,624,95414;2890;26810;41564;9552;86026;4594;37794;5096;9486
tuning,625,79807;69619;44784;89024;57182;2526;22912;99234;46196;84528
tuning,626,2222;31816;18800;95274;420;358;37624;8032;1874;1787
tuning,627,4100;4664;99060;46230;84726;1494;18786;5086;9440;49774
tuning,628,34814;98102;75834;30090;65880;2967;74766;22784;58776;99476
tuning,629,48026;91242;798;9388;55362;16114;2668;89024;5428;4952
tuning,630,6850;8288;59344;21260;86891;1155;76996;24458;102;90438
tuning,631,86891;76996;102;63498;9392;14060;50268;27818;92321;64522
tuning,632,9730;45178;56155;58732;21370;21084;68078;70642;532;80840
tuning,633,19828;91970;67048;34814;26810;93312;25442;86026;22650;99796
tuning,634,21320;87902;82700;46412;88846;84162;32020;21162;72456;19767
tuning,635,4440;1396;70974;1402;13242;1684;89472;2062;30070;74192
tuning,636,80638;1788;55586;89932;54524;2190;31510;71020;83412;9108
tuning,637,74010;75920;75128;56168;74116;10698;15363;2570;10506;37248
tuning,638,79560;16558;10636;19846;40714;9720;41602;15356;21170;11140
tuning,639,99234;79807;3346;91110;2526;6078;57182;89024;12224;24160
tuning,640,16010;96464;10444;1080;536;48660;1247;98532;5814;11308
tuning,641,18640;20302;5642;86026;19372;14060;41770;48752;398;50268
tuning,642,887;2668;73268;4952;76644;76672;38536;91884;77306;87336
tuning,643,27658;38178;9910;99060;5086;46252;5074;1494;41450;7830
tuning,644,38168;6132;19496;10276;483;69432;39406;77426;584;72334
tuning,645,8604;59280;16215;1382;29674;77368;26528;63404;52764;24581
tuning,646,1732;1260;33416;96912;28178;31950;24676;412;79320;23790
tuning,647,88676;98636;35124;40806;18364;14580;7898;71934;48400;63336
tuning,648,4536;5362;31152;46748;13182;11704;3670;20662;30704;472
tuning,649,36888;92670;18726;38928;4688;36172;96394;6440;14114;13726
tuning,650,1424;1442;21162;46412;72456;93546;21320;84162;51448;540
tuning,651,12486;63768;50950;23713;18310;38558;73309;26682;4426;19948
tuning,652,95186;46797;59882;1022;98690;97962;49038;12314;53586;47402
tuning,653,50750;37938;73644;1874;71404;23612;21958;43392;53398;65581
tuning,654,76728;84748;2926;47278;14550;73418;73644;79320;5086;412
tuning,655,1874;1652;40971;19948;50186;424;46460;74434;69568;42320
tuning,656,27658;38178;9910;99060;5086;46252;5074;41450;29568;1494
tuning,657,55586;1422;3020;76497;46752;632;17048;96792;81145;98210
tuning,658,95414;41564;80850;38632;41394;25804;4682;25168;75834;20774
tuning,659,87800;44954;45026;95606;45478;2038;85676;49076;20848;3548
tuning,660,75128;74010;75920;56168;74116;15363;10506;65036;10698;2570
tuning,661,45174;17326;87728;71904;32719;59512;3140;85584;17014;95274
tuning,662,9376;2134;1162;65998;67186;2287;41233;10988;9676;68404
tuning,663,79560;16558;19846;41602;15356;10636;40714;11140;11028;9720
tuning,664,79807;99234;2526;3346;46196;53478;87336;86956;24728;12224
tuning,665,84340;59132;69562;896;49396;47642;32384;37476;65646;61190
tuning,666,96464;9948;39186;10392;1155;38784;16448;12968;27434;256
tuning,667,98102;2068;19510;90534;4243;65880;99476;61616;2967;4514
tuning,668,6828;54812;30826;28676;18746;1386;32584;724;58584;10310
tuning,669,2996;17458;8276;81338;81768;74808;5948;14512;65696;31132
tuning,670,87540;44930;11060;85584;47098;65180;53132;47018;43392;44260
tuning,671,97806;49986;17048;1422;20662;81145;8032;46104;5836;31152
tuning,672,87297;21694;56930;37636;77109;32750;79646;27266;47720;78702
tuning,673,35832;28456;66106;34536;13514;81268;18018;724;55450;51230
tuning,674,81268;83264;18018;50439;55450;88014;3020;66106;52452;35832
tuning,675,10276;47896;57102;83412;3668;79524;18028;77464;56564;50956
tuning,676,75118;70131;94954;79358;8812;99564;27266;80866;49986;27850
tuning,677,99060;9916;98080;1494;5086;7830;92418;27658;68560;71404
tuning,678,37602;31850;31950;36172;54538;38928;92670;18364;23894;28594
tuning,679,6894;98166;19767;98476;32020;72456;93546;51448;43522;71646
tuning,680,3646;33556;76628;56028;29858;27386;16280;70131;14114;48140
tuning,681,38422;94560;56370;16493;1330;98468;92321;71694;46516;7410
tuning,682,30090;5100;10316;60042;11210;52220;88014;654;93018;8288
tuning,683,33556;13958;12716;20152;82700;13712;18330;89894;29858;2026
tuning,684,18364;18726;36172;38928;14686;92670;23790;31850;28456;88676
tuning,685,52600;32120;65370;82920;94242;78402;25102;57390;89894;12854
tuning,686,52600;32120;65370;82920;57390;78402;94242;25102;30088;12854
tuning,687,12486;63768;50950;18310;23713;38558;73309;61065;82836;4426
tuning,688,63880;340;376;69619;77510;76478;24220;61746;10682;75834
tuning,689,81768;81338;23214;2996;2920;21886;1148;8276;10276;92786
tuning,690,28456;4494;18726;880;55450;23894;4416;23790;35884;90410
tuning,691,98166;6894;19767;98476;32020;32936;72456;51448;43522;93546
tuning,692,887;73268;4952;2668;34576;64522;76644;76672;77306;48026
tuning,693,35378;17326;30088;22306;71904;3438;87540;32719;5760;15200
tuning,694,95186;46797;59882;1022;97962;49038;98690;12314;53586;47402
tuning,695,45206;4276;11528;96150;9696;58602;7391;4946;5642;53912
tuning,696,22306;3828;19372;36862;34814;17014;10122;17824;3140;68166
tuning,697,41564;56450;43157;5234;20766;20774;68932;43844;59296;98102
tuning,698,97741;14962;8386;51956;69798;80850;58370;38248;20320;42556
tuning,699,12968;5086;20406;96238;9440;24478;52030;3108;74256;41302
tuning,700,45237;8044;21490;392;67048;99796;18680;9730;2668;48026
tuning,701,6134;98853;68262;4440;56460;33016;17632;612;73730;75986
tuning,702,58602;45206;3975;11528;9696;55362;4946;53592;50512;53912
tuning,703,5738;91324;6616;2955;50186;946;97741;1112;36862;24728
tuning,704,95414;41564;41394;25804;38632;25168;80850;75834;80110;4682
tuning,705,99476;2068;22784;65880;98102;28178;4100;49038;2967;18680
tuning,706,84340;47642;59132;69562;896;62756;10290;52030;72940;49396
tuning,707,87800;23124;20848;45478;28510;45026;20952;44954;91864;12535
tuning,708,41602;11140;21134;54786;30088;33786;21170;14162;14274;85539
tuning,709,79807;99234;53478;2526;88788;6078;12224;22476;89024;7630
tuning,710,90534;98102;34814;99476;2068;4594;4514;89548;2967;65880
tuning,711,95582;3662;1366;31627;17824;86686;7391;12290;31264;11916
tuning,712,887;73268;34576;4952;76644;2668;64522;76672;48026;77306
tuning,713,21694;37636;87297;32750;56930;79646;70131;26198;97259;90410
tuning,714,26780;79358;14512;70131;76944;38920;55806;27228;87590;17458
tuning,715,2774;282;4416;17770;37476;26514;65370;10850;69562;21694
tuning,716,4539;34393;1788;76460;23214;46752;79494;8982;1184;17458
tuning,717,88748;17368;50208;83398;76764;11704;97662;18706;62902;39418
tuning,718,81338;81768;2996;23214;8276;92786;2920;21886;10276;39854
tuning,719,71108;6136;27138;34393;56564;66560;83904;24504;78164;63084
tuning,720,46412;21320;21090;1442;1424;78590;82700;48198;28154;84162
tuning,721,1146;39102;57410;80286;37248;24616;57756;98924;11142;25170
tuning,722,7150;496;80668;22568;7138;54194;13514;1330;92321;71694
tuning,723,12314;95274;55432;46000;6216;34576;398;1022;86026;86891
tuning,724,52266;7699;19846;65581;40714;29594;6828;93448;7914;81357
tuning,725,30826;40568;38248;22862;1968;92988;18214;21356;30904;50750
tuning,726,412;6156;91242;6278;3032;30874;34628;61967;5738;12090
tuning,727,9828;69708;39488;1260;86870;78402;36385;1494;81666;23112
tuning,728,95082;7914;43918;85654;73044;73124;33416;84528;64522;11210
tuning,729,87902;82700;19767;98166;21320;98476;46412;72456;84162;71646
tuning,730,59667;48244;54194;10174;2078;96912;82992;259;1268;80668
tuning,731,19274;47926;59134;60388;6008;18240;42148;41010;63336;40806
tuning,732,23594;5992;48242;6132;3496;87064;69432;33210;77426;2358
tuning,733,21694;79646;56930;32750;70131;48154;37636;77109;28900;87297
tuning,734,66364;45478;3006;96434;47098;85676;9552;47012;74646;8008
tuning,735,13182;65562;77464;15282;5464;1148;19208;2594;22893;66560
tuning,736,99476;2068;22784;98102;65880;4100;28178;90534;49038;17186
tuning,737,84340;49396;69562;896;59132;47642;37476;62756;48140;12070
tuning,738,83533;10646;97259;97806;74152;98210;97662;53906;85388;20662
tuning,739,88748;97662;50208;17368;83398;18706;63084;22494;56564;29152
tuning,740,30870;97259;53398;66438;97806;8112;8708;65281;82659;78392
tuning,741,88748;83904;76764;22494;97662;83398;92788;31510;74152;71043
tuning,742,91580;32750;28900;70131;37636;21694;79646;94748;56930;39286
tuning,743,1896;99036;10850;23214;28248;81338;20232;81768;3020;20014
tuning,744,2267;412;12998;94218;61967;54786;21448;68698;2744;13466
tuning,745,8044;392;67048;16420;34814;29594;38248;57756;93312;90534
tuning,746,98853;56460;6134;22844;17632;33016;8938;1060;5272;60400
tuning,747,60400;63472;72828;90522;7336;64736;14604;51792;2092;58215
tuning,748,42618;30359;18738;96702;37938;32378;9182;84748;34268;44954
tuning,749,22492;17632;6156;18622;39488;81666;7366;86870;34476;612
tuning,750,95414;41564;80850;41394;25168;38632;75834;25804;4682;46000
tuning,751,51394;52234;6716;73644;45174;946;424;85676;41564;55432
tuning,752,79358;70131;79646;38920;26818;21694;14512;17458;78702;31234
tuning,753,99020;99564;91580;70131;50070;28900;40568;80866;70214;71495
tuning,754,90108;1680;97259;97806;1736;17458;2351;13342;3956;72334
tuning,755,96912;54194;62756;97786;6778;1338;34454;26528;104;67716
tuning,756,3468;28930;18430;77368;8604;6960;15970;37282;40062;4712
tuning,757,2027;77579;23890;49120;98937;47156;2774;46150;17864;54538
tuning,758,82920;33354;78402;32120;32384;65370;89894;25102;50990;52600
tuning,759,22306;3828;10122;19372;36862;3140;54786;30028;17824;3438
tuning,760,84340;47642;49396;896;52030;35476;59132;69562;43658;37476
tuning,761,2134;9376;2998;65998;10988;67186;41233;1162;22132;9676
tuning,762,99234;79807;89024;46196;53478;57182;3346;2526;88788;552
tuning,763,44544;54524;55586;87336;27258;68932;1308;59964;41564;23214
tuning,764,65562;13182;23344;16708;77464;1148;15282;10408;22893;3450
tuning,765,25102;82920;65370;32120;16116;89894;69801;94242;50990;32384
tuning,766,22568;7150;97108;71694;6006;80668;7138;20694;92321;13514
tuning,767,21642;259;48244;4688;21090;34706;20666;2078;10174;41010
tuning,768,95186;1022;12314;46797;97962;53586;73070;98690;59882;47402
tuning,769,68262;56460;6134;17632;33016;39488;73730;13242;75986;4440
tuning,770,96444;96414;5086;4664;5256;49774;2267;5484;1494;3108
tuning,771,9376;2134;2998;10988;65998;1162;67186;9676;24524;10290
tuning,772,70131;79358;71495;14512;99020;76944;50070;55806;86654;78702
tuning,773,21694;32750;56930;7762;87297;37636;4416;2206;27266;77109
tuning,774,34536;35832;18018;94954;39401;16116;10310;78130;724;36385
tuning,775,49932;8330;27750;8708;3352;50956;22284;11698;14014;2188
tuning,776,56162;69794;11960;5676;622;77109;14132;31242;50588;87297
tuning,777,73268;76644;76672;4952;48026;2668;45228;91884;3718;1790
tuning,778,21490;93312;8044;91970;7391;67048;392;99796;34814;18786
tuning,779,54404;9552;4594;64102;3308;26810;44260;37794;802;1348
tuning,780,90476;71043;78164;63862;7575;88748;22494;17368;51546;84324
tuning,781,71108;13182;2190;46104;5464;35884;99564;83552;18706;21886
tuning,782,91884;95606;50512;3975;44954;1366;22912;16622;9696;14812
tuning,783,22306;52420;3438;73309;19372;7988;66044;96169;1790;732
tuning,784,79358;38920;70131;79646;50070;35032;56140;26818;21694;34464
tuning,785,3020;23890;80638;10276;39406;34916;8514;98210;9108;92786
tuning,786,70131;27850;32750;37636;56930;79358;7466;94285;90410;8451
tuning,787,8812;11589;94954;4984;33416;12292;26780;18590;17458;75118
tuning,788,34536;41302;66106;35832;81268;87554;1030;47896;9762;724
tuning,789,27266;87297;77109;56930;32750;21694;37636;91580;79646;39286
tuning,790,90108;1680;97259;97806;72334;1736;4908;23702;17458;19208
tuning,791,1382;59280;29674;24581;26528;4688;80434;1400;30296;8604
tuning,792,17106;22568;27662;97108;71694;14686;98636;20694;71934;88676
tuning,793,97806;4494;20662;70854;97259;2398;13598;81145;80638;21448
tuning,794,13252;59964;632;75176;32814;9332;67287;50382;7284;1422
tuning,795,16116;71330;5086;25102;21606;45026;65370;96246;44954;59526
tuning,796,9440;3108;21911;6078;29722;99060;7920;29568;18786;96238
tuning,797,77368;8112;20694;3658;22862;3194;23790;412;71694;86574
tuning,798,19776;27434;1094;91242;98468;532;88846;87068;19714;5466
tuning,799,19828;26810;9486;3864;93094;1428;34814;23338;38248;9890
tuning,800,45206;58602;4276;96150;7391;11528;53912;9696;4946;53292
tuning,801,33556;12716;13958;13712;7138;20152;54812;41092;18330;29858
tuning,802,95414;6794;7914;40310;64484;16381;51394;30874;1440;18214
tuning,803,3548;87800;12535;2038;44954;49076;95606;57596;45478;45026
tuning,804,17326;45174;87728;85584;3140;1787;71904;10122;27412;81038
tuning,805,37636;21694;56930;32750;87297;79646;77109;70131;27266;47720
tuning,806,97662;17368;76764;89232;78164;51546;4539;83398;75176;22499
tuning,807,49932;8708;4664;74260;20264;92374;50956;2248;1680;83533
tuning,808,798;48026;887;77306;2668;26156;26350;73268;4952;76644
tuning,809,32120;65370;82920;32384;78402;89894;25102;69801;50990;57390
tuning,810,21134;85539;33786;95606;21170;10636;5280;14162;79560;30088
tuning,811,29858;3646;27107;27386;39314;95268;68590;1268;1382;724
tuning,812,1146;37248;39102;57756;11142;4218;2536;80286;1094;59344
tuning,813,73644;50750;37938;1874;23612;71404;21958;9124;1672;73418
tuning,814,79807;99234;87336;88788;3346;86956;92758;89024;8724;57182
tuning,815,9552;9890;2890;54404;44260;64102;53132;3308;38248;3600
tuning,816,2035;44702;2814;944;34628;49252;29716;51148;2492;11328
tuning,817,59132;49396;896;69562;84340;57566;72940;37476;68262;25102
tuning,818,7922;258;49056;56948;21712;10688;90974;20212;16010;29874
tuning,819,84340;59132;896;69562;49396;65646;41162;32384;35476;32120
tuning,820,96854;97786;2026;41162;31850;94242;96434;54194;88676;36888
tuning,821,91242;4952;12292;46196;48026;420;5466;89024;798;4276
tuning,822,420;91988;86956;87068;86577;88788;99234;87336;3346;22476
tuning,823,1428;21052;39414;70954;3154;2248;89252;102;37055;42556
tuning,824,26156;22128;46230;45638;77306;49788;44166;24048;26350;38887
tuning,825,57596;1826;19372;18640;49554;87388;12211;11996;31816;28162
tuning,826,20302;82328;2318;5642;48752;18640;4946;41078;28452;75404
tuning,827,77510;7988;63880;340;87388;10894;10682;376;18238;20814
tuning,828,14274;54418;21170;21134;54786;58776;51884;17326;9720;74426
tuning,829,9616;96238;75404;32320;82328;590;77228;19676;214;28282
tuning,830,96150;10887;8290;16574;11916;53292;1366;30579;41378;28260
tuning,831,31216;14550;16420;78822;73309;35850;3438;61065;54404;2392
tuning,832,52030;12968;96238;24478;20406;18786;214;19714;1094;41302
tuning,833,41602;87366;24226;8032;7290;29410;1366;42762;17326;702
tuning,834,80572;12402;80112;65880;96434;23124;282;61746;23718;50166
tuning,835,37636;56930;70131;32750;75176;48154;94285;87297;21694;77109
tuning,836,13182;16708;83412;23344;1148;15282;34464;77464;3450;1202
tuning,837,48244;13582;10174;15970;29116;26104;259;49003;9762;6960
tuning,838,1826;1398;9486;1362;9590;19828;8386;67048;86026;9104
tuning,839,47092;21162;27572;51448;45237;71646;46412;72456;35572;98166
tuning,840,31216;2392;35850;14550;73309;12952;78822;54404;8914;60172
tuning,841,37794;16448;2989;49396;37476;51884;47642;12;27150;72940
tuning,842,84748;68414;31216;96702;30359;85676;18738;946;29250;45228
tuning,843,22862;18746;1046;16420;6828;93448;42556;23924;64910;28676
tuning,844,84340;59132;896;69562;49396;32384;41162;57566;37476;65646
tuning,845,10276;39102;57410;80286;26052;33270;39406;15282;39854;25514
tuning,846,44954;45026;30359;42618;59526;96414;96444;73070;20264;84748
tuning,847,75986;3444;63534;13242;89472;23338;7922;39642;4592;4440
tuning,848,1790;6616;2955;3476;1950;29154;3438;2492;75986;5086
tuning,849,3975;4946;36862;55362;58602;5642;4276;30359;50280;9696
tuning,850,80112;10682;98730;33736;22752;10894;7988;12402;9592;12224
tuning,851,880;6150;56450;25076;29874;97228;16208;7316;33210;56428
tuning,852,94954;37636;70214;56930;7290;48154;70131;38920;26780;72190
tuning,853,34536;29568;91040;39388;35832;23218;9440;41302;10310;67186
tuning,854,66106;10276;12522;98194;3020;56112;99020;72334;20662;86654
tuning,855,32120;65370;32384;89894;52600;96912;25102;82920;78402;54194
tuning,856,47156;40062;61570;16280;48244;2358;38887;59968;46302;2027
tuning,857,1260;22872;78402;36385;26350;94304;45206;69708;41092;70642
tuning,858,36172;62756;540;90013;2380;16114;58424;3476;910;2316
tuning,859,1588;1568;37794;44598;2989;10392;52526;59536;40440;3114
tuning,860,79320;80110;29250;68414;71404;10730;96702;946;6716;54404
tuning,861,29874;30652;880;7316;25076;56450;6150;3608;7191;13886
tuning,862,91988;420;22128;2668;18466;31424;44784;70954;49788;88788
tuning,863,50268;31864;71126;1440;32814;2020;66866;22499;2398;49358
tuning,864,37636;21694;61208;90410;19546;30870;480;56930;19962;77109
tuning,865,97259;17048;1766;23928;97806;73268;30359;80850;36862;10586
tuning,866,50190;16866;14014;32814;67287;31864;18138;11698;11532;3352
tuning,867,9762;23558;22816;17956;41770;26104;6224;6152;2078;87064
tuning,868,69794;11960;5676;14132;56162;622;31242;77109;50588;56168
tuning,869,56370;54258;94560;2774;57048;46516;20814;29028;16080;44738
tuning,870,59280;26528;77368;8604;1382;16215;29674;98166;1400;54482
tuning,871,2054;4664;49494;5256;81666;21606;1410;1060;4166;9828
tuning,872,3548;19510;5280;2038;26392;12535;91864;332;3006;33354
tuning,873,22844;56460;98853;6134;33016;17632;71718;5272;14604;11772
tuning,874,77252;104;78728;1260;14060;9828;102;3114;21260;98080
tuning,875,97259;97806;17458;46752;51154;632;49986;17048;81145;98210
tuning,876,13182;472;2280;20662;26052;2190;19208;8982;20014;4536
tuning,877,910;9676;31456;94242;98636;72990;14770;9828;36030;62756
tuning,878,7150;80668;92321;27818;6006;22568;54194;71694;28190;496
tuning,879,28536;17458;2351;1148;94954;26780;1736;99020;74808;97259
tuning,880,75176;94285;90410;91580;33210;99564;28900;80898;75118;56930
tuning,881,56930;48154;37636;47720;70214;87297;77109;37356;26198;62902
tuning,882,496;1330;80668;7150;32754;13514;2994;54194;92321;22568
tuning,883,89232;4539;76764;83398;75176;50208;51546;50382;6136;88748
tuning,884,2868;12070;4592;26970;13598;80952;30088;68262;93448;13504
tuning,885,31216;14550;2392;16420;30826;61065;78822;95318;3438;406
tuning,886,2092;72828;64736;90522;75582;51792;10855;63472;7336;20974
tuning,887,22306;3828;19372;36862;10122;77080;48752;3140;50916;34814
tuning,888,2054;47238;52266;49494;69662;40062;78858;5256;98636;89894
tuning,889,1382;8604;2380;26104;4996;36545;16493;20650;17608;12872
tuning,890,54194;496;80668;1330;32754;7150;26528;92321;96912;13514
tuning,891,41060;10316;43918;21484;8760;24690;300;13338;20848;1644
tuning,892,23338;2868;9074;68262;75986;9890;16080;89472;12090;9388
tuning,893,44954;94370;45026;85676;49038;84748;30359;20848;45478;14812
tuning,894,18746;22862;6828;1046;93448;16420;23924;45026;29490;42556
tuning,895,16116;71330;5086;96246;21606;25102;28190;27818;42618;59526
tuning,896,392;99796;8044;3662;22132;2668;96792;34814;70954;340
tuning,897,95082;85654;11210;43918;61967;60042;18430;33416;20848;41060
tuning,898,22306;3828;19372;36862;34814;48752;1826;77080;3140;17824
tuning,899,33556;13958;82700;20152;12716;54812;13712;522;74050;910
tuning,900,9376;2134;9676;65998;10988;67186;1162;41233;44166;22132
tuning,901,94304;65998;99838;90786;92286;24524;9676;1215;96238;5952
tuning,902,30864;95582;36592;80112;77510;12290;874;5506;1430;63880
tuning,903,2890;17326;59630;9552;9890;54418;390;16558;9720;40714
tuning,904,2774;20488;26514;18330;2026;94242;65370;31234;34454;82920
tuning,905,21694;79646;56930;32750;48154;70131;98937;37636;28900;50208
tuning,906,19496;38168;19264;69432;584;72334;77426;89252;22499;19146
tuning,907,62322;98376;89932;632;98210;97662;56312;29410;94748;10646
tuning,908,89932;98376;94748;632;41830;98210;10720;7426;13252;75176
tuning,909,34536;724;35832;81268;10310;28456;83264;26104;18430;32384
tuning,910,50208;82044;17368;39418;97673;4708;4539;41830;3020;19962
tuning,911,75176;59964;66866;1422;67287;98194;54524;4570;89932;76497
tuning,912,16708;17368;42062;29338;10720;18278;45720;33222;3450;2008
tuning,913,97662;62322;56312;63084;88748;62738;20470;11220;1170;31618
tuning,914,1202;15282;23344;79494;16708;77464;11698;3450;13182;1788
tuning,915,6152;22816;23558;9762;2078;18320;6244;19767;75464;6224
tuning,916,54258;56370;94560;57048;2774;46516;20814;24581;96854;4688
tuning,917,94242;69801;32120;65370;10290;25102;37080;71694;52600;96912
tuning,918,27107;27386;3646;88676;29858;3264;43010;48140;39760;1338
tuning,919,73044;39356;1644;22872;87366;798;95930;80840;39488;45206
tuning,920,50208;17368;80230;97673;97662;39418;78164;2008;98194;56564
tuning,921,10276;39406;28534;86396;11698;29594;72334;39102;50956;28352
tuning,922,39406;9108;23214;53906;31132;5202;83533;13182;25514;58832
tuning,923,8336;1422;96238;57876;57962;94304;71126;12110;4494;85412
tuning,924,96238;76996;74256;7830;3108;99060;4100;18786;71126;214
tuning,925,11210;61967;29250;30359;946;84748;96702;36862;85676;41034
tuning,926,64522;53237;22078;68056;76728;76818;19372;87540;34628;9074
tuning,927,30359;18738;42618;94218;32378;96702;37938;45026;21084;96414
tuning,928,1022;95186;73070;12314;46797;59882;97962;53586;98690;49038
tuning,929,12314;59882;53586;95186;1022;97962;47402;73070;98690;49038
tuning,930,39286;90410;50070;99564;37636;56930;91580;70131;27266;99020
tuning,931,89932;94748;7426;98376;75176;41830;97662;98210;632;31510
tuning,932,34536;29568;9440;67186;97259;724;35832;81268;4100;76944
tuning,933,62322;97662;56312;1170;88748;17368;31618;63084;20470;11220
tuning,934,95186;1022;59882;46797;97962;12314;98690;49038;53586;47402
tuning,935,7336;60400;2092;51792;72828;75582;63472;41528;14604;29028
tuning,936,98853;56460;6134;33016;22844;17632;1060;70974;5272;10855
tuning,937,84748;29250;10016;31216;68414;54404;18738;96702;91884;61967
tuning,938,26780;14512;38542;64412;55806;85388;98937;27228;79524;22499
tuning,939,62738;62322;56312;63084;31618;20470;7191;69582;71126;3352
tuning,940,98210;1148;46752;80638;98376;13182;23214;89932;65562;83412
tuning,941,48244;61570;94034;2026;10310;7410;96912;47156;31850;71934
tuning,942,86026;19372;5642;11996;19090;7391;3828;24160;13880;68698
tuning,943,61408;29116;30758;15970;9762;58424;65244;69510;64834;3468
tuning,944,84340;47642;69562;896;59132;49396;52030;37476;3646;43658
tuning,945,79646;21694;70131;90410;39286;37636;32750;79358;27266;99564
tuning,946,1046;22862;6828;49494;42556;52420;18746;29594;29490;18320
tuning,947,3828;22306;19372;20302;36862;2318;34814;50602;17014;48752
tuning,948,82328;49788;1826;59414;94370;75404;22128;390;18640;95344
tuning,949,87728;32719;45174;1787;17326;3140;96434;71904;17014;85584
tuning,950,56450;31618;13886;1880;22499;78060;97228;25076;16208;880
tuning,951,38168;19496;39406;72334;77426;89252;19264;33270;19146;22499
tuning,952,35832;34536;81268;18018;39401;55450;724;56112;66106;50439
tuning,953,94954;37636;38334;56930;70131;8812;70214;79516;76944;8451
tuning,954,75176;37636;21694;89932;27266;39418;32750;56930;79646;90410
tuning,955,98376;632;94748;89932;98210;32750;10646;10720;5836;62322
tuning,956,6136;98194;6354;57868;66560;13182;69356;480;56786;71126
tuning,957,496;1330;32754;80668;7150;7138;3536;22568;13514;2994
tuning,958,30090;72090;11140;41696;53472;58776;9890;45638;7734;49788
tuning,959,61408;30758;64834;65244;9762;29116;58424;2358;94034;14992
tuning,960,56358;26052;33838;91582;57410;4536;39406;36258;25514;50190
tuning,961,36385;8828;61945;22872;45206;87366;1260;574;2195;27626
tuning,962,53586;59882;12314;46797;73070;98690;97962;47402;1022;49038
tuning,963,24160;89042;48026;8032;4952;76644;42762;420;887;76672
tuning,964,33354;25102;89894;51916;1260;4688;1382;36545;38928;35124
tuning,965,32936;68052;13212;90438;26364;78380;93936;57784;4090;88846
tuning,966,59134;37282;71934;88676;47926;48400;31850;16616;98636;18726
tuning,967,26970;25442;27258;10122;67048;19828;16080;93094;19416;75986
tuning,968,52234;73644;946;23859;59296;43844;43157;82994;30186;46392
tuning,969,49986;97259;97806;81145;4494;17048;10646;82649;1422;632
tuning,970,98210;98376;632;1422;80638;13182;3020;13252;83412;1148
tuning,971,98376;89932;39418;10646;42062;75176;63084;97662;4539;50208
tuning,972,32120;89894;65370;78402;82920;32384;25102;57390;50990;52600
tuning,973,6152;22816;23558;2078;82992;81382;16264;90013;1083;1084
tuning,974,27818;80668;7150;92321;6006;22568;54194;28190;97108;71694
tuning,975,28376;41092;48198;540;21162;21320;47092;13958;2538;98636
tuning,976,69794;5676;14132;11960;56162;622;30650;87297;77109;78380
tuning,977,48690;26124;23558;6366;49302;22816;88670;59667;1268;32020
tuning,978,84726;9762;36604;2380;87554;1260;39760;26104;91884;74158
tuning,979,3600;11436;44450;19416;9486;44702;26810;60400;14836;68262
tuning,980,2358;29116;10016;28930;24650;61570;40552;1756;15970;48244
tuning,981,87554;34268;3944;1494;1072;6278;41034;3032;1338;84748
tuning,982,84340;49396;35476;69562;37476;47642;26528;12;59132;32120
tuning,983,65998;94304;9376;33149;1215;5952;92286;24524;9676;10988
tuning,984,376;63880;340;69619;7988;36592;13338;77510;10682;34372
tuning,985,17326;9552;37055;51884;2890;30028;9890;7699;57538;1787
tuning,986,880;56450;6150;7316;56428;97228;29874;25076;16208;62902
tuning,987,78164;17368;22494;90476;80230;98194;88748;29410;2008;48048
tuning,988,89932;98376;94748;31510;75176;41830;39401;98210;632;13252
tuning,989,4536;69356;5362;6136;3670;91582;31152;71108;79516;46748
tuning,990,53906;76497;46752;80638;1422;71020;89932;75176;85388;39418
tuning,991,16264;6824;84162;3136;48690;3306;2078;21090;6244;8506
tuning,992,6278;9182;84748;3032;61967;74844;87554;41034;52266;92156
tuning,993,63768;12486;38558;43844;61065;35962;18310;50950;19948;82836
tuning,994,54812;16215;96103;6824;88670;12716;6828;6894;93546;8506
tuning,995,84528;95082;73044;64522;24690;94218;43918;39356;10316;12998
tuning,996,26104;13212;18320;75464;10760;96103;13514;93860;6224;1084
tuning,997,33838;41068;65562;94214;91582;2190;26052;5362;71020;472
tuning,998,84340;49396;35476;69562;37476;47642;3646;59132;896;97108
tuning,999,34536;81268;29568;35832;9440;724;83264;85706;23218;4494
evaluation,0,71694;22568;724;33556;3646;97108;62266;48140;27107;18726
evaluation,1,71694;54194;80668;7150;6006;20694;28190;2994;92321;22568
evaluation,2,87554;3032;74158;91884;97962;2604;6278;9182;412;61967
evaluation,3,49986;97259;97806;17048;1422;46752;81145;3020;46232;24434
evaluation,4,52030;12968;20406;3108;214;3944;31242;115;19714;14132
evaluation,5,1046;18746;29594;22862;18320;6828;42556;89834;29490;65646
evaluation,6,6156;23718;420;15278;552;77510;5506;3718;48026;6660
evaluation,7,214;2080;56168;52030;48026;95274;19714;32719;39186;47098
evaluation,8,9124;994;72119;71404;77326;30864;14422;3194;73418;20814
evaluation,9,81268;3608;39401;880;55450;29874;56112;34536;39618;18018
evaluation,10,22893;2290;33270;46752;25168;98194;13182;71020;98210;86396
evaluation,11,26350;19510;552;43150;340;332;91110;92758;887;95344
evaluation,12,56370;94560;54258;20814;2774;57048;24581;4688;46516;78928
evaluation,13,2868;4592;31816;16080;75986;14171;8524;29154;68262;12070
evaluation,14,5508;18786;8008;4044;56582;35402;5358;4952;8724;6078
evaluation,15,68932;3166;53190;27258;41564;13466;17530;53672;98997;2248
evaluation,16,3444;49358;21448;13466;39488;61967;82836;18768;11396;21712
evaluation,17,24048;19828;96238;74256;26810;34814;23338;91970;3864;39488
evaluation,18,45384;6216;75848;13504;98997;31368;51394;59344;5620;68932
evaluation,19,9486;38354;9590;71718;4440;96169;9104;9908;30070;26810
evaluation,20,60400;7336;63472;51792;41528;14604;2092;50040;58215;72828
evaluation,21,95082;73044;1940;15970;84528;7914;85654;73124;7804;5948
evaluation,22,33736;63880;7988;50512;80112;82994;4276;8008;37938;73418
evaluation,23,98853;56460;6134;22844;33016;17632;8938;60400;5272;1060
evaluation,24,84748;31216;68414;946;96702;30359;52526;45228;14550;29250
evaluation,25,10276;72334;11704;65522;11716;3668;584;6194;54786;24254
evaluation,26,41060;10316;43918;24690;95082;1644;15884;26124;94616;20650
evaluation,27,52266;7914;30874;40310;2267;20264;6278;96444;17328;96414
evaluation,28,76818;18640;80588;87388;46000;20766;24220;77646;61464;41450
evaluation,29,57596;22476;89024;19372;99234;87388;86577;79807;42762;46392
evaluation,30,19846;7699;49128;5506;54786;52030;87388;23718;33354;57538
evaluation,31,12316;71502;5508;18430;48244;41092;96912;93030;41770;33556
evaluation,32,32120;65370;78402;25102;89894;82920;94242;32384;50990;57390
evaluation,33,97806;97259;49986;98210;1422;17048;81145;57876;8451;5836
evaluation,34,23344;15282;13182;77464;22893;46104;3352;1148;66560;62738
evaluation,35,802;93094;16381;54404;3864;73058;54556;45412;968;64102
evaluation,36,78402;32120;82920;57390;65370;25102;89894;50990;32384;33354
evaluation,37,29116;21606;70642;28930;2028;13342;8062;2358;78130;2132
evaluation,38,4762;93860;16080;54258;12854;18726;92418;10122;49302;57048
evaluation,39,2772;5296;90013;54482;40494;4796;4712;17608;17106;4688
evaluation,40,94304;65998;9676;31234;92286;9376;67186;1215;7699;99838
evaluation,41,86510;10506;104;31216;52600;3194;39186;43157;77252;51956
evaluation,42,75176;80638;98210;53906;3020;90108;49986;8708;97259;72334
evaluation,43,90476;74808;88748;84324;23702;27850;22499;51546;78164;94214
evaluation,44,11698;32814;67287;70994;71126;62738;12686;31864;16976;23632
evaluation,45,89932;94748;98376;75176;41830;10720;31510;89232;632;71108
evaluation,46,2290;74152;6594;25170;36258;97673;1308;30704;3670;83533
evaluation,47,51546;31864;16036;42062;89232;18138;50208;27910;8280;18706
evaluation,48,92788;51546;2314;11704;85388;16208;70200;20662;2290;54964
evaluation,49,12854;4762;16080;92418;18726;93860;49302;94242;71694;16116
evaluation,50,7696;2920;83412;34916;81768;90108;55806;38542;46752;80638
evaluation,51,19546;62322;61208;4708;88748;20470;27138;74808;480;57876
evaluation,52,20650;49358;81038;94616;64702;9676;15884;73044;24690;2195
evaluation,53,32120;65370;78402;82920;89894;25102;32384;52600;69801;50990
evaluation,54,39760;88676;43010;93030;46150;22784;14114;52764;2078;90
evaluation,55,98166;6894;98476;19767;43522;32020;93546;72456;51448;90013
evaluation,56,496;1330;2994;80668;13514;32754;54194;7150;6314;95268
evaluation,57,8648;4090;35572;6008;19274;84162;32020;41010;42148;19767
evaluation,58,16264;43522;51448;27572;21090;72456;21162;71646;84162;1442
evaluation,59,52600;94242;30088;37080;57390;26364;30148;30650;2316;3620
evaluation,60,86396;2604;1044;87554;94954;37794;12224;42618;38632;94218
evaluation,61,97806;97259;81145;20662;584;98937;25076;71418;2078;82649
evaluation,62,21090;10174;66606;26104;16493;259;1083;1084;35124;2078
evaluation,63,58215;75582;63472;50040;64736;60400;49080;14604;51148;7336
evaluation,64,41060;10316;43918;24690;95082;15884;73644;1644;81038;26124
evaluation,65,3864;26810;22650;19828;93094;16381;1348;64702;54404;22788
evaluation,66,12968;18786;20406;1094;24478;96238;214;31242;52030;88846
evaluation,67,20386;61065;3032;11930;1084;1083;16030;26514;63404;16215
evaluation,68,95082;51696;61967;24690;33416;43918;69510;41014;23112;54194
evaluation,69,96444;96414;5256;4664;2267;5086;49774;5484;9910;27658
evaluation,70,42618;30359;18738;96414;96444;94218;11060;32378;45026;96702
evaluation,71,70974;71718;74192;11772;1684;12090;89472;2392;24200;91040
evaluation,72,51956;45228;29594;40440;42556;74260;50256;946;41564;50186
evaluation,73,26810;93312;19828;96169;91970;86026;30070;2062;30192;67048
evaluation,74,21888;30088;10798;49056;98468;49120;3306;90974;16010;3136
evaluation,75,49396;47642;69562;84340;43658;59132;96854;37476;2774;97786
evaluation,76,65998;94304;1162;24524;9376;33149;9676;5952;10988;1215
evaluation,77,79807;99234;552;57182;46196;48026;89024;3346;53478;88788
evaluation,78,86510;77252;78728;51696;21260;76996;102;98080;9828;46000
evaluation,79,74010;75128;75920;56168;74116;15363;65036;81414;10506;32320
evaluation,80,16114;77306;26350;64522;18430;1260;41770;9676;887;91242
evaluation,81,53132;14722;9552;74426;21134;21170;64102;5760;7734;15356
evaluation,82,9948;86891;10392;6216;14171;12070;13504;85128;54282;55310
evaluation,83,6150;880;56450;29874;7316;25076;16208;62902;7191;56428
evaluation,84,14512;70131;99020;55806;38920;79358;86654;76944;26780;50070
evaluation,85,56930;37636;70131;90410;91580;2248;99564;32750;28900;50070
evaluation,86,20662;7575;90476;51546;6886;98194;71020;46748;92788;37800
evaluation,87,65562;1202;13182;16708;77464;15282;1148;1788;19208;3450
evaluation,88,78702;79358;50070;94954;70131;35032;90410;74152;56162;49120
evaluation,89,18726;23790;38928;18364;92670;37282;31850;51568;88676;14686
evaluation,90,59968;21642;16264;21090;17956;21162;3946;24581;82700;20666
evaluation,91,18320;48690;75464;98476;13212;6224;21090;98166;3306;84162
evaluation,92,29116;21606;70642;28930;13668;14114;8062;2358;78130;2028
evaluation,93,61408;9762;30758;29116;22816;58424;82992;65244;23558;64834
evaluation,94,69794;5676;11960;31242;14132;56162;622;50588;78380;532
evaluation,95,59280;8604;26528;63404;18762;16493;54482;16215;16264;64626
evaluation,96,17106;27662;98636;14686;88676;7138;22568;92670;89894;71934
evaluation,97,3646;27386;43010;48140;87554;25102;27107;724;29858;81038
evaluation,98,2054;6006;71694;32384;18364;7138;2994;1400;37476;4166
evaluation,99,6078;48026;24160;89024;79807;73242;42762;4952;2068;8006
evaluation,100,1644;26970;20830;30070;2706;73730;15200;14604;25442;89472
evaluation,101,20912;34244;52266;66836;57390;35962;36385;42006;29250;24650
evaluation,102,61065;3032;20386;11930;52420;44738;7914;52158;2035;64522
evaluation,103,21547;42006;9590;96169;9104;1402;1396;18622;78858;49494
evaluation,104,33540;89042;74256;68994;34814;420;1826;90534;16574;887
evaluation,105,90534;34814;89548;75834;61616;98102;17186;38016;4514;4594
evaluation,106,85676;84748;30359;45478;91884;49038;44954;38536;98690;53237
evaluation,107,22306;5760;38248;54786;38632;390;82328;74766;4264;53132
evaluation,108,47252;46797;59882;97962;47402;49038;12314;53586;1022;98690
evaluation,109,50628;68224;45412;32508;31216;93086;1684;2814;34476;15200
evaluation,110,29250;3140;80110;45174;10122;54404;44260;1428;52420;27412
evaluation,111,96238;12968;3108;52030;5814;19714;99060;18786;9440;214
evaluation,112,880;56450;6150;29874;3132;25076;7316;97228;62902;7191
evaluation,113,83398;88748;62902;22499;17368;97673;880;50208;89232;14012
evaluation,114,24504;480;20470;13252;632;59964;66560;4708;13598;7762
evaluation,115,32384;32120;89894;65370;50990;82920;69801;94242;71934;78402
evaluation,116,18320;75464;98476;6824;84162;21090;48690;3306;8506;98166
evaluation,117,29858;69662;27107;27386;724;3646;8712;7368;43010;80668
evaluation,118,95186;1022;59882;12314;46797;98690;53586;97962;73070;49038
evaluation,119,65180;52234;43392;49774;87540;38632;30359;11060;69798;99702
evaluation,120,214;52030;12968;20406;96238;41642;24478;19714;74256;3944
evaluation,121,82920;32120;65370;25102;32384;89894;16116;69801;71330;78402
evaluation,122,89932;632;10720;3020;13252;13304;1422;98376;90108;49986
evaluation,123,20470;4218;14012;1422;10444;5836;880;6886;12110;22499
evaluation,124,11704;5362;2314;30704;56358;46104;20662;65281;57410;472
evaluation,125,91324;50256;44738;11930;87336;24728;87540;93086;24216;3476
evaluation,126,1155;1094;2536;69794;2080;11960;83194;57962;1247;68262
evaluation,127,69568;95318;80850;40440;424;3438;40971;946;8208;43844
evaluation,128,97259;97806;4494;85388;60596;1422;65880;21888;480;4416
evaluation,129,89024;91242;4952;30650;53478;61746;48026;49302;42762;87336
evaluation,130,32120;89894;78402;65370;32384;82920;25102;57390;50990;69801
evaluation,131,214;8032;73242;7290;71502;66866;91242;20766;46196;39398
evaluation,132,6006;2054;71694;2994;7138;97108;20694;4166;18364;32384
evaluation,133,89232;17368;90476;94748;78164;22494;29582;42062;84324;13252
evaluation,134,15356;16558;79560;10636;9720;19846;14274;21170;41602;14162
evaluation,135,81268;29874;584;56112;83194;5080;3608;26780;34536;22284
evaluation,136,65562;13182;1148;66560;16708;77464;83412;10408;19208;1788
evaluation,137,45174;3140;17326;85584;47018;32719;73124;46797;47098;29250
evaluation,138,1046;22862;6828;18320;29490;16420;18746;29594;18466;3600
evaluation,139,308;90534;77080;65606;99476;20774;13598;14060;23632;3662
evaluation,140,70974;71718;11772;64736;98853;56460;27042;6134;74192;2492
evaluation,141,6006;92988;50588;27662;7138;80668;49056;4166;27818;2054
evaluation,142,55362;522;2054;3975;10310;36385;27626;85138;58602;4946
evaluation,143,78928;18726;92670;31850;4688;38928;37282;31950;23790;18364
evaluation,144,94242;23790;69801;18726;65370;71694;92670;7138;10290;69662
evaluation,145,16420;22862;6828;18746;93448;702;1046;42556;28676;23924
evaluation,146,32936;35572;48216;78380;6224;6244;32020;90013;19767;51448
evaluation,147,6150;880;56450;25076;62902;29874;38790;56428;3132;19264
evaluation,148,1756;54058;40552;73268;76672;9602;60042;76644;82992;78936
evaluation,149,17458;79524;3668;1788;46752;92786;21886;3352;19208;49932
evaluation,150,90013;40494;28032;32020;89798;6152;4688;19767;98166;6244
evaluation,151,38887;6366;64626;20666;24650;63404;18762;2836;16830;22128
evaluation,152,887;77306;26350;2668;798;398;92758;23859;16114;31379
evaluation,153,47098;47012;85676;57876;30359;84748;38536;49038;20774;70200
evaluation,154,35850;3294;2392;12090;18310;29250;34628;82836;76816;12318
evaluation,155,95082;43918;33416;24690;41060;140;10316;84528;73044;90
evaluation,156,66106;39401;81268;9762;34536;35832;52452;724;55450;496
evaluation,157,94954;28536;30904;2351;97806;17458;72190;99020;26780;27228
evaluation,158,99060;9916;7830;86510;5086;76996;5074;28946;4100;11828
evaluation,159,17326;9890;54786;58776;1787;4116;51884;7734;70954;21134
evaluation,160,10887;96150;55362;4276;53292;16574;4946;11528;7391;46232
evaluation,161,9730;45178;41092;56155;68078;80588;70642;55150;90;58732
evaluation,162,84340;47642;49396;48140;69562;896;62756;37476;43658;3646
evaluation,163,6366;78380;48690;26858;20650;50640;84162;54524;15884;94616
evaluation,164,16010;2267;79524;46000;44442;14014;41450;76996;86510;51696
evaluation,165,95606;30088;21134;21170;33354;30148;85539;33786;54786;40714
evaluation,166,29116;21606;2358;42618;44954;70642;20264;2028;6278;30359
evaluation,167,496;1330;32754;7150;80668;2994;13514;7138;6314;22568
evaluation,168,19372;50268;22306;76816;12224;97516;2392;76818;5642;68262
evaluation,169,8032;46196;91242;89024;81338;42762;4952;81768;23902;48026
evaluation,170,45206;4276;11528;53912;96150;9696;7391;5642;58602;41378
evaluation,171,3600;44378;44702;44450;11436;34628;2035;29716;3438;12090
evaluation,172,30359;84748;85676;14812;44954;36862;91884;45026;45478;38536
evaluation,173,61065;20386;3032;17530;34454;17328;282;29270;11930;52158
evaluation,174,16116;71330;27818;82920;28190;36385;25102;5086;65370;21606
evaluation,175,71718;70974;74192;1684;27042;18310;4440;35962;732;38558
evaluation,176,1094;1940;91242;98468;48026;76816;11308;27434;4952;552
evaluation,177,19496;10276;29594;38168;39406;19264;77426;19146;6194;72334
evaluation,178,99020;86654;80866;30904;22499;91580;70131;50070;28352;27228
evaluation,179,27266;39102;38422;10850;41536;32750;46516;78702;16616;83533
evaluation,180,92788;23214;97673;3020;78164;50208;19546;22499;80230;57876
evaluation,181,19828;93094;2062;26810;96169;67048;1402;1396;16420;7630
evaluation,182,12314;98690;53586;95186;59882;1022;46797;47402;97962;73070
evaluation,183,85676;84748;30359;44954;91884;38536;45478;14812;20848;49038
evaluation,184,34536;26780;10310;94560;23082;724;94954;2195;83194;97259
evaluation,185,89252;51496;29874;2248;30652;483;77426;46104;73290;7630
evaluation,186,42556;74116;83533;2134;6716;23924;1494;4100;6794;52750
evaluation,187,1424;1442;21320;21162;72456;93546;540;46412;71646;8506
evaluation,188,88460;94034;7410;98636;77579;90256;14992;71934;12910;88676
evaluation,189,33556;13958;13712;41092;522;54812;48610;74050;70642;20152
evaluation,190,4166;1568;7898;48400;1588;14580;71934;40806;42148;63336
evaluation,191,70974;71718;18310;35850;4440;74192;38558;12952;23338;96169
evaluation,192,65606;96150;28536;46232;53292;87366;53592;10887;94954;97806
evaluation,193,95318;40440;38928;702;4116;30148;85584;7988;42320;80952
evaluation,194,44954;45026;30359;42618;20264;84748;59526;50512;73070;85676
evaluation,195,54404;946;54556;96702;66264;3294;11210;40440;95318;8208
evaluation,196,77306;16114;64522;1260;18430;91242;41770;3114;9676;14454
evaluation,197,96150;28536;65606;87366;17186;4276;95930;35040;53592;3975
evaluation,198,6150;13886;25076;26412;97228;3608;56112;55450;22499;14012
evaluation,199,30870;82659;8708;49774;23214;53398;97259;43392;41034;8112
evaluation,200,88460;94034;7410;98636;90256;77579;536;14992;12910;4796
evaluation,201,33270;10276;30704;39406;472;26052;31132;13182;71020;36258
evaluation,202,18805;21547;18622;9590;78822;39488;42006;9104;86574;78858
evaluation,203,70974;71718;4440;35850;74192;12952;18310;73309;38558;89472
evaluation,204,96238;1644;90786;89834;2706;41302;41394;308;26970;94304
evaluation,205,87800;3548;2038;49076;44954;38536;45026;57596;332;95606
evaluation,206,71934;3264;59134;37282;40620;98636;82920;47926;88676;31234
evaluation,207,33556;70642;71540;13958;80434;52764;13712;18330;20152;29116
evaluation,208,29330;31510;17048;472;7575;39418;36258;13182;10586;20662
evaluation,209,536;57962;55586;5296;35884;584;18786;21162;98532;90256
evaluation,210,71694;17106;27662;22568;20694;98636;71934;97108;7150;14686
evaluation,211,7336;72828;2092;14604;50040;10855;49252;11772;63472;75582
evaluation,212,87540;47098;65180;85584;26090;43392;44930;11060;52234;73124
evaluation,213,45026;44954;42618;84748;3002;21606;16116;15970;59526;20264
evaluation,214,96238;12968;214;19714;52030;18786;74256;41302;3108;76996
evaluation,215,66044;92988;35850;79807;12224;8724;24728;82836;2392;87540
evaluation,216,20912;34244;9828;66836;4996;23112;35962;42006;47278;52266
evaluation,217,21911;18746;3944;71126;6828;45770;22862;16215;29722;21674
evaluation,218,40971;10122;42320;3140;14550;31216;51394;52234;77100;95318
evaluation,219,56460;6134;98853;17632;68262;4440;39488;44702;22844;1402
evaluation,220,56930;37636;70214;48154;87297;37356;21694;32554;47720;49120
evaluation,221,58776;12211;82328;9890;54418;16128;51884;77510;14274;4114
evaluation,222,77464;23344;13182;22893;83412;39618;14014;2594;3352;15282
evaluation,223,50208;78164;17368;9332;13252;3020;82044;90476;71043;88748
evaluation,224,83398;17368;78164;50208;8196;97662;88748;84324;76764;81145
evaluation,225,48140;59132;81666;78858;34454;68262;1094;14114;9676;28206
evaluation,226,51568;18532;4243;86577;11220;5428;22078;1826;8676;19914
evaluation,227,93546;21162;1424;1442;84162;41010;46412;21320;6008;72456
evaluation,228,98166;3678;84162;6894;98476;18330;21090;16264;9438;8648
evaluation,229,22568;7150;6006;71694;20694;13514;496;80668;97108;92321
evaluation,230,37282;31234;71934;31850;65370;88676;16616;98636;18726;59134
evaluation,231,69794;5676;11960;56162;14132;622;31242;32936;6224;78380
evaluation,232,17106;71934;27662;71694;48400;88676;98636;47926;3264;40620
evaluation,233,7988;80112;5506;56582;22752;2868;3438;12402;54786;95758
evaluation,234,44702;56460;44378;35962;44450;3600;22844;732;98853;6134
evaluation,235,85584;47098;87540;47018;23902;87336;45174;3114;73124;65180
evaluation,236,59882;98690;95186;1022;46797;12314;73070;53586;47402;97962
evaluation,237,45102;74010;98924;84324;75128;27434;27258;10506;256;5676
evaluation,238,38558;18310;23713;3894;12486;732;35962;41498;65581;24216
evaluation,239,42556;22862;1046;18746;4894;6828;16420;28676;26970;29594
evaluation,240,61065;3032;20386;17530;282;11930;34454;29270;17328;52420
evaluation,241,38558;3894;18310;1652;52286;12486;82836;61065;23713;4426
evaluation,242,33016;34476;39488;1410;75086;36098;70630;75986;22844;8914
evaluation,243,12968;41642;214;91582;56168;71126;31202;52030;20152;29122
evaluation,244,96944;29250;65581;17328;7914;11758;65180;76728;46460;41450
evaluation,245,9592;23626;96344;23718;38016;12402;72090;80112;98730;10682
evaluation,246,90786;94304;96238;1236;5992;35124;258;792;77646;41394
evaluation,247,84340;59132;1268;52030;88130;61190;1146;35476;896;49302
evaluation,248,442;74256;53292;11908;58718;41378;9696;86686;95414;11528
evaluation,249,95414;80;69798;2844;39404;89042;15750;93860;8276;11874
evaluation,250,57986;27412;946;424;69798;98690;74646;26356;55432;73644
evaluation,251,887;73268;4952;76644;2668;76672;60042;798;87540;89024
evaluation,252,38168;19496;72334;77426;6194;19264;29594;20264;33270;89252
evaluation,253,34536;10310;35832;29568;85706;724;66106;18018;78928;23218
evaluation,254,56930;32750;48154;76944;21694;70131;39286;99564;27266;91580
evaluation,255,32750;99564;56930;21694;37636;39286;70131;90410;27266;87297
evaluation,256,68590;39314;14014;36280;18138;38887;99020;68052;65581;56428
evaluation,257,8812;75118;99020;94954;50070;8451;90712;7575;10586;26780
evaluation,258,4044;51154;59074;7988;20814;77326;33736;5508;6078;77510
evaluation,259,29330;76944;37636;38334;49120;24476;764;37800;10850;32554
evaluation,260,10310;20694;78130;4708;70642;21606;8062;33556;71694;29021
evaluation,261,34454;53208;96944;53190;65180;53398;2920;3166;12952;19914
evaluation,262,15970;26104;16114;10174;77306;89834;3306;73124;26350;59667
evaluation,263,54258;57048;56370;94560;2774;1382;31850;46516;27662;16080
evaluation,264,85138;8062;95186;13342;20264;36888;2358;47156;28930;29116
evaluation,265,22568;7150;97108;71694;7138;6006;20694;92321;13514;7410
evaluation,266,6894;98166;19767;98476;43522;51448;32020;93546;32936;72456
evaluation,267,59134;17106;71934;40620;47926;48400;18240;3264;7898;27662
evaluation,268,61408;29116;30758;9762;2358;50439;94034;65244;64834;58424
evaluation,269,78858;96702;17868;18805;39404;71026;42006;1494;39488;21547
evaluation,270,23338;30826;21958;50750;71718;38501;2062;78232;91040;57052
evaluation,271,4536;3670;66560;69356;6136;5362;91582;46748;24616;57410
evaluation,272,4688;24581;89798;90013;40494;1472;23894;6152;37602;59280
evaluation,273,71934;3264;48400;4166;40620;47926;1568;1588;98636;2054
evaluation,274,82920;17106;16116;59134;71934;31234;35402;71330;65370;3264
evaluation,275,8044;2604;34814;4514;44450;44702;75834;17186;4594;53132
evaluation,276,4416;69432;39102;41536;47720;27266;7762;41068;46516;94285
evaluation,277,20650;94616;6366;15884;54282;1215;2989;3944;3434;31042
evaluation,278,92354;6006;80668;41450;34706;54524;7410;88676;85412;13514
evaluation,279,18240;42148;47926;63336;41010;19274;6008;59134;40806;35812
evaluation,280,3132;880;56450;23430;7316;19264;97228;1896;19146;1880
evaluation,281,32750;91580;39286;70131;90410;56930;37636;79358;99564;76944
evaluation,282,420;1106;91988;18800;91242;86956;5466;46196;71502;33540
evaluation,283,3264;71934;48400;98636;40620;1588;47926;1568;62266;76628
evaluation,284,63534;24160;21712;91970;3444;40956;7922;44278;96238;9388
evaluation,285,16116;71330;36385;28190;27818;5086;96246;32384;42618;45026
evaluation,286,88748;90476;97662;76764;78164;83398;17368;22494;23380;31510
evaluation,287,47642;84340;49396;59132;69562;37476;896;32384;43658;3646
evaluation,288,9592;23626;23718;12402;72090;10682;98730;80112;30864;72932
evaluation,289,87800;44954;45026;38536;20848;95606;45478;91884;53592;3975
evaluation,290,90534;34814;77080;67048;34940;89548;41564;2967;46000;59512
evaluation,291,54282;59132;49302;9676;1146;896;65998;31042;84340;65646
evaluation,292,29330;56930;76944;38334;47720;77464;65562;70214;11874;32554
evaluation,293,81768;2996;81338;23214;10276;8982;97838;21886;31202;2290
evaluation,294,10646;98376;98210;94748;632;39418;91580;75176;42062;13252
evaluation,295,59134;18726;71934;88676;98636;37282;16616;31850;40620;13880
evaluation,296,61408;29116;9762;22816;30758;15970;64834;82992;2358;65244
evaluation,297,71934;3264;48400;4166;81666;98636;40620;1568;1588;2054
evaluation,298,57390;12166;75382;82700;32020;88846;87902;11828;19767;1424
evaluation,299,6824;3136;6244;16026;47926;3306;1386;35884;12716;93860
evaluation,300,65581;38558;65180;29594;3894;53208;96944;75582;69510;52266
evaluation,301,96150;18238;10887;4276;45206;53292;85138;11528;5642;46232
evaluation,302,30359;85676;44954;84748;42618;18590;66364;45026;91884;14812
evaluation,303,89834;23112;71330;9182;5086;73730;1680;4894;22749;25442
evaluation,304,18364;18726;54786;38928;28456;31550;23894;92418;4762;3194
evaluation,305,54258;56370;2774;94560;57048;46516;20814;1382;4688;27662
evaluation,306,79807;57182;91884;89024;99234;33354;48026;53478;95606;2526
evaluation,307,77326;4044;61945;7988;80112;73418;73644;33736;6078;20814
evaluation,308,55450;52452;18018;5080;89480;4416;91580;28456;56112;39401
evaluation,309,21162;51448;47092;19767;35572;82700;45237;27572;32020;88846
evaluation,310,84340;59132;52030;1268;88130;35476;896;61190;1146;49302
evaluation,311,69562;25102;49396;9676;59132;69801;68262;27818;65370;82920
evaluation,312,49302;59132;54282;9676;724;1146;7138;12854;49396;12070
evaluation,313,54194;96912;92321;80668;59667;7150;10174;21712;26528;6778
evaluation,314,82523;61945;77326;1672;73418;71404;63768;342;16728;12224
evaluation,315,80;95414;39404;93860;69798;89042;19510;57756;424;11874
evaluation,316,54482;1084;1083;20666;4712;43522;8604;24581;4688;40494
evaluation,317,8044;34814;44450;90534;73309;802;16420;30826;80110;99796
evaluation,318,21674;37476;11574;96854;61540;16448;1588;38501;72940;49396
evaluation,319,49788;22128;46230;34566;1215;33149;93969;95606;5952;18466
evaluation,320,70131;21694;79646;32750;27266;90410;99564;50070;39286;91580
evaluation,321,11874;55806;71495;27228;76944;99020;28534;2594;28352;91580
evaluation,322,60596;75464;18320;77306;3956;26104;98476;4682;13598;21090
evaluation,323,57390;32120;32384;65370;78402;89894;50990;82920;25102;52600
evaluation,324,29116;21606;70642;28930;2028;8062;2358;13342;2132;78130
evaluation,325,56162;69794;11960;77109;5676;87297;622;31242;47720;50588
evaluation,326,496;1330;7150;80668;32754;54194;2994;22568;7138;13514
evaluation,327,31850;36888;37282;51916;18726;36172;38928;33416;1030;92670
evaluation,328,69568;50628;74158;50256;53237;97962;52234;33106;1338;23578
evaluation,329,16493;60596;82920;4682;46516;31234;17864;7466;23112;4984
evaluation,330,5080;55450;56112;31790;62902;39401;83194;81268;3686;94748
evaluation,331,64354;6396;80744;80858;16215;8604;3468;8676;792;63404
evaluation,332,60400;20974;58215;14604;26298;63472;50040;41528;7336;2035
evaluation,333,16116;71330;28190;27818;96246;5086;36385;65370;52600;31550
evaluation,334,3548;44954;87800;45026;33354;45478;12535;20952;95606;2038
evaluation,335,79560;85539;21170;21134;5280;10636;33786;41602;40714;14162
evaluation,336,10887;63880;98730;20814;8008;18238;10894;9592;12402;77326
evaluation,337,70131;21694;79646;27266;32750;90410;99564;50070;39286;91580
evaluation,338,4494;85412;99564;4984;14136;16836;13994;2444;92670;8032
evaluation,339,26052;96792;66106;94954;51230;86654;1148;90410;26780;31132
evaluation,340,6150;50208;29874;80898;3608;22499;36280;97228;7191;56428
evaluation,341,94954;38334;60596;99564;27266;37636;28536;56930;82906;53592
evaluation,342,27107;29858;27386;3646;76628;88676;46150;48140;93030;3264
evaluation,343,56460;33016;98853;22844;6134;17632;60400;36098;70974;58215
evaluation,344,21886;18028;8708;1494;92786;10276;20014;26052;3352;76460
evaluation,345,59882;1022;98690;95186;46797;73070;12314;97962;53586;49038
evaluation,346,20912;7914;6778;46797;65581;1874;14550;40440;6716;98690
evaluation,347,45026;44954;30359;42618;20264;21606;59526;84748;12535;16116
evaluation,348,61065;3032;11930;20386;732;2035;38558;27042;44738;51148
evaluation,349,23338;71718;96169;9486;38354;74192;4440;2062;89472;1402
evaluation,350,49252;944;2814;34628;32508;7336;2035;72828;22940;2540
evaluation,351,96944;96344;65180;11758;29594;91040;29250;68932;1874;41450
evaluation,352,1644;73044;37794;75986;80840;28948;9182;46232;654;26124
evaluation,353,59132;69562;84340;49396;896;12;12070;49302;13504;2080
evaluation,354,18640;1440;50268;57962;57596;2020;49554;20302;90256;19090
evaluation,355,74256;86686;58718;93312;1366;16574;442;7391;17824;28510
evaluation,356,69619;26392;5280;89024;332;334;63880;3006;49076;1900
evaluation,357,44954;45026;84748;30359;85676;59526;73070;42618;95606;50512
evaluation,358,61065;3032;20386;11930;60596;11308;2035;7914;45174;52420
evaluation,359,21694;70131;27266;39286;99564;56930;48154;52452;91580;78702
evaluation,360,34536;29568;35832;5080;83194;94954;18018;724;28456;81666
evaluation,361,18320;60596;75464;4682;1618;13598;13342;3956;372;14136
evaluation,362,54482;1084;1083;24581;40494;4688;20666;98476;43522;8604
evaluation,363,80668;7150;92321;6006;54194;97108;27818;7410;22568;496
evaluation,364,66330;23894;4894;34536;98080;1574;8406;18364;23082;120
evaluation,365,19372;64910;20302;68166;4276;38248;5642;35054;76728;1826
evaluation,366,98636;14992;3264;67336;1568;7898;94034;71934;42148;65160
evaluation,367,27386;29858;724;27107;3646;69662;10310;76628;48140;7898
evaluation,368,78590;32112;21090;66606;21320;46412;54482;16264;20666;84162
evaluation,369,17956;4712;5988;5508;34706;64354;1083;6396;24524;1084
evaluation,370,3646;23702;70131;30904;90410;99564;35032;32750;91040;35884
evaluation,371,34536;18018;10310;81268;55450;724;28456;35832;66106;56112
evaluation,372,54482;20666;1083;1084;4712;43522;8604;24581;40494;4688
evaluation,373,21674;24476;38168;483;56450;13416;46252;77702;23594;7191
evaluation,374,33016;56460;98853;6134;22844;60400;17632;36098;58215;63472
evaluation,375,82920;65370;25102;32120;32384;89894;78402;16116;52600;71330
evaluation,376,3264;31950;2538;2054;38928;724;37602;36172;31850;456
evaluation,377,95082;73124;85654;15970;7914;73044;64522;84528;1940;93312
evaluation,378,99234;79807;2526;3346;53478;89024;88788;57182;86956;46196
evaluation,379,3548;87800;57596;12535;3006;2038;332;49076;49038;81038
evaluation,380,75128;74010;75920;74116;56168;65036;15363;124;10506;10698
evaluation,381,81268;52452;55450;56112;18018;83194;5080;584;66106;39401
evaluation,382,18320;13212;21090;48690;26104;8506;75464;3306;6224;98476
evaluation,383,7410;98636;71934;7138;17106;48400;7898;22568;47926;27662
evaluation,384,16116;71330;28190;96246;5086;27818;36385;65370;52600;25102
evaluation,385,74540;58215;59986;50040;732;4368;50750;2492;7852;64750
evaluation,386,31132;22494;11704;5362;472;94214;33838;78164;2996;81768
evaluation,387,1022;95186;46797;73070;12314;59882;49038;53586;98690;97962
evaluation,388,18640;1826;19372;9074;7290;7804;3828;87540;76818;55362
evaluation,389,38248;9890;17326;12211;7734;51884;45174;54786;58370;17824
evaluation,390,98636;3264;65160;94034;14992;71934;90256;792;76628;1382
evaluation,391,65998;9376;9676;24524;10988;56766;5952;31042;2134;67186
evaluation,392,27662;12070;13212;57390;7898;21052;90256;24581;9948;92286
evaluation,393,14350;44260;80110;6156;85654;74426;74194;1430;78822;70630
evaluation,394,45026;44954;71330;16116;21606;59526;42618;12535;30359;84748
evaluation,395,60400;7336;58215;26298;14604;63472;72828;2092;50040;41528
evaluation,396,96944;65581;93854;29250;17328;65180;67048;11758;29594;77100
evaluation,397,3262;98924;470;13504;86891;85584;52750;9760;17368;31368
evaluation,398,78164;17368;84324;90476;51546;20470;50208;71043;76764;98210
evaluation,399,14512;27228;55806;81357;30904;11758;28534;98194;14014;32750
evaluation,400,27228;55806;28534;88014;79524;28352;14512;10760;50070;30904
evaluation,401,18364;38928;36172;4688;92670;31850;18726;2772;23894;14686
evaluation,402,57390;75382;12166;11828;19767;87902;32020;82700;98476;1424
evaluation,403,46412;51448;35572;45237;32020;71646;19767;27572;72456;1442
evaluation,404,69619;398;7391;89024;26392;63880;4952;46232;340;18872
evaluation,405,81768;3020;71043;78164;50208;92786;20662;80898;81338;2996
evaluation,406,44954;45026;85676;84748;59526;30359;38536;42618;95606;14812
evaluation,407,38248;93086;95318;44738;11930;55432;51956;41378;73644;40971
evaluation,408,9182;92374;20264;30359;42618;29490;68414;42320;44954;3827
evaluation,409,36385;1260;16280;70642;9378;14770;612;36030;29270;11698
evaluation,410,94214;78164;6346;57876;4708;4494;70854;51546;3678;71126
evaluation,411,21911;4494;522;6836;60;1896;372;40310;21674;7644
evaluation,412,96150;55362;11528;10887;4946;53292;53912;53592;45206;9696
evaluation,413,69562;25102;69801;49396;9676;59132;82920;68262;27818;65370
evaluation,414,6150;13886;25076;97228;19146;19264;880;56112;3608;26412
evaluation,415,21886;20014;8708;18028;3352;23214;76460;26052;10276;92786
evaluation,416,98636;67336;14992;792;3264;7898;71934;42148;1382;1568
evaluation,417,94560;2774;56370;6778;16616;3042;17864;46516;76944;20814
evaluation,418,4762;54258;12854;95274;92418;37282;93860;54194;49302;73070
evaluation,419,47238;40062;2344;2054;68052;96854;48866;62213;40956;522
evaluation,420,732;90522;2492;72828;20974;27042;64736;2035;51148;41498
evaluation,421,21911;6224;6828;54812;43392;88670;3944;39624;50750;29722
evaluation,422,87554;97786;2027;5752;43010;71026;39414;9951;24160;56028
evaluation,423,9592;23626;72090;23718;80112;10682;30864;12402;49326;98730
evaluation,424,36592;77510;82328;33736;98730;77326;10682;75404;20814;95758
evaluation,425,87297;77109;56162;47720;56930;37636;13304;48154;22494;91580
evaluation,426,2068;49986;97806;97259;57876;1422;6824;59964;65880;3020
evaluation,427,92321;22568;80668;7150;496;6006;97108;71694;27818;7410
evaluation,428,53476;59134;71934;17106;40620;7138;33416;47926;48400;4166
evaluation,429,17502;92198;92192;6614;66602;26198;99036;65393;9232;16208
evaluation,430,48140;36172;41162;26970;20830;87554;5086;96246;16116;25102
evaluation,431,4664;49774;99060;5086;96444;3108;66044;96414;5256;1494
evaluation,432,98636;7410;3264;71934;94034;76628;97786;1382;90256;87554
evaluation,433,81268;35032;52452;56112;584;83194;83533;98468;55450;26780
evaluation,434,46104;57876;1148;60596;33222;79516;97806;31152;97259;30870
evaluation,435,74808;80230;1148;27818;28190;88748;2996;92786;2844;29490
evaluation,436,62213;55806;52266;18726;6778;20912;38928;64658;30148;3894
evaluation,437,73044;69708;910;31456;90;72990;7804;24259;74050;9730
evaluation,438,18726;23894;18364;4688;78928;38928;36172;31850;51568;35124
evaluation,439,23594;24476;40338;32554;483;13416;880;69432;1118;2900
evaluation,440,88130;31424;0;48048;10276;54282;1394;39102;11716;67048
evaluation,441,44954;45026;71330;16116;59526;42618;30359;85676;84748;21606
evaluation,442,4276;4946;58602;45206;11528;53292;53912;55362;96150;9696
evaluation,443,64750;98690;6616;71694;23112;12314;96246;216;1022;3032
evaluation,444,37476;49396;27626;26514;16080;28178;69562;3032;54258;2774
evaluation,445,398;69619;4952;57164;23859;89024;96150;10887;63880;26392
evaluation,446,1148;83412;20662;16708;13182;77464;23344;10408;7575;66560
evaluation,447,47720;56930;27266;79646;48154;21694;77109;28900;99564;37636
evaluation,448,17770;21694;27266;78702;26198;30870;29122;21636;65696;79646
evaluation,449,13416;23214;57048;67716;17864;10850;79524;50186;38920;27662
evaluation,450,32120;78402;32384;82920;89894;65370;25102;50990;33354;57390
evaluation,451,7150;496;1330;1268;92321;22568;32754;97108;54194;80668
evaluation,452,65581;38558;29594;3894;52266;7914;96944;40440;18726;3166
evaluation,453,34536;10310;67186;724;18018;35832;29568;66106;26780;28534
evaluation,454,98636;94034;3264;76628;88460;1382;27662;71934;47926;90256
evaluation,455,96464;1155;896;27434;31368;16448;2080;86891;28206;140
evaluation,456,79646;21694;38920;79358;19584;70131;99564;32750;99036;70974
evaluation,457,45026;44954;84748;30359;14812;85676;12535;38536;42618;87800
evaluation,458,61065;3032;20386;11930;44738;52420;60596;732;64522;16850
evaluation,459,31950;28594;54538;18590;24581;31850;18430;51916;14274;38928
evaluation,460,67048;23632;95414;25442;41564;99796;15750;702;20774;1644
evaluation,461,9762;9602;40552;29116;73268;6960;3468;58424;1756;82992
evaluation,462,82920;32120;78402;65370;57390;32384;25102;89894;52600;33354
evaluation,463,10894;98730;9592;8008;994;30864;73418;77510;10682;43157
evaluation,464,4044;49302;80572;35402;63880;61945;27626;71404;34372;12224
evaluation,465,19828;16080;25442;57048;94242;54786;31622;26970;68262;93094
evaluation,466,18364;23790;38928;23894;7138;92670;36172;18726;120;89798
evaluation,467,7410;98636;71934;7138;48400;17106;28190;65370;7898;3264
evaluation,468,259;88130;48048;23380;65646;65998;54282;61190;92286;10408
evaluation,469,49056;92286;90974;6216;48690;31042;8506;259;52526;89834
evaluation,470,49056;92286;90974;89834;259;52526;31042;65581;13212;73644
evaluation,471,17770;71718;60;27176;52750;40338;13598;26364;85584;98210
evaluation,472,38558;3894;4426;96169;18310;38354;66044;12486;35850;23713
evaluation,473,33016;22844;6134;98853;58215;56460;60400;50040;17632;41528
evaluation,474,88130;259;92286;43600;54282;99838;10408;98924;37248;65998
evaluation,475,6136;56786;4536;98194;41068;69356;57868;71108;4539;79516
evaluation,476,61065;3032;20386;11930;52420;44738;52158;11308;17770;2035
evaluation,477,96169;9590;9104;74766;2062;35402;1402;1396;40956;26810
evaluation,478,259;88130;54282;48048;65998;23380;61190;99838;10408;92286
evaluation,479,887;73268;2668;51154;76672;77306;4952;64522;76644;26156
evaluation,480,282;2774;17770;90438;4416;69562;20232;56162;26514;7762
evaluation,481,372;14136;13342;4494;4984;60596;13598;12910;1422;2444
evaluation,482,23790;92670;18726;78928;31850;18364;38928;16080;36172;37602
evaluation,483,49252;944;2814;32508;34628;2035;72828;12844;22940;7336
evaluation,484,33838;91582;4536;36258;39854;26052;98194;56358;94214;2190
evaluation,485,98636;3264;76628;14992;80434;65160;71934;90256;1382;94034
evaluation,486,89024;79807;99234;2526;57182;53478;46196;6078;61746;18238
evaluation,487,91242;420;46392;87336;91988;6616;86956;86577;88788;6794
evaluation,488,13182;8982;4536;2190;65562;2280;79516;1148;24616;20662
evaluation,489,50208;17368;39418;22494;71043;74808;78164;9332;88748;48048
evaluation,490,19562;20232;92198;7191;1896;73290;31618;17502;97228;92192
evaluation,491,94304;90786;96238;87902;88846;21162;71646;19767;35124;536
evaluation,492,536;82836;16010;98532;48660;44024;3718;16830;55586;40494
evaluation,493,33016;22844;58215;6134;98853;60400;56460;50040;41528;17632
evaluation,494,41528;96238;5074;30455;71126;59986;50750;3946;1044;4100
evaluation,495,16728;18640;19372;46392;28260;26356;30028;7830;7466;3438
evaluation,496,75582;41498;51148;64736;51792;10855;90522;63472;58215;49080
evaluation,497,259;88130;48048;23380;54282;65646;61190;10408;65998;94065
evaluation,498,99476;65880;22784;2068;28178;71126;87064;18680;20152;45178
evaluation,499,80;95414;69798;39404;89042;11874;93860;424;6616;57756
evaluation,500,90534;2967;65880;65606;61616;89548;46252;46000;98102;77080
evaluation,501,33838;91582;36258;26052;4536;39854;73778;31132;98194;26780
evaluation,502,82920;32120;78402;65370;32384;25102;89894;52600;33354;57390
evaluation,503,7150;18726;496;22568;1330;31850;2026;7138;20694;2774
evaluation,504,60596;4494;7466;1618;4984;46516;16493;94954;3956;22816
evaluation,505,93312;1672;89232;26528;86396;6778;4708;532;20814;30904
evaluation,506,6136;69356;4536;3670;46748;71108;56786;24616;33222;66560
evaluation,507,75464;77368;4996;34244;52600;3468;10142;88594;16215;59667
evaluation,508,88130;84340;54282;259;65998;48048;61190;4440;65646;92286
evaluation,509,94242;30650;37080;10290;26364;69801;12070;92670;18726;13598
evaluation,510,69562;59132;49396;896;57566;84340;78232;72940;39488;81666
evaluation,511,94304;96238;90256;12872;34706;4796;17956;21090;88460;78590
evaluation,512,99702;69798;51394;8276;97741;87336;2844;424;946;29594
evaluation,513,69356;6136;4536;56786;3670;24616;33222;71108;98194;79516
evaluation,514,26818;79358;80898;38920;70131;39286;33416;35032;79646;52542
evaluation,515,19496;38168;33270;89252;45964;19264;72334;77426;10276;19146
evaluation,516,10850;27266;79646;39286;90410;52452;28900;21694;70131;32750
evaluation,517,56930;37636;49120;77109;78702;32750;38334;21694;27266;99564
evaluation,518,82659;5484;34536;87554;2248;9762;43392;49774;94954;30359
evaluation,519,4494;93768;8136;93030;87554;94954;96394;83194;17608;41162
evaluation,520,24476;2290;1434;1118;582;6648;6594;2900;56112;1002
evaluation,521,64354;81382;16215;6396;80744;80858;8604;792;17956;66606
evaluation,522,12314;1022;53586;95186;59882;73070;97962;98690;47402;49038
evaluation,523,6136;69356;4536;56786;3670;24616;71108;33222;91582;98194
evaluation,524,97259;97806;85388;84726;60596;1680;60388;1736;17458;17048
evaluation,525,41536;77109;87297;47720;596;37636;78702;26198;56930;37356
evaluation,526,88460;94034;77579;3032;24458;6836;26104;7630;90256;21448
evaluation,527,78928;92670;4688;26104;37602;1382;3264;23894;31850;2538
evaluation,528,1184;17458;85388;1680;97259;80638;30870;1788;64354;54190
evaluation,529,16116;96246;5086;71330;31550;25102;65370;26970;52600;25442
evaluation,530,259;88130;48048;54282;61190;23380;65998;65646;10408;99838
evaluation,531,65998;41233;9376;2134;10408;2998;1162;67186;10988;2080
evaluation,532,1896;1184;97259;85388;1736;64354;17048;2351;4494;2570
evaluation,533,10760;99020;27228;99564;11758;7696;86654;80866;50070;3496
evaluation,534,6150;880;56450;29874;38790;56428;7316;16208;62902;3132
evaluation,535,99020;10760;11758;27228;99564;86654;50070;39286;7696;3496
evaluation,536,71043;3670;472;88748;63862;46748;51546;8276;24616;33222
evaluation,537,3136;3306;98166;48690;19767;98476;40494;90013;28032;16264
evaluation,538,2538;2054;3264;10850;31850;83264;31950;456;724;35124
evaluation,539,53398;53190;1874;50750;46460;22862;53208;93448;23612;23924
evaluation,540,56930;39286;37636;48154;70214;47720;91580;32750;87297;77109
evaluation,541,6136;56786;69356;4536;91582;3670;71108;24616;4708;33222
evaluation,542,83264;34536;81268;39401;35832;584;29874;56112;66106;724
evaluation,543,13182;79516;30704;81768;71043;78164;91582;472;46104;65562
evaluation,544,1022;59882;12314;73070;97962;98690;53586;95186;49038;47402
evaluation,545,8032;31816;11142;50268;16836;21712;26970;1388;4494;42762
evaluation,546,94954;34536;724;10310;85706;46300;18018;52452;4494;36172
evaluation,547,39286;69432;32750;99564;56930;21694;78702;27266;79646;48154
evaluation,548,61065;3032;20386;17530;17328;11930;34454;52158;282;2035
evaluation,549,73070;71330;59526;16116;82920;12854;67716;53912;21484;17868
evaluation,550,79807;99234;88788;86956;53478;89024;86577;68056;46196;57182
evaluation,551,69356;4536;3670;6136;24616;33222;46748;66560;56786;79516
evaluation,552,91580;32750;37636;70131;17368;56930;79646;21694;97662;47720
evaluation,553,37636;81268;33270;584;6194;29874;25168;22499;7191;38168
evaluation,554,97259;97806;85388;30870;17048;24650;17458;54190;1680;1736
evaluation,555,87297;77109;75176;56930;56162;10720;47720;37636;76764;39418
evaluation,556,71043;63862;88748;8276;3670;46748;472;24616;80230;78164
evaluation,557,87297;77109;79646;21694;47720;27266;41536;32750;56162;56930
evaluation,558,98636;76628;65160;71934;40620;3264;80434;40806;67336;14992
evaluation,559,97108;18726;39760;48140;71694;94242;724;56106;18364;68262
evaluation,560,44954;91864;45026;28510;23124;96434;50512;72932;12535;73070
evaluation,561,4894;75986;68262;35378;12318;12090;14836;75086;844;31216
evaluation,562,10310;21712;92321;78130;7150;28178;26104;48140;23082;36888
evaluation,563,56930;91580;90410;12964;99564;32750;79646;41536;37636;56312
evaluation,564,3032;61065;20386;11930;12;52420;89234;32466;9388;96464
evaluation,565,1022;12314;73070;95186;53586;59882;98690;97962;46797;49038
evaluation,566,64736;75582;63472;51792;10855;2092;26298;58215;59986;90522
evaluation,567,17106;59134;71934;98636;47926;63336;48400;16616;65370;7898
evaluation,568,496;1330;80668;54194;2994;27818;7150;32754;13514;7138
evaluation,569,39760;56106;14114;22844;68262;17632;33016;13668;87554;56460
evaluation,570,20386;61065;3032;11930;69510;50186;9182;2248;39192;412
evaluation,571,93312;1672;14350;65998;68542;91970;4044;62266;10290;8398
evaluation,572,91580;32750;52452;70131;98376;35032;98210;21694;89480;47720
evaluation,573,1434;1118;1896;6496;24476;19114;89252;2290;10850;584
evaluation,574,24581;4688;89798;98476;622;98166;90013;40494;1382;29674
evaluation,575,8712;24581;17956;98468;20152;1382;788;93768;52764;80668
evaluation,576,60400;7336;58215;26298;14604;63472;72828;2092;50040;41528
evaluation,577,3600;44702;44450;44378;34628;32508;12090;3612;12318;2814
evaluation,578,38248;40971;95318;55432;44738;11930;93086;80850;64484;946
evaluation,579,67048;21490;392;93312;77228;18786;8044;99796;34814;48026
evaluation,580,16448;58215;51792;2092;59986;26298;75582;63472;64736;90522
evaluation,581,93854;8386;3864;50186;40440;38178;11396;28676;11930;42320
evaluation,582,57756;43918;702;78232;26970;50916;4894;25442;27258;96169
evaluation,583,26970;18364;18726;25442;96246;10122;36172;16116;68262;59280
evaluation,584,31042;54282;49302;259;49056;22132;52526;6216;89834;87755
evaluation,585,21694;98937;36258;79646;33838;27266;70131;78702;5202;99564
evaluation,586,99564;70131;99020;33210;80898;90410;32750;98210;75176;80866
evaluation,587,87297;77109;47720;37636;56162;27266;10720;41536;78702;56930
evaluation,588,94954;17458;28536;97806;97259;64834;2351;72190;75118;26780
evaluation,589,41536;880;72334;80230;9108;26198;94214;79358;10444;3668
evaluation,590,4536;31152;90108;74152;69356;46104;8451;83904;13182;3670
evaluation,591,82700;87902;84162;72456;1424;1442;93546;51448;21090;71646
evaluation,592,59667;95268;82700;77368;84162;46412;3678;19767;87902;259
evaluation,593,91580;87297;47720;77109;17770;17368;98210;4416;70214;48154
evaluation,594,16116;71330;96246;5086;65370;28190;42618;52600;25102;49396
evaluation,595,70974;71718;89472;74192;30070;4440;1402;1396;23338;76816
evaluation,596,38248;93086;41378;44738;95318;1366;11930;40971;55432;59296
evaluation,597,16850;40440;52266;14550;78822;29594;95318;50186;46797;2248
evaluation,598,49788;19510;874;50602;98102;4276;50280;398;33736;42762
evaluation,599,24216;52286;24728;1112;2604;7630;2955;2814;49252;5738
evaluation,600,99020;13868;21356;26780;99564;22499;86654;91580;39854;94954
evaluation,601,77702;13868;4908;6496;52452;31790;13886;2290;20774;20232
evaluation,602,39760;18726;56106;48140;87554;14114;97108;68262;31550;34536
evaluation,603,92670;94242;10290;69801;12070;23790;18726;37080;59132;26364
evaluation,604,61065;20386;3032;7914;11930;52420;65581;34454;52158;28178
evaluation,605,37794;26298;75582;27205;72940;64736;59986;63472;140;58215
evaluation,606,93312;67048;1672;45638;71404;91970;3110;73418;67710;1398
evaluation,607,84340;61190;65646;48048;88130;65998;54282;87755;9616;99838
evaluation,608,82920;65370;25102;89894;16116;32384;71330;32120;73070;69801
evaluation,609,3032;20386;61065;11930;44738;64354;52420;26514;282;34454
evaluation,610,65581;18726;3894;65180;38558;52266;64354;38928;40440;18310
evaluation,611,97259;97806;1788;85388;98937;65281;20662;2594;80638;73778
evaluation,612,28376;41092;33556;910;88676;37602;14992;74050;31456;58584
evaluation,613,3136;19767;28032;98166;3306;88670;48690;2836;81382;98476
evaluation,614,28930;38887;1766;7696;30904;3306;1588;20264;9951;3000
evaluation,615,67048;8044;21490;77228;2967;99796;90534;392;19510;74256
evaluation,616,74256;7391;86686;442;1366;58718;16574;17824;46232;28510
evaluation,617,83412;30904;41034;94954;27228;91580;49120;99564;1308;76944
evaluation,618,55450;81268;83264;56112;18018;35832;50439;7426;34536;83194
evaluation,619,94954;7290;56930;70214;37636;70131;38334;8451;48154;26818
evaluation,620,97259;20662;97806;80638;17048;4494;49986;90108;7191;98210
evaluation,621,92321;7150;80668;27818;6006;7410;22568;2706;71694;496
evaluation,622,99796;8044;67048;392;8386;44024;3864;1398;1362;19828
evaluation,623,33270;98194;13182;25514;26052;65562;17368;472;8982;1148
evaluation,624,18640;3828;22306;19372;87388;70210;68166;38632;1826;2318
evaluation,625,98636;94034;14992;65160;88460;3264;77579;90256;76628;71934
evaluation,626,10850;23214;57048;81338;79524;67336;81768;27266;16616;21886
evaluation,627,7150;27662;77368;14992;35124;88676;21320;22568;2538;41092
evaluation,628,53586;97962;47402;12314;59882;1022;95186;46797;98690;73070
evaluation,629,79524;79646;23214;27266;10850;13416;67336;76628;23890;55806
evaluation,630,97259;97806;1788;98937;85388;65281;2594;80638;8982;57410
evaluation,631,2996;74152;97662;5362;51546;19546;94214;76764;92788;33222
evaluation,632,7410;88460;94034;98636;77579;90256;14992;97786;71934;6778
evaluation,633,33270;98194;13182;65562;26052;71020;5362;8982;1148;20662
evaluation,634,98853;56460;6134;17632;22844;33016;68262;5272;70630;8938
evaluation,635,33016;22844;50040;56460;6134;60400;58215;17632;98853;64736
evaluation,636,98872;63472;64736;3990;26298;49080;2092;58215;59986;50040
evaluation,637,41092;28376;27662;76628;540;98636;17608;14992;88676;67336
evaluation,638,91580;70131;35032;14512;32750;79646;90410;39286;21694;75118
evaluation,639,4494;2444;10310;18590;98468;85706;70854;94954;26780;38887
evaluation,640,98636;94034;3264;88460;65160;76628;2538;90256;77579;71934
evaluation,641,82920;65370;32120;25102;89894;50990;32384;78402;69801;16116
evaluation,642,76816;2536;26364;11828;30650;75382;5676;32936;12166;1094
evaluation,643,70642;29116;33556;56155;41092;21606;44954;71540;69394;13958
evaluation,644,6767;98468;93768;1440;49003;4952;7191;7316;83904;18590
evaluation,645,39488;10392;5428;73730;41034;1684;4664;34628;41014;81038
evaluation,646,98853;6134;56460;17632;22844;33016;64736;8938;5272;1060
evaluation,647,13416;28352;23214;79646;11874;2744;50256;79524;77109;67336
evaluation,648,99020;21356;99564;39286;52452;90410;86654;7696;80866;30904
evaluation,649,6136;56786;4536;69356;3670;79516;24616;46748;91582;33222
evaluation,650,75176;89932;66866;32814;67287;1422;50382;31864;7284;85388
evaluation,651,7138;22568;3536;6314;7150;97108;69662;20694;6778;71694
evaluation,652,87554;39760;18726;71694;56106;25102;14114;724;68262;97108
evaluation,653,53586;73070;12314;59882;95186;97962;1022;98690;47402;46797
evaluation,654,12;27150;29028;944;26298;49080;14604;522;574;89234
evaluation,655,99796;67048;8044;3864;34814;22650;19828;1398;33540;72119
evaluation,656,3294;68056;30826;35850;23338;1428;34628;12090;60172;2248
evaluation,657,88130;9616;99838;43600;87755;59132;896;259;65998;16010
evaluation,658,98080;120;37080;1112;102;81050;78928;94065;13598;86510
evaluation,659,77252;78728;86510;98080;21260;102;51696;1968;3114;90
evaluation,660,39286;56930;48154;32750;37636;87297;70214;91580;47720;50070
evaluation,661,60596;4494;22816;13342;16493;3956;7466;8812;31234;4984
evaluation,662,632;13252;98210;75176;89932;7575;94748;50382;9332;98376
evaluation,663,66330;23894;1574;3608;880;29874;78928;98080;22284;55450
evaluation,664,61408;30758;29116;9762;64834;2358;65244;58424;94034;1756
evaluation,665,7138;3536;6314;22568;97108;76628;7150;69662;10310;724
evaluation,666,22862;1046;93448;16420;6828;18746;18320;702;29594;52420
evaluation,667,10730;23578;32508;4944;1362;16381;76818;1398;33016;54404
evaluation,668,86594;65581;14114;8648;80230;97259;64354;97786;71330;13712
evaluation,669,97806;97259;1422;17458;49986;27850;94954;8451;4494;74808
evaluation,670,77228;18292;39404;67048;43010;81666;39642;39414;87554;18786
evaluation,671,94242;69801;65370;10290;18726;37080;26364;30650;12070;32120
evaluation,672,10316;24690;41060;26124;6618;39356;13608;73044;1586;43918
evaluation,673,34454;33416;42006;612;78858;8136;28178;10310;73124;75986
evaluation,674,65160;46046;41328;28178;41394;2706;28162;3032;6440;14836
evaluation,675,31242;94218;89536;33416;39488;20406;47090;52266;87755;78858
evaluation,676,99796;8044;67048;392;91970;33540;22650;34814;3864;90534
evaluation,677,23338;30826;9388;35378;9074;38501;51792;15200;4440;38248
evaluation,678,42006;21547;39488;9486;49494;78858;78822;7368;9590;31242
evaluation,679,14350;8336;398;65880;22128;96238;19090;45478;41770;11996
evaluation,680,9592;23626;424;30864;80112;72090;23718;10682;91040;3658
evaluation,681,88130;92286;43600;259;99838;258;87755;86891;16836;68404
evaluation,682,14812;406;95606;44954;85676;7988;87336;2195;88788;45026
evaluation,683,10760;99020;65581;7696;53672;20264;27228;11758;80866;96944
evaluation,684,88748;97662;76764;17368;5362;83398;92788;94214;22494;89232
evaluation,685,54194;80668;7150;6006;92321;496;71694;22568;97108;7410
evaluation,686,23338;30826;71718;68056;9074;28178;74192;12090;9388;19714
evaluation,687,68404;2134;88130;9378;16448;75382;9376;24760;22128;65998
evaluation,688,1046;22862;18746;6828;16420;29490;93448;23924;89834;43918
evaluation,689,44442;67048;68932;73124;23214;96944;3668;5948;80850;43392
evaluation,690,97259;85388;97806;17048;24650;30870;3468;17458;95384;60388
evaluation,691,78164;50208;17368;13252;90476;3020;88748;71043;2008;3262
evaluation,692,19767;98166;3136;28032;98476;2836;90013;48690;2078;35572
evaluation,693,18364;23790;18726;23894;36172;7138;38928;724;89798;92670
evaluation,694,65160;14992;1382;4762;64354;78928;41328;37282;496;1330
evaluation,695,18364;23790;38928;120;18726;7138;92670;35124;36172;23894
evaluation,696,16215;64354;8604;63404;792;6396;17956;81382;64626;17864
evaluation,697,48610;10798;93860;54812;92354;8136;1386;3306;6824;30088
evaluation,698,75464;31379;1083;11828;1084;77368;3468;28946;9602;36604
evaluation,699,93860;48610;1386;10798;6824;54812;3136;96103;92354;3306
evaluation,700,9440;67186;99060;29568;5086;76996;9916;3108;82700;11828
evaluation,701,23112;64750;51394;42556;3264;14550;2538;2744;3827;10122
evaluation,702,85676;95606;88788;44954;14812;81038;45478;68056;96434;27412
evaluation,703,50190;4536;20014;5362;1184;2314;56312;10408;71020;29330
evaluation,704,40971;42320;31216;52234;3827;2744;61420;95318;3294;40440
evaluation,705,90786;96238;71418;71126;61190;25076;880;35884;14150;98194
evaluation,706,23790;49358;81038;46150;2248;86396;61967;87590;50186;5484
evaluation,707,6216;21260;102;86891;76996;15363;65036;5234;98080;86510
evaluation,708,97259;97806;49986;90108;1766;20662;57876;81145;27850;17048
evaluation,709,88748;17368;97662;83398;76764;51546;39418;22494;78164;82044
evaluation,710,29116;2358;13582;28930;40552;2028;21606;61570;13342;9762
evaluation,711,89932;3020;1422;46752;13252;13182;62738;80638;13282;12110
evaluation,712,88748;4708;50208;97662;35884;93969;54524;8196;18706;74808
evaluation,713,64354;85388;1680;1184;20666;89234;18138;30870;30296;29674
evaluation,714,76764;83398;88748;8276;31510;78164;2996;81768;94214;3020
evaluation,715,16010;38542;20662;2920;44544;74152;4536;76460;69356;56948
evaluation,716,33838;4536;36258;5362;25170;91582;56358;39854;7188;98194
evaluation,717,56786;84418;25514;26052;33222;33270;17368;39102;71108;41068
evaluation,718,83398;76764;78164;88748;17368;18706;51546;92788;6136;472
evaluation,719,63880;10682;80112;98730;77510;36592;31264;7988;340;22752
evaluation,720,86956;87336;88788;5428;37624;86577;7630;24728;52286;87540
evaluation,721,334;85676;22912;3006;552;66364;87800;49076;68056;84748
evaluation,722,46752;3020;23214;2996;81768;92786;81338;2920;3668;79524
evaluation,723,48140;724;23702;3020;36172;1268;81268;4762;483;71694
evaluation,724,10310;26104;21712;38887;18430;4952;85706;34536;78130;19914
evaluation,725,89894;32120;82920;32384;65370;78402;25102;50990;33354;57390
evaluation,726,31850;18364;36172;37602;78928;38928;31950;18726;92670;36888
evaluation,727,84726;97741;95082;24690;16114;50990;21490;9730;94616;48026
evaluation,728,64754;29110;63880;17014;80952;21490;70954;69619;87366;51496
evaluation,729,198;1236;16212;65880;26356;2967;102;24581;18640;21162
evaluation,730,48026;26350;46230;49788;26156;16114;59414;77306;64522;45638
evaluation,731,95414;15750;1234;5738;6616;1618;1112;9486;26810;23902
evaluation,732,44954;45026;42618;95606;84748;59526;12535;73070;85676;14812
evaluation,733,3020;34916;46752;10276;2920;1788;23214;92786;83412;23890
evaluation,734,98376;4539;10646;94748;89932;85388;16708;39418;75176;9062
evaluation,735,4539;97662;98376;94748;10646;75176;39418;76764;16708;9062
evaluation,736,13886;38952;4908;77702;19264;76700;19146;29402;26412;65282
evaluation,737,94954;37636;78702;38334;70131;56930;76944;7466;13342;27266
evaluation,738,97662;17368;22494;76764;78164;89232;41068;84324;5362;90476
evaluation,739,32120;25102;65370;82920;89894;32384;78402;69801;50990;16116
evaluation,740,29116;2358;28930;40552;24650;38887;2836;14114;63404;47156
evaluation,741,20848;50512;44954;85138;95606;53592;3975;58602;59526;21484
evaluation,742,54194;2994;496;92321;27818;80668;36888;7150;7138;28190
evaluation,743,51792;64736;2092;10855;75582;90522;60400;7336;732;72828
evaluation,744,3020;34916;10276;46752;44442;23890;1788;83552;83412;79358
evaluation,745,10850;79646;21694;70131;47720;87297;27266;91580;32750;77109
evaluation,746,38887;590;26156;98924;26350;18430;88130;798;2078;27386
evaluation,747,21694;27266;99564;79646;32750;11874;56140;36258;70131;39286
evaluation,748,89932;97259;75176;98376;39418;7426;62322;10646;13252;76764
evaluation,749,98636;7410;94034;88460;77579;90256;3264;71934;97786;14992
evaluation,750,18726;39760;16080;56106;48140;14114;4762;38928;724;13668
evaluation,751,48610;1386;92354;54812;96103;10798;93860;574;13718;19416
evaluation,752,6828;22862;93448;19416;54812;20198;12716;96103;81357;19767
evaluation,753,1386;48610;54812;93860;92354;96103;10798;10310;574;19416
evaluation,754,96344;29250;74260;93854;91040;96944;45174;65180;81038;12224
evaluation,755,75128;74010;75920;74116;56168;15363;81414;10506;10698;65036
evaluation,756,56786;88748;83904;83398;89232;22494;39618;76764;94748;4539
evaluation,757,56460;71718;11772;17632;70974;6134;98853;76348;33016;36098
evaluation,758,80866;22128;99020;45770;31379;5508;2668;21356;11589;14054
evaluation,759,97259;1422;49986;83412;69582;90108;20662;3668;81145;8032
evaluation,760,6136;69356;4536;56786;79516;3670;71108;46748;24616;56358
evaluation,761,58215;50040;63472;14604;60400;26298;98872;59986;64736;49252
evaluation,762,14992;78928;98636;792;67336;94034;90256;71934;16616;96854
evaluation,763,46752;31510;2594;55806;83412;20662;29330;53672;7696;30874
evaluation,764,99796;8044;392;1428;67048;11996;42762;2068;1787;59536
evaluation,765,11758;10760;6828;32584;47252;52750;27228;97786;29722;81357
evaluation,766,69794;81382;28032;1247;78392;18330;48216;98166;48690;16264
evaluation,767,7410;98636;48400;92670;62266;90256;71934;7898;23790;71694
evaluation,768,18364;23790;36172;92670;7138;97108;38928;62756;18726;120
evaluation,769,42006;78858;52266;52542;1494;35962;1260;94218;33416;20952
evaluation,770,8044;392;67048;99796;97516;60;16420;76816;50268;93094
evaluation,771,1268;54282;724;49302;22284;36280;49056;259;57756;65998
evaluation,772,91864;552;3444;76816;22912;3944;10596;21448;6278;26392
evaluation,773,63880;69619;376;340;552;10682;77510;16114;2668;20814
evaluation,774,28594;31950;18590;54538;98468;24581;55806;37282;2444;622
evaluation,775,64750;74540;96702;29594;1022;12314;65606;77100;41564;53586
evaluation,776,41536;48154;78702;10850;56450;47720;26198;27266;50070;17502
evaluation,777,20662;66560;85388;35884;75176;97259;37800;65281;25170;2594
evaluation,778,12314;1022;98690;95186;53586;97962;47402;59882;49038;73070
evaluation,779,34814;77080;90534;23626;22306;38248;4514;4594;75834;1826
evaluation,780,98194;33838;24616;23380;56786;33222;36258;3670;98376;39618
evaluation,781,28154;12;8506;49080;54812;14604;48690;7150;32754;26364
evaluation,782,81382;69794;18330;78392;45237;18680;1247;48690;16264;28032
evaluation,783,33556;1400;88676;65370;31234;7150;46516;35124;89894;21090
evaluation,784,30148;78822;10850;71495;37282;4712;31950;31850;83264;36888
evaluation,785,1896;83533;97259;85388;17458;30870;2190;17048;4494;21636
evaluation,786,28032;48690;19767;3136;98166;98476;88670;3306;78380;9438
evaluation,787,34814;26810;19828;74256;93312;19372;22650;1396;30070;90534
evaluation,788,12314;1022;73070;59882;97962;98690;53586;95186;49038;4762
evaluation,789,93448;76816;29594;87336;45174;76728;23713;41498;19948;91324
evaluation,790,10646;98376;94748;10720;89932;75176;632;4539;39418;98210
evaluation,791,31790;96394;22128;43600;46196;23082;89536;6216;90;99020
evaluation,792,78728;77252;282;76996;20120;29270;90438;98080;62124;86510
evaluation,793,74808;23380;83398;1422;31510;78164;76764;82044;632;2996
evaluation,794,80638;97259;17458;54190;23380;26052;97806;1788;1736;1680
evaluation,795,3020;34916;46752;81768;2920;23214;92786;10276;2996;3668
evaluation,796,78164;84324;54524;20662;71043;17368;98210;5362;76764;55586
evaluation,797,66330;98080;23894;120;74010;78928;35832;75128;81050;9762
evaluation,798,71694;62756;97108;7150;54194;2994;7410;13514;92321;2026
evaluation,799,9676;94616;15884;24524;5952;10988;1215;59132;31042;2989
evaluation,800,61065;3032;20386;34454;52158;11930;7914;19914;14550;11308
evaluation,801,1060;5272;23674;70630;8938;36098;1410;9908;35850;18622
evaluation,802,27076;51638;77228;39404;14136;2314;94304;10392;93312;292
evaluation,803,7366;14836;34628;23338;12090;1410;9074;12318;68056;39488
evaluation,804,19828;91970;26810;96238;93312;96169;1396;74256;1402;24048
evaluation,805,16116;71330;28190;96246;27818;5086;25442;36385;82920;26970
evaluation,806,64750;4946;6278;58602;96702;14550;85138;3918;42556;18738
evaluation,807,77238;29722;21911;39624;93312;18746;26528;11758;42556;50750
evaluation,808,28676;42556;96444;92374;96414;19416;87366;1338;30652;3658
evaluation,809,58215;59986;63472;50040;60400;14604;3990;26298;98872;49252
evaluation,810,17902;9376;38887;45770;2316;80866;96238;754;14350;22128
evaluation,811,63880;69619;340;376;77510;16114;7988;398;10682;24220
evaluation,812,26970;95606;2195;25442;23112;7988;75986;10122;78392;52420
evaluation,813,91970;14350;22128;38887;2668;17902;80866;31379;5508;4044
evaluation,814,63880;340;77510;69619;376;16114;24220;33736;10682;7988
evaluation,815,20302;18640;86026;19372;5642;57596;3828;1826;2318;48752
evaluation,816,16558;15356;21134;21170;9720;79560;14274;10636;14162;30088
evaluation,817,27138;34814;9062;34464;3662;33946;73850;2206;77080;29330
evaluation,818,33786;95606;41602;85539;21134;5280;30088;14162;14274;79560
evaluation,819,28206;10392;1094;11220;26364;12968;27076;2351;19280;96464
evaluation,820,19496;80638;30826;28676;11698;69432;584;2248;77702;77426
evaluation,821,584;77702;29402;6150;924;27076;57048;52452;19280;76700
evaluation,822,2398;29874;6354;46104;16708;25076;584;81268;20470;880
evaluation,823,6136;69356;56786;4536;33270;33222;98194;79516;24616;13182
evaluation,824,84418;33222;78164;23380;46104;13182;79358;472;83552;48048
evaluation,825,98636;792;42148;7898;40620;90256;40806;71934;14992;1568
evaluation,826,18364;18726;36545;16080;23894;38928;36172;23790;78928;92670
evaluation,827,69794;81382;51448;23558;48216;35572;6244;27572;6224;88670
evaluation,828,94748;39418;42062;10646;59964;13252;81145;75176;66602;29410
evaluation,829,29116;21606;70642;13668;10310;83264;8062;14114;64354;40062
evaluation,830,98853;56460;22844;17632;33016;6134;2492;51148;5272;732
evaluation,831,13182;3670;57410;30704;1148;31152;90712;21886;19208;65562
evaluation,832,12316;62266;96238;31622;35884;78936;23638;48048;78164;4116
evaluation,833,4494;97259;35884;1422;97806;70854;31618;27850;19546;57876
evaluation,834,88660;71020;66866;96238;57102;90410;66438;10960;65696;27434
evaluation,835,83904;91582;22494;6136;56786;33838;25514;98194;56358;69356
evaluation,836,3020;46752;34916;10276;83412;1788;3668;20662;2996;81768
evaluation,837,17368;22494;97662;56312;62322;90476;11220;61208;78164;63084
evaluation,838,83904;88748;97662;89232;89480;5362;22893;48048;24616;9464
evaluation,839,97662;17368;22494;76764;41068;90476;89232;5362;24616;78164
evaluation,840,46104;13182;5362;4536;472;79516;65562;33270;71020;25514
evaluation,841,13182;4708;78164;51546;21886;71126;83904;2190;71108;88748
evaluation,842,22499;2996;71108;30704;85388;98194;472;72334;89252;23380
evaluation,843,91580;28900;77702;57868;62266;88660;66438;9062;23702;48048
evaluation,844,78164;45770;51546;22494;56786;46748;18706;17368;76764;69356
evaluation,845,88748;33222;47896;4536;51546;46748;20470;31790;71126;57868
evaluation,846,29410;50208;23702;31510;11328;98376;88748;10720;89232;76764
evaluation,847,7575;57868;22893;98194;3686;22499;46104;71108;66560;31790
evaluation,848,20360;98194;37636;34393;50070;66438;56358;39418;89480;94748
evaluation,849,10646;33222;69356;98194;42062;26312;89232;29410;3670;56786
evaluation,850,32814;19546;31864;71126;70994;67287;51546;37800;61208;82044
evaluation,851,80866;51546;23702;57876;8290;31627;8336;66866;65696;24504
evaluation,852,91580;3670;13182;71108;39854;28352;78164;19208;92788;39286
evaluation,853,46104;90108;30704;35884;39418;57868;69356;98194;42062;76764
evaluation,854,97662;1202;66438;50208;35884;97673;59964;42062;77109;66560
evaluation,855,16866;63084;9062;54190;880;56312;29152;71108;2206;62738
evaluation,856,4708;3670;33222;39854;2314;80866;66560;91580;6136;24504
evaluation,857,56786;47896;9062;34393;66438;42062;63084;45964;20470;23344
evaluation,858,47440;62322;71126;66438;23214;88660;22499;97673;12110;96238
evaluation,859,51546;83398;17368;22499;11704;50208;4539;76764;20470;78164
evaluation,860,472;3670;76764;69356;13182;57410;5362;78164;24616;85388
evaluation,861,19546;61208;88748;22494;50208;4708;5836;51546;31510;75176
evaluation,862,33222;70854;21911;11220;57876;57868;29122;30870;19962;61208
evaluation,863,22494;19546;97662;4708;24504;88748;17368;61208;76764;51546
evaluation,864,3032;61065;20386;3264;33556;28376;424;32120;64522;11930
evaluation,865,93312;74256;50750;10596;88846;13994;1672;71126;17902;3658
evaluation,866,946;96344;43844;43157;40971;1428;29594;35256;69798;73644
evaluation,867,64750;14550;42618;58602;12314;1022;392;85138;96246;84748
evaluation,868,22128;1440;2134;17902;40956;14350;12964;65606;31698;31594
evaluation,869,17770;6614;4416;11598;69432;41536;282;17502;47720;49297
evaluation,870,34536;18018;28534;5080;31790;29568;94954;81268;10310;28456
evaluation,871,81268;55450;83264;56112;83194;18018;34536;50439;5080;4416
evaluation,872,61065;3032;20386;76816;14550;92156;412;50186;74844;11930
evaluation,873,2062;1402;1396;732;44702;20974;64736;38354;56460;61065
evaluation,874,18364;23790;36172;18726;38928;16080;49302;22749;92670;1400
evaluation,875,13598;54258;31622;52750;12998;11716;40338;10960;97786;2868
evaluation,876,28376;41092;33556;14992;88676;58584;83956;910;37602;35124
evaluation,877,54482;98476;1083;1084;16114;90013;4688;75382;24581;1472
evaluation,878,92670;36172;38928;23790;18364;18726;51916;96394;4688;62756
evaluation,879,24690;72990;59414;39356;49358;73044;13608;10316;43918;94218
evaluation,880,1826;5466;38326;18805;8676;26350;12854;45206;9074;27412
evaluation,881,61065;3032;20386;11930;52420;52158;34454;7914;44442;44738
evaluation,882,69708;5752;74050;1260;73044;72990;22749;3114;36348;24259
evaluation,883,98853;6134;56460;8938;70974;22844;75582;5272;90522;33016
evaluation,884,24728;30874;34628;47402;1022;412;61967;24216;64484;35962
evaluation,885,24259;73044;36030;69708;74050;31456;62213;612;94242;13718
evaluation,886,98853;56460;6134;2492;732;33016;22844;17632;68262;5272
evaluation,887,32120;78402;65370;82920;89894;32384;25102;69801;50990;94242
evaluation,888,887;19510;48026;4952;76644;26156;77306;26350;34576;34566
evaluation,889,77510;24220;87388;20814;5506;5508;80112;36592;75834;77326
evaluation,890,63880;69619;77510;340;376;7988;16114;33736;24220;87388
evaluation,891,57390;75382;12166;87902;19767;88846;82700;18466;32020;18872
evaluation,892,57390;75382;12166;82700;87902;32020;11828;19767;18466;88846
evaluation,893,66330;92670;98080;120;17956;23894;75920;13598;45770;3646
evaluation,894,13886;38952;4908;1118;56112;19146;19264;26412;32129;6150
evaluation,895,9762;57962;93860;83264;87554;6824;13718;34536;24478;48690
evaluation,896,6134;98853;56460;17632;4440;33016;23674;44702;1396;67068
evaluation,897,3468;64354;8604;6396;80858;16215;80744;63404;8676;792
evaluation,898,56112;55450;81268;7426;66106;18018;31790;880;39401;28456
evaluation,899,85138;3468;55362;9762;2836;15970;92374;58602;724;1756
evaluation,900,19510;48026;6219;57596;798;7391;47098;62250;2068;26350
evaluation,901,82920;65370;32120;25102;89894;16116;32384;78402;71330;52600
evaluation,902,65370;25102;48140;20488;2774;33556;16116;28676;89894;82920
evaluation,903,59667;35378;75986;28948;50990;63534;68262;2195;6440;28178
evaluation,904,59667;22816;2195;94954;23082;6366;21712;234;80668;300
evaluation,905,532;14171;91970;27258;29402;13282;78392;40338;13598;5836
evaluation,906,10290;1672;94242;18238;44166;93030;16728;23704;61464;5508
evaluation,907,90013;1424;1442;89798;16264;58424;6244;32020;42076;16026
evaluation,908,12964;74050;78590;258;87902;65880;38422;28154;1236;71646
evaluation,909,98166;47092;6894;98476;90013;21162;28032;51448;8648;72456
evaluation,910,81382;2836;69794;18330;88670;13282;1247;23558;18680;51448
evaluation,911,19767;87902;3746;82700;56766;21162;51448;8506;47092;71646
evaluation,912,68590;38887;59344;39314;8524;32112;27107;96394;65581;4984
evaluation,913,59667;95268;77368;18330;48690;46412;98166;4996;8042;3678
evaluation,914,19767;77306;98166;98476;3136;88670;77368;28032;3306;21090
evaluation,915,3006;3548;552;89024;26392;2132;1500;57596;99234;91864
evaluation,916,82328;44784;390;81414;14722;10316;75404;50268;53132;14162
evaluation,917,4276;3548;2038;12535;45478;87800;20952;45026;332;44954
evaluation,918,887;26156;77306;4952;34576;76644;48026;73268;68698;34566
evaluation,919,76348;78294;1146;95186;97962;84418;21606;19948;2744;29270
evaluation,920,9182;5256;29490;42618;59526;44954;20264;92156;1494;91172
evaluation,921,120;98080;86891;76996;102;77252;75920;21260;86510;5086
evaluation,922,77510;16114;31264;80112;7988;63880;18238;5508;87388;340
evaluation,923,98476;21320;21090;98166;72456;46412;32754;84162;28154;16264
evaluation,924,2706;80668;92321;6006;27818;7150;26528;496;54194;7410
evaluation,925,42762;85584;21134;1430;21170;24676;33786;40714;17326;47098
evaluation,926,5730;7699;27434;308;18640;19510;4114;33149;3154;19260
evaluation,927,60042;44784;26350;798;2195;16114;48026;6219;22872;59667
evaluation,928,33416;16114;26350;47098;93030;44166;91242;47018;47096;51916
evaluation,929,89536;90;63498;9392;27434;92286;90108;6767;4588;896
evaluation,930,93312;15278;1672;42556;45638;16728;91970;67048;84726;392
evaluation,931,3662;75834;98102;90534;65606;24504;34814;99476;4514;4594
evaluation,932,91580;50070;17368;87297;70214;56162;47720;77109;48154;75118
evaluation,933,94034;98636;48400;71934;27662;17106;47926;3264;71694;40620
evaluation,934,69794;81382;98166;18330;28032;48690;16264;48216;98476;40552
evaluation,935,39314;68590;29674;764;30296;8712;8524;87064;59134;38887
evaluation,936,8524;3662;32584;406;63534;31216;79358;11308;93546;44702
evaluation,937,78402;39488;69708;73730;81666;1260;3114;612;140;43150
evaluation,938,6828;54812;32584;22862;93448;3166;96103;81357;19416;26528
evaluation,939,12314;97962;1022;53586;73070;95186;59882;47402;46797;98690
evaluation,940,88846;470;2316;87755;66606;540;21162;1236;1424;48048
evaluation,941,95606;88788;44954;85676;14812;87336;10122;406;3140;68056
evaluation,942,398;7391;46232;69619;340;96150;4276;63880;53592;4952
evaluation,943,4536;3670;69356;66560;26052;31152;33222;56786;6136;91582
evaluation,944,17368;84324;78164;17770;71043;51546;39418;2474;57868;82044
evaluation,945,69794;81382;51448;23558;48690;88670;57962;22816;28032;35572
evaluation,946,946;96344;43844;43157;82523;40971;59296;73644;63768;29594
evaluation,947,16420;702;28676;30826;23924;22862;80952;4894;3600;6828
evaluation,948,98853;6134;56460;56370;22844;23112;68262;33016;17632;23674
evaluation,949,29154;732;2492;41498;3612;51148;27042;68262;3894;56460
evaluation,950,75176;89932;39418;94748;98376;632;7426;34916;41830;13252
evaluation,951,91970;65998;2248;7630;80866;68542;17902;4044;14350;6616
evaluation,952,69619;398;63880;26392;57164;7699;340;5280;4276;3006
evaluation,953,88130;92286;68404;259;99838;54282;43600;65998;84340;896
evaluation,954,34814;72932;77080;90534;23124;1234;99796;86574;8524;12535
evaluation,955,30904;26312;35032;27228;33210;79358;1308;28352;75118;29410
evaluation,956,6136;4536;33270;79516;98194;69356;26052;56786;13182;46748
evaluation,957,57876;49986;23702;8451;90410;97806;2398;5836;98210;66866
evaluation,958,98636;76628;41092;39760;10310;3264;71934;28376;48400;8136
evaluation,959,21712;3444;94616;28948;49358;72990;10688;49056;1388;15884
evaluation,960,82920;25102;65370;17868;21606;16116;32384;31234;21484;46516
evaluation,961,1382;24581;30296;1400;35124;29674;98166;4688;31850;80434
evaluation,962,98853;17632;56460;68262;6134;2540;22844;23112;5272;20974
evaluation,963,3032;61065;20386;11930;2035;52420;44738;732;49080;75582
evaluation,964,45026;44954;29116;30359;20264;42618;21606;96414;96444;12535
evaluation,965,19828;26810;74256;34814;91970;52030;96169;93312;1362;30070
evaluation,966,12486;38558;82836;9182;97741;35850;73309;29594;76492;78822
evaluation,967,93312;1672;77228;6960;77238;74256;85654;13212;16728;10596
evaluation,968,64750;42618;96702;46797;96444;96414;14550;58602;1022;58060
evaluation,969,7366;68262;14836;81666;85128;38501;17868;16080;39488;4762
evaluation,970,89472;15200;14836;35378;68262;75986;12318;12090;16080;4592
evaluation,971,3476;52266;67048;68932;11758;29250;16850;7914;83412;44442
evaluation,972,7988;77510;10682;36592;4044;80112;994;20814;63880;12402
evaluation,973,91864;95606;81038;3114;552;27412;38887;50750;19510;29722
evaluation,974,87800;2038;49076;332;33354;20848;95606;44954;45026;91884
evaluation,975,896;88130;65998;54282;87755;84340;92286;99838;9616;259
evaluation,976,45206;4276;5642;96150;53292;4946;11528;7391;53912;55362
evaluation,977,79807;99234;57182;334;48026;2526;88788;63880;45026;552
evaluation,978,72940;86891;120;98080;75920;1155;102;74010;75128;59132
evaluation,979,887;2668;73268;798;4952;76644;76672;48026;16114;26350
evaluation,980,69801;96246;48752;99476;57756;37080;17186;10290;8524;77080
evaluation,981,20662;5362;4536;38542;56358;13868;2314;84324;47440;39286
evaluation,982,2290;8398;292;8514;28534;2570;8196;9108;6194;1736
evaluation,983,584;56112;880;80898;81268;26818;25076;83194;29874;2594
evaluation,984,41068;98194;69356;57410;472;83904;46748;71108;13182;33838
evaluation,985,87297;632;56162;10720;47720;10850;41536;77109;75176;12964
evaluation,986,6150;6194;42062;22499;97228;3020;3608;2996;584;25076
evaluation,987,94748;89232;76764;97662;98376;75176;10646;16708;98210;10720
evaluation,988,89894;32120;65370;32384;50990;78402;25102;33354;13880;57390
evaluation,989,81382;28032;18330;69794;98166;48216;16264;48690;78392;1247
evaluation,990,38887;68590;39314;31950;24478;6960;60596;26156;50990;29858
evaluation,991,14992;4762;65160;78928;96854;54194;31850;88460;22568;71694
evaluation,992,69794;81382;23558;51448;22816;57962;6224;27572;35572;11960
evaluation,993,87902;82700;57390;75382;78590;259;88846;540;2474;2772
evaluation,994,89932;31510;98376;98210;10646;75176;632;46752;41830;94748
evaluation,995,9828;2706;26528;99060;9676;41328;21090;22816;496;8506
evaluation,996,96150;10887;11528;9696;45206;58602;53292;7391;53912;4946
evaluation,997,13342;1736;6614;3956;12910;4984;26198;2351;12008;16090
evaluation,998,56140;99020;11874;21356;14512;28900;26780;91580;2188;99564
evaluation,999,47092;45237;35572;16264;51448;21162;98166;21090;46412;19767
evaluation,1000,54482;1083;1084;90013;17608;2772;4688;40494;24581;20666
evaluation,1001,96238;94304;78936;88660;90410;8451;17956;17354;8182;792
evaluation,1002,6152;48866;32754;40494;27662;75464;98166;84162;18240;90013
evaluation,1003,30652;2188;20662;14014;97228;25076;29402;13868;7696;38952
evaluation,1004,91582;71020;472;2996;26052;8982;33838;15282;2190;65562
evaluation,1005,74256;19828;96238;26810;99796;34814;30070;93312;91970;22650
evaluation,1006,59132;69562;49396;84340;12;896;52600;49302;12070;13504
evaluation,1007,532;63862;45178;1162;1155;37248;27138;80840;19714;31368
evaluation,1008,24650;29116;21888;48244;9602;22128;64626;95384;63404;1382
evaluation,1009,82700;54482;87902;24581;12166;17608;1083;2316;1084;2772
evaluation,1010,30650;51448;18706;69794;23558;115;22816;35572;19714;87755
evaluation,1011,85706;77426;480;6346;37636;483;40338;90410;584;8451
evaluation,1012,2035;49202;2492;2814;5272;51148;72828;63472;7336;49252
evaluation,1013,76492;29250;19948;82836;35850;7914;52266;94218;66738;73058
evaluation,1014,552;91864;85584;3548;19510;48026;21490;21712;3114;27412
evaluation,1015,91580;32750;39286;87297;79646;99564;50070;89480;47720;28900
evaluation,1016,1260;16114;1732;26350;64522;15970;22872;26104;41770;78402
evaluation,1017,13886;56112;4908;81268;38952;1118;13868;6150;83194;19264
evaluation,1018,91582;472;2996;2190;71020;89252;79516;46104;19208;39618
evaluation,1019,87297;77109;70131;99564;27266;79646;90410;56162;48154;47720
evaluation,1020,69794;81382;78392;48216;1247;48690;28032;18330;19280;98166
evaluation,1021,16116;71330;96246;31550;5086;28190;65370;52600;82920;59526
evaluation,1022,612;1684;73044;34628;35962;65842;90;41092;36348;74050
evaluation,1023,71404;73644;9124;73418;82523;33736;59296;37938;82994;1672
evaluation,1024,74256;19828;26810;96238;99796;34814;30070;93312;22650;88660
evaluation,1025,16116;71330;96246;28190;27818;36385;5086;25442;26970;34244
evaluation,1026,65370;10122;2744;77100;28676;33556;3194;42006;41034;48140
evaluation,1027,91582;2190;71020;26052;472;33838;15282;31132;73778;56358
evaluation,1028,22862;10596;52030;50750;10798;3444;3944;74256;29722;19416
evaluation,1029,23928;69798;40971;52266;49494;27228;2744;19948;59296;91040
evaluation,1030,22823;39642;85128;9590;20406;7368;1094;39488;9486;3444
evaluation,1031,2654;77368;7138;724;65160;8604;65581;17354;12872;1083
evaluation,1032,7830;8006;87388;342;61945;8502;16728;84726;80572;73418
evaluation,1033,702;60;798;7914;73124;86574;46046;65522;19948;40338
evaluation,1034,93312;1672;91970;15278;27258;50256;86686;16728;9124;1398
evaluation,1035,1428;31216;40971;2248;35378;24728;20912;9828;2392;99702
evaluation,1036,70131;99564;27266;21694;57876;86654;28352;39286;80866;91580
evaluation,1037,57048;56370;1896;10960;76628;46516;54258;1618;13598;27662
evaluation,1038,59667;40984;24478;6219;2234;54058;588;1162;27205;31202
evaluation,1039,78590;4090;35572;8648;32020;27572;19767;45237;1424;1442
evaluation,1040,80668;7150;6006;92321;54194;97108;27818;22568;71694;496
evaluation,1041,33556;18726;2026;65370;88676;74050;4762;20488;90;36348
evaluation,1042,98636;58584;41092;25296;55150;78130;3264;76628;94034;56106
evaluation,1043,34536;10310;1472;724;46300;3264;35832;19914;54538;38920
evaluation,1044,65581;10174;19914;77306;55310;1084;1083;98476;65180;98166
evaluation,1045,28536;74808;3956;6618;1586;76944;59414;95384;50070;49120
evaluation,1046,6614;3956;1736;13342;2351;12008;16090;26198;20488;90438
evaluation,1047,98166;47092;98476;28032;90013;27572;46300;54482;35572;8648
evaluation,1048,98853;6134;56460;33016;17632;22844;5272;8938;4440;44702
evaluation,1049,18640;87388;68698;16728;41378;18238;54786;49128;1826;9124
evaluation,1050,58732;91864;552;18430;11828;18786;51696;4952;23112;54812
evaluation,1051,79807;99234;95606;48026;45026;44954;63880;38536;53478;57182
evaluation,1052,86891;72940;120;75920;74010;75128;98080;1155;102;15363
evaluation,1053,34370;59414;24690;49358;35054;3308;74158;13608;10174;654
evaluation,1054,29402;6150;13886;27076;584;880;22499;38168;7316;7191
evaluation,1055,6150;25076;880;3608;97228;29874;56450;22499;7191;7426
evaluation,1056,98853;6134;56460;17632;22844;33016;8938;5272;68262;2492
evaluation,1057,49774;5484;4664;1494;5256;96444;3108;5086;96414;27658
evaluation,1058,20386;3032;61065;64522;43658;60596;28178;20152;18330;11930
evaluation,1059,5086;4664;18786;9440;99060;4100;3108;5814;49774;29568
evaluation,1060,74256;34814;86686;19828;1366;12290;3662;90534;12211;31627
evaluation,1061,9182;66738;38558;94218;76492;61967;6278;2248;29250;97741
evaluation,1062,13242;4440;4592;35850;75986;89472;74194;12318;68262;71718
evaluation,1063,65370;32120;89894;82920;25102;78402;32384;52600;57390;33354
evaluation,1064,88130;54282;259;1072;61190;6366;16448;82992;21642;65244
evaluation,1065,38248;17824;8008;12290;9890;54786;11574;12211;58370;16728
evaluation,1066,97790;94065;10506;124;75920;24760;77252;102;74010;39186
evaluation,1067,77510;5508;4044;340;8838;87388;80112;376;63880;20814
evaluation,1068,17502;282;6614;17770;2774;21636;6496;20488;41536;10850
evaluation,1069,880;29874;67186;6150;9108;10988;56450;33838;39406;22284
evaluation,1070,6150;880;29402;29874;77702;3608;7191;584;7316;27076
evaluation,1071,99020;99564;27228;70131;30904;50070;56930;21356;28352;11874
evaluation,1072,98166;47092;46300;90013;51448;28032;27572;35572;98476;8648
evaluation,1073,7150;92354;13514;2026;96854;16616;7410;52750;71694;1330
evaluation,1074,13514;71694;22568;20694;7150;2026;2994;97108;14686;92354
evaluation,1075,82659;76996;27658;4100;5484;92418;7920;99060;98080;5086
evaluation,1076,49774;20198;96414;96444;5484;99060;82659;6828;32584;4100
evaluation,1077,26810;3864;19828;68994;1428;37794;96169;4944;16381;9486
evaluation,1078,18640;86026;38016;5642;24504;19372;1826;22476;2318;12211
evaluation,1079,78702;27266;27228;99564;50070;39286;70131;80866;30904;11874
evaluation,1080,28536;3956;74808;6618;13342;87297;76944;1586;77109;2351
evaluation,1081,844;17868;67186;33016;1044;25102;70974;6134;11772;32466
evaluation,1082,44954;45026;84748;85676;42618;12535;21606;59526;95606;30359
evaluation,1083,2814;32508;49252;3612;47402;37794;2035;76348;12844;944
evaluation,1084,26810;91970;96238;93312;27258;19828;88660;93094;9890;3718
evaluation,1085,35850;18310;82836;29250;12486;65581;9182;7914;12952;78822
evaluation,1086,38928;8406;40440;14550;18726;16850;97962;64658;36172;81268
evaluation,1087,23338;89472;68262;38501;12090;7366;4440;14836;2392;3444
evaluation,1088,87800;3548;57596;95606;2038;44954;33354;7290;1366;49076
evaluation,1089,96150;4276;41378;45206;11528;7391;86686;16574;8290;9696
evaluation,1090,67048;23632;95414;25442;41564;99796;15750;702;20774;1644
evaluation,1091,5428;74256;87336;89042;89024;34814;19828;214;42762;6660
evaluation,1092,3828;22306;34814;19372;36862;38248;70210;68166;77080;74766
evaluation,1093,3548;87800;44954;85676;95606;57596;45026;1366;19510;49076
evaluation,1094,38248;9890;17326;51884;16622;12211;7734;54786;57596;45174
evaluation,1095,334;332;3006;87336;20848;552;57182;94370;12535;49076
evaluation,1096,9592;7988;31264;98730;22788;22752;49326;80112;63880;10682
evaluation,1097,70131;27228;27850;99564;21356;30904;28352;27266;11874;18726
evaluation,1098,34536;18018;31790;66106;35832;78928;28456;10310;31850;55450
evaluation,1099,21694;4416;69432;47896;99564;56930;79646;32750;48154;35032
evaluation,1100,25102;65370;82920;52600;89894;94242;32120;48140;16116;49396
evaluation,1101,98636;67336;65160;80434;71934;40620;76628;14992;792;40806
evaluation,1102,72940;73070;29788;32466;82906;32719;9388;47642;59132;12
evaluation,1103,51696;84726;36604;95082;4100;24048;18786;43918;11828;32384
evaluation,1104,92286;49056;6216;48690;90974;2706;31042;259;8506;2080
evaluation,1105,21911;39404;18786;342;6078;56155;49358;66044;798;47278
evaluation,1106,89932;3020;85388;23890;1736;2351;77579;80638;50640;97259
evaluation,1107,79560;19846;6496;21134;21170;14274;95344;9720;59630;15356
evaluation,1108,6152;4688;89798;51568;90013;36172;2195;57756;8676;23082
evaluation,1109,65606;3548;332;26392;62096;12423;1046;66836;85539;4243
evaluation,1110,41092;28376;58584;56155;574;33556;70642;55150;10310;76628
evaluation,1111,18640;1826;19372;9074;3828;7804;7290;76818;5642;87540
evaluation,1112,45206;4276;11528;16574;41378;96150;7391;9696;442;8290
evaluation,1113,29110;52220;37832;87366;14895;21052;24690;51884;21490;9388
evaluation,1114,3612;10122;47402;3140;732;76348;2035;2868;5428;15750
evaluation,1115,76492;29250;19948;82836;35850;7914;52266;66738;94218;73058
evaluation,1116,28456;81268;28536;50439;71330;5080;83194;1680;72190;86594
evaluation,1117,28534;26780;50070;28352;67186;27228;74152;39854;76944;14512
evaluation,1118,18330;78392;2836;81382;98166;18680;1756;98476;48690;95930
evaluation,1119,64354;16215;8604;80858;63404;3468;17956;6396;80744;10174
evaluation,1120,18726;38928;16850;17956;53237;51916;64658;29250;6778;23702
evaluation,1121,7366;68262;14836;16080;12;38501;1410;23338;85128;39488
evaluation,1122,34476;86870;844;75086;1410;33016;22492;75986;89834;612
evaluation,1123,27412;552;81038;334;63880;18430;29722;3444;20830;1494
evaluation,1124,44784;89024;4952;887;2668;77306;60172;76644;57164;34576
evaluation,1125,77510;87388;31264;11996;63880;10682;18238;5506;20814;36592
evaluation,1126,79807;99234;88788;53478;2526;87336;3346;86956;57182;86686
evaluation,1127,77252;98080;78728;3114;102;86510;76996;9074;9388;104
evaluation,1128,81268;28536;50439;3956;86594;34536;23082;35832;1680;55450
evaluation,1129,2706;80668;27818;92321;6006;49056;32120;54194;7150;496
evaluation,1130,66330;98080;75128;60596;120;74010;14136;84726;23894;46230
evaluation,1131,71330;16116;96246;28190;27818;36385;32384;82920;52600;49396
evaluation,1132,1060;5272;8938;36098;1410;23674;9908;18622;35850;70630
evaluation,1133,44954;45026;30359;59526;42618;84748;85676;91884;14812;50512
evaluation,1134,19828;30192;38248;26810;53132;44260;2890;21958;41602;3308
evaluation,1135,34628;26810;49252;2814;32508;29716;44702;944;12844;7336
evaluation,1136,21490;3154;5648;14962;4264;4300;1046;68470;31258;16850
evaluation,1137,44930;41014;6278;15970;23902;10016;77306;51394;2926;24650
evaluation,1138,93312;1672;15278;37938;44166;45638;7699;57052;88594;1072
evaluation,1139,19828;74256;26810;96238;30070;91970;34814;1396;1402;96169
evaluation,1140,71404;73644;73418;9124;82994;82523;59296;33736;37938;7988
evaluation,1141,99796;392;8044;67048;57756;21490;57390;25442;29110;54282
evaluation,1142,51696;84726;36604;4100;95082;25442;18786;24048;32384;11828
evaluation,1143,84340;896;52030;57566;59132;35476;22823;75986;47642;49396
evaluation,1144,9592;23626;96344;2222;72932;22006;1900;37055;12402;10682
evaluation,1145,56112;81268;25076;55450;584;29874;18018;13886;22499;83194
evaluation,1146,79358;70131;79646;38920;33416;50070;99564;21356;4984;72190
evaluation,1147,46752;3020;34916;10276;2920;23214;1788;2996;81338;92786
evaluation,1148,76944;11874;55806;18028;27266;26780;50190;23214;27228;81338
evaluation,1149,3646;27107;94242;910;27386;88676;29858;18364;2706;35124
evaluation,1150,46300;1424;1442;32020;21090;93546;47092;57962;90013;8506
evaluation,1151,38887;39314;68590;1083;1084;29674;21090;24478;21260;8712
evaluation,1152,84162;6224;78380;48690;26104;41010;21090;93546;19767;28032
evaluation,1153,97108;87554;39760;18726;48140;724;31550;56106;34536;32384
evaluation,1154,4664;1494;49774;5086;5256;3108;5484;99060;54404;9916
evaluation,1155,19828;93094;19416;28676;67048;49774;1338;38178;3658;392
evaluation,1156,19828;26810;74256;93312;34814;91970;96169;20406;86026;8386
evaluation,1157,3032;61065;20386;83956;52420;96464;64522;11930;46460;20912
evaluation,1158,74808;39404;3020;2314;80230;17458;10586;46104;83552;94214
evaluation,1159,98210;1148;98376;60596;80638;90712;46752;632;13182;1422
evaluation,1160,20662;78164;76764;17368;13182;84324;22494;83552;94214;71043
evaluation,1161,19828;99796;67048;8044;392;93094;86026;26810;34814;22650
evaluation,1162,97806;97259;20662;25076;584;57876;23702;98937;8451;20470
evaluation,1163,68590;39314;38887;8712;59344;14014;24478;47156;68052;18138
evaluation,1164,13212;3110;18320;9762;6224;14150;41010;48690;47926;6824
evaluation,1165,6134;1060;98853;5272;8938;56460;23674;36098;1410;68262
evaluation,1166,38248;21958;3438;44260;5760;54786;9890;30192;74766;15356
evaluation,1167,2814;32508;34628;44702;26810;4426;44450;2540;49252;944
evaluation,1168,4416;17770;2774;26514;20488;282;69432;21694;94285;24254
evaluation,1169,97806;97259;20662;27850;1422;57876;49986;8451;13252;20470
evaluation,1170,78130;58584;56155;10310;48610;25296;41092;70642;28376;69394
evaluation,1171,65160;4762;14992;36545;9762;22816;68262;910;1382;7150
evaluation,1172,28376;41092;83956;33556;58584;574;76628;48610;522;74050
evaluation,1173,6824;6224;3136;3306;81382;9762;6244;48690;47926;13212
evaluation,1174,87902;82700;21320;46412;95268;2474;78590;88846;72456;28154
evaluation,1175,2774;17770;4416;20488;26514;37476;7762;282;65370;69562
evaluation,1176,24650;29116;40062;3306;13582;48244;23928;3468;48866;61408
evaluation,1177,71502;96394;9378;62213;36348;88676;1388;3646;522;10290
evaluation,1178,16116;71330;36385;27818;28190;96246;32384;5086;61945;93030
evaluation,1179,6134;98853;33016;56460;22844;17632;60400;36098;8938;26298
evaluation,1180,732;54404;7336;3600;3612;95318;702;80850;44450;49252
evaluation,1181,924;9438;1094;13726;49056;34706;11308;57962;19714;1247
evaluation,1182,93312;1672;26528;39488;792;2316;6778;3864;15278;86396
evaluation,1183,3612;52420;37794;10122;11930;15750;5738;49252;732;19990
evaluation,1184,63880;69619;340;376;77510;16114;7988;10682;20814;33736
evaluation,1185,76944;32750;27266;39286;50070;70131;26780;27228;11874;28352
evaluation,1186,51546;50208;80230;23380;71043;11704;94214;8276;17368;88748
evaluation,1187,38928;18726;31850;16850;31950;50190;40310;33416;412;52266
evaluation,1188,83264;25076;81268;10444;584;13868;880;11108;97673;55806
evaluation,1189,17368;39418;22494;42062;78164;50208;97662;48048;88748;2008
evaluation,1190,13598;22494;62322;23380;4708;23214;20470;3450;92786;50208
evaluation,1191,41092;28376;70642;83956;33556;74050;13958;910;540;65842
evaluation,1192,83194;29021;71694;35884;9762;85706;26104;8812;3110;17956
evaluation,1193,80668;2706;7150;496;6006;92321;49056;97108;13514;22568
evaluation,1194,66330;92670;60596;14136;17956;23894;75128;98080;2444;84726
evaluation,1195,88676;20694;29858;27107;71694;3646;94242;22568;1400;18364
evaluation,1196,6152;81382;78392;98166;20666;48690;18330;6244;2078;16264
evaluation,1197,496;80668;2994;13514;1330;26528;7150;54194;7138;6314
evaluation,1198,69801;10290;30650;32120;32384;37080;94242;96246;12070;26364
evaluation,1199,95082;89834;26350;1366;412;1260;79494;43150;50512;52600
evaluation,1200,98376;89932;632;94748;10646;39418;5836;98210;75176;18138
evaluation,1201,17048;12698;74152;46104;96792;22893;55586;98194;584;1422
evaluation,1202,3020;46752;23890;10276;81145;79358;49358;1788;83412;33838
evaluation,1203,98210;1148;98376;90712;60596;10646;80638;632;13182;81145
evaluation,1204,92354;13514;71694;1330;20694;7150;496;80668;21712;2026
evaluation,1205,79807;99234;48026;89024;87336;95606;45026;53478;46196;57182
evaluation,1206,1148;60596;7575;85706;26090;2078;98210;26104;90712;4688
evaluation,1207,10586;80230;11704;74808;22494;83398;94214;31510;91884;26818
evaluation,1208,26052;98194;2190;33838;33270;73778;13182;50439;39406;2351
evaluation,1209,76700;17770;6614;7918;77702;9464;6956;2570;6648;282
evaluation,1210,5086;16116;69708;71330;94242;23112;22749;89234;910;96414
evaluation,1211,74256;19828;52030;26810;93312;214;91970;34814;90786;2868
evaluation,1212,84748;52234;1652;51956;40971;946;95318;51394;23578;73644
evaluation,1213,89932;75176;98376;98210;94748;632;7426;10646;13252;63084
evaluation,1214,32750;28900;91580;70131;21694;40568;99020;56930;99564;39286
evaluation,1215,3668;79524;11532;16866;50190;17458;13386;11698;10408;18138
evaluation,1216,28376;41092;58584;83956;56155;574;10310;70642;55150;33556
evaluation,1217,1044;12;81666;87366;78232;21674;69562;49396;1644;41528
evaluation,1218,74426;30192;14722;41602;54786;9890;9720;9552;14274;44260
evaluation,1219,44378;44450;3600;11436;44702;18310;35962;35850;29154;732
evaluation,1220,79807;3548;99234;19510;89024;88788;48026;552;53478;332
evaluation,1221,3352;83412;65696;25168;9332;69582;30870;39418;33270;13182
evaluation,1222,21420;3608;36280;22284;29874;30652;7316;25076;34464;880
evaluation,1223,540;41092;17608;28376;910;32112;2474;1424;1442;14604
evaluation,1224,4688;23894;28456;90013;6152;89798;5296;28032;4796;3042
evaluation,1225,49358;72990;13608;9676;74158;3444;54258;46150;21712;39356
evaluation,1226,89042;420;5428;68698;89220;6078;6794;42762;30579;24160
evaluation,1227,4946;96150;58602;45206;53912;3975;4276;53592;9696;11528
evaluation,1228,76492;26090;16850;18738;60042;66836;7914;51394;10016;32378
evaluation,1229,994;77510;80112;33736;63880;21958;22752;18238;29250;7988
evaluation,1230,19046;3114;874;74646;47098;58370;14454;47012;88788;85676
evaluation,1231,75582;72940;32466;51792;26298;29028;96464;12;14604;64736
evaluation,1232,89932;75176;94748;98376;98210;632;7426;10646;13252;41830
evaluation,1233,3668;79524;11532;17458;14014;11698;77464;79494;2996;16866
evaluation,1234,22494;2314;80230;74808;23380;20470;50208;4708;2844;23214
evaluation,1235,87297;77109;56162;79646;90410;56930;47720;37636;48154;70214
evaluation,1236,98636;3264;94034;65160;1382;80434;76628;71934;54016;27662
evaluation,1237,28376;41092;56155;58584;83956;33556;70642;910;574;66606
evaluation,1238,68590;39314;38887;24478;8712;87064;29674;47156;67186;30296
evaluation,1239,3154;21490;4264;4300;70954;58370;5648;97741;85584;32719
evaluation,1240,64750;29594;11328;79320;19948;41498;84748;44954;50950;61967
evaluation,1241,3352;37800;67287;79494;79524;11698;18138;50190;10276;50956
evaluation,1242,17368;18706;97662;76764;51546;83398;4708;78164;31510;88748
evaluation,1243,36888;96854;78928;31850;13726;14992;37282;16080;18726;120
evaluation,1244,887;2668;73268;798;4952;76644;76672;16114;64522;48026
evaluation,1245,64522;63880;19510;26350;91110;41602;16114;798;552;20848
evaluation,1246,16116;96246;71330;52600;25442;5086;82920;31550;26970;28190
evaluation,1247,99796;19828;67048;91970;34814;392;74256;26810;90534;8044
evaluation,1248,24216;95318;24728;52286;52234;91324;41564;2955;1234;38558
evaluation,1249,33838;83904;56358;26052;4536;31132;13182;2190;84418;94214
evaluation,1250,13182;98194;57868;57410;33222;71020;20662;56358;4536;84324
evaluation,1251,72940;120;86891;1155;98080;75920;102;78232;57566;12
evaluation,1252,3662;1366;31627;7391;17824;11916;95582;31264;86686;12290
evaluation,1253,120;98080;29154;6440;41328;78928;788;86891;11716;11996
evaluation,1254,472;30704;19208;81768;81338;23214;25514;2188;2996;23890
evaluation,1255,81268;56112;83194;55450;83264;18018;584;5080;52452;39401
evaluation,1256,57410;20014;84418;13182;31152;26052;10276;31132;21886;90712
evaluation,1257,2190;13182;23890;2290;83412;23214;85388;9108;80638;1308
evaluation,1258,78702;27228;99564;27266;30904;70131;39286;80866;7575;50070
evaluation,1259,41092;28376;58584;56155;574;10310;33556;55150;70642;910
evaluation,1260,64354;80744;80858;6396;10174;16215;17956;8604;81382;16264
evaluation,1261,71043;24504;88748;94214;76764;78164;51546;17368;5362;8276
evaluation,1262,2068;90534;75834;98102;34814;89548;4594;99476;4514;19510
evaluation,1263,26810;19828;3864;22650;9486;8386;9590;16381;96169;93094
evaluation,1264,16116;71330;96246;31550;5086;65370;82920;52600;25102;36385
evaluation,1265,6496;2290;596;24476;65393;16208;8190;6648;17502;9760
evaluation,1266,14512;99564;70131;99020;91580;75118;39286;32750;28900;70214
evaluation,1267,9464;25168;45770;13868;6886;77702;1118;26412;57868;90108
evaluation,1268,11908;86396;87554;31264;30904;72334;0;50268;41034;80866
evaluation,1269,80668;6006;27818;7150;54194;92321;496;28190;97108;13514
evaluation,1270,25102;65370;82920;32120;89894;78402;32384;69801;33354;52600
evaluation,1271,80668;496;6006;22568;2706;97108;71694;92321;7150;13514
evaluation,1272,24650;63404;6396;1083;1084;21642;10174;64626;8604;3468
evaluation,1273,13958;41092;33556;13712;58732;20152;55150;11828;56155;28946
evaluation,1274,16116;71330;5086;96246;25442;26970;28190;27818;31550;36385
evaluation,1275,21084;69394;6278;4946;84748;91884;80840;10016;3944;50512
evaluation,1276,16116;71330;25442;27818;26970;69708;28190;5086;96246;25102
evaluation,1277,94370;73268;1200;33736;29490;29250;61945;76672;76644;798
evaluation,1278,2814;43844;24216;54404;3612;58215;93854;944;49252;47402
evaluation,1279,552;3944;91864;1494;10596;3444;29722;1072;81038;22912
evaluation,1280,99020;99564;30904;50070;27228;91580;39286;28534;26780;55806
evaluation,1281,70131;11874;99564;30904;32814;38178;27228;99020;91580;28352
evaluation,1282,83412;2594;2190;80638;50956;14014;1308;11698;13182;17458
evaluation,1283,34536;56112;81268;66106;35832;23218;41302;58060;83264;18018
evaluation,1284,24476;1434;1118;582;26412;11108;8190;1896;13868;38952
evaluation,1285,44544;41564;96944;8182;70200;87336;292;51696;31816;6346
evaluation,1286,78392;19280;6152;1247;20666;81382;2195;98166;924;18330
evaluation,1287,32020;1424;1442;45237;35572;46412;27572;93546;8648;51448
evaluation,1288,78392;19280;6152;1247;18330;20666;924;57048;18680;98166
evaluation,1289,2836;2078;82649;31379;1756;94034;41770;22128;10174;22872
evaluation,1290,29490;42320;45026;65581;2195;61945;29250;8008;44954;33736
evaluation,1291,96150;11528;9696;58602;53592;45206;53292;85138;4946;8290
evaluation,1292,4264;58776;4300;16128;77510;5506;17326;51884;15924;19846
evaluation,1293,41092;28376;82700;87902;88846;56155;21162;21320;83956;55150
evaluation,1294,6224;21911;6828;41528;39624;54812;93312;3944;61945;29722
evaluation,1295,7914;29250;76492;82836;65180;65581;52266;81357;13466;33416
evaluation,1296,3020;10276;34916;46752;2996;3668;83412;1788;23890;17458
evaluation,1297,17368;22494;88748;76764;89232;92788;83398;97662;4539;50208
evaluation,1298,65370;89894;82920;32384;32120;25102;78402;50990;69801;52600
evaluation,1299,24650;95384;8604;3306;3468;29116;9602;95930;13582;64626
evaluation,1300,41092;28376;58584;33556;83956;56155;574;910;98636;69394
evaluation,1301,1084;1083;59280;8604;63404;54482;18762;64626;16493;4712
evaluation,1302,38248;9890;11574;54786;12290;12211;17326;21134;57596;702
evaluation,1303,49774;32584;11758;5484;20198;10760;4664;27658;9910;82659
evaluation,1304,3110;91864;552;22912;64522;3114;83956;14150;11828;11308
evaluation,1305,74152;28352;86654;28534;53906;52452;56582;30904;35032;13868
evaluation,1306,89894;65370;25102;32120;82920;78402;32384;52600;69801;71694
evaluation,1307,97662;4539;50208;16708;39418;6150;88748;83398;8196;94748
evaluation,1308,76764;23380;31202;98194;97662;4539;12686;22494;41068;51546
evaluation,1309,74256;19828;26810;96238;34814;30070;93312;96169;22650;1396
evaluation,1310,88676;36348;36030;2774;18726;31850;910;74050;14770;13718
evaluation,1311,25102;65370;82920;89894;32120;32384;69801;16116;78402;50990
evaluation,1312,17368;71043;84324;97662;78164;51546;88748;76764;50208;18706
evaluation,1313,3032;61065;20386;11930;52420;2035;29594;44738;76816;14550
evaluation,1314,65581;7914;65180;49494;35850;78822;82836;38558;26682;96944
evaluation,1315,3154;4264;4300;5648;21490;30864;38248;16606;1046;29594
evaluation,1316,96344;29594;43844;946;40971;91040;9440;29568;43157;1428
evaluation,1317,74010;75128;75920;74116;10506;56168;10698;15363;97790;92934
evaluation,1318,16116;71330;28190;96246;27818;36385;5086;82920;25102;52600
evaluation,1319,86026;20774;30192;93312;19828;8386;91970;77306;34814;39488
evaluation,1320,17458;97259;97806;1680;1736;2351;83533;30870;3956;60388
evaluation,1321,97259;17458;97806;1680;1736;83533;2351;3956;86594;85388
evaluation,1322,32584;54812;50750;6828;12716;3944;74256;93312;22862;18746
evaluation,1323,65370;25102;82920;89894;32120;32384;69801;78402;16116;17864
evaluation,1324,3646;29858;27107;88676;27386;94242;22749;910;93030;74050
evaluation,1325,90476;78164;18706;89232;17368;97662;76764;83552;22494;31510
evaluation,1326,26156;10174;54194;51154;60596;28948;82920;77306;1386;10016
evaluation,1327,98532;300;52220;24690;34370;56582;19676;39406;654;18786
evaluation,1328,77109;87297;1586;3956;28536;13342;47720;76944;6618;6956
evaluation,1329,6824;1386;3136;3306;12716;47926;93860;13718;16026;32584
evaluation,1330,97259;4494;70854;97806;20662;1422;67287;57876;62738;35884
evaluation,1331,23112;26156;1732;45638;64522;46230;26350;16114;47758;18430
evaluation,1332,1118;1736;9118;2290;27076;1002;6886;2351;13868;1434
evaluation,1333,29116;24650;40062;13582;1215;92354;3468;9602;34706;48244
evaluation,1334,28376;41092;9730;33556;910;13958;93030;90;522;74050
evaluation,1335,472;17368;78164;71043;76764;84324;50208;18706;56358;22494
evaluation,1336,82328;38887;4952;45638;44784;26350;198;19510;77510;11996
evaluation,1337,98636;71934;3264;792;7898;90256;48400;17354;16493;35124
evaluation,1338,11874;27266;70131;30904;26780;50070;80866;99564;27228;39286
evaluation,1339,78164;88748;71043;22494;83398;97662;50208;17368;76764;8276
evaluation,1340,59280;64626;54482;38887;2078;8604;16493;63404;2836;17864
evaluation,1341,1060;13466;23112;5272;10960;70630;1410;98853;9908;6134
evaluation,1342,6824;3306;3136;35884;14150;13718;16026;20152;27572;88846
evaluation,1343,552;14274;18310;21134;91864;85584;47098;4952;3114;54418
evaluation,1344,97259;17458;97806;1680;83533;1736;30870;2351;1896;3956
evaluation,1345,83904;5362;25514;4536;13182;57410;33838;33270;31152;98194
evaluation,1346,5256;4664;74844;96444;96414;5086;1494;2267;49774;99060
evaluation,1347,16116;71330;36385;96246;28190;69562;27818;5086;31550;82920
evaluation,1348,49774;32584;20198;5484;96444;96414;82659;4100;23612;99060
evaluation,1349,96414;96444;5256;3108;2267;5086;392;99060;5484;74844
evaluation,1350,91864;85584;1046;21134;19510;42762;47098;76816;39404;3894
evaluation,1351,87388;82328;17326;3114;80572;77510;33736;49788;18238;12864
evaluation,1352,3020;34916;10276;14014;80638;46752;3668;96792;81145;83412
evaluation,1353,91582;73778;31132;26052;2190;71020;15282;33838;85388;58832
evaluation,1354,78590;90013;47092;28032;1424;1442;46300;8648;27572;98166
evaluation,1355,33556;36348;41092;43760;13958;69394;88676;522;74050;22749
evaluation,1356,17368;90476;78164;98194;22494;97662;42062;50208;39418;34393
evaluation,1357,87388;22306;77326;11996;2318;2998;9592;406;2967;20302
evaluation,1358,91582;4536;26052;56358;39854;33838;39406;15282;5362;20014
evaluation,1359,39406;26090;73124;29116;2027;26052;11698;97838;15970;33416
evaluation,1360,83412;5202;75176;2190;98210;76497;15282;89932;13182;79524
evaluation,1361,97108;71694;6006;22568;2706;7150;80668;27818;92321;20694
evaluation,1362,56460;1060;98853;33016;39488;6134;23674;17632;68262;70630
evaluation,1363,20662;11598;49120;26312;38334;198;56140;40568;99564;10316
evaluation,1364,17368;78164;90476;21508;94748;41830;22494;98194;97662;56786
evaluation,1365,79494;77464;11698;37800;65281;50190;3352;19208;50382;1184
evaluation,1366,78294;76348;1146;84418;81666;41162;47278;70131;57566;12070
evaluation,1367,89932;75176;98376;94748;76764;632;41830;7426;13252;10720
evaluation,1368,77510;31264;20814;75834;95758;59074;340;22752;80112;1826
evaluation,1369,7575;22893;78164;39418;16866;71043;98194;7284;31202;3608
evaluation,1370,97806;97259;49986;23702;17458;1422;57876;98210;35884;46104
evaluation,1371,97662;98194;4708;39418;16708;22494;51546;62902;42062;76764
evaluation,1372,17368;22494;7762;4539;50208;8196;13252;6150;48048;24504
evaluation,1373,1260;36385;78402;73044;36030;12998;1732;80588;22872;26350
evaluation,1374,80434;71540;78130;13712;13958;33556;56106;10310;1080;56028
evaluation,1375,3658;21911;28676;54812;42556;96444;96414;5484;6828;19416
evaluation,1376,54812;32584;6828;9910;20198;12716;42556;3944;3658;19416
evaluation,1377,89932;46752;3020;76764;10720;80638;75176;39418;98210;31510
evaluation,1378,94748;89932;10720;98376;75176;632;98210;13252;16708;13304
evaluation,1379,49774;5484;3108;4664;1494;5256;27658;10760;96444;54404
evaluation,1380,19828;91970;26810;94065;27258;96238;34814;67048;74256;7630
evaluation,1381,2814;29716;944;49252;7336;72828;32508;34628;11328;44702
evaluation,1382,1118;6886;2900;41536;6496;9464;9100;16208;10444;6648
evaluation,1383,76764;78164;22494;17368;97662;89232;83398;88748;84324;51546
evaluation,1384,93860;37282;41328;49302;18726;4762;342;56766;1268;22816
evaluation,1385,1247;81382;924;1094;39624;46412;19280;48216;6224;28206
evaluation,1386,69708;622;9910;20198;38501;10960;71330;37282;27658;7366
evaluation,1387,87554;71694;13212;9762;6824;6224;48690;57962;3136;3306
evaluation,1388,22749;73730;69708;25442;5752;88676;18726;14686;23112;36348
evaluation,1389,2836;16114;15970;24581;2078;11828;4688;26104;41770;1756
evaluation,1390,91970;19828;26810;88660;34814;442;50750;18786;7630;74192
evaluation,1391,19828;26810;91970;74256;96238;96169;67048;88660;27258;93312
evaluation,1392,9908;34628;2814;51148;2035;44702;41498;2492;11328;2540
evaluation,1393,3154;21490;4264;5648;4300;14962;16850;20302;1046;58370
evaluation,1394,2774;17770;4416;26514;65370;20488;7426;282;37476;21694
evaluation,1395,11716;1002;7918;8398;6648;8190;9464;12008;582;13282
evaluation,1396,13182;98210;42062;31202;94748;98376;2008;89932;75176;632
evaluation,1397,17368;50208;78164;39418;41830;34393;97662;21508;98194;42062
evaluation,1398,68590;39314;38887;19584;19990;60586;69510;8524;26156;11210
evaluation,1399,89932;98376;81145;94748;98210;632;97259;18138;13252;880
evaluation,1400,39418;98376;10720;98210;94748;75176;34916;13252;42062;10646
evaluation,1401,69662;10310;724;28376;7138;65160;43010;93030;52764;78130
evaluation,1402,81382;3306;1756;6824;2078;3136;28032;48866;6224;48690
evaluation,1403,2078;3306;48690;84162;75464;18320;77306;1756;6224;98476
evaluation,1404,33556;65370;74050;724;41092;89894;88676;28376;43760;8136
evaluation,1405,41092;28376;70642;33556;78130;52764;10310;58584;56155;910
evaluation,1406,17632;33016;56460;98853;6134;22844;68262;73730;36098;71330
evaluation,1407,412;78822;11060;42618;14550;30148;2054;20264;53237;33416
evaluation,1408,81145;89932;98376;94748;98210;632;59964;42062;13252;5836
evaluation,1409,23702;20470;50382;31864;57868;17770;540;65880;4416;67287
evaluation,1410,76764;22494;97662;83398;78164;89232;17368;13252;88748;41068
evaluation,1411,29858;76628;27107;3264;4762;78130;724;3646;43010;27386
evaluation,1412,11704;2996;3020;2314;20662;94214;23214;92788;74808;80230
evaluation,1413,16116;71330;96246;27818;36385;28190;5086;32384;57756;43918
evaluation,1414,1260;1382;18726;97786;14992;64354;89234;2026;4762;94242
evaluation,1415,56112;55450;7426;81268;17770;66106;1118;25076;5900;1002
evaluation,1416,93312;19828;74256;96238;34814;26810;4494;91970;39488;96169
evaluation,1417,5074;86510;4116;41450;92934;43550;9916;76996;39192;7734
evaluation,1418,14604;26298;41528;64736;27042;49080;29028;60400;37794;58215
evaluation,1419,84726;43918;4100;95082;99060;51696;36604;25442;32384;5086
evaluation,1420,1588;13504;52224;1568;70954;68994;9486;95414;58370;8386
evaluation,1421,94616;15884;2989;20650;24524;9676;97741;5952;97516;49358
evaluation,1422,90786;96238;3718;0;11698;19828;26810;39388;20406;18786
evaluation,1423,11828;11308;4100;84726;51696;28946;77252;78728;18786;95082
evaluation,1424,44930;7914;26090;61408;6278;17186;22872;64522;15970;41014
evaluation,1425,3827;77306;40956;18466;9182;22128;21674;43600;36604;47278
evaluation,1426,24478;8712;85706;45102;40984;24581;622;1378;64626;57390
evaluation,1427,56112;81268;25076;55450;7426;83194;50439;56106;66106;880
evaluation,1428,4984;8812;7466;9118;4494;16090;6618;724;49038;1736
evaluation,1429,34536;51568;92354;21712;13514;81268;66106;46300;724;10310
evaluation,1430,89932;13252;75176;94748;39418;98376;632;4539;7426;46752
evaluation,1431,13598;50208;23214;22494;92786;62322;20470;23380;3020;12698
evaluation,1432,13182;98194;57868;6136;71020;57410;4536;69356;33222;56358
evaluation,1433,76764;17368;22494;13252;94214;97662;472;78164;51546;89232
evaluation,1434,6152;78392;20666;81382;98166;1247;6244;19280;16264;18330
evaluation,1435,78392;6152;81382;20666;19280;1247;98166;6244;16264;98476
evaluation,1436,69794;81382;23558;19280;1247;88670;39624;22816;27572;6224
evaluation,1437,97662;39418;89932;50208;22494;46752;83398;17368;54964;88748
evaluation,1438,3020;10276;79358;34916;23890;3444;44442;83552;50956;80638
evaluation,1439,17458;97259;2351;97806;1680;1736;83533;70642;1184;3956
evaluation,1440,91582;25514;39854;73778;33838;31132;20360;5362;56140;26052
evaluation,1441,3668;79524;16866;11698;33946;79494;77464;10408;39618;16708
evaluation,1442,89932;98376;10646;39418;94748;62322;75176;18138;29410;632
evaluation,1443,1202;34393;13252;5836;2008;5752;42062;50382;2234;49297
evaluation,1444,49774;4664;96702;5256;1494;99060;86574;96444;5484;96414
evaluation,1445,9908;858;2035;34628;41498;51148;2492;29154;2540;24458
evaluation,1446,84726;95082;43918;4100;99060;25442;51696;36604;2267;5086
evaluation,1447,95082;43918;73044;73124;84528;24690;51696;39356;26350;49358
evaluation,1448,44930;15970;61408;87800;68414;22872;10016;7914;13582;51394
evaluation,1449,18466;18320;3827;9182;75464;91988;50916;47278;77306;36604
evaluation,1450,33016;22844;49252;56460;17632;37794;34476;6134;60400;41528
evaluation,1451,120;98080;86891;1574;92670;102;74010;75920;1598;78928
evaluation,1452,89932;75176;13252;632;94748;10720;3020;98376;76764;46752
evaluation,1453,98376;10646;16708;94748;89232;22494;98194;75176;89932;10720
evaluation,1454,89232;17368;4539;22494;97662;76764;94748;51546;39418;78164
evaluation,1455,28376;41092;910;66606;62756;83956;55150;88676;71646;27572
evaluation,1456,88748;4708;31510;76764;83398;97662;22494;8276;5362;47896
evaluation,1457,2190;85388;56312;39418;1148;98210;73290;29410;29582;90712
evaluation,1458,77702;77426;584;483;22284;2900;30654;1434;13416;11698
evaluation,1459,1736;6614;13342;3956;2351;12008;26198;97259;12910;1434
evaluation,1460,56140;36040;3668;8514;39406;33838;26052;15282;83533;56358
evaluation,1461,76764;22494;24504;83398;78164;90476;94214;88748;41068;13252
evaluation,1462,81145;94748;98376;49986;97259;89932;10646;13252;10720;632
evaluation,1463,94242;88676;3646;5752;31456;910;27107;35124;2316;47758
evaluation,1464,63862;88748;71043;50208;78164;48048;8276;83398;76764;22494
evaluation,1465,95414;20774;91970;292;216;7696;30192;18214;16830;28930
evaluation,1466,98690;46797;59882;73070;1022;12314;95186;97962;49038;53586
evaluation,1467,96444;96414;5256;3108;99060;2267;5086;4100;74844;4664
evaluation,1468,77702;69432;19496;483;24476;48664;30654;77426;13416;78000
evaluation,1469,39401;2248;35832;724;41162;36172;1268;18018;10142;34536
evaluation,1470,97662;46752;35884;89932;98210;78164;24434;50208;98376;34916
evaluation,1471,34916;94748;49986;39418;81145;54964;98210;75176;42062;13252
evaluation,1472,56460;98853;6134;33016;22844;17632;68262;4440;11772;39488
evaluation,1473,88748;63862;48048;76764;83398;56786;89232;78164;6136;8276
evaluation,1474,93312;5814;40956;536;11908;37800;2027;2020;38542;68052
evaluation,1475,28930;19948;3032;7914;86396;30874;6278;52266;7696;4944
evaluation,1476,34916;49986;94748;81145;39418;54964;98210;75176;42062;13252
evaluation,1477,4762;31550;18726;96854;37476;28676;65370;65160;93860;92418
evaluation,1478,98376;89932;81145;880;94748;98210;13252;2900;80638;10646
evaluation,1479,5362;33838;3670;69356;94214;15282;57410;4536;83904;25170
evaluation,1480,97662;22494;39418;88748;89232;76764;94748;89932;31510;56786
evaluation,1481,94748;89932;10720;7426;42062;41830;54964;632;34916;63084
evaluation,1482,20666;64354;6152;48866;11716;31379;78392;57048;75464;13282
evaluation,1483,41092;28376;56155;70642;31456;58584;574;33556;74050;88676
evaluation,1484,28376;41092;83956;56155;78130;58584;33556;70642;14992;76628
evaluation,1485,97662;17368;92788;18706;632;50208;22494;88748;13252;76764
evaluation,1486,17608;94304;16280;21642;47278;35124;20912;98636;1732;36348
evaluation,1487,90534;65606;34940;98102;34814;99476;77080;38016;61616;17186
evaluation,1488,15884;94616;20650;2989;552;1200;58732;49358;24524;87336
evaluation,1489,13504;6616;552;420;45228;95414;15750;1588;80;68994
evaluation,1490,16116;71330;96246;27818;28190;5086;25442;92321;57756;36385
evaluation,1491,6150;7644;2900;48048;45770;6594;9464;4494;1394;31709
evaluation,1492,3828;22306;19372;34814;38248;36862;74766;77080;5760;70210
evaluation,1493,30192;38248;41602;44260;54786;64102;26810;2890;53132;21958
evaluation,1494,26350;49788;48026;59414;16114;26156;64522;46230;77306;19510
evaluation,1495,95082;73044;49358;72990;24690;43918;39356;94616;15884;64522
evaluation,1496,95318;14550;31216;3600;16420;702;3438;29250;41394;51394
evaluation,1497,3020;46752;3668;1788;23214;81768;79524;10276;39854;80638
evaluation,1498,88748;97662;46752;31510;89932;24434;4708;39418;50208;98210
evaluation,1499,65370;82920;25102;89894;78402;73070;16116;32384;31550;46516
evaluation,1500,91970;26810;96238;19828;93094;95414;39488;20774;16381;96169
evaluation,1501,32466;58215;59986;90522;11772;64736;20974;26298;63472;72828
evaluation,1502,87902;19767;88846;12166;82700;540;24581;78590;89798;32020
evaluation,1503,88676;27107;29858;910;76628;94242;31456;74050;35402;39314
evaluation,1504,6396;64354;63404;16215;17956;8604;80858;81382;17354;3468
evaluation,1505,15970;44930;73730;61408;13582;77306;1260;24650;21084;70630
evaluation,1506,95318;31216;946;51394;86574;16420;54404;9916;3140;14550
evaluation,1507,91324;44544;30874;54404;65522;43844;24216;45228;85654;5428
evaluation,1508,13886;56112;13868;4908;20232;26412;1118;77702;19264;51638
evaluation,1509,76764;31202;5362;84324;51546;4536;472;13182;81768;65562
evaluation,1510,97806;97259;49986;17458;20662;10586;17048;57876;1148;3020
evaluation,1511,18762;43522;16264;21090;21162;66606;93546;84162;27572;51448
evaluation,1512,69794;81382;27572;6224;51448;48216;11960;6244;1247;57962
evaluation,1513,54482;8604;63404;16215;18762;59280;64626;1083;1084;20666
evaluation,1514,234;92286;590;43600;300;99838;90974;24760;33149;9616
evaluation,1515,93448;27412;85584;37624;68056;50750;16420;1968;85676;45174
evaluation,1516,66866;71126;8280;60;32814;53672;98997;68932;27258;80866
evaluation,1517,16116;71330;28190;96246;27818;36385;5086;25442;26970;89834
evaluation,1518,53672;30874;85654;82836;65522;24216;7914;3032;55806;43844
evaluation,1519,62322;78164;88748;17368;97662;63862;90476;22494;1422;84324
evaluation,1520,94748;53906;62322;59964;29410;98210;83904;56312;80638;2398
evaluation,1521,17368;50208;78164;98194;42062;2996;84324;39418;21508;2008
evaluation,1522,97662;49297;17368;78164;4708;98194;22494;56786;74808;88748
evaluation,1523,32120;65370;82920;89894;78402;25102;69801;50990;32384;68262
evaluation,1524,2078;2836;1756;15970;6960;3468;54194;80668;18430;32384
evaluation,1525,78392;81382;6152;2195;19280;28032;98166;1756;95930;82992
evaluation,1526,50588;4494;5508;622;40338;13608;28948;1644;5136;50916
evaluation,1527,26810;19828;34814;22650;86026;74256;67048;52224;30070;91970
evaluation,1528,84726;99060;4100;95082;36604;11828;5086;43918;28946;25442
evaluation,1529,46300;16264;90013;47092;98166;51448;1442;1424;21090;8648
evaluation,1530,64354;6396;8604;8676;80858;16215;69662;80744;17956;81382
evaluation,1531,1247;924;39624;19280;81382;6224;6244;88670;51448;1215
evaluation,1532,19828;1398;1362;26810;22650;99796;34814;3864;52224;93312
evaluation,1533,32750;28900;91580;40568;21694;70131;99564;39286;56930;99020
evaluation,1534,43522;18762;16264;48690;21162;51448;83702;66606;21090;93546
evaluation,1535,71694;22568;94560;20694;80668;7138;7150;56370;46516;57048
evaluation,1536,64626;8604;16493;77368;63404;59280;21090;17864;54482;16215
evaluation,1537,99476;90534;71126;4594;4514;22784;89548;53432;34814;61616
evaluation,1538,17770;2398;1434;9332;596;1002;2570;7762;8812;41536
evaluation,1539,10646;94748;98376;98210;632;81145;34916;13252;89932;39418
evaluation,1540,71694;33556;724;7138;93860;13718;25102;20694;65370;22568
evaluation,1541,13886;6150;26412;56112;19264;880;19146;20232;4908;38952
evaluation,1542,37800;51546;50208;11704;472;20662;46748;33270;11698;92788
evaluation,1543,89932;92788;46752;34916;49986;80638;81145;8524;17048;55586
evaluation,1544,86654;90410;50070;35032;90712;45770;99020;7696;89480;88660
evaluation,1545,754;6767;48242;16493;96238;47642;17864;5992;28178;26514
evaluation,1546,75834;61746;98102;2068;10682;81050;8524;13598;98080;33736
evaluation,1547,3108;21911;49202;74116;30654;71026;27258;858;77238;76700
evaluation,1548,19828;96238;93312;90786;61065;292;392;23638;2280;30874
evaluation,1549,52234;23713;91324;51394;36862;33106;18310;4588;946;43844
evaluation,1550,42618;6278;68470;50512;51394;69510;42556;59526;50602;4588
evaluation,1551,94370;91864;85676;332;81038;91884;85584;45026;44954;87336
evaluation,1552,3136;3306;49986;4494;1422;24478;59667;8451;57876;93860
evaluation,1553,81145;49986;94748;98376;97259;10646;89932;13252;6150;97806
evaluation,1554,8276;88748;71043;2996;81768;80230;39854;63862;51546;49297
evaluation,1555,28032;19767;48690;98476;3306;98166;3136;2836;77306;78380
evaluation,1556,4664;49774;96444;96702;5256;96414;5484;1494;31216;82659
evaluation,1557,292;61190;54190;18738;42556;13182;47642;84324;26662;35032
evaluation,1558,1788;37800;11532;3352;50190;79494;1170;11698;18138;8982
evaluation,1559,79358;38920;70131;79646;66106;50070;56140;29402;28536;14114
evaluation,1560,55586;3918;59964;23702;89932;4570;71126;20470;5836;39418
evaluation,1561,34536;28456;55450;1330;13514;496;18018;10310;724;31790
evaluation,1562,57410;3670;69356;36258;33838;91582;26052;13182;33222;66560
evaluation,1563,80638;34916;13182;75176;30704;85388;92788;46752;3020;2190
evaluation,1564,17458;11698;71020;13182;80638;19208;3668;79494;3020;1788
evaluation,1565,19546;88748;61208;51546;4708;75176;50208;22494;24504;13252
evaluation,1566,60596;14136;75176;62738;22499;13282;66866;97259;20470;89932
evaluation,1567,25168;17048;8032;8336;80638;69582;90108;16208;83412;2844
evaluation,1568,612;78858;52266;33416;86870;34628;1410;34476;39488;7366
evaluation,1569,104;77252;36030;3114;90;78728;47758;1260;7804;50166
evaluation,1570,77702;29402;584;6886;76700;22499;27076;6150;77426;89252
evaluation,1571,17368;90476;78164;13252;6886;46748;91580;7316;39618;48048
evaluation,1572,22494;23380;98194;78164;10408;39398;1240;45964;18706;77702
evaluation,1573,81382;6152;18320;48866;9762;28032;6224;2078;3136;47926
evaluation,1574,300;234;4116;64522;24690;8760;14812;47018;36862;44598
evaluation,1575,96238;26810;19828;93312;30070;77228;34814;9890;74256;91970
evaluation,1576,14550;31216;95318;51394;4664;93854;86574;49494;42320;1338
evaluation,1577,552;91864;19510;48026;54418;6278;76816;85584;11308;22912
evaluation,1578,91242;60586;2668;34814;87068;6278;76478;8032;22912;73242
evaluation,1579,21636;7762;17368;13252;19546;39418;62322;51546;78164;17770
evaluation,1580,14992;35124;4712;54482;98636;24581;88676;17608;16616;13880
evaluation,1581,21320;46412;87902;48198;32754;84162;82700;8042;98166;98476
evaluation,1582,32020;19767;93546;51448;6894;21642;98166;71646;72456;18240
evaluation,1583,69801;32120;1046;26364;94242;10290;89894;12070;896;65370
evaluation,1584,77368;80668;3136;26528;21090;3306;7150;1083;574;16493
evaluation,1585,80840;14812;30359;3944;2876;3975;50512;69510;18738;96414
evaluation,1586,259;48048;88130;10408;65998;61190;54282;19496;99838;43600
evaluation,1587,34916;3020;46752;81145;2996;10276;83412;98210;1788;80638
evaluation,1588,41092;28376;56155;58584;70642;10310;52764;98636;33556;574
evaluation,1589,24650;21642;1083;6396;63404;1084;2027;55310;17608;8604
evaluation,1590,788;37476;8712;49396;26514;724;16080;69562;35124;54258
evaluation,1591,72932;23124;45026;87800;86577;34566;58718;45638;67710;334
evaluation,1592,96238;74256;26810;91970;19828;34814;93312;99796;30070;22650
evaluation,1593,72940;86891;1155;120;9948;75920;12070;57566;12;64736
evaluation,1594,71043;63862;81145;31202;88748;79516;8276;78164;83398;50208
evaluation,1595,69794;81382;57962;23558;1247;56766;48690;39624;9762;11960
evaluation,1596,1756;9762;2078;6224;23558;81382;3306;3136;82992;18320
evaluation,1597,282;702;59750;37476;95318;50916;3032;11930;20320;17770
evaluation,1598,69708;16116;5086;94242;71330;5752;22749;910;23112;52600
evaluation,1599,36385;6396;1268;6960;2026;93030;724;48244;26528;16116
evaluation,1600,880;6150;4908;56112;13886;20232;584;26412;7316;77702
evaluation,1601,33270;98194;39102;6194;39406;78164;87590;10276;45964;25168
evaluation,1602,18726;16080;94242;37476;96854;92418;31550;12854;49302;4762
evaluation,1603,924;1268;81382;48690;56766;1247;39624;43658;83702;724
evaluation,1604,1060;70630;5272;23674;1410;23112;8938;68262;36098;18622
evaluation,1605,1494;4664;49774;3108;54404;2267;5256;71404;5484;73644
evaluation,1606,88130;68404;259;43600;9376;37248;98924;65998;258;48048
evaluation,1607,43550;76996;46252;50166;46000;16212;98080;19962;41450;86510
evaluation,1608,9376;2134;65998;1162;10988;19260;41233;9676;10290;60586
evaluation,1609,22499;81268;584;6346;6150;13886;36280;29874;52452;880
evaluation,1610,55450;4416;81268;24200;56162;28456;35832;1422;16866;57868
evaluation,1611,98080;120;102;86891;77252;86510;21260;76996;78728;50166
evaluation,1612,81268;55450;35832;50439;28456;5080;81050;34536;4416;18018
evaluation,1613,17868;4166;12998;36385;67716;22872;47090;94218;1260;19948
evaluation,1614,32754;24650;496;16264;16215;4996;3468;6396;77368;75464
evaluation,1615,18762;43522;21090;16264;66606;21162;93546;71646;84162;8506
evaluation,1616,28930;73242;5428;6278;6794;30874;41014;34628;7696;798
evaluation,1617,14686;18364;71694;22568;18726;17608;36172;724;95268;6824
evaluation,1618,102;98080;120;86510;86891;104;3114;910;76996;21260
evaluation,1619,36030;24259;612;31456;14770;73044;71406;13718;88676;74050
evaluation,1620,97662;88748;50208;22494;17368;83398;46752;39418;13252;24616
evaluation,1621,1788;37800;3352;11532;50190;79494;11698;1170;18138;8982
evaluation,1622,28456;4416;50439;35832;81268;96854;55450;120;83264;1574
evaluation,1623,13182;24616;31132;5362;472;41068;57410;26052;33838;2190
evaluation,1624,71404;73644;9124;73418;82523;37938;33736;59296;82994;1672
evaluation,1625,18238;41078;59630;2318;874;87388;390;18640;22306;57596
evaluation,1626,552;2038;76816;91864;9438;29722;2132;54418;3944;1500
evaluation,1627,47018;340;63880;85584;47098;87388;3114;376;47012;19510
evaluation,1628,16622;16128;12290;15924;86686;1366;74256;4264;31627;58776
evaluation,1629,17368;472;78164;76764;51546;22494;97662;83398;2280;89232
evaluation,1630,3020;98210;13252;632;24504;10646;98376;42062;6836;49986
evaluation,1631,6150;29402;880;22499;77702;584;13886;7191;6886;27076
evaluation,1632,46300;57962;1424;1442;88460;90013;16264;47092;21090;32020
evaluation,1633,7150;22568;97108;71694;92321;6006;80668;27818;28190;20694
evaluation,1634,50439;81268;36258;31132;55450;26780;52452;5202;89480;78702
evaluation,1635,26810;95414;96238;1348;19828;20766;96169;34814;22650;9104
evaluation,1636,71404;73644;73418;9124;33736;82523;59296;7988;82994;56582
evaluation,1637,36385;56370;31234;16116;46516;57048;1268;71330;54258;49396
evaluation,1638,90534;65880;75834;2068;61616;98102;2967;99476;4514;22784
evaluation,1639,55450;81268;18018;5080;52452;56112;34536;7426;39401;83194
evaluation,1640,1094;9762;85706;83194;71694;2234;6824;40620;49128;10290
evaluation,1641,1268;724;64658;37282;31850;2026;36172;64412;36888;18330
evaluation,1642,8604;792;80744;16215;17956;64626;77368;3468;64354;9762
evaluation,1643,3108;99060;5814;9440;89042;29568;1494;11220;41450;84726
evaluation,1644,9376;2134;65998;10988;1162;19260;9676;41233;24524;5952
evaluation,1645,31132;9108;78702;50439;26780;33838;39406;47156;85388;23890
evaluation,1646,21911;88670;41528;4894;39624;66044;1060;51394;76492;12698
evaluation,1647,10408;16866;1680;17902;3686;45964;39398;2996;93312;71126
evaluation,1648,43918;95082;41060;24690;8760;1200;73044;34814;96238;34628
evaluation,1649,64750;29594;14550;84748;19948;2492;2035;79320;46797;58060
evaluation,1650,95318;14550;30028;31216;17014;3140;10122;392;26356;93854
evaluation,1651,9182;77306;75464;80840;3827;43600;2989;22128;88594;18320
evaluation,1652,36888;724;38928;92670;37282;83264;43658;18364;10688;51916
evaluation,1653,88748;17368;22494;78164;51546;97662;62322;63862;90476;62902
evaluation,1654,57390;66606;21162;259;27572;72456;21090;75382;59968;47092
evaluation,1655,17368;78164;90476;2280;48048;97662;98194;83904;39418;76764
evaluation,1656,54538;31950;31850;37602;76628;3264;10310;13712;39760;28594
evaluation,1657,13182;33222;98194;71020;57868;20662;57410;6136;69356;56358
evaluation,1658,4116;47098;47012;44598;98690;5428;85584;88788;37624;1366
evaluation,1659,28260;91988;86956;86577;8290;30579;420;58718;87336;87068
evaluation,1660,18310;11328;35962;14274;23713;79560;10636;12486;732;50950
evaluation,1661,52526;41642;3136;19280;3306;31042;31242;54282;88670;84340
evaluation,1662,99476;2068;2967;798;22784;65880;292;71126;98102;22499
evaluation,1663,3662;17824;95582;31627;1366;86686;7391;12290;31264;58776
evaluation,1664,31368;86891;86548;13994;13598;71126;3594;8514;8398;70994
evaluation,1665,87388;9592;406;11996;10682;10122;80572;22306;98730;2318
evaluation,1666,7762;48392;4416;9332;11598;8190;17770;6648;3262;13304
evaluation,1667,18238;8006;16728;28260;87388;23718;7830;80112;342;41696
evaluation,1668,89798;90013;4688;98166;98476;40494;28032;37602;6152;59280
evaluation,1669,910;13958;28178;31456;522;36545;36348;88676;90;93030
evaluation,1670,22499;19264;19146;13886;26412;25076;29874;6346;30652;880
evaluation,1671,27076;57048;29402;56370;1247;24458;47096;924;6440;23112
evaluation,1672,29410;13598;94748;39418;53906;12968;62322;7630;10720;214
evaluation,1673,39314;68590;38887;27107;24478;96394;27228;14014;21356;70131
evaluation,1674,14686;5988;20774;99476;65880;71694;7366;259;69801;17632
evaluation,1675,10506;97790;124;21260;43550;75920;10698;104;74010;15363
evaluation,1676,76996;102;63498;20120;50166;21260;43550;46252;5234;86510
evaluation,1677,24650;63404;6396;1083;1084;21642;64626;8604;20666;3468
evaluation,1678,9602;2358;1472;10708;82649;31152;7696;15970;13582;55806
evaluation,1679,52526;3136;3306;41642;19280;31042;49056;6216;9948;88670
evaluation,1680,33556;70642;68078;58584;13958;41092;28376;10310;80434;58732
evaluation,1681,79807;99234;48026;3346;53478;57182;89024;552;2526;57164
evaluation,1682,20814;63880;98730;9592;8838;30864;8008;10894;35402;10682
evaluation,1683,65370;32120;89894;32384;25102;82920;78402;50990;16116;31550
evaluation,1684,41162;80668;54194;3468;2078;62756;10708;6960;92321;96912
evaluation,1685,3264;71934;43010;78402;10310;31850;18364;82920;38928;88676
evaluation,1686,16116;71330;28190;96246;27818;5086;25442;26970;31550;89834
evaluation,1687,19828;93094;26810;16420;22650;96169;67048;7630;9590;802
evaluation,1688,31790;18018;94954;4494;52452;23702;46104;57876;81268;55450
evaluation,1689,19828;93094;26810;968;22650;23338;67048;16381;1362;16420
evaluation,1690,57876;97806;97259;8451;49986;27850;4494;1422;23702;35884
evaluation,1691,77109;87297;37636;56930;47720;56162;32750;79646;48154;78000
evaluation,1692,38928;92670;51568;1030;23790;51916;5296;4688;68698;8406
evaluation,1693,724;1268;17956;81382;49302;69662;96103;41328;80744;6824
evaluation,1694,2078;32120;80668;6960;54194;3468;2380;9602;96912;7410
evaluation,1695,96150;11528;9696;53592;45206;10887;8290;46232;58718;53292
evaluation,1696,7762;48392;9332;11598;4416;2008;17770;8190;6648;13158
evaluation,1697,54538;31950;31850;76628;37602;10310;3264;13712;78130;28594
evaluation,1698,34536;10310;85706;724;35832;81268;92418;78130;12854;2026
evaluation,1699,22128;22872;9730;69394;26350;15970;43150;33149;45178;90
evaluation,1700,89042;420;8724;91988;89220;5074;887;52224;43157;88788
evaluation,1701,58732;68078;70642;69394;58584;56155;55150;21370;9730;21084
evaluation,1702,14550;31216;95318;51394;42320;16420;93854;86574;3140;29250
evaluation,1703,496;1330;32754;22568;6006;97108;7150;54194;13514;80668
evaluation,1704,92286;89834;259;37248;52526;2080;2706;16381;49056;73644
evaluation,1705,49326;14274;44260;4300;20320;4114;41233;4264;58776;9392
evaluation,1706,70131;79646;35032;99020;4494;99564;8451;50070;27266;90410
evaluation,1707,55450;81268;56112;7426;18018;66106;39401;880;50439;34536
evaluation,1708,9108;78702;31132;50439;52452;23890;26780;33838;86654;89480
evaluation,1709,92670;23790;38928;18364;18726;36172;28456;31950;37602;4688
evaluation,1710,81382;6152;28032;1756;6244;3136;6224;2078;48216;12716
evaluation,1711,754;48242;6767;34706;62738;5992;15282;94304;36040;33560
evaluation,1712,19828;93094;26810;968;67048;54404;10730;1362;16381;22650
evaluation,1713,91580;30904;32750;70214;56930;39286;27228;87297;50070;37636
evaluation,1714,87388;33736;11996;98730;9592;77326;8838;80572;31264;10682
evaluation,1715,17502;17770;9826;6614;65393;21636;41536;16208;5900;8190
evaluation,1716,9826;2344;62213;94954;1080;37356;73850;32554;3608;764
evaluation,1717,472;19208;30704;57410;80286;91582;8982;69356;81768;26052
evaluation,1718,17458;97259;83533;30870;97806;8451;57876;4494;11698;35884
evaluation,1719,724;1268;95268;7138;22568;2026;61570;8042;71934;71694
evaluation,1720,3264;98636;94034;90256;71934;1382;65393;88460;14992;40620
evaluation,1721,4688;31950;32120;16114;1732;32384;28178;1260;50990;8676
evaluation,1722,19828;93094;26810;968;67048;22650;16381;1362;54404;1398
evaluation,1723,41060;10316;1200;8760;15884;24690;43918;1644;9388;3308
evaluation,1724,33016;22844;49252;6134;34476;37794;49202;8914;75086;56460
evaluation,1725,21420;3608;36280;22284;29874;30652;7316;34464;880;25076
evaluation,1726,23214;74808;17458;97259;97806;3020;65696;30870;1148;13252
evaluation,1727,19714;115;29788;56168;2080;68056;532;31242;31202;29582
evaluation,1728,79516;69356;6136;56786;56358;71108;66560;26052;13182;4536
evaluation,1729,32750;39286;56930;91580;37636;50070;86654;28352;12110;99020
evaluation,1730,31042;1162;5676;622;24524;2287;5952;19714;65998;9376
evaluation,1731,8008;30864;20814;10894;63880;98730;4044;9592;56582;10682
evaluation,1732,87336;99234;79807;3346;88788;86956;89024;86577;91884;5428
evaluation,1733,2068;89042;57182;33540;56155;48026;80;259;42076;24160
evaluation,1734,96150;10887;53292;4946;11528;55362;58602;9696;30579;53592
evaluation,1735,17502;6614;41536;26198;17770;92192;65393;92198;4416;8190
evaluation,1736,34536;724;33556;39401;87554;58060;96414;96444;18364;94954
evaluation,1737,91580;50070;99564;99020;39286;70214;80898;22499;26312;28900
evaluation,1738,1202;15282;3450;16708;79494;65562;11698;13182;1788;23344
evaluation,1739,55450;39401;18018;4416;7426;91580;2008;52452;56112;56028
evaluation,1740,55450;56112;81268;66106;83194;51638;89480;52452;7426;584
evaluation,1741,50588;4416;98210;52452;98194;91580;29021;13868;23702;41068
evaluation,1742,98636;76628;94034;65160;3264;77579;71934;88460;8136;19046
evaluation,1743,78392;2195;6152;18330;19280;95930;81382;98166;2836;55310
evaluation,1744,71694;2026;7150;22568;13514;97108;96854;7138;7410;92354
evaluation,1745,724;1268;22568;69662;23790;71694;7138;23702;81666;17956
evaluation,1746,80668;6006;27818;2706;92321;13514;83956;7150;496;26528
evaluation,1747,21712;49056;28948;90974;10688;98468;7150;496;26858;92354
evaluation,1748,77368;84162;46412;522;59667;29674;8648;18330;1080;24581
evaluation,1749,38178;52234;19372;33106;27658;57784;74260;68414;75848;9910
evaluation,1750,95318;31216;946;86574;51394;16420;9916;54404;14550;3140
evaluation,1751,88748;4708;63862;24504;97662;78164;76764;50208;71043;22494
evaluation,1752,55450;81268;50439;4416;28456;83194;35832;5080;56112;18018
evaluation,1753,19767;6894;98166;47092;51448;3746;71646;21162;98476;87902
evaluation,1754,89480;52452;5080;91580;75118;75176;6496;28900;2008;98194
evaluation,1755,29028;12;27150;49080;32466;51792;27818;34244;89234;2994
evaluation,1756,6824;14150;3306;3136;35884;16026;13718;93860;28154;35572
evaluation,1757,61945;8008;4044;16728;56582;12224;23859;73644;30864;37938
evaluation,1758,48610;2654;2474;93860;3306;13212;83956;59667;48400;12716
evaluation,1759,28376;41092;58584;33556;574;56155;70642;910;74050;83956
evaluation,1760,57410;39102;24616;31152;13182;66560;71043;78164;25170;71108
evaluation,1761,94954;38334;99564;37636;85706;4494;27850;93768;5136;8451
evaluation,1762,84340;69562;49396;37476;47642;35476;32120;896;3646;78402
evaluation,1763,91582;73778;39854;26052;26780;31132;25514;33838;472;56140
evaluation,1764,16493;18532;17864;38422;8604;63404;16616;17956;78590;16215
evaluation,1765,89480;98194;82044;66106;39401;72190;91580;39286;25168;89932
evaluation,1766,1442;2654;46412;51448;8506;1424;8648;84162;27572;16264
evaluation,1767,724;1268;6824;17956;69662;1240;61570;34536;41328;96103
evaluation,1768,32750;39286;91580;70214;21694;56930;14512;25514;26312;17368
evaluation,1769,36348;9378;13718;25144;71502;12316;10290;43760;36030;36888
evaluation,1770,90;43760;73044;36348;22749;36030;47758;48538;7804;74050
evaluation,1771,39406;2027;73778;73124;26090;2190;29116;13726;8514;11698
evaluation,1772,47642;16448;37794;61190;96238;3646;12952;8914;9464;65281
evaluation,1773,754;48242;6767;34706;33560;94304;62124;2984;62738;36040
evaluation,1774,96238;18726;3646;56028;54258;31850;88676;6440;71502;13718
evaluation,1775,98636;3264;76628;80434;71934;14992;41092;54016;40620;792
evaluation,1776,94304;65998;92286;258;96238;90786;7699;99838;33149;47018
evaluation,1777,32750;39286;91580;70214;56930;94748;71108;28900;37636;87297
evaluation,1778,13304;87297;7762;77109;47720;56162;83904;9332;2008;17770
evaluation,1779,32120;82920;65370;89894;25102;32384;57390;50990;4166;78402
evaluation,1780,47926;95268;63336;18240;19274;6008;59134;41010;71934;48400
evaluation,1781,522;13712;41092;78130;574;36348;13958;71502;31456;2344
evaluation,1782,32754;496;46412;7150;8648;51448;54194;71694;80668;22568
evaluation,1783,36545;26528;26858;21712;46302;5988;3042;29674;74158;24581
evaluation,1784,8136;39760;52764;36545;81666;724;76628;9182;47642;13712
evaluation,1785,40440;14550;95318;38928;20264;49932;42618;52266;6278;78822
evaluation,1786,27910;2206;50190;31864;11532;3668;18138;16708;6178;34464
evaluation,1787,28900;91580;75118;99020;35032;26312;71495;12110;10646;26780
evaluation,1788,91580;50070;99020;56930;59964;77109;32750;22254;28900;40568
evaluation,1789,37356;62213;32554;9826;82060;40062;5296;41536;2344;1080
evaluation,1790,83702;14150;3110;13212;35884;3746;48216;9438;48690;19767
evaluation,1791,15970;2078;1756;2836;16114;35402;4044;18430;2195;63880
evaluation,1792,50208;83398;22494;17368;13304;10720;13252;6150;88748;62902
evaluation,1793,42076;84162;30758;40494;90013;19274;59134;6008;1424;1442
evaluation,1794,34536;83264;88014;31850;85706;55806;66106;81268;56112;584
evaluation,1795,81268;56112;55450;5080;7426;584;31790;18018;66106;89480
evaluation,1796,2206;27910;31864;79494;50190;12686;16976;18138;67287;34464
evaluation,1797,28900;4416;32750;8514;69432;79646;90410;880;56930;50208
evaluation,1798,28900;32750;70214;91580;65393;880;47720;9826;79646;56450
evaluation,1799,22494;89232;48048;18706;17368;24504;56786;78164;2008;88748
evaluation,1800,98853;17632;56460;6134;22844;33016;8938;68262;39488;30070
evaluation,1801,98376;89932;632;75176;98210;10720;13252;94748;7426;4539
evaluation,1802,46252;76996;43550;50166;16212;98080;34814;92934;64910;46000
evaluation,1803,87388;9592;406;11996;10682;10122;80572;22306;98730;2318
evaluation,1804,8604;63404;2380;78392;57048;59280;2195;18532;4712;64354
evaluation,1805,55450;18018;7426;91580;39401;2008;89480;81268;52452;1118
evaluation,1806,21911;6224;7138;39624;70642;68078;39618;61945;88670;98690
evaluation,1807,99796;392;8044;67048;3110;19828;34814;2989;93312;32936
evaluation,1808,72940;12;2092;41528;1044;61540;78232;64910;49396;52420
evaluation,1809,76764;83398;88748;31510;78164;22494;97662;17368;8276;41068
evaluation,1810,97806;97259;1148;20662;27850;81145;97228;17458;1338;49986
evaluation,1811,22893;13182;26052;23344;83412;15282;1148;65562;77464;10408
evaluation,1812,1366;31627;86686;7391;61746;85584;28510;58718;16622;17824
evaluation,1813,1118;69432;9100;26412;77702;19114;10444;6886;24476;2570
evaluation,1814,17368;50208;34393;18138;62738;4570;42062;56564;31864;98194
evaluation,1815,32750;880;27266;28900;50208;21694;65393;79646;37356;56930
evaluation,1816,79516;83412;5464;65562;71418;71043;78164;13182;39618;31152
evaluation,1817,77109;87297;47720;56162;56930;98210;6132;480;10960;6136
evaluation,1818,1118;2570;2290;11108;6648;77702;26412;9100;6886;19114
evaluation,1819,50208;83398;3020;88748;22494;13252;76764;89932;17368;75176
evaluation,1820,78402;32120;82920;65370;52600;89894;32384;57390;25102;50990
evaluation,1821,41092;28376;21320;35124;83956;48198;21162;8648;37602;540
evaluation,1822,24650;90256;63404;21888;64626;8604;17608;792;1083;2316
evaluation,1823,18726;56028;14114;46150;62250;45770;27107;2027;31622;70131
evaluation,1824,724;7138;1268;2026;22568;14686;71694;37602;37282;35124
evaluation,1825,47926;63336;6008;95268;18240;71934;19274;59134;98636;41010
evaluation,1826,6136;17368;69356;56786;2280;22494;51546;18706;472;83904
evaluation,1827,97662;88748;47896;63084;22494;4708;31510;83904;34393;89232
evaluation,1828,1202;77464;23344;65562;15282;13182;79494;16708;1148;17458
evaluation,1829,22494;17368;50208;76764;89232;88748;83398;10720;2008;13304
evaluation,1830,7191;7316;880;6150;21420;3608;62902;9826;29874;9100
evaluation,1831,39488;68262;9828;1494;18622;4664;78858;1060;612;24259
evaluation,1832,5428;91242;73242;87336;6794;1968;24259;0;9676;44598
evaluation,1833,56930;37636;87297;48154;32554;77109;47720;49120;48392;37356
evaluation,1834,6648;8190;2570;9464;2290;1118;2900;9100;596;24476
evaluation,1835,27386;3646;94304;1268;29858;43658;56766;49302;27107;27850
evaluation,1836,77368;522;59667;84162;77646;29674;13718;94242;18330;7150
evaluation,1837,4536;20014;28534;27228;5464;5362;28352;25170;39854;30904
evaluation,1838,32750;21694;91580;70131;79646;24200;90410;39286;56930;28900
evaluation,1839,56930;37636;87297;48154;47720;77109;32554;37356;70214;49120
evaluation,1840,22494;78164;18706;48048;89232;24504;76764;17368;56786;2008
evaluation,1841,33560;10392;1094;20974;32466;16448;26298;26364;3946;51792
evaluation,1842,29674;24581;18330;47758;30296;59667;522;98166;77368;11828
evaluation,1843,88748;83398;76764;63862;31510;78164;4708;22494;97662;8276
evaluation,1844,22494;89232;56786;94748;17368;18706;4539;78164;97662;24504
evaluation,1845,63862;88748;78164;71043;83398;17368;8276;90476;22494;50208
evaluation,1846,1268;724;81382;1240;3678;6824;96103;18364;2026;56766
evaluation,1847,42076;40494;90013;98166;32754;1084;1083;30758;46412;1442
evaluation,1848,94954;31790;48140;18018;41034;11874;81268;34536;724;87554
evaluation,1849,23594;17770;6648;24476;4416;9464;6496;2570;69432;10720
evaluation,1850,22494;80230;89232;24504;18706;88748;78164;92788;17368;74808
evaluation,1851,76764;83398;88748;51546;22494;17368;97662;6136;50208;18706
evaluation,1852,25168;2290;78000;27138;77426;50166;81398;25076;47440;72334
evaluation,1853,1148;25514;7696;81768;2920;57410;3020;292;94214;10276
evaluation,1854,56028;62266;6886;13668;18726;78130;31622;27386;3646;12316
evaluation,1855,654;300;10316;24690;94616;15884;234;9392;9676;77228
evaluation,1856,22494;88748;4708;17368;89232;78164;56786;31510;97662;29410
evaluation,1857,15356;16558;21170;68166;21134;30148;10636;70210;54786;30088
evaluation,1858,6648;24476;30654;8190;66602;23594;9464;47720;2900;9100
evaluation,1859,92198;92192;66602;16208;17502;26412;49986;65282;6956;65393
evaluation,1860,37636;56930;87297;32554;77109;48154;37356;32750;70214;49120
evaluation,1861,2314;22494;17368;76764;83398;50208;88748;78164;2008;71043
evaluation,1862,70214;32750;28900;37636;91580;56930;50070;39286;27266;94285
evaluation,1863,17368;6136;69356;83398;22494;56786;18706;76764;50208;51546
evaluation,1864,65370;25102;89894;32384;82920;32120;48140;31234;93030;36172
evaluation,1865,97516;4116;65522;14060;5948;43150;3114;4588;11589;47018
evaluation,1866,52266;65581;33416;7914;49494;26090;53190;44930;66836;2392
evaluation,1867,18590;26090;40310;47096;29250;7914;2248;20264;16850;91172
evaluation,1868,75582;72828;2392;20974;64736;90522;27042;36098;26298;6278
evaluation,1869,34628;73044;612;78232;86870;39488;90;23338;522;33016
evaluation,1870,99796;19828;93312;392;34814;67048;3110;8044;2989;26810
evaluation,1871,1060;76816;1410;39488;23674;5272;34628;70630;68262;34476
evaluation,1872,86510;5086;41450;7830;76996;54786;74844;46252;9916;43550
evaluation,1873,88676;43010;46150;46302;47156;25296;78130;56106;13668;27107
evaluation,1874,20302;48752;86026;2318;2967;4946;23626;53132;1787;3548
evaluation,1875,496;1330;13514;32754;2994;97108;22568;92354;7138;7150
evaluation,1876,874;54786;87728;18238;58370;64102;9552;18800;22476;52420
evaluation,1877,3264;14992;98636;1382;71934;94034;80434;3668;67336;6778
evaluation,1878,16080;18726;31550;68262;49302;92418;57048;56370;26970;54258
evaluation,1879,1247;19280;39624;924;28206;46412;1094;81382;14132;6224
evaluation,1880,89798;18364;90013;37602;35124;4688;28032;1382;23894;95268
evaluation,1881,97662;88748;22494;50208;39418;89232;83398;31510;87297;17368
evaluation,1882,45102;69794;18872;14132;29788;98924;256;46412;62322;11960
evaluation,1883,81268;29021;28456;34536;18590;724;55450;83194;23702;41162
evaluation,1884,55450;18018;39401;4416;2008;28456;7426;31790;56028;91580
evaluation,1885,6136;17368;69356;22494;56786;83398;51546;18706;88748;80230
evaluation,1886,28510;68698;45228;1787;18805;27412;68994;1826;80;34576
evaluation,1887,30070;59986;2062;10392;41528;78232;1396;60400;72940;1402
evaluation,1888,99796;8044;11996;31264;98102;50268;63534;91970;58776;90534
evaluation,1889,7391;3662;1366;11916;31627;442;17824;86686;95582;31264
evaluation,1890,76764;46748;41068;17368;97662;94214;22494;89232;83398;90476
evaluation,1891,91580;32750;39286;87297;56930;70214;28900;40568;21694;50070
evaluation,1892,76764;97662;46748;94214;89232;51546;22494;75176;78164;98210
evaluation,1893,32750;56930;28900;50208;21694;4416;91580;69432;42062;57048
evaluation,1894,97662;88748;90476;4708;22494;24616;78164;76764;80230;82044
evaluation,1895,788;8712;49396;14171;37476;78928;23894;724;13726;282
evaluation,1896,19828;93094;16420;26810;67048;96169;54404;38248;968;3438
evaluation,1897,75920;75128;102;46000;98080;43550;76996;74116;77252;74010
evaluation,1898,1118;48392;69432;4416;6648;7762;2570;6886;19114;9100
evaluation,1899,28376;2474;540;41092;2772;1424;1442;72456;83956;27572
evaluation,1900,33556;28376;41092;13958;70642;80434;68078;58584;69394;522
evaluation,1901,75464;17458;18320;26104;97806;86594;84162;97259;60388;4996
evaluation,1902,47896;17368;4708;88748;51546;9062;84324;19546;56564;97662
evaluation,1903,46752;3020;3668;23214;81145;92786;57876;1788;1422;17458
evaluation,1904,89932;98376;98210;632;1422;3020;5836;50382;75176;23702
evaluation,1905,71043;88748;63862;78164;22494;83904;51546;42062;4708;89232
evaluation,1906,92354;2994;98468;1080;76628;98636;10310;46516;71934;2054
evaluation,1907,89932;98376;98210;632;10646;75176;13252;10720;4539;80638
evaluation,1908,23214;27138;77464;50190;9592;57876;2206;34464;21508;2234
evaluation,1909,88748;81768;80230;71043;51546;92788;11704;20662;24504;39854
evaluation,1910,17502;17770;4416;2774;41536;26514;21636;6614;20488;1962
evaluation,1911,55450;18018;7426;39401;52452;4416;56112;2008;31790;91580
evaluation,1912,1118;6648;2570;2900;2290;9118;8190;6886;7762;9100
evaluation,1913,28376;41092;83956;540;70642;33556;56155;2538;910;48198
evaluation,1914,78164;17368;97662;90476;88748;76764;5362;22494;83398;89232
evaluation,1915,496;1330;32754;97108;13514;7150;2994;22568;7138;92321
evaluation,1916,13726;36888;64412;14114;64658;64354;8648;17956;86594;40494
evaluation,1917,46748;76764;41068;94214;472;89232;97662;51546;98194;3670
evaluation,1918,6366;21642;9602;43658;536;2836;54482;40310;4688;60388
evaluation,1919,33270;96944;23380;26052;10276;50190;19208;1148;81338;7191
evaluation,1920,45102;62322;18872;69794;3110;5676;6712;256;84324;29122
evaluation,1921,17502;41536;6614;26198;17770;8190;21636;16208;47720;6648
evaluation,1922,76764;472;98194;65562;69356;79516;25514;51546;56358;71020
evaluation,1923,89536;78936;3646;96238;6767;754;48242;80914;93030;65646
evaluation,1924,98194;33270;69356;66560;90712;15282;13182;6136;36258;472
evaluation,1925,23702;98194;98376;1422;97259;98210;20662;42062;78164;57868
evaluation,1926,552;91864;76816;19510;22912;6278;4952;3548;48026;64522
evaluation,1927,94304;90786;96238;65998;36030;31234;71406;1260;53432;3114
evaluation,1928,52452;31790;94954;18018;91580;26780;4416;90410;8336;93768
evaluation,1929,33556;574;55150;13958;522;58584;76628;48610;74050;22784
evaluation,1930,88748;63862;83904;4708;31510;92788;89232;42062;94748;50208
evaluation,1931,65370;25102;32384;89894;82920;32120;16116;94242;50990;69801
evaluation,1932,19828;26810;91970;74256;67048;93312;93094;96169;34814;1396
evaluation,1933,49252;2955;76492;732;49202;2492;2814;2540;7336;50040
evaluation,1934,48140;6616;87554;27412;60586;68542;14060;69708;39488;18805
evaluation,1935,18706;78164;90476;17368;22494;97662;83552;89232;94748;76764
evaluation,1936,61746;75834;390;59630;2068;87388;34814;21170;23626;53132
evaluation,1937,21420;2314;75834;7191;3594;33210;880;20774;25168;36280
evaluation,1938,2092;51792;16448;41528;20974;64736;63472;10855;75582;90522
evaluation,1939,89932;94748;75176;98376;632;13252;10720;10646;56786;31510
evaluation,1940,57876;8032;23632;5464;12998;77464;10887;1148;86396;11698
evaluation,1941,17368;94748;22494;18706;24504;89232;7762;42062;2008;29410
evaluation,1942,41092;28376;33556;56155;10310;58584;70642;52764;23112;76628
evaluation,1943,69662;49302;68262;724;4762;95606;12854;31622;10310;32384
evaluation,1944,41233;11960;69794;75986;57566;10698;81382;35476;2080;56460
evaluation,1945,49202;91970;26810;2035;7336;27258;858;2492;0;19828
evaluation,1946,91970;67048;99796;8044;19828;12998;8032;52248;7630;392
evaluation,1947,65646;84340;54282;65998;1162;49302;1094;896;98924;1146
evaluation,1948,258;90786;20120;62124;308;282;5234;78728;76996;90438
evaluation,1949,45102;98924;69794;29788;18872;256;62322;84324;10596;5676
evaluation,1950,48690;28032;81382;84162;2078;98166;19767;16264;40494;90013
evaluation,1951,44930;15970;87800;22872;68414;61408;10016;1260;13582;7914
evaluation,1952,48690;28032;81382;84162;2078;16264;90013;30758;98166;19767
evaluation,1953,9108;85388;2190;83412;46752;632;13182;23214;31132;39406
evaluation,1954,35124;910;96238;31456;24259;5752;94242;14770;9828;69708
evaluation,1955,6767;6219;94954;7466;8812;78936;89536;94560;5992;18430
evaluation,1956,89252;2280;76764;17368;90108;75176;94748;41068;7426;56786
evaluation,1957,89932;80638;94748;98376;75176;81145;31510;34916;10646;632
evaluation,1958,41010;19274;47926;42148;6008;63336;18240;94034;59134;40806
evaluation,1959,4688;90013;89798;98166;98476;40494;24581;6152;28032;35124
evaluation,1960,754;48242;6767;96238;15282;26514;53672;20232;2774;80866
evaluation,1961,41092;28376;33556;58584;70642;56155;52764;10310;76628;574
evaluation,1962,72456;1442;1424;46412;71646;93546;51448;3620;2474;27572
evaluation,1963,41450;41378;75834;56582;33736;8838;82994;12402;27626;71404
evaluation,1964,89932;94748;75176;98376;7426;34916;10720;13252;632;46752
evaluation,1965,89932;75176;94748;98376;7426;34916;13252;46752;632;31510
evaluation,1966,1094;48690;54282;81382;17956;9762;49302;92354;1268;56766
evaluation,1967,27910;25168;75176;94748;98376;584;10720;19264;2290;89932
evaluation,1968,7290;392;43600;3154;21606;18738;590;92286;4114;89536
evaluation,1969,45102;3110;62322;18872;69794;5676;26364;6712;35476;11960
evaluation,1970,46752;34916;3020;1788;10276;80638;73778;23214;14014;11698
evaluation,1971,3020;89932;13252;10720;632;90108;80638;81145;49986;34916
evaluation,1972,36172;79358;23702;58424;2054;3668;456;94304;14686;16616
evaluation,1973,87554;9762;39760;21888;3032;36545;2604;32466;1382;36604
evaluation,1974,34536;85706;83264;88014;19584;66106;31850;18018;99036;18726
evaluation,1975,2774;94560;57048;74260;34454;46516;96854;26514;54258;67336
evaluation,1976,16116;71330;5086;96246;25102;82920;25442;28190;27818;93030
evaluation,1977,3032;20386;61065;11930;96464;46460;64522;52420;20912;83956
evaluation,1978,17368;89232;88748;78164;22494;6136;76764;97662;56786;5362
evaluation,1979,4708;83398;78164;31510;76764;88748;82044;8276;59964;83552
evaluation,1980,98376;98210;32750;7426;632;94748;39418;34916;10646;17368
evaluation,1981,95414;31368;13504;45478;23124;49076;24048;86548;42556;33786
evaluation,1982,13252;75176;98376;94748;17368;34916;89932;632;32750;98210
evaluation,1983,55450;5080;81268;50439;28456;18018;6178;56112;4416;89480
evaluation,1984,34576;2526;57182;57164;80;552;4952;76478;45228;33540
evaluation,1985,214;52030;552;2080;41642;84340;46196;8006;12968;95758
evaluation,1986,61746;34814;75834;89024;87388;2068;90534;9890;31627;87540
evaluation,1987,18640;87388;3828;24220;19372;8006;34814;12211;22306;38632
evaluation,1988,13712;46516;76628;574;46142;80434;55150;25296;522;1382
evaluation,1989,25144;97516;19510;39488;24160;42006;78858;21547;31816;3114
evaluation,1990,8982;1148;26052;31152;2920;19208;1788;8708;33270;10276
evaluation,1991,35884;97662;88748;97673;3262;23380;74808;80230;18706;632
evaluation,1992,45102;84324;35476;10596;29788;20406;49202;2536;896;27434
evaluation,1993,81268;29021;21356;3020;8336;50070;55450;18018;56162;56028
evaluation,1994,8982;31152;19208;8708;26052;2920;1788;46748;1148;57410
evaluation,1995,39314;68590;96394;8524;26412;9232;99564;8406;92788;19584
evaluation,1996,17368;13182;76460;8982;20662;472;31132;31152;5362;1148
evaluation,1997,49396;8828;37476;69562;12070;59132;1146;43918;32384;18330
evaluation,1998,1094;37832;83702;49302;19676;54282;1146;66866;37248;37604
evaluation,1999,81768;81338;78164;20662;10276;80230;3020;2996;94214;92788
evaluation,2000,97662;50208;6136;92788;76764;22494;6150;83398;17368;88748
evaluation,2001,71043;63862;88748;8276;24504;78164;17368;46748;70200;76764
evaluation,2002,77464;23214;50190;3668;27138;9592;2206;29330;6178;73850
evaluation,2003,97838;99123;81338;33416;52266;78858;46460;13466;81768;23112
evaluation,2004,9486;19828;9104;31242;9590;26810;52030;532;67048;96169
evaluation,2005,532;19714;588;19562;31242;115;29582;1072;40984;31202
evaluation,2006,78164;51546;83552;88748;22494;90476;18706;12698;98194;8336
evaluation,2007,88748;76764;83398;78164;4708;31510;22494;63862;10646;82044
evaluation,2008,89932;94748;98376;75176;10720;632;41830;31510;13252;98210
evaluation,2009,8982;31152;8708;26052;19208;1788;57410;2920;1148;39102
evaluation,2010,66560;22893;13182;15282;39618;31618;77464;33838;81768;1148
evaluation,2011,300;590;59414;8982;9392;26124;234;4300;55432;788
evaluation,2012,48216;26364;78380;5676;6224;30650;1247;32020;48690;32936
evaluation,2013,36030;62213;71406;54016;31456;88676;24259;35124;34454;98636
evaluation,2014,81038;91864;552;63880;33786;3434;2926;76728;87336;33736
evaluation,2015,71043;78164;33222;3670;2996;12968;24504;35884;51546;4570
evaluation,2016,4708;4536;98194;57876;29122;71108;56358;25514;78164;57410
evaluation,2017,88748;51546;8336;63862;11704;71108;32814;20470;84324;71126
evaluation,2018,57164;4952;19510;89024;66364;5428;26350;552;64522;23859
evaluation,2019,89232;17368;51546;78164;97662;22494;90476;39418;1202;62902
evaluation,2020,754;48242;6767;94304;33560;3042;34706;12964;29122;96238
evaluation,2021,33556;13958;522;78130;90;93030;41092;71502;74050;5752
evaluation,2022,83702;14150;3110;48216;19767;9438;35572;88670;13212;3136
evaluation,2023,75128;74010;75920;56168;74116;15363;124;65036;10506;10698
evaluation,2024,17368;51546;39418;56312;22494;97662;62322;61208;78164;82044
evaluation,2025,724;1268;36172;37602;69662;43658;7138;35124;1400;22568
evaluation,2026,42076;84162;40494;90013;32020;98166;16264;51448;1442;1424
evaluation,2027,71043;78164;88748;22494;63862;13252;632;50208;23380;97662
evaluation,2028,80638;98210;98376;10646;10720;29410;83533;13252;89932;18138
evaluation,2029,28900;70214;32750;91580;880;56450;47720;65393;50070;79646
evaluation,2030,19828;93094;26810;15278;16420;96169;2604;67048;3718;802
evaluation,2031,36862;22078;41564;83412;69798;59536;53432;2020;19372;30192
evaluation,2032,6794;2536;4952;6616;887;24259;5428;5466;89024;1234
evaluation,2033,94748;75176;56786;89932;10646;632;39418;85388;98194;98210
evaluation,2034,55450;81268;83194;52452;56112;87554;18018;28456;7426;66106
evaluation,2035,33556;58584;574;13712;55150;78130;41092;13958;76628;522
evaluation,2036,37356;41536;1240;6496;9826;62213;29402;27910;11716;32554
evaluation,2037,77080;3662;90534;34814;2967;89548;95582;34940;61616;38016
evaluation,2038,3264;98636;67336;40620;14992;13668;71934;19046;17354;1382
evaluation,2039,97662;17368;89232;41068;97673;46748;56312;90476;84324;4708
evaluation,2040,3110;32936;18320;78380;392;19767;60596;19828;99796;35572
evaluation,2041,97806;1422;97259;8451;3020;13252;20470;98210;632;19546
evaluation,2042,13886;26412;1118;14012;3450;48392;1002;97228;6886;32554
evaluation,2043,88748;83552;78164;8276;4708;94214;90476;97662;12698;39102
evaluation,2044,9826;880;41536;37356;70200;72334;10444;9100;32554;24476
evaluation,2045,50190;77464;29330;1788;73850;79494;1170;3668;2206;412
evaluation,2046,95318;29594;91172;14550;17326;51956;30028;31216;84748;5086
evaluation,2047,65370;82920;25102;89894;32120;16116;32384;71330;78402;21606
evaluation,2048,78380;48216;59280;6224;11828;48690;26364;55310;32936;5676
evaluation,2049,16080;68262;49302;4762;85128;18726;54258;48140;57048;92418
evaluation,2050,38928;31950;36172;18726;2054;3032;65160;412;73044;92670
evaluation,2051,90522;2540;34628;49252;732;73730;3612;2814;72828;32466
evaluation,2052,51154;29722;39488;86396;3944;20974;69708;27412;21490;69394
evaluation,2053,622;37282;76628;80434;14114;52764;39760;36545;71540;10310
evaluation,2054,21420;20774;3594;25168;2314;1394;23632;10720;2008;9826
evaluation,2055,34454;53190;96944;53398;53208;3166;68932;6778;44442;46460
evaluation,2056,13886;26412;14012;48392;22499;1118;69432;62902;6346;88660
evaluation,2057,16420;39192;61967;47278;76492;19948;38248;21958;87336;82659
evaluation,2058,17368;94748;78164;51546;90476;22494;39418;84324;21636;13252
evaluation,2059,19828;93094;26810;968;3864;54556;54404;802;67048;16381
evaluation,2060,37282;64658;43658;724;64412;36888;8712;31950;83956;36172
evaluation,2061,9828;66606;18028;92786;1494;5256;20912;35124;21886;53586
evaluation,2062,71934;48400;98636;3264;47926;88676;1588;31850;1568;16616
evaluation,2063,88748;71043;63862;56786;78164;50208;22494;33222;24616;42062
evaluation,2064,35572;93546;19767;32020;32936;45237;71646;12166;1442;1424
evaluation,2065,41528;64736;2062;1402;1396;78232;90522;10855;96169;20974
evaluation,2066,1215;94616;2989;15884;37080;93969;25102;24524;10988;81050
evaluation,2067,90534;74256;98102;34814;38016;4594;4514;99476;89548;61616
evaluation,2068,28154;21090;1083;1084;21320;90013;16264;259;8506;78590
evaluation,2069,754;6767;48242;96238;78936;15282;0;68052;5988;39406
evaluation,2070,574;25296;58584;41092;522;28376;55150;33556;74050;80588
evaluation,2071,66330;23894;120;98080;13598;92670;74010;75128;5258;75920
evaluation,2072,90534;98102;74256;34814;4594;4514;38016;99476;89548;17186
evaluation,2073,75404;18805;28282;77306;6156;93312;45638;74434;67048;3294
evaluation,2074,6824;26528;6440;21712;93860;96103;496;32584;6828;14171
evaluation,2075,99796;93312;8044;3110;32936;392;19828;67048;50256;78392
evaluation,2076,30870;292;47642;42678;19546;95758;61190;75118;85388;23890
evaluation,2077,93312;4494;18786;308;90786;32584;26810;11758;81357;14150
evaluation,2078,612;39488;33416;13466;34454;34476;86870;97786;74434;6778
evaluation,2079,47098;47012;14060;8032;96394;90534;91970;98102;1430;2068
evaluation,2080,91242;1940;47096;82836;6616;6778;47018;11589;53237;18590
evaluation,2081,87540;39488;18768;21448;78294;20952;99702;9074;16830;52266
evaluation,2082,3444;99702;20830;39642;25144;97516;20650;31816;1388;21712
evaluation,2083,75986;23338;39488;32466;9388;24728;13242;2392;68262;1684
evaluation,2084,90534;38016;34814;77080;74256;99476;22784;98102;34940;2967
evaluation,2085,1155;51792;16448;1094;2536;65646;26298;75582;9388;2092
evaluation,2086,41564;40338;68932;80850;702;20774;76492;54786;14171;98997
evaluation,2087,19828;26810;96169;3438;9590;86026;74766;93094;74256;9486
evaluation,2088,31850;31950;37602;54538;36172;38928;2774;28594;54258;4688
evaluation,2089,55450;18018;39401;4416;56112;91580;66106;2008;1118;7426
evaluation,2090,4688;89798;90013;98166;98476;37602;40494;6152;28032;35124
evaluation,2091,28930;6366;29116;90974;62250;40552;15970;10586;9602;64834
evaluation,2092,754;48242;6767;62738;33560;94304;62124;10960;34706;2984
evaluation,2093,24650;6396;16215;16264;66606;47092;8676;21090;98166;21162
evaluation,2094,41564;40338;14171;11716;2868;16080;81398;20774;38168;3262
evaluation,2095,6006;27818;80668;92321;7150;2706;13514;97108;28190;7410
evaluation,2096,2068;98102;99476;19510;2967;65880;75834;2668;2314;22784
evaluation,2097,18805;18238;29250;44166;28510;79320;73644;26350;80572;89220
evaluation,2098,74050;76816;39488;23338;910;6156;2035;69708;48538;4426
evaluation,2099,17368;78164;94748;21636;39418;83398;28900;13252;90476;48048
evaluation,2100,71108;29122;56786;56358;98194;84418;56312;23702;39418;6136
evaluation,2101,48216;26364;78380;11828;5676;32936;48690;6224;35572;55310
evaluation,2102,75986;68262;1684;74194;49252;71718;12090;33016;12318;17632
evaluation,2103,2190;26052;33838;26780;85388;90712;74152;10276;11698;78702
evaluation,2104,86891;97790;45102;27434;15363;21260;18872;2080;102;5234
evaluation,2105,96238;94304;90786;46516;20774;31234;65998;16616;20360;95414
evaluation,2106,26412;13886;48392;14012;69432;1118;62902;3450;97228;77702
evaluation,2107,37356;9826;41536;32554;880;11716;93232;65393;24476;70200
evaluation,2108,88748;6136;18706;22494;17368;89232;78164;76764;56786;69356
evaluation,2109,11108;26412;1434;2290;77426;22499;1118;69432;2570;77702
evaluation,2110,19767;87902;21162;3746;51448;47092;46412;71646;82700;84162
evaluation,2111,48216;78380;26364;32936;6224;5676;16026;59280;11828;3110
evaluation,2112,15363;97790;27434;45102;2080;75920;102;86891;30650;94065
evaluation,2113,22132;63498;102;11108;234;6648;13868;6354;45964;1118
evaluation,2114,9826;37356;41536;32554;23702;29402;21420;40062;65393;24476
evaluation,2115,51792;2092;63472;10855;64736;14604;41528;29028;75582;20974
evaluation,2116,7284;59964;97259;42062;98210;632;81145;5836;98376;69582
evaluation,2117,88748;50208;22494;83398;17368;74808;78164;63862;94214;3670
evaluation,2118,55310;48216;78392;59280;78380;924;86891;1247;26528;26364
evaluation,2119,80744;48400;66606;47092;11960;32112;28594;2772;20912;2474
evaluation,2120,32112;80744;80858;910;1424;1442;1083;1084;540;2772
evaluation,2121,63498;13868;22132;1118;6648;9951;11108;33786;4116;258
evaluation,2122,14604;51792;62756;27042;12070;732;64736;75582;2092;20974
evaluation,2123,76764;88748;83398;31510;78164;97662;4708;5362;94214;51546
evaluation,2124,88748;22494;4708;17368;63862;97662;78164;74808;31510;94214
evaluation,2125,98210;632;98376;75176;13252;90108;1422;34916;97259;10720
evaluation,2126,47012;47098;2996;2267;42320;44544;19914;92788;2744;23214
evaluation,2127,23380;23702;98194;56564;21694;22494;480;37636;83533;29410
evaluation,2128,6136;56786;69356;17368;2280;472;51546;98194;89232;33222
evaluation,2129,89932;59964;632;88748;94748;31510;5836;7284;98210;42062
evaluation,2130,78380;48216;69794;26528;48690;26364;21090;59280;19767;5676
evaluation,2131,29858;48140;98690;33556;3646;62266;724;71694;2248;27386
evaluation,2132,66330;23894;98080;75920;74010;120;1574;75128;57962;124
evaluation,2133,29402;6886;880;6150;27076;22499;26412;14012;13886;48392
evaluation,2134,74256;34814;88660;29716;19828;86870;49202;39488;274;95344
evaluation,2135,37356;9826;32554;41536;880;65393;24476;11716;70200;6496
evaluation,2136,51546;82044;39418;13252;632;30870;74808;2996;3020;11704
evaluation,2137,89932;80638;49986;34916;94748;16208;81145;46752;75176;98376
evaluation,2138,1094;49302;57962;9762;49056;39404;12854;9676;41328;20488
evaluation,2139,6824;48690;3110;3136;9762;2078;48866;1756;81382;48216
evaluation,2140,25296;33556;1386;6824;6244;13718;52764;574;55150;23674
evaluation,2141,18640;2318;20302;4946;82328;1826;48752;5642;41378;12864
evaluation,2142,4908;5620;6150;46000;25076;46252;38952;6648;33210;66602
evaluation,2143,18726;31850;65581;97786;69662;3166;96912;50186;10760;11758
evaluation,2144,89932;94748;34916;13252;49986;24434;75176;632;54964;98376
evaluation,2145,94954;49120;28536;37636;39286;56930;26198;76944;99564;13342
evaluation,2146,76628;522;33556;48610;5508;574;22784;41092;80434;13712
evaluation,2147,48752;18238;11916;7391;8290;28260;30579;41378;3662;82328
evaluation,2148,98210;83412;80638;98376;81145;1788;97259;89932;46752;34916
evaluation,2149,17770;21636;2570;4416;9100;282;93232;6614;42678;48392
evaluation,2150,29402;6886;27076;40338;48392;77702;22499;26412;14012;19114
evaluation,2151,20360;78164;90476;17368;51546;22499;83398;89232;20470;84324
evaluation,2152,75176;98376;89932;632;13252;94748;10720;39418;85388;10646
evaluation,2153,82700;21162;88846;48198;540;87902;1424;47092;1442;2772
evaluation,2154,78380;48216;69794;26528;59280;55310;21090;1247;19767;48690
evaluation,2155,66330;92670;12968;23894;5258;20406;75920;2444;84340;52030
evaluation,2156,19767;48690;28032;16264;84162;8648;60388;3678;21642;26858
evaluation,2157,19990;96944;702;60;27626;16420;14550;7914;42618;65581
evaluation,2158,17902;74256;96238;590;34814;3352;21484;4114;3110;2234
evaluation,2159,96944;19990;702;27626;16420;14550;60;42618;65581;7914
evaluation,2160,1968;97516;4116;31816;4243;6716;1787;30874;29250;85676
evaluation,2161,88660;84418;39418;71108;78164;56786;74050;41068;98194;70854
evaluation,2162,6886;48392;29402;584;880;27076;69432;14012;89252;77702
evaluation,2163,78164;81768;7696;22499;98194;12698;35032;8276;31618;8451
evaluation,2164,97259;97806;20662;1422;73778;98210;80638;89932;98937;85388
evaluation,2165,28376;41092;55150;71694;36348;83956;58584;540;8648;14992
evaluation,2166,48216;26364;78380;1247;924;48690;5676;6224;11828;35572
evaluation,2167,28676;49302;68262;87554;16080;31550;16116;48140;4762;18726
evaluation,2168,7150;92354;13514;71694;27662;2026;1330;80668;92321;7410
evaluation,2169,9104;96169;9590;9486;26810;74256;19828;1402;1396;20406
evaluation,2170,22494;97662;89232;4708;56786;76764;17368;78164;18706;88748
evaluation,2171,24476;1434;11108;582;1118;2290;77702;38952;13868;3608
evaluation,2172,28376;41092;33556;70642;2538;37602;83956;56155;58584;98636
evaluation,2173,69394;522;41092;90;13712;13958;10310;78130;45178;76628
evaluation,2174,45174;85584;3140;32719;1615;18310;44260;51394;27412;68056
evaluation,2175,72932;45026;23124;87800;34566;334;45638;58718;96434;86686
evaluation,2176,28032;48690;98166;90013;32754;6894;18240;84162;51448;98476
evaluation,2177,88670;6824;6224;6244;83702;78380;48690;83854;26858;69794
evaluation,2178,39192;26356;47278;5086;86510;20912;358;62756;9916;88788
evaluation,2179,46797;59882;12314;97962;53586;73070;47402;98690;95186;1022
evaluation,2180,52224;80572;96344;20814;41528;11220;8502;702;16212;28510
evaluation,2181,17502;17770;26514;4416;6614;21636;37476;20488;18330;94285
evaluation,2182,91242;17376;44544;5428;38326;76816;89024;99234;6278;23902
evaluation,2183,88670;83702;48690;6824;51448;6244;83854;35572;78380;69794
evaluation,2184,1060;5272;70630;8938;23674;1410;36098;9908;56460;18622
evaluation,2185,86870;34454;612;99702;81768;13466;31816;6794;97838;47012
evaluation,2186,5280;33354;4250;3548;33786;14454;28162;91864;47098;21170
evaluation,2187,88748;63862;4708;62322;71043;27138;57876;82044;66438;31510
evaluation,2188,81268;55450;28456;50439;4416;56112;18018;5080;83194;35832
evaluation,2189,39760;56106;14114;16080;78928;96854;9762;56028;13668;31850
evaluation,2190,88748;4708;63862;78164;8276;31510;97673;39388;22494;1422
evaluation,2191,8812;66866;1422;8336;5836;67287;11704;632;8451;51546
evaluation,2192,81145;49986;83412;46752;80638;2594;10276;4494;35884;29330
evaluation,2193,31594;32129;13386;18278;29220;31698;29338;16866;16036;3686
evaluation,2194,76460;13182;8982;26052;71020;472;56358;5362;46752;80638
evaluation,2195,3020;23890;23214;2996;3668;15282;92786;11698;39406;80638
evaluation,2196,94748;89932;98376;75176;98210;10720;13252;90108;632;32129
evaluation,2197,69356;88748;90108;6136;97662;82044;77109;24616;22499;4708
evaluation,2198,88748;17368;89232;78164;47896;76764;472;46748;22494;6136
evaluation,2199,78164;97662;90476;17368;49297;472;76764;89232;22494;31510
evaluation,2200,9332;3262;2398;13252;17770;30870;8336;51546;9464;50208
evaluation,2201,51546;5836;67287;78164;66866;71108;47896;32814;8336;83398
evaluation,2202,97662;98194;23380;47896;33270;34393;39102;22499;88748;4708
evaluation,2203,50208;76764;51546;18706;22494;22499;13252;83398;4708;74808
evaluation,2204,32814;66866;51546;67287;88748;70994;5836;63862;24504;22494
evaluation,2205,83904;88748;21911;6136;63862;47896;57868;20470;880;19546
evaluation,2206,51546;88748;71043;78164;23702;20470;63862;8276;35884;47440
evaluation,2207,32814;66866;65696;62738;50382;67287;70994;66438;42062;88660
evaluation,2208,23380;29410;62738;63084;47896;12686;41068;78164;84324;98210
evaluation,2209,87590;19546;37800;6886;1118;13868;22499;45770;31709;2900
evaluation,2210,17368;56786;4708;33222;78164;57868;71043;83398;71020;22494
evaluation,2211,81268;55450;28456;50439;4416;56112;5080;83194;18018;35832
evaluation,2212,16116;71330;28190;5086;27818;96246;22749;25442;73730;36385
evaluation,2213,5280;3548;1900;12535;1430;98730;85539;85584;4250;2564
evaluation,2214,99796;8044;93312;3110;32936;392;19828;67048;78392;48216
evaluation,2215,52750;5280;4250;1236;95274;91864;1430;12854;32719;87728
evaluation,2216,2068;98102;90534;2967;65880;61616;75834;89548;65606;60042
evaluation,2217,483;52452;6346;90410;584;55450;45770;6886;81268;480
evaluation,2218,71043;472;79516;31202;25514;30704;33270;29122;2188;84324
evaluation,2219,75176;89932;10720;85388;33222;10646;1422;39418;53906;61208
evaluation,2220,3020;34916;46752;2996;10276;17458;81145;46104;81768;1788
evaluation,2221,724;1268;35124;2026;7138;49302;69662;80744;37602;17956
evaluation,2222,4762;18364;18726;68262;49302;92418;12854;94242;56766;35378
evaluation,2223,83702;14150;13212;3110;9438;48216;47926;35884;19767;3136
evaluation,2224,18805;8676;31379;26350;39186;50628;17530;1200;5466;28510
evaluation,2225,87540;53672;44442;93854;7914;65581;52248;83412;16622;41394
evaluation,2226,82920;32120;32384;65370;50990;25102;89894;78402;71934;1568
evaluation,2227,17502;17770;26514;37476;18330;6614;13712;4416;21636;2774
evaluation,2228,37636;56930;49120;94954;39286;26198;70131;28536;99564;78702
evaluation,2229,41770;11828;5676;6712;22816;30650;16114;12166;23558;51448
evaluation,2230,57048;2774;94560;46516;54258;78130;56370;13712;74260;612
evaluation,2231,74256;73850;536;39398;31618;2984;52030;77228;96238;36040
evaluation,2232,21490;3154;1046;4264;16850;14962;4300;5648;3110;54418
evaluation,2233,910;74050;31456;36030;9378;48538;64522;69708;9074;5752
evaluation,2234,702;19990;16420;7914;60;65581;27626;33416;42618;55806
evaluation,2235,45102;69794;256;18872;5676;29788;27434;13386;46412;11960
evaluation,2236,1146;92286;65646;65998;11142;88130;9376;49302;57756;43600
evaluation,2237,77109;87297;47720;6132;56930;37636;23594;56162;15282;48154
evaluation,2238,71043;88748;3670;63862;24616;8276;17368;76764;472;80230
evaluation,2239,31790;18018;39401;55450;56112;7426;91580;5080;2008;52452
evaluation,2240,97259;97806;49986;20662;17048;81145;1422;16208;632;90108
evaluation,2241,10720;1148;80638;90712;23214;98210;83412;20662;46752;76497
evaluation,2242,88748;83398;76764;31510;4708;97662;24504;22494;78164;8276
evaluation,2243,41092;28376;33556;83956;70642;10310;910;14992;58584;76628
evaluation,2244,23790;92670;38928;18726;18364;36172;48140;62266;36888;53237
evaluation,2245,57048;2774;46516;94560;54258;78130;74260;26514;56370;13712
evaluation,2246,10988;92286;9616;654;43600;25144;19260;99838;18800;3154
evaluation,2247,71934;3264;48400;47926;98636;31850;94034;1568;1588;792
evaluation,2248,77368;84162;46412;59667;21320;18330;29674;48690;8648;98166
evaluation,2249,75986;68262;33016;36098;1684;56460;1410;23674;34476;12090
evaluation,2250,13886;26412;6150;22499;25076;584;56112;29874;38952;29402
evaluation,2251,55450;81268;5080;28456;31790;56112;89480;50439;18018;83194
evaluation,2252,15200;9074;23338;9388;1968;21958;68056;18310;38326;39488
evaluation,2253,48216;26364;78380;924;5676;6224;55310;1247;48690;88670
evaluation,2254,46412;8648;84162;7804;47758;18330;13718;21320;259;59667
evaluation,2255,89042;48026;76644;76672;91884;14812;6660;38536;30359;887
evaluation,2256,56112;31790;55450;81268;83194;88670;52452;81382;28032;21162
evaluation,2257,77109;87297;6132;37636;56162;15282;2984;98210;56930;47720
evaluation,2258,2092;75582;26298;3946;51792;20974;58215;96464;32466;63472
evaluation,2259,45102;69794;29788;98924;18872;62322;256;11960;5676;10596
evaluation,2260,754;94304;48242;62738;96238;21090;36040;5296;34706;63084
evaluation,2261,72940;12;9948;896;78232;51884;68262;14604;9388;1155
evaluation,2262,2092;20974;51792;64736;63472;14604;75582;49080;10855;41498
evaluation,2263,26810;96238;19828;94065;93312;91970;77228;96169;50256;89548
evaluation,2264,3668;1080;37356;29402;72334;99036;16280;41536;9826;85706
evaluation,2265,13886;26412;29402;880;19146;22499;6150;56112;51638;19264
evaluation,2266,47896;84324;97662;88748;4708;78164;71108;88660;97673;17368
evaluation,2267,58584;574;76628;41092;55150;56155;33556;78130;46516;13712
evaluation,2268,21712;71694;92321;7150;97108;7410;2706;92354;20694;259
evaluation,2269,50512;85138;69394;89536;72990;55362;73044;58602;45206;90
evaluation,2270,45102;69794;18872;98924;29788;14132;11960;256;46412;62322
evaluation,2271,398;85584;18640;68166;12211;40714;47098;12864;51884;19372
evaluation,2272,77109;87297;47720;56162;56930;10960;98210;6132;6136;480
evaluation,2273,31379;398;16114;26350;259;19510;22128;64626;91864;17326
evaluation,2274,13252;17368;17770;78164;94748;632;21636;51546;20360;82044
evaluation,2275,65370;32120;78402;89894;82920;32384;14992;13880;35124;25102
evaluation,2276,48216;26364;78380;1247;924;11828;5676;48690;6224;32020
evaluation,2277,37282;18726;4762;14992;65160;64354;88676;31850;7150;41328
evaluation,2278,34628;49202;29716;2814;7336;944;858;76348;24458;2035
evaluation,2279,64484;97962;24728;47402;10850;24216;59882;1382;31950;11930
evaluation,2280,45102;69794;256;18872;5676;14132;46412;11960;31242;32020
evaluation,2281,4946;45206;96150;58602;53912;53592;53292;11528;9696;4276
evaluation,2282,72932;23124;45026;87800;334;34566;96434;44954;58718;86577
evaluation,2283,6886;61190;84324;85412;45770;8451;8812;60172;98376;16010
evaluation,2284,55310;59280;48216;26364;78380;924;11716;13282;54282;48048
evaluation,2285,13212;9762;34536;26104;18320;80668;10310;93860;48610;29110
evaluation,2286,26364;11828;5676;6224;32936;30650;18330;6712;3620;13212
evaluation,2287,55310;59280;9948;11716;86891;2380;54282;924;8712;1046
evaluation,2288,16622;1366;16128;15924;17824;7391;45174;86686;17326;80
evaluation,2289,18532;17864;16493;63404;8604;64626;21090;54482;59280;16616
evaluation,2290,3264;80434;71540;52764;98636;65160;40620;1382;71934;30296
evaluation,2291,17864;16493;63404;18532;16264;17956;64626;26858;8604;18680
evaluation,2292,71934;3264;98636;48400;88676;31850;1588;47926;16616;1568
evaluation,2293,45206;11528;442;4276;41378;9696;16574;96150;8290;7391
evaluation,2294,77326;10682;87388;98730;36592;9592;80572;77510;63880;342
evaluation,2295,39401;18018;28456;91580;55450;31790;56112;5080;52452;89480
evaluation,2296,1366;12290;11916;7391;3662;58776;31627;74256;86686;77510
evaluation,2297,89932;94748;75176;34916;16208;98376;10720;54964;10404;13252
evaluation,2298,61190;54282;84340;65646;1146;10596;48048;259;23612;94065
evaluation,2299,89932;98376;94748;10720;75176;632;13252;31510;98210;13304
evaluation,2300,12864;57596;58776;87388;18640;12211;1826;59750;4116;85584
evaluation,2301,55450;81268;7426;66106;56112;18018;56028;4416;56106;2008
evaluation,2302,17770;4416;41536;56162;6614;94285;17502;21636;20232;89480
evaluation,2303,26810;19828;9486;93094;22650;9104;34814;3864;9590;30070
evaluation,2304,86574;702;16420;60;80952;76816;95318;93448;19990;78822
evaluation,2305,45102;69794;18872;62322;14132;13386;256;11960;27434;46412
evaluation,2306,45206;4276;11528;96150;16574;41378;7391;9696;442;8290
evaluation,2307,44954;45026;30359;95606;85676;406;45174;14812;10122;61616
evaluation,2308,81382;9762;56766;49056;88670;57962;39624;21162;924;69794
evaluation,2309,17770;41536;56162;17502;6614;10850;89480;1896;596;94285
evaluation,2310,81268;55450;56112;83194;18018;83264;5080;31790;34536;66106
evaluation,2311,6136;83904;41068;66560;69356;4708;22494;33222;98194;56786
evaluation,2312,21694;32750;70131;79646;39286;91580;90410;31790;56930;27266
evaluation,2313,754;48242;12964;94304;60596;57962;14136;34706;58424;10960
evaluation,2314,90;58584;2080;24690;27434;56155;10316;78130;13608;46150
evaluation,2315,13958;77368;14770;29674;1080;522;18330;59667;574;13712
evaluation,2316,28376;41092;21320;21162;540;58584;27572;83956;1424;55150
evaluation,2317,2026;7150;71694;28456;45206;12854;13514;52750;93860;18726
evaluation,2318,88460;94034;77579;98636;90256;71934;14992;48400;14580;456
evaluation,2319,12854;53476;98636;14580;71934;2080;924;57164;14454;4166
evaluation,2320,17502;1962;17770;9826;69432;6614;92192;47720;6648;66602
evaluation,2321,91580;32750;81268;11874;35032;39286;79358;50070;90108;25168
evaluation,2322,48216;26364;78380;924;30650;6224;32936;55310;1247;5676
evaluation,2323,21694;91580;39286;70131;79646;32750;27266;50070;87297;90410
evaluation,2324,29874;22499;25076;584;6150;880;26412;13886;77426;56428
evaluation,2325,75118;50208;47720;32554;5836;91580;31202;32750;56930;17368
evaluation,2326,26810;34628;858;16420;50750;4426;19828;0;49202;49252
evaluation,2327,612;97838;97786;86870;61540;34628;34454;17530;81768;68932
evaluation,2328,71043;63862;88748;78164;24616;17368;22494;76764;8276;3670
evaluation,2329,424;2054;29250;14550;29490;77100;69568;38178;76944;7004
evaluation,2330,32750;21694;79646;70131;87297;94748;91580;27266;39286;77109
evaluation,2331,71694;69510;8604;26104;7150;80668;16215;18430;59280;20694
evaluation,2332,49297;10720;38952;65393;20232;13252;51638;62902;3918;632
evaluation,2333,216;34916;24160;63534;7922;44544;2267;72990;78402;67716
evaluation,2334,12910;1260;97838;36030;70642;612;910;16280;36385;1732
evaluation,2335,88670;83702;48690;78380;6824;81382;83854;51448;69794;6244
evaluation,2336,35832;18430;1472;83264;97838;7466;32384;47278;51696;69256
evaluation,2337,442;26810;4594;74256;86686;1348;71904;20034;58718;9486
evaluation,2338,48216;26364;30650;11828;32936;78380;5676;6224;75382;924
evaluation,2339,51448;16264;1424;1442;6152;35812;42076;32020;90013;98166
evaluation,2340,17770;17502;4416;26514;69432;94285;9826;35722;41068;77109
evaluation,2341,2570;9464;8190;6614;3754;16208;12008;6648;10444;6618
evaluation,2342,65370;25102;89894;82920;32384;16116;32120;78402;93030;50990
evaluation,2343,300;90;21484;234;94616;24690;82920;10316;58584;574
evaluation,2344,30070;96169;19828;26810;1348;23338;52030;74192;9104;20406
evaluation,2345,29594;95318;96246;3032;40971;87336;54786;412;1022;64750
evaluation,2346,91580;50070;90410;39286;86654;99020;87297;70214;27266;32750
evaluation,2347,49120;28536;94954;13342;26198;28900;72190;37636;39286;25168
evaluation,2348,9730;45178;68078;58584;31456;532;70642;7804;13718;55150
evaluation,2349,17502;17770;4416;26514;69432;1962;94285;9826;77109;7762
evaluation,2350,32750;21694;79646;70131;87297;39286;77109;91580;94748;27266
evaluation,2351,96238;74256;94304;87554;90786;28510;39488;68262;89042;67186
evaluation,2352,23674;76816;23338;34628;2035;34814;49202;90534;9074;19828
evaluation,2353,93094;19828;67048;16420;8044;26810;4440;39488;16381;968
evaluation,2354,78590;24581;38928;98476;10708;1382;20912;90013;98166;89798
evaluation,2355,75986;68262;57048;16080;23112;7366;54258;56370;56460;48140
evaluation,2356,31264;7988;87388;80112;77326;56582;20814;14895;18238;77510
evaluation,2357,32750;91580;21694;39286;27266;87297;90410;77109;70131;70214
evaluation,2358,55450;81268;83194;5080;56112;18018;50439;7426;35832;34536
evaluation,2359,34814;90534;77080;74256;12211;75834;98102;38016;2068;1366
evaluation,2360,48690;28032;8648;19767;40494;30758;90013;84162;98166;56766
evaluation,2361,1146;47926;57756;71646;80286;924;24616;41010;9438;57410
evaluation,2362,69562;59132;896;49396;37476;84340;72940;48140;57566;52030
evaluation,2363,49396;896;69562;59132;84340;35476;37476;57566;52030;52600
evaluation,2364,46142;33556;52764;41092;58584;76628;95268;83956;28376;13712
evaluation,2365,82920;89894;65370;32120;78402;32384;69801;50990;33354;25102
evaluation,2366,8524;39314;21888;10290;55310;24650;536;17956;86548;94242
evaluation,2367,300;21484;90;234;78402;24690;10316;82920;94616;43918
evaluation,2368,45102;69794;18872;32020;46412;256;14132;5676;11960;6224
evaluation,2369,39314;68590;27662;65581;55806;8604;14992;98636;16616;54538
evaluation,2370,6767;10310;41162;88014;96912;4984;78936;81666;36888;76628
evaluation,2371,70131;51546;26682;54190;98194;90786;22499;36258;11698;72334
evaluation,2372,6136;66560;3670;69356;33222;24616;98194;41068;56786;71020
evaluation,2373,16622;1366;16128;15924;7391;17824;45174;17326;9890;80
evaluation,2374,23124;72932;87800;45026;96434;44954;34566;334;58718;86577
evaluation,2375,98636;27662;71934;95268;17106;47926;94034;3264;48400;16616
evaluation,2376,81382;48690;16026;48216;32754;16264;6244;49056;21642;3136
evaluation,2377,16116;71330;28190;27818;25442;5086;36385;96246;26970;52600
evaluation,2378,65998;87755;10596;39642;9104;3944;49056;9948;29582;96169
evaluation,2379,86396;10290;412;49038;20912;39192;64522;2248;29250;372
evaluation,2380,13182;29152;34393;21886;41068;94748;29410;71108;2280;41830
evaluation,2381,84340;59132;896;1268;47642;3646;9676;43658;52030;49302
evaluation,2382,94065;77252;21260;97790;46252;78728;76996;46000;102;5234
evaluation,2383,3662;95582;1366;17824;7391;31627;86686;31264;12290;34940
evaluation,2384,38248;12211;9890;45174;57596;12290;11574;7734;17326;51884
evaluation,2385,2290;1736;1118;1434;2570;582;26412;8190;6594;9100
evaluation,2386,90410;79646;21694;32750;70131;79358;23702;39286;27266;98194
evaluation,2387,21886;13182;83904;29152;47896;56564;6136;34393;78164;63084
evaluation,2388,32750;75118;50208;91580;47720;17368;14014;56930;71108;27910
evaluation,2389,91582;31132;26052;13182;36258;472;17458;23380;26780;9108
evaluation,2390,87297;77109;56162;47720;2984;21694;13304;622;56930;48154
evaluation,2391,41068;46748;22494;56786;98194;6136;97662;76764;89232;71020
evaluation,2392,79516;71108;13182;472;56358;65562;30704;25514;4536;46104
evaluation,2393,48216;26364;11828;5676;30650;78380;32936;1247;6224;32020
evaluation,2394,71934;98636;48400;47926;3264;94034;16616;1588;1568;27662
evaluation,2395,19767;47092;21162;3746;27572;71646;51448;28032;98166;46412
evaluation,2396,8648;19767;64412;6224;48690;84162;98166;30758;17956;10174
evaluation,2397,95268;90013;2654;89798;28032;59280;12872;37602;48400;18364
evaluation,2398,32750;39286;56930;91580;21694;76944;30904;90410;50208;50070
evaluation,2399,32120;89894;65370;82920;25102;78402;57390;32384;69801;50990
evaluation,2400,77326;10682;87388;98730;36592;9592;77510;63880;80572;342
evaluation,2401,77100;29250;29490;424;14550;38178;42618;42320;7004;10894
evaluation,2402,31379;16114;26350;398;64626;798;64522;259;22128;91864
evaluation,2403,24728;87336;24216;2814;1112;5428;54556;32508;54404;86956
evaluation,2404,32750;39286;70214;91580;28900;56930;25514;39401;17368;50070
evaluation,2405,96246;69801;25442;73730;28190;96103;26970;16116;4592;12070
evaluation,2406,77100;42618;29250;424;76944;14550;50186;27626;29490;2054
evaluation,2407,15363;97790;75920;27434;45102;2080;76996;86891;10698;21260
evaluation,2408,71108;18706;13182;33222;26312;7575;71043;78164;69356;2190
evaluation,2409,66106;584;18018;83264;56112;52452;31790;88014;81268;21356
evaluation,2410,87297;77109;56930;47720;48154;10720;10960;42062;23594;48392
evaluation,2411,56460;17632;22844;44702;29722;34628;6134;4440;23674;33016
evaluation,2412,28376;41092;76628;98636;910;33556;574;39760;10310;13668
evaluation,2413,73026;60388;41010;792;53476;40806;40620;21052;540;71934
evaluation,2414,69794;11960;14132;37080;26364;5676;3600;44450;44378;30650
evaluation,2415,89232;98194;56358;56786;4708;24616;41068;472;83904;97662
evaluation,2416,63862;71043;90476;88748;8276;50208;17368;22494;78164;89232
evaluation,2417,94242;27386;29858;88676;3646;31456;27107;22749;43760;910
evaluation,2418,11308;34393;21286;98532;590;73242;234;29330;9438;300
evaluation,2419,14132;69794;11960;3600;44378;44450;37080;26364;44702;5676
evaluation,2420,24616;41068;84324;472;13182;71108;33222;98210;97662;46748
evaluation,2421,3670;33222;66560;69356;6136;56786;94748;4539;472;75176
evaluation,2422,31850;37282;14992;88676;2026;7150;88460;12910;13880;18726
evaluation,2423,80112;7988;96344;20814;77326;9592;98730;33736;59296;22788
evaluation,2424,31850;37602;31950;54538;2774;36172;28594;38928;78928;48610
evaluation,2425,97662;17368;22494;88748;89232;83398;76764;78164;5362;13252
evaluation,2426,13182;4708;71108;78164;56786;41068;94748;41830;472;83904
evaluation,2427,28376;41092;74050;910;20912;36030;56155;33556;31456;73044
evaluation,2428,88846;87902;8042;2316;82700;21320;12166;28190;1424;1236
evaluation,2429,18726;88676;37282;23790;38928;7150;78936;48242;2026;31850
evaluation,2430,64522;47758;24581;14770;88676;910;16114;94242;36348;28376
evaluation,2431,87297;77109;48154;56162;47720;56930;13304;632;37636;27266
evaluation,2432,56930;37636;32750;87297;70214;49120;56786;32554;37356;77109
evaluation,2433,16080;68262;31550;49302;69568;89834;23112;75986;2380;26970
evaluation,2434,300;21484;24690;234;82920;90;43918;94616;21606;78402
evaluation,2435,69794;14132;11960;37080;3600;44378;44450;63534;26364;1247
evaluation,2436,41068;56786;89232;6136;22494;76764;98194;71108;46748;23380
evaluation,2437,16080;12854;31550;68262;49302;57048;54258;56370;4762;94242
evaluation,2438,68590;55806;39314;8524;38887;72334;65581;92788;12952;14512
evaluation,2439,20470;51546;4708;83398;5836;18706;32814;88748;82044;42062
evaluation,2440,97662;22494;88748;76764;5362;78164;17368;31510;89232;18706
evaluation,2441,41302;49120;16010;11308;18786;23890;11758;9438;56948;11828
evaluation,2442,8208;13598;38016;32719;46752;90534;59964;20470;17186;34814
evaluation,2443,1118;9100;1434;49297;19114;7762;2570;9826;1002;13252
evaluation,2444,6136;13182;83904;14266;2280;56564;41068;56786;21886;94748
evaluation,2445,300;234;21484;90;24690;43918;94616;89536;590;78402
evaluation,2446,57048;2774;34454;94560;28178;13712;65160;46516;612;56370
evaluation,2447,29250;29490;424;50186;2054;7004;76944;10894;46460;77100
evaluation,2448,10646;94748;98376;98210;632;89932;10720;39401;13252;39418
evaluation,2449,32120;65370;78402;32384;82920;89894;25102;69801;57390;50990
evaluation,2450,76764;88748;78164;97662;22494;17368;89232;83398;31510;90476
evaluation,2451,31850;37602;31950;54538;36172;37356;62213;28594;78928;38928
evaluation,2452,91580;50070;89480;90410;26780;37636;28900;39286;86654;31790
evaluation,2453,87297;70214;77109;56930;37636;48154;47720;37356;32554;56162
evaluation,2454,88748;63862;71043;22494;8276;97662;17368;46748;51546;78164
evaluation,2455,70214;37636;56930;37356;87297;77109;32554;48154;47720;78702
evaluation,2456,300;21484;234;82920;78402;43918;90;94616;24690;89536
evaluation,2457,69794;14132;11960;5676;44378;44450;3600;37080;30650;1247
evaluation,2458,20814;35402;63880;8008;61945;9592;8838;18238;31264;30864
evaluation,2459,83904;56358;33838;25514;25170;35032;472;38542;98194;91582
evaluation,2460,48140;43010;23338;28178;74192;89472;4440;14114;70974;7366
evaluation,2461,91580;39286;86654;90410;99020;27266;99564;28900;50070;45770
evaluation,2462,39286;30904;91580;99020;99564;52452;22499;86654;26780;27228
evaluation,2463,70214;56930;37636;48154;37356;91580;87297;77109;32554;65393
evaluation,2464,10646;98376;98210;89932;94748;632;39418;13252;75176;10720
evaluation,2465,98210;98376;89932;80638;16708;98194;23702;72334;62738;12686
evaluation,2466,13182;21886;29410;83904;2190;33222;71108;41068;56564;1148
evaluation,2467,6767;78936;6219;16280;89536;29858;75118;94954;8812;18430
evaluation,2468,13182;21886;83904;29152;56564;71108;78164;2190;42062;29410
evaluation,2469,41092;28376;56155;36348;33556;574;74050;43760;58584;90
evaluation,2470,11308;9438;18786;4100;11828;11758;47096;99060;16010;41450
evaluation,2471,68470;94218;33416;26090;52542;61967;96912;87590;6278;21286
evaluation,2472,1118;9100;2570;8190;9826;19114;26412;2290;69432;10444
evaluation,2473,89932;94748;75176;34916;98376;16208;46752;10720;54964;10404
evaluation,2474,87297;77109;56162;56930;28900;48154;27266;78702;39286;764
evaluation,2475,56930;70214;37636;48154;47720;78702;87297;77109;39286;32750
evaluation,2476,37636;56930;87297;70214;49120;32750;32554;48154;37356;50208
evaluation,2477,10646;94748;59964;98376;42062;98210;7426;10720;89932;632
evaluation,2478,1030;3608;24434;3352;29874;3668;37800;25076;7316;69582
evaluation,2479,89894;65370;25102;82920;32384;32120;78402;16116;50990;52600
evaluation,2480,62322;88748;97662;19546;4708;4539;22494;13598;92788;24504
evaluation,2481,10646;94748;98376;10720;32750;50208;25168;91580;13252;7852
evaluation,2482,56460;98853;17632;6134;1060;68262;12952;70630;33016;4440
evaluation,2483,3944;21911;54812;29722;39624;30650;6224;74152;1046;18786
evaluation,2484,68262;75986;3140;2392;946;10122;3294;42320;23112;16080
evaluation,2485,6828;54812;32584;3944;74256;15278;18430;50750;2989;76672
evaluation,2486,5086;86510;9916;7830;46252;99060;58060;27658;68560;30028
evaluation,2487,88748;24616;4708;5362;3670;63862;78164;80230;8276;94214
evaluation,2488,79516;71108;4536;56358;13182;25514;472;56786;46104;78164
evaluation,2489,13182;25514;98194;83904;56358;57868;71020;17368;71108;472
evaluation,2490,25514;56358;89232;98194;71108;41068;91580;4536;56786;26052
evaluation,2491,56786;90712;33222;6136;71108;29152;98194;69356;63084;25514
evaluation,2492,78130;65160;48610;33556;522;13712;71540;25296;23702;10310
evaluation,2493,14992;55806;68590;17106;8524;39314;27662;58424;18762;65160
evaluation,2494,1424;2772;47092;1442;2474;9828;540;3620;82700;12964
evaluation,2495,6136;57868;56786;79516;83904;78164;71108;89232;71020;69356
evaluation,2496,5086;9916;4664;99060;1494;7830;5074;49774;68560;4100
evaluation,2497,1348;2868;3438;7988;52420;22752;54404;22788;22306;75986
evaluation,2498,46752;3668;1788;23214;3020;81338;81768;5464;10850;2996
evaluation,2499,45206;4276;85138;4946;96150;58602;53912;11528;46232;9696
evaluation,2500,86891;120;98080;9274;102;74010;1155;51884;4114;74116
evaluation,2501,56930;37636;70214;48154;87297;78702;32750;21694;39286;37356
evaluation,2502,91580;39286;52452;50070;86654;75118;26780;56930;31790;27228
evaluation,2503,88748;63862;78164;4708;90476;97662;47896;8276;6136;24616
evaluation,2504,13182;21886;29152;56564;83904;41068;78164;2280;41830;63084
evaluation,2505,28376;41092;33556;58584;56155;2474;83956;70642;910;540
evaluation,2506,1146;47926;41010;2536;65646;9762;63336;924;6008;1094
evaluation,2507,26528;16215;21090;80668;8604;59280;98166;13514;55310;6006
evaluation,2508,1146;47926;9762;28032;71646;57756;24616;63336;41010;80286
evaluation,2509,14132;69794;11960;3600;44378;44450;37080;44702;1247;18320
evaluation,2510,4762;33556;78130;48610;522;12314;12998;73070;65160;574
evaluation,2511,68590;72334;8524;39314;55806;38887;92788;89932;65160;78928
evaluation,2512,8190;86891;54016;1394;9118;9948;7852;21712;26412;78822
evaluation,2513,424;76944;29250;30028;27658;77100;2054;11210;23214;10894
evaluation,2514,62322;19546;4539;97662;88748;4708;24504;22494;29410;13598
evaluation,2515,32120;78402;65370;82920;89894;32384;25102;52600;69801;1046
evaluation,2516,90712;41068;6136;69356;56358;71108;46748;472;26052;56786
evaluation,2517,88748;63862;71043;78164;8276;4708;97662;51546;31510;17368
evaluation,2518,3352;1788;79524;50190;1170;11532;37800;79494;31864;3668
evaluation,2519,28930;96238;140;94304;41394;90786;22499;2920;25804;470
evaluation,2520,13182;21886;71108;29152;41068;83904;2190;472;6136;17368
evaluation,2521,2900;1118;66602;6648;9464;65393;47720;24476;6496;8190
evaluation,2522,880;77702;22499;26412;33210;62902;584;25076;56428;1118
evaluation,2523,13182;6136;83904;56786;94748;21886;472;56564;69356;71108
evaluation,2524,43522;27572;72456;16264;1424;1442;45237;2772;51448;90013
evaluation,2525,68590;8524;39314;38887;72334;55806;89932;34916;92788;65160
evaluation,2526,32120;65370;78402;82920;32384;89894;25102;57390;69801;50990
evaluation,2527,17368;50208;632;97662;78164;39418;76764;75176;83398;88748
evaluation,2528,88748;63862;4708;24616;8276;92788;24504;31202;5362;78164
evaluation,2529,5464;71418;30704;98194;89232;56786;29410;4536;79516;91582
evaluation,2530,71108;71418;472;76764;56358;79516;3670;41068;4536;19208
evaluation,2531,46752;3668;23214;1788;3020;81338;81768;5464;10850;50186
evaluation,2532,91580;39286;21694;32750;86654;35032;70131;90410;27266;76944
evaluation,2533,13182;21886;41068;2280;29152;71108;83904;6136;2190;472
evaluation,2534,56786;79516;6136;94748;91582;71020;4539;472;24616;33222
evaluation,2535,47926;95268;21052;98636;3264;59134;18240;27662;63336;48400
evaluation,2536,88676;94242;31456;27386;2994;910;27107;35124;98636;74050
evaluation,2537,1146;80286;47926;24616;57756;37248;9762;71646;57410;28032
evaluation,2538,71495;36888;88014;23112;96912;40062;1940;724;14114;87590
evaluation,2539,69794;14132;11960;5676;1247;32936;3600;44378;30650;44450
evaluation,2540,20014;81768;20662;39854;11704;4536;5362;10276;13182;2996
evaluation,2541,8032;1422;17048;21448;4494;70854;59964;20774;80638;44544
evaluation,2542,46392;7410;5086;68262;20830;87554;3476;3438;54786;12224
evaluation,2543,612;97838;97786;34454;17530;86870;33416;34628;68932;81768
evaluation,2544,25514;46104;79516;83904;472;56358;56786;42062;20014;33222
evaluation,2545,67287;31864;70994;12686;16036;16976;66866;27910;32814;79494
evaluation,2546,6767;88014;10310;41162;96912;36888;89536;78936;81666;54258
evaluation,2547,69794;11960;14132;81382;48216;32020;32936;26364;1247;6224
evaluation,2548,76764;17368;97662;75176;78164;50208;42062;89232;98376;13252
evaluation,2549,59280;55310;78380;59344;924;6224;3536;26364;48216;5676
evaluation,2550,8828;9762;48026;1094;7922;88594;63534;34536;39760;26156
evaluation,2551,3346;98730;46392;5280;2564;28908;96434;57182;33736;10682
evaluation,2552,1083;64626;1084;74158;21090;77368;63404;16493;35124;8604
evaluation,2553,78232;1044;59986;4894;32112;64736;27107;41528;72940;10855
evaluation,2554,98730;72932;87728;14454;5280;74646;63880;5358;72090;77326
evaluation,2555,49986;81145;83412;3020;1766;46752;98210;34916;80638;1422
evaluation,2556,70994;67287;22254;12686;16036;31864;37800;16976;27910;62738
evaluation,2557,69794;14132;11960;5676;37080;26364;78380;3600;44378;1247
evaluation,2558,28376;41092;56155;58584;83956;33556;70642;574;55150;48610
evaluation,2559,18726;4762;96854;16080;93860;37282;68262;57048;94242;2026
evaluation,2560,2078;28178;38887;8676;48140;93030;91242;24581;622;59968
evaluation,2561,88748;97662;46752;4708;31510;62322;1170;56312;31618;55586
evaluation,2562,11220;4594;87388;4514;80588;88660;39854;76728;70854;33222
evaluation,2563,86891;97790;102;18872;21260;27434;45102;94065;76996;15363
evaluation,2564,34814;90534;74256;77080;38016;38248;75834;98102;89548;4594
evaluation,2565,25168;69582;99702;80110;7316;7191;9826;9100;20774;2844
evaluation,2566,70131;21694;79646;32750;60388;93969;2314;84162;90410;98194
evaluation,2567,26412;13886;14012;1118;22499;69432;19264;6346;97228;77702
evaluation,2568,71108;56786;78164;6136;79516;63084;71418;98194;29152;29410
evaluation,2569,63862;71043;78164;39102;46748;88748;17368;22499;48048;90476
evaluation,2570,31850;71934;18726;98636;88676;65370;88460;94034;3264;14992
evaluation,2571,78130;33556;4762;25296;48610;522;71540;71502;574;65160
evaluation,2572,300;78402;90;89536;234;94616;43918;24690;21484;15884
evaluation,2573,41092;28376;74050;540;83956;88676;33556;910;90;69394
evaluation,2574,37282;96854;64354;41328;28178;31234;43658;92670;69662;40620
evaluation,2575,28376;41092;27572;83956;70642;21162;58584;55150;45237;72456
evaluation,2576,1002;6648;9118;4682;1880;12008;4984;4218;43550;2056
evaluation,2577,97790;5234;46000;32936;46252;21260;74116;52750;10698;6354
evaluation,2578,75118;50382;91580;56930;4539;70131;13886;32750;17770;71108
evaluation,2579,32120;89894;57390;78402;65370;82920;32384;69801;25102;80858
evaluation,2580,1146;47926;57756;2536;9762;80286;11142;65646;71646;924
evaluation,2581,26810;19828;96169;16420;2062;93094;86026;50750;90786;30192
evaluation,2582,24690;11210;10316;26124;95082;6618;73044;94616;39356;43918
evaluation,2583,96150;45206;4946;11528;9696;4276;58602;53592;53292;53912
evaluation,2584,89232;97662;4708;88748;17368;63862;94748;39418;83398;5836
evaluation,2585,96150;4276;58602;4946;45206;53592;11528;9696;53912;3975
evaluation,2586,96150;11528;9696;53592;53912;45206;4946;53292;58602;4276
evaluation,2587,23112;26156;1732;46230;45638;47758;64522;16114;26350;18430
evaluation,2588,75176;89932;81145;632;49986;10646;94748;39418;98210;56312
evaluation,2589,2092;51792;10855;63472;41528;64736;75582;1155;14604;90522
evaluation,2590,17368;97662;76764;78164;88748;75176;13252;89232;50208;632
evaluation,2591,6767;88014;28178;96394;89536;33416;18590;6219;36888;23558
evaluation,2592,57596;22476;89024;19372;99234;87388;86577;79807;42762;46392
evaluation,2593,71934;3264;48400;98636;1588;1568;88460;31850;94034;47926
evaluation,2594,3646;27386;27107;29858;18726;724;97108;78130;3264;48140
evaluation,2595,68590;39314;55806;8524;65581;14992;34916;38887;58424;27662
evaluation,2596,39406;10276;39102;61570;6767;24254;72334;89536;86396;80668
evaluation,2597,48690;28032;98166;6894;90013;18240;16264;81382;19767;41010
evaluation,2598,3264;31850;13712;80434;98636;71540;78130;14992;76628;46516
evaluation,2599,1146;16448;2536;11142;47926;41010;65646;71646;80286;37248
evaluation,2600,45102;69794;14132;18872;256;62322;98924;46412;27434;29788
evaluation,2601,41068;26052;91582;98194;33270;56786;39102;6136;8982;25514
evaluation,2602,76764;17368;97662;75176;78164;42062;50208;98376;89232;18706
evaluation,2603,49080;32466;11930;3032;14604;29594;78232;2092;75582;52420
evaluation,2604,76944;94954;72190;26780;17458;28536;14512;48154;32378;50190
evaluation,2605,55450;81268;28456;50439;89480;56112;7426;35832;83194;31790
evaluation,2606,78380;48216;924;48690;1247;55310;3136;6224;35572;19767
evaluation,2607,65160;1382;76628;56028;31850;96854;13712;57048;36030;80434
evaluation,2608,88460;90256;16026;57784;94034;71934;98636;48400;792;12872
evaluation,2609,19828;93094;26810;16420;23338;7630;1402;67048;1396;34814
evaluation,2610,87297;77109;48154;56930;47720;56162;37636;28900;70214;10646
evaluation,2611,21886;8982;13182;76460;83412;23214;18028;6136;8708;26052
evaluation,2612,2092;51792;75582;64736;63472;41528;14604;10855;1155;59986
evaluation,2613,48216;59280;78380;26364;55310;14171;16026;924;4090;28154
evaluation,2614,18726;16080;10122;68262;57048;49302;31550;3140;3438;54258
evaluation,2615,27386;29858;3646;70131;27107;71694;724;43760;20694;31850
evaluation,2616,96854;4762;69662;37282;64354;65160;52750;18726;14992;57048
evaluation,2617,2026;71694;7138;54016;28456;37476;49396;97108;78928;7150
evaluation,2618,68166;70210;30148;18310;29250;40714;14274;21134;97516;85584
evaluation,2619,61945;8006;18238;12224;7830;6078;41696;56582;8502;16728
evaluation,2620,99476;22784;2068;65880;90534;61616;98102;65606;17186;71126
evaluation,2621,74256;8724;79807;12224;42762;26810;8290;19828;80;8006
evaluation,2622,7988;77326;20814;10682;9124;59074;77510;56582;9592;63880
evaluation,2623,48140;3114;7366;73730;28178;89472;74192;12090;34628;12318
evaluation,2624,89220;93094;16850;18805;3438;67048;94218;26682;68698;16830
evaluation,2625,56786;98194;5464;71418;29410;91582;26052;57868;33222;42062
evaluation,2626,1146;2536;47926;11142;16448;41010;65646;71646;80286;57756
evaluation,2627,6767;88014;89536;33416;28178;96394;23558;36888;754;1684
evaluation,2628,63336;21052;41010;42148;18240;6008;47926;40806;90256;40620
evaluation,2629,33556;13958;41092;522;74050;28178;13712;90;93030;20152
evaluation,2630,77368;84162;46412;7150;21320;29674;59667;31456;8042;13718
evaluation,2631,36098;1410;5272;23674;1060;8938;34628;34476;39488;70630
evaluation,2632,54282;20974;1146;75582;1094;14604;49080;9676;65646;10855
evaluation,2633,99060;11308;11828;76728;4100;18786;9438;5074;28946;5814
evaluation,2634,44702;3600;44378;44450;11436;33016;2814;12090;56460;12318
evaluation,2635,59986;58215;64736;49080;27042;90522;75582;98872;20974;63472
evaluation,2636,84340;14060;5642;17902;41302;18590;91970;77228;1440;39398
evaluation,2637,29874;3608;7316;21420;7191;30652;22284;25076;77426;880
evaluation,2638,69794;14132;11960;1247;3600;5676;44450;44378;78380;32936
evaluation,2639,33556;52764;13958;28376;41092;28178;55150;18330;13712;32384
evaluation,2640,89232;57868;78164;2996;88748;8336;5362;83552;11704;96344
evaluation,2641,49056;69794;8506;1094;88846;13212;6824;7138;39624;2706
evaluation,2642,1106;72932;46392;77326;74646;19030;95274;10682;10894;3346
evaluation,2643,55450;81268;56112;18018;7426;5080;31790;89480;35832;28456
evaluation,2644,4536;83904;5362;79516;33270;33838;46104;3670;20662;89252
evaluation,2645,12;88594;37794;87554;75086;29594;64702;2706;92286;26298
evaluation,2646,49080;64736;98872;27042;59986;75582;58215;63472;90522;14604
evaluation,2647,41564;68932;54786;40338;80850;7914;20774;81357;81398;11716
evaluation,2648,59280;48216;55310;26364;78380;924;16026;3110;28154;4090
evaluation,2649,47238;40062;3136;4996;3306;2054;40984;94954;77368;9676
evaluation,2650,28376;41092;52764;83956;58584;910;33556;55150;574;98636
evaluation,2651,88748;74808;4708;47896;63862;97662;31510;29410;8276;8062
evaluation,2652,19828;93094;67048;99796;93312;1398;7630;68994;91970;74256
evaluation,2653,2984;42556;93312;86396;77228;17902;14812;16866;74256;9062
evaluation,2654,49302;31622;46300;23928;16080;9762;1268;4688;93860;49003
evaluation,2655,98210;98194;13182;56312;41068;78164;42062;4708;79516;4536
evaluation,2656,26970;16080;14171;56370;68262;75986;702;57048;2195;54786
evaluation,2657,77100;42618;14550;424;50186;29490;29250;11060;42320;46460
evaluation,2658,49080;64736;58215;98872;59986;90522;27042;75582;14604;63472
evaluation,2659,7988;2195;54786;87336;5428;60042;2868;27412;80112;12224
evaluation,2660,96150;4276;9696;11528;4946;58602;45206;53592;53912;53292
evaluation,2661,72940;59132;12070;896;57566;69708;12;64522;4116;87755
evaluation,2662,20302;18640;86026;3828;5642;19372;2318;82328;38632;24220
evaluation,2663,91580;39286;75118;50070;86654;26780;52452;56930;7575;14512
evaluation,2664,56930;37636;32554;32750;70214;87297;47720;37356;50208;48154
evaluation,2665,83398;78164;18706;97662;71108;98194;84324;76764;98210;5836
evaluation,2666,66560;3670;69356;41068;94214;57410;472;5362;76764;31202
evaluation,2667,81145;49986;7284;2398;78164;79516;13886;34916;81268;3020
evaluation,2668,300;234;21484;90;89536;94616;78402;21606;43918;24690
evaluation,2669,2774;57048;54258;46516;56370;94560;65160;78130;13712;1382
evaluation,2670,552;58732;9696;63768;87336;5428;27176;19776;88788;12224
evaluation,2671,11210;39356;73044;24690;43918;10316;50512;94616;95082;90
evaluation,2672,9074;13718;34628;74050;910;522;23674;73044;74192;39488
evaluation,2673,93312;74256;96238;61190;92670;80866;71126;75404;57876;34814
evaluation,2674,1155;96464;6216;86891;27434;16448;6850;1094;9948;9376
evaluation,2675,76644;48026;4952;73268;887;77306;26350;2668;798;76672
evaluation,2676,99020;86654;26818;89480;31790;20662;48664;90410;26412;56428
evaluation,2677,41068;6136;56786;71108;89232;46748;22494;90476;98194;97662
evaluation,2678,88748;4708;63862;31202;24616;78164;94214;3670;27386;6136
evaluation,2679,48216;26364;3110;11828;57566;59132;30650;75986;45102;14171
evaluation,2680,13958;13712;11828;78130;41092;20152;18680;26364;33556;12716
evaluation,2681,1094;9762;81382;3136;24478;21090;69794;22816;4494;49302
evaluation,2682,27412;77306;68056;22476;5428;73058;442;798;1106;52158
evaluation,2683,83904;33838;98194;84418;33222;41068;46104;20470;22893;23702
evaluation,2684,57048;2774;94560;56370;54258;96854;46516;56028;1382;65160
evaluation,2685,73124;19260;10174;97838;61967;91242;64658;69510;46460;26090
evaluation,2686,85138;69394;55362;14812;92374;58602;44954;30359;89536;45206
evaluation,2687,2280;472;71108;91582;33222;13182;29410;41068;4708;24616
evaluation,2688,81145;49986;1422;10646;2398;6354;80638;2594;3020;72334
evaluation,2689,93312;96169;93448;16420;26810;97516;74256;23924;92286;9948
evaluation,2690,50268;442;96150;48752;41378;7391;31264;1826;45206;31627
evaluation,2691,25168;9826;39418;9100;69582;21420;62902;25514;34464;32129
evaluation,2692,1118;11108;2570;3754;9100;9826;10444;26412;9118;77702
evaluation,2693,75118;70131;27228;99020;14014;99564;50070;79358;30904;35032
evaluation,2694,17770;4416;17502;26514;7762;69432;9826;21636;6614;19114
evaluation,2695,33222;3670;69356;6136;66560;56786;98194;4536;84418;57868
evaluation,2696,71043;3670;80230;88748;79516;24616;78164;472;76764;33222
evaluation,2697,33222;33838;83904;98194;84418;13182;25514;7575;71108;33270
evaluation,2698,48216;26364;1247;78380;924;30650;69794;32020;19767;6224
evaluation,2699,81050;37080;89798;93969;4688;90013;59134;28456;38928;55450
evaluation,2700,98102;2068;90534;2967;75834;34814;99476;77080;3662;17186
evaluation,2701,41528;64736;1396;1402;2062;78232;10855;90522;96169;30070
evaluation,2702,6136;69356;33222;56786;24616;66560;3670;41068;98194;71108
evaluation,2703,13182;21886;83904;56564;6136;14266;29152;33270;2280;2190
evaluation,2704,81050;37080;89798;93969;4688;55450;90013;25102;28456;36545
evaluation,2705,4762;52750;81382;96854;12854;65160;41328;28676;69662;92418
evaluation,2706,34244;97108;71694;28190;92321;13582;32384;52600;16116;7138
evaluation,2707,49358;39624;21712;26858;77579;14580;10688;754;88846;7150
evaluation,2708,46412;51448;35572;71646;45237;19767;32020;72456;27572;93546
evaluation,2709,14132;69794;11960;3600;44450;44378;37080;256;5676;1247
evaluation,2710,4996;47238;40984;40062;3136;94954;3306;77368;3042;2054
evaluation,2711,56460;44702;2814;22844;944;3612;6134;33016;11772;2035
evaluation,2712,472;2280;71108;91582;17368;79516;13182;78164;89232;3670
evaluation,2713,94748;49986;98376;39418;1766;7426;632;75176;89932;98210
evaluation,2714,94748;42062;4539;59964;39418;5836;56564;10720;63084;632
evaluation,2715,53906;10646;75176;89932;13252;632;2314;10720;98376;34916
evaluation,2716,115;532;31242;19714;19562;45178;3944;29582;588;10596
evaluation,2717,15750;5738;95414;31368;37624;6616;1112;36862;75834;34814
evaluation,2718,46752;3668;1422;79358;23214;2398;10276;2996;3020;81145
evaluation,2719,83904;472;25514;56358;33838;98194;33222;91582;42062;79516
evaluation,2720,90013;48690;89798;23790;28032;3536;18364;93546;51568;96103
evaluation,2721,19828;93094;26810;91970;67048;16381;7630;68994;64702;22650
evaluation,2722,5358;87728;1106;98730;72932;1900;3006;77326;5280;63880
evaluation,2723,2092;51792;1155;63472;75582;64736;10855;14604;59986;41528
evaluation,2724,63862;78164;88748;48048;89232;42062;71043;90476;50208;17368
evaluation,2725,17368;97662;22494;97673;88748;89232;78164;62322;50208;18706
evaluation,2726,94034;6712;26104;622;5676;37282;4688;73026;93936;24581
evaluation,2727,52248;8828;92374;88594;45412;2248;41394;11930;3352;8914
evaluation,2728,9590;74256;52030;57102;96238;214;9486;90534;71126;15884
evaluation,2729,6828;6224;54812;21911;32584;12716;93312;29722;88670;3944
evaluation,2730,612;86870;34476;39488;23338;33016;75986;13242;34628;34454
evaluation,2731,62902;21420;14266;880;34393;1962;10720;9826;34464;7316
evaluation,2732,17368;97662;22494;89232;97673;78164;6150;50208;88748;18706
evaluation,2733,48216;26364;1247;5676;78380;6224;14171;924;3110;11828
evaluation,2734,98636;71934;97108;22568;48400;7898;3264;94034;88676;89894
evaluation,2735,90712;1148;2190;13182;56358;74152;472;98210;20014;26052
evaluation,2736,13182;2280;78164;83904;41068;20014;21886;71108;66560;14266
evaluation,2737,702;52420;19990;3438;95318;2868;14550;3140;26970;10122
evaluation,2738,19828;26810;93094;22650;9104;9486;16420;9590;54404;3438
evaluation,2739,23338;69708;9074;78232;612;30826;57052;4894;73044;3114
evaluation,2740,69708;31456;5752;612;22749;9730;48538;14770;3114;910
evaluation,2741,52030;84340;14132;24524;92670;1215;5952;68262;15884;81050
evaluation,2742,3646;29858;27386;94242;27107;724;43760;93030;36030;25102
evaluation,2743,55450;18018;81268;7426;2008;56112;56028;66106;56106;52452
evaluation,2744,71043;78164;79516;98194;91582;29122;71108;56786;33222;7575
evaluation,2745,70214;27228;26780;70131;11874;38920;43010;49120;27107;28534
evaluation,2746,27107;29858;27386;32112;3646;2654;80744;80858;724;66606
evaluation,2747,21356;86396;41162;6767;96912;78936;18590;34536;89536;94954
evaluation,2748,81050;37080;89798;90013;93969;4688;59134;50990;38928;55450
evaluation,2749,66106;89480;18018;81268;13868;55450;50439;52452;80898;56112
evaluation,2750,4592;12070;4440;14836;89472;732;54556;13242;54404;16420
evaluation,2751,96150;58602;53592;4276;4946;11528;45206;9696;85138;3975
evaluation,2752,41092;28376;540;33556;2538;74050;17608;2474;2772;35124
evaluation,2753,56370;38422;57048;54258;50916;7150;16493;46516;21712;71694
evaluation,2754,91970;26810;19828;50268;18805;2868;68994;39488;94954;7630
evaluation,2755,95318;2248;31216;61420;14550;93854;40971;35256;96702;1428
evaluation,2756,55450;81268;4416;28456;5080;39401;83194;56112;18018;34536
evaluation,2757,13182;98194;20662;89232;33222;472;56786;56358;75176;83904
evaluation,2758,48216;78380;35572;51448;32020;19767;69794;48690;6244;26364
evaluation,2759,4116;97516;86548;87540;31816;87336;45174;8290;1968;80112
evaluation,2760,96238;34814;74256;93312;77228;90786;12910;7734;38398;18786
evaluation,2761,8290;1826;8032;8828;75848;12998;1398;91970;41394;1362
evaluation,2762,26810;19828;34814;74256;93312;96169;91970;88660;74192;22650
evaluation,2763,95318;40971;2248;31216;42556;28916;96702;51394;60172;35256
evaluation,2764,76996;21260;43550;98080;50166;46252;102;77252;78728;5234
evaluation,2765,3548;87800;2038;44954;20952;12535;45478;86686;85676;45026
evaluation,2766,70131;69801;81666;48538;31202;32466;1422;31864;764;29122
evaluation,2767,81145;49986;80638;83412;17048;1766;46752;2594;2398;59964
evaluation,2768,13182;21886;34393;71108;78164;41068;83904;98194;1148;57876
evaluation,2769,96344;7988;80112;22788;20814;8838;98730;71404;3194;12224
evaluation,2770,96246;3468;87554;406;85138;4946;9182;91884;216;12008
evaluation,2771,39356;85138;73044;24690;1644;6956;10316;49358;77328;43918
evaluation,2772,3670;57410;66560;69356;33222;26052;81338;80286;472;24616
evaluation,2773,71126;88660;4536;71108;66560;66866;31152;67287;6136;57410
evaluation,2774,3670;66560;69356;33222;25170;81768;4536;20014;57410;81338
evaluation,2775,75176;89932;66866;94748;632;10646;31864;5836;42062;7426
evaluation,2776,71108;98194;56786;79516;13182;78164;18706;6178;46104;472
evaluation,2777,33838;83904;13182;5362;71020;33222;4536;57410;98194;25514
evaluation,2778,13182;2280;14266;83904;21886;6136;41068;71108;20014;69356
evaluation,2779,41068;24616;84324;17368;97662;13182;71108;472;76764;22494
evaluation,2780,24616;39102;57410;71108;41068;29410;79516;69356;56786;472
evaluation,2781,91582;41068;56786;98194;17368;57868;33222;8982;6136;69356
evaluation,2782,45964;31790;33222;66560;19208;20662;2314;50190;83194;98194
evaluation,2783,69356;3670;33222;66560;472;56786;6136;71108;4536;98194
evaluation,2784,20014;57410;4536;66560;26052;25170;20662;46104;10276;69356
evaluation,2785,56786;6136;98194;71108;23380;89232;41068;76764;46748;69356
evaluation,2786,89932;75176;94748;4539;39418;10720;34393;13252;41830;16708
evaluation,2787,97662;22494;88748;83398;24616;89232;76764;5362;17368;90476
evaluation,2788,94214;97662;78164;76764;7426;41068;94285;20470;83904;51546
evaluation,2789,88748;63862;4708;83904;47896;71108;29152;78164;51546;13182
evaluation,2790,8451;12698;8288;4494;2444;9951;6836;14350;12110;81145
evaluation,2791,31510;88748;5362;22893;50208;83904;90108;83398;19546;57410
evaluation,2792,71108;47440;63084;52764;62738;7575;30904;29152;35884;66866
evaluation,2793,48216;26364;5676;78380;6224;55310;32936;30650;59280;3536
evaluation,2794,71934;48400;14580;4166;98636;47926;7898;63336;40806;792
evaluation,2795,96238;8724;19828;26810;90786;91970;89472;77228;34814;74256
evaluation,2796,99796;93312;60;67048;34814;8044;96169;19828;91970;12290
evaluation,2797,2092;7336;63472;72828;98872;59986;49080;64736;75582;58215
evaluation,2798,31550;10122;49302;68262;48140;3438;96246;75986;16080;26970
evaluation,2799,99796;8044;67048;3154;34814;91970;12211;90534;392;1787
evaluation,2800,54282;20974;75582;11142;1094;64736;41498;14604;65646;49080
evaluation,2801,21420;9826;7316;62902;25168;7191;3608;36280;69582;880
evaluation,2802,55450;56112;31790;81268;18018;4539;7426;5080;75086;89480
evaluation,2803,6496;9464;6132;19114;23594;1118;2900;2570;6886;77702
evaluation,2804,32750;91580;56930;39286;90410;50070;56312;56786;70214;48154
evaluation,2805,79516;13182;4536;33270;472;46748;30704;78164;89252;71020
evaluation,2806,41092;28376;55150;910;52764;540;72456;21320;522;37602
evaluation,2807,5100;22128;31042;376;90974;94616;9676;30090;63880;16114
evaluation,2808,68698;56155;89042;392;22784;33540;45206;18430;2068;38326
evaluation,2809,13242;75986;4592;4440;12318;12090;23338;35378;89472;14836
evaluation,2810,27626;59296;20814;7988;33736;5508;63880;71404;10682;73644
evaluation,2811,28930;754;44544;96238;30874;65998;2020;2920;54964;48242
evaluation,2812,4894;78232;12224;61540;30070;22823;60400;2062;37794;41528
evaluation,2813,31216;95318;14550;51394;17014;946;26356;30028;392;40440
evaluation,2814,96150;4946;58602;9696;53592;11528;3975;45206;55362;4276
evaluation,2815,62124;20120;29270;282;78728;77252;46252;76996;50166;90438
evaluation,2816,87800;3548;2038;12535;44954;45026;95606;26392;57596;49076
evaluation,2817,77510;31264;80112;95758;87388;20814;10894;49326;7988;10682
evaluation,2818,98102;47098;89548;47012;2068;61616;4116;90534;87336;75834
evaluation,2819,56168;256;75920;15363;74010;10506;17902;75128;97790;65036
evaluation,2820,17956;4494;2068;18786;16264;6824;26104;77228;11308;81382
evaluation,2821,56140;38920;21694;11874;79358;28352;28534;14512;79646;27228
evaluation,2822,5080;94954;72190;76944;50190;26780;52452;14512;75118;90712
evaluation,2823,17770;6614;282;17502;5900;69432;9826;7762;20360;26514
evaluation,2824,21886;13182;29152;83904;56564;78164;2190;47896;6136;4708
evaluation,2825,9332;88748;97662;17368;22494;3262;90476;78164;13252;83398
evaluation,2826,13868;3918;9464;11598;25168;582;7852;11108;67412;8190
evaluation,2827,59964;94748;62322;13252;632;42062;39418;9332;98210;62738
evaluation,2828,89894;32120;82920;65370;78402;25102;32384;69801;33556;33354
evaluation,2829,43918;30148;54786;38248;9890;95082;21958;24690;64522;63880
evaluation,2830,14836;12090;93094;12318;45412;89472;32508;802;66264;12
evaluation,2831,40971;95318;61420;31216;2248;52234;24216;35256;3140;96702
evaluation,2832,41060;12486;85654;61967;8760;10316;11210;29250;39356;3894
evaluation,2833,70214;56140;37636;91580;56930;28900;38920;39286;49120;48154
evaluation,2834,33736;20814;73644;7988;27626;22752;59296;55432;80112;71404
evaluation,2835,4894;34476;78232;75086;1396;2062;12224;61540;1402;30070
evaluation,2836,732;27042;41498;51148;90522;35962;2492;20974;858;2814
evaluation,2837,1146;54282;49302;47926;9762;65646;87554;48400;63336;57756
evaluation,2838,84162;3136;6824;48690;93860;32936;48866;56766;59667;46412
evaluation,2839,91110;92758;63880;376;30186;332;798;552;19510;64522
evaluation,2840,91988;86956;87336;420;5428;86577;2028;88788;7630;6616
evaluation,2841,68262;13504;16080;35378;26970;49302;75986;54258;9676;30088
evaluation,2842,21420;25168;3132;7191;75834;9826;7316;33210;6150;2398
evaluation,2843,33210;99020;80866;99564;91580;71418;13868;12110;50070;75118
evaluation,2844,83904;56564;6136;21886;29152;13182;14266;63084;41068;42062
evaluation,2845,83904;33222;33838;6136;66560;89232;42062;23344;22254;56786
evaluation,2846,98636;16493;76628;27662;16616;3264;71934;94034;35124;21052
evaluation,2847,98166;26528;98476;90013;6894;21090;89798;95268;1400;8506
evaluation,2848,68224;93086;30826;32508;22940;75086;8914;74540;844;78232
evaluation,2849,17326;45174;32719;41602;54786;3140;49788;87728;9890;40714
evaluation,2850,35378;75986;23338;12090;15200;68262;4592;12318;14836;9388
evaluation,2851,36030;47758;910;1260;88676;26514;13338;3114;31456;39760
evaluation,2852,41302;11308;23890;18786;16010;11758;11828;49120;73290;55806
evaluation,2853,13182;8451;20662;1148;78164;71418;4536;1736;83552;12110
evaluation,2854,55450;81268;5080;56112;34536;18018;31790;28456;83194;7426
evaluation,2855,34454;96944;53190;53398;53208;68932;3166;44442;6778;13466
evaluation,2856,89932;10646;75176;94748;98376;31510;41830;632;98210;13252
evaluation,2857,30070;22862;19828;13242;4440;26810;23338;74256;50750;16420
evaluation,2858,34454;96944;53190;53398;53208;68932;3166;44442;6778;13466
evaluation,2859,21420;62902;9826;880;7316;9100;25168;7191;3608;29338
evaluation,2860,3828;22306;34814;38248;9890;34940;17326;38632;77080;36862
evaluation,2861,41450;98080;43157;9916;2267;1494;74260;5086;35256;946
evaluation,2862,4946;11528;58602;96150;9696;53912;53592;4276;45206;3975
evaluation,2863,8812;2398;9464;16208;6496;17502;1118;10444;66602;26412
evaluation,2864,87297;77109;56930;47720;13994;21694;48154;56162;26198;13304
evaluation,2865,25514;6136;83904;79516;71108;41068;33222;56786;98194;78164
evaluation,2866,13182;2280;6136;21886;14266;78164;41068;71108;83904;47896
evaluation,2867,79516;56358;71108;71418;57102;78164;13182;14266;25514;26052
evaluation,2868,48216;78380;924;55310;48690;59280;1247;3136;93546;6224
evaluation,2869,1146;47926;2536;48400;54282;41010;59344;1094;13504;104
evaluation,2870,20830;5086;37624;1388;51154;26970;26528;30088;47018;6828
evaluation,2871,19510;3548;81038;57596;63880;2038;91864;332;3006;22912
evaluation,2872,20302;19372;5642;4946;86026;58602;3975;2967;3828;18640
evaluation,2873,56428;3754;26412;1118;45770;2570;22499;11108;470;11704
evaluation,2874,29402;27076;14012;6886;48392;26412;6150;13886;880;22499
evaluation,2875,13182;56786;6136;98194;30704;65281;57410;84418;33222;69356
evaluation,2876,13886;14012;26412;1118;77702;3450;48392;22499;1002;97228
evaluation,2877,71108;56358;98210;78164;14266;41068;13182;79516;6136;98194
evaluation,2878,94242;69801;16080;10290;38928;37080;54258;18726;96246;37476
evaluation,2879,86956;87336;88788;47098;91988;17824;1430;61746;5428;95606
evaluation,2880,390;53472;1430;12211;22306;51884;20302;9890;15924;12864
evaluation,2881,52750;32754;7150;71694;29021;2026;7138;16026;92321;6314
evaluation,2882,342;8006;41696;16728;7830;18238;51884;56582;61945;80112
evaluation,2883,91110;63880;92758;798;19510;376;14454;16381;552;9676
evaluation,2884,22128;43600;54282;49302;99838;33149;22132;92286;11142;88130
evaluation,2885,59296;33736;73644;82523;27626;71404;82994;20814;73418;80112
evaluation,2886,41450;75834;41378;41564;43157;82994;71404;7830;82523;2267
evaluation,2887,96150;53592;11528;53292;4946;9696;45206;53912;46232;58602
evaluation,2888,32719;40714;14162;17326;85584;81572;49788;79560;68166;21170
evaluation,2889,2318;22306;86026;28452;41078;20302;3828;48752;3600;406
evaluation,2890,26412;584;56428;77702;52452;89480;22499;40956;25076;7316
evaluation,2891,33222;3670;66560;46104;69356;4536;6136;74152;98194;57410
evaluation,2892,56370;46516;2774;57048;59526;54258;82920;94560;74260;34454
evaluation,2893,96246;29490;96103;20320;57756;28536;34244;22306;26970;8828
evaluation,2894,19828;93094;26810;93312;68994;67048;3864;8386;74192;91970
evaluation,2895,29154;3612;2035;44702;44378;11436;49202;49252;2492;3600
evaluation,2896,29716;72828;2492;4426;11772;6134;2540;98853;7336;2035
evaluation,2897,62124;29270;282;20120;90438;46252;50166;46000;76996;11828
evaluation,2898,259;88130;61190;65998;43600;54282;48048;9376;10408;99838
evaluation,2899,79646;35032;21694;5202;50439;78702;36258;77109;98937;33838
evaluation,2900,79516;71108;4536;56358;84418;33222;56786;84324;71418;25514
evaluation,2901,26412;13886;62902;6346;23430;19146;19264;27076;22499;51638
evaluation,2902,16080;65160;38928;18726;68262;57048;94242;35378;54258;25102
evaluation,2903,1146;47926;2536;57756;24616;80286;11142;28032;9762;57962
evaluation,2904,98636;71934;97108;48400;71694;88676;22568;7898;14580;20694
evaluation,2905,1268;56766;81382;6824;72456;28032;71646;724;1240;41328
evaluation,2906,76348;44738;40971;45412;33106;11930;74434;14934;1428;92374
evaluation,2907,483;480;37636;45770;56450;24476;78702;56930;77426;32554
evaluation,2908,21420;36280;7191;57876;880;34464;23380;584;22284;7316
evaluation,2909,55310;48216;59280;78380;924;5676;26364;26528;6224;54282
evaluation,2910,16616;34454;27662;67336;76628;44442;31850;3264;13712;50070
evaluation,2911,16080;96854;57048;65160;54258;52750;56370;68262;92418;4762
evaluation,2912,26810;19828;34814;93094;8724;91970;93312;74256;86026;96169
evaluation,2913,2035;2492;49202;29154;3612;732;52286;41498;44702;2814
evaluation,2914,23112;68262;2380;57048;33416;56460;2054;16080;7366;75986
evaluation,2915,28930;90786;792;94304;2920;9376;9602;22499;19562;96238
evaluation,2916,96150;11528;9696;53592;4946;45206;3975;53292;4276;58602
evaluation,2917,63880;340;69619;376;77510;7988;16114;3434;398;10682
evaluation,2918,18640;1826;50268;48752;19372;31264;53292;87388;58776;55362
evaluation,2919,56370;94560;57048;46516;54258;38422;2774;17864;93030;93768
evaluation,2920,68590;55806;14992;39314;38887;8524;67412;65581;27662;18762
evaluation,2921,96150;9696;58602;4946;11528;3975;45206;23928;53592;55362
evaluation,2922,35402;51154;2195;63880;60042;76672;887;76644;73268;4044
evaluation,2923,64354;63404;8604;86594;20666;69662;18762;64626;14992;17956
evaluation,2924,2876;76944;14512;5948;1308;8398;2920;73242;58424;6614
evaluation,2925,24690;2998;97790;10506;21260;654;52600;36604;102;9392
evaluation,2926,1146;47926;24616;28032;2536;11142;57756;41010;63336;80286
evaluation,2927,1268;56766;81382;6824;72456;22816;27572;28032;71646;92418
evaluation,2928,55450;81268;4416;18018;28456;39401;1574;5080;42062;41830
evaluation,2929,35402;51154;2195;63880;60042;76672;76644;887;48026;73268
evaluation,2930,62124;20120;29270;282;90438;78728;77252;76996;50166;5234
evaluation,2931,79646;79358;30904;70131;17368;35032;50070;90410;62266;21694
evaluation,2932,3032;78858;67336;50070;14114;65160;1382;10850;3264;14992
evaluation,2933,6178;14266;2280;33222;6136;13182;56564;71108;56786;42062
evaluation,2934,3670;69356;91582;79516;66560;6136;33222;24616;46748;56786
evaluation,2935,71540;78130;70642;13712;33556;87297;97662;29021;73070;53237
evaluation,2936,14132;69794;11960;44450;3600;44378;5676;37080;26364;44702
evaluation,2937,1155;1146;11142;6850;27434;65646;31368;2536;6216;358
evaluation,2938,26350;5428;88788;87336;420;64522;91988;5466;18430;39760
evaluation,2939,45638;24048;44166;26350;1826;5196;59414;89220;77510;82328
evaluation,2940,98080;120;102;63498;46252;76996;41450;5234;21260;86510
evaluation,2941,300;234;21484;43918;24690;21606;6767;23082;82920;590
evaluation,2942,72940;59132;57566;12;896;69562;1155;64736;52526;32466
evaluation,2943,18640;1826;19372;55362;4946;7290;4276;5642;87366;58602
evaluation,2944,46230;26156;45638;64522;1732;26350;59414;48026;77306;23112
evaluation,2945,18726;65581;31850;97786;50186;3166;96912;69662;11758;3894
evaluation,2946,68262;56112;75086;34476;87554;55450;39488;12952;70630;612
evaluation,2947,77080;38016;34814;34940;22306;3828;14722;51884;32719;38248
evaluation,2948,3438;33736;22306;406;14550;3600;19372;30028;4588;61420
evaluation,2949,38536;91884;85676;3548;87800;44954;2038;332;49076;95606
evaluation,2950,50070;32750;91580;70131;99564;86654;27266;28900;99020;21694
evaluation,2951,68590;67412;55806;14992;18762;58424;38887;8524;27662;39314
evaluation,2952,64354;86594;63404;48866;8604;14992;4762;36030;69662;78130
evaluation,2953,21547;9590;9104;1060;1402;1396;9486;78822;49494;38354
evaluation,2954,40971;51956;64484;5096;69798;43844;45228;3032;51394;8044
evaluation,2955,2092;732;90522;10855;75582;72828;7336;64736;20974;2492
evaluation,2956,93854;44024;8386;45174;3140;49494;93094;46797;16420;23612
evaluation,2957,11528;9696;4276;4946;53592;96150;53292;53912;3975;45206
evaluation,2958,13182;90712;1148;30704;2190;472;46748;26052;98210;20662
evaluation,2959,4946;53912;11528;9696;45206;53292;4276;58602;96150;53592
evaluation,2960,73044;78130;612;10310;78232;57052;23338;17868;27107;14114
evaluation,2961,19828;93094;16420;26810;67048;23338;93312;68994;38248;3864
evaluation,2962,40971;64484;28916;44738;11930;43844;5096;69798;68994;59526
evaluation,2963,86026;22306;22078;19372;20302;41078;5642;2318;55362;48752
evaluation,2964,332;91110;92758;63880;3346;2668;376;57164;340;44784
evaluation,2965,71108;472;79516;2280;33222;17368;78164;57868;56786;13182
evaluation,2966,56786;71108;98194;83904;33222;41068;94748;29152;42062;6136
evaluation,2967,33556;41092;68078;45178;69394;70642;13712;13958;522;574
evaluation,2968,3828;22306;5760;70210;68166;38248;54418;76816;51884;18640
evaluation,2969,496;1330;13514;2994;7150;32754;80668;92354;54194;26528
evaluation,2970,81572;17326;85584;14162;32719;21170;14274;10636;21134;85539
evaluation,2971,12910;86870;1260;13582;97838;36030;23674;69662;16280;9378
evaluation,2972,10174;47278;73026;48244;59526;3827;21888;24650;8676;59667
evaluation,2973,21170;81572;21134;85584;16558;19846;79560;17326;85539;77080
evaluation,2974,16420;87366;60;702;80952;19990;76602;72940;12290;48664
evaluation,2975,19828;93094;26810;23338;68994;9590;20406;89472;86026;50750
evaluation,2976,69708;910;23112;94242;22749;1260;7804;73044;5752;612
evaluation,2977,47018;85584;82906;98102;90;21134;47098;1388;18800;46196
evaluation,2978,90534;10754;19372;73720;3975;3002;392;61616;85138;17186
evaluation,2979,6314;48690;17956;32112;3678;1330;3536;78590;6824;27107
evaluation,2980,4946;11528;9696;53912;45206;53592;53292;4276;55362;96150
evaluation,2981,62124;29270;282;20120;90438;21636;20360;6396;78728;17770
evaluation,2982,81268;55450;56112;18018;4416;31790;39401;5080;3608;4539
evaluation,2983,58215;64736;14604;26298;49080;3990;59986;63472;98872;37794
evaluation,2984,96246;26970;57756;96103;25442;50602;20320;22306;4264;28536
evaluation,2985,77100;424;50186;14550;80850;11210;9592;30186;42618;42320
evaluation,2986,86026;20302;2318;22306;41078;3975;5642;28452;36862;9916
evaluation,2987,21170;16558;10636;15356;14162;21134;79560;81572;14274;40714
evaluation,2988,88788;28510;420;1106;23124;1826;33736;91988;86956;22476
evaluation,2989,19510;41528;63880;91110;64522;20650;3444;552;92758;332
evaluation,2990,72190;94954;47238;64834;26780;76944;74152;21888;49120;2054
evaluation,2991,51448;71646;21162;27572;47092;45237;72456;84162;93546;35572
evaluation,2992,7410;6006;80668;13514;92321;7150;14512;92354;27818;20694
evaluation,2993,87554;32466;74158;36545;3032;844;1260;8406;97962;1044
evaluation,2994,30579;96344;5506;20814;80112;60;10682;7988;12224;9124
evaluation,2995,91580;50070;39286;98194;21356;99020;52452;26312;86654;80866
evaluation,2996,74256;93312;470;19828;52030;30455;20406;26810;13212;45446
evaluation,2997,41450;4664;5086;2267;42618;71404;96444;58060;96414;69568
evaluation,2998,51448;32020;35572;93546;19767;84162;35812;16264;71646;45237
evaluation,2999,32120;32384;50990;65370;25102;89894;69801;78402;62756;82920
evaluation,3000,6006;80668;13514;71694;7150;7410;54194;496;92321;20694
evaluation,3001,72190;94954;26780;76944;14512;75118;1148;79358;47238;64834
evaluation,3002,68262;17632;56460;73730;61540;39488;34454;13466;612;70630
evaluation,3003,34628;39488;0;49202;23338;11396;9074;23674;22844;2868
evaluation,3004,20302;2318;41078;4946;22306;86026;28452;36862;50280;9916
evaluation,3005,68698;48026;42762;88788;5428;887;4952;1106;87336;49162
evaluation,3006,65998;31042;54282;89834;27434;115;88130;12070;87755;84340
evaluation,3007,55450;52452;81268;5080;5202;89480;75086;18018;28456;50439
evaluation,3008,56930;37636;70214;48154;87297;37356;62322;47720;38334;77109
evaluation,3009,1146;65646;37248;2536;57756;1940;9762;58060;98924;10142
evaluation,3010,16080;68262;65160;94242;57048;18726;38928;54258;4762;35378
evaluation,3011,56460;98853;6134;17632;22844;5272;1060;44702;70630;4440
evaluation,3012,11772;76348;71718;12090;2814;3612;49252;6134;44702;2540
evaluation,3013,44544;87540;19914;29250;23338;44442;9890;10754;1968;22476
evaluation,3014,7336;72828;29716;858;2540;32508;2814;2492;49202;49252
evaluation,3015,21911;22862;31618;18746;23218;30455;13416;93448;12698;27258
evaluation,3016,9696;11528;4276;53292;96150;4946;53592;46232;45206;50512
evaluation,3017,22078;19372;18640;2318;20302;20766;86026;55362;22306;9552
evaluation,3018,85584;14162;40714;32719;14274;21134;17326;41602;54786;79560
evaluation,3019,81268;55450;52452;18018;56112;83194;28900;584;7426;66106
evaluation,3020,37636;56930;70214;48154;78702;32554;38334;37356;87297;32750
evaluation,3021,81268;55450;56112;39401;50439;880;19264;4416;19146;18018
evaluation,3022,56428;22499;91580;51230;26412;12110;10586;89480;80898;13868
evaluation,3023,55310;924;9948;59280;54282;78380;86891;6216;8712;26364
evaluation,3024,80668;6006;7410;13514;92321;7150;496;27818;2706;54194
evaluation,3025,4664;12952;43392;66836;39488;68262;18768;7366;50750;70630
evaluation,3026,12224;96344;30864;56582;87388;80112;20814;33736;16728;98730
evaluation,3027,20014;26052;84418;22893;2280;6178;44442;33222;66866;66560
evaluation,3028,51230;10586;1030;89480;93232;12110;54964;91580;13868;56428
evaluation,3029,13886;56112;4908;19264;1118;19146;483;20232;26412;1002
evaluation,3030,57048;94560;2774;97838;56370;54258;34454;33416;7366;97786
evaluation,3031,30904;27228;80866;86654;99020;14512;16836;99564;70131;28352
evaluation,3032,7336;2092;49080;98872;63472;72828;64736;59986;75582;10855
evaluation,3033,59296;20814;33736;27626;22752;80572;19030;71404;36592;82523
evaluation,3034,28930;6794;80914;6366;292;54524;63534;792;7696;1308
evaluation,3035,14836;89472;15200;13242;12318;12090;23338;4592;35378;9388
evaluation,3036,22306;3828;54786;77080;34814;38248;9890;34940;36862;38632
evaluation,3037,22306;34814;9890;19372;3828;2318;3438;86026;71904;41078
evaluation,3038,36862;398;22306;3662;77080;3828;68166;85584;48752;37055
evaluation,3039,3548;87800;2038;44954;45478;95606;85676;45026;9696;19510
evaluation,3040,20302;86026;2318;22306;41078;3975;5642;28452;19372;4588
evaluation,3041,26514;17770;4416;69432;99036;20232;92192;9826;6614;65282
evaluation,3042,25076;880;584;33210;22499;27850;6150;29874;483;77426
evaluation,3043,13886;3132;19264;19146;99036;49297;97228;38952;85706;582
evaluation,3044,72190;94954;76944;47238;26780;64834;17458;1148;2054;32378
evaluation,3045,88846;87902;83956;80668;82700;48198;78590;21320;8506;21090
evaluation,3046,85676;44954;87800;20952;84748;14812;874;88788;95606;45026
evaluation,3047,78164;90476;88748;71043;22494;63862;4708;94214;97662;31510
evaluation,3048,13182;83904;21886;29410;2190;29152;27138;4708;71108;16866
evaluation,3049,14992;13880;17608;1084;1083;54482;8648;82060;35124;8604
evaluation,3050,7336;72828;32508;34628;49252;22940;3600;29716;44702;2814
evaluation,3051,84340;9948;68262;19714;52030;896;11960;12070;59132;49302
evaluation,3052,31456;19046;24476;1080;51916;96854;41450;63498;85412;52750
evaluation,3053,77510;31264;18238;3662;58776;7391;11916;12402;41378;10682
evaluation,3054,3434;35040;4952;887;73268;2668;38536;76644;89024;76672
evaluation,3055,89220;44598;5096;36862;44738;82906;42320;424;37624;14454
evaluation,3056,20830;358;21712;57986;97516;22788;3444;14454;12854;91040
evaluation,3057,23112;1732;26156;47758;46230;27818;28190;64522;26350;16114
evaluation,3058,86026;22306;20302;41078;2318;3975;28452;5642;36862;4946
evaluation,3059,96150;4946;4276;58602;53592;45206;9696;11528;3975;53912
evaluation,3060,7988;31264;56582;80112;14895;77510;77326;20814;93312;18238
evaluation,3061,15363;104;16010;10698;10506;97790;27434;102;5234;63498
evaluation,3062,44702;29154;732;22844;56460;3612;50040;33016;49252;6134
evaluation,3063,12090;89472;12318;23338;13242;9388;14836;15200;35378;66264
evaluation,3064,17326;51884;32719;54786;85584;22306;14162;98730;16558;49326
evaluation,3065,62124;29270;282;20120;90438;16030;78728;6396;46000;102
evaluation,3066,34940;77080;34814;38016;48752;3828;74766;90534;36862;22306
evaluation,3067,57048;48154;18238;54258;88594;23718;4762;80572;77510;38168
evaluation,3068,81038;3006;57596;3548;47098;68056;14812;2038;27412;85584
evaluation,3069,50070;91580;98194;99020;56930;22499;21356;39286;26780;11874
evaluation,3070,13868;89480;91580;51230;31202;12110;56428;66106;10586;54964
evaluation,3071,82920;89894;78402;32384;65370;25102;32120;57390;71330;33354
evaluation,3072,11828;32936;6224;32020;20152;26364;18680;22816;23558;30650
evaluation,3073,40062;47238;4996;2054;3136;3306;40984;77368;3042;36385
evaluation,3074,32719;17326;71904;45174;85584;81572;87728;59750;3140;1787
evaluation,3075,17326;14162;51884;54786;32719;9890;58776;85584;40714;14722
evaluation,3076,96434;66364;74646;45478;85676;3006;8008;81038;47098;63558
evaluation,3077,3032;11930;44738;20386;61065;12;26298;32466;52420;49080
evaluation,3078,8006;61945;76728;63768;12224;73418;18238;3718;18640;16728
evaluation,3079,3140;10122;50512;946;11528;91988;29250;51394;64522;5086
evaluation,3080,420;86956;91988;26810;88788;33540;86577;19828;79807;91970
evaluation,3081,71694;61570;22568;7150;54194;62756;82060;18590;14686;98468
evaluation,3082,98636;3264;65160;46142;94034;14992;4762;80434;76628;1382
evaluation,3083,21170;34940;81572;21134;77080;16558;14274;19846;9720;14722
evaluation,3084,89232;97662;83398;4708;5836;39418;88748;94748;38790;42062
evaluation,3085,33556;69394;70642;85138;15970;68078;21084;41092;58584;29116
evaluation,3086,79807;89024;552;99234;332;87336;53478;334;88788;2038
evaluation,3087,32120;32384;89894;65370;82920;78402;25102;50990;28190;52600
evaluation,3088,29116;3468;97838;68078;70642;20264;95930;89536;30758;64658
evaluation,3089,20212;41060;43918;64910;3308;10316;84528;1644;95082;41602
evaluation,3090,17328;7914;53672;17530;44930;19260;49932;79524;43392;30652
evaluation,3091,56460;6134;22844;33016;17632;98853;30070;2814;944;32508
evaluation,3092,14836;89472;35378;4592;12090;12318;15200;23338;13242;19828
evaluation,3093,97962;41060;30186;52234;91324;59882;53586;946;40568;5096
evaluation,3094,17530;44930;53672;17328;17186;85584;23902;87540;47098;6794
evaluation,3095,19914;44544;2920;2267;23214;47012;2996;31132;47098;44442
evaluation,3096,5086;86510;51956;59512;74844;1044;9916;46252;15356;7830
evaluation,3097,20264;33416;78822;53237;42618;86594;7914;96912;65160;10708
evaluation,3098,76728;76818;73644;7466;84748;21084;37938;9696;73418;3975
evaluation,3099,34454;68262;3032;37476;1494;48140;49396;26514;28946;9828
evaluation,3100,21484;21606;73070;23082;71330;91040;43918;300;59526;57756
evaluation,3101,32120;32384;89894;78402;25102;82920;65370;50990;69801;57390
evaluation,3102,6006;7410;80668;27818;92321;7150;13514;2706;54194;14512
evaluation,3103,13182;21886;2280;41068;71108;29152;6136;83904;472;2190
evaluation,3104,20814;63880;18238;35402;31264;61945;8838;9592;8008;77510
evaluation,3105,2318;22306;20302;41078;86026;28452;5642;3828;4946;3975
evaluation,3106,51884;17326;34814;21170;32719;58776;14722;3828;85584;98730
evaluation,3107,79807;99234;2526;3346;53478;88788;89024;86956;57182;86577
evaluation,3108,62124;29270;282;90438;20120;6396;28946;11828;76996;46252
evaluation,3109,96464;140;1155;27434;24690;41014;8676;86891;18872;54282
evaluation,3110,3662;17824;86686;95582;1366;31627;7391;48752;12290;31264
evaluation,3111,20302;48752;1826;86686;58602;7391;11916;31264;398;41378
evaluation,3112,5280;14454;98730;3006;74646;1900;87728;1706;72932;72090
evaluation,3113,87297;77109;56162;47720;56930;78702;26198;85706;41536;764
evaluation,3114,23218;4368;582;2056;2351;1880;1896;1736;13598;10960
evaluation,3115,20014;4536;79516;3670;46104;69356;91582;6136;472;46748
evaluation,3116,73268;18805;48026;887;4952;26156;76644;2668;68698;91884
evaluation,3117,91582;4536;39854;25514;26052;29122;27750;57868;79516;71108
evaluation,3118,81145;94748;89932;75176;13252;39418;49986;10720;10646;7426
evaluation,3119,5086;99060;7830;86510;74844;46252;68560;76996;92934;9916
evaluation,3120,40971;1338;80110;42320;30186;21958;29250;37794;9182;52234
evaluation,3121,70994;67287;12686;22254;31864;16036;37800;16976;66866;27910
evaluation,3122,65370;89894;32384;78402;50990;32120;25102;82920;69801;36172
evaluation,3123,31550;16080;68262;10122;3438;92418;3140;93860;56370;16116
evaluation,3124,1268;724;22284;49302;36280;17956;8712;29874;43658;41302
evaluation,3125,52750;86891;7138;92321;29021;71694;96464;94242;2026;6778
evaluation,3126,3754;2570;1118;9100;11108;17770;1434;19114;7426;2290
evaluation,3127,8982;19208;8708;26052;2920;0;37624;57410;1788;53432
evaluation,3128,17326;32719;85584;3600;51884;3140;45174;22306;41602;40714
evaluation,3129,20120;62124;282;90438;29270;77252;78728;6396;46000;50166
evaluation,3130,17458;13182;91582;26052;17368;33222;31132;472;9108;23380
evaluation,3131,20302;2318;86026;22306;41078;3975;5642;28452;19372;4588
evaluation,3132,68262;16080;342;49302;4592;18726;65160;93860;9388;2868
evaluation,3133,300;234;21484;90;21606;94616;24690;78402;89536;43918
evaluation,3134,98102;2068;65880;75834;99476;2314;90534;4514;2967;65606
evaluation,3135,2068;57876;65880;20774;99476;1236;93312;13598;97806;292
evaluation,3136,20302;48752;31627;86026;19372;2967;3828;41378;58602;4946
evaluation,3137,3828;22306;19372;34814;36862;38248;70210;68166;77080;74766
evaluation,3138,19828;26810;30192;53132;38248;44260;64102;21958;54404;2890
evaluation,3139,38248;9890;17326;12211;7734;51884;45174;17824;58370;16622
evaluation,3140,22306;5760;38248;54786;38632;390;82328;4264;74766;53132
evaluation,3141,802;93094;16381;54404;3864;3600;45412;54556;73058;64702
evaluation,3142,96944;7914;42320;65562;68932;73124;79524;97838;30652;30148
evaluation,3143,19828;93094;26810;16420;8386;67048;49252;7630;54404;96169
evaluation,3144,14836;35378;15200;23338;4592;13242;12318;12090;9388;89472
evaluation,3145,1338;42320;80110;54786;37794;9182;21958;77100;37055;52234
evaluation,3146,87336;552;4116;5428;2868;34628;88788;85584;17326;42762
evaluation,3147,2318;20302;86026;22306;5642;48752;3975;19372;3828;55362
evaluation,3148,51884;22306;77080;98730;38016;32719;16728;3828;17014;34814
evaluation,3149,21694;79646;70131;32750;39286;91580;27266;90410;87297;70214
evaluation,3150,1618;19546;9274;77080;89548;91324;43550;1148;946;25168
evaluation,3151,946;18310;29250;69568;78822;68166;71404;6716;38558;84748
evaluation,3152,23218;28248;5620;1896;10404;4368;5900;4908;14012;69582
evaluation,3153,85584;61746;10754;95274;74646;16622;95344;17824;57164;32719
evaluation,3154,19828;93094;16420;18310;82836;732;35850;67048;96169;12486
evaluation,3155,81050;93969;37080;89798;30296;90013;59134;55450;28456;4688
evaluation,3156,48400;59134;47926;71934;98636;63336;19274;17106;6008;18240
evaluation,3157,6767;6219;96394;94954;89536;83264;24478;5992;4984;29858
evaluation,3158,56460;6134;33016;22844;17632;98853;2814;944;30070;4440
evaluation,3159,85654;65180;49774;46460;52266;65581;59882;44442;1494;30874
evaluation,3160,61967;72990;3308;41060;49358;30186;59882;82836;91324;3444
evaluation,3161,9916;5086;68560;74844;7830;71404;58060;86510;43918;46252
evaluation,3162,93094;11328;19828;3864;22940;44260;26810;18310;16420;67048
evaluation,3163,5086;74844;9916;71404;43918;68560;46252;91172;58060;5484
evaluation,3164,9676;68262;49302;75986;35378;16080;54258;13504;24259;2706
evaluation,3165,73720;18800;95274;4243;87728;2222;5358;1968;74646;96434
evaluation,3166,44930;53672;17530;7914;17328;65522;23902;68932;17186;52266
evaluation,3167,37794;40971;42320;9182;946;35256;40440;54786;21958;52234
evaluation,3168,17326;85584;53132;36862;51884;32719;17014;40714;16728;81572
evaluation,3169,26858;78380;10688;21712;49358;11828;6224;88846;41302;18786
evaluation,3170,6767;19584;94954;5992;88014;18590;96394;6219;89536;14114
evaluation,3171,25514;7696;90712;81768;51696;13182;98194;7575;17770;10276
evaluation,3172,18238;61945;1672;8006;12224;6078;63768;198;9592;24220
evaluation,3173,73730;96944;44930;97838;79524;81768;2996;68932;26356;7914
evaluation,3174,41060;43918;20212;10316;64910;1644;96246;24690;95082;3308
evaluation,3175,2668;73268;4952;76672;76644;91884;38536;86956;5428;18430
evaluation,3176,86956;420;86577;5428;87336;91988;8724;22476;87068;71904
evaluation,3177,17326;85584;32719;45174;17014;87728;16622;81572;51884;17824
evaluation,3178,74010;75920;75128;56168;10506;15363;74116;10698;65036;97790
evaluation,3179,420;91242;86956;86577;87336;88788;87068;91988;19776;552
evaluation,3180,17502;8190;65393;92192;1962;66602;77109;6648;21636;6614
evaluation,3181,4536;91582;66560;46748;79516;3670;31152;39854;472;26052
evaluation,3182,94748;4539;75176;39418;10720;42062;3450;98194;56786;89932
evaluation,3183,99234;1234;23902;91864;89024;1398;5428;95344;1362;420
evaluation,3184,89024;99234;79807;53478;552;87336;61746;88788;57182;48026
evaluation,3185,51884;54786;17326;32719;14162;58776;9890;14722;40714;41602
evaluation,3186,15356;16558;10636;21170;14274;70210;14162;41602;68166;54786
evaluation,3187,35040;3434;4952;2068;340;376;887;52224;76644;35402
evaluation,3188,56460;6134;98853;17632;22844;33016;1410;30070;11772;68262
evaluation,3189,96944;7914;65562;68932;42320;44930;97838;93854;44442;65581
evaluation,3190,33016;86870;6134;17632;34476;70974;17868;31234;11772;98853
evaluation,3191,88594;41394;8648;7699;7914;53237;20212;19562;41060;69568
evaluation,3192,6396;36385;48866;6152;51154;6960;68052;3468;77368;16215
evaluation,3193,75920;75128;74010;74116;98080;120;46252;76996;56168;21260
evaluation,3194,2594;30870;20360;1788;38542;56358;39618;2190;37800;472
evaluation,3195,96944;65562;7914;44930;42320;68932;30652;97838;44442;412
evaluation,3196,68590;65160;55806;39314;8524;14992;8712;28594;72334;34916
evaluation,3197,48538;13668;36030;56106;71406;65842;74050;31456;9378;19046
evaluation,3198,22284;29874;880;3608;1030;21420;584;41302;36280;7191
evaluation,3199,7410;6006;80668;7150;92321;13514;27818;20694;92354;22568
evaluation,3200,54194;46516;64658;16493;29116;94034;73026;38422;3827;18532
evaluation,3201,18310;11328;35962;732;23713;41498;74194;27042;12486;38558
evaluation,3202,65180;46460;59882;65581;52266;6278;49774;40971;11060;2267
evaluation,3203,65581;55806;96944;14512;12952;53672;46797;17328;40971;7914
evaluation,3204,86026;22306;5642;4588;19372;3975;28452;2318;41078;34814
evaluation,3205,887;50512;4952;2668;95606;63880;38536;6616;91884;1615
evaluation,3206,45102;27434;256;18872;31242;62322;5676;10596;69794;11960
evaluation,3207,43600;22128;92286;99838;88130;19496;90974;259;9616;48048
evaluation,3208,99564;99020;2398;26780;70131;38168;50070;70214;31709;21694
evaluation,3209,39388;7575;32814;73644;77464;60;87590;62738;23214;23632
evaluation,3210,67048;75834;18768;73242;59536;69510;702;99702;93094;44442
evaluation,3211,946;29250;18310;71404;84748;69568;68166;6716;73644;51394
evaluation,3212,46046;7914;96944;97838;44930;33416;17530;17328;73124;45412
evaluation,3213,9074;23338;39488;19828;92670;20406;73730;74256;93312;9388
evaluation,3214,19828;26810;93094;16420;96169;30070;9486;9104;1402;9590
evaluation,3215,19828;26810;93094;16420;96169;67048;30070;38248;3864;8386
evaluation,3216,34454;3032;13466;7004;2248;20264;612;28178;33556;93936
evaluation,3217,96944;53672;93854;65581;7914;26682;11396;69798;42320;44442
evaluation,3218,26810;96169;19828;30070;1402;1396;2062;74256;20406;89472
evaluation,3219,56460;6134;17632;98853;33016;22844;11772;71718;70974;31234
evaluation,3220,56460;27042;17632;29716;944;2492;6134;22844;33016;44702
evaluation,3221,20302;48752;41078;22306;2318;86026;19372;54786;5642;3828
evaluation,3222,63768;73644;61464;73418;7830;71404;88748;8276;4708;19546
evaluation,3223,20814;61945;18238;98730;31264;77326;8838;63880;68698;9592
evaluation,3224,2318;5642;82328;18640;20302;390;86026;41078;28452;57596
evaluation,3225,85584;17326;32719;10636;40714;51884;98730;14162;81572;21134
evaluation,3226,38536;91884;94370;84748;87336;58732;9696;50512;53592;76644
evaluation,3227,96150;4946;58602;45206;4276;11528;3975;53592;9696;53912
evaluation,3228,7575;39388;11532;43157;75834;23632;1618;10408;37794;17458
evaluation,3229,78000;77702;22499;13868;45770;7696;33210;30455;38790;97228
evaluation,3230,18238;61945;14895;8006;61746;51884;12224;63880;63768;6078
evaluation,3231,69794;11960;14132;32936;81382;6224;78380;1247;88846;48216
evaluation,3232,30579;9124;71404;77326;3194;96344;2926;73418;59074;3658
evaluation,3233,90476;78164;88748;63862;22494;97662;4708;89232;17368;83552
evaluation,3234,78380;6224;26858;6244;6824;3306;21712;32936;88846;14136
evaluation,3235,70994;96238;19562;50916;68404;88130;65998;17864;3918;39624
evaluation,3236,21484;21606;23082;59526;300;44954;91040;71330;65646;73070
evaluation,3237,15278;74256;99060;2706;96238;23124;9828;76672;50750;66606
evaluation,3238,21484;21606;89834;87755;23082;95082;300;94616;59132;31042
evaluation,3239,51448;32020;35572;93546;19767;45237;35812;16264;84162;71646
evaluation,3240,1236;70954;21260;21052;92934;35124;82700;65880;93546;20912
evaluation,3241,16114;7804;198;47278;77306;73124;26356;47758;64522;1260
evaluation,3242,62124;282;29270;20120;90438;78728;20360;77252;50166;6396
evaluation,3243,23594;6132;24476;37356;13416;483;47720;77109;87297;85706
evaluation,3244,4984;54016;12910;72334;92670;11396;90;9232;3668;24254
evaluation,3245,96944;65562;44930;7914;1080;30652;68932;80434;65581;412
evaluation,3246,17326;85584;21170;32719;81572;79560;40714;49788;16558;10636
evaluation,3247,41078;22306;20302;86026;28452;2318;19372;48752;3828;5642
evaluation,3248,89932;75176;632;94748;65842;56312;7426;39418;13252;66866
evaluation,3249,887;38536;2668;91884;798;95606;4952;89024;73268;63880
evaluation,3250,2092;51792;63472;7336;75582;98872;12;29028;10855;72828
evaluation,3251,2318;22306;86026;41078;20302;19372;28452;3828;18640;4588
evaluation,3252,79807;99234;88788;89024;53478;57182;6078;46196;86956;2526
evaluation,3253,34814;90534;77080;74256;38016;98102;89548;4594;75834;34940
evaluation,3254,39388;7575;11532;35256;43157;73644;946;3352;23632;3294
evaluation,3255,63862;90476;88748;78164;8276;71043;97662;4708;17368;22494
evaluation,3256,66106;81268;2594;9616;92670;83264;21356;22893;51568;65281
evaluation,3257,79516;13182;84324;5362;71020;51546;17368;76764;78164;472
evaluation,3258,29116;2358;73268;40062;3468;17048;72334;27658;8062;40552
evaluation,3259,93094;19828;16420;26810;18310;35962;732;67048;23713;85654
evaluation,3260,89024;45228;4952;887;5428;64522;87336;412;46392;6616
evaluation,3261,22306;41078;2318;28452;3828;51884;86026;390;19372;398
evaluation,3262,80914;18214;74766;7914;96169;93312;73242;2876;552;51696
evaluation,3263,23713;12090;12318;34628;32508;44378;3600;80;22912;2604
evaluation,3264,3114;28510;19510;26350;91864;4952;552;64522;85584;61945
evaluation,3265,3434;35040;4952;887;73268;2668;76644;38536;2068;89024
evaluation,3266,39388;82523;73644;43157;82994;35256;946;95758;67048;71404
evaluation,3267,51230;8190;54964;1030;11598;49297;54016;48392;25168;16208
evaluation,3268,63862;71043;88748;7284;81145;39418;62322;42062;50382;59964
evaluation,3269,31550;16080;68262;12854;26970;54258;10122;57048;75986;56370
evaluation,3270,40062;47238;4996;3136;36385;77368;3306;2054;50588;20152
evaluation,3271,24581;2772;12872;37602;1382;48400;35124;54538;28594;31950
evaluation,3272,46752;83412;98210;3020;73778;1422;97259;81145;80638;89932
evaluation,3273,924;19280;1247;88670;6224;48690;39624;48216;32020;26364
evaluation,3274,80668;6006;26528;54194;27818;7150;28190;62756;259;92321
evaluation,3275,49080;63472;58215;64736;14604;98872;59986;41528;26298;3990
evaluation,3276,80952;65581;68932;7914;85584;20264;10760;93854;26090;41450
evaluation,3277,77080;34940;38016;34814;90534;36862;22306;17824;48752;65606
evaluation,3278,35040;3434;887;2068;4952;73268;49554;2668;1706;376
evaluation,3279,8032;69582;16836;32378;29874;30652;75834;20774;6346;87366
evaluation,3280,96944;65581;7914;53672;65180;44442;93854;42320;65562;81338
evaluation,3281,4426;19828;93094;26810;16420;38558;96169;3894;23713;27042
evaluation,3282,18430;2668;27228;73268;1874;78822;3346;10850;2538;76672
evaluation,3283,44930;10016;51394;33644;21370;73730;73268;21084;2926;15970
evaluation,3284,44442;2920;33416;13466;68932;53672;52266;17530;17328;7914
evaluation,3285,71404;5086;86510;9890;54786;41602;23124;34814;43918;21484
evaluation,3286,702;19990;95318;86574;43844;52420;3612;55432;24216;3438
evaluation,3287,30186;52234;3308;41060;61967;91324;44738;14550;11210;8208
evaluation,3288,9124;71404;73644;73418;82523;82994;37938;33736;7988;12224
evaluation,3289,946;68166;70210;29250;3718;76728;63768;71404;18640;26356
evaluation,3290,9828;48140;21162;35124;66606;14604;21090;33556;47092;37476
evaluation,3291,34628;50950;12318;12090;1684;68056;66836;64102;61967;78390
evaluation,3292,22306;68166;54786;85539;85584;14162;21134;17326;51884;16558
evaluation,3293,1900;3006;26392;89024;49076;69619;334;84748;88788;44954
evaluation,3294,62124;29270;282;21636;11828;90438;20120;20360;6396;28946
evaluation,3295,45102;69794;5676;256;62322;14132;11960;46412;18872;31242
evaluation,3296,3662;31627;95582;1366;86686;12290;7391;17824;442;31264
evaluation,3297,91864;85584;552;81038;27412;11308;95606;68056;3114;332
evaluation,3298,12535;2132;2038;3548;1500;57596;332;63558;26392;49076
evaluation,3299,3434;35040;887;73268;4952;2668;2068;49554;38536;76644
evaluation,3300,55806;64702;30904;26412;28534;10276;18214;27228;22499;56428
evaluation,3301,28456;55450;81268;29021;83194;18018;56112;35832;7426;4416
evaluation,3302,39388;7575;11532;43157;23632;35256;75834;946;89548;17458
evaluation,3303,90476;88748;63862;97662;78164;4708;22494;8276;83552;17368
evaluation,3304,31132;26052;33838;2190;9108;472;73778;39406;13182;94214
evaluation,3305,924;1247;19280;6224;39624;88670;48690;78380;48216;93546
evaluation,3306,24581;82060;1568;1588;5948;36348;2316;214;19046;13504
evaluation,3307,788;8712;49396;14171;37476;78928;282;96854;31622;754
evaluation,3308,7138;28190;92321;71694;69801;27818;94242;23790;3536;38928
evaluation,3309,77426;37282;31950;62213;94560;13282;622;37602;47758;48244
evaluation,3310,88748;90476;4708;82044;63862;97662;24434;50208;31510;13252
evaluation,3311,22816;5676;1424;1442;89798;72456;2772;43522;12166;11828
evaluation,3312,2996;81338;80230;17458;10276;8276;81768;46104;23380;5948
evaluation,3313,79494;11698;1184;50190;65281;77464;31864;32814;3668;1170
evaluation,3314,19208;21886;13182;8708;65562;1148;83412;26052;92786;18028
evaluation,3315,1030;24434;3352;3608;16708;29874;3686;3668;9062;79494
evaluation,3316,9332;11598;7762;30870;8190;1184;8812;6648;6194;596
evaluation,3317,1030;24434;3608;3352;16708;9062;3686;29220;39618;79494
evaluation,3318,63862;90476;88748;78164;8276;4708;97662;71043;17368;22494
evaluation,3319,8982;2920;8708;26052;1788;19208;21886;20014;31152;37624
evaluation,3320,7188;91582;13182;29330;15282;33838;36258;94214;33222;56564
evaluation,3321,12008;2570;1962;9118;1736;7918;93232;10444;1002;9464
evaluation,3322,47758;74050;36348;43760;36030;69394;16280;70642;56155;48538
evaluation,3323,22816;1424;1442;5676;72456;89798;2772;12166;37602;43522
evaluation,3324,33556;13958;13712;80434;1382;74050;522;76628;65160;52764
evaluation,3325,40494;89798;4688;2772;98476;90013;24581;98166;622;54482
evaluation,3326,2092;7336;63472;98872;50040;72828;10855;59986;58215;49252
evaluation,3327,15970;30359;50512;69510;44954;1615;18738;85138;4946;84748
evaluation,3328,2290;7762;17770;1002;1118;4416;9826;11108;584;8190
evaluation,3329,89480;66106;52452;13868;19584;724;75176;98937;90410;1268
evaluation,3330,39388;7575;35256;73644;11532;82523;43157;3294;23632;32814
evaluation,3331,19208;21886;8708;83412;92786;1148;13182;18028;65562;26052
evaluation,3332,39406;31132;33270;10276;9108;89932;26052;50439;24254;2190
evaluation,3333,85138;69394;89536;24690;72990;39356;55362;58602;50512;1680
evaluation,3334,88748;4708;97662;31510;90476;76764;78164;8276;47896;63862
evaluation,3335,93312;19828;74256;398;60;34814;392;16728;67048;26810
evaluation,3336,72990;49358;41060;20212;9890;30186;7699;24690;87800;61967
evaluation,3337,702;54404;3612;16420;93448;43844;64102;9552;95318;3438
evaluation,3338,76728;68166;76818;6078;20766;73644;73418;37938;3828;19372
evaluation,3339,9828;3032;23612;20912;90438;1060;82700;80858;14604;48140
evaluation,3340,702;51496;65522;19372;86574;30874;2020;24226;53432;30654
evaluation,3341,96150;9762;58602;85138;4946;3975;53592;50512;45206;73268
evaluation,3342,41078;22306;20302;28452;86026;2318;36862;53132;3828;9916
evaluation,3343,18364;31850;38928;18726;36172;37602;23790;92670;31950;88676
evaluation,3344,5752;74050;90;73044;18214;22749;612;12998;36030;19046
evaluation,3345,57048;56370;54258;46516;2774;94560;17864;38422;78130;18532
evaluation,3346,342;16728;8006;7830;23718;41696;80572;18238;51884;45638
evaluation,3347,49128;72119;75404;74426;82328;72090;28282;41078;57538;28452
evaluation,3348,61945;33416;22872;35402;76478;55362;27626;4044;23859;2195
evaluation,3349,21886;3352;8982;2280;1788;76460;8708;3668;50190;2920
evaluation,3350,66560;5362;20014;69356;25514;91582;25170;4536;57410;80230
evaluation,3351,57868;27750;91582;29122;26052;57102;19208;470;65696;39854
evaluation,3352,6712;5676;6824;6244;88670;32020;6224;83854;35572;32936
evaluation,3353,4946;96150;58602;9696;11528;53592;53912;3975;45206;4276
evaluation,3354,12952;96169;73309;35850;8914;18310;18622;4440;1060;39488
evaluation,3355,62124;282;29270;20120;90438;78728;77252;50166;21260;46252
evaluation,3356,19208;21886;83412;8708;92786;1148;13182;18028;65562;26052
evaluation,3357,96944;7914;65562;42320;44930;68932;97838;412;53672;65581
evaluation,3358,16420;30826;93448;702;86574;80952;18746;38248;22862;60
evaluation,3359,61540;14604;32466;26298;9388;12;58215;64736;3946;90522
evaluation,3360,58215;26298;14604;60400;90522;49080;7336;72828;20974;63472
evaluation,3361,11328;22940;18310;44450;93094;3600;44260;49252;19828;44702
evaluation,3362,81357;66738;82836;73124;46797;61967;2744;97741;68470;16850
evaluation,3363,35850;23713;76816;66044;18310;12486;11308;41498;732;96169
evaluation,3364,1060;5272;1410;8938;36098;23674;9908;18622;70630;35962
evaluation,3365,56460;98853;6134;17632;5272;22844;73730;39488;70630;1060
evaluation,3366,19828;93094;16420;18310;12486;732;38558;35850;82836;96169
evaluation,3367,92418;31550;94242;96246;16080;10122;4592;18726;2026;54258
evaluation,3368,34454;37476;56370;48140;3032;68262;82920;49396;4664;1494
evaluation,3369,54786;22306;77080;34814;3828;70210;51884;38016;85539;21134
evaluation,3370,79807;99234;53478;89024;12224;74766;38558;57182;61065;90522
evaluation,3371,62124;20120;29270;282;90438;76996;78728;59344;46252;77252
evaluation,3372,72119;49128;72090;74766;36592;77510;98730;63880;75404;82328
evaluation,3373,12535;91864;23124;10754;96434;3006;332;49076;1900;63558
evaluation,3374,51230;9826;27266;26198;99564;94954;11598;49297;39286;80898
evaluation,3375,39286;91580;55806;70131;28352;86654;99564;18018;99020;52452
evaluation,3376,81268;55450;28456;52452;23790;4688;24048;50439;89480;56112
evaluation,3377,79494;11698;50190;12686;31864;77464;32814;1170;3450;16036
evaluation,3378,86956;91988;87336;88788;87068;86577;5428;37624;92758;66264
evaluation,3379,20302;92758;2318;86026;41078;18640;57596;22912;19372;5642
evaluation,3380,342;16728;8006;18238;7830;51884;95274;57164;41696;23718
evaluation,3381,874;57164;33354;20952;85676;21448;18238;12854;98690;58370
evaluation,3382,22912;552;91864;85584;3114;81038;3006;332;87336;68056
evaluation,3383,9890;45174;85584;21134;40714;33786;17326;12211;9720;38248
evaluation,3384,60586;12292;47018;13608;9730;19676;6219;82060;1732;47096
evaluation,3385,52220;57566;59132;12070;64910;72940;51884;4114;27042;90
evaluation,3386,97790;102;30650;15363;26364;11828;256;24760;5234;21260
evaluation,3387,1155;13504;2536;470;532;37248;80286;11142;62096;12166
evaluation,3388,62124;282;29270;90438;20120;6396;11828;76996;50166;78728
evaluation,3389,7410;92321;6006;7150;80668;27818;20694;13514;2706;28190
evaluation,3390,13712;65160;13958;33556;76628;28178;522;78130;4762;71540
evaluation,3391,17326;32719;85584;3600;51884;3140;45174;22306;41602;40714
evaluation,3392,22306;2318;86026;20302;41078;28452;36862;3828;5642;53132
evaluation,3393,9552;82523;30028;946;84748;82994;30874;43844;52234;67048
evaluation,3394,75920;56168;74010;17902;75128;98080;15363;65036;10506;22816
evaluation,3395,41498;51148;17632;35962;12844;2540;56460;27042;76816;9908
evaluation,3396,887;4952;2668;50512;38536;95606;63880;9696;91884;798
evaluation,3397,2290;1118;8190;6594;13868;11108;10444;9100;6648;56112
evaluation,3398,49302;68262;9676;41328;9948;95606;6778;120;52600;23112
evaluation,3399,12535;58776;16622;9890;5280;33786;3548;28908;31264;85539
evaluation,3400,49128;72119;72090;82328;41078;57538;75404;71904;74766;28452
evaluation,3401,26156;45638;34566;28282;44166;77306;46230;49788;59414;22128
evaluation,3402,47098;87540;73124;26090;85584;47018;46797;17328;44930;53672
evaluation,3403,68698;48026;8724;38326;22476;5428;42762;6078;7391;4952
evaluation,3404,19510;64522;69619;63880;26350;398;16114;33388;2668;798
evaluation,3405,887;95606;91884;38536;9696;7466;1615;50512;798;63880
evaluation,3406,946;8006;61945;18640;76728;63768;73418;18238;3718;16728
evaluation,3407,96434;72932;45478;47098;66364;47012;8008;63558;57596;16728
evaluation,3408,42762;214;11758;3114;52750;5428;47018;91864;358;10760
evaluation,3409,91864;85584;552;19510;95606;3114;81038;47098;82906;798
evaluation,3410,12211;51884;77080;390;41378;34940;58776;14895;1430;18238
evaluation,3411,16116;71330;28190;36385;27818;96246;5086;48140;23112;22749
evaluation,3412,89024;887;4952;88788;98690;2668;798;9696;50512;69619
evaluation,3413,88748;4708;63862;31510;82044;76764;83398;27138;78164;50208
evaluation,3414,86891;48140;52750;4116;6778;23790;10392;9948;10290;92321
evaluation,3415,86956;420;91988;4952;19776;46196;87336;88788;91242;887
evaluation,3416,10887;96150;16574;4276;58602;11528;9696;45206;3975;5642
evaluation,3417,15924;16128;16622;79560;19846;19510;17326;85584;95344;10754
evaluation,3418,68262;56460;33016;17632;98853;22844;9908;23112;1410;34476
evaluation,3419,96944;7914;44930;68932;97838;65562;97786;26356;1260;65581
evaluation,3420,96238;26810;74256;39488;71126;91970;34814;32814;92670;27258
evaluation,3421,4592;96103;12070;29154;4894;96246;92418;68262;3438;31550
evaluation,3422,65581;55806;96944;14512;46797;53672;12952;47252;40971;7914
evaluation,3423,3975;5642;19372;4946;55362;58602;4276;86026;48752;22078
evaluation,3424,31152;46748;39102;90712;84324;1148;26052;33270;13182;10276
evaluation,3425,30904;50070;26312;32750;39286;91580;35032;79358;83194;18018
evaluation,3426,88748;4708;31510;8276;76764;83398;63862;97662;24504;22494
evaluation,3427,79494;11698;50190;31864;37800;12686;32814;66866;3352;16036
evaluation,3428,97662;90476;88748;22494;78164;76764;17368;5362;51546;83398
evaluation,3429,32120;32384;89894;82920;65370;50990;25102;78402;57390;26528
evaluation,3430,12854;13338;14454;80668;10310;54194;20848;12998;87800;64522
evaluation,3431,44544;86548;71502;85412;22893;20014;12110;53432;96792;6440
evaluation,3432,73730;44930;96944;97838;23112;79524;7914;68932;1260;612
evaluation,3433,75986;68262;23112;57048;3032;33016;33416;70974;17632;39488
evaluation,3434,9696;96150;11528;58602;45206;53592;53912;4946;3975;85138
evaluation,3435,17770;3132;6194;9332;92198;7762;17502;16208;23702;8182
evaluation,3436,91580;30904;29152;79358;7575;47440;50070;35032;62322;17368
evaluation,3437,2280;1788;3352;8982;21886;8708;76460;79494;49932;3668
evaluation,3438,1146;59344;37248;54282;2536;65646;80898;22893;47926;104
evaluation,3439,5676;22816;89798;1424;1442;72456;12166;6712;43522;32020
evaluation,3440,3718;26810;19828;88660;74256;71904;89042;33540;39414;99796
evaluation,3441,76728;73644;84748;37938;76818;7466;95082;3975;21084;73418
evaluation,3442,53672;46046;7914;96944;65581;42320;41394;45412;44442;26682
evaluation,3443,93094;19828;16420;732;61065;18310;38558;96169;90522;67048
evaluation,3444,61540;14604;12;26298;9388;58215;3946;64736;49080;32466
evaluation,3445,16116;71330;5086;96246;25102;28190;65370;82920;42618;93030
evaluation,3446,81666;9182;29490;46460;8914;71026;68414;2248;3827;91040
evaluation,3447,34454;37476;68262;3032;48140;49396;96702;1494;41034;28946
evaluation,3448,23924;53190;53398;18746;50750;22862;1874;20198;44278;53208
evaluation,3449,85676;84748;50512;50602;50280;98690;30359;7630;44954;85138
evaluation,3450,38016;34814;77080;14722;34940;9720;14162;9890;14274;21134
evaluation,3451,798;20848;398;887;89024;4952;14454;6616;95606;64522
evaluation,3452,9552;82523;82994;51956;50280;30028;14060;14962;20320;61420
evaluation,3453,54282;89834;22132;37248;49056;52526;31042;65998;54190;29490
evaluation,3454,96434;8008;47098;19030;85676;74646;12402;47012;72932;95274
evaluation,3455,35040;3434;4952;73268;887;2668;76644;38536;2068;798
evaluation,3456,31264;18238;77510;7391;58776;28282;41078;12402;41378;3662
evaluation,3457,26052;23214;35032;27228;31132;36258;14512;26780;85388;11874
evaluation,3458,55450;81268;18018;7426;2008;56112;89480;28456;52452;39401
evaluation,3459,97806;97259;17458;74808;1680;80230;1240;3678;4708;57876
evaluation,3460,41498;11328;18310;93094;35962;2492;19828;16420;22940;51148
evaluation,3461,10798;30088;19416;52600;73730;14604;26970;26298;54404;68262
evaluation,3462,59280;55310;924;2380;1247;54282;140;18872;48690;29722
evaluation,3463,64354;69662;8604;65160;63404;80744;86594;14992;17956;80858
evaluation,3464,96944;65562;7914;44930;42320;68932;97838;65581;33416;53672
evaluation,3465,24728;12318;2392;12090;1684;73058;34628;49252;71718;54404
evaluation,3466,41528;63472;61540;49080;58215;2062;26298;4894;64736;76492
evaluation,3467,81357;73124;66738;68470;2744;46797;82836;61967;2267;16850
evaluation,3468,60400;26298;51792;63472;90522;58215;7336;2092;20974;41528
evaluation,3469,65180;46460;53398;49774;50186;3166;85654;6828;19948;17328
evaluation,3470,41528;63472;2062;49080;4894;76492;61540;10016;58215;73268
evaluation,3471,2492;2035;858;2540;51148;44702;11328;23713;27042;41498
evaluation,3472,56460;68262;33016;17632;22844;36098;23112;612;70630;944
evaluation,3473,17326;32719;3828;14722;34814;54786;22306;85584;14162;51884
evaluation,3474,9552;30874;74646;14060;58370;7699;50602;30028;4243;17376
evaluation,3475,33838;34916;80638;78702;75176;85388;9108;81145;98937;89932
evaluation,3476,96912;54194;41162;17530;33416;97786;32120;6778;79524;26528
evaluation,3477,96944;97838;44930;68932;612;7914;42320;73730;69708;97786
evaluation,3478,19828;26810;93094;96169;16420;30070;38248;67048;68994;3864
evaluation,3479,57962;59344;10142;1094;2536;9762;24478;92198;532;34706
evaluation,3480,28376;98636;41092;93030;8136;56155;574;522;69394;76628
evaluation,3481,26780;35032;70131;79358;55806;50070;76944;91580;14512;87590
evaluation,3482,3264;71934;1588;48400;1568;62266;98636;47926;76628;56106
evaluation,3483,64354;86594;17956;63404;69662;13668;8604;14992;78130;20666
evaluation,3484,35124;88676;910;94242;37602;31456;24581;28376;9828;14992
evaluation,3485,65880;1236;2068;92758;18872;4952;44784;552;540;1424
evaluation,3486,98853;6134;56460;17632;858;33016;22844;8938;4426;49252
evaluation,3487,12486;23713;35962;18310;82836;41014;38558;85654;4426;35850
evaluation,3488,68262;56460;75986;23112;16080;38168;81398;33016;57048;6134
evaluation,3489,96944;7914;44930;97838;65562;42320;68932;46046;93854;33416
evaluation,3490,9552;82994;82523;81038;30028;53586;30874;85676;10754;51956
evaluation,3491,88748;4708;31510;24504;22494;80230;63862;97662;76764;8276
evaluation,3492,6396;3468;77368;36385;6960;17864;3136;18532;40062;16493
evaluation,3493,7898;98636;4166;1568;42148;94034;71934;1588;41010;3264
evaluation,3494,28452;57538;2318;71904;32719;41078;87728;18640;1787;17326
evaluation,3495,29028;12;51792;2092;27150;75582;3946;63472;14604;26298
evaluation,3496,54194;96912;62756;97786;34454;33416;1260;6778;97838;65160
evaluation,3497,19208;8708;21886;83412;13182;26052;1148;30704;65562;18028
evaluation,3498,68262;49302;16080;12854;26970;31550;75986;25442;3438;96246
evaluation,3499,97259;97806;23632;57876;3662;8451;4494;17458;60596;10408
evaluation,3500,49932;8708;3352;8330;50956;4664;34916;76460;3608;27750
evaluation,3501,86510;5086;68560;9916;47278;39192;7830;99060;4116;26356
evaluation,3502,9124;37938;71404;73644;73418;75834;76818;33736;64102;52526
evaluation,3503,56948;16010;49120;11308;48660;55806;10276;18786;1940;23890
evaluation,3504,28536;94954;2054;26780;80230;19260;35402;76944;74808;5988
evaluation,3505,83264;81268;34536;56112;35832;55450;50439;83194;66106;52452
evaluation,3506,9826;41536;21420;37356;70200;65393;72334;880;37636;20470
evaluation,3507,5620;9118;13868;582;2056;4368;4218;8812;2290;1118
evaluation,3508,86396;19546;70642;48610;3352;21508;87590;22893;11532;27138
evaluation,3509,36385;71330;16116;31234;6396;36040;56370;6960;26528;77368
evaluation,3510,32120;50990;25102;89894;65370;32384;13880;78402;82920;57390
evaluation,3511,62756;54194;3032;14992;21888;1260;24650;24581;18590;10016
evaluation,3512,32120;32384;65370;89894;50990;82920;78402;25102;52600;94242
evaluation,3513,64354;17354;31950;65160;48244;48866;792;26780;65180;65581
evaluation,3514,1968;29250;96434;87728;39192;412;77100;14550;74646;30874
evaluation,3515,31202;81338;81768;10276;2996;11704;30704;20014;46752;20662
evaluation,3516,17368;13182;76460;20662;8982;31132;472;1148;31152;5362
evaluation,3517,85584;32719;49788;17326;40714;87728;71904;81572;45174;22476
evaluation,3518,81038;3548;45174;19510;3006;47098;85584;3114;50750;57596
evaluation,3519,78702;2594;85706;23214;10850;52452;80866;2190;26780;15282
evaluation,3520,88460;71694;98636;76628;65160;92321;54016;31850;54194;10310
evaluation,3521,65646;49302;29594;68590;21420;72334;3476;57756;33270;2358
evaluation,3522,48400;71934;7138;59134;22568;98636;1400;71694;17106;47926
evaluation,3523,44024;14550;99796;29490;22862;44442;7914;424;57784;44702
evaluation,3524,32719;91864;17326;71904;85584;45174;23124;87728;28510;1787
evaluation,3525,64354;63404;8604;24650;20666;17956;64626;69662;48866;18762
evaluation,3526,64750;1022;29594;7466;2744;12314;97962;98690;96444;3894
evaluation,3527,68262;56460;33016;17632;98853;22844;6134;23112;56370;1410
evaluation,3528,35850;18310;96169;23713;732;2492;38558;12486;1652;49252
evaluation,3529,51448;32020;35572;19767;93546;35812;16264;71646;84162;45237
evaluation,3530,2318;86026;20302;22306;28452;19372;48752;3828;18640;41078
evaluation,3531,91582;36258;46748;33838;26052;56140;31152;31132;13182;3670
evaluation,3532,81145;24434;34916;89932;80638;85388;54964;75176;46752;97259
evaluation,3533,51448;46412;32754;84162;19767;98166;8506;71646;72456;27572
evaluation,3534,48690;30758;3136;3306;90013;40494;59134;19274;44784;16264
evaluation,3535,35124;910;37602;94242;88676;28376;66606;38422;2538;20912
evaluation,3536,4688;82060;24581;40494;54482;1472;1382;1084;98476;1083
evaluation,3537,71108;79516;4708;71418;47896;6136;29122;69356;56786;13182
evaluation,3538,95274;57596;22006;71904;11574;12864;73720;3006;4250;59512
evaluation,3539,81038;91864;2038;3006;57596;3548;12864;20848;26392;71904
evaluation,3540,2038;3548;87800;57596;20848;332;91884;12535;38536;85676
evaluation,3541,3670;66560;69356;33222;4536;6136;79516;71108;31152;46748
evaluation,3542,57048;54258;94560;2774;56370;46516;612;80588;1382;74260
evaluation,3543,24728;2392;1684;71718;24458;34628;12090;12318;49252;4426
evaluation,3544,68262;75986;23112;57048;56460;612;33416;2380;16080;73730
evaluation,3545,48610;93860;2654;2474;13212;18320;259;2772;37356;1083
evaluation,3546,42320;7914;73124;44930;29250;97838;17530;46460;74434;29490
evaluation,3547,22306;77080;3828;98730;51884;34940;34814;14722;32719;36862
evaluation,3548,96150;4276;55362;53592;3975;11528;9696;22872;87366;58602
evaluation,3549,4116;86891;78402;18466;140;57390;26364;1155;1046;72940
evaluation,3550,887;4952;89024;2668;88788;38536;7630;98690;35040;20848
evaluation,3551,9552;82523;82994;30028;946;30874;51956;14060;50280;53586
evaluation,3552,55450;81268;18018;52452;56112;31790;83194;41642;7426;34536
evaluation,3553,66106;34536;81268;55450;35832;83264;85706;18018;56112;9762
evaluation,3554,1030;3608;7191;29874;39618;79494;37800;6886;73850;24434
evaluation,3555,30186;52234;23859;40971;61420;66364;64522;11930;93854;33736
evaluation,3556,874;12864;11574;53472;1430;12211;12290;40714;59750;3114
evaluation,3557,59750;82920;26364;65370;32120;44598;15750;78402;92286;300
evaluation,3558,85676;95606;44954;45026;84748;406;96434;3006;3140;45174
evaluation,3559,3975;50512;55362;4276;2068;58602;44954;4946;36862;53592
evaluation,3560,89548;61616;90534;8524;13598;65606;6136;37080;12964;56786
evaluation,3561,77080;65880;38016;95980;61616;34940;98690;99476;49038;91864
evaluation,3562,23218;5620;582;2056;28248;4368;1118;6618;2351;1880
evaluation,3563,23214;55806;26052;50956;31132;8982;14512;27228;26780;28534
evaluation,3564,6396;36385;48866;3468;68052;6152;40062;77368;6960;16215
evaluation,3565,8982;16010;56948;2188;45964;39398;10408;96792;19496;31698
evaluation,3566,32384;32120;50990;65370;89894;82920;78402;57390;2538;2054
evaluation,3567,39760;18726;87554;56106;16080;71694;14114;4762;31850;49302
evaluation,3568,24690;95082;43918;52220;26970;43600;41060;45638;94616;84528
evaluation,3569,83904;57410;13182;56786;56358;41068;98210;26052;2280;14266
evaluation,3570,56460;17632;22844;44702;29722;6134;34628;4440;23674;76816
evaluation,3571,74260;52234;13466;31216;30186;12998;29250;53190;6778;2744
evaluation,3572,30088;10798;19416;52600;14604;68262;54404;26298;26970;73730
evaluation,3573,6828;28676;59526;8112;98080;92418;17326;30148;5086;23124
evaluation,3574,17326;85584;81572;40714;79560;32719;21170;49788;85539;16558
evaluation,3575,1106;26350;88788;86956;91864;6616;3114;57164;4952;34372
evaluation,3576,27228;88014;55806;80866;14512;38887;50956;76460;81768;79524
evaluation,3577,1962;2570;12008;1002;7918;93232;10444;1736;9118;8190
evaluation,3578,39488;68262;1494;73730;13466;39404;1060;31234;4996;7366
evaluation,3579,62756;54194;6778;1940;10290;34454;3032;50990;1260;2054
evaluation,3580,26810;19828;91970;93094;3438;22650;1398;3864;27258;5428
evaluation,3581,20912;34244;96444;96414;84748;94218;1072;30186;76492;68414
evaluation,3582,40440;40971;80850;95318;24728;24216;64102;64484;412;6278
evaluation,3583,75176;89932;12686;632;13252;10720;22254;98210;16036;7426
evaluation,3584,89548;406;90534;61616;14132;3600;13598;34814;77080;2068
evaluation,3585,26364;57390;86891;78402;32120;1155;65370;18466;72940;82920
evaluation,3586,95606;19990;27412;14454;10122;85676;3140;12854;20848;54786
evaluation,3587,9592;23626;80112;10682;30864;98730;72090;10894;12402;72119
evaluation,3588,17186;61616;65606;91580;2068;46196;62902;90534;22784;99476
evaluation,3589,70131;39286;21694;18018;41162;22499;62266;8451;91580;27850
evaluation,3590,50990;32384;89894;28190;32120;25102;65370;78402;2054;540
evaluation,3591,6712;48400;37282;31950;622;65370;50990;78402;26104;89894
evaluation,3592,62756;54194;6778;2267;18590;1940;43658;96912;20488;47278
evaluation,3593,16010;26412;23890;56948;5814;2351;48660;18762;1736;31202
evaluation,3594,3032;62756;34268;20912;2054;32378;51394;98636;9828;89894
evaluation,3595,1094;1247;19280;88670;39624;924;69794;48690;81382;3136
evaluation,3596,52764;13958;33556;13712;3032;28376;26514;69562;55150;76628
evaluation,3597,46460;11060;85654;52266;53586;40971;2744;49494;66264;78294
evaluation,3598,53672;96944;65581;93854;26682;7914;44442;46046;11396;41394
evaluation,3599,946;71404;84748;51956;73644;91324;29250;43157;68166;36862
evaluation,3600,20912;98690;34244;5096;52526;30186;76492;6278;59882;73644
evaluation,3601,6134;60172;22844;24259;33016;37794;10730;16381;74540;12952
evaluation,3602,16080;57048;31550;54258;56370;92418;68262;18726;49302;10122
evaluation,3603,37282;26104;94034;6712;16114;78402;32384;71934;622;50990
evaluation,3604,51448;32020;35572;45237;93546;16264;19767;35812;27572;71646
evaluation,3605,8276;88660;78164;71043;23380;97662;22494;51546;88748;63862
evaluation,3606,59296;27626;82523;71404;73418;73644;82994;35256;77326;33736
evaluation,3607,27386;6278;18466;51696;22492;66330;12952;30904;18590;1046
evaluation,3608,30186;66364;52234;29110;23859;50916;3140;31379;46392;17014
evaluation,3609,28930;22476;44544;3308;57596;34628;6078;22078;91324;12318
evaluation,3610,18786;21260;5814;18872;59344;11828;28946;36280;1472;49003
evaluation,3611,20974;90522;64736;75582;58215;27042;49080;59986;41498;732
evaluation,3612,48752;3828;22306;19372;36862;22078;86026;34940;20302;5642
evaluation,3613,2020;86891;42762;4116;12292;9951;97516;96394;11704;43010
evaluation,3614,9100;1118;2570;1896;9826;26412;10444;8190;19114;69432
evaluation,3615,88748;89232;4708;22494;97662;92788;83398;51546;13252;31510
evaluation,3616,57048;94560;2774;54258;56370;96854;46516;97786;67336;34454
evaluation,3617,27386;3646;29858;27107;71694;35402;20694;13712;48140;7150
evaluation,3618,1146;47926;71646;57410;80286;57756;24616;9762;63336;9438
evaluation,3619,71934;7898;3264;98636;41092;73026;8136;37282;17106;27662
evaluation,3620,33016;22844;56460;44702;6134;98853;14604;60400;944;17632
evaluation,3621,96944;44930;65562;97838;612;412;68932;86870;42320;73730
evaluation,3622,91582;25514;56786;4536;71108;33222;29122;3670;79516;32129
evaluation,3623,85584;17326;40714;53132;36862;32719;81572;51884;17014;49788
evaluation,3624,4946;4276;65606;3975;58602;9696;85676;98690;50512;61746
evaluation,3625,75176;98210;89932;22254;12686;632;10720;16036;13252;18138
evaluation,3626,62756;32120;54194;94242;27818;96912;12854;104;14454;98636
evaluation,3627,81050;37080;89798;93969;59134;30296;4688;90013;50990;55450
evaluation,3628,96169;26810;19828;9104;74192;3718;74766;20406;93312;1402
evaluation,3629,4100;18786;5086;4664;97516;11758;99060;1494;76996;21260
evaluation,3630,98853;6134;56460;17632;68262;73730;71330;49080;16116;2492
evaluation,3631,97838;612;96944;73730;44930;68932;1260;7914;86870;97786
evaluation,3632,3032;61065;20386;11930;34454;282;37476;44738;47642;26514
evaluation,3633,19372;20302;3828;22306;86026;5642;48752;3975;22078;4588
evaluation,3634,55450;7426;56112;81268;2008;18018;39401;56106;89480;4416
evaluation,3635,1030;24434;3686;3352;18278;3608;79494;31698;11698;29338
evaluation,3636,97806;97259;26104;60596;70642;12850;68078;87590;78164;1766
evaluation,3637,64354;69662;65160;14992;37282;63404;17956;39760;48866;8604
evaluation,3638,78380;1072;6824;6244;26858;588;91040;6224;18590;3306
evaluation,3639,97806;97259;60596;12850;26104;83264;3020;20662;68078;69510
evaluation,3640,69510;5948;44442;43392;7914;16850;52266;67048;10276;11758
evaluation,3641,5642;19372;4946;55362;58602;3975;22078;20302;4276;87388
evaluation,3642,19828;3718;26810;34814;74256;93094;68994;33540;90786;22650
evaluation,3643,96150;9696;11528;4276;53592;4946;45206;58602;53912;53292
evaluation,3644,28178;18330;1080;522;26104;62213;13712;89834;28946;15970
evaluation,3645,55450;56112;81268;39401;18018;5080;7426;56106;56028;83194
evaluation,3646,90534;2967;77080;38016;17014;52750;70954;34814;702;43550
evaluation,3647,69662;724;56766;49302;1268;41328;64354;80858;81382;95606
evaluation,3648,3646;8136;38887;80866;81666;27386;27107;43010;18726;23790
evaluation,3649,788;8712;14171;78928;10688;31622;3536;754;67336;6314
evaluation,3650,340;63880;69619;92758;91110;376;16114;398;19510;26350
evaluation,3651,41602;14162;40714;14274;45174;85584;3140;21134;17326;32719
evaluation,3652,12070;9948;68262;14171;1155;27076;75986;35378;57048;1790
evaluation,3653,82920;59750;54786;72940;51884;32120;94242;26364;65370;49326
evaluation,3654,69510;16850;13342;8062;43392;96444;96414;7914;51696;1736
evaluation,3655,52234;30186;23859;66364;8208;61420;44024;40971;29110;42556
evaluation,3656,20912;68414;96444;96414;94218;34244;84748;32384;30186;3194
evaluation,3657,26350;47098;30090;398;48026;16114;47018;49003;19510;798
evaluation,3658,7988;85676;44954;84748;45174;30359;3140;10122;45026;406
evaluation,3659,99476;71126;2068;22784;28178;30296;29674;18680;16212;77306
evaluation,3660,78164;18706;90476;22494;97662;17368;88748;83552;76764;62902
evaluation,3661,8708;95384;39102;34268;31152;76944;80286;21886;17048;26052
evaluation,3662,924;55310;78380;26364;48216;13212;48690;1247;86891;93546
evaluation,3663,64354;69662;65160;17956;14992;63404;41328;8604;9762;86594
evaluation,3664,4536;3670;20014;2280;13182;5362;472;46748;69356;74152
evaluation,3665,340;63880;69619;92758;91110;376;16114;398;19510;26350
evaluation,3666,61190;27138;214;10408;62322;35884;70854;19546;4708;22499
evaluation,3667,55450;7426;56112;18018;39401;2008;81268;34536;56106;4416
evaluation,3668,88748;8276;94214;4708;76764;63862;39388;97662;81768;47896
evaluation,3669,3662;11916;48752;7391;1366;17824;95582;31264;12290;41078
evaluation,3670,63862;88748;90476;78164;97662;62322;22494;17368;71043;89232
evaluation,3671,26350;48026;47098;16114;19510;30090;798;42762;398;82906
evaluation,3672,33270;89932;28534;28352;85388;75176;16708;71020;24254;56428
evaluation,3673,98194;29410;33838;41068;13182;71108;69356;6136;33222;56786
evaluation,3674,22306;2318;41078;20302;86026;28452;36862;3828;9916;53132
evaluation,3675,89232;88748;22494;83398;98194;17368;97662;76764;4708;31510
evaluation,3676,3975;18738;58602;30359;4946;69510;84748;50512;20386;92374
evaluation,3677,17458;97259;2351;1736;3256;97806;26090;7575;21911;46752
evaluation,3678,75176;89932;98210;13252;12686;10720;632;39418;98376;22254
evaluation,3679,39356;69394;89536;15970;80840;85138;9182;74808;47090;72990
evaluation,3680,35124;9828;21320;48198;20912;66606;88676;8042;14604;41092
evaluation,3681,946;552;84748;29250;87336;5428;71404;6616;18310;68166
evaluation,3682,22306;96854;38016;19372;36862;5642;50280;34814;14454;82906
evaluation,3683,49128;82328;72119;75404;41078;57538;72090;28282;28452;74426
evaluation,3684,77080;34940;51884;14722;34814;3828;17326;14162;98730;58776
evaluation,3685,17326;32719;85584;51884;81572;45174;87728;10636;98730;40714
evaluation,3686,55450;18018;7426;39401;56112;81268;62902;28456;4416;2008
evaluation,3687,77510;31627;31264;5506;442;50268;80112;18238;75834;11916
evaluation,3688,46252;76996;4100;99060;43550;9916;7830;5086;98080;50166
evaluation,3689,86026;22306;20302;19372;3828;5642;48752;22078;2318;55362
evaluation,3690,9074;15200;38326;1826;76818;23338;87540;35378;9388;17278
evaluation,3691,1615;30359;59882;18738;46797;69510;73070;95186;96444;96414
evaluation,3692,9592;77326;7988;80112;22752;10682;30864;96344;3194;49326
evaluation,3693,26350;16114;398;82906;47098;91988;48026;19510;4114;22128
evaluation,3694,340;63880;376;69619;332;12402;20814;24220;98730;10682
evaluation,3695,55450;56112;7426;18018;39401;81268;56028;56106;2008;31790
evaluation,3696,97259;97806;81145;23632;49986;4494;17458;82649;35884;17048
evaluation,3697,90476;88748;63862;78164;8276;83552;97662;17368;4708;18706
evaluation,3698,91582;5362;46748;4536;19208;29330;5464;25076;71418;39854
evaluation,3699,11960;6824;6244;48690;17956;14171;10688;6224;788;924
evaluation,3700,62756;3032;9828;20912;2538;2054;98636;49080;48140;94242
evaluation,3701,22494;78164;97662;88748;18706;4708;17368;90476;83398;31510
evaluation,3702,73268;51394;44930;10016;33644;73730;76492;64102;36098;72828
evaluation,3703,69510;17186;51696;60586;67048;392;5948;7696;75848;16850
evaluation,3704,56460;6134;98853;17632;22844;33016;1410;30070;11772;44702
evaluation,3705,26350;48026;47098;16114;91988;398;82906;30090;33786;24160
evaluation,3706,376;63880;340;69619;77510;22752;14895;7988;10682;20814
evaluation,3707,21694;70131;27266;23702;79646;49120;79358;68590;28900;78702
evaluation,3708,79494;49932;8708;11698;3668;50190;3352;1788;23214;18028
evaluation,3709,32120;32384;78402;89894;82920;50990;25102;65370;69801;53476
evaluation,3710,3662;11916;7391;48752;95582;12290;41078;31264;1366;17824
evaluation,3711,64354;63404;17956;8604;97108;5256;69662;64626;17354;18028
evaluation,3712,26156;23626;45638;28282;3294;300;94954;77306;75404;22128
evaluation,3713,48690;924;48216;55310;78380;1247;26364;6224;93546;27572
evaluation,3714,46460;11060;85654;52266;2744;40971;49774;53586;5738;68994
evaluation,3715,33556;13712;76628;41092;65160;71540;80434;13958;522;22784
evaluation,3716,65180;46460;85654;6828;95082;6278;44442;65581;17328;53398
evaluation,3717,31550;92418;18726;18364;3194;48140;68262;3612;10122;9916
evaluation,3718,73644;76728;9696;55362;4276;46232;73418;4946;53592;53292
evaluation,3719,40971;11930;4944;3032;30186;2248;37794;68414;78294;91172
evaluation,3720,4276;96150;45206;58602;3975;55362;53912;9696;11528;85138
evaluation,3721,72090;10894;1706;9592;2222;80112;10682;77326;12402;98730
evaluation,3722,10404;6618;4368;23218;8812;5620;1308;582;1880;2351
evaluation,3723,63862;88748;78164;71043;48048;79516;56564;17368;42062;22494
evaluation,3724,94748;98376;89932;39418;41830;98210;75176;632;85388;59964
evaluation,3725,64354;63404;86594;8604;69662;65160;17956;20666;14992;48866
evaluation,3726,81050;37080;93969;59134;89798;50990;30650;30296;55450;84726
evaluation,3727,11828;24760;11308;1940;36604;5814;38784;18786;16010;53432
evaluation,3728,13182;4708;83904;56564;2190;27138;23702;88748;65696;6136
evaluation,3729,4536;13182;74152;20014;46104;69356;91582;3670;33222;30704
evaluation,3730,30359;96444;96414;50512;18738;84748;34268;44954;1615;38536
evaluation,3731,96414;4664;96444;91172;30192;2926;34244;5086;20912;4100
evaluation,3732,73309;12952;35850;8914;844;54404;6716;96169;1060;3894
evaluation,3733,20814;63880;35402;8008;27626;61945;7988;56582;10894;9592
evaluation,3734,99234;79807;3346;46196;4952;57182;42762;5508;420;3668
evaluation,3735,61616;89548;59630;10122;65606;13598;73720;6136;2967;95274
evaluation,3736,55450;7426;18018;81268;39401;56112;28456;2008;4416;62902
evaluation,3737,27266;39286;79646;38920;79358;50070;99564;70131;11874;55806
evaluation,3738,23214;81338;14512;17458;8982;27228;31132;81768;26052;19496
evaluation,3739,32120;65370;32384;78402;25102;89894;82920;52600;1260;96912
evaluation,3740,788;8712;14171;78928;96854;754;282;31622;49396;67336
evaluation,3741,96944;7914;44930;65581;65562;68932;30652;53672;31202;42320
evaluation,3742,20912;96414;96444;2926;4664;29250;21958;91172;5484;1787
evaluation,3743,12314;77080;1022;29154;3438;13466;53586;44738;11930;8208
evaluation,3744,73124;2996;5948;15970;26090;1148;52266;85654;140;11698
evaluation,3745,874;12864;11574;53472;12211;1430;40714;12290;59750;3114
evaluation,3746,376;340;63880;69619;332;398;44784;92758;798;91110
evaluation,3747,72090;1706;28282;8008;77326;80112;9592;98730;49128;86686
evaluation,3748,43010;47018;2020;9392;9951;4116;97516;234;96394;86891
evaluation,3749,55450;7426;18018;56112;39401;2008;81268;56106;58060;4416
evaluation,3750,9118;584;2398;8812;3132;1118;1434;1896;3754;22499
evaluation,3751,99020;14512;70131;26780;55806;86654;10850;79358;98937;76944
evaluation,3752,88660;66438;57102;65696;56564;71020;27138;71126;66866;67287
evaluation,3753,98166;98476;6894;6396;11828;16215;43522;99060;19767;4100
evaluation,3754,924;1247;48216;19280;6224;39624;88670;48690;78380;69794
evaluation,3755,924;1247;19280;39624;88670;48690;6224;48216;27572;6244
evaluation,3756,2054;4996;94954;77368;20848;33556;23112;39404;40062;724
evaluation,3757,29154;12314;1022;40971;8208;77080;44738;24216;30186;11930
evaluation,3758,10142;41328;9762;41302;120;81050;1094;80668;6224;14132
evaluation,3759,88748;19962;62322;4708;17368;63862;29122;88660;29410;97662
evaluation,3760,22494;78164;17368;97662;18706;76764;90476;89232;50208;31510
evaluation,3761,18706;78164;71108;88748;29410;4708;98194;48048;22499;5836
evaluation,3762,91582;4536;33222;56786;79516;25514;46748;3670;66560;71108
evaluation,3763,20198;32584;50588;9910;6828;27658;622;38178;54812;1386
evaluation,3764,94616;24690;8760;10316;15884;43918;47018;20302;22476;896
evaluation,3765,77464;79494;50190;23214;73850;39618;27138;1788;2206;3352
evaluation,3766,19828;26810;93094;30070;16420;96169;74192;9104;1402;9590
evaluation,3767,2396;93312;74256;8336;4588;31698;90534;14266;14136;1618
evaluation,3768,69510;67048;3975;80840;2248;6278;16850;55362;392;50512
evaluation,3769,88594;2604;6278;24728;2492;40971;76348;2392;45412;24216
evaluation,3770,19828;26810;93094;16420;96169;30070;9486;9104;1402;9590
evaluation,3771,19372;5642;55362;3975;4946;58602;86026;48752;4276;50512
evaluation,3772,9552;30028;82994;82523;74646;30874;81038;53586;51956;50602
evaluation,3773,79807;99234;2526;3346;53478;89024;86956;46196;57182;86577
evaluation,3774,1155;38784;39186;9948;57390;86891;72940;10392;24760;10855
evaluation,3775,376;340;63880;69619;77510;398;20814;332;16114;36592
evaluation,3776,61616;89548;90534;65606;38016;77080;62096;95980;23626;34814
evaluation,3777,55450;7426;81268;18018;56112;2008;5080;66106;28456;39401
evaluation,3778,55310;59280;8712;9948;924;93448;29722;140;86891;29594
evaluation,3779,71694;2026;7138;22568;41328;61570;64354;23790;92670;6778
evaluation,3780,3032;62756;54194;31234;140;20912;2054;1260;9948;1940
evaluation,3781,28948;6244;6224;22816;62756;48140;4494;10392;11828;78380
evaluation,3782,98872;63472;50040;64736;58215;51148;59986;49080;7336;14604
evaluation,3783,11436;44378;44450;3600;11328;18310;74194;44702;3894;35962
evaluation,3784,38326;9074;1826;74766;60042;27412;21958;96169;5428;64702
evaluation,3785,1494;74844;5086;4664;42762;22912;66044;5814;4100;2526
evaluation,3786,73644;76728;4946;4276;46232;55362;37938;73418;53592;9696
evaluation,3787,40971;30186;11930;4944;3032;44738;52234;68414;46392;91172
evaluation,3788,3658;6828;54812;29722;5484;3944;1338;8112;39414;96444
evaluation,3789,64750;74540;77100;14550;17824;96702;4426;33106;41564;52286
evaluation,3790,46797;44954;20264;30359;69510;95186;59882;73070;96414;96444
evaluation,3791,25102;1260;68262;2380;57048;54786;16080;54258;22788;18726
evaluation,3792,88748;31510;4708;22494;83398;81768;97662;94214;24504;92788
evaluation,3793,18706;22494;78164;97662;88748;4708;90476;31510;83398;92788
evaluation,3794,55450;83264;81268;584;19264;52452;4416;83194;28456;53906
evaluation,3795,924;1247;19280;39624;48216;48690;6224;88670;83702;27572
evaluation,3796,31550;10122;49302;94242;16080;96246;3438;3140;92418;18726
evaluation,3797,68590;38887;73242;19090;1766;69256;40310;6219;81145;21286
evaluation,3798,98166;6894;98476;30296;11828;29674;93546;26528;24581;90013
evaluation,3799,46460;49774;85654;65581;17328;71026;81357;50186;38920;43392
evaluation,3800,77080;3438;42320;12314;54786;1787;98690;52234;96246;95318
evaluation,3801,59750;3032;4592;24728;95318;11930;39192;77080;14836;44738
evaluation,3802,5080;81268;55450;28456;83194;50439;89480;1574;56112;83264
evaluation,3803,86594;2836;9762;1756;64658;3468;36545;2078;26104;91884
evaluation,3804,92786;23214;18028;21886;10276;81768;81338;80230;57410;2920
evaluation,3805,9910;20198;54812;6828;32584;27658;12716;50588;622;38178
evaluation,3806,9074;1618;4682;13994;1880;38326;13598;36098;10960;4368
evaluation,3807,21958;7988;1348;95758;36592;63880;98730;9592;2222;77510
evaluation,3808,78164;18706;22494;88748;98194;23380;31510;56786;83398;17368
evaluation,3809,1146;65646;37248;57756;41010;47926;98924;2536;49302;11142
evaluation,3810,10310;41092;33556;51154;55150;58732;25296;34706;522;80588
evaluation,3811,18706;22494;78164;97662;88748;4708;90476;31510;83398;92788
evaluation,3812,59750;4592;39192;24728;11930;702;95318;42320;3032;40971
evaluation,3813,946;3718;68166;76728;18310;70210;29250;89024;87336;18640
evaluation,3814,3434;35040;73268;4952;887;76644;2668;76672;38536;2068
evaluation,3815,3662;11916;48752;7391;95582;17824;1366;31264;41078;12290
evaluation,3816,89932;94748;98376;85388;75176;98210;632;39418;13182;46752
evaluation,3817,91582;4536;472;25514;46748;71108;30704;3670;26052;33222
evaluation,3818,33222;20470;57876;62738;22499;20662;3668;23790;1422;10276
evaluation,3819,3140;45174;17014;87728;10122;2222;17326;30028;74646;95274
evaluation,3820,1146;47926;65646;41010;57756;37248;2536;9762;98924;924
evaluation,3821,54194;28190;2994;41162;12854;27818;96912;32120;80668;92321
evaluation,3822,73242;18640;2318;11598;54524;24220;300;28930;80588;55586
evaluation,3823,62756;54194;1940;3032;98636;37282;12910;47096;94242;412
evaluation,3824,3140;45174;10122;17014;17326;30028;87728;81038;32719;71904
evaluation,3825,11828;98166;6894;11308;98476;93546;29674;9438;90013;30296
evaluation,3826,21911;95758;77510;12402;64754;376;16215;43522;7988;38168
evaluation,3827,17326;51884;32719;14162;54786;22306;41602;85584;14722;3828
evaluation,3828,4116;93854;8290;87336;3864;40310;29250;14114;1398;44544
evaluation,3829,76492;94218;45206;11528;4894;10016;22749;42556;73268;18805
evaluation,3830,946;18310;96169;29250;45174;68166;9916;38558;91324;2890
evaluation,3831,19416;6828;28676;8112;23924;52526;13504;5096;80952;2248
evaluation,3832,20912;34244;52266;15750;96444;49494;96414;14550;2035;5256
evaluation,3833,52526;54418;4264;4300;946;38501;4664;49494;29594;5648
evaluation,3834,20302;86026;2318;22306;5642;19372;28452;48752;3828;41078
evaluation,3835,44954;95606;45026;14812;7988;20848;85676;10122;30359;45174
evaluation,3836,91582;4536;3670;46748;26052;79516;25514;71108;472;30704
evaluation,3837,11704;81338;2996;7696;81768;8276;80898;3020;23380;17458
evaluation,3838,32120;32384;50990;65370;89894;78402;82920;54194;52600;25102
evaluation,3839,3264;76628;28376;10310;39760;14114;52764;41092;8136;522
evaluation,3840,86026;22306;20302;3828;19372;48752;5642;22078;2318;5760
evaluation,3841,56460;98853;6134;17632;33016;22844;44702;68262;4440;44450
evaluation,3842,64750;74260;77100;24259;75848;424;12314;53586;74540;50186
evaluation,3843,81357;66738;2744;68470;73124;19948;76492;61967;2594;51394
evaluation,3844,28930;39854;30874;2020;23218;10276;30654;31132;214;22078
evaluation,3845,74256;96238;91970;442;11908;2396;11996;90534;93312;8838
evaluation,3846,22306;41078;20302;2318;3828;28452;36862;86026;48752;19372
evaluation,3847,69619;63880;376;340;20814;77510;80112;10682;7988;31264
evaluation,3848,75176;8708;80638;46752;90108;98210;53906;34916;89932;3020
evaluation,3849,55450;81268;4416;56112;1574;83194;39401;7426;5080;28456
evaluation,3850,49302;31550;3438;26970;16080;10122;68262;28948;96246;56370
evaluation,3851,33556;13712;13958;41092;65160;22784;80434;76628;522;28376
evaluation,3852,87554;25102;9762;33354;91884;55450;53476;39760;32384;2380
evaluation,3853,65160;62213;37800;31456;13718;10290;93030;522;910;12316
evaluation,3854,3108;9440;32814;4100;71126;29568;61208;66866;99060;76996
evaluation,3855,15200;86577;8724;97516;23338;42762;12224;50268;9890;72940
evaluation,3856,46150;61967;80866;46302;87336;82836;15278;29250;24690;5428
evaluation,3857,52750;95274;4250;1236;74256;12854;5280;85584;74646;34814
evaluation,3858,97516;15200;9388;50268;27412;22476;3444;22940;64522;42762
evaluation,3859,18622;9908;1060;5272;36098;1410;34476;2926;8938;21547
evaluation,3860,98872;2092;63472;50040;7336;64736;10855;60400;51792;72828
evaluation,3861,65180;53398;3166;46460;53208;65581;93448;53190;6828;44442
evaluation,3862,56460;6134;17632;98853;33016;22844;68262;70974;31234;71330
evaluation,3863,74540;2092;7336;50040;96702;63472;60400;33016;41528;58215
evaluation,3864,29250;49932;29594;42618;40440;78822;3352;76728;59296;69798
evaluation,3865,95082;11210;85654;24690;13608;43918;1200;26124;8676;94616
evaluation,3866,5642;19372;4946;3975;20302;55362;58602;48752;22078;86026
evaluation,3867,56460;98853;6134;17632;33016;44702;22844;68262;4440;44450
evaluation,3868,22492;34476;70974;39488;612;33016;11772;75086;86870;6134
evaluation,3869,66738;81357;73124;76492;19948;30192;82836;66044;51394;12486
evaluation,3870,59986;98872;2092;3990;64736;63472;10855;50040;14604;58215
evaluation,3871,63880;340;69619;92758;91110;16114;376;26350;19510;552
evaluation,3872,4536;91582;79516;39854;66560;26052;3670;11220;53432;4594
evaluation,3873,77464;50190;8708;21886;3668;11532;50956;412;6828;86574
evaluation,3874,78164;22494;17368;76764;88748;46104;18706;51546;79516;80230
evaluation,3875,31850;38928;36172;18726;18364;37602;31950;88676;54538;23790
evaluation,3876,98872;2092;64736;63472;3990;14604;50040;10855;41528;59986
evaluation,3877,44378;11436;44450;3600;44702;41498;11328;18310;51148;74194
evaluation,3878,48752;20302;3828;22306;5642;86026;19372;36862;34940;398
evaluation,3879,12314;98690;53586;1022;59882;97962;73070;46797;47402;95186
evaluation,3880,788;8712;14171;16030;31622;84340;49396;92670;724;78928
evaluation,3881,9890;45174;38248;9720;74766;21958;50512;85584;50268;11328
evaluation,3882,4276;4946;58602;96150;45206;3975;9696;53912;11528;53592
evaluation,3883,1146;2536;65646;80286;48400;1094;53476;87554;104;59344
evaluation,3884,31550;16080;57048;56370;26970;54258;68262;12854;25442;75986
evaluation,3885,25102;65370;32120;89894;78402;50990;32384;69801;82920;94242
evaluation,3886,65370;32120;89894;25102;82920;78402;32384;94242;69801;16116
evaluation,3887,79494;50190;11698;69582;2594;77464;83412;76944;50956;8708
evaluation,3888,31132;26052;472;2190;33838;57410;80286;73778;13182;15282
evaluation,3889,3670;31510;39854;66560;57410;4536;46752;71126;41068;71418
evaluation,3890,71043;47896;88748;23380;50208;20470;19546;97662;42062;8276
evaluation,3891,98194;35884;33270;26052;29410;21356;66438;214;83904;69356
evaluation,3892,82044;71043;83552;5136;23430;7575;52452;6346;9332;35884
evaluation,3893,72456;1424;1442;2772;2474;21090;540;17608;16264;71646
evaluation,3894,33556;13712;13958;28376;41092;910;80434;522;65160;76628
evaluation,3895,32120;65370;32384;89894;52600;78402;50990;82920;54194;25102
evaluation,3896,88676;59132;43010;27107;93030;46150;47156;7410;94242;48140
evaluation,3897,50990;10290;62756;32120;94242;25102;65370;89894;32384;69801
evaluation,3898,48400;59134;71934;17106;47926;7138;792;18240;63336;7898
evaluation,3899,27386;18726;3646;88676;22568;29858;7138;31850;7150;71694
evaluation,3900,46516;31234;16116;17868;94304;73070;39414;67716;25102;82920
evaluation,3901,51448;84162;46412;19767;71646;72456;32020;27572;98166;16264
evaluation,3902,4688;24581;35124;1382;89798;37602;82060;31950;40494;88676
evaluation,3903,77368;59667;47758;8648;29674;84162;30296;522;18330;13712
evaluation,3904,7290;58602;53592;93312;55362;53292;7804;46232;34536;61464
evaluation,3905,26810;19828;96169;3718;22650;93312;9104;90786;93094;18214
evaluation,3906,92758;376;340;398;91242;22912;2668;69619;19510;552
evaluation,3907,61190;48048;96238;259;93312;2996;87755;2206;19828;88846
evaluation,3908,81357;73124;68470;46797;66738;2744;10760;82836;2267;11758
evaluation,3909,28930;18310;35962;41498;4426;47402;6278;12486;732;7630
evaluation,3910,92758;376;340;22912;63880;69619;398;798;332;552
evaluation,3911,9592;23626;30864;12224;96344;72932;10682;35402;20814;72090
evaluation,3912,887;4952;2668;5466;3434;798;89024;35040;7466;44784
evaluation,3913,24676;39404;70210;59882;76816;68166;78822;66836;74844;91864
evaluation,3914,55450;18018;7426;81268;56112;39401;5080;28456;83194;34536
evaluation,3915,79516;91582;71043;46104;13182;24616;33222;71108;57868;472
evaluation,3916,75176;89932;12686;22254;16036;10720;632;98210;13252;7426
evaluation,3917,81268;2594;66106;85706;81768;99564;92670;7696;99036;34536
evaluation,3918,3670;69356;6136;66560;33222;57868;41068;71108;83904;67287
evaluation,3919,31132;26052;91582;17458;33838;36258;15282;73778;472;13182
evaluation,3920,16558;15356;10636;21170;21134;79560;22912;53132;54786;14162
evaluation,3921,19828;26810;15200;79807;48026;93094;74256;9590;3438;96169
evaluation,3922,3646;27386;27107;88676;71694;33556;29858;76628;75118;7138
evaluation,3923,48400;71934;7138;98636;59134;47926;90256;1400;7898;22568
evaluation,3924,93312;34814;74256;26810;19828;67048;77228;90534;95344;91970
evaluation,3925,17232;308;26124;41060;13342;59414;20212;258;54194;7699
evaluation,3926,2668;2068;17048;2314;376;33388;60596;4494;44784;53906
evaluation,3927,13608;49358;10688;73044;39356;13880;37832;72990;18786;12292
evaluation,3928,17368;38784;13504;39186;1568;1588;470;86891;96464;16448
evaluation,3929,52030;20406;3944;12968;41642;84340;10596;24478;31242;1396
evaluation,3930,3444;3944;1072;34476;94218;29722;15200;76492;75086;27412
evaluation,3931,3612;3600;29154;44702;732;44450;2814;32508;3438;944
evaluation,3932,19280;1247;88670;39624;924;1094;48690;69794;81382;3136
evaluation,3933,48752;3828;20302;22306;19372;86026;5642;36862;2318;398
evaluation,3934,79516;4536;3670;56786;472;33222;91582;13182;71108;57410
evaluation,3935,2290;582;13342;7696;9118;67412;1736;81768;1118;13868
evaluation,3936,64702;64750;55806;30904;7466;64484;29594;40568;58060;97962
evaluation,3937,38887;69510;77426;46230;82649;13342;80866;2248;30652;87064
evaluation,3938,46104;18706;20662;5362;2314;25170;83552;92788;2398;81768
evaluation,3939,47092;21162;32020;35572;19767;51448;93546;21642;27572;72456
evaluation,3940,95384;8708;39102;31152;26052;17048;34268;80286;76944;21886
evaluation,3941,7150;6006;80668;7410;92321;20694;27818;13514;77368;496
evaluation,3942,788;8712;14171;754;31622;78928;49396;5992;37476;16030
evaluation,3943,1247;924;19280;39624;88670;1094;48690;69794;81382;3136
evaluation,3944,32120;65370;89894;78402;25102;32384;82920;69801;94242;50990
evaluation,3945,32112;724;32754;1268;12716;496;48690;69662;3536;80858
evaluation,3946,26810;19828;96169;1402;1396;30070;2062;74256;20406;9104
evaluation,3947,63472;98872;50040;64736;58215;51148;49080;60400;3990;59986
evaluation,3948,50512;2876;18738;30359;69510;80840;46232;85138;93094;85676
evaluation,3949,76728;73644;7466;76818;73418;37938;36862;84748;9696;20766
evaluation,3950,69510;2248;67048;1766;6278;50512;50602;16850;17048;80840
evaluation,3951,51394;73268;10016;77306;6278;73730;44930;29594;79320;33644
evaluation,3952,23924;86574;28676;8112;76602;37794;8386;75834;85676;17014
evaluation,3953,17530;17328;7914;49932;53672;44930;412;72119;96944;79524
evaluation,3954,86026;2318;19372;20302;22306;38016;18640;5642;3828;58602
evaluation,3955,79807;99234;2526;3346;53478;86956;89024;57182;420;88788
evaluation,3956,91582;66560;46748;3670;79516;472;4536;56786;33222;32129
evaluation,3957,63862;88748;47896;97662;24504;71043;50208;78164;62322;84324
evaluation,3958,18706;71108;97662;98194;4708;22494;83552;76764;75176;33222
evaluation,3959,65370;32120;89894;82920;32384;25102;50990;52600;16116;94242
evaluation,3960,78380;76816;26858;6224;11960;35572;6824;6244;88670;32936
evaluation,3961,3032;62756;54194;11396;47758;10016;412;93854;94242;89234
evaluation,3962,4426;858;29716;2492;2540;11772;72828;76348;7336;24458
evaluation,3963,96944;7914;30148;65581;44442;30652;73124;53672;82836;1080
evaluation,3964,19828;26810;22650;88660;20406;3864;8724;3718;34628;89472
evaluation,3965,12998;17014;28676;12854;96434;342;20848;95274;59882;86686
evaluation,3966,14604;27572;21320;3946;88846;32466;45237;3990;8506;64736
evaluation,3967,11574;12211;12290;51884;874;1430;53472;95582;16558;30864
evaluation,3968,39624;88670;924;1247;19280;81382;69794;48690;21162;40984
evaluation,3969,91582;56786;79516;25514;46748;24616;78164;41068;6136;71108
evaluation,3970,72190;76944;94954;75118;28536;26780;79358;14512;64834;1148
evaluation,3971,55450;18018;56112;81268;83264;66106;83194;31790;89480;19114
evaluation,3972,18706;71108;75176;98194;56786;22499;10646;4708;85388;13182
evaluation,3973,75176;22254;98210;8708;90108;632;39618;62738;63084;14266
evaluation,3974,98376;98210;89932;632;2190;75176;39418;39618;56162;97662
evaluation,3975,11704;2996;7696;23380;81768;46104;8276;80230;71043;17458
evaluation,3976,89894;65370;32120;78402;32384;82920;50990;57390;25102;69801
evaluation,3977,1146;65646;37248;2536;98924;11142;24616;57756;41010;47926
evaluation,3978,71694;7150;73070;29116;41162;18726;31234;4762;37282;25102
evaluation,3979,88670;19280;39624;924;1094;1247;69794;81382;48690;3136
evaluation,3980,80638;16208;78702;68052;472;33838;19208;30704;2190;9108
evaluation,3981,10646;94748;98376;98210;89932;10720;75176;632;59964;91580
evaluation,3982,56460;6134;98853;44702;17632;33016;22844;44450;1002;68262
evaluation,3983,3827;29490;11772;42320;2744;91172;42618;8914;20264;92374
evaluation,3984,32120;65370;78402;89894;82920;32384;25102;50990;57390;896
evaluation,3985,13958;33556;20152;18330;2026;20488;3678;13712;34454;74050
evaluation,3986,35572;32020;93546;19767;45237;51448;71646;27572;1424;1442
evaluation,3987,1330;496;13514;32754;7150;3536;92354;6314;22568;80668
evaluation,3988,32120;65370;89894;82920;78402;50990;25102;13880;33354;10290
evaluation,3989,3646;41162;18726;27107;96912;94242;1338;38928;71694;20694
evaluation,3990,59132;21712;69562;12070;54812;27818;49396;29021;896;10310
evaluation,3991,12998;612;2344;62213;522;19046;28178;16280;36030;1080
evaluation,3992,85654;46460;49774;11396;41034;2267;31216;93854;40971;43392
evaluation,3993,19914;47012;92788;99702;4243;87336;47098;23214;19546;50640
evaluation,3994,9592;23626;96344;72932;10682;30864;46392;96434;10894;61616
evaluation,3995,9552;82523;946;51956;82994;30028;67048;50602;43844;58370
evaluation,3996,91582;79516;26052;46104;4536;3670;57410;78164;27750;56786
evaluation,3997,72334;47440;9826;10444;23594;880;7191;48664;33210;23702
evaluation,3998,924;1247;19280;48216;88670;48690;35572;6224;32020;39624
evaluation,3999,3264;71934;1588;1568;48400;47926;98636;14580;62266;2027
evaluation,4000,61967;30186;47278;3827;8760;51696;95082;66836;412;1200
evaluation,4001,4276;4946;11528;9696;45206;53912;55362;53292;53592;96150
evaluation,4002,21170;21134;16558;23626;15356;21420;75404;79560;14274;59630
evaluation,4003,31550;96246;94242;92418;10122;3438;16080;49302;12854;37080
evaluation,4004,1146;47926;80286;57756;24616;37248;11142;2536;924;41010
evaluation,4005,96944;7914;65581;65180;68932;53672;81768;44442;65562;81338
evaluation,4006,17868;68262;73730;612;67716;4664;1732;97838;7366;33416
evaluation,4007,29154;74194;2492;11436;41498;732;4426;12486;18310;27042
evaluation,4008,65581;55806;96944;12952;16850;46797;53672;17328;14512;47252
evaluation,4009,28536;94954;2054;17458;76944;74808;5080;26780;80230;35402
evaluation,4010,1080;522;2344;574;96238;9826;22284;27626;1148;31202
evaluation,4011,98853;56460;33016;6134;1402;1396;10855;22844;17632;1060
evaluation,4012,93094;3308;54404;19828;802;66264;45412;3864;44260;10730
evaluation,4013,3828;22306;20302;86026;19372;2318;22078;48752;41078;18640
evaluation,4014,34940;77080;51884;36862;34814;85584;82906;58776;19846;3828
evaluation,4015,21170;14274;390;21134;33786;3006;20952;79560;16558;10636
evaluation,4016,14512;27228;55806;99020;14014;80866;70131;38887;96944;30904
evaluation,4017,3032;20386;11930;44738;61065;29594;5738;52420;69798;43157
evaluation,4018,73268;76644;76672;91884;4952;2668;38536;18430;76478;94370
evaluation,4019,21170;14274;390;79560;16558;81572;85539;10636;874;72119
evaluation,4020,44930;96944;42320;27626;68932;7914;53190;612;12998;74434
evaluation,4021,3032;11930;44738;61065;20386;40971;52420;14550;43844;24216
evaluation,4022,788;8712;14171;78928;49396;37476;282;31622;96854;754
evaluation,4023,36385;68052;62213;40062;6396;48866;1080;76628;98468;77368
evaluation,4024,25102;896;72940;1155;14604;60400;27818;1388;65370;57390
evaluation,4025,3264;71934;1588;1568;48400;47926;14580;31850;62266;2027
evaluation,4026,788;8712;14171;49396;37476;78928;31622;724;16080;54258
evaluation,4027,1330;496;32754;13514;3536;6314;7150;92354;80668;22568
evaluation,4028,71694;7138;61570;22568;20694;724;41162;18364;14686;2026
evaluation,4029,64910;49326;51884;52420;78232;93448;702;96246;54786;9388
evaluation,4030,96150;53592;3975;4946;11528;9696;58602;45206;53292;53912
evaluation,4031,9552;53586;82994;30028;82523;81038;74646;20320;63768;30874
evaluation,4032,51230;79646;11874;21694;25168;38542;39286;32750;85388;99020
evaluation,4033,14836;35378;12318;12090;4592;23338;13242;9388;89472;15200
evaluation,4034,4894;68262;34476;23338;78232;612;39488;69708;86870;7366
evaluation,4035,91172;66738;78822;39488;38558;2392;73309;2492;30192;18805
evaluation,4036,9890;9720;45174;21134;38248;85584;40714;50512;9388;16420
evaluation,4037,2774;33556;13958;34454;26514;13712;37476;80434;18330;41092
evaluation,4038,22306;86026;2318;20302;22078;48752;5642;19372;3828;18640
evaluation,4039,3434;35040;73268;4952;2668;76644;887;76672;38536;376
evaluation,4040,26052;31132;8982;36258;65522;55806;27107;1148;30874;80866
evaluation,4041,10276;90712;26818;96394;1940;30904;31152;4536;87590;39406
evaluation,4042,75176;89932;94748;39418;13252;98210;98376;10720;632;41830
evaluation,4043,11704;7696;2996;50208;80230;71043;23380;81768;47012;51546
evaluation,4044,4276;4946;58602;96150;3975;45206;53912;9696;11528;55362
evaluation,4045,62756;9948;10392;10290;36888;12070;92670;9676;65160;48140
evaluation,4046,2774;33556;13958;34454;26514;13712;37476;80434;69562;18330
evaluation,4047,1330;496;7150;32754;13514;22568;97108;6314;7138;2994
evaluation,4048,910;94242;88676;31456;69708;13718;47758;14770;23112;37602
evaluation,4049,23338;9388;12;29028;64736;11772;90522;27150;35378;61540
evaluation,4050,22823;7368;21547;9590;9486;9104;39488;20406;22492;1402
evaluation,4051,68262;56460;78822;2492;2392;6134;73309;35850;17632;38558
evaluation,4052,80110;21490;21134;9720;19846;76816;16420;40714;21958;97516
evaluation,4053,3434;35040;4952;73268;76644;38536;2668;887;76672;35402
evaluation,4054,48664;51496;10276;69432;77426;19496;584;23594;33270;13416
evaluation,4055,32120;65370;32384;78402;57390;89894;82920;50990;33354;25102
evaluation,4056,62756;54194;3032;10016;34268;66836;2604;51394;21888;98636
evaluation,4057,86577;420;91988;86956;8724;33540;79807;22476;26810;28510
evaluation,4058,68262;75986;32466;23338;9388;12;89472;61540;56460;14836
evaluation,4059,66738;38558;52224;9388;74192;61967;60042;887;91172;9910
evaluation,4060,9552;82523;30028;1430;82994;946;45174;53586;50280;20320
evaluation,4061,79807;99234;38558;20974;90522;12224;89024;19372;61065;74766
evaluation,4062,51230;48392;28248;8190;9118;49297;38542;87297;47720;32554
evaluation,4063,98872;63472;50040;58215;49080;64736;14604;59986;60400;75582
evaluation,4064,45206;22872;58602;4946;5466;85138;9696;55362;12998;53592
evaluation,4065,33149;590;90974;234;23082;39414;13726;26124;43600;16030
evaluation,4066,420;86956;91988;18800;798;27434;87068;13608;8032;91242
evaluation,4067,6850;86891;6216;22132;654;63498;11716;24458;9951;91988
evaluation,4068,96150;9696;58602;11528;4946;45206;53592;85138;55362;4276
evaluation,4069,60586;12292;13608;9730;1732;6219;47018;798;47096;11210
evaluation,4070,1094;39624;1247;924;88670;69794;19280;3136;24478;48690
evaluation,4071,19090;89536;30359;85138;96414;96444;47090;45206;4570;58602
evaluation,4072,20912;96414;96444;2926;4664;21958;5086;29250;91172;5484
evaluation,4073,44166;54786;47018;52750;896;3114;64522;4116;85584;58732
evaluation,4074,3032;11930;20386;44738;61065;50186;2744;29594;86510;52420
evaluation,4075,29490;65581;42320;97786;3827;33416;52526;44442;20264;97838
evaluation,4076,64750;58602;96444;96414;50512;85138;4946;58060;67412;14550
evaluation,4077,14550;50186;35832;412;3032;41162;33416;2054;9182;88014
evaluation,4078,49202;33016;29716;22844;2492;4426;2540;98853;2035;17632
evaluation,4079,41060;43918;10316;20848;43086;24690;11210;73070;15884;21484
evaluation,4080,67068;19948;34628;4426;71718;78822;74194;2392;91324;6278
evaluation,4081,4276;4946;45206;58602;96150;46232;53912;3975;9696;85138
evaluation,4082,9592;23626;23718;72090;10682;12402;80112;46392;3658;96344
evaluation,4083,9552;51956;30028;82994;82523;20320;84748;74646;946;58370
evaluation,4084,44954;95606;14812;7988;45026;20848;3140;45174;10122;85676
evaluation,4085,3662;95582;7391;74256;31264;12290;31627;1366;86686;442
evaluation,4086,22752;36592;80112;7988;20814;22940;22788;10682;10894;1348
evaluation,4087,340;376;63880;69619;20814;77510;5508;24220;16114;4044
evaluation,4088,65606;89548;4946;58602;3975;4276;17186;85138;85676;61616
evaluation,4089,887;798;33388;4952;23902;398;7466;44930;3434;46460
evaluation,4090,32719;49788;17014;45174;59750;87728;17326;85584;3140;81572
evaluation,4091,74010;75128;75920;74116;56168;97790;15363;10698;10506;13994
evaluation,4092,81768;7696;80230;81338;2996;8276;11704;71043;20014;21886
evaluation,4093,3956;23218;4984;6618;28536;41536;6614;11210;53592;58060
evaluation,4094,8708;98210;80638;73778;20662;81768;3020;13182;53906;11698
evaluation,4095,23890;33210;1308;10960;8812;10444;67412;1118;12110;8144
evaluation,4096,27228;55806;88014;14014;11874;99020;28534;14512;28352;21356
evaluation,4097,26810;8386;96169;19828;44024;9104;9486;4440;93854;93094
evaluation,4098,20212;84528;24690;90786;2868;11210;10316;8008;73044;13608
evaluation,4099,30148;30088;14274;21958;40714;54786;41602;14162;9720;68166
evaluation,4100,35572;45237;32020;51448;19767;71646;32936;27572;93546;72456
evaluation,4101,38422;18532;20912;50916;17864;16493;56370;140;96464;3536
evaluation,4102,7336;72828;2092;2540;2492;858;4426;29716;8938;56460
evaluation,4103,1094;69794;1247;39624;88670;924;19280;81382;48690;46412
evaluation,4104,3264;71934;48400;47926;62266;1588;40620;1568;94034;35812
evaluation,4105,56460;6134;98853;44702;33016;17632;22844;68262;44450;75986
evaluation,4106,53672;96944;93854;26682;11396;65581;69798;7914;42320;52234
evaluation,4107,26810;19828;90786;3864;9486;34814;20406;23338;52030;93094
evaluation,4108,23338;70974;13242;61540;56460;6134;4440;11772;14836;10798
evaluation,4109,29490;65581;33416;42320;37938;52526;32378;42618;66836;10016
evaluation,4110,5642;2318;22306;4946;20302;86026;55362;18640;3975;48752
evaluation,4111,3434;35040;4952;887;73268;76644;38536;63880;2668;2068
evaluation,4112,10276;21886;30704;90712;13182;29330;472;23214;31152;26052
evaluation,4113,8708;75176;90108;98210;80638;89932;46752;3020;34916;13252
evaluation,4114,62756;3032;9828;98636;910;69582;49080;18768;2054;6778
evaluation,4115,31550;16080;48140;52600;18364;94242;3438;14550;3194;49302
evaluation,4116,96238;90786;26810;9104;19828;12968;3718;93312;13242;30070
evaluation,4117,31816;34370;23713;16574;1388;89042;834;80;87800;59414
evaluation,4118,3662;1366;48752;77080;34940;17824;31264;86686;7391;31627
evaluation,4119,63880;69619;376;340;10682;80112;34372;98730;10894;12402
evaluation,4120,9552;1430;74646;95274;50280;24676;14060;28162;20320;17326
evaluation,4121,1962;2570;12008;1002;93232;1736;10444;1598;7918;9118
evaluation,4122,80866;99020;76460;11874;99564;3608;66106;69582;21356;70214
evaluation,4123,57390;140;96464;896;10290;32120;67710;28190;69801;64910
evaluation,4124,3264;71934;1588;1568;62266;48400;98636;76628;8136;47926
evaluation,4125,64736;49080;20974;90522;10855;75582;63472;14604;41498;27042
evaluation,4126,65581;38558;65180;11060;44278;53208;29594;43392;29858;52266
evaluation,4127,7920;1494;39192;23612;40971;3294;99060;41450;5074;4944
evaluation,4128,33556;14992;3264;43010;76628;88676;35124;1382;64354;80744
evaluation,4129,3670;69356;66560;6136;67287;57868;33222;66866;50382;56162
evaluation,4130,94748;19546;59964;62322;13252;39418;632;75176;10646;89932
evaluation,4131,9592;23626;10682;12402;96344;10894;30864;77326;7988;80112
evaluation,4132,9592;23626;7830;72090;23718;30864;10682;22788;77326;80112
evaluation,4133,27228;14512;88014;55806;99020;5992;70131;66106;27107;79524
evaluation,4134,33556;14992;43010;3264;88676;76628;35124;64354;1382;96854
evaluation,4135,35572;45237;51448;32020;19767;71646;93546;27572;32936;72456
evaluation,4136,3264;71934;48400;98636;62266;1588;76628;1568;71694;47926
evaluation,4137,14836;4592;15200;35378;13242;3612;89472;10730;23338;54404
evaluation,4138,56460;98853;6134;44702;17632;33016;44450;22844;44378;11772
evaluation,4139,20232;19146;19264;13886;99036;26412;97228;29402;92192;51638
evaluation,4140,81768;80230;74152;20014;81338;94214;76497;17458;76764;5362
evaluation,4141,5464;26052;65562;2190;31132;30704;13182;10276;57410;1148
evaluation,4142,4946;96150;3975;9696;4276;53592;11528;53912;45206;58602
evaluation,4143,9552;30028;1430;74646;53586;81038;95274;17326;63768;2564
evaluation,4144,16280;6960;15970;1732;36348;13582;9602;44930;1260;88014
evaluation,4145,10444;38542;23214;2290;8144;3668;34916;67412;28248;13868
evaluation,4146,71043;11704;81768;7696;8276;2996;23380;99702;50208;30704
evaluation,4147,48752;38248;20302;41078;3828;86026;390;22306;34940;12290
evaluation,4148,50190;8330;77464;39618;7575;11698;16866;6178;73850;45720
evaluation,4149,20974;90522;75582;58215;49080;59986;64736;27042;72828;41498
evaluation,4150,91324;95318;93086;1112;24728;2492;4426;2955;24216;2540
evaluation,4151,732;51148;41498;49252;11772;90522;27042;64736;2492;75582
evaluation,4152,26810;19828;96169;16420;93094;22650;3864;67048;9104;9486
evaluation,4153,3032;20386;11930;44738;61065;52420;282;27205;29594;52158
evaluation,4154,36862;50602;50280;48752;55362;58602;3975;4946;85676;4276
evaluation,4155,48026;887;89024;4952;19510;34576;57182;63880;552;45228
evaluation,4156,73124;5948;45206;47096;53190;86396;1260;16850;46797;47098
evaluation,4157,9592;23626;23718;12224;71404;11028;19030;30864;18238;31627
evaluation,4158,35040;73268;2668;12292;4952;3434;798;11908;76644;38536
evaluation,4159,65606;4946;4276;17186;58602;3975;44954;85676;85138;96150
evaluation,4160,48752;41078;31264;34940;11916;41378;77080;38016;7391;3662
evaluation,4161,26392;332;2132;1500;99234;2526;79807;89024;3548;2038
evaluation,4162,77080;34814;22306;38016;21134;51884;34940;3828;85539;9890
evaluation,4163,23702;62266;21448;85706;4494;99564;71694;21286;584;35884
evaluation,4164,70131;55806;26780;50070;99020;27228;31850;14512;71495;38920
evaluation,4165,88748;63862;4708;90476;97662;88660;66438;22494;78164;8276
evaluation,4166,26810;19828;96169;93094;16420;22650;9104;3864;9486;67048
evaluation,4167,8760;85654;3308;1362;1398;802;73058;3894;1112;5428
evaluation,4168,35124;14992;13880;16616;98636;88676;90256;27662;37602;2538
evaluation,4169,6960;6396;3468;2380;9602;10174;54282;80668;7150;54194
evaluation,4170,8760;85654;87336;3308;5428;1112;7630;24728;1398;1362
evaluation,4171,98872;58215;63472;50040;49080;64736;59986;14604;20974;26298
evaluation,4172,92286;1428;99838;74540;3864;64702;54404;1348;93094;10730
evaluation,4173,79646;1112;2955;21694;34628;50186;76348;6616;3827;91324
evaluation,4174,19828;26810;3718;96169;96238;73242;34814;50750;9590;87336
evaluation,4175,26810;2814;732;49252;9486;3864;3612;54404;43844;12090
evaluation,4176,4946;4276;58602;3975;96150;45206;53912;11528;9696;53592
evaluation,4177,26350;47098;47018;798;48026;19510;552;30090;16114;42762
evaluation,4178,59750;95318;39192;40971;11930;702;59536;42320;24728;37624
evaluation,4179,31242;24478;532;10596;29582;19714;29788;115;40984;588
evaluation,4180,4592;29154;92418;3612;3438;54556;66264;2868;8524;35378
evaluation,4181,61967;3444;72990;76492;49358;4944;3308;15200;49774;94218
evaluation,4182,38558;73309;35850;41498;23713;2392;2492;78390;61065;732
evaluation,4183,31152;30704;26052;83552;10276;57410;2190;79516;472;13182
evaluation,4184,64910;9388;5096;86510;26364;40971;96464;1155;38501;54786
evaluation,4185,63880;340;376;69619;10682;98730;13338;14895;77510;36592
evaluation,4186,1736;2351;17458;17048;3256;1170;46752;82649;3668;37800
evaluation,4187,1094;9762;22816;49302;81382;24478;4494;69794;21090;57962
evaluation,4188,18466;4116;26364;39186;34370;38784;93969;40806;6712;71934
evaluation,4189,924;1247;39624;88670;69794;19280;1094;81382;48690;27572
evaluation,4190,19767;35572;71646;32020;51448;93546;45237;72456;1442;1424
evaluation,4191,1146;47926;57756;80286;71646;11142;24616;41010;2536;924
evaluation,4192,19828;26810;93094;1402;1396;16420;9104;96169;2062;20406
evaluation,4193,59750;40971;39192;95318;24728;8208;42320;11930;3032;702
evaluation,4194,3032;11930;44738;52420;26298;15750;5738;49080;43157;2092
evaluation,4195,1428;74540;92286;54404;16381;64702;64102;93094;99838;10730
evaluation,4196,13466;10016;2248;53190;77306;34454;29490;96702;18805;3166
evaluation,4197,64750;4426;76816;29594;1022;50268;22568;3894;77100;65606
evaluation,4198,21134;51884;41602;14162;81572;54786;9890;14274;85584;16558
evaluation,4199,35040;3434;73268;4952;2668;76644;887;38536;12292;798
evaluation,4200,65606;17186;3975;4946;44954;58602;85676;84748;85138;92374
evaluation,4201,99020;11874;55806;27228;14512;88014;14014;28352;91580;21356
evaluation,4202,94748;98376;89932;39418;98210;632;41830;85388;75176;46752
evaluation,4203,1247;39624;924;88670;19280;48690;115;1094;40984;14132
evaluation,4204,38248;48752;20302;41078;3828;390;86026;22306;34940;12211
evaluation,4205,19767;35572;71646;93546;51448;45237;27572;32020;72456;46412
evaluation,4206,40062;6396;94954;2054;4996;47238;77368;36385;3136;17864
evaluation,4207,788;8712;14171;31622;78928;92670;19280;754;16030;37476
evaluation,4208,96944;44930;65562;36385;1080;62213;7914;73124;44442;30652
evaluation,4209,96150;53592;4946;9696;58602;11528;53912;4276;53292;3975
evaluation,4210,10444;13868;9118;1002;1118;5620;67412;4368;8190;7852
evaluation,4211,70131;71495;28900;28352;91580;27228;1338;41034;724;99564
evaluation,4212,31132;33838;39406;73778;26052;13182;472;9108;2190;58832
evaluation,4213,26818;90712;29594;35032;1940;10276;19496;372;51496;13416
evaluation,4214,78130;29858;48140;3646;43010;724;3264;93030;70131;33556
evaluation,4215,73242;3496;96394;68590;38887;3132;6194;18640;21286;300
evaluation,4216,26298;61540;3946;64736;41528;14604;58215;90522;29028;12
evaluation,4217,46046;7914;96944;89234;45412;44442;69708;73730;97786;89472
evaluation,4218,26298;41528;58215;64736;61540;3946;3990;14604;63472;90522
evaluation,4219,95318;40971;59750;42320;39192;24728;11930;5096;24216;3438
evaluation,4220,74540;64702;16381;30826;1428;92286;93094;10730;60172;3864
evaluation,4221,8938;1060;1410;5272;36098;23674;9908;34476;70630;18622
evaluation,4222,9592;23626;10682;12402;61746;10894;46392;30864;23718;72090
evaluation,4223,35040;3434;4952;887;73268;76644;2668;2068;340;16114
evaluation,4224,9592;23626;10894;12402;10682;46392;61746;72090;3194;342
evaluation,4225,95930;3975;55362;4946;4276;5642;22872;398;58602;3002
evaluation,4226,14812;84748;85676;91884;44954;38536;30359;87800;95606;94370
evaluation,4227,31132;31510;23380;76764;8276;17458;33838;2996;81338;65562
evaluation,4228,55450;7426;56112;18018;39401;56106;28456;2008;34536;58060
evaluation,4229,67412;13868;7852;16090;2056;4368;10444;5620;11716;12110
evaluation,4230,12008;2570;1962;1002;10444;9464;16208;9118;3754;7918
evaluation,4231,81268;66106;55450;56112;4688;28456;50439;78928;5080;18018
evaluation,4232,91582;4536;46748;3670;66560;71108;79516;33222;71418;56786
evaluation,4233,2900;89252;87366;483;3956;6886;4984;23218;69432;9464
evaluation,4234,3256;72190;41034;70131;14512;26780;18738;26818;33644;71495
evaluation,4235,32120;32384;89894;50990;65370;82920;78402;37476;69562;25102
evaluation,4236,31550;49302;12854;92418;68262;3438;10122;16080;48140;96246
evaluation,4237,1146;47926;41010;63336;6008;924;56766;57756;42148;6244
evaluation,4238,3646;29858;724;27386;48140;52764;27107;70131;2654;69801
evaluation,4239,71694;7150;22568;41162;2026;7138;1338;2994;96912;20694
evaluation,4240,3264;98636;71934;48400;62266;76628;71694;1588;7366;40806
evaluation,4241,8712;788;49396;37476;28178;32384;14171;20152;8828;724
evaluation,4242,924;1247;39624;6224;48216;48690;88670;19280;83702;78380
evaluation,4243,1260;73730;97838;44930;1732;96944;3114;7914;62213;412
evaluation,4244,20912;34244;6278;35962;52266;7914;2248;16850;29594;51394
evaluation,4245,22306;20302;3828;86026;48752;2318;22078;5760;19372;390
evaluation,4246,55450;56112;35832;34536;66106;99036;18018;2008;7426;9762
evaluation,4247,35378;41162;18726;12854;73070;25102;94242;342;28676;68262
evaluation,4248,62756;54194;3032;98636;6778;96912;35124;94242;10290;2054
evaluation,4249,89472;13242;23338;4592;15200;9388;30070;9074;12318;39488
evaluation,4250,1060;8938;1410;5272;36098;23674;9908;34476;18622;70630
evaluation,4251,4440;13242;23338;4592;89472;71718;7368;75986;6134;35378
evaluation,4252,31216;95318;77080;3438;9592;8208;2248;80850;40440;40971
evaluation,4253,29490;65581;42320;3827;10016;69510;6278;9182;20264;66836
evaluation,4254,51148;2492;7336;2540;98872;41498;27042;72828;64736;732
evaluation,4255,22823;21547;30070;9486;9590;49252;41528;58215;60400;1402
evaluation,4256,1060;8938;1410;5272;36098;23674;9908;34476;18622;70630
evaluation,4257,11210;95082;26124;94616;24690;41060;300;10316;43918;28948
evaluation,4258,97741;84726;59134;53476;32120;60388;259;54194;21052;95082
evaluation,4259,20406;9104;7368;9486;22823;9590;74192;49252;4426;34628
evaluation,4260,29490;65581;3827;42320;9182;33416;412;14550;6278;52526
evaluation,4261,35040;3434;887;4952;73268;2068;2668;340;89024;376
evaluation,4262,19510;12211;3548;45174;63880;57596;51884;91864;59414;7734
evaluation,4263,95930;4276;55362;5642;4946;3975;31379;10887;53912;24650
evaluation,4264,31132;2996;31510;81338;8276;17458;5948;43392;92786;81768
evaluation,4265,81268;55450;83194;52452;4416;5080;50439;18018;56112;39401
evaluation,4266,96854;93860;52750;4762;92418;54258;16080;57048;12854;64354
evaluation,4267,1247;39624;924;88670;69794;81382;46412;3136;19280;48690
evaluation,4268,98166;11828;6894;98476;11308;93546;29674;9438;90013;3746
evaluation,4269,71934;3264;48400;1588;96854;1568;65370;71694;22568;98636
evaluation,4270,99060;4100;84726;5074;29568;28946;7830;58060;4664;67186
evaluation,4271,2234;16976;7762;88660;480;19546;25102;11220;66438;62322
evaluation,4272,48752;3662;41078;77080;34940;31264;41378;34814;11916;7391
evaluation,4273,2996;31510;8276;81338;92786;81768;17458;3020;31132;78164
evaluation,4274,880;6150;29874;7191;584;19264;56450;25076;69582;7316
evaluation,4275,3646;29858;48140;27386;724;27107;33556;70131;2654;1400
evaluation,4276,13880;14992;88676;35124;27662;65370;1424;1442;50990;14686
evaluation,4277,55450;23558;622;2078;6224;15970;67186;9762;82700;2380
evaluation,4278,19828;93094;16420;67048;2062;2955;1402;26810;1396;38248
evaluation,4279,910;74050;88676;31456;69708;94242;9378;31850;14770;5752
evaluation,4280,12316;53432;612;16280;36348;1260;19046;21370;36030;80588
evaluation,4281,7336;72828;32508;2092;12090;49252;12318;29716;2814;33016
evaluation,4282,22823;21547;30070;9486;9590;41528;49252;58215;60400;1402
evaluation,4283,74050;47758;43760;36348;36030;16280;69394;70642;22749;910
evaluation,4284,85138;39356;72990;24690;43918;55362;49358;47090;95082;1680
evaluation,4285,35572;19767;51448;32020;45237;71646;93546;43522;27572;72456
evaluation,4286,27662;90256;17106;21052;792;48400;16026;80744;63336;95268
evaluation,4287,24160;63534;75986;3444;94616;7922;52220;9388;9676;654
evaluation,4288,35572;19767;93546;32020;51448;71646;45237;72456;27572;43522
evaluation,4289,14836;10798;89472;19416;13242;15200;30088;23338;39488;4592
evaluation,4290,29028;64736;14604;61540;26298;12;49080;90522;6134;75582
evaluation,4291,3194;31216;45228;67048;40971;77080;29490;35256;68994;3438
evaluation,4292,24216;5738;95318;52286;86574;1950;16420;1112;66264;54556
evaluation,4293,38558;61065;73309;732;23713;41498;4426;35962;90522;82836
evaluation,4294,12535;2038;2132;57596;332;3006;49076;334;5280;63558
evaluation,4295,87336;23112;2195;1790;5428;2380;19990;95606;24728;7630
evaluation,4296,9118;11589;90712;12110;1422;8336;16090;8812;35032;9108
evaluation,4297,69662;64354;65160;37282;41328;724;18726;96854;49302;14992
evaluation,4298,1247;39624;924;88670;14132;69794;19280;1094;81382;48690
evaluation,4299,29858;3646;27107;27386;724;52764;70131;75118;78130;48140
evaluation,4300,13504;532;22499;29582;74192;84324;522;30455;90476;2868
evaluation,4301,68262;32466;75986;23338;9388;12;89472;14836;76816;61540
evaluation,4302,19828;93094;16420;67048;26810;2955;1402;2062;38248;1396
evaluation,4303,93094;19828;16420;67048;26810;93312;2062;2955;1402;1396
evaluation,4304,1428;54404;10988;92286;74540;53132;64702;1348;9552;16381
evaluation,4305,11396;5506;57052;29250;74194;24458;97662;2868;5428;8290
evaluation,4306,29582;31242;24478;115;40984;29788;19714;57102;10596;532
evaluation,4307,27107;3646;88676;71694;27386;31850;18726;48140;29858;18364
evaluation,4308,3468;6396;36385;40062;77368;98468;8604;3136;68052;63404
evaluation,4309,33556;10310;46142;13958;6824;25296;13718;574;1386;48610
evaluation,4310,10310;76628;574;41092;33556;70642;58732;69394;522;80588
evaluation,4311,33016;6134;98853;22844;41528;11772;56460;50040;49202;3946
evaluation,4312,33016;6134;22844;98853;41528;50040;11772;56460;49202;58215
evaluation,4313,31132;8276;31510;81338;65562;76764;2996;23380;10276;17458
evaluation,4314,9592;23626;10894;12402;10682;61746;77326;98730;72932;30864
evaluation,4315,44954;85676;45026;20848;7988;95606;14812;45174;30359;84748
evaluation,4316,59750;11574;12864;1787;1430;57596;17326;95274;12211;51884
evaluation,4317,88670;1094;33560;29582;924;39624;532;69794;1247;588
evaluation,4318,9438;23558;81382;11308;35812;51448;22816;88670;46412;48690
evaluation,4319,12716;20198;622;9910;38178;6828;50588;27658;32584;54812
evaluation,4320,28154;8648;51448;84162;8506;46412;87902;16264;71646;32754
evaluation,4321,31132;31510;8276;81338;23380;65562;17458;76764;2996;92786
evaluation,4322,3956;2900;6618;28536;9108;97259;6614;3020;17458;16090
evaluation,4323,13242;14836;15200;89472;23338;12090;12318;34476;39488;4592
evaluation,4324,14836;10798;89472;13242;64102;19416;4592;30088;12318;23338
evaluation,4325,38178;74844;35402;27658;7920;59512;29568;5086;99060;5074
evaluation,4326,5642;19372;4946;55362;3975;58602;20302;22078;48752;86026
evaluation,4327,96444;96414;82659;6660;29594;5484;43392;61945;4664;58060
evaluation,4328,43658;48690;1268;18320;724;49302;3536;81382;1146;6314
evaluation,4329,41078;48752;7391;41378;31264;3662;1366;77080;58718;96150
evaluation,4330,12535;2132;26392;1500;3006;3548;10754;2038;57596;5280
evaluation,4331,86654;99020;35032;50070;91580;99564;79646;39286;21694;90410
evaluation,4332,8276;31132;81338;31510;2996;76764;10276;23380;92786;3020
evaluation,4333,67287;16976;70994;31864;12686;32814;66866;16036;62738;18138
evaluation,4334,9438;51448;11308;81382;23558;88670;19767;1247;45237;21162
evaluation,4335,496;1330;7150;32754;13514;2994;22568;7138;97108;80668
evaluation,4336,910;88676;13718;14770;94242;74050;24581;82700;31456;35124
evaluation,4337,33556;19914;80858;80744;724;22568;7138;20694;3264;89894
evaluation,4338,82328;390;77080;77510;34940;22306;23718;74766;2318;49128
evaluation,4339,96150;45206;53292;22872;9696;10887;53592;11528;4946;16574
evaluation,4340,46392;9592;3438;23626;89024;72932;61746;23718;406;57182
evaluation,4341,18292;24160;18786;8006;74256;77228;19510;3718;39642;67048
evaluation,4342,70974;1402;1396;2062;74192;38558;4440;35850;12486;96169
evaluation,4343,95082;43918;11210;24690;26124;10316;20212;85654;39356;41060
evaluation,4344,532;19714;31242;29582;40984;115;57102;10596;3944;24478
evaluation,4345,37636;29122;78702;56162;56930;31234;79646;33556;60596;12964
evaluation,4346,20814;80572;77326;73418;14934;7988;27626;54786;80112;3438
evaluation,4347,38536;91884;14812;84748;85676;30359;44954;45026;87800;9696
evaluation,4348,95930;35040;73268;398;4276;1790;4952;45026;4946;2195
evaluation,4349,18018;55450;31790;81268;52452;66106;56112;7426;5080;35832
evaluation,4350,27228;55806;79524;11874;88014;66106;2744;14014;52266;28534
evaluation,4351,27266;22788;48664;57868;38168;70214;39286;6132;28900;56930
evaluation,4352,55450;31790;81268;89480;56112;28456;5080;83194;50439;34536
evaluation,4353,68262;49302;4762;16080;35378;57048;97108;54258;65160;96854
evaluation,4354,1146;2536;31242;65646;80286;37248;11142;57756;532;19714
evaluation,4355,22306;3828;38632;12211;18640;19372;87388;77510;390;34940
evaluation,4356,98853;56460;6134;17632;5272;1060;70974;22844;11772;8938
evaluation,4357,70131;21694;79646;91580;90410;32750;39286;56930;99564;79358
evaluation,4358,8032;50268;19776;420;1968;8724;5428;4243;42762;91242
evaluation,4359,85138;4276;45206;4946;58602;46232;96150;3975;55362;9696
evaluation,4360,420;8724;91988;4243;86956;19776;46196;88788;8290;1968
evaluation,4361,420;47090;4952;887;5428;1234;87336;6616;91988;76644
evaluation,4362,14350;4044;56582;8008;5506;5508;36592;59074;35402;77238
evaluation,4363,798;91864;64522;4952;16114;59132;1094;48140;18590;18430
evaluation,4364,10310;574;33556;76628;70642;41092;68078;80588;522;58732
evaluation,4365,96944;36385;1080;7914;62213;68932;44930;42320;25442;65562
evaluation,4366,64750;14550;29250;96702;1338;29594;97962;74540;946;96444
evaluation,4367,98853;56460;6134;17632;1060;5272;22844;70974;11772;8938
evaluation,4368,8914;53132;16381;74540;64102;73058;54404;74434;45412;12952
evaluation,4369,9890;45174;9552;85584;20952;53132;96169;7914;21134;50512
evaluation,4370,81768;88748;94214;81338;4708;80230;63862;27138;41068;90476
evaluation,4371,88748;97662;94214;76764;4708;24504;41068;83398;22494;17368
evaluation,4372,20302;22306;19372;5642;86026;390;2318;3828;41078;3975
evaluation,4373,88788;2068;38536;1106;76644;45206;76672;96150;52224;86956
evaluation,4374,44954;45026;7988;2195;95606;14812;85676;84748;20848;10122
evaluation,4375,20120;62124;29270;282;59344;46252;78728;90438;50166;76996
evaluation,4376,99234;79807;2526;89024;53478;3346;88788;86956;57182;87336
evaluation,4377,1155;3114;896;52750;102;654;72940;4116;86891;10392
evaluation,4378,74010;75128;75920;74116;56168;97790;10506;21260;5234;10698
evaluation,4379,95930;398;5642;55362;4276;3975;58602;9696;10887;45026
evaluation,4380,87336;19990;2195;5428;24728;23112;95606;1950;29154;16080
evaluation,4381,13868;67412;5620;582;2290;8144;1118;10444;8812;9118
evaluation,4382,1155;13212;59344;1094;1146;2536;6216;11142;8506;2316
evaluation,4383,99564;51230;16208;27266;40338;43086;54016;25168;28248;7316
evaluation,4384,65370;32120;82920;89894;78402;25102;32384;81666;69801;94242
evaluation,4385,11308;9438;22816;57962;23558;81382;51448;1247;93546;9762
evaluation,4386,29858;3646;27107;52764;724;27386;70131;48140;78130;75118
evaluation,4387,496;1330;32754;13514;92354;2994;7150;49056;80668;54194
evaluation,4388,1826;31152;8032;30870;19372;26052;71126;13182;20470;87366
evaluation,4389,33556;29116;80744;724;80858;3264;29858;70642;32384;20152
evaluation,4390,60042;4276;53592;2195;87366;44784;96150;22872;55362;3975
evaluation,4391,98853;6134;11772;33016;56460;41528;22844;50040;3946;17632
evaluation,4392,3032;11930;20386;44738;61065;26298;49080;2035;52420;2092
evaluation,4393,14836;89472;10798;13242;64102;19416;4592;35378;15200;30088
evaluation,4394,13958;33556;522;13712;20152;574;41092;17770;93030;74050
evaluation,4395,10444;1118;13868;582;8144;11716;2290;67412;5620;6594
evaluation,4396,96854;81268;56428;55450;78928;1574;83194;38168;584;5080
evaluation,4397,26780;28536;80230;99123;39286;1680;1736;72190;78702;49120
evaluation,4398,41642;12968;31242;20406;56162;38334;6346;94954;1422;66866
evaluation,4399,4494;94954;90410;99564;6824;1268;56162;8451;27850;22816
evaluation,4400,94242;62756;910;10290;69801;88676;9828;24581;28190;35124
evaluation,4401,54812;12716;622;6828;50588;32584;9910;1386;20198;48610
evaluation,4402,48752;3828;2318;22306;398;34814;20302;17014;41078;41378
evaluation,4403,38248;21958;23338;30192;11328;4426;30148;2955;41602;18310
evaluation,4404,3894;38558;18310;12486;97741;35962;30192;11060;74766;23713
evaluation,4405,9592;23626;10894;12402;96344;72090;10682;80112;61746;30864
evaluation,4406,9552;81038;30874;74646;95274;1106;3006;27412;71904;53586
evaluation,4407,7630;87336;5428;23112;24728;1790;2195;19990;2028;1950
evaluation,4408,3140;45174;17014;2222;87728;81038;10122;17326;95274;74646
evaluation,4409,12535;332;2132;1500;26392;3548;10754;85539;72932;5280
evaluation,4410,49297;19264;13886;62902;97228;3132;38952;99036;19146;7316
evaluation,4411,95082;43918;24690;11210;10316;41060;85654;20212;26124;8760
evaluation,4412,13242;14836;12318;4592;89472;12090;23338;64102;75986;35378
evaluation,4413,95606;7988;10122;2195;44954;85676;3140;23112;20848;19990
evaluation,4414,98853;56460;6134;22844;64736;33016;1060;17632;8938;5272
evaluation,4415,48752;41078;31264;34940;11916;41378;77080;3662;38016;7391
evaluation,4416,36862;424;3975;48752;3828;55362;58602;4276;53592;9696
evaluation,4417,9592;23626;72932;96344;38016;30864;23718;12402;72090;80112
evaluation,4418,89472;13242;23338;4592;15200;30070;9388;39488;12318;9074
evaluation,4419,95082;43918;24690;11210;10316;41060;85654;26124;20212;12486
evaluation,4420,42006;78858;52266;49494;21547;35962;52542;612;34628;34476
evaluation,4421,19828;93094;16420;67048;26810;2062;1402;1396;38248;2955
evaluation,4422,3032;11930;20386;44738;61065;52420;26298;49080;2035;29594
evaluation,4423,2967;65880;90534;99476;2068;75834;61746;22784;51496;98102
evaluation,4424,300;24690;234;49358;654;98532;59414;6767;95082;61945
evaluation,4425,70974;1396;1402;30070;74192;2062;89472;4440;1684;8938
evaluation,4426,61945;342;16728;18238;73644;56582;7988;73418;80572;1672
evaluation,4427,48752;3828;17014;34814;398;22306;20302;2318;41378;36862
evaluation,4428,35040;3434;887;4952;2668;73268;2068;38536;76644;89024
evaluation,4429,37055;72119;56582;12224;38398;31139;41696;33736;80112;342
evaluation,4430,51792;2092;14604;63472;64736;10855;10142;3990;59986;51148
evaluation,4431,33556;7138;724;20694;71694;22568;65370;2026;7150;98690
evaluation,4432,31152;26052;1826;71126;33222;19372;20470;30870;8032;4536
evaluation,4433,27818;28190;14054;259;358;2380;62756;93030;69801;93860
evaluation,4434,86396;1260;11060;67716;17868;8062;1044;87554;92786;19546
evaluation,4435,12952;53190;53398;50750;8914;49774;46460;64702;1874;43392
evaluation,4436,30870;94218;68470;72990;2267;47642;42618;9910;9182;31234
evaluation,4437,9592;23626;72932;80110;1900;53912;46392;96434;74256;17326
evaluation,4438,65606;17186;3975;44954;4946;58602;4276;36862;85676;84748
evaluation,4439,340;376;63880;69619;16114;20814;398;77510;36592;332
evaluation,4440,90786;17902;95582;39414;1155;7898;64910;896;12290;21606
evaluation,4441,3670;66560;57410;41068;20014;25170;71108;4536;4708;81768
evaluation,4442,22494;24504;80230;88748;50208;97673;97662;81768;3020;17368
evaluation,4443,30070;1428;92286;12318;99838;12090;34628;66264;74540;30826
evaluation,4444,732;51148;35962;90522;93094;49252;27042;64736;16420;41498
evaluation,4445,16850;16830;61967;66836;18590;12318;6278;12090;18768;8676
evaluation,4446,17632;74192;56460;30070;6134;22844;98853;33016;8938;2492
evaluation,4447,7466;3294;77306;16830;424;78392;66738;6156;49494;35402
evaluation,4448,4946;45206;4276;96150;85138;58602;23928;3975;9696;53912
evaluation,4449,56155;19776;21911;6078;1826;86956;1234;89042;5466;91242
evaluation,4450,1402;1396;2062;70974;96169;4440;12952;9590;74766;9104
evaluation,4451,13242;14836;12090;89472;12318;4592;23338;75986;4440;35378
evaluation,4452,66264;74540;1428;10730;12090;12318;64702;34628;30070;92286
evaluation,4453,8914;45412;73058;12952;60172;16381;3864;35850;74540;50628
evaluation,4454,61945;342;16728;73644;56582;7988;8006;18238;73418;12224
evaluation,4455,41060;43918;74158;24690;11210;99123;10316;1950;20848;95082
evaluation,4456,48752;3828;2318;22306;398;34814;20302;17014;41078;36862
evaluation,4457,9592;23626;12402;10894;61746;10682;8838;72090;98730;80112
evaluation,4458,2222;95274;87728;28908;91864;874;17326;22006;73720;71904
evaluation,4459,37055;31139;38398;56582;61945;23859;342;8008;41696;66364
evaluation,4460,35054;37055;57538;56582;58370;38398;41078;16558;79560;12224
evaluation,4461,10392;1155;896;41528;2092;72940;9948;92934;10855;78232
evaluation,4462,496;1330;32754;54194;7150;13514;80668;6314;8506;2994
evaluation,4463,14895;31264;77510;80112;56582;7988;10682;18238;20814;22752
evaluation,4464,44954;45026;21606;71330;2038;84748;42618;95606;59526;38536
evaluation,4465,27228;81338;14512;79524;55806;81768;88014;2744;99020;14014
evaluation,4466,27228;28352;30904;1170;28534;70131;55806;86654;28594;80866
evaluation,4467,30870;81666;87590;49396;47642;54538;37476;28594;77464;75118
evaluation,4468,11874;1788;73850;50956;77464;14014;37794;19416;18028;8708
evaluation,4469,37636;49120;26198;56930;48154;78702;94954;56162;33556;38334
evaluation,4470,2056;4368;1880;582;4218;1002;6618;1434;1736;2351
evaluation,4471,48610;2054;6824;93860;13718;35884;60596;48866;522;16026
evaluation,4472,85584;4116;45174;17326;87336;5428;41602;88788;40714;1366
evaluation,4473,6960;32384;50990;32120;64522;60596;16114;24690;59414;84528
evaluation,4474,78402;89894;65370;32120;48198;82920;25102;50990;7762;12872
evaluation,4475,11308;23558;9438;81382;11828;99060;67186;22816;88670;51448
evaluation,4476,6006;7410;80668;27818;28190;7150;92321;20694;13514;71694
evaluation,4477,77328;34370;33786;3006;59414;23124;85584;3114;1900;32719
evaluation,4478,94616;20650;10988;5952;15884;24524;1215;9676;2989;99838
evaluation,4479,86891;35476;75920;1155;75128;10698;10506;74010;1162;27434
evaluation,4480,68404;88130;43600;37248;98924;90974;1394;18762;65036;258
evaluation,4481,47926;1146;71646;80286;24616;41010;9438;57410;35572;51448
evaluation,4482,2056;4368;1880;582;4218;6618;1002;13342;4984;1434
evaluation,4483,26514;28178;18330;34454;18680;3032;2774;13712;8828;33556
evaluation,4484,1338;28676;19416;93094;42556;38178;3658;19828;54812;32584
evaluation,4485,95082;43918;24690;11210;10316;41060;85654;26124;20212;12486
evaluation,4486,44954;45026;21606;71330;2038;84748;95606;42618;59526;38536
evaluation,4487,64750;74540;29594;3894;96702;50256;52286;12952;29250;71495
evaluation,4488,89472;13242;23338;4592;39488;15200;30070;4440;9388;75986
evaluation,4489,65581;11060;29594;38558;52266;3166;3894;7914;69662;53208
evaluation,4490,35040;3434;73268;4952;76644;2668;11908;38536;887;19090
evaluation,4491,27434;214;92670;87068;30650;71502;19714;41394;23578;34628
evaluation,4492,25102;65370;82920;16116;71694;89894;32120;3646;93030;38422
evaluation,4493,68052;36385;6396;3468;48866;3136;40062;77368;98468;522
evaluation,4494,3894;97962;12314;1022;79320;59882;73058;38248;52248;73070
evaluation,4495,16850;16830;66836;18590;18768;5428;27412;6278;41014;61967
evaluation,4496,45228;46392;17530;17328;74540;95318;4944;5096;9552;53586
evaluation,4497,41770;73242;90974;22078;27434;3496;38887;50268;6794;94560
evaluation,4498,1684;6156;91242;2392;6278;412;12292;3032;48026;60586
evaluation,4499,3894;38558;18310;12486;97741;35962;74766;30192;23713;61065
evaluation,4500,49252;12090;27042;12952;12318;1684;34628;96169;89472;2392
evaluation,4501,17186;65606;89548;61616;90534;98102;85676;96434;43157;61420
evaluation,4502,6078;91242;19776;44544;38326;47092;5428;48026;5466;15200
evaluation,4503,4946;3975;44954;84748;85676;58602;98690;50512;4276;73644
evaluation,4504,376;340;63880;69619;332;48026;1790;10988;44784;19510
evaluation,4505,2570;12008;1962;9118;1736;7918;9464;1002;10444;1880
evaluation,4506,2056;4368;1880;582;13342;1002;4218;1434;4984;6618
evaluation,4507,94214;88748;97662;76764;4708;13598;31618;31510;63862;90476
evaluation,4508,2234;49297;7762;16116;480;88660;20232;25102;596;2008
evaluation,4509,622;50588;12716;71694;37282;93860;87554;54812;2380;9910
evaluation,4510,69708;14770;6886;94242;88130;910;31456;11532;37794;16448
evaluation,4511,68262;3438;49302;31550;12854;26970;25442;75986;29154;96246
evaluation,4512,68262;16080;49302;41328;64354;10122;2380;37282;18726;57048
evaluation,4513,69256;94954;8812;33210;18738;85412;30904;12292;83854;14114
evaluation,4514,89472;73730;23338;75986;39488;12090;15200;4440;34476;13242
evaluation,4515,17186;89548;90534;946;98102;65606;61616;82994;82523;3140
evaluation,4516,9592;7988;22752;80112;36592;10682;20814;49326;12402;22788
evaluation,4517,4250;46392;5280;98730;14454;33354;17530;1236;28908;17328
evaluation,4518,39624;1094;924;1247;88670;33560;57962;24478;532;19714
evaluation,4519,11828;98166;24581;6894;30296;29674;98476;4688;90013;67186
evaluation,4520,43392;4664;82659;66044;5484;49774;20198;99060;3166;27658
evaluation,4521,96944;44930;65562;42320;412;97838;79524;2344;1080;68932
evaluation,4522,98872;63472;50040;64736;3990;58215;51148;49080;7336;60400
evaluation,4523,98853;6134;56460;33016;70974;22844;11772;5272;17632;1060
evaluation,4524,26970;25442;52420;11142;14604;27818;2706;4894;57756;1644
evaluation,4525,3032;11930;61065;40971;44738;35256;74434;42320;52158;43157
evaluation,4526,26528;59344;21090;82700;88846;8042;9828;71646;1236;24259
evaluation,4527,3894;12486;18310;35962;23713;1200;11328;85654;8760;49252
evaluation,4528,30870;1788;23214;21636;14136;13598;20360;65696;66438;19914
evaluation,4529,32719;51884;3828;22306;17326;85584;81572;45174;40714;16558
evaluation,4530,7988;84748;30359;85676;44954;10122;2195;3140;87336;14812
evaluation,4531,3662;1366;31627;17824;36862;31264;77080;7391;34814;86686
evaluation,4532,74256;3718;7630;38248;34814;72932;1790;28510;90534;23718
evaluation,4533,57182;2526;33540;89042;45228;80;79807;99234;53478;89024
evaluation,4534,37055;38398;41696;31139;21170;72119;14274;79560;16558;9720
evaluation,4535,84748;85676;14812;91884;44954;38536;30359;87800;95606;45026
evaluation,4536,32719;85584;49788;17326;40714;45174;81572;87728;71904;59750
evaluation,4537,282;20120;62124;90438;29270;77252;78728;6396;76996;23124
evaluation,4538,17458;28536;97806;97259;72190;80230;94954;2054;26780;74808
evaluation,4539,55806;26780;14512;76944;40568;99020;71495;70131;38920;72190
evaluation,4540,21886;77464;20014;78702;8708;2280;8982;14266;13182;2188
evaluation,4541,81338;31132;8276;10276;2996;3020;81768;17458;20014;31202
evaluation,4542,51546;2314;81338;17458;11704;80230;81768;2996;8276;46748
evaluation,4543,49297;29402;14012;65393;37356;37636;32554;56930;26198;4368
evaluation,4544,97259;97806;3608;17458;81145;77426;22284;82649;20662;90476
evaluation,4545,7284;16036;6787;34393;42062;57102;6712;38334;27750;65696
evaluation,4546,22749;48140;69708;910;73730;23112;88676;74050;28178;94242
evaluation,4547,1146;65646;2536;1094;48400;19714;54282;53476;27434;47926
evaluation,4548,3646;27386;29270;13582;43658;9388;96238;23338;21606;34476
evaluation,4549,496;1330;32754;13514;54194;7150;2994;80668;92354;18240
evaluation,4550,41528;64736;58215;98872;59986;3990;2062;63472;2092;60400
evaluation,4551,70974;23338;26810;19828;74256;89472;39488;30070;9074;20406
evaluation,4552,37938;30359;84748;29250;32378;52526;18738;36862;29490;14550
evaluation,4553,412;42618;91172;29250;46797;19948;84748;51394;52234;80850
evaluation,4554,49774;96444;96414;9910;20198;38178;5086;5484;32584;1338
evaluation,4555,3032;11930;44738;20386;61065;49080;52420;5738;26298;34244
evaluation,4556,75986;68262;4440;76816;56460;61540;4592;89472;13242;90522
evaluation,4557,70974;4440;1396;1402;13242;64736;74192;30070;2062;35962
evaluation,4558,84748;946;96702;31216;29250;52526;30359;36862;61967;14550
evaluation,4559,76492;66836;94218;37938;30359;61967;36862;29490;44954;51154
evaluation,4560,946;29250;26356;39192;66044;68166;70210;18310;9916;21162
evaluation,4561,1398;1362;9486;3612;12090;1348;34628;802;97741;97516
evaluation,4562,97806;97259;49986;20662;57876;3256;32378;94954;72190;53592
evaluation,4563,46392;17530;45228;17328;95318;5428;41602;47402;98690;3032
evaluation,4564,2318;65880;4946;48752;24504;58602;20302;45206;31627;406
evaluation,4565,35040;3434;2068;887;340;4952;376;89024;16114;73268
evaluation,4566,7988;30359;87336;84748;10122;406;85676;45174;1790;44954
evaluation,4567,9552;82994;82523;20320;74646;51956;30028;30874;14962;14060
evaluation,4568,77080;48752;3662;22306;41078;17824;2318;34940;34814;86686
evaluation,4569,37055;61945;56582;8008;72119;31139;12224;98730;342;33736
evaluation,4570,87800;84748;85676;38536;91884;14812;20848;66364;8008;44954
evaluation,4571,28536;76944;94954;17458;6618;72190;3956;26780;74808;51230
evaluation,4572,91582;79516;4536;71108;46104;31698;27750;71418;57868;71126
evaluation,4573,910;31456;88676;62756;14770;94242;57962;13880;13718;48140
evaluation,4574,1094;1247;39624;924;69794;88670;19280;3136;14132;115
evaluation,4575,11308;9438;22816;23558;57962;51448;81382;9762;35572;93546
evaluation,4576,71646;32020;35572;45237;51448;27572;72456;19767;21162;93546
evaluation,4577,10310;574;522;13712;76628;65160;13958;1080;78130;80434
evaluation,4578,91580;87297;27266;39286;32750;86654;50070;70214;77109;94285
evaluation,4579,1402;1396;19828;30070;74192;90522;26810;20406;96169;9104
evaluation,4580,90522;20974;64736;58215;60400;59986;732;27042;72828;98872
evaluation,4581,98853;6134;56460;70974;33016;11772;22844;5272;17632;1060
evaluation,4582,34476;86870;612;33016;22492;70974;11772;73730;6134;75986
evaluation,4583,10016;84748;61967;31216;51394;96702;30359;29250;68414;32378
evaluation,4584,1396;1402;30070;19828;74192;90522;26810;20406;4440;9104
evaluation,4585,25442;26970;52420;11142;14604;57756;4894;27818;2706;71330
evaluation,4586,90522;23713;1402;1396;732;35962;51148;12486;16420;4440
evaluation,4587,73242;38887;39314;21286;68590;41770;3496;6194;22078;96394
evaluation,4588,35040;3434;4952;887;2668;73268;76644;340;68698;2068
evaluation,4589,81338;23638;81768;80286;8276;80230;2996;31202;14512;47252
evaluation,4590,18238;41378;31264;63768;87388;31627;77510;3662;9592;9124
evaluation,4591,2900;3956;6618;28536;9108;6956;16090;2351;13342;12110
evaluation,4592,81768;81338;97662;4708;31202;88748;8276;78164;18706;20662
evaluation,4593,3032;11930;44738;20386;5738;52420;27205;26298;5096;15750
evaluation,4594,12211;22306;51884;38632;3828;17824;390;57596;14895;15924
evaluation,4595,13886;99036;97228;19264;19146;38952;38790;3132;20232;23430
evaluation,4596,76818;80112;22752;75834;15200;27412;37938;3194;64102;8006
evaluation,4597,7191;880;584;7316;23218;23430;22499;6886;25076;3132
evaluation,4598,87728;17014;3140;17326;95274;59512;45174;30028;1968;74646
evaluation,4599,23702;55450;95980;19962;81268;39388;98690;480;8276;62096
evaluation,4600,91580;39286;35032;27266;32750;26780;86654;28900;21694;78702
evaluation,4601,73850;3352;77464;50190;39618;10276;18028;69582;85706;6828
evaluation,4602,44954;45026;87336;84748;406;95606;7988;91884;85676;2195
evaluation,4603,81338;81768;23638;80286;8276;80230;23214;24504;88748;57410
evaluation,4604,98166;35124;55150;98476;6894;910;89798;1382;8042;24581
evaluation,4605,74646;95274;4250;14454;59512;73720;17376;10754;46392;2526
evaluation,4606,19714;31242;532;29582;115;29788;24478;40984;52030;10596
evaluation,4607,2190;85388;46752;1148;33838;83412;19208;78060;13182;98210
evaluation,4608,59132;61540;77252;78728;90;72940;612;39488;9388;72990
evaluation,4609,31042;47926;65998;1094;6824;54282;13504;48400;6244;35884
evaluation,4610,44442;65581;54538;65180;24581;15970;79524;64522;2027;8604
evaluation,4611,81338;8276;23638;80230;81768;76764;81357;2996;47252;88748
evaluation,4612,3468;6396;36385;77368;40062;68052;98468;16493;3136;4996
evaluation,4613,8006;18238;12224;6078;56582;61945;8502;342;7830;1672
evaluation,4614,35832;3496;87388;18640;22078;24220;22306;19372;41770;3828
evaluation,4615,25442;27818;71330;26970;23112;36385;28190;95082;22749;69708
evaluation,4616,84748;96702;10016;30359;31216;51394;29250;32378;36862;68414
evaluation,4617,44954;45026;21606;71330;2038;42618;84748;59526;95606;61945
evaluation,4618,38248;3828;41602;30192;54786;9890;15356;74426;21958;14722
evaluation,4619,35040;3434;887;2668;73268;76644;4952;2068;798;340
evaluation,4620,31042;47926;65998;1094;6824;48400;54282;95268;13504;92354
evaluation,4621,64736;90522;60400;63472;98872;2092;51792;41528;14604;75582
evaluation,4622,340;376;63880;69619;77510;24220;20814;16114;36592;10682
evaluation,4623,45174;3140;87728;2222;17014;17326;32719;71904;95274;86686
evaluation,4624,9552;82523;82994;20320;946;30028;74646;43844;61420;50280
evaluation,4625,4250;74646;95274;14454;834;73720;87728;2526;19030;59512
evaluation,4626,11930;3032;44738;52420;20386;26298;29594;61065;49080;58215
evaluation,4627,7284;16036;6787;57102;38334;56564;47896;65696;27750;34393
evaluation,4628,34628;1410;2492;35850;82836;12090;23338;23713;39488;2955
evaluation,4629,86956;91988;86577;420;88788;22476;87336;10682;87068;87728
evaluation,4630,68994;86956;442;420;91988;86577;33540;8386;89042;96169
evaluation,4631,86577;88788;86956;420;87336;49076;2564;91988;96434;45446
evaluation,4632,5428;88788;6078;8724;420;50268;86956;87336;89024;91988
evaluation,4633,51148;41498;11328;2492;23713;27042;44702;26810;1402;96169
evaluation,4634,96944;53432;7914;31816;42320;4116;2868;30652;45412;6794
evaluation,4635,32120;89894;65370;25102;50990;78402;82920;2380;3746;14992
evaluation,4636,1260;3114;1732;14770;94242;36030;30148;14274;16280;910
evaluation,4637,496;1330;32754;13514;92354;46412;48690;3136;81382;8506
evaluation,4638,76944;26780;80230;72190;28536;83533;17458;74808;54538;50439
evaluation,4639,70131;78702;21694;35032;79646;27266;50070;10850;90410;39286
evaluation,4640,38887;68590;2078;21286;69256;2836;21642;6194;81145;72334
evaluation,4641,22492;34476;75086;21547;33016;86870;612;27150;39488;27107
evaluation,4642,65880;38016;99476;90534;2967;6712;95980;61616;63558;1424
evaluation,4643,37055;72119;33736;23718;21170;38248;21134;23674;23859;41696
evaluation,4644,55450;56112;81268;34536;7426;18018;39401;66106;83264;58060
evaluation,4645,89472;13242;23338;4592;15200;9388;39488;12318;12090;75986
evaluation,4646,2267;96444;96414;1494;5256;49774;9910;74844;4664;3108
evaluation,4647,13712;65581;1382;15970;24581;1260;31950;54538;97838;13958
evaluation,4648,896;57566;59132;84340;90;69562;49396;2080;72940;7290
evaluation,4649,89472;13242;23338;4592;39488;15200;9388;4440;30070;1396
evaluation,4650,96444;96414;5256;23713;66044;49774;4664;9916;5086;91172
evaluation,4651,84748;29250;946;14550;30359;71404;85676;6278;68414;2926
evaluation,4652,23928;4588;16830;73268;45228;18738;3032;41034;21448;33644
evaluation,4653,20302;22306;2318;86026;390;18640;22078;3828;28452;12864
evaluation,4654,99234;79807;89024;53478;46196;57182;3346;4952;48026;887
evaluation,4655,94954;72190;28536;26780;39286;52452;76944;99564;79358;70131
evaluation,4656,99564;70131;79358;99020;79646;50070;91580;90410;38920;14512
evaluation,4657,56112;34536;724;83264;10760;66106;1732;81666;3668;9676
evaluation,4658,37636;56930;29122;21694;78702;70131;79646;90410;83956;49120
evaluation,4659,97259;97806;17458;17048;49986;20662;1766;3256;46104;46232
evaluation,4660,92321;80668;7150;54194;27818;71694;28190;7410;20694;96912
evaluation,4661,3136;56766;48690;48216;45237;3306;39624;81382;14150;92354
evaluation,4662,2092;51792;64736;7336;72828;90522;732;63472;20974;10855
evaluation,4663,18330;20152;20488;13958;13712;18680;55150;52764;69562;29858
evaluation,4664,81768;81338;30704;10276;2290;23214;2190;2996;3020;98937
evaluation,4665,2234;49297;632;13252;5836;7762;14054;12964;38334;17770
evaluation,4666,46752;1148;17048;17458;49986;90712;83533;81338;2190;98376
evaluation,4667,64750;74260;24259;77100;74540;75848;93086;424;12314;53586
evaluation,4668,93448;16420;22862;3166;18746;53208;53398;60;86574;23924
evaluation,4669,27818;25442;71330;36385;28190;23112;26970;95082;69708;80840
evaluation,4670,115;19714;31242;29788;3944;10596;532;39624;76816;1072
evaluation,4671,3864;8914;45412;802;64102;76818;1428;968;78390;74540
evaluation,4672,42556;9182;23928;85676;38536;84748;5086;53592;2248;7914
evaluation,4673,85654;798;24458;19948;6278;1022;34628;73044;98690;35962
evaluation,4674,35040;4952;73268;76644;2668;3434;887;76672;35402;31042
evaluation,4675,9592;23626;10682;23718;10887;46392;12402;72932;30864;10894
evaluation,4676,38016;90534;34814;65880;61616;89548;17376;96434;28908;77080
evaluation,4677,6194;80914;21286;54524;73242;96394;8398;8406;33270;6366
evaluation,4678,62756;54194;1940;37282;47278;3032;62213;18590;96912;31234
evaluation,4679,27662;31850;17106;7150;98636;24581;14992;88676;35124;13880
evaluation,4680,11328;27042;72828;49252;35962;4426;23713;90522;12090;12318
evaluation,4681,98853;6134;56460;17632;33016;22844;11772;8938;70974;63472
evaluation,4682,27818;25442;71330;36385;28190;23112;26970;95082;69708;80840
evaluation,4683,41328;19714;81382;49302;532;19562;9762;68262;1094;41302
evaluation,4684,2267;96444;96414;1494;49774;5256;9910;1338;4664;34268
evaluation,4685,21958;22788;16420;1348;9074;38326;38248;50950;54786;68056
evaluation,4686,76492;19948;51394;66836;30359;94218;61967;42320;37938;6278
evaluation,4687,3032;11930;44738;20386;52420;29594;5738;15750;702;55432
evaluation,4688,6278;50512;55362;3975;20264;2248;80840;76492;30359;58602
evaluation,4689,31627;1366;3662;17824;11916;95582;86686;12290;7391;398
evaluation,4690,79807;99234;2526;57182;53478;89024;46196;61746;3346;86577
evaluation,4691,37055;80112;8008;33736;56582;98730;72119;30864;20814;61945
evaluation,4692,46392;17530;17328;4250;1236;98730;17326;3114;14454;11140
evaluation,4693,88748;97662;4708;47896;22494;71043;19546;63862;31510;39418
evaluation,4694,19274;42148;47926;41010;6008;18240;30758;59134;48690;60388
evaluation,4695,3468;68052;48866;6396;4712;8604;3136;36385;77368;8708
evaluation,4696,24650;2316;3468;10174;8604;8676;6960;1732;13582;16493
evaluation,4697,19828;442;93094;26810;74256;3718;91970;48026;68994;8290
evaluation,4698,3032;11930;44738;20386;5738;61065;49080;26298;52420;29594
evaluation,4699,532;115;19714;31242;29582;588;19562;40984;29788;1072
evaluation,4700,2267;1494;96444;49774;96414;5256;31216;74844;4664;9910
evaluation,4701,27658;1672;9676;94218;24690;44166;49358;18786;654;20198
evaluation,4702,64484;37794;40971;11930;97962;44738;80850;1022;7914;17328
evaluation,4703,80840;18738;30359;21084;96702;20264;1680;2248;96444;96414
evaluation,4704,2318;20302;18640;48752;22306;390;86026;28452;3828;5642
evaluation,4705,9592;23626;10682;30864;72090;96344;3194;12402;80112;23718
evaluation,4706,4946;4276;85138;58602;18640;45206;5642;38016;3975;22006
evaluation,4707,35040;3434;73268;2668;76644;887;4952;2068;57164;398
evaluation,4708,77510;31264;63880;95758;80112;10682;75834;7988;49326;5506
evaluation,4709,99234;79807;2526;53478;57182;89024;86956;88788;86577;3346
evaluation,4710,37055;56582;12224;61945;31139;8008;342;23859;80112;16728
evaluation,4711,2222;87728;95274;17326;17014;32719;1430;59512;3140;5280
evaluation,4712,7630;5428;87336;4952;88788;86956;6616;2955;10122;37624
evaluation,4713,95930;5642;55362;3975;58602;4946;4276;398;45026;86026
evaluation,4714,79358;50070;26780;70131;94954;26312;76944;90712;27266;12292
evaluation,4715,70131;99564;99020;79646;21694;90410;24200;32750;56930;79358
evaluation,4716,32750;39286;50070;21694;37636;77109;56930;70214;87297;91580
evaluation,4717,88748;56564;97662;4708;31510;47896;89232;17368;92788;46752
evaluation,4718,46748;71020;8276;5362;71043;81768;30704;25168;79516;472
evaluation,4719,86396;19546;32814;73644;62738;1170;10408;61208;3352;3108
evaluation,4720,49297;13886;51638;7762;632;10720;2008;50208;13252;3262
evaluation,4721,50190;3352;11532;14014;31864;79494;18138;16976;32814;77464
evaluation,4722,496;1330;32754;13514;54194;4996;7150;2994;6314;92321
evaluation,4723,10174;24650;1732;6960;48244;3827;15970;13582;10016;8676
evaluation,4724,46516;31234;82920;73070;93030;17868;16116;67716;3646;94304
evaluation,4725,14992;16616;35124;13880;2538;27662;98636;88676;90256;2772
evaluation,4726,17106;27662;2538;53476;2054;98636;3264;5484;89894;97108
evaluation,4727,22306;17326;14162;21134;54786;34814;85539;3828;21170;51884
evaluation,4728,4952;2668;73268;76672;38536;76644;91884;18430;3434;887
evaluation,4729,48752;41078;31264;41378;34940;17824;7391;38016;77080;22306
evaluation,4730,45174;3140;87728;17326;59512;81038;17014;32719;71904;10122
evaluation,4731,91988;86956;420;19372;87336;1826;88788;86577;5428;18640
evaluation,4732,86396;73644;71404;61945;73418;87366;78402;57876;10310;48610
evaluation,4733,26970;25442;52420;11142;14604;57756;2706;4894;27818;1644
evaluation,4734,66836;33416;44954;47278;19948;6278;50512;26682;61967;69568
evaluation,4735,9464;2900;1880;1434;483;8812;9118;4368;4984;3956
evaluation,4736,910;88676;47758;50990;7804;17106;38422;62756;43760;27818
evaluation,4737,88748;97662;17368;47896;19546;71043;39418;4708;62322;63862
evaluation,4738,85654;95082;6278;11210;84748;61967;20650;91884;40971;9182
evaluation,4739,20014;21886;13182;31698;2280;14266;27750;78702;2188;8982
evaluation,4740,49297;13252;632;3918;7191;6346;7316;9332;14012;50208
evaluation,4741,4536;20014;13182;26052;30704;57410;19208;31152;2190;81768
evaluation,4742,55450;52452;56112;83194;81268;18018;50439;89480;7575;2398
evaluation,4743,65581;26090;65180;7988;44442;76944;43392;7914;55806;49494
evaluation,4744,20974;90522;64736;75582;10855;51792;27042;2092;63472;59986
evaluation,4745,4946;96150;45206;53592;53912;11528;9696;53292;4276;58602
evaluation,4746,88748;97662;31510;4708;46752;92788;1170;81768;5362;80230
evaluation,4747,16080;31550;68262;10122;48140;54258;49302;96246;92418;56370
evaluation,4748,65180;46460;65581;52266;59882;6278;85654;49774;40971;2267
evaluation,4749,77510;7988;31264;56582;80112;20814;58776;22752;63880;376
evaluation,4750,64522;34372;5358;63880;13338;66364;16114;91864;69619;87800
evaluation,4751,10444;5620;12522;67412;4908;13868;8144;34916;9760;2056
evaluation,4752,88748;13182;78164;4708;46104;5362;1170;97662;35884;84324
evaluation,4753,11532;58832;2188;18138;13386;45964;3352;39406;67287;50382
evaluation,4754,1146;2536;65646;80286;11142;31242;57756;37248;47926;1094
evaluation,4755,65581;7914;44442;65180;26090;43392;28594;96944;49494;53398
evaluation,4756,4664;96414;96444;49774;5256;5484;1494;20198;5086;9910
evaluation,4757,86396;3352;392;73418;71126;12854;34814;3108;3114;31368
evaluation,4758,9124;71404;73418;1672;342;16728;8006;8502;7830;73644
evaluation,4759,97806;94218;97259;60596;13338;4166;3020;372;30870;1422
evaluation,4760,63880;332;19510;340;14274;874;376;12864;3006;53472
evaluation,4761,14992;35124;98636;16616;13880;88676;41092;27662;2538;28376
evaluation,4762,2996;56358;22893;1378;23890;8280;91582;49120;19208;764
evaluation,4763,3194;73644;71404;45446;9124;73418;37938;1672;33736;80572
evaluation,4764,21886;78702;20014;8982;13182;77464;31698;8708;2280;29330
evaluation,4765,54538;28594;31950;31850;37602;1382;36172;38928;48400;2772
evaluation,4766,44930;10016;26090;73124;6278;7914;51394;412;30359;91884
evaluation,4767,32814;51546;88748;71126;47896;66866;4708;70994;19546;61208
evaluation,4768,69568;65180;87554;7914;85388;2604;26090;65581;65522;844
evaluation,4769,88676;910;22749;94242;47758;37602;27818;38422;23112;14604
evaluation,4770,31042;65998;67186;5676;9376;47926;5952;54282;1162;37356
evaluation,4771,28190;54194;62756;41162;8676;96912;14454;32120;12854;27818
evaluation,4772,28948;21712;2706;49056;92354;80668;92321;496;7150;6006
evaluation,4773,98730;80572;80112;14422;12402;16728;3194;10894;72119;994
evaluation,4774,73418;9124;73644;71404;56582;1672;12224;16728;80112;37938
evaluation,4775,3658;3194;82994;82523;16728;73644;77326;61945;1672;71404
evaluation,4776,71404;3194;98730;9124;73644;73418;1672;37938;59296;9592
evaluation,4777,574;76628;33556;522;48610;58584;13668;10310;28376;41092
evaluation,4778,43600;22128;68404;88130;590;90974;234;37248;31379;24760
evaluation,4779,97838;87064;1472;23894;69256;7898;3476;49358;73124;81038
evaluation,4780,20766;83412;69582;2594;56450;588;1080;31242;1148;11220
evaluation,4781,64736;60400;63472;90522;20974;98872;51792;732;58215;59986
evaluation,4782,41450;53672;2267;68932;65160;96944;10760;81768;43392;412
evaluation,4783,86396;3352;71126;2280;45964;10408;62738;87590;292;63084
evaluation,4784,79807;57182;99234;53478;89024;2526;88788;86956;45228;3346
evaluation,4785,3718;8724;19828;420;96169;26810;33540;1396;1402;12224
evaluation,4786,19510;95606;60042;887;89024;14934;20952;23859;552;63880
evaluation,4787,9552;23124;23626;22476;4594;16622;19846;5760;28452;9890
evaluation,4788,332;63880;53472;1430;11574;12211;874;14274;376;19510
evaluation,4789,37055;31139;38398;23859;66364;45446;56582;4114;8208;8008
evaluation,4790,2526;57182;79807;99234;53478;89024;45228;3346;33540;46392
evaluation,4791,47018;47098;47012;85584;4116;3114;21134;33786;37624;41450
evaluation,4792,3140;45174;17326;81038;95274;2222;53586;17014;87728;71904
evaluation,4793,2868;6440;26970;702;13598;75848;16080;54786;22306;14171
evaluation,4794,31264;3662;8290;1394;72119;5506;46232;58718;14895;8144
evaluation,4795,31550;18364;18726;92418;68262;49302;4762;16080;48140;3194
evaluation,4796,17106;27662;22568;7138;71934;7898;98636;48400;97108;3264
evaluation,4797,65581;7914;44442;26090;65180;43392;28594;54538;49494;96944
evaluation,4798,38558;73309;41498;82836;35850;2492;732;2392;12952;78390
evaluation,4799,9592;23626;72932;12402;61746;10682;23718;96344;57182;10894
evaluation,4800,43600;68404;88130;22128;590;234;37248;90974;31379;23082
evaluation,4801,2900;3956;6618;9464;17458;1896;28536;23594;6886;6614
evaluation,4802,7988;65581;26090;7914;65180;43392;44442;76944;33736;58060
evaluation,4803,99838;10988;92286;24524;54282;87755;2989;61190;5952;44784
evaluation,4804,63880;12864;11574;874;53472;12290;19510;1430;332;88788
evaluation,4805,4514;65880;98102;4594;2068;61616;77080;89548;1236;59630
evaluation,4806,23638;2996;81768;17458;81338;7696;51546;46104;80230;74152
evaluation,4807,54194;1260;62756;51696;140;36348;1046;94034;104;13582
evaluation,4808,2078;2836;26104;13212;36604;24581;4688;87554;1756;2380
evaluation,4809,73309;66044;92988;35850;26682;802;49494;69568;23713;16420
evaluation,4810,41450;9916;2267;4100;53672;10760;49774;68932;412;43392
evaluation,4811,35040;887;3434;4952;2668;73268;798;77306;76644;89024
evaluation,4812,88670;39624;1094;48690;1247;49056;924;88846;532;6824
evaluation,4813,54194;2994;28190;35124;9828;28376;73026;80668;37602;96912
evaluation,4814,14014;23344;13182;39618;16708;66560;39398;3352;11532;37800
evaluation,4815,1060;5272;51148;56460;35962;732;41498;8938;944;90522
evaluation,4816,98853;56460;6134;22844;17632;33016;10855;64736;1060;70974
evaluation,4817,732;29154;56460;68262;98853;3612;44702;2492;6134;51148
evaluation,4818,98853;56460;6134;22844;17632;33016;64736;1060;10855;732
evaluation,4819,1398;50256;17328;28916;1362;8386;4944;9890;97741;3864
evaluation,4820,66836;26682;44954;21606;2038;3002;11060;1500;33416;1200
evaluation,4821,84748;14550;68414;52526;85676;96444;31216;71404;96414;28676
evaluation,4822,85654;95082;42320;12486;20212;40971;8760;73044;43844;10316
evaluation,4823,84340;73309;39488;86026;82836;96169;52030;74192;38558;20406
evaluation,4824,6078;12224;18238;80112;22752;75834;10682;20814;30864;80572
evaluation,4825,282;62124;77252;78728;20120;90438;29270;37476;98080;76996
evaluation,4826,334;3006;69619;89024;26392;66364;552;1900;49076;95606
evaluation,4827,1155;896;27434;2080;57390;78232;59132;57566;92286;90
evaluation,4828,46104;78164;35884;2996;24504;22893;71043;88748;20662;2314
evaluation,4829,36040;10960;16090;73290;10276;65522;2290;12910;81768;13868
evaluation,4830,15282;39854;23214;96944;81768;80866;20014;55806;10276;45964
evaluation,4831,86396;45964;10276;87590;3352;33270;10408;22893;23344;71126
evaluation,4832,39418;94748;6150;88748;10720;89232;632;87297;97662;9062
evaluation,4833,910;14770;94242;88676;69708;47758;31456;24581;36348;35124
evaluation,4834,89894;65370;82920;32120;78402;32384;25102;50990;69801;71330
evaluation,4835,3468;6396;8604;36385;77368;6960;3136;4712;63404;10174
evaluation,4836,1094;88670;69794;39624;588;33560;924;1247;29582;3136
evaluation,4837,16080;54258;68262;31550;57048;94242;56370;10122;31622;49302
evaluation,4838,51448;35572;32020;45237;19767;71646;27572;93546;72456;1442
evaluation,4839,69662;11960;63534;65160;78402;8398;5900;49396;46150;8712
evaluation,4840,20694;33556;65370;23790;1400;89894;7150;8648;16493;88676
evaluation,4841,39286;91580;32750;87297;27266;50070;21694;86654;4416;77109
evaluation,4842,234;22128;95274;2080;2222;24760;1155;43600;15363;3000
evaluation,4843,8276;81338;81768;23638;31202;20662;2996;80230;99020;74808
evaluation,4844,97806;97259;17048;12850;3256;1766;10586;29116;69510;61408
evaluation,4845,2900;3956;6618;28536;1736;2351;6614;17458;16090;9118
evaluation,4846,65646;16448;69708;910;54282;11142;9828;94242;96464;23338
evaluation,4847,32120;25102;32384;82920;69801;50990;65370;28190;89894;16116
evaluation,4848,33556;14686;65370;7150;13880;2026;89894;25102;23790;18726
evaluation,4849,16448;65646;54282;11142;140;20912;96464;9828;38422;27818
evaluation,4850,28948;94616;15884;9676;92321;68262;5952;25102;21712;75986
evaluation,4851,11828;11308;9762;9438;22816;57962;23558;41010;83702;19767
evaluation,4852,574;522;2344;76628;14770;1080;77368;31456;48610;27626
evaluation,4853,85654;95082;6278;11210;61967;84748;76672;20650;91884;40971
evaluation,4854,29858;44442;65581;68932;2267;65180;65160;31950;5948;2654
evaluation,4855,4440;44450;44702;56460;76816;7368;63534;11960;44378;3600
evaluation,4856,9332;9118;1118;6354;7918;13868;1434;1002;7762;3754
evaluation,4857,50190;77464;29330;7575;412;3668;27138;73850;6178;2206
evaluation,4858,23338;35378;9074;9388;75986;68262;61540;13242;51792;4592
evaluation,4859,98194;83904;66438;98376;29410;97662;4539;13598;1202;42062
evaluation,4860,5836;33222;50208;75176;632;1422;39418;63084;4539;10720
evaluation,4861,32814;31864;67287;50382;4570;16976;18138;45964;66866;37800
evaluation,4862,78164;2996;31510;76764;83552;31132;98194;84324;98210;7575
evaluation,4863,97662;22494;17368;76764;8196;13252;33222;39418;88748;51546
evaluation,4864,10720;89932;98376;10646;632;75176;4539;89232;22494;94748
evaluation,4865,15200;19828;26810;93094;96169;74256;22650;86026;54404;3438
evaluation,4866,1247;39624;924;1094;88670;69794;19280;588;81382;48690
evaluation,4867,48400;21052;4166;63336;71934;47926;14580;59134;40806;7898
evaluation,4868,44260;53132;16558;15356;41602;9890;74426;3308;54404;64102
evaluation,4869,30192;3438;21958;74766;96169;38248;18310;64102;44260;2890
evaluation,4870,1247;39624;924;88670;19280;48690;69794;1094;3306;40984
evaluation,4871,64354;69662;65160;37282;41328;14992;724;25296;39760;92670
evaluation,4872,26970;25442;11142;14604;1644;27818;68262;57756;2706;52420
evaluation,4873,33560;29788;29582;40984;56168;24478;115;39624;19714;31242
evaluation,4874,16728;3658;82994;18238;82523;1672;3194;77326;71404;46392
evaluation,4875,39286;37636;32750;49120;31790;56930;50070;28900;26780;91580
evaluation,4876,55450;56112;7426;39401;18018;81268;56028;56106;4416;28456
evaluation,4877,98376;98210;94748;89932;10720;10646;75176;632;81145;13252
evaluation,4878,34370;28948;24690;13608;95082;20650;49358;9676;654;94616
evaluation,4879,29788;29582;40984;33560;56168;19714;39624;31242;115;24478
evaluation,4880,95082;20212;10316;78702;3956;6618;2351;1644;43157;1586
evaluation,4881,75176;89932;98376;13252;632;4539;10720;85388;7426;94748
evaluation,4882,89932;94748;10720;34916;632;46752;7426;54964;39418;98376
evaluation,4883,76764;97662;17368;94214;41068;22494;88748;78164;46748;83398
evaluation,4884,97662;76764;83398;22494;31510;88748;5362;89232;75176;78164
evaluation,4885,19208;2188;26052;57410;8982;56358;30704;65281;25514;2594
evaluation,4886,94748;49986;98376;75176;13252;42062;1766;98210;632;89932
evaluation,4887,16708;31698;18278;23632;29338;31594;96792;68542;56564;32129
evaluation,4888,97662;22494;89232;78164;63084;56786;17368;90476;71043;56312
evaluation,4889,89932;10720;98376;75176;10646;94748;632;4539;22494;56786
evaluation,4890,3020;78164;17368;13252;22494;23380;76764;23702;31510;7575
evaluation,4891,1330;496;13514;80668;32754;7150;2994;92354;6314;22568
evaluation,4892,96344;81038;66364;49076;45478;3006;10754;23124;33786;86686
evaluation,4893,38536;9696;91884;84748;85676;11528;14812;3975;44954;76672
evaluation,4894,11574;30186;64522;12290;13338;87800;874;53472;52234;34372
evaluation,4895,74646;9552;69619;26392;50602;332;1500;2132;10682;24676
evaluation,4896,19510;34372;69619;26350;48026;20952;63880;16114;23859;398
evaluation,4897,2008;55450;7426;1002;13252;89480;56106;56028;56112;7762
evaluation,4898,99234;2526;79807;3346;57182;53478;89024;86956;46196;88788
evaluation,4899,44702;56460;6134;22844;29722;4440;33016;2814;17632;23674
evaluation,4900,80840;3975;55362;20264;69394;18738;30359;21084;4946;42618
evaluation,4901,11930;3032;44738;20386;26298;52420;61065;49080;2035;27205
evaluation,4902,42006;78858;21547;52266;49494;18805;39488;612;35962;1568
evaluation,4903,332;63880;798;19510;552;376;340;92758;874;88788
evaluation,4904,38248;74766;21958;30192;18310;3308;96169;3438;9890;44260
evaluation,4905,98376;98210;632;89932;32750;94748;10720;5836;10646;75176
evaluation,4906,33556;14686;65370;7150;89894;20152;13880;19914;25102;2026
evaluation,4907,1247;19280;924;39624;48690;48216;88670;6224;78380;26364
evaluation,4908,98376;94748;632;10720;89932;13252;75176;98210;42062;4539
evaluation,4909,8196;9332;54964;2290;62902;2844;8190;7316;31202;90476
evaluation,4910,75176;89932;632;10720;13252;4539;98376;7426;94748;31864
evaluation,4911,17368;89232;56786;4708;90476;63862;22494;88748;42062;21508
evaluation,4912,68590;39314;96394;11996;99564;85412;37832;6194;69256;16080
evaluation,4913,4440;64736;3944;1396;9590;1060;1402;3444;50750;30070
evaluation,4914,1247;924;19280;48216;88670;39624;6224;48690;3306;78380
evaluation,4915,85654;6278;33644;95082;9182;61967;76492;84748;34268;40971
evaluation,4916,13242;26810;30070;19828;4592;15200;4440;23338;12318;12090
evaluation,4917,39418;94748;34916;7426;75176;10720;13252;89932;17368;10646
evaluation,4918,332;798;81572;91864;85584;4264;552;19510;38536;398
evaluation,4919,17326;87728;2222;95274;1900;59512;2564;5280;71904;72932
evaluation,4920,75176;98376;89932;13252;632;98210;10646;7426;94748;83398
evaluation,4921,97806;97259;94218;60596;4166;13338;372;3020;198;46230
evaluation,4922,39618;29410;15282;76497;31510;2190;75176;472;23214;2594
evaluation,4923,23558;22816;41642;12166;11308;11828;12968;35812;9762;13212
evaluation,4924,622;50588;32584;54812;9910;3944;12716;6828;56162;20198
evaluation,4925,22494;76764;88748;97662;83398;17368;13252;4708;78164;89232
evaluation,4926,63472;75582;49080;64736;59986;61540;58215;3946;10855;98872
evaluation,4927,65581;44442;7914;49494;26090;65180;43392;54538;52266;53672
evaluation,4928,35040;3434;4952;73268;887;76644;2668;68698;340;2068
evaluation,4929,398;552;3006;22912;23124;334;69619;12535;91864;1900
evaluation,4930,89932;94748;10720;56450;7426;34916;54964;632;75176;46752
evaluation,4931,88748;24504;63862;92788;4708;94214;5362;78164;8276;31202
evaluation,4932,55806;99020;27228;14512;91580;88014;14114;80866;21356;26780
evaluation,4933,31698;14266;18278;29338;27750;32129;68542;7284;31594;20014
evaluation,4934,2604;22306;38632;5760;75834;38248;53132;54404;54786;16128
evaluation,4935,73644;16728;3194;82523;82994;3658;71404;61945;77326;1672
evaluation,4936,50208;632;13252;92788;22494;18706;80230;51546;6150;10720
evaluation,4937,14132;1247;532;19714;924;1162;39624;115;1094;31242
evaluation,4938,11828;23558;9438;9762;5952;22816;11308;51696;30758;36604
evaluation,4939,1330;92354;7150;62756;93860;59667;71694;9676;97108;43658
evaluation,4940,21286;68590;73242;6194;87590;94370;62250;38887;91242;40310
evaluation,4941,16616;7150;27662;88460;98636;37282;14992;31850;88676;13880
evaluation,4942,19510;34372;47098;20952;63880;26350;95606;44954;398;57164
evaluation,4943,74646;69619;95274;9552;26392;332;50602;10682;61746;24676
evaluation,4944,65998;1162;2134;68404;9376;2287;24524;67186;9676;10988
evaluation,4945,282;62124;78728;29270;37476;77252;90438;20120;98080;86510
evaluation,4946,15884;20650;1200;53672;34370;94616;2989;7914;93448;5730
evaluation,4947,56460;98853;6134;17632;33016;22844;44702;8938;72828;68262
evaluation,4948,44450;11436;44378;3600;18310;74194;35962;3894;78822;35850
evaluation,4949,23338;50950;21958;9074;3308;38501;22788;38248;68056;9388
evaluation,4950,9388;29028;61540;12;75582;14604;27150;11772;14836;35378
evaluation,4951,85654;95082;6278;84748;11210;61967;20650;9696;21084;91884
evaluation,4952,65581;7914;26090;44442;43392;65180;27626;52266;53672;96944
evaluation,4953,19828;93094;26810;968;3864;54556;802;54404;16381;67048
evaluation,4954,22078;19372;5642;58602;398;55362;86026;4946;41770;3975
evaluation,4955,9592;23626;23718;10682;72090;12402;80112;30864;10894;3194
evaluation,4956,332;63880;53472;1430;874;11574;12211;45026;12535;14274
evaluation,4957,4984;10850;53592;21674;9464;89252;59964;42556;98690;1200
evaluation,4958,94954;19260;29402;4368;76944;50190;4218;54016;98468;30704
evaluation,4959,88748;76764;83398;97662;31510;59964;51546;74808;78164;8276
evaluation,4960,35572;45237;51448;32020;19767;71646;27572;93546;72456;32936
evaluation,4961,96150;10887;398;9696;23928;53592;31379;11528;4276;4946
evaluation,4962,76764;97662;39418;22494;74808;88748;51546;17368;75176;4708
evaluation,4963,24160;22476;89024;6078;47098;47012;48026;19510;19090;89042
evaluation,4964,73644;56582;73418;9124;18238;12224;1672;71404;8006;61945
evaluation,4965,27818;71330;28190;25442;36385;23112;26970;16116;80840;95082
evaluation,4966,65581;65180;7914;43392;44442;2920;26090;81338;55806;52266
evaluation,4967,9124;37938;73644;98730;73418;1672;71404;10682;9592;80112
evaluation,4968,50186;96912;46104;61967;8044;392;71495;84748;2996;35832
evaluation,4969,35040;3434;76478;4952;76644;28510;11908;91884;11996;887
evaluation,4970,9552;30028;14060;82994;82523;74646;51956;43550;50602;43844
evaluation,4971,62124;282;20120;29270;90438;78728;77252;17770;86510;9438
evaluation,4972,49076;3006;334;332;95606;38536;85676;5280;33786;12535
evaluation,4973,78702;21886;8982;20014;38920;8708;1788;23214;77464;13182
evaluation,4974,81768;31132;20014;81338;31510;73778;10276;71020;92786;57410
evaluation,4975,89932;94748;7426;10720;56450;34916;54964;90108;75176;632
evaluation,4976,98376;632;89932;98210;94748;97662;13252;62322;75176;10646
evaluation,4977,32814;11698;16976;3352;16866;70994;66866;31864;50956;79494
evaluation,4978,1330;496;13514;54194;32754;7150;92354;80668;2994;6314
evaluation,4979,16080;38928;49302;92418;12854;94242;54258;18726;18364;342
evaluation,4980,24650;10174;8676;6960;3468;8604;15970;13582;18430;48244
evaluation,4981,11436;3600;44450;44378;44702;74194;18310;732;4426;61065
evaluation,4982,49252;4426;82836;34628;12090;52286;76816;27042;23713;38558
evaluation,4983,66836;91864;1968;52266;47278;33416;1200;412;16850;61967
evaluation,4984,59750;45478;87800;14812;63558;49076;47018;95606;57596;72932
evaluation,4985,43392;4664;66044;49774;82659;5484;99060;53398;93448;9440
evaluation,4986,65581;28594;44278;53208;11060;3166;29858;54538;29594;40440
evaluation,4987,52764;78130;31042;59667;7150;28948;10310;1080;2026;27818
evaluation,4988,63880;332;19510;340;874;14274;81572;21134;552;376
evaluation,4989,43600;88130;590;234;68404;37248;24760;22128;23082;98924
evaluation,4990,2900;3956;6618;28536;17458;1736;3020;89252;13342;2351
evaluation,4991,72190;94954;76944;64834;26780;1148;47238;2054;14512;74152
evaluation,4992,75176;11108;10646;13252;83398;98376;49986;89932;632;85388
evaluation,4993,41162;28190;54194;27818;50990;62756;96912;80668;92321;1260
evaluation,4994,3658;16728;61945;73644;3194;82994;82523;77326;71404;1672
evaluation,4995,1247;924;19280;39624;88670;6224;48690;48216;26364;78380
evaluation,4996,9602;6960;3468;54194;6396;8676;2380;74158;64626;10174
evaluation,4997,22494;88748;17368;76764;4539;83398;89232;78164;97662;89480
evaluation,4998,33556;14686;65370;7150;2026;13880;89894;18726;25102;23790
evaluation,4999,28948;2195;6440;75986;31622;13598;94616;9676;26970;59667
