system,eligible,repetition,ordinal,query,latency_ns_e2e
qenlo_cuda_buffered_prototype,1000,0,0,49,95054
qenlo_cuda_buffered_prototype,1000,0,1,99,78502
qenlo_cuda_buffered_prototype,1000,0,2,6,80806
qenlo_cuda_buffered_prototype,1000,0,3,38,75149
qenlo_cuda_buffered_prototype,1000,0,4,50,73822
qenlo_cuda_buffered_prototype,1000,0,5,67,74311
qenlo_cuda_buffered_prototype,1000,0,6,96,75708
qenlo_cuda_buffered_prototype,1000,0,7,23,79060
qenlo_cuda_buffered_prototype,1000,0,8,75,72845
qenlo_cuda_buffered_prototype,1000,0,9,0,89886
qenlo_cuda_buffered_prototype,1000,0,10,69,75220
qenlo_cuda_buffered_prototype,1000,0,11,8,74311
qenlo_cuda_buffered_prototype,1000,0,12,28,76197
qenlo_cuda_buffered_prototype,1000,0,13,87,73752
qenlo_cuda_buffered_prototype,1000,0,14,74,76197
qenlo_cuda_buffered_prototype,1000,0,15,60,73334
qenlo_cuda_buffered_prototype,1000,0,16,25,73334
qenlo_cuda_buffered_prototype,1000,0,17,37,71378
qenlo_cuda_buffered_prototype,1000,0,18,46,75638
qenlo_cuda_buffered_prototype,1000,0,19,81,76198
qenlo_cuda_buffered_prototype,1000,0,20,97,72915
qenlo_cuda_buffered_prototype,1000,0,21,57,88001
qenlo_cuda_buffered_prototype,1000,0,22,42,78153
qenlo_cuda_buffered_prototype,1000,0,23,83,71937
qenlo_cuda_buffered_prototype,1000,0,24,62,73334
qenlo_cuda_buffered_prototype,1000,0,25,58,73334
qenlo_cuda_buffered_prototype,1000,0,26,56,74800
qenlo_cuda_buffered_prototype,1000,0,27,40,72915
qenlo_cuda_buffered_prototype,1000,0,28,9,73823
qenlo_cuda_buffered_prototype,1000,0,29,29,74731
qenlo_cuda_buffered_prototype,1000,0,30,55,73334
qenlo_cuda_buffered_prototype,1000,0,31,89,75708
qenlo_cuda_buffered_prototype,1000,0,32,78,74311
qenlo_cuda_buffered_prototype,1000,0,33,32,73333
qenlo_cuda_buffered_prototype,1000,0,34,94,96102
qenlo_cuda_buffered_prototype,1000,0,35,63,76128
qenlo_cuda_buffered_prototype,1000,0,36,15,72356
qenlo_cuda_buffered_prototype,1000,0,37,22,75220
qenlo_cuda_buffered_prototype,1000,0,38,19,76686
qenlo_cuda_buffered_prototype,1000,0,39,10,74242
qenlo_cuda_buffered_prototype,1000,0,40,14,73823
qenlo_cuda_buffered_prototype,1000,0,41,21,78572
qenlo_cuda_buffered_prototype,1000,0,42,3,74730
qenlo_cuda_buffered_prototype,1000,0,43,73,73753
qenlo_cuda_buffered_prototype,1000,0,44,79,72355
qenlo_cuda_buffered_prototype,1000,0,45,91,75219
qenlo_cuda_buffered_prototype,1000,0,46,90,90375
qenlo_cuda_buffered_prototype,1000,0,47,2,77175
qenlo_cuda_buffered_prototype,1000,0,48,47,77594
qenlo_cuda_buffered_prototype,1000,0,49,16,73822
qenlo_cuda_buffered_prototype,1000,0,50,13,75290
qenlo_cuda_buffered_prototype,1000,0,51,52,74800
qenlo_cuda_buffered_prototype,1000,0,52,44,72914
qenlo_cuda_buffered_prototype,1000,0,53,43,75219
qenlo_cuda_buffered_prototype,1000,0,54,72,81296
qenlo_cuda_buffered_prototype,1000,0,55,26,72426
qenlo_cuda_buffered_prototype,1000,0,56,45,75709
qenlo_cuda_buffered_prototype,1000,0,57,86,72496
qenlo_cuda_buffered_prototype,1000,0,58,80,72426
qenlo_cuda_buffered_prototype,1000,0,59,17,88420
qenlo_cuda_buffered_prototype,1000,0,60,64,75709
qenlo_cuda_buffered_prototype,1000,0,61,33,73334
qenlo_cuda_buffered_prototype,1000,0,62,30,71448
qenlo_cuda_buffered_prototype,1000,0,63,85,74311
qenlo_cuda_buffered_prototype,1000,0,64,4,80877
qenlo_cuda_buffered_prototype,1000,0,65,36,78014
qenlo_cuda_buffered_prototype,1000,0,66,24,72356
qenlo_cuda_buffered_prototype,1000,0,67,93,73892
qenlo_cuda_buffered_prototype,1000,0,68,54,74242
qenlo_cuda_buffered_prototype,1000,0,69,41,74730
qenlo_cuda_buffered_prototype,1000,0,70,95,75708
qenlo_cuda_buffered_prototype,1000,0,71,1,93588
qenlo_cuda_buffered_prototype,1000,0,72,34,77943
qenlo_cuda_buffered_prototype,1000,0,73,82,72775
qenlo_cuda_buffered_prototype,1000,0,74,12,74730
qenlo_cuda_buffered_prototype,1000,0,75,76,74241
qenlo_cuda_buffered_prototype,1000,0,76,77,81854
qenlo_cuda_buffered_prototype,1000,0,77,18,74242
qenlo_cuda_buffered_prototype,1000,0,78,61,81366
qenlo_cuda_buffered_prototype,1000,0,79,70,74731
qenlo_cuda_buffered_prototype,1000,0,80,48,78013
qenlo_cuda_buffered_prototype,1000,0,81,92,74800
qenlo_cuda_buffered_prototype,1000,0,82,53,75289
qenlo_cuda_buffered_prototype,1000,0,83,5,92680
qenlo_cuda_buffered_prototype,1000,0,84,31,77594
qenlo_cuda_buffered_prototype,1000,0,85,84,74800
qenlo_cuda_buffered_prototype,1000,0,86,20,72426
qenlo_cuda_buffered_prototype,1000,0,87,7,74312
qenlo_cuda_buffered_prototype,1000,0,88,39,74311
qenlo_cuda_buffered_prototype,1000,0,89,65,71937
qenlo_cuda_buffered_prototype,1000,0,90,66,73334
qenlo_cuda_buffered_prototype,1000,0,91,27,74312
qenlo_cuda_buffered_prototype,1000,0,92,71,74242
qenlo_cuda_buffered_prototype,1000,0,93,59,74730
qenlo_cuda_buffered_prototype,1000,0,94,35,74730
qenlo_cuda_buffered_prototype,1000,0,95,11,74730
qenlo_cuda_buffered_prototype,1000,0,96,51,94217
qenlo_cuda_buffered_prototype,1000,0,97,88,75220
qenlo_cuda_buffered_prototype,1000,0,98,98,81854
qenlo_cuda_buffered_prototype,1000,0,99,68,78013
faiss_gpu_flat_ip,1000,0,0,49,85626
faiss_gpu_flat_ip,1000,0,1,99,71029
faiss_gpu_flat_ip,1000,0,2,6,66210
faiss_gpu_flat_ip,1000,0,3,38,66699
faiss_gpu_flat_ip,1000,0,4,50,64883
faiss_gpu_flat_ip,1000,0,5,67,65791
faiss_gpu_flat_ip,1000,0,6,96,66768
faiss_gpu_flat_ip,1000,0,7,23,72426
faiss_gpu_flat_ip,1000,0,8,75,67118
faiss_gpu_flat_ip,1000,0,9,0,80388
faiss_gpu_flat_ip,1000,0,10,69,69074
faiss_gpu_flat_ip,1000,0,11,8,64324
faiss_gpu_flat_ip,1000,0,12,28,65302
faiss_gpu_flat_ip,1000,0,13,87,65232
faiss_gpu_flat_ip,1000,0,14,74,66279
faiss_gpu_flat_ip,1000,0,15,60,64813
faiss_gpu_flat_ip,1000,0,16,25,65791
faiss_gpu_flat_ip,1000,0,17,37,64394
faiss_gpu_flat_ip,1000,0,18,46,66769
faiss_gpu_flat_ip,1000,0,19,81,69632
faiss_gpu_flat_ip,1000,0,20,97,64883
faiss_gpu_flat_ip,1000,0,21,57,65302
faiss_gpu_flat_ip,1000,0,22,42,65790
faiss_gpu_flat_ip,1000,0,23,83,69073
faiss_gpu_flat_ip,1000,0,24,62,68584
faiss_gpu_flat_ip,1000,0,25,58,64324
faiss_gpu_flat_ip,1000,0,26,56,63416
faiss_gpu_flat_ip,1000,0,27,40,65302
faiss_gpu_flat_ip,1000,0,28,9,62927
faiss_gpu_flat_ip,1000,0,29,29,65301
faiss_gpu_flat_ip,1000,0,30,55,65791
faiss_gpu_flat_ip,1000,0,31,89,65302
faiss_gpu_flat_ip,1000,0,32,78,71937
faiss_gpu_flat_ip,1000,0,33,32,64393
faiss_gpu_flat_ip,1000,0,34,94,64813
faiss_gpu_flat_ip,1000,0,35,63,65302
faiss_gpu_flat_ip,1000,0,36,15,65302
faiss_gpu_flat_ip,1000,0,37,22,66280
faiss_gpu_flat_ip,1000,0,38,19,83810
faiss_gpu_flat_ip,1000,0,39,10,66699
faiss_gpu_flat_ip,1000,0,40,14,67188
faiss_gpu_flat_ip,1000,0,41,21,65371
faiss_gpu_flat_ip,1000,0,42,3,66210
faiss_gpu_flat_ip,1000,0,43,73,65302
faiss_gpu_flat_ip,1000,0,44,79,64813
faiss_gpu_flat_ip,1000,0,45,91,65302
faiss_gpu_flat_ip,1000,0,46,90,65232
faiss_gpu_flat_ip,1000,0,47,2,64813
faiss_gpu_flat_ip,1000,0,48,47,65302
faiss_gpu_flat_ip,1000,0,49,16,64813
faiss_gpu_flat_ip,1000,0,50,13,65302
faiss_gpu_flat_ip,1000,0,51,52,65232
faiss_gpu_flat_ip,1000,0,52,44,73823
faiss_gpu_flat_ip,1000,0,53,43,68025
faiss_gpu_flat_ip,1000,0,54,72,66210
faiss_gpu_flat_ip,1000,0,55,26,64324
faiss_gpu_flat_ip,1000,0,56,45,65302
faiss_gpu_flat_ip,1000,0,57,86,64882
faiss_gpu_flat_ip,1000,0,58,80,67607
faiss_gpu_flat_ip,1000,0,59,17,64812
faiss_gpu_flat_ip,1000,0,60,64,65721
faiss_gpu_flat_ip,1000,0,61,33,65790
faiss_gpu_flat_ip,1000,0,62,30,64813
faiss_gpu_flat_ip,1000,0,63,85,65302
faiss_gpu_flat_ip,1000,0,64,4,69981
faiss_gpu_flat_ip,1000,0,65,36,66699
faiss_gpu_flat_ip,1000,0,66,24,81785
faiss_gpu_flat_ip,1000,0,67,93,69003
faiss_gpu_flat_ip,1000,0,68,54,64743
faiss_gpu_flat_ip,1000,0,69,41,66280
faiss_gpu_flat_ip,1000,0,70,95,64813
faiss_gpu_flat_ip,1000,0,71,1,64883
faiss_gpu_flat_ip,1000,0,72,34,64813
faiss_gpu_flat_ip,1000,0,73,82,64744
faiss_gpu_flat_ip,1000,0,74,12,65302
faiss_gpu_flat_ip,1000,0,75,76,65302
faiss_gpu_flat_ip,1000,0,76,77,64813
faiss_gpu_flat_ip,1000,0,77,18,68585
faiss_gpu_flat_ip,1000,0,78,61,63905
faiss_gpu_flat_ip,1000,0,79,70,64813
faiss_gpu_flat_ip,1000,0,80,48,64813
faiss_gpu_flat_ip,1000,0,81,92,78013
faiss_gpu_flat_ip,1000,0,82,53,67187
faiss_gpu_flat_ip,1000,0,83,5,66768
faiss_gpu_flat_ip,1000,0,84,31,62857
faiss_gpu_flat_ip,1000,0,85,84,64813
faiss_gpu_flat_ip,1000,0,86,20,64394
faiss_gpu_flat_ip,1000,0,87,7,66698
faiss_gpu_flat_ip,1000,0,88,39,65302
faiss_gpu_flat_ip,1000,0,89,65,64255
faiss_gpu_flat_ip,1000,0,90,66,63905
faiss_gpu_flat_ip,1000,0,91,27,64743
faiss_gpu_flat_ip,1000,0,92,71,65791
faiss_gpu_flat_ip,1000,0,93,59,65791
faiss_gpu_flat_ip,1000,0,94,35,64813
faiss_gpu_flat_ip,1000,0,95,11,80387
faiss_gpu_flat_ip,1000,0,96,51,67606
faiss_gpu_flat_ip,1000,0,97,88,69492
faiss_gpu_flat_ip,1000,0,98,98,67188
faiss_gpu_flat_ip,1000,0,99,68,65791
qenlo_cuda_buffered_prototype,1000,1,0,37,97499
qenlo_cuda_buffered_prototype,1000,1,1,2,78991
qenlo_cuda_buffered_prototype,1000,1,2,35,75639
qenlo_cuda_buffered_prototype,1000,1,3,7,74311
qenlo_cuda_buffered_prototype,1000,1,4,16,76127
qenlo_cuda_buffered_prototype,1000,1,5,1,74312
qenlo_cuda_buffered_prototype,1000,1,6,83,74312
qenlo_cuda_buffered_prototype,1000,1,7,6,74801
qenlo_cuda_buffered_prototype,1000,1,8,56,97499
qenlo_cuda_buffered_prototype,1000,1,9,5,73753
qenlo_cuda_buffered_prototype,1000,1,10,14,75150
qenlo_cuda_buffered_prototype,1000,1,11,49,74731
qenlo_cuda_buffered_prototype,1000,1,12,80,74311
qenlo_cuda_buffered_prototype,1000,1,13,94,72915
qenlo_cuda_buffered_prototype,1000,1,14,38,74800
qenlo_cuda_buffered_prototype,1000,1,15,44,73334
qenlo_cuda_buffered_prototype,1000,1,16,74,80388
qenlo_cuda_buffered_prototype,1000,1,17,25,74242
qenlo_cuda_buffered_prototype,1000,1,18,98,83810
qenlo_cuda_buffered_prototype,1000,1,19,50,72915
qenlo_cuda_buffered_prototype,1000,1,20,40,93238
qenlo_cuda_buffered_prototype,1000,1,21,21,75708
qenlo_cuda_buffered_prototype,1000,1,22,47,74731
qenlo_cuda_buffered_prototype,1000,1,23,70,207709
qenlo_cuda_buffered_prototype,1000,1,24,23,79480
qenlo_cuda_buffered_prototype,1000,1,25,4,83740
qenlo_cuda_buffered_prototype,1000,1,26,71,74311
qenlo_cuda_buffered_prototype,1000,1,27,61,84159
qenlo_cuda_buffered_prototype,1000,1,28,67,74312
qenlo_cuda_buffered_prototype,1000,1,29,24,75778
qenlo_cuda_buffered_prototype,1000,1,30,89,92680
qenlo_cuda_buffered_prototype,1000,1,31,68,77524
qenlo_cuda_buffered_prototype,1000,1,32,36,74312
qenlo_cuda_buffered_prototype,1000,1,33,22,76128
qenlo_cuda_buffered_prototype,1000,1,34,65,74242
qenlo_cuda_buffered_prototype,1000,1,35,15,74800
qenlo_cuda_buffered_prototype,1000,1,36,51,74730
qenlo_cuda_buffered_prototype,1000,1,37,99,74730
qenlo_cuda_buffered_prototype,1000,1,38,96,74730
qenlo_cuda_buffered_prototype,1000,1,39,85,74242
qenlo_cuda_buffered_prototype,1000,1,40,82,74312
qenlo_cuda_buffered_prototype,1000,1,41,63,74731
qenlo_cuda_buffered_prototype,1000,1,42,17,74800
qenlo_cuda_buffered_prototype,1000,1,43,10,90375
qenlo_cuda_buffered_prototype,1000,1,44,59,75220
qenlo_cuda_buffered_prototype,1000,1,45,11,76616
qenlo_cuda_buffered_prototype,1000,1,46,91,74311
qenlo_cuda_buffered_prototype,1000,1,47,18,74311
qenlo_cuda_buffered_prototype,1000,1,48,73,71866
qenlo_cuda_buffered_prototype,1000,1,49,57,75709
qenlo_cuda_buffered_prototype,1000,1,50,43,74241
qenlo_cuda_buffered_prototype,1000,1,51,53,74241
qenlo_cuda_buffered_prototype,1000,1,52,79,74311
qenlo_cuda_buffered_prototype,1000,1,53,28,74730
qenlo_cuda_buffered_prototype,1000,1,54,31,73823
qenlo_cuda_buffered_prototype,1000,1,55,13,89468
qenlo_cuda_buffered_prototype,1000,1,56,34,76197
qenlo_cuda_buffered_prototype,1000,1,57,81,74800
qenlo_cuda_buffered_prototype,1000,1,58,76,74731
qenlo_cuda_buffered_prototype,1000,1,59,93,74242
qenlo_cuda_buffered_prototype,1000,1,60,69,72356
qenlo_cuda_buffered_prototype,1000,1,61,27,74731
qenlo_cuda_buffered_prototype,1000,1,62,32,74312
qenlo_cuda_buffered_prototype,1000,1,63,55,74731
qenlo_cuda_buffered_prototype,1000,1,64,12,80877
qenlo_cuda_buffered_prototype,1000,1,65,20,75149
qenlo_cuda_buffered_prototype,1000,1,66,64,74241
qenlo_cuda_buffered_prototype,1000,1,67,60,73822
qenlo_cuda_buffered_prototype,1000,1,68,8,89397
qenlo_cuda_buffered_prototype,1000,1,69,19,73822
qenlo_cuda_buffered_prototype,1000,1,70,26,74730
qenlo_cuda_buffered_prototype,1000,1,71,66,74731
qenlo_cuda_buffered_prototype,1000,1,72,97,74311
qenlo_cuda_buffered_prototype,1000,1,73,30,76197
qenlo_cuda_buffered_prototype,1000,1,74,29,72426
qenlo_cuda_buffered_prototype,1000,1,75,0,74731
qenlo_cuda_buffered_prototype,1000,1,76,75,74242
qenlo_cuda_buffered_prototype,1000,1,77,78,74730
qenlo_cuda_buffered_prototype,1000,1,78,72,80876
qenlo_cuda_buffered_prototype,1000,1,79,46,74800
qenlo_cuda_buffered_prototype,1000,1,80,86,88000
qenlo_cuda_buffered_prototype,1000,1,81,42,76127
qenlo_cuda_buffered_prototype,1000,1,82,39,73334
qenlo_cuda_buffered_prototype,1000,1,83,84,72286
qenlo_cuda_buffered_prototype,1000,1,84,54,72426
qenlo_cuda_buffered_prototype,1000,1,85,58,71937
qenlo_cuda_buffered_prototype,1000,1,86,48,73333
qenlo_cuda_buffered_prototype,1000,1,87,9,73333
qenlo_cuda_buffered_prototype,1000,1,88,90,78013
qenlo_cuda_buffered_prototype,1000,1,89,77,81365
qenlo_cuda_buffered_prototype,1000,1,90,62,74801
qenlo_cuda_buffered_prototype,1000,1,91,95,72426
qenlo_cuda_buffered_prototype,1000,1,92,87,73753
qenlo_cuda_buffered_prototype,1000,1,93,3,92191
qenlo_cuda_buffered_prototype,1000,1,94,41,75150
qenlo_cuda_buffered_prototype,1000,1,95,88,73823
qenlo_cuda_buffered_prototype,1000,1,96,92,74312
qenlo_cuda_buffered_prototype,1000,1,97,52,71937
qenlo_cuda_buffered_prototype,1000,1,98,33,74312
qenlo_cuda_buffered_prototype,1000,1,99,45,74242
faiss_gpu_flat_ip,1000,1,0,37,86533
faiss_gpu_flat_ip,1000,1,1,2,68165
faiss_gpu_flat_ip,1000,1,2,35,66768
faiss_gpu_flat_ip,1000,1,3,7,66209
faiss_gpu_flat_ip,1000,1,4,16,65302
faiss_gpu_flat_ip,1000,1,5,1,66279
faiss_gpu_flat_ip,1000,1,6,83,81365
faiss_gpu_flat_ip,1000,1,7,6,71378
faiss_gpu_flat_ip,1000,1,8,56,66629
faiss_gpu_flat_ip,1000,1,9,5,67188
faiss_gpu_flat_ip,1000,1,10,14,66769
faiss_gpu_flat_ip,1000,1,11,49,66209
faiss_gpu_flat_ip,1000,1,12,80,65372
faiss_gpu_flat_ip,1000,1,13,94,64883
faiss_gpu_flat_ip,1000,1,14,38,64813
faiss_gpu_flat_ip,1000,1,15,44,64325
faiss_gpu_flat_ip,1000,1,16,74,63835
faiss_gpu_flat_ip,1000,1,17,25,63835
faiss_gpu_flat_ip,1000,1,18,98,61530
faiss_gpu_flat_ip,1000,1,19,50,63905
faiss_gpu_flat_ip,1000,1,20,40,71867
faiss_gpu_flat_ip,1000,1,21,21,67746
faiss_gpu_flat_ip,1000,1,22,47,64324
faiss_gpu_flat_ip,1000,1,23,70,64394
faiss_gpu_flat_ip,1000,1,24,23,61950
faiss_gpu_flat_ip,1000,1,25,4,63905
faiss_gpu_flat_ip,1000,1,26,71,105531
faiss_gpu_flat_ip,1000,1,27,61,68654
faiss_gpu_flat_ip,1000,1,28,67,64813
faiss_gpu_flat_ip,1000,1,29,24,64254
faiss_gpu_flat_ip,1000,1,30,89,64394
faiss_gpu_flat_ip,1000,1,31,68,65721
faiss_gpu_flat_ip,1000,1,32,36,64813
faiss_gpu_flat_ip,1000,1,33,22,64324
faiss_gpu_flat_ip,1000,1,34,65,71029
faiss_gpu_flat_ip,1000,1,35,15,67187
faiss_gpu_flat_ip,1000,1,36,51,65301
faiss_gpu_flat_ip,1000,1,37,99,65372
faiss_gpu_flat_ip,1000,1,38,96,64813
faiss_gpu_flat_ip,1000,1,39,85,63905
faiss_gpu_flat_ip,1000,1,40,82,65302
faiss_gpu_flat_ip,1000,1,41,63,62927
faiss_gpu_flat_ip,1000,1,42,17,64325
faiss_gpu_flat_ip,1000,1,43,10,63416
faiss_gpu_flat_ip,1000,1,44,59,63346
faiss_gpu_flat_ip,1000,1,45,11,63416
faiss_gpu_flat_ip,1000,1,46,91,64324
faiss_gpu_flat_ip,1000,1,47,18,63905
faiss_gpu_flat_ip,1000,1,48,73,64394
faiss_gpu_flat_ip,1000,1,49,57,78642
faiss_gpu_flat_ip,1000,1,50,43,65791
faiss_gpu_flat_ip,1000,1,51,53,64324
faiss_gpu_flat_ip,1000,1,52,79,68235
faiss_gpu_flat_ip,1000,1,53,28,65721
faiss_gpu_flat_ip,1000,1,54,31,63905
faiss_gpu_flat_ip,1000,1,55,13,63346
faiss_gpu_flat_ip,1000,1,56,34,63836
faiss_gpu_flat_ip,1000,1,57,81,63416
faiss_gpu_flat_ip,1000,1,58,76,64394
faiss_gpu_flat_ip,1000,1,59,93,63416
faiss_gpu_flat_ip,1000,1,60,69,63416
faiss_gpu_flat_ip,1000,1,61,27,62928
faiss_gpu_flat_ip,1000,1,62,32,63416
faiss_gpu_flat_ip,1000,1,63,55,61949
faiss_gpu_flat_ip,1000,1,64,12,78572
faiss_gpu_flat_ip,1000,1,65,20,62927
faiss_gpu_flat_ip,1000,1,66,64,64743
faiss_gpu_flat_ip,1000,1,67,60,63346
faiss_gpu_flat_ip,1000,1,68,8,63765
faiss_gpu_flat_ip,1000,1,69,19,63835
faiss_gpu_flat_ip,1000,1,70,26,64255
faiss_gpu_flat_ip,1000,1,71,66,63835
faiss_gpu_flat_ip,1000,1,72,97,63346
faiss_gpu_flat_ip,1000,1,73,30,63346
faiss_gpu_flat_ip,1000,1,74,29,63835
faiss_gpu_flat_ip,1000,1,75,0,62858
faiss_gpu_flat_ip,1000,1,76,75,63346
faiss_gpu_flat_ip,1000,1,77,78,63835
faiss_gpu_flat_ip,1000,1,78,72,76616
faiss_gpu_flat_ip,1000,1,79,46,66699
faiss_gpu_flat_ip,1000,1,80,86,63835
faiss_gpu_flat_ip,1000,1,81,42,63766
faiss_gpu_flat_ip,1000,1,82,39,63835
faiss_gpu_flat_ip,1000,1,83,84,64254
faiss_gpu_flat_ip,1000,1,84,54,64324
faiss_gpu_flat_ip,1000,1,85,58,65791
faiss_gpu_flat_ip,1000,1,86,48,64324
faiss_gpu_flat_ip,1000,1,87,9,64254
faiss_gpu_flat_ip,1000,1,88,90,65302
faiss_gpu_flat_ip,1000,1,89,77,63835
faiss_gpu_flat_ip,1000,1,90,62,63905
faiss_gpu_flat_ip,1000,1,91,95,63835
faiss_gpu_flat_ip,1000,1,92,87,63416
faiss_gpu_flat_ip,1000,1,93,3,71937
faiss_gpu_flat_ip,1000,1,94,41,67187
faiss_gpu_flat_ip,1000,1,95,88,63416
faiss_gpu_flat_ip,1000,1,96,92,63416
faiss_gpu_flat_ip,1000,1,97,52,62927
faiss_gpu_flat_ip,1000,1,98,33,64325
faiss_gpu_flat_ip,1000,1,99,45,64324
qenlo_cuda_buffered_prototype,1000,2,0,49,94635
qenlo_cuda_buffered_prototype,1000,2,1,39,79969
qenlo_cuda_buffered_prototype,1000,2,2,25,72845
qenlo_cuda_buffered_prototype,1000,2,3,29,72845
qenlo_cuda_buffered_prototype,1000,2,4,36,72845
qenlo_cuda_buffered_prototype,1000,2,5,28,76616
qenlo_cuda_buffered_prototype,1000,2,6,72,84229
qenlo_cuda_buffered_prototype,1000,2,7,21,74730
qenlo_cuda_buffered_prototype,1000,2,8,69,72845
qenlo_cuda_buffered_prototype,1000,2,9,97,74241
qenlo_cuda_buffered_prototype,1000,2,10,65,71937
qenlo_cuda_buffered_prototype,1000,2,11,35,72845
qenlo_cuda_buffered_prototype,1000,2,12,83,78502
qenlo_cuda_buffered_prototype,1000,2,13,8,72356
qenlo_cuda_buffered_prototype,1000,2,14,67,72355
qenlo_cuda_buffered_prototype,1000,2,15,64,74241
qenlo_cuda_buffered_prototype,1000,2,16,63,72426
qenlo_cuda_buffered_prototype,1000,2,17,12,72845
qenlo_cuda_buffered_prototype,1000,2,18,24,75709
qenlo_cuda_buffered_prototype,1000,2,19,15,90794
qenlo_cuda_buffered_prototype,1000,2,20,34,74311
qenlo_cuda_buffered_prototype,1000,2,21,92,72845
qenlo_cuda_buffered_prototype,1000,2,22,61,79898
qenlo_cuda_buffered_prototype,1000,2,23,10,72425
qenlo_cuda_buffered_prototype,1000,2,24,99,76686
qenlo_cuda_buffered_prototype,1000,2,25,90,70051
qenlo_cuda_buffered_prototype,1000,2,26,5,72426
qenlo_cuda_buffered_prototype,1000,2,27,22,72356
qenlo_cuda_buffered_prototype,1000,2,28,26,72356
qenlo_cuda_buffered_prototype,1000,2,29,40,72356
qenlo_cuda_buffered_prototype,1000,2,30,73,71518
qenlo_cuda_buffered_prototype,1000,2,31,75,72355
qenlo_cuda_buffered_prototype,1000,2,32,33,88000
qenlo_cuda_buffered_prototype,1000,2,33,17,71378
qenlo_cuda_buffered_prototype,1000,2,34,77,79410
qenlo_cuda_buffered_prototype,1000,2,35,6,72356
qenlo_cuda_buffered_prototype,1000,2,36,86,72496
qenlo_cuda_buffered_prototype,1000,2,37,60,72425
qenlo_cuda_buffered_prototype,1000,2,38,14,72356
qenlo_cuda_buffered_prototype,1000,2,39,89,72775
qenlo_cuda_buffered_prototype,1000,2,40,52,72915
qenlo_cuda_buffered_prototype,1000,2,41,68,72426
qenlo_cuda_buffered_prototype,1000,2,42,93,72355
qenlo_cuda_buffered_prototype,1000,2,43,76,70959
qenlo_cuda_buffered_prototype,1000,2,44,66,90864
qenlo_cuda_buffered_prototype,1000,2,45,42,76616
qenlo_cuda_buffered_prototype,1000,2,46,58,73333
qenlo_cuda_buffered_prototype,1000,2,47,20,71378
qenlo_cuda_buffered_prototype,1000,2,48,4,79899
qenlo_cuda_buffered_prototype,1000,2,49,87,72915
qenlo_cuda_buffered_prototype,1000,2,50,88,71448
qenlo_cuda_buffered_prototype,1000,2,51,46,80946
qenlo_cuda_buffered_prototype,1000,2,52,62,72356
qenlo_cuda_buffered_prototype,1000,2,53,85,72425
qenlo_cuda_buffered_prototype,1000,2,54,27,71518
qenlo_cuda_buffered_prototype,1000,2,55,1,72426
qenlo_cuda_buffered_prototype,1000,2,56,3,72356
qenlo_cuda_buffered_prototype,1000,2,57,54,88489
qenlo_cuda_buffered_prototype,1000,2,58,91,73823
qenlo_cuda_buffered_prototype,1000,2,59,23,72426
qenlo_cuda_buffered_prototype,1000,2,60,0,72356
qenlo_cuda_buffered_prototype,1000,2,61,55,72426
qenlo_cuda_buffered_prototype,1000,2,62,81,71448
qenlo_cuda_buffered_prototype,1000,2,63,50,74800
qenlo_cuda_buffered_prototype,1000,2,64,47,71518
qenlo_cuda_buffered_prototype,1000,2,65,57,70051
qenlo_cuda_buffered_prototype,1000,2,66,74,71378
qenlo_cuda_buffered_prototype,1000,2,67,16,72914
qenlo_cuda_buffered_prototype,1000,2,68,84,70400
qenlo_cuda_buffered_prototype,1000,2,69,78,71378
qenlo_cuda_buffered_prototype,1000,2,70,71,88978
qenlo_cuda_buffered_prototype,1000,2,71,19,72845
qenlo_cuda_buffered_prototype,1000,2,72,41,72425
qenlo_cuda_buffered_prototype,1000,2,73,7,72356
qenlo_cuda_buffered_prototype,1000,2,74,59,70400
qenlo_cuda_buffered_prototype,1000,2,75,32,72355
qenlo_cuda_buffered_prototype,1000,2,76,51,72914
qenlo_cuda_buffered_prototype,1000,2,77,43,72356
qenlo_cuda_buffered_prototype,1000,2,78,13,71867
qenlo_cuda_buffered_prototype,1000,2,79,30,71937
qenlo_cuda_buffered_prototype,1000,2,80,2,71378
qenlo_cuda_buffered_prototype,1000,2,81,56,71378
qenlo_cuda_buffered_prototype,1000,2,82,95,77525
qenlo_cuda_buffered_prototype,1000,2,83,31,91353
qenlo_cuda_buffered_prototype,1000,2,84,9,72845
qenlo_cuda_buffered_prototype,1000,2,85,18,70610
qenlo_cuda_buffered_prototype,1000,2,86,37,72915
qenlo_cuda_buffered_prototype,1000,2,87,82,72356
qenlo_cuda_buffered_prototype,1000,2,88,70,73264
qenlo_cuda_buffered_prototype,1000,2,89,53,69981
qenlo_cuda_buffered_prototype,1000,2,90,48,71448
qenlo_cuda_buffered_prototype,1000,2,91,79,72356
qenlo_cuda_buffered_prototype,1000,2,92,98,78641
qenlo_cuda_buffered_prototype,1000,2,93,38,72426
qenlo_cuda_buffered_prototype,1000,2,94,44,71448
qenlo_cuda_buffered_prototype,1000,2,95,94,71867
qenlo_cuda_buffered_prototype,1000,2,96,96,88000
qenlo_cuda_buffered_prototype,1000,2,97,80,72356
qenlo_cuda_buffered_prototype,1000,2,98,45,69493
qenlo_cuda_buffered_prototype,1000,2,99,11,70400
faiss_gpu_flat_ip,1000,2,0,49,80457
faiss_gpu_flat_ip,1000,2,1,39,66698
faiss_gpu_flat_ip,1000,2,2,25,66280
faiss_gpu_flat_ip,1000,2,3,29,67607
faiss_gpu_flat_ip,1000,2,4,36,63905
faiss_gpu_flat_ip,1000,2,5,28,65302
faiss_gpu_flat_ip,1000,2,6,72,62857
faiss_gpu_flat_ip,1000,2,7,21,66698
faiss_gpu_flat_ip,1000,2,8,69,65302
faiss_gpu_flat_ip,1000,2,9,97,62508
faiss_gpu_flat_ip,1000,2,10,65,67118
faiss_gpu_flat_ip,1000,2,11,35,64324
faiss_gpu_flat_ip,1000,2,12,83,63835
faiss_gpu_flat_ip,1000,2,13,8,64325
faiss_gpu_flat_ip,1000,2,14,67,64743
faiss_gpu_flat_ip,1000,2,15,64,63835
faiss_gpu_flat_ip,1000,2,16,63,64324
faiss_gpu_flat_ip,1000,2,17,12,62997
faiss_gpu_flat_ip,1000,2,18,24,64813
faiss_gpu_flat_ip,1000,2,19,15,62438
faiss_gpu_flat_ip,1000,2,20,34,63835
faiss_gpu_flat_ip,1000,2,21,92,63905
faiss_gpu_flat_ip,1000,2,22,61,67258
faiss_gpu_flat_ip,1000,2,23,10,64813
faiss_gpu_flat_ip,1000,2,24,99,73334
faiss_gpu_flat_ip,1000,2,25,90,67747
faiss_gpu_flat_ip,1000,2,26,5,65302
faiss_gpu_flat_ip,1000,2,27,22,63905
faiss_gpu_flat_ip,1000,2,28,26,70051
faiss_gpu_flat_ip,1000,2,29,40,63486
faiss_gpu_flat_ip,1000,2,30,73,62508
faiss_gpu_flat_ip,1000,2,31,75,62997
faiss_gpu_flat_ip,1000,2,32,33,62997
faiss_gpu_flat_ip,1000,2,33,17,65790
faiss_gpu_flat_ip,1000,2,34,77,64813
faiss_gpu_flat_ip,1000,2,35,6,62508
faiss_gpu_flat_ip,1000,2,36,86,62927
faiss_gpu_flat_ip,1000,2,37,60,64394
faiss_gpu_flat_ip,1000,2,38,14,64324
faiss_gpu_flat_ip,1000,2,39,89,79480
faiss_gpu_flat_ip,1000,2,40,52,65791
faiss_gpu_flat_ip,1000,2,41,68,66698
faiss_gpu_flat_ip,1000,2,42,93,63835
faiss_gpu_flat_ip,1000,2,43,76,65232
faiss_gpu_flat_ip,1000,2,44,66,69562
faiss_gpu_flat_ip,1000,2,45,42,65302
faiss_gpu_flat_ip,1000,2,46,58,62927
faiss_gpu_flat_ip,1000,2,47,20,63905
faiss_gpu_flat_ip,1000,2,48,4,64813
faiss_gpu_flat_ip,1000,2,49,87,63416
faiss_gpu_flat_ip,1000,2,50,88,63905
faiss_gpu_flat_ip,1000,2,51,46,64324
faiss_gpu_flat_ip,1000,2,52,62,63416
faiss_gpu_flat_ip,1000,2,53,85,79549
faiss_gpu_flat_ip,1000,2,54,27,67676
faiss_gpu_flat_ip,1000,2,55,1,64254
faiss_gpu_flat_ip,1000,2,56,3,62368
faiss_gpu_flat_ip,1000,2,57,54,63347
faiss_gpu_flat_ip,1000,2,58,91,64324
faiss_gpu_flat_ip,1000,2,59,23,63835
faiss_gpu_flat_ip,1000,2,60,0,64813
faiss_gpu_flat_ip,1000,2,61,55,66699
faiss_gpu_flat_ip,1000,2,62,81,62438
faiss_gpu_flat_ip,1000,2,63,50,61879
faiss_gpu_flat_ip,1000,2,64,47,64813
faiss_gpu_flat_ip,1000,2,65,57,63836
faiss_gpu_flat_ip,1000,2,66,74,62858
faiss_gpu_flat_ip,1000,2,67,16,62369
faiss_gpu_flat_ip,1000,2,68,84,71867
faiss_gpu_flat_ip,1000,2,69,78,66769
faiss_gpu_flat_ip,1000,2,70,71,64324
faiss_gpu_flat_ip,1000,2,71,19,62927
faiss_gpu_flat_ip,1000,2,72,41,63346
faiss_gpu_flat_ip,1000,2,73,7,61531
faiss_gpu_flat_ip,1000,2,74,59,62927
faiss_gpu_flat_ip,1000,2,75,32,61601
faiss_gpu_flat_ip,1000,2,76,51,63416
faiss_gpu_flat_ip,1000,2,77,43,63486
faiss_gpu_flat_ip,1000,2,78,13,62438
faiss_gpu_flat_ip,1000,2,79,30,62508
faiss_gpu_flat_ip,1000,2,80,2,66280
faiss_gpu_flat_ip,1000,2,81,56,64324
faiss_gpu_flat_ip,1000,2,82,95,65721
faiss_gpu_flat_ip,1000,2,83,31,70959
faiss_gpu_flat_ip,1000,2,84,9,66699
faiss_gpu_flat_ip,1000,2,85,18,64394
faiss_gpu_flat_ip,1000,2,86,37,60553
faiss_gpu_flat_ip,1000,2,87,82,63486
faiss_gpu_flat_ip,1000,2,88,70,63835
faiss_gpu_flat_ip,1000,2,89,53,61950
faiss_gpu_flat_ip,1000,2,90,48,62857
faiss_gpu_flat_ip,1000,2,91,79,63835
faiss_gpu_flat_ip,1000,2,92,98,63835
faiss_gpu_flat_ip,1000,2,93,38,61950
faiss_gpu_flat_ip,1000,2,94,44,62858
faiss_gpu_flat_ip,1000,2,95,94,63346
faiss_gpu_flat_ip,1000,2,96,96,61460
faiss_gpu_flat_ip,1000,2,97,80,63416
faiss_gpu_flat_ip,1000,2,98,45,73333
faiss_gpu_flat_ip,1000,2,99,11,66698
qenlo_cuda_buffered_prototype,1000,3,0,40,92679
qenlo_cuda_buffered_prototype,1000,3,1,79,76616
qenlo_cuda_buffered_prototype,1000,3,2,97,72426
qenlo_cuda_buffered_prototype,1000,3,3,89,72356
qenlo_cuda_buffered_prototype,1000,3,4,87,73892
qenlo_cuda_buffered_prototype,1000,3,5,81,71936
qenlo_cuda_buffered_prototype,1000,3,6,83,78991
qenlo_cuda_buffered_prototype,1000,3,7,58,74661
qenlo_cuda_buffered_prototype,1000,3,8,3,72915
qenlo_cuda_buffered_prototype,1000,3,9,6,71518
qenlo_cuda_buffered_prototype,1000,3,10,24,72844
qenlo_cuda_buffered_prototype,1000,3,11,35,74800
qenlo_cuda_buffered_prototype,1000,3,12,85,71937
qenlo_cuda_buffered_prototype,1000,3,13,99,73334
qenlo_cuda_buffered_prototype,1000,3,14,62,70959
qenlo_cuda_buffered_prototype,1000,3,15,54,70400
qenlo_cuda_buffered_prototype,1000,3,16,0,72286
qenlo_cuda_buffered_prototype,1000,3,17,77,80876
qenlo_cuda_buffered_prototype,1000,3,18,74,71517
qenlo_cuda_buffered_prototype,1000,3,19,8,76198
qenlo_cuda_buffered_prototype,1000,3,20,41,72845
qenlo_cuda_buffered_prototype,1000,3,21,63,69981
qenlo_cuda_buffered_prototype,1000,3,22,32,70959
qenlo_cuda_buffered_prototype,1000,3,23,56,85626
qenlo_cuda_buffered_prototype,1000,3,24,55,76756
qenlo_cuda_buffered_prototype,1000,3,25,43,72915
qenlo_cuda_buffered_prototype,1000,3,26,78,72356
qenlo_cuda_buffered_prototype,1000,3,27,13,72845
qenlo_cuda_buffered_prototype,1000,3,28,10,70471
qenlo_cuda_buffered_prototype,1000,3,29,33,72286
qenlo_cuda_buffered_prototype,1000,3,30,72,81855
qenlo_cuda_buffered_prototype,1000,3,31,68,72356
qenlo_cuda_buffered_prototype,1000,3,32,95,72356
qenlo_cuda_buffered_prototype,1000,3,33,84,72845
qenlo_cuda_buffered_prototype,1000,3,34,96,70959
qenlo_cuda_buffered_prototype,1000,3,35,80,70051
qenlo_cuda_buffered_prototype,1000,3,36,21,87092
qenlo_cuda_buffered_prototype,1000,3,37,27,74311
qenlo_cuda_buffered_prototype,1000,3,38,49,72356
qenlo_cuda_buffered_prototype,1000,3,39,94,75638
qenlo_cuda_buffered_prototype,1000,3,40,14,70470
qenlo_cuda_buffered_prototype,1000,3,41,90,71518
qenlo_cuda_buffered_prototype,1000,3,42,52,72355
qenlo_cuda_buffered_prototype,1000,3,43,82,72845
qenlo_cuda_buffered_prototype,1000,3,44,47,71867
qenlo_cuda_buffered_prototype,1000,3,45,92,71448
qenlo_cuda_buffered_prototype,1000,3,46,42,72356
qenlo_cuda_buffered_prototype,1000,3,47,91,72426
qenlo_cuda_buffered_prototype,1000,3,48,19,72845
qenlo_cuda_buffered_prototype,1000,3,49,16,87442
qenlo_cuda_buffered_prototype,1000,3,50,38,73333
qenlo_cuda_buffered_prototype,1000,3,51,60,72845
qenlo_cuda_buffered_prototype,1000,3,52,18,71448
qenlo_cuda_buffered_prototype,1000,3,53,36,73822
qenlo_cuda_buffered_prototype,1000,3,54,73,71447
qenlo_cuda_buffered_prototype,1000,3,55,29,75220
qenlo_cuda_buffered_prototype,1000,3,56,50,71937
qenlo_cuda_buffered_prototype,1000,3,57,12,71518
qenlo_cuda_buffered_prototype,1000,3,58,45,73334
qenlo_cuda_buffered_prototype,1000,3,59,86,72426
qenlo_cuda_buffered_prototype,1000,3,60,53,72844
qenlo_cuda_buffered_prototype,1000,3,61,31,70470
qenlo_cuda_buffered_prototype,1000,3,62,70,86604
qenlo_cuda_buffered_prototype,1000,3,63,51,73823
qenlo_cuda_buffered_prototype,1000,3,64,66,72356
qenlo_cuda_buffered_prototype,1000,3,65,48,72356
qenlo_cuda_buffered_prototype,1000,3,66,69,73822
qenlo_cuda_buffered_prototype,1000,3,67,37,72426
qenlo_cuda_buffered_prototype,1000,3,68,1,72844
qenlo_cuda_buffered_prototype,1000,3,69,26,71448
qenlo_cuda_buffered_prototype,1000,3,70,30,78572
qenlo_cuda_buffered_prototype,1000,3,71,64,73823
qenlo_cuda_buffered_prototype,1000,3,72,25,81366
qenlo_cuda_buffered_prototype,1000,3,73,2,71518
qenlo_cuda_buffered_prototype,1000,3,74,65,71029
qenlo_cuda_buffered_prototype,1000,3,75,11,88419
qenlo_cuda_buffered_prototype,1000,3,76,5,72356
qenlo_cuda_buffered_prototype,1000,3,77,22,71448
qenlo_cuda_buffered_prototype,1000,3,78,39,77106
qenlo_cuda_buffered_prototype,1000,3,79,46,72845
qenlo_cuda_buffered_prototype,1000,3,80,7,72356
qenlo_cuda_buffered_prototype,1000,3,81,57,71518
qenlo_cuda_buffered_prototype,1000,3,82,76,72355
qenlo_cuda_buffered_prototype,1000,3,83,28,72356
qenlo_cuda_buffered_prototype,1000,3,84,71,72426
qenlo_cuda_buffered_prototype,1000,3,85,20,72845
qenlo_cuda_buffered_prototype,1000,3,86,61,80458
qenlo_cuda_buffered_prototype,1000,3,87,9,84788
qenlo_cuda_buffered_prototype,1000,3,88,75,76127
qenlo_cuda_buffered_prototype,1000,3,89,34,72775
qenlo_cuda_buffered_prototype,1000,3,90,4,81436
qenlo_cuda_buffered_prototype,1000,3,91,98,80458
qenlo_cuda_buffered_prototype,1000,3,92,15,72426
qenlo_cuda_buffered_prototype,1000,3,93,88,72844
qenlo_cuda_buffered_prototype,1000,3,94,23,72356
qenlo_cuda_buffered_prototype,1000,3,95,93,72007
qenlo_cuda_buffered_prototype,1000,3,96,17,72426
qenlo_cuda_buffered_prototype,1000,3,97,67,75708
qenlo_cuda_buffered_prototype,1000,3,98,44,70890
qenlo_cuda_buffered_prototype,1000,3,99,59,72426
faiss_gpu_flat_ip,1000,3,0,40,99873
faiss_gpu_flat_ip,1000,3,1,79,68514
faiss_gpu_flat_ip,1000,3,2,97,65790
faiss_gpu_flat_ip,1000,3,3,89,65232
faiss_gpu_flat_ip,1000,3,4,87,65301
faiss_gpu_flat_ip,1000,3,5,81,62927
faiss_gpu_flat_ip,1000,3,6,83,64813
faiss_gpu_flat_ip,1000,3,7,58,65302
faiss_gpu_flat_ip,1000,3,8,3,64813
faiss_gpu_flat_ip,1000,3,9,6,64743
faiss_gpu_flat_ip,1000,3,10,24,64394
faiss_gpu_flat_ip,1000,3,11,35,63906
faiss_gpu_flat_ip,1000,3,12,85,64883
faiss_gpu_flat_ip,1000,3,13,99,64324
faiss_gpu_flat_ip,1000,3,14,62,69562
faiss_gpu_flat_ip,1000,3,15,54,66210
faiss_gpu_flat_ip,1000,3,16,0,64813
faiss_gpu_flat_ip,1000,3,17,77,67187
faiss_gpu_flat_ip,1000,3,18,74,64743
faiss_gpu_flat_ip,1000,3,19,8,62927
faiss_gpu_flat_ip,1000,3,20,41,63835
faiss_gpu_flat_ip,1000,3,21,63,63905
faiss_gpu_flat_ip,1000,3,22,32,63347
faiss_gpu_flat_ip,1000,3,23,56,63417
faiss_gpu_flat_ip,1000,3,24,55,63346
faiss_gpu_flat_ip,1000,3,25,43,64394
faiss_gpu_flat_ip,1000,3,26,78,70121
faiss_gpu_flat_ip,1000,3,27,13,65232
faiss_gpu_flat_ip,1000,3,28,10,63905
faiss_gpu_flat_ip,1000,3,29,33,80947
faiss_gpu_flat_ip,1000,3,30,72,66210
faiss_gpu_flat_ip,1000,3,31,68,63416
faiss_gpu_flat_ip,1000,3,32,95,61879
faiss_gpu_flat_ip,1000,3,33,84,63905
faiss_gpu_flat_ip,1000,3,34,96,63347
faiss_gpu_flat_ip,1000,3,35,80,63905
faiss_gpu_flat_ip,1000,3,36,21,66210
faiss_gpu_flat_ip,1000,3,37,27,65233
faiss_gpu_flat_ip,1000,3,38,49,62927
faiss_gpu_flat_ip,1000,3,39,94,63835
faiss_gpu_flat_ip,1000,3,40,14,62927
faiss_gpu_flat_ip,1000,3,41,90,62927
faiss_gpu_flat_ip,1000,3,42,52,62928
faiss_gpu_flat_ip,1000,3,43,82,63905
faiss_gpu_flat_ip,1000,3,44,47,76686
faiss_gpu_flat_ip,1000,3,45,92,63836
faiss_gpu_flat_ip,1000,3,46,42,63416
faiss_gpu_flat_ip,1000,3,47,91,62927
faiss_gpu_flat_ip,1000,3,48,19,63416
faiss_gpu_flat_ip,1000,3,49,16,62928
faiss_gpu_flat_ip,1000,3,50,38,62020
faiss_gpu_flat_ip,1000,3,51,60,64324
faiss_gpu_flat_ip,1000,3,52,18,64394
faiss_gpu_flat_ip,1000,3,53,36,63905
faiss_gpu_flat_ip,1000,3,54,73,65302
faiss_gpu_flat_ip,1000,3,55,29,63346
faiss_gpu_flat_ip,1000,3,56,50,67188
faiss_gpu_flat_ip,1000,3,57,12,64813
faiss_gpu_flat_ip,1000,3,58,45,565367
faiss_gpu_flat_ip,1000,3,59,86,171740
faiss_gpu_flat_ip,1000,3,60,53,69003
faiss_gpu_flat_ip,1000,3,61,31,65721
faiss_gpu_flat_ip,1000,3,62,70,74241
faiss_gpu_flat_ip,1000,3,63,51,73334
faiss_gpu_flat_ip,1000,3,64,66,82832
faiss_gpu_flat_ip,1000,3,65,48,65302
faiss_gpu_flat_ip,1000,3,66,69,64324
faiss_gpu_flat_ip,1000,3,67,37,62927
faiss_gpu_flat_ip,1000,3,68,1,61042
faiss_gpu_flat_ip,1000,3,69,26,65372
faiss_gpu_flat_ip,1000,3,70,30,63486
faiss_gpu_flat_ip,1000,3,71,64,63416
faiss_gpu_flat_ip,1000,3,72,25,63486
faiss_gpu_flat_ip,1000,3,73,2,61530
faiss_gpu_flat_ip,1000,3,74,65,61530
faiss_gpu_flat_ip,1000,3,75,11,66280
faiss_gpu_flat_ip,1000,3,76,5,63347
faiss_gpu_flat_ip,1000,3,77,22,63835
faiss_gpu_flat_ip,1000,3,78,39,77105
faiss_gpu_flat_ip,1000,3,79,46,66280
faiss_gpu_flat_ip,1000,3,80,7,64394
faiss_gpu_flat_ip,1000,3,81,57,63905
faiss_gpu_flat_ip,1000,3,82,76,67676
faiss_gpu_flat_ip,1000,3,83,28,63835
faiss_gpu_flat_ip,1000,3,84,71,63486
faiss_gpu_flat_ip,1000,3,85,20,64325
faiss_gpu_flat_ip,1000,3,86,61,64394
faiss_gpu_flat_ip,1000,3,87,9,63835
faiss_gpu_flat_ip,1000,3,88,75,61600
faiss_gpu_flat_ip,1000,3,89,34,62368
faiss_gpu_flat_ip,1000,3,90,4,62019
faiss_gpu_flat_ip,1000,3,91,98,63346
faiss_gpu_flat_ip,1000,3,92,15,62020
faiss_gpu_flat_ip,1000,3,93,88,76197
faiss_gpu_flat_ip,1000,3,94,23,65302
faiss_gpu_flat_ip,1000,3,95,93,66280
faiss_gpu_flat_ip,1000,3,96,17,61950
faiss_gpu_flat_ip,1000,3,97,67,64883
faiss_gpu_flat_ip,1000,3,98,44,65301
faiss_gpu_flat_ip,1000,3,99,59,64394
qenlo_cuda_buffered_prototype,1000,4,0,14,146179
qenlo_cuda_buffered_prototype,1000,4,1,76,78572
qenlo_cuda_buffered_prototype,1000,4,2,60,75220
qenlo_cuda_buffered_prototype,1000,4,3,54,70470
qenlo_cuda_buffered_prototype,1000,4,4,45,72915
qenlo_cuda_buffered_prototype,1000,4,5,42,90794
qenlo_cuda_buffered_prototype,1000,4,6,36,76617
qenlo_cuda_buffered_prototype,1000,4,7,21,70470
qenlo_cuda_buffered_prototype,1000,4,8,4,80877
qenlo_cuda_buffered_prototype,1000,4,9,53,70889
qenlo_cuda_buffered_prototype,1000,4,10,94,70959
qenlo_cuda_buffered_prototype,1000,4,11,51,72426
qenlo_cuda_buffered_prototype,1000,4,12,9,71517
qenlo_cuda_buffered_prototype,1000,4,13,72,81365
qenlo_cuda_buffered_prototype,1000,4,14,12,75219
qenlo_cuda_buffered_prototype,1000,4,15,1,71867
qenlo_cuda_buffered_prototype,1000,4,16,6,71029
qenlo_cuda_buffered_prototype,1000,4,17,48,72426
qenlo_cuda_buffered_prototype,1000,4,18,20,88978
qenlo_cuda_buffered_prototype,1000,4,19,52,73264
qenlo_cuda_buffered_prototype,1000,4,20,80,71867
qenlo_cuda_buffered_prototype,1000,4,21,16,72355
qenlo_cuda_buffered_prototype,1000,4,22,78,71937
qenlo_cuda_buffered_prototype,1000,4,23,96,71937
qenlo_cuda_buffered_prototype,1000,4,24,39,71937
qenlo_cuda_buffered_prototype,1000,4,25,95,72356
qenlo_cuda_buffered_prototype,1000,4,26,61,79410
qenlo_cuda_buffered_prototype,1000,4,27,5,72355
qenlo_cuda_buffered_prototype,1000,4,28,8,75708
qenlo_cuda_buffered_prototype,1000,4,29,82,72914
qenlo_cuda_buffered_prototype,1000,4,30,99,72356
qenlo_cuda_buffered_prototype,1000,4,31,44,88420
qenlo_cuda_buffered_prototype,1000,4,32,67,72356
qenlo_cuda_buffered_prototype,1000,4,33,38,72915
qenlo_cuda_buffered_prototype,1000,4,34,68,77105
qenlo_cuda_buffered_prototype,1000,4,35,63,70959
qenlo_cuda_buffered_prototype,1000,4,36,10,70889
qenlo_cuda_buffered_prototype,1000,4,37,59,71029
qenlo_cuda_buffered_prototype,1000,4,38,28,72844
qenlo_cuda_buffered_prototype,1000,4,39,89,72425
qenlo_cuda_buffered_prototype,1000,4,40,97,73753
qenlo_cuda_buffered_prototype,1000,4,41,93,73334
qenlo_cuda_buffered_prototype,1000,4,42,11,72426
qenlo_cuda_buffered_prototype,1000,4,43,71,71448
qenlo_cuda_buffered_prototype,1000,4,44,30,88489
qenlo_cuda_buffered_prototype,1000,4,45,31,71936
qenlo_cuda_buffered_prototype,1000,4,46,75,70540
qenlo_cuda_buffered_prototype,1000,4,47,70,70471
qenlo_cuda_buffered_prototype,1000,4,48,58,71378
qenlo_cuda_buffered_prototype,1000,4,49,73,71937
qenlo_cuda_buffered_prototype,1000,4,50,83,71448
qenlo_cuda_buffered_prototype,1000,4,51,56,70400
qenlo_cuda_buffered_prototype,1000,4,52,50,73822
qenlo_cuda_buffered_prototype,1000,4,53,47,72845
qenlo_cuda_buffered_prototype,1000,4,54,0,73334
qenlo_cuda_buffered_prototype,1000,4,55,81,71448
qenlo_cuda_buffered_prototype,1000,4,56,90,70470
qenlo_cuda_buffered_prototype,1000,4,57,37,89887
qenlo_cuda_buffered_prototype,1000,4,58,34,72426
qenlo_cuda_buffered_prototype,1000,4,59,62,71936
qenlo_cuda_buffered_prototype,1000,4,60,86,71378
qenlo_cuda_buffered_prototype,1000,4,61,33,76127
qenlo_cuda_buffered_prototype,1000,4,62,98,79480
qenlo_cuda_buffered_prototype,1000,4,63,3,81365
qenlo_cuda_buffered_prototype,1000,4,64,84,71937
qenlo_cuda_buffered_prototype,1000,4,65,64,71937
qenlo_cuda_buffered_prototype,1000,4,66,24,71029
qenlo_cuda_buffered_prototype,1000,4,67,35,70121
qenlo_cuda_buffered_prototype,1000,4,68,2,70470
qenlo_cuda_buffered_prototype,1000,4,69,43,96102
qenlo_cuda_buffered_prototype,1000,4,70,91,75639
qenlo_cuda_buffered_prototype,1000,4,71,22,70889
qenlo_cuda_buffered_prototype,1000,4,72,77,78502
qenlo_cuda_buffered_prototype,1000,4,73,41,75709
qenlo_cuda_buffered_prototype,1000,4,74,74,70889
qenlo_cuda_buffered_prototype,1000,4,75,7,70400
qenlo_cuda_buffered_prototype,1000,4,76,18,78572
qenlo_cuda_buffered_prototype,1000,4,77,49,70540
qenlo_cuda_buffered_prototype,1000,4,78,46,80458
qenlo_cuda_buffered_prototype,1000,4,79,17,70959
qenlo_cuda_buffered_prototype,1000,4,80,65,71448
qenlo_cuda_buffered_prototype,1000,4,81,88,70959
qenlo_cuda_buffered_prototype,1000,4,82,32,86673
qenlo_cuda_buffered_prototype,1000,4,83,85,74312
qenlo_cuda_buffered_prototype,1000,4,84,69,70400
qenlo_cuda_buffered_prototype,1000,4,85,27,70470
qenlo_cuda_buffered_prototype,1000,4,86,55,70889
qenlo_cuda_buffered_prototype,1000,4,87,66,69492
qenlo_cuda_buffered_prototype,1000,4,88,40,71447
qenlo_cuda_buffered_prototype,1000,4,89,26,70051
qenlo_cuda_buffered_prototype,1000,4,90,19,70959
qenlo_cuda_buffered_prototype,1000,4,91,23,71029
qenlo_cuda_buffered_prototype,1000,4,92,15,78432
qenlo_cuda_buffered_prototype,1000,4,93,57,279995
qenlo_cuda_buffered_prototype,1000,4,94,29,78502
qenlo_cuda_buffered_prototype,1000,4,95,87,73334
qenlo_cuda_buffered_prototype,1000,4,96,25,80947
qenlo_cuda_buffered_prototype,1000,4,97,13,73823
qenlo_cuda_buffered_prototype,1000,4,98,92,74242
qenlo_cuda_buffered_prototype,1000,4,99,79,73334
faiss_gpu_flat_ip,1000,4,0,14,84648
faiss_gpu_flat_ip,1000,4,1,76,68655
faiss_gpu_flat_ip,1000,4,2,60,66210
faiss_gpu_flat_ip,1000,4,3,54,259671
faiss_gpu_flat_ip,1000,4,4,45,64324
faiss_gpu_flat_ip,1000,4,5,42,61950
faiss_gpu_flat_ip,1000,4,6,36,62019
faiss_gpu_flat_ip,1000,4,7,21,62019
faiss_gpu_flat_ip,1000,4,8,4,62508
faiss_gpu_flat_ip,1000,4,9,53,61461
faiss_gpu_flat_ip,1000,4,10,94,68515
faiss_gpu_flat_ip,1000,4,11,51,62020
faiss_gpu_flat_ip,1000,4,12,9,65790
faiss_gpu_flat_ip,1000,4,13,72,63416
faiss_gpu_flat_ip,1000,4,14,12,62019
faiss_gpu_flat_ip,1000,4,15,1,63416
faiss_gpu_flat_ip,1000,4,16,6,61041
faiss_gpu_flat_ip,1000,4,17,48,72356
faiss_gpu_flat_ip,1000,4,18,20,64813
faiss_gpu_flat_ip,1000,4,19,52,62997
faiss_gpu_flat_ip,1000,4,20,80,62439
faiss_gpu_flat_ip,1000,4,21,16,62928
faiss_gpu_flat_ip,1000,4,22,78,61461
faiss_gpu_flat_ip,1000,4,23,96,63346
faiss_gpu_flat_ip,1000,4,24,39,63835
faiss_gpu_flat_ip,1000,4,25,95,64324
faiss_gpu_flat_ip,1000,4,26,61,63347
faiss_gpu_flat_ip,1000,4,27,5,63347
faiss_gpu_flat_ip,1000,4,28,8,63835
faiss_gpu_flat_ip,1000,4,29,82,63835
faiss_gpu_flat_ip,1000,4,30,99,63346
faiss_gpu_flat_ip,1000,4,31,44,67607
faiss_gpu_flat_ip,1000,4,32,67,69981
faiss_gpu_flat_ip,1000,4,33,38,67118
faiss_gpu_flat_ip,1000,4,34,68,63416
faiss_gpu_flat_ip,1000,4,35,63,64254
faiss_gpu_flat_ip,1000,4,36,10,63905
faiss_gpu_flat_ip,1000,4,37,59,63347
faiss_gpu_flat_ip,1000,4,38,28,64394
faiss_gpu_flat_ip,1000,4,39,89,63835
faiss_gpu_flat_ip,1000,4,40,97,63416
faiss_gpu_flat_ip,1000,4,41,93,64744
faiss_gpu_flat_ip,1000,4,42,11,62508
faiss_gpu_flat_ip,1000,4,43,71,63765
faiss_gpu_flat_ip,1000,4,44,30,63416
faiss_gpu_flat_ip,1000,4,45,31,63346
faiss_gpu_flat_ip,1000,4,46,75,64394
faiss_gpu_flat_ip,1000,4,47,70,64743
faiss_gpu_flat_ip,1000,4,48,58,64813
faiss_gpu_flat_ip,1000,4,49,73,63835
faiss_gpu_flat_ip,1000,4,50,83,63416
faiss_gpu_flat_ip,1000,4,51,56,63835
faiss_gpu_flat_ip,1000,4,52,50,69003
faiss_gpu_flat_ip,1000,4,53,47,64324
faiss_gpu_flat_ip,1000,4,54,0,63766
faiss_gpu_flat_ip,1000,4,55,81,63346
faiss_gpu_flat_ip,1000,4,56,90,63835
faiss_gpu_flat_ip,1000,4,57,37,63835
faiss_gpu_flat_ip,1000,4,58,34,62858
faiss_gpu_flat_ip,1000,4,59,62,64812
faiss_gpu_flat_ip,1000,4,60,86,64254
faiss_gpu_flat_ip,1000,4,61,33,63835
faiss_gpu_flat_ip,1000,4,62,98,70889
faiss_gpu_flat_ip,1000,4,63,3,66769
faiss_gpu_flat_ip,1000,4,64,84,64393
faiss_gpu_flat_ip,1000,4,65,64,63486
faiss_gpu_flat_ip,1000,4,66,24,63905
faiss_gpu_flat_ip,1000,4,67,35,63416
faiss_gpu_flat_ip,1000,4,68,2,63836
faiss_gpu_flat_ip,1000,4,69,43,63905
faiss_gpu_flat_ip,1000,4,70,91,65232
faiss_gpu_flat_ip,1000,4,71,22,62857
faiss_gpu_flat_ip,1000,4,72,77,62857
faiss_gpu_flat_ip,1000,4,73,41,63836
faiss_gpu_flat_ip,1000,4,74,74,63835
faiss_gpu_flat_ip,1000,4,75,7,63416
faiss_gpu_flat_ip,1000,4,76,18,64324
faiss_gpu_flat_ip,1000,4,77,49,79480
faiss_gpu_flat_ip,1000,4,78,46,65790
faiss_gpu_flat_ip,1000,4,79,17,63835
faiss_gpu_flat_ip,1000,4,80,65,60622
faiss_gpu_flat_ip,1000,4,81,88,63905
faiss_gpu_flat_ip,1000,4,82,32,62997
faiss_gpu_flat_ip,1000,4,83,85,64325
faiss_gpu_flat_ip,1000,4,84,69,63975
faiss_gpu_flat_ip,1000,4,85,27,63416
faiss_gpu_flat_ip,1000,4,86,55,63905
faiss_gpu_flat_ip,1000,4,87,66,64393
faiss_gpu_flat_ip,1000,4,88,40,65791
faiss_gpu_flat_ip,1000,4,89,26,66209
faiss_gpu_flat_ip,1000,4,90,19,64813
faiss_gpu_flat_ip,1000,4,91,23,61461
faiss_gpu_flat_ip,1000,4,92,15,81366
faiss_gpu_flat_ip,1000,4,93,57,64394
faiss_gpu_flat_ip,1000,4,94,29,62019
faiss_gpu_flat_ip,1000,4,95,87,63835
faiss_gpu_flat_ip,1000,4,96,25,63835
faiss_gpu_flat_ip,1000,4,97,13,63905
faiss_gpu_flat_ip,1000,4,98,92,61461
faiss_gpu_flat_ip,1000,4,99,79,61461
qenlo_cuda_buffered_prototype,10000,0,0,64,151835
qenlo_cuda_buffered_prototype,10000,0,1,8,153233
qenlo_cuda_buffered_prototype,10000,0,2,4,146667
qenlo_cuda_buffered_prototype,10000,0,3,20,141918
qenlo_cuda_buffered_prototype,10000,0,4,42,143315
qenlo_cuda_buffered_prototype,10000,0,5,13,142896
qenlo_cuda_buffered_prototype,10000,0,6,93,134864
qenlo_cuda_buffered_prototype,10000,0,7,33,135702
qenlo_cuda_buffered_prototype,10000,0,8,5,136680
qenlo_cuda_buffered_prototype,10000,0,9,41,140032
qenlo_cuda_buffered_prototype,10000,0,10,66,140521
qenlo_cuda_buffered_prototype,10000,0,11,11,142826
qenlo_cuda_buffered_prototype,10000,0,12,56,133816
qenlo_cuda_buffered_prototype,10000,0,13,77,134445
qenlo_cuda_buffered_prototype,10000,0,14,2,142826
qenlo_cuda_buffered_prototype,10000,0,15,88,137169
qenlo_cuda_buffered_prototype,10000,0,16,12,137238
qenlo_cuda_buffered_prototype,10000,0,17,63,141918
qenlo_cuda_buffered_prototype,10000,0,18,86,133887
qenlo_cuda_buffered_prototype,10000,0,19,36,141010
qenlo_cuda_buffered_prototype,10000,0,20,38,133467
qenlo_cuda_buffered_prototype,10000,0,21,79,141988
qenlo_cuda_buffered_prototype,10000,0,22,3,140521
qenlo_cuda_buffered_prototype,10000,0,23,81,146178
qenlo_cuda_buffered_prototype,10000,0,24,15,132978
qenlo_cuda_buffered_prototype,10000,0,25,72,132908
qenlo_cuda_buffered_prototype,10000,0,26,53,140452
qenlo_cuda_buffered_prototype,10000,0,27,70,141918
qenlo_cuda_buffered_prototype,10000,0,28,30,142407
qenlo_cuda_buffered_prototype,10000,0,29,35,146668
qenlo_cuda_buffered_prototype,10000,0,30,34,146179
qenlo_cuda_buffered_prototype,10000,0,31,24,134375
qenlo_cuda_buffered_prototype,10000,0,32,80,141918
qenlo_cuda_buffered_prototype,10000,0,33,65,142476
qenlo_cuda_buffered_prototype,10000,0,34,44,141429
qenlo_cuda_buffered_prototype,10000,0,35,40,133956
qenlo_cuda_buffered_prototype,10000,0,36,82,142896
qenlo_cuda_buffered_prototype,10000,0,37,89,136680
qenlo_cuda_buffered_prototype,10000,0,38,9,141918
qenlo_cuda_buffered_prototype,10000,0,39,25,143385
qenlo_cuda_buffered_prototype,10000,0,40,78,136330
qenlo_cuda_buffered_prototype,10000,0,41,92,141429
qenlo_cuda_buffered_prototype,10000,0,42,46,132489
qenlo_cuda_buffered_prototype,10000,0,43,62,143873
qenlo_cuda_buffered_prototype,10000,0,44,23,136750
qenlo_cuda_buffered_prototype,10000,0,45,90,133887
qenlo_cuda_buffered_prototype,10000,0,46,85,138636
qenlo_cuda_buffered_prototype,10000,0,47,31,135213
qenlo_cuda_buffered_prototype,10000,0,48,17,144363
qenlo_cuda_buffered_prototype,10000,0,49,28,141429
qenlo_cuda_buffered_prototype,10000,0,50,83,134445
qenlo_cuda_buffered_prototype,10000,0,51,37,135841
qenlo_cuda_buffered_prototype,10000,0,52,14,140521
qenlo_cuda_buffered_prototype,10000,0,53,55,133467
qenlo_cuda_buffered_prototype,10000,0,54,75,141430
qenlo_cuda_buffered_prototype,10000,0,55,0,133467
qenlo_cuda_buffered_prototype,10000,0,56,57,132908
qenlo_cuda_buffered_prototype,10000,0,57,1,152324
qenlo_cuda_buffered_prototype,10000,0,58,18,136680
qenlo_cuda_buffered_prototype,10000,0,59,10,137309
qenlo_cuda_buffered_prototype,10000,0,60,6,133467
qenlo_cuda_buffered_prototype,10000,0,61,54,132490
qenlo_cuda_buffered_prototype,10000,0,62,96,141010
qenlo_cuda_buffered_prototype,10000,0,63,84,133816
qenlo_cuda_buffered_prototype,10000,0,64,74,146667
qenlo_cuda_buffered_prototype,10000,0,65,94,146248
qenlo_cuda_buffered_prototype,10000,0,66,26,142407
qenlo_cuda_buffered_prototype,10000,0,67,21,132909
qenlo_cuda_buffered_prototype,10000,0,68,43,144782
qenlo_cuda_buffered_prototype,10000,0,69,29,133398
qenlo_cuda_buffered_prototype,10000,0,70,47,132978
qenlo_cuda_buffered_prototype,10000,0,71,61,148553
qenlo_cuda_buffered_prototype,10000,0,72,76,136610
qenlo_cuda_buffered_prototype,10000,0,73,91,132000
qenlo_cuda_buffered_prototype,10000,0,74,67,141988
qenlo_cuda_buffered_prototype,10000,0,75,71,132490
qenlo_cuda_buffered_prototype,10000,0,76,16,132909
qenlo_cuda_buffered_prototype,10000,0,77,95,132908
qenlo_cuda_buffered_prototype,10000,0,78,32,140032
qenlo_cuda_buffered_prototype,10000,0,79,99,135353
qenlo_cuda_buffered_prototype,10000,0,80,19,133467
qenlo_cuda_buffered_prototype,10000,0,81,97,141010
qenlo_cuda_buffered_prototype,10000,0,82,51,133397
qenlo_cuda_buffered_prototype,10000,0,83,87,141499
qenlo_cuda_buffered_prototype,10000,0,84,98,133956
qenlo_cuda_buffered_prototype,10000,0,85,7,133816
qenlo_cuda_buffered_prototype,10000,0,86,49,159379
qenlo_cuda_buffered_prototype,10000,0,87,48,146178
qenlo_cuda_buffered_prototype,10000,0,88,58,133398
qenlo_cuda_buffered_prototype,10000,0,89,45,132490
qenlo_cuda_buffered_prototype,10000,0,90,39,133398
qenlo_cuda_buffered_prototype,10000,0,91,73,141010
qenlo_cuda_buffered_prototype,10000,0,92,60,153861
qenlo_cuda_buffered_prototype,10000,0,93,52,138146
qenlo_cuda_buffered_prototype,10000,0,94,22,133397
qenlo_cuda_buffered_prototype,10000,0,95,50,139544
qenlo_cuda_buffered_prototype,10000,0,96,69,134376
qenlo_cuda_buffered_prototype,10000,0,97,68,150858
qenlo_cuda_buffered_prototype,10000,0,98,27,140033
qenlo_cuda_buffered_prototype,10000,0,99,59,147156
faiss_gpu_flat_ip,10000,0,0,64,140522
faiss_gpu_flat_ip,10000,0,1,8,134794
faiss_gpu_flat_ip,10000,0,2,4,119639
faiss_gpu_flat_ip,10000,0,3,20,121105
faiss_gpu_flat_ip,10000,0,4,42,126833
faiss_gpu_flat_ip,10000,0,5,13,126274
faiss_gpu_flat_ip,10000,0,6,93,126274
faiss_gpu_flat_ip,10000,0,7,33,125295
faiss_gpu_flat_ip,10000,0,8,5,137239
faiss_gpu_flat_ip,10000,0,9,41,120198
faiss_gpu_flat_ip,10000,0,10,66,125855
faiss_gpu_flat_ip,10000,0,11,11,127252
faiss_gpu_flat_ip,10000,0,12,56,126344
faiss_gpu_flat_ip,10000,0,13,77,125436
faiss_gpu_flat_ip,10000,0,14,2,117334
faiss_gpu_flat_ip,10000,0,15,88,132978
faiss_gpu_flat_ip,10000,0,16,12,126273
faiss_gpu_flat_ip,10000,0,17,63,125435
faiss_gpu_flat_ip,10000,0,18,86,122991
faiss_gpu_flat_ip,10000,0,19,36,117823
faiss_gpu_flat_ip,10000,0,20,38,123480
faiss_gpu_flat_ip,10000,0,21,79,126833
faiss_gpu_flat_ip,10000,0,22,3,116845
faiss_gpu_flat_ip,10000,0,23,81,136261
faiss_gpu_flat_ip,10000,0,24,15,116915
faiss_gpu_flat_ip,10000,0,25,72,118731
faiss_gpu_flat_ip,10000,0,26,53,128229
faiss_gpu_flat_ip,10000,0,27,70,118312
faiss_gpu_flat_ip,10000,0,28,30,127251
faiss_gpu_flat_ip,10000,0,29,35,120267
faiss_gpu_flat_ip,10000,0,30,34,140032
faiss_gpu_flat_ip,10000,0,31,24,129626
faiss_gpu_flat_ip,10000,0,32,80,124947
faiss_gpu_flat_ip,10000,0,33,65,119638
faiss_gpu_flat_ip,10000,0,34,44,126273
faiss_gpu_flat_ip,10000,0,35,40,119219
faiss_gpu_flat_ip,10000,0,36,82,123969
faiss_gpu_flat_ip,10000,0,37,89,116915
faiss_gpu_flat_ip,10000,0,38,9,124458
faiss_gpu_flat_ip,10000,0,39,25,119709
faiss_gpu_flat_ip,10000,0,40,78,126344
faiss_gpu_flat_ip,10000,0,41,92,126274
faiss_gpu_flat_ip,10000,0,42,46,125855
faiss_gpu_flat_ip,10000,0,43,62,126833
faiss_gpu_flat_ip,10000,0,44,23,126763
faiss_gpu_flat_ip,10000,0,45,90,117823
faiss_gpu_flat_ip,10000,0,46,85,122572
faiss_gpu_flat_ip,10000,0,47,31,128788
faiss_gpu_flat_ip,10000,0,48,17,124039
faiss_gpu_flat_ip,10000,0,49,28,127810
faiss_gpu_flat_ip,10000,0,50,83,125366
faiss_gpu_flat_ip,10000,0,51,37,126274
faiss_gpu_flat_ip,10000,0,52,14,117334
faiss_gpu_flat_ip,10000,0,53,55,128229
faiss_gpu_flat_ip,10000,0,54,75,127252
faiss_gpu_flat_ip,10000,0,55,0,121176
faiss_gpu_flat_ip,10000,0,56,57,126413
faiss_gpu_flat_ip,10000,0,57,1,123061
faiss_gpu_flat_ip,10000,0,58,18,116915
faiss_gpu_flat_ip,10000,0,59,10,127182
faiss_gpu_flat_ip,10000,0,60,6,122991
faiss_gpu_flat_ip,10000,0,61,54,125784
faiss_gpu_flat_ip,10000,0,62,96,126832
faiss_gpu_flat_ip,10000,0,63,84,121664
faiss_gpu_flat_ip,10000,0,64,74,124876
faiss_gpu_flat_ip,10000,0,65,94,121175
faiss_gpu_flat_ip,10000,0,66,26,122572
faiss_gpu_flat_ip,10000,0,67,21,116426
faiss_gpu_flat_ip,10000,0,68,43,123969
faiss_gpu_flat_ip,10000,0,69,29,124876
faiss_gpu_flat_ip,10000,0,70,47,122013
faiss_gpu_flat_ip,10000,0,71,61,129067
faiss_gpu_flat_ip,10000,0,72,76,118661
faiss_gpu_flat_ip,10000,0,73,91,119290
faiss_gpu_flat_ip,10000,0,74,67,125855
faiss_gpu_flat_ip,10000,0,75,71,126693
faiss_gpu_flat_ip,10000,0,76,16,124876
faiss_gpu_flat_ip,10000,0,77,95,119638
faiss_gpu_flat_ip,10000,0,78,32,140521
faiss_gpu_flat_ip,10000,0,79,99,128229
faiss_gpu_flat_ip,10000,0,80,19,125855
faiss_gpu_flat_ip,10000,0,81,97,127322
faiss_gpu_flat_ip,10000,0,82,51,125366
faiss_gpu_flat_ip,10000,0,83,87,127252
faiss_gpu_flat_ip,10000,0,84,98,117893
faiss_gpu_flat_ip,10000,0,85,7,136680
faiss_gpu_flat_ip,10000,0,86,49,134795
faiss_gpu_flat_ip,10000,0,87,48,121594
faiss_gpu_flat_ip,10000,0,88,58,126413
faiss_gpu_flat_ip,10000,0,89,45,118312
faiss_gpu_flat_ip,10000,0,90,39,123480
faiss_gpu_flat_ip,10000,0,91,73,126762
faiss_gpu_flat_ip,10000,0,92,60,126693
faiss_gpu_flat_ip,10000,0,93,52,118311
faiss_gpu_flat_ip,10000,0,94,22,128718
faiss_gpu_flat_ip,10000,0,95,50,125366
faiss_gpu_flat_ip,10000,0,96,69,125435
faiss_gpu_flat_ip,10000,0,97,68,118242
faiss_gpu_flat_ip,10000,0,98,27,124877
faiss_gpu_flat_ip,10000,0,99,59,119290
qenlo_cuda_buffered_prototype,10000,1,0,31,158541
qenlo_cuda_buffered_prototype,10000,1,1,65,164198
qenlo_cuda_buffered_prototype,10000,1,2,60,145341
qenlo_cuda_buffered_prototype,10000,1,3,54,134445
qenlo_cuda_buffered_prototype,10000,1,4,28,146668
qenlo_cuda_buffered_prototype,10000,1,5,51,134305
qenlo_cuda_buffered_prototype,10000,1,6,82,142407
qenlo_cuda_buffered_prototype,10000,1,7,8,145760
qenlo_cuda_buffered_prototype,10000,1,8,26,146248
qenlo_cuda_buffered_prototype,10000,1,9,19,134445
qenlo_cuda_buffered_prototype,10000,1,10,0,133886
qenlo_cuda_buffered_prototype,10000,1,11,86,135703
qenlo_cuda_buffered_prototype,10000,1,12,99,132001
qenlo_cuda_buffered_prototype,10000,1,13,10,131512
qenlo_cuda_buffered_prototype,10000,1,14,32,157982
qenlo_cuda_buffered_prototype,10000,1,15,53,137169
qenlo_cuda_buffered_prototype,10000,1,16,41,134795
qenlo_cuda_buffered_prototype,10000,1,17,15,133956
qenlo_cuda_buffered_prototype,10000,1,18,44,143385
qenlo_cuda_buffered_prototype,10000,1,19,84,132978
qenlo_cuda_buffered_prototype,10000,1,20,79,141010
qenlo_cuda_buffered_prototype,10000,1,21,61,144711
qenlo_cuda_buffered_prototype,10000,1,22,18,136260
qenlo_cuda_buffered_prototype,10000,1,23,47,133397
qenlo_cuda_buffered_prototype,10000,1,24,70,137728
qenlo_cuda_buffered_prototype,10000,1,25,80,142407
qenlo_cuda_buffered_prototype,10000,1,26,52,131511
qenlo_cuda_buffered_prototype,10000,1,27,77,141010
qenlo_cuda_buffered_prototype,10000,1,28,13,158471
qenlo_cuda_buffered_prototype,10000,1,29,23,135842
qenlo_cuda_buffered_prototype,10000,1,30,17,140940
qenlo_cuda_buffered_prototype,10000,1,31,76,141987
qenlo_cuda_buffered_prototype,10000,1,32,14,141988
qenlo_cuda_buffered_prototype,10000,1,33,64,142826
qenlo_cuda_buffered_prototype,10000,1,34,81,141918
qenlo_cuda_buffered_prototype,10000,1,35,83,136750
qenlo_cuda_buffered_prototype,10000,1,36,27,140940
qenlo_cuda_buffered_prototype,10000,1,37,89,143315
qenlo_cuda_buffered_prototype,10000,1,38,56,134445
qenlo_cuda_buffered_prototype,10000,1,39,94,142896
qenlo_cuda_buffered_prototype,10000,1,40,3,133886
qenlo_cuda_buffered_prototype,10000,1,41,45,134375
qenlo_cuda_buffered_prototype,10000,1,42,21,150928
qenlo_cuda_buffered_prototype,10000,1,43,29,141010
qenlo_cuda_buffered_prototype,10000,1,44,35,142407
qenlo_cuda_buffered_prototype,10000,1,45,57,133956
qenlo_cuda_buffered_prototype,10000,1,46,67,142826
qenlo_cuda_buffered_prototype,10000,1,47,39,133886
qenlo_cuda_buffered_prototype,10000,1,48,22,141988
qenlo_cuda_buffered_prototype,10000,1,49,78,142826
qenlo_cuda_buffered_prototype,10000,1,50,88,137588
qenlo_cuda_buffered_prototype,10000,1,51,58,134235
qenlo_cuda_buffered_prototype,10000,1,52,9,142895
qenlo_cuda_buffered_prototype,10000,1,53,38,134934
qenlo_cuda_buffered_prototype,10000,1,54,87,141918
qenlo_cuda_buffered_prototype,10000,1,55,20,141988
qenlo_cuda_buffered_prototype,10000,1,56,90,135283
qenlo_cuda_buffered_prototype,10000,1,57,68,153791
qenlo_cuda_buffered_prototype,10000,1,58,16,132000
qenlo_cuda_buffered_prototype,10000,1,59,25,142407
qenlo_cuda_buffered_prototype,10000,1,60,50,141918
qenlo_cuda_buffered_prototype,10000,1,61,30,142477
qenlo_cuda_buffered_prototype,10000,1,62,4,141500
qenlo_cuda_buffered_prototype,10000,1,63,48,145760
qenlo_cuda_buffered_prototype,10000,1,64,85,142966
qenlo_cuda_buffered_prototype,10000,1,65,55,134864
qenlo_cuda_buffered_prototype,10000,1,66,93,134794
qenlo_cuda_buffered_prototype,10000,1,67,24,134864
qenlo_cuda_buffered_prototype,10000,1,68,46,135841
qenlo_cuda_buffered_prototype,10000,1,69,6,134864
qenlo_cuda_buffered_prototype,10000,1,70,75,143734
qenlo_cuda_buffered_prototype,10000,1,71,73,145200
qenlo_cuda_buffered_prototype,10000,1,72,97,142337
qenlo_cuda_buffered_prototype,10000,1,73,59,136331
qenlo_cuda_buffered_prototype,10000,1,74,43,144292
qenlo_cuda_buffered_prototype,10000,1,75,74,134375
qenlo_cuda_buffered_prototype,10000,1,76,98,133398
qenlo_cuda_buffered_prototype,10000,1,77,91,135772
qenlo_cuda_buffered_prototype,10000,1,78,2,144712
qenlo_cuda_buffered_prototype,10000,1,79,1,143315
qenlo_cuda_buffered_prototype,10000,1,80,62,141499
qenlo_cuda_buffered_prototype,10000,1,81,95,134934
qenlo_cuda_buffered_prototype,10000,1,82,7,143874
qenlo_cuda_buffered_prototype,10000,1,83,40,134445
qenlo_cuda_buffered_prototype,10000,1,84,36,143315
qenlo_cuda_buffered_prototype,10000,1,85,72,137588
qenlo_cuda_buffered_prototype,10000,1,86,66,132909
qenlo_cuda_buffered_prototype,10000,1,87,49,148134
qenlo_cuda_buffered_prototype,10000,1,88,42,141918
qenlo_cuda_buffered_prototype,10000,1,89,96,139055
qenlo_cuda_buffered_prototype,10000,1,90,37,134375
qenlo_cuda_buffered_prototype,10000,1,91,69,135353
qenlo_cuda_buffered_prototype,10000,1,92,11,138217
qenlo_cuda_buffered_prototype,10000,1,93,5,134445
qenlo_cuda_buffered_prototype,10000,1,94,12,142407
qenlo_cuda_buffered_prototype,10000,1,95,33,133467
qenlo_cuda_buffered_prototype,10000,1,96,34,141918
qenlo_cuda_buffered_prototype,10000,1,97,92,141918
qenlo_cuda_buffered_prototype,10000,1,98,63,142965
qenlo_cuda_buffered_prototype,10000,1,99,71,136820
faiss_gpu_flat_ip,10000,1,0,31,143384
faiss_gpu_flat_ip,10000,1,1,65,122083
faiss_gpu_flat_ip,10000,1,2,60,131023
faiss_gpu_flat_ip,10000,1,3,54,126344
faiss_gpu_flat_ip,10000,1,4,28,124877
faiss_gpu_flat_ip,10000,1,5,51,126343
faiss_gpu_flat_ip,10000,1,6,82,133397
faiss_gpu_flat_ip,10000,1,7,8,127321
faiss_gpu_flat_ip,10000,1,8,26,124877
faiss_gpu_flat_ip,10000,1,9,19,126343
faiss_gpu_flat_ip,10000,1,10,0,116845
faiss_gpu_flat_ip,10000,1,11,86,125855
faiss_gpu_flat_ip,10000,1,12,99,124877
faiss_gpu_flat_ip,10000,1,13,10,141918
faiss_gpu_flat_ip,10000,1,14,32,131512
faiss_gpu_flat_ip,10000,1,15,53,125436
faiss_gpu_flat_ip,10000,1,16,41,115937
faiss_gpu_flat_ip,10000,1,17,15,118801
faiss_gpu_flat_ip,10000,1,18,44,124457
faiss_gpu_flat_ip,10000,1,19,84,118730
faiss_gpu_flat_ip,10000,1,20,79,125785
faiss_gpu_flat_ip,10000,1,21,61,128230
faiss_gpu_flat_ip,10000,1,22,18,119290
faiss_gpu_flat_ip,10000,1,23,47,118801
faiss_gpu_flat_ip,10000,1,24,70,124877
faiss_gpu_flat_ip,10000,1,25,80,126343
faiss_gpu_flat_ip,10000,1,26,52,124387
faiss_gpu_flat_ip,10000,1,27,77,126343
faiss_gpu_flat_ip,10000,1,28,13,125855
faiss_gpu_flat_ip,10000,1,29,23,126833
faiss_gpu_flat_ip,10000,1,30,17,126833
faiss_gpu_flat_ip,10000,1,31,76,118242
faiss_gpu_flat_ip,10000,1,32,14,117404
faiss_gpu_flat_ip,10000,1,33,64,116845
faiss_gpu_flat_ip,10000,1,34,81,125366
faiss_gpu_flat_ip,10000,1,35,83,120268
faiss_gpu_flat_ip,10000,1,36,27,125436
faiss_gpu_flat_ip,10000,1,37,89,120128
faiss_gpu_flat_ip,10000,1,38,56,128230
faiss_gpu_flat_ip,10000,1,39,94,127321
faiss_gpu_flat_ip,10000,1,40,3,126274
faiss_gpu_flat_ip,10000,1,41,45,120617
faiss_gpu_flat_ip,10000,1,42,21,125435
faiss_gpu_flat_ip,10000,1,43,29,126763
faiss_gpu_flat_ip,10000,1,44,35,123899
faiss_gpu_flat_ip,10000,1,45,57,118730
faiss_gpu_flat_ip,10000,1,46,67,127251
faiss_gpu_flat_ip,10000,1,47,39,126902
faiss_gpu_flat_ip,10000,1,48,22,125366
faiss_gpu_flat_ip,10000,1,49,78,126762
faiss_gpu_flat_ip,10000,1,50,88,117822
faiss_gpu_flat_ip,10000,1,51,58,125296
faiss_gpu_flat_ip,10000,1,52,9,123899
faiss_gpu_flat_ip,10000,1,53,38,128648
faiss_gpu_flat_ip,10000,1,54,87,126274
faiss_gpu_flat_ip,10000,1,55,20,118312
faiss_gpu_flat_ip,10000,1,56,90,123969
faiss_gpu_flat_ip,10000,1,57,68,124458
faiss_gpu_flat_ip,10000,1,58,16,121594
faiss_gpu_flat_ip,10000,1,59,25,117823
faiss_gpu_flat_ip,10000,1,60,50,127321
faiss_gpu_flat_ip,10000,1,61,30,144293
faiss_gpu_flat_ip,10000,1,62,4,125296
faiss_gpu_flat_ip,10000,1,63,48,125505
faiss_gpu_flat_ip,10000,1,64,85,117264
faiss_gpu_flat_ip,10000,1,65,55,125436
faiss_gpu_flat_ip,10000,1,66,93,124876
faiss_gpu_flat_ip,10000,1,67,24,124947
faiss_gpu_flat_ip,10000,1,68,46,135702
faiss_gpu_flat_ip,10000,1,69,6,121036
faiss_gpu_flat_ip,10000,1,70,75,123480
faiss_gpu_flat_ip,10000,1,71,73,126273
faiss_gpu_flat_ip,10000,1,72,97,124946
faiss_gpu_flat_ip,10000,1,73,59,116845
faiss_gpu_flat_ip,10000,1,74,43,126343
faiss_gpu_flat_ip,10000,1,75,74,117334
faiss_gpu_flat_ip,10000,1,76,98,155188
faiss_gpu_flat_ip,10000,1,77,91,133886
faiss_gpu_flat_ip,10000,1,78,2,120128
faiss_gpu_flat_ip,10000,1,79,1,118731
faiss_gpu_flat_ip,10000,1,80,62,129626
faiss_gpu_flat_ip,10000,1,81,95,124877
faiss_gpu_flat_ip,10000,1,82,7,123968
faiss_gpu_flat_ip,10000,1,83,40,116915
faiss_gpu_flat_ip,10000,1,84,36,126344
faiss_gpu_flat_ip,10000,1,85,72,121106
faiss_gpu_flat_ip,10000,1,86,66,126274
faiss_gpu_flat_ip,10000,1,87,49,118312
faiss_gpu_flat_ip,10000,1,88,42,125365
faiss_gpu_flat_ip,10000,1,89,96,117404
faiss_gpu_flat_ip,10000,1,90,37,125855
faiss_gpu_flat_ip,10000,1,91,69,127252
faiss_gpu_flat_ip,10000,1,92,11,120198
faiss_gpu_flat_ip,10000,1,93,5,121175
faiss_gpu_flat_ip,10000,1,94,12,126343
faiss_gpu_flat_ip,10000,1,95,33,118312
faiss_gpu_flat_ip,10000,1,96,34,125436
faiss_gpu_flat_ip,10000,1,97,92,118311
faiss_gpu_flat_ip,10000,1,98,63,124457
faiss_gpu_flat_ip,10000,1,99,71,126274
qenlo_cuda_buffered_prototype,10000,2,0,98,163220
qenlo_cuda_buffered_prototype,10000,2,1,42,145201
qenlo_cuda_buffered_prototype,10000,2,2,27,135283
qenlo_cuda_buffered_prototype,10000,2,3,35,142406
qenlo_cuda_buffered_prototype,10000,2,4,66,140521
qenlo_cuda_buffered_prototype,10000,2,5,68,156096
qenlo_cuda_buffered_prototype,10000,2,6,45,136191
qenlo_cuda_buffered_prototype,10000,2,7,96,146667
qenlo_cuda_buffered_prototype,10000,2,8,55,133887
qenlo_cuda_buffered_prototype,10000,2,9,29,134445
qenlo_cuda_buffered_prototype,10000,2,10,60,135283
qenlo_cuda_buffered_prototype,10000,2,11,78,142337
qenlo_cuda_buffered_prototype,10000,2,12,77,133956
qenlo_cuda_buffered_prototype,10000,2,13,19,142407
qenlo_cuda_buffered_prototype,10000,2,14,13,146667
qenlo_cuda_buffered_prototype,10000,2,15,1,142337
qenlo_cuda_buffered_prototype,10000,2,16,65,141080
qenlo_cuda_buffered_prototype,10000,2,17,57,134794
qenlo_cuda_buffered_prototype,10000,2,18,17,142337
qenlo_cuda_buffered_prototype,10000,2,19,91,137239
qenlo_cuda_buffered_prototype,10000,2,20,59,136749
qenlo_cuda_buffered_prototype,10000,2,21,31,136331
qenlo_cuda_buffered_prototype,10000,2,22,81,143315
qenlo_cuda_buffered_prototype,10000,2,23,87,141918
qenlo_cuda_buffered_prototype,10000,2,24,30,141988
qenlo_cuda_buffered_prototype,10000,2,25,95,132978
qenlo_cuda_buffered_prototype,10000,2,26,74,133956
qenlo_cuda_buffered_prototype,10000,2,27,51,135772
qenlo_cuda_buffered_prototype,10000,2,28,50,142826
qenlo_cuda_buffered_prototype,10000,2,29,99,137169
qenlo_cuda_buffered_prototype,10000,2,30,49,143315
qenlo_cuda_buffered_prototype,10000,2,31,93,133467
qenlo_cuda_buffered_prototype,10000,2,32,21,133886
qenlo_cuda_buffered_prototype,10000,2,33,62,141918
qenlo_cuda_buffered_prototype,10000,2,34,6,145759
qenlo_cuda_buffered_prototype,10000,2,35,7,138216
qenlo_cuda_buffered_prototype,10000,2,36,20,142477
qenlo_cuda_buffered_prototype,10000,2,37,75,141429
qenlo_cuda_buffered_prototype,10000,2,38,23,137728
qenlo_cuda_buffered_prototype,10000,2,39,76,140941
qenlo_cuda_buffered_prototype,10000,2,40,41,132978
qenlo_cuda_buffered_prototype,10000,2,41,73,143385
qenlo_cuda_buffered_prototype,10000,2,42,18,136750
qenlo_cuda_buffered_prototype,10000,2,43,64,136680
qenlo_cuda_buffered_prototype,10000,2,44,58,141499
qenlo_cuda_buffered_prototype,10000,2,45,48,141499
qenlo_cuda_buffered_prototype,10000,2,46,53,142407
qenlo_cuda_buffered_prototype,10000,2,47,70,141918
qenlo_cuda_buffered_prototype,10000,2,48,83,134864
qenlo_cuda_buffered_prototype,10000,2,49,54,137658
qenlo_cuda_buffered_prototype,10000,2,50,92,142826
qenlo_cuda_buffered_prototype,10000,2,51,4,143315
qenlo_cuda_buffered_prototype,10000,2,52,12,140940
qenlo_cuda_buffered_prototype,10000,2,53,16,133887
qenlo_cuda_buffered_prototype,10000,2,54,43,141010
qenlo_cuda_buffered_prototype,10000,2,55,2,143315
qenlo_cuda_buffered_prototype,10000,2,56,37,137658
qenlo_cuda_buffered_prototype,10000,2,57,15,134306
qenlo_cuda_buffered_prototype,10000,2,58,32,146668
qenlo_cuda_buffered_prototype,10000,2,59,86,133956
qenlo_cuda_buffered_prototype,10000,2,60,8,141918
qenlo_cuda_buffered_prototype,10000,2,61,40,133468
qenlo_cuda_buffered_prototype,10000,2,62,79,142407
qenlo_cuda_buffered_prototype,10000,2,63,10,137587
qenlo_cuda_buffered_prototype,10000,2,64,28,142896
qenlo_cuda_buffered_prototype,10000,2,65,63,141499
qenlo_cuda_buffered_prototype,10000,2,66,34,142407
qenlo_cuda_buffered_prototype,10000,2,67,52,133886
qenlo_cuda_buffered_prototype,10000,2,68,89,141010
qenlo_cuda_buffered_prototype,10000,2,69,85,141919
qenlo_cuda_buffered_prototype,10000,2,70,90,135912
qenlo_cuda_buffered_prototype,10000,2,71,0,133397
qenlo_cuda_buffered_prototype,10000,2,72,33,134725
qenlo_cuda_buffered_prototype,10000,2,73,25,140521
qenlo_cuda_buffered_prototype,10000,2,74,24,132908
qenlo_cuda_buffered_prototype,10000,2,75,72,133467
qenlo_cuda_buffered_prototype,10000,2,76,46,149460
qenlo_cuda_buffered_prototype,10000,2,77,88,141430
qenlo_cuda_buffered_prototype,10000,2,78,97,141010
qenlo_cuda_buffered_prototype,10000,2,79,82,141429
qenlo_cuda_buffered_prototype,10000,2,80,56,133956
qenlo_cuda_buffered_prototype,10000,2,81,80,140032
qenlo_cuda_buffered_prototype,10000,2,82,36,142477
qenlo_cuda_buffered_prototype,10000,2,83,84,135353
qenlo_cuda_buffered_prototype,10000,2,84,14,145689
qenlo_cuda_buffered_prototype,10000,2,85,9,142407
qenlo_cuda_buffered_prototype,10000,2,86,5,133398
qenlo_cuda_buffered_prototype,10000,2,87,61,133956
qenlo_cuda_buffered_prototype,10000,2,88,47,133886
qenlo_cuda_buffered_prototype,10000,2,89,11,140451
qenlo_cuda_buffered_prototype,10000,2,90,3,144293
qenlo_cuda_buffered_prototype,10000,2,91,26,145689
qenlo_cuda_buffered_prototype,10000,2,92,71,136191
qenlo_cuda_buffered_prototype,10000,2,93,39,133886
qenlo_cuda_buffered_prototype,10000,2,94,69,134864
qenlo_cuda_buffered_prototype,10000,2,95,94,142338
qenlo_cuda_buffered_prototype,10000,2,96,38,132908
qenlo_cuda_buffered_prototype,10000,2,97,67,151836
qenlo_cuda_buffered_prototype,10000,2,98,44,138147
qenlo_cuda_buffered_prototype,10000,2,99,22,134864
faiss_gpu_flat_ip,10000,2,0,98,136680
faiss_gpu_flat_ip,10000,2,1,42,122013
faiss_gpu_flat_ip,10000,2,2,27,128160
faiss_gpu_flat_ip,10000,2,3,35,127182
faiss_gpu_flat_ip,10000,2,4,66,125925
faiss_gpu_flat_ip,10000,2,5,68,122572
faiss_gpu_flat_ip,10000,2,6,45,128718
faiss_gpu_flat_ip,10000,2,7,96,119708
faiss_gpu_flat_ip,10000,2,8,55,125854
faiss_gpu_flat_ip,10000,2,9,29,127321
faiss_gpu_flat_ip,10000,2,10,60,124946
faiss_gpu_flat_ip,10000,2,11,78,119220
faiss_gpu_flat_ip,10000,2,12,77,125436
faiss_gpu_flat_ip,10000,2,13,19,136680
faiss_gpu_flat_ip,10000,2,14,13,129067
faiss_gpu_flat_ip,10000,2,15,1,119150
faiss_gpu_flat_ip,10000,2,16,65,127321
faiss_gpu_flat_ip,10000,2,17,57,128649
faiss_gpu_flat_ip,10000,2,18,17,123969
faiss_gpu_flat_ip,10000,2,19,91,127740
faiss_gpu_flat_ip,10000,2,20,59,133397
faiss_gpu_flat_ip,10000,2,21,31,120198
faiss_gpu_flat_ip,10000,2,22,81,124457
faiss_gpu_flat_ip,10000,2,23,87,125854
faiss_gpu_flat_ip,10000,2,24,30,126343
faiss_gpu_flat_ip,10000,2,25,95,119638
faiss_gpu_flat_ip,10000,2,26,74,130045
faiss_gpu_flat_ip,10000,2,27,51,127251
faiss_gpu_flat_ip,10000,2,28,50,123968
faiss_gpu_flat_ip,10000,2,29,99,126762
faiss_gpu_flat_ip,10000,2,30,49,126343
faiss_gpu_flat_ip,10000,2,31,93,126343
faiss_gpu_flat_ip,10000,2,32,21,125365
faiss_gpu_flat_ip,10000,2,33,62,125854
faiss_gpu_flat_ip,10000,2,34,6,126762
faiss_gpu_flat_ip,10000,2,35,7,119708
faiss_gpu_flat_ip,10000,2,36,20,128229
faiss_gpu_flat_ip,10000,2,37,75,127251
faiss_gpu_flat_ip,10000,2,38,23,125295
faiss_gpu_flat_ip,10000,2,39,76,118381
faiss_gpu_flat_ip,10000,2,40,41,117753
faiss_gpu_flat_ip,10000,2,41,73,126274
faiss_gpu_flat_ip,10000,2,42,18,116844
faiss_gpu_flat_ip,10000,2,43,64,118730
faiss_gpu_flat_ip,10000,2,44,58,125436
faiss_gpu_flat_ip,10000,2,45,48,120686
faiss_gpu_flat_ip,10000,2,46,53,124877
faiss_gpu_flat_ip,10000,2,47,70,119219
faiss_gpu_flat_ip,10000,2,48,83,123899
faiss_gpu_flat_ip,10000,2,49,54,127740
faiss_gpu_flat_ip,10000,2,50,92,138636
faiss_gpu_flat_ip,10000,2,51,4,119709
faiss_gpu_flat_ip,10000,2,52,12,135423
faiss_gpu_flat_ip,10000,2,53,16,118730
faiss_gpu_flat_ip,10000,2,54,43,125365
faiss_gpu_flat_ip,10000,2,55,2,134795
faiss_gpu_flat_ip,10000,2,56,37,122572
faiss_gpu_flat_ip,10000,2,57,15,118730
faiss_gpu_flat_ip,10000,2,58,32,118801
faiss_gpu_flat_ip,10000,2,59,86,124458
faiss_gpu_flat_ip,10000,2,60,8,127391
faiss_gpu_flat_ip,10000,2,61,40,126763
faiss_gpu_flat_ip,10000,2,62,79,126274
faiss_gpu_flat_ip,10000,2,63,10,127810
faiss_gpu_flat_ip,10000,2,64,28,127810
faiss_gpu_flat_ip,10000,2,65,63,127321
faiss_gpu_flat_ip,10000,2,66,34,125365
faiss_gpu_flat_ip,10000,2,67,52,116356
faiss_gpu_flat_ip,10000,2,68,89,131023
faiss_gpu_flat_ip,10000,2,69,85,119289
faiss_gpu_flat_ip,10000,2,70,90,125366
faiss_gpu_flat_ip,10000,2,71,0,117893
faiss_gpu_flat_ip,10000,2,72,33,127322
faiss_gpu_flat_ip,10000,2,73,25,118661
faiss_gpu_flat_ip,10000,2,74,24,125366
faiss_gpu_flat_ip,10000,2,75,72,127670
faiss_gpu_flat_ip,10000,2,76,46,125854
faiss_gpu_flat_ip,10000,2,77,88,118312
faiss_gpu_flat_ip,10000,2,78,97,126414
faiss_gpu_flat_ip,10000,2,79,82,119290
faiss_gpu_flat_ip,10000,2,80,56,128718
faiss_gpu_flat_ip,10000,2,81,80,126274
faiss_gpu_flat_ip,10000,2,82,36,115378
faiss_gpu_flat_ip,10000,2,83,84,124877
faiss_gpu_flat_ip,10000,2,84,14,118312
faiss_gpu_flat_ip,10000,2,85,9,118242
faiss_gpu_flat_ip,10000,2,86,5,124946
faiss_gpu_flat_ip,10000,2,87,61,122991
faiss_gpu_flat_ip,10000,2,88,47,121595
faiss_gpu_flat_ip,10000,2,89,11,125855
faiss_gpu_flat_ip,10000,2,90,3,125296
faiss_gpu_flat_ip,10000,2,91,26,125924
faiss_gpu_flat_ip,10000,2,92,71,124876
faiss_gpu_flat_ip,10000,2,93,39,125924
faiss_gpu_flat_ip,10000,2,94,69,127670
faiss_gpu_flat_ip,10000,2,95,94,120127
faiss_gpu_flat_ip,10000,2,96,38,126832
faiss_gpu_flat_ip,10000,2,97,67,126343
faiss_gpu_flat_ip,10000,2,98,44,126762
faiss_gpu_flat_ip,10000,2,99,22,125365
qenlo_cuda_buffered_prototype,10000,3,0,76,162312
qenlo_cuda_buffered_prototype,10000,3,1,19,140521
qenlo_cuda_buffered_prototype,10000,3,2,34,145690
qenlo_cuda_buffered_prototype,10000,3,3,56,137658
qenlo_cuda_buffered_prototype,10000,3,4,58,134795
qenlo_cuda_buffered_prototype,10000,3,5,16,135283
qenlo_cuda_buffered_prototype,10000,3,6,21,134445
qenlo_cuda_buffered_prototype,10000,3,7,15,135283
qenlo_cuda_buffered_prototype,10000,3,8,64,135353
qenlo_cuda_buffered_prototype,10000,3,9,97,143385
qenlo_cuda_buffered_prototype,10000,3,10,42,146667
qenlo_cuda_buffered_prototype,10000,3,11,30,143315
qenlo_cuda_buffered_prototype,10000,3,12,28,143385
qenlo_cuda_buffered_prototype,10000,3,13,13,142826
qenlo_cuda_buffered_prototype,10000,3,14,3,137658
qenlo_cuda_buffered_prototype,10000,3,15,85,142966
qenlo_cuda_buffered_prototype,10000,3,16,35,143874
qenlo_cuda_buffered_prototype,10000,3,17,11,142895
qenlo_cuda_buffered_prototype,10000,3,18,83,139124
qenlo_cuda_buffered_prototype,10000,3,19,70,136750
qenlo_cuda_buffered_prototype,10000,3,20,27,134306
qenlo_cuda_buffered_prototype,10000,3,21,81,143315
qenlo_cuda_buffered_prototype,10000,3,22,71,134376
qenlo_cuda_buffered_prototype,10000,3,23,7,141429
qenlo_cuda_buffered_prototype,10000,3,24,61,137099
qenlo_cuda_buffered_prototype,10000,3,25,12,143315
qenlo_cuda_buffered_prototype,10000,3,26,54,133887
qenlo_cuda_buffered_prototype,10000,3,27,26,148134
qenlo_cuda_buffered_prototype,10000,3,28,80,141499
qenlo_cuda_buffered_prototype,10000,3,29,99,134305
qenlo_cuda_buffered_prototype,10000,3,30,41,136331
qenlo_cuda_buffered_prototype,10000,3,31,22,136750
qenlo_cuda_buffered_prototype,10000,3,32,67,142476
qenlo_cuda_buffered_prototype,10000,3,33,51,138077
qenlo_cuda_buffered_prototype,10000,3,34,18,133817
qenlo_cuda_buffered_prototype,10000,3,35,17,142966
qenlo_cuda_buffered_prototype,10000,3,36,68,150857
qenlo_cuda_buffered_prototype,10000,3,37,65,147575
qenlo_cuda_buffered_prototype,10000,3,38,69,135842
qenlo_cuda_buffered_prototype,10000,3,39,20,141010
qenlo_cuda_buffered_prototype,10000,3,40,4,141918
qenlo_cuda_buffered_prototype,10000,3,41,98,132909
qenlo_cuda_buffered_prototype,10000,3,42,52,134445
qenlo_cuda_buffered_prototype,10000,3,43,95,133886
qenlo_cuda_buffered_prototype,10000,3,44,48,144223
qenlo_cuda_buffered_prototype,10000,3,45,87,144712
qenlo_cuda_buffered_prototype,10000,3,46,14,142406
qenlo_cuda_buffered_prototype,10000,3,47,1,134445
qenlo_cuda_buffered_prototype,10000,3,48,32,142896
qenlo_cuda_buffered_prototype,10000,3,49,5,139544
qenlo_cuda_buffered_prototype,10000,3,50,33,134375
qenlo_cuda_buffered_prototype,10000,3,51,24,140102
qenlo_cuda_buffered_prototype,10000,3,52,77,138636
qenlo_cuda_buffered_prototype,10000,3,53,74,137099
qenlo_cuda_buffered_prototype,10000,3,54,37,133397
qenlo_cuda_buffered_prototype,10000,3,55,91,133467
qenlo_cuda_buffered_prototype,10000,3,56,63,141918
qenlo_cuda_buffered_prototype,10000,3,57,84,133398
qenlo_cuda_buffered_prototype,10000,3,58,8,142896
qenlo_cuda_buffered_prototype,10000,3,59,6,136749
qenlo_cuda_buffered_prototype,10000,3,60,47,134794
qenlo_cuda_buffered_prototype,10000,3,61,90,141987
qenlo_cuda_buffered_prototype,10000,3,62,93,134305
qenlo_cuda_buffered_prototype,10000,3,63,53,140521
qenlo_cuda_buffered_prototype,10000,3,64,89,141010
qenlo_cuda_buffered_prototype,10000,3,65,73,141988
qenlo_cuda_buffered_prototype,10000,3,66,88,136331
qenlo_cuda_buffered_prototype,10000,3,67,39,133398
qenlo_cuda_buffered_prototype,10000,3,68,59,132908
qenlo_cuda_buffered_prototype,10000,3,69,66,134375
qenlo_cuda_buffered_prototype,10000,3,70,86,133397
qenlo_cuda_buffered_prototype,10000,3,71,46,132489
qenlo_cuda_buffered_prototype,10000,3,72,43,146737
qenlo_cuda_buffered_prototype,10000,3,73,29,137658
qenlo_cuda_buffered_prototype,10000,3,74,9,141010
qenlo_cuda_buffered_prototype,10000,3,75,40,134375
qenlo_cuda_buffered_prototype,10000,3,76,31,133398
qenlo_cuda_buffered_prototype,10000,3,77,0,134445
qenlo_cuda_buffered_prototype,10000,3,78,82,140521
qenlo_cuda_buffered_prototype,10000,3,79,60,141918
qenlo_cuda_buffered_prototype,10000,3,80,92,136680
qenlo_cuda_buffered_prototype,10000,3,81,78,134305
qenlo_cuda_buffered_prototype,10000,3,82,75,138566
qenlo_cuda_buffered_prototype,10000,3,83,44,142826
qenlo_cuda_buffered_prototype,10000,3,84,94,142477
qenlo_cuda_buffered_prototype,10000,3,85,49,141429
qenlo_cuda_buffered_prototype,10000,3,86,45,140940
qenlo_cuda_buffered_prototype,10000,3,87,62,145271
qenlo_cuda_buffered_prototype,10000,3,88,96,141011
qenlo_cuda_buffered_prototype,10000,3,89,23,132908
qenlo_cuda_buffered_prototype,10000,3,90,72,133397
qenlo_cuda_buffered_prototype,10000,3,91,55,134305
qenlo_cuda_buffered_prototype,10000,3,92,10,136750
qenlo_cuda_buffered_prototype,10000,3,93,50,152325
qenlo_cuda_buffered_prototype,10000,3,94,36,138635
qenlo_cuda_buffered_prototype,10000,3,95,57,133956
qenlo_cuda_buffered_prototype,10000,3,96,38,134375
qenlo_cuda_buffered_prototype,10000,3,97,25,137169
qenlo_cuda_buffered_prototype,10000,3,98,2,141918
qenlo_cuda_buffered_prototype,10000,3,99,79,141010
faiss_gpu_flat_ip,10000,3,0,76,141010
faiss_gpu_flat_ip,10000,3,1,19,123479
faiss_gpu_flat_ip,10000,3,2,34,125436
faiss_gpu_flat_ip,10000,3,3,56,128159
faiss_gpu_flat_ip,10000,3,4,58,128229
faiss_gpu_flat_ip,10000,3,5,16,120197
faiss_gpu_flat_ip,10000,3,6,21,126832
faiss_gpu_flat_ip,10000,3,7,15,123968
faiss_gpu_flat_ip,10000,3,8,64,124877
faiss_gpu_flat_ip,10000,3,9,97,129556
faiss_gpu_flat_ip,10000,3,10,42,126273
faiss_gpu_flat_ip,10000,3,11,30,122083
faiss_gpu_flat_ip,10000,3,12,28,125784
faiss_gpu_flat_ip,10000,3,13,13,127670
faiss_gpu_flat_ip,10000,3,14,3,125854
faiss_gpu_flat_ip,10000,3,15,85,266376
faiss_gpu_flat_ip,10000,3,16,35,130534
faiss_gpu_flat_ip,10000,3,17,11,130603
faiss_gpu_flat_ip,10000,3,18,83,120127
faiss_gpu_flat_ip,10000,3,19,70,123969
faiss_gpu_flat_ip,10000,3,20,27,139055
faiss_gpu_flat_ip,10000,3,21,81,308909
faiss_gpu_flat_ip,10000,3,22,71,129137
faiss_gpu_flat_ip,10000,3,23,7,127322
faiss_gpu_flat_ip,10000,3,24,61,125366
faiss_gpu_flat_ip,10000,3,25,12,125365
faiss_gpu_flat_ip,10000,3,26,54,125435
faiss_gpu_flat_ip,10000,3,27,26,126273
faiss_gpu_flat_ip,10000,3,28,80,124877
faiss_gpu_flat_ip,10000,3,29,99,140032
faiss_gpu_flat_ip,10000,3,30,41,118731
faiss_gpu_flat_ip,10000,3,31,22,130115
faiss_gpu_flat_ip,10000,3,32,67,127810
faiss_gpu_flat_ip,10000,3,33,51,126763
faiss_gpu_flat_ip,10000,3,34,18,126343
faiss_gpu_flat_ip,10000,3,35,17,132001
faiss_gpu_flat_ip,10000,3,36,68,132001
faiss_gpu_flat_ip,10000,3,37,65,121176
faiss_gpu_flat_ip,10000,3,38,69,125366
faiss_gpu_flat_ip,10000,3,39,20,118731
faiss_gpu_flat_ip,10000,3,40,4,119778
faiss_gpu_flat_ip,10000,3,41,98,125365
faiss_gpu_flat_ip,10000,3,42,52,124946
faiss_gpu_flat_ip,10000,3,43,95,118312
faiss_gpu_flat_ip,10000,3,44,48,128578
faiss_gpu_flat_ip,10000,3,45,87,129556
faiss_gpu_flat_ip,10000,3,46,14,118242
faiss_gpu_flat_ip,10000,3,47,1,116845
faiss_gpu_flat_ip,10000,3,48,32,116845
faiss_gpu_flat_ip,10000,3,49,5,124457
faiss_gpu_flat_ip,10000,3,50,33,128718
faiss_gpu_flat_ip,10000,3,51,24,126343
faiss_gpu_flat_ip,10000,3,52,77,126273
faiss_gpu_flat_ip,10000,3,53,74,120686
faiss_gpu_flat_ip,10000,3,54,37,125016
faiss_gpu_flat_ip,10000,3,55,91,125785
faiss_gpu_flat_ip,10000,3,56,63,124877
faiss_gpu_flat_ip,10000,3,57,84,125784
faiss_gpu_flat_ip,10000,3,58,8,124457
faiss_gpu_flat_ip,10000,3,59,6,125366
faiss_gpu_flat_ip,10000,3,60,47,119290
faiss_gpu_flat_ip,10000,3,61,90,119779
faiss_gpu_flat_ip,10000,3,62,93,125366
faiss_gpu_flat_ip,10000,3,63,53,125366
faiss_gpu_flat_ip,10000,3,64,89,124876
faiss_gpu_flat_ip,10000,3,65,73,129067
faiss_gpu_flat_ip,10000,3,66,88,118242
faiss_gpu_flat_ip,10000,3,67,39,126762
faiss_gpu_flat_ip,10000,3,68,59,118242
faiss_gpu_flat_ip,10000,3,69,66,121035
faiss_gpu_flat_ip,10000,3,70,86,127810
faiss_gpu_flat_ip,10000,3,71,46,125296
faiss_gpu_flat_ip,10000,3,72,43,125855
faiss_gpu_flat_ip,10000,3,73,29,127321
faiss_gpu_flat_ip,10000,3,74,9,125785
faiss_gpu_flat_ip,10000,3,75,40,125855
faiss_gpu_flat_ip,10000,3,76,31,135353
faiss_gpu_flat_ip,10000,3,77,0,119638
faiss_gpu_flat_ip,10000,3,78,82,124458
faiss_gpu_flat_ip,10000,3,79,60,118731
faiss_gpu_flat_ip,10000,3,80,92,127252
faiss_gpu_flat_ip,10000,3,81,78,126833
faiss_gpu_flat_ip,10000,3,82,75,125855
faiss_gpu_flat_ip,10000,3,83,44,124388
faiss_gpu_flat_ip,10000,3,84,94,128718
faiss_gpu_flat_ip,10000,3,85,49,119150
faiss_gpu_flat_ip,10000,3,86,45,125366
faiss_gpu_flat_ip,10000,3,87,62,126413
faiss_gpu_flat_ip,10000,3,88,96,125855
faiss_gpu_flat_ip,10000,3,89,23,128229
faiss_gpu_flat_ip,10000,3,90,72,125016
faiss_gpu_flat_ip,10000,3,91,55,127251
faiss_gpu_flat_ip,10000,3,92,10,128159
faiss_gpu_flat_ip,10000,3,93,50,126273
faiss_gpu_flat_ip,10000,3,94,36,117334
faiss_gpu_flat_ip,10000,3,95,57,116845
faiss_gpu_flat_ip,10000,3,96,38,123550
faiss_gpu_flat_ip,10000,3,97,25,115937
faiss_gpu_flat_ip,10000,3,98,2,115937
faiss_gpu_flat_ip,10000,3,99,79,128230
qenlo_cuda_buffered_prototype,10000,4,0,61,149950
qenlo_cuda_buffered_prototype,10000,4,1,37,137658
qenlo_cuda_buffered_prototype,10000,4,2,75,143315
qenlo_cuda_buffered_prototype,10000,4,3,40,135283
qenlo_cuda_buffered_prototype,10000,4,4,62,142477
qenlo_cuda_buffered_prototype,10000,4,5,31,134864
qenlo_cuda_buffered_prototype,10000,4,6,13,143804
qenlo_cuda_buffered_prototype,10000,4,7,27,142407
qenlo_cuda_buffered_prototype,10000,4,8,17,143315
qenlo_cuda_buffered_prototype,10000,4,9,87,144362
qenlo_cuda_buffered_prototype,10000,4,10,70,141918
qenlo_cuda_buffered_prototype,10000,4,11,26,142756
qenlo_cuda_buffered_prototype,10000,4,12,39,134445
qenlo_cuda_buffered_prototype,10000,4,13,43,146249
qenlo_cuda_buffered_prototype,10000,4,14,12,145341
qenlo_cuda_buffered_prototype,10000,4,15,59,133887
qenlo_cuda_buffered_prototype,10000,4,16,25,142407
qenlo_cuda_buffered_prototype,10000,4,17,48,142407
qenlo_cuda_buffered_prototype,10000,4,18,60,142407
qenlo_cuda_buffered_prototype,10000,4,19,92,140522
qenlo_cuda_buffered_prototype,10000,4,20,24,139125
qenlo_cuda_buffered_prototype,10000,4,21,54,136261
qenlo_cuda_buffered_prototype,10000,4,22,88,134445
qenlo_cuda_buffered_prototype,10000,4,23,36,141010
qenlo_cuda_buffered_prototype,10000,4,24,67,142896
qenlo_cuda_buffered_prototype,10000,4,25,77,138147
qenlo_cuda_buffered_prototype,10000,4,26,42,141848
qenlo_cuda_buffered_prototype,10000,4,27,82,140033
qenlo_cuda_buffered_prototype,10000,4,28,21,139543
qenlo_cuda_buffered_prototype,10000,4,29,32,141918
qenlo_cuda_buffered_prototype,10000,4,30,94,142407
qenlo_cuda_buffered_prototype,10000,4,31,23,133397
qenlo_cuda_buffered_prototype,10000,4,32,7,133957
qenlo_cuda_buffered_prototype,10000,4,33,79,141918
qenlo_cuda_buffered_prototype,10000,4,34,11,141010
qenlo_cuda_buffered_prototype,10000,4,35,57,136261
qenlo_cuda_buffered_prototype,10000,4,36,45,135353
qenlo_cuda_buffered_prototype,10000,4,37,28,140940
qenlo_cuda_buffered_prototype,10000,4,38,81,143385
qenlo_cuda_buffered_prototype,10000,4,39,35,143315
qenlo_cuda_buffered_prototype,10000,4,40,83,134375
qenlo_cuda_buffered_prototype,10000,4,41,56,143874
qenlo_cuda_buffered_prototype,10000,4,42,51,142337
qenlo_cuda_buffered_prototype,10000,4,43,47,133397
qenlo_cuda_buffered_prototype,10000,4,44,44,142966
qenlo_cuda_buffered_prototype,10000,4,45,89,142407
qenlo_cuda_buffered_prototype,10000,4,46,63,142826
qenlo_cuda_buffered_prototype,10000,4,47,95,134934
qenlo_cuda_buffered_prototype,10000,4,48,78,143804
qenlo_cuda_buffered_prototype,10000,4,49,97,142896
qenlo_cuda_buffered_prototype,10000,4,50,34,141918
qenlo_cuda_buffered_prototype,10000,4,51,46,133398
qenlo_cuda_buffered_prototype,10000,4,52,4,143804
qenlo_cuda_buffered_prototype,10000,4,53,2,141429
qenlo_cuda_buffered_prototype,10000,4,54,86,140521
qenlo_cuda_buffered_prototype,10000,4,55,64,151486
qenlo_cuda_buffered_prototype,10000,4,56,18,133886
qenlo_cuda_buffered_prototype,10000,4,57,72,134724
qenlo_cuda_buffered_prototype,10000,4,58,19,140032
qenlo_cuda_buffered_prototype,10000,4,59,16,134794
qenlo_cuda_buffered_prototype,10000,4,60,3,133398
qenlo_cuda_buffered_prototype,10000,4,61,15,133817
qenlo_cuda_buffered_prototype,10000,4,62,0,141010
qenlo_cuda_buffered_prototype,10000,4,63,80,143873
qenlo_cuda_buffered_prototype,10000,4,64,66,133886
qenlo_cuda_buffered_prototype,10000,4,65,49,141430
qenlo_cuda_buffered_prototype,10000,4,66,30,140941
qenlo_cuda_buffered_prototype,10000,4,67,99,137658
qenlo_cuda_buffered_prototype,10000,4,68,52,132489
qenlo_cuda_buffered_prototype,10000,4,69,14,139614
qenlo_cuda_buffered_prototype,10000,4,70,96,142826
qenlo_cuda_buffered_prototype,10000,4,71,91,139055
qenlo_cuda_buffered_prototype,10000,4,72,98,135772
qenlo_cuda_buffered_prototype,10000,4,73,1,141918
qenlo_cuda_buffered_prototype,10000,4,74,69,133956
qenlo_cuda_buffered_prototype,10000,4,75,50,139963
qenlo_cuda_buffered_prototype,10000,4,76,84,139125
qenlo_cuda_buffered_prototype,10000,4,77,9,142826
qenlo_cuda_buffered_prototype,10000,4,78,22,142896
qenlo_cuda_buffered_prototype,10000,4,79,29,132419
qenlo_cuda_buffered_prototype,10000,4,80,74,132978
qenlo_cuda_buffered_prototype,10000,4,81,76,143384
qenlo_cuda_buffered_prototype,10000,4,82,41,133886
qenlo_cuda_buffered_prototype,10000,4,83,93,137588
qenlo_cuda_buffered_prototype,10000,4,84,58,137099
qenlo_cuda_buffered_prototype,10000,4,85,73,142337
qenlo_cuda_buffered_prototype,10000,4,86,10,133956
qenlo_cuda_buffered_prototype,10000,4,87,55,137587
qenlo_cuda_buffered_prototype,10000,4,88,8,142337
qenlo_cuda_buffered_prototype,10000,4,89,38,132909
qenlo_cuda_buffered_prototype,10000,4,90,53,144293
qenlo_cuda_buffered_prototype,10000,4,91,5,137658
qenlo_cuda_buffered_prototype,10000,4,92,68,150858
qenlo_cuda_buffered_prototype,10000,4,93,6,132489
qenlo_cuda_buffered_prototype,10000,4,94,33,133886
qenlo_cuda_buffered_prototype,10000,4,95,85,141918
qenlo_cuda_buffered_prototype,10000,4,96,90,140521
qenlo_cuda_buffered_prototype,10000,4,97,20,141918
qenlo_cuda_buffered_prototype,10000,4,98,65,143944
qenlo_cuda_buffered_prototype,10000,4,99,71,133886
faiss_gpu_flat_ip,10000,4,0,61,138705
faiss_gpu_flat_ip,10000,4,1,37,121175
faiss_gpu_flat_ip,10000,4,2,75,127321
faiss_gpu_flat_ip,10000,4,3,40,119290
faiss_gpu_flat_ip,10000,4,4,62,133397
faiss_gpu_flat_ip,10000,4,5,31,121664
faiss_gpu_flat_ip,10000,4,6,13,128230
faiss_gpu_flat_ip,10000,4,7,27,126274
faiss_gpu_flat_ip,10000,4,8,17,126763
faiss_gpu_flat_ip,10000,4,9,87,128299
faiss_gpu_flat_ip,10000,4,10,70,126832
faiss_gpu_flat_ip,10000,4,11,26,127251
faiss_gpu_flat_ip,10000,4,12,39,125924
faiss_gpu_flat_ip,10000,4,13,43,122572
faiss_gpu_flat_ip,10000,4,14,12,126832
faiss_gpu_flat_ip,10000,4,15,59,118241
faiss_gpu_flat_ip,10000,4,16,25,125924
faiss_gpu_flat_ip,10000,4,17,48,117264
faiss_gpu_flat_ip,10000,4,18,60,126762
faiss_gpu_flat_ip,10000,4,19,92,119219
faiss_gpu_flat_ip,10000,4,20,24,126343
faiss_gpu_flat_ip,10000,4,21,54,128229
faiss_gpu_flat_ip,10000,4,22,88,117403
faiss_gpu_flat_ip,10000,4,23,36,118242
faiss_gpu_flat_ip,10000,4,24,67,123899
faiss_gpu_flat_ip,10000,4,25,77,125365
faiss_gpu_flat_ip,10000,4,26,42,135283
faiss_gpu_flat_ip,10000,4,27,82,119150
faiss_gpu_flat_ip,10000,4,28,21,126344
faiss_gpu_flat_ip,10000,4,29,32,120686
faiss_gpu_flat_ip,10000,4,30,94,123061
faiss_gpu_flat_ip,10000,4,31,23,125854
faiss_gpu_flat_ip,10000,4,32,7,131023
faiss_gpu_flat_ip,10000,4,33,79,126762
faiss_gpu_flat_ip,10000,4,34,11,131511
faiss_gpu_flat_ip,10000,4,35,57,117334
faiss_gpu_flat_ip,10000,4,36,45,137099
faiss_gpu_flat_ip,10000,4,37,28,120128
faiss_gpu_flat_ip,10000,4,38,81,125785
faiss_gpu_flat_ip,10000,4,39,35,125854
faiss_gpu_flat_ip,10000,4,40,83,123969
faiss_gpu_flat_ip,10000,4,41,56,125366
faiss_gpu_flat_ip,10000,4,42,51,125924
faiss_gpu_flat_ip,10000,4,43,47,129207
faiss_gpu_flat_ip,10000,4,44,44,129696
faiss_gpu_flat_ip,10000,4,45,89,128229
faiss_gpu_flat_ip,10000,4,46,63,124877
faiss_gpu_flat_ip,10000,4,47,95,125785
faiss_gpu_flat_ip,10000,4,48,78,125436
faiss_gpu_flat_ip,10000,4,49,97,124388
faiss_gpu_flat_ip,10000,4,50,34,124946
faiss_gpu_flat_ip,10000,4,51,46,134794
faiss_gpu_flat_ip,10000,4,52,4,132489
faiss_gpu_flat_ip,10000,4,53,2,117753
faiss_gpu_flat_ip,10000,4,54,86,122013
faiss_gpu_flat_ip,10000,4,55,64,117823
faiss_gpu_flat_ip,10000,4,56,18,118312
faiss_gpu_flat_ip,10000,4,57,72,126274
faiss_gpu_flat_ip,10000,4,58,19,124946
faiss_gpu_flat_ip,10000,4,59,16,126273
faiss_gpu_flat_ip,10000,4,60,3,120546
faiss_gpu_flat_ip,10000,4,61,15,117822
faiss_gpu_flat_ip,10000,4,62,0,116356
faiss_gpu_flat_ip,10000,4,63,80,117403
faiss_gpu_flat_ip,10000,4,64,66,125366
faiss_gpu_flat_ip,10000,4,65,49,120197
faiss_gpu_flat_ip,10000,4,66,30,124387
faiss_gpu_flat_ip,10000,4,67,99,127740
faiss_gpu_flat_ip,10000,4,68,52,127321
faiss_gpu_flat_ip,10000,4,69,14,116845
faiss_gpu_flat_ip,10000,4,70,96,122502
faiss_gpu_flat_ip,10000,4,71,91,123968
faiss_gpu_flat_ip,10000,4,72,98,124877
faiss_gpu_flat_ip,10000,4,73,1,117823
faiss_gpu_flat_ip,10000,4,74,69,125435
faiss_gpu_flat_ip,10000,4,75,50,119708
faiss_gpu_flat_ip,10000,4,76,84,127810
faiss_gpu_flat_ip,10000,4,77,9,118870
faiss_gpu_flat_ip,10000,4,78,22,123969
faiss_gpu_flat_ip,10000,4,79,29,125855
faiss_gpu_flat_ip,10000,4,80,74,123480
faiss_gpu_flat_ip,10000,4,81,76,118311
faiss_gpu_flat_ip,10000,4,82,41,117334
faiss_gpu_flat_ip,10000,4,83,93,128230
faiss_gpu_flat_ip,10000,4,84,58,131512
faiss_gpu_flat_ip,10000,4,85,73,127741
faiss_gpu_flat_ip,10000,4,86,10,122991
faiss_gpu_flat_ip,10000,4,87,55,126343
faiss_gpu_flat_ip,10000,4,88,8,126343
faiss_gpu_flat_ip,10000,4,89,38,118171
faiss_gpu_flat_ip,10000,4,90,53,124877
faiss_gpu_flat_ip,10000,4,91,5,133817
faiss_gpu_flat_ip,10000,4,92,68,124388
faiss_gpu_flat_ip,10000,4,93,6,122991
faiss_gpu_flat_ip,10000,4,94,33,125366
faiss_gpu_flat_ip,10000,4,95,85,117823
faiss_gpu_flat_ip,10000,4,96,90,123968
faiss_gpu_flat_ip,10000,4,97,20,116915
faiss_gpu_flat_ip,10000,4,98,65,117334
faiss_gpu_flat_ip,10000,4,99,71,142477
qenlo_cuda_buffered_prototype,100000,0,0,0,571514
qenlo_cuda_buffered_prototype,100000,0,1,35,559710
qenlo_cuda_buffered_prototype,100000,0,2,15,552097
qenlo_cuda_buffered_prototype,100000,0,3,18,552586
qenlo_cuda_buffered_prototype,100000,0,4,42,556358
qenlo_cuda_buffered_prototype,100000,0,5,30,557336
qenlo_cuda_buffered_prototype,100000,0,6,33,565786
qenlo_cuda_buffered_prototype,100000,0,7,13,554542
qenlo_cuda_buffered_prototype,100000,0,8,75,553076
qenlo_cuda_buffered_prototype,100000,0,9,7,550212
qenlo_cuda_buffered_prototype,100000,0,10,32,555939
qenlo_cuda_buffered_prototype,100000,0,11,57,555031
qenlo_cuda_buffered_prototype,100000,0,12,61,552168
qenlo_cuda_buffered_prototype,100000,0,13,71,555380
qenlo_cuda_buffered_prototype,100000,0,14,8,573888
qenlo_cuda_buffered_prototype,100000,0,15,56,555031
qenlo_cuda_buffered_prototype,100000,0,16,11,551189
qenlo_cuda_buffered_prototype,100000,0,17,54,558244
qenlo_cuda_buffered_prototype,100000,0,18,3,554892
qenlo_cuda_buffered_prototype,100000,0,19,82,553075
qenlo_cuda_buffered_prototype,100000,0,20,76,552586
qenlo_cuda_buffered_prototype,100000,0,21,99,556916
qenlo_cuda_buffered_prototype,100000,0,22,65,555869
qenlo_cuda_buffered_prototype,100000,0,23,23,556008
qenlo_cuda_buffered_prototype,100000,0,24,66,555031
qenlo_cuda_buffered_prototype,100000,0,25,31,553495
qenlo_cuda_buffered_prototype,100000,0,26,1,557336
qenlo_cuda_buffered_prototype,100000,0,27,84,551190
qenlo_cuda_buffered_prototype,100000,0,28,14,556847
qenlo_cuda_buffered_prototype,100000,0,29,98,552097
qenlo_cuda_buffered_prototype,100000,0,30,25,556009
qenlo_cuda_buffered_prototype,100000,0,31,80,563412
qenlo_cuda_buffered_prototype,100000,0,32,94,555799
qenlo_cuda_buffered_prototype,100000,0,33,72,551189
qenlo_cuda_buffered_prototype,100000,0,34,36,551189
qenlo_cuda_buffered_prototype,100000,0,35,96,549723
qenlo_cuda_buffered_prototype,100000,0,36,55,555450
qenlo_cuda_buffered_prototype,100000,0,37,20,552586
qenlo_cuda_buffered_prototype,100000,0,38,85,553564
qenlo_cuda_buffered_prototype,100000,0,39,86,549723
qenlo_cuda_buffered_prototype,100000,0,40,67,571024
qenlo_cuda_buffered_prototype,100000,0,41,79,558732
qenlo_cuda_buffered_prototype,100000,0,42,81,551539
qenlo_cuda_buffered_prototype,100000,0,43,9,557825
qenlo_cuda_buffered_prototype,100000,0,44,77,552098
qenlo_cuda_buffered_prototype,100000,0,45,49,556777
qenlo_cuda_buffered_prototype,100000,0,46,87,556777
qenlo_cuda_buffered_prototype,100000,0,47,58,554542
qenlo_cuda_buffered_prototype,100000,0,48,21,558803
qenlo_cuda_buffered_prototype,100000,0,49,83,557755
qenlo_cuda_buffered_prototype,100000,0,50,74,551120
qenlo_cuda_buffered_prototype,100000,0,51,41,557406
qenlo_cuda_buffered_prototype,100000,0,52,39,551190
qenlo_cuda_buffered_prototype,100000,0,53,37,553983
qenlo_cuda_buffered_prototype,100000,0,54,51,555869
qenlo_cuda_buffered_prototype,100000,0,55,5,552586
qenlo_cuda_buffered_prototype,100000,0,56,34,550281
qenlo_cuda_buffered_prototype,100000,0,57,89,552656
qenlo_cuda_buffered_prototype,100000,0,58,26,557406
qenlo_cuda_buffered_prototype,100000,0,59,29,556428
qenlo_cuda_buffered_prototype,100000,0,60,10,556986
qenlo_cuda_buffered_prototype,100000,0,61,92,553983
qenlo_cuda_buffered_prototype,100000,0,62,64,558313
qenlo_cuda_buffered_prototype,100000,0,63,28,553564
qenlo_cuda_buffered_prototype,100000,0,64,38,550211
qenlo_cuda_buffered_prototype,100000,0,65,16,568231
qenlo_cuda_buffered_prototype,100000,0,66,70,555450
qenlo_cuda_buffered_prototype,100000,0,67,60,557824
qenlo_cuda_buffered_prototype,100000,0,68,6,556986
qenlo_cuda_buffered_prototype,100000,0,69,52,558313
qenlo_cuda_buffered_prototype,100000,0,70,48,550771
qenlo_cuda_buffered_prototype,100000,0,71,91,556917
qenlo_cuda_buffered_prototype,100000,0,72,69,552097
qenlo_cuda_buffered_prototype,100000,0,73,19,559152
qenlo_cuda_buffered_prototype,100000,0,74,22,554472
qenlo_cuda_buffered_prototype,100000,0,75,90,553075
qenlo_cuda_buffered_prototype,100000,0,76,73,559291
qenlo_cuda_buffered_prototype,100000,0,77,62,556847
qenlo_cuda_buffered_prototype,100000,0,78,27,551189
qenlo_cuda_buffered_prototype,100000,0,79,68,556358
qenlo_cuda_buffered_prototype,100000,0,80,4,558663
qenlo_cuda_buffered_prototype,100000,0,81,46,556358
qenlo_cuda_buffered_prototype,100000,0,82,24,559291
qenlo_cuda_buffered_prototype,100000,0,83,50,560199
qenlo_cuda_buffered_prototype,100000,0,84,95,555450
qenlo_cuda_buffered_prototype,100000,0,85,53,548885
qenlo_cuda_buffered_prototype,100000,0,86,45,549793
qenlo_cuda_buffered_prototype,100000,0,87,47,558732
qenlo_cuda_buffered_prototype,100000,0,88,93,553076
qenlo_cuda_buffered_prototype,100000,0,89,2,556428
qenlo_cuda_buffered_prototype,100000,0,90,63,568231
qenlo_cuda_buffered_prototype,100000,0,91,88,554961
qenlo_cuda_buffered_prototype,100000,0,92,59,551189
qenlo_cuda_buffered_prototype,100000,0,93,43,549793
qenlo_cuda_buffered_prototype,100000,0,94,12,553983
qenlo_cuda_buffered_prototype,100000,0,95,17,556847
qenlo_cuda_buffered_prototype,100000,0,96,40,557894
qenlo_cuda_buffered_prototype,100000,0,97,44,553075
qenlo_cuda_buffered_prototype,100000,0,98,78,565787
qenlo_cuda_buffered_prototype,100000,0,99,97,552587
faiss_gpu_flat_ip,100000,0,0,0,793889
faiss_gpu_flat_ip,100000,0,1,35,782993
faiss_gpu_flat_ip,100000,0,2,15,774543
faiss_gpu_flat_ip,100000,0,3,18,772169
faiss_gpu_flat_ip,100000,0,4,42,776429
faiss_gpu_flat_ip,100000,0,5,30,775940
faiss_gpu_flat_ip,100000,0,6,33,776359
faiss_gpu_flat_ip,100000,0,7,13,771610
faiss_gpu_flat_ip,100000,0,8,75,772588
faiss_gpu_flat_ip,100000,0,9,7,770632
faiss_gpu_flat_ip,100000,0,10,32,778245
faiss_gpu_flat_ip,100000,0,11,57,774474
faiss_gpu_flat_ip,100000,0,12,61,774962
faiss_gpu_flat_ip,100000,0,13,71,772587
faiss_gpu_flat_ip,100000,0,14,8,782993
faiss_gpu_flat_ip,100000,0,15,56,774054
faiss_gpu_flat_ip,100000,0,16,11,773496
faiss_gpu_flat_ip,100000,0,17,54,775381
faiss_gpu_flat_ip,100000,0,18,3,777825
faiss_gpu_flat_ip,100000,0,19,82,771610
faiss_gpu_flat_ip,100000,0,20,76,774473
faiss_gpu_flat_ip,100000,0,21,99,776359
faiss_gpu_flat_ip,100000,0,22,65,773635
faiss_gpu_flat_ip,100000,0,23,23,779711
faiss_gpu_flat_ip,100000,0,24,66,779222
faiss_gpu_flat_ip,100000,0,25,31,775032
faiss_gpu_flat_ip,100000,0,26,1,774543
faiss_gpu_flat_ip,100000,0,27,84,779152
faiss_gpu_flat_ip,100000,0,28,14,774473
faiss_gpu_flat_ip,100000,0,29,98,777337
faiss_gpu_flat_ip,100000,0,30,25,794727
faiss_gpu_flat_ip,100000,0,31,80,773984
faiss_gpu_flat_ip,100000,0,32,94,777337
faiss_gpu_flat_ip,100000,0,33,72,778245
faiss_gpu_flat_ip,100000,0,34,36,772658
faiss_gpu_flat_ip,100000,0,35,96,778314
faiss_gpu_flat_ip,100000,0,36,55,779781
faiss_gpu_flat_ip,100000,0,37,20,773565
faiss_gpu_flat_ip,100000,0,38,85,881890
faiss_gpu_flat_ip,100000,0,39,86,778734
faiss_gpu_flat_ip,100000,0,40,67,780200
faiss_gpu_flat_ip,100000,0,41,79,774124
faiss_gpu_flat_ip,100000,0,42,81,777337
faiss_gpu_flat_ip,100000,0,43,9,773635
faiss_gpu_flat_ip,100000,0,44,77,778244
faiss_gpu_flat_ip,100000,0,45,49,774962
faiss_gpu_flat_ip,100000,0,46,87,776847
faiss_gpu_flat_ip,100000,0,47,58,772657
faiss_gpu_flat_ip,100000,0,48,21,780130
faiss_gpu_flat_ip,100000,0,49,83,777336
faiss_gpu_flat_ip,100000,0,50,74,778244
faiss_gpu_flat_ip,100000,0,51,41,770771
faiss_gpu_flat_ip,100000,0,52,39,776848
faiss_gpu_flat_ip,100000,0,53,37,771610
faiss_gpu_flat_ip,100000,0,54,51,771191
faiss_gpu_flat_ip,100000,0,55,5,778315
faiss_gpu_flat_ip,100000,0,56,34,772169
faiss_gpu_flat_ip,100000,0,57,89,779293
faiss_gpu_flat_ip,100000,0,58,26,771261
faiss_gpu_flat_ip,100000,0,59,29,778803
faiss_gpu_flat_ip,100000,0,60,10,780619
faiss_gpu_flat_ip,100000,0,61,92,771610
faiss_gpu_flat_ip,100000,0,62,64,779642
faiss_gpu_flat_ip,100000,0,63,28,778734
faiss_gpu_flat_ip,100000,0,64,38,777826
faiss_gpu_flat_ip,100000,0,65,16,775451
faiss_gpu_flat_ip,100000,0,66,70,774962
faiss_gpu_flat_ip,100000,0,67,60,791584
faiss_gpu_flat_ip,100000,0,68,6,777895
faiss_gpu_flat_ip,100000,0,69,52,770702
faiss_gpu_flat_ip,100000,0,70,48,775032
faiss_gpu_flat_ip,100000,0,71,91,776359
faiss_gpu_flat_ip,100000,0,72,69,777267
faiss_gpu_flat_ip,100000,0,73,19,772238
faiss_gpu_flat_ip,100000,0,74,22,770283
faiss_gpu_flat_ip,100000,0,75,90,769794
faiss_gpu_flat_ip,100000,0,76,73,792492
faiss_gpu_flat_ip,100000,0,77,62,773495
faiss_gpu_flat_ip,100000,0,78,27,773077
faiss_gpu_flat_ip,100000,0,79,68,773984
faiss_gpu_flat_ip,100000,0,80,4,771750
faiss_gpu_flat_ip,100000,0,81,46,778734
faiss_gpu_flat_ip,100000,0,82,24,779642
faiss_gpu_flat_ip,100000,0,83,50,777267
faiss_gpu_flat_ip,100000,0,84,95,785858
faiss_gpu_flat_ip,100000,0,85,53,768816
faiss_gpu_flat_ip,100000,0,86,45,771609
faiss_gpu_flat_ip,100000,0,87,47,780619
faiss_gpu_flat_ip,100000,0,88,93,777896
faiss_gpu_flat_ip,100000,0,89,2,771749
faiss_gpu_flat_ip,100000,0,90,63,773077
faiss_gpu_flat_ip,100000,0,91,88,771261
faiss_gpu_flat_ip,100000,0,92,59,768258
faiss_gpu_flat_ip,100000,0,93,43,792981
faiss_gpu_flat_ip,100000,0,94,12,774962
faiss_gpu_flat_ip,100000,0,95,17,770283
faiss_gpu_flat_ip,100000,0,96,40,772168
faiss_gpu_flat_ip,100000,0,97,44,775450
faiss_gpu_flat_ip,100000,0,98,78,773006
faiss_gpu_flat_ip,100000,0,99,97,769794
qenlo_cuda_buffered_prototype,100000,1,0,66,577659
qenlo_cuda_buffered_prototype,100000,1,1,1,555520
qenlo_cuda_buffered_prototype,100000,1,2,78,559221
qenlo_cuda_buffered_prototype,100000,1,3,22,553564
qenlo_cuda_buffered_prototype,100000,1,4,31,568720
qenlo_cuda_buffered_prototype,100000,1,5,97,551260
qenlo_cuda_buffered_prototype,100000,1,6,62,554542
qenlo_cuda_buffered_prototype,100000,1,7,58,551678
qenlo_cuda_buffered_prototype,100000,1,8,73,552097
qenlo_cuda_buffered_prototype,100000,1,9,21,556288
qenlo_cuda_buffered_prototype,100000,1,10,75,548745
qenlo_cuda_buffered_prototype,100000,1,11,57,556427
qenlo_cuda_buffered_prototype,100000,1,12,42,578148
qenlo_cuda_buffered_prototype,100000,1,13,50,549793
qenlo_cuda_buffered_prototype,100000,1,14,15,554961
qenlo_cuda_buffered_prototype,100000,1,15,64,554472
qenlo_cuda_buffered_prototype,100000,1,16,33,557336
qenlo_cuda_buffered_prototype,100000,1,17,38,555030
qenlo_cuda_buffered_prototype,100000,1,18,69,553006
qenlo_cuda_buffered_prototype,100000,1,19,53,553565
qenlo_cuda_buffered_prototype,100000,1,20,48,556847
qenlo_cuda_buffered_prototype,100000,1,21,70,552517
qenlo_cuda_buffered_prototype,100000,1,22,19,553565
qenlo_cuda_buffered_prototype,100000,1,23,46,550701
qenlo_cuda_buffered_prototype,100000,1,24,11,552587
qenlo_cuda_buffered_prototype,100000,1,25,95,555869
qenlo_cuda_buffered_prototype,100000,1,26,10,551190
qenlo_cuda_buffered_prototype,100000,1,27,59,555380
qenlo_cuda_buffered_prototype,100000,1,28,74,554053
qenlo_cuda_buffered_prototype,100000,1,29,18,553564
qenlo_cuda_buffered_prototype,100000,1,30,52,552586
qenlo_cuda_buffered_prototype,100000,1,31,30,549304
qenlo_cuda_buffered_prototype,100000,1,32,0,553983
qenlo_cuda_buffered_prototype,100000,1,33,94,553076
qenlo_cuda_buffered_prototype,100000,1,34,87,554542
qenlo_cuda_buffered_prototype,100000,1,35,32,557755
qenlo_cuda_buffered_prototype,100000,1,36,45,555380
qenlo_cuda_buffered_prototype,100000,1,37,84,549792
qenlo_cuda_buffered_prototype,100000,1,38,71,575285
qenlo_cuda_buffered_prototype,100000,1,39,91,556428
qenlo_cuda_buffered_prototype,100000,1,40,86,551608
qenlo_cuda_buffered_prototype,100000,1,41,39,552656
qenlo_cuda_buffered_prototype,100000,1,42,36,556427
qenlo_cuda_buffered_prototype,100000,1,43,76,549793
qenlo_cuda_buffered_prototype,100000,1,44,92,549863
qenlo_cuda_buffered_prototype,100000,1,45,47,557336
qenlo_cuda_buffered_prototype,100000,1,46,65,568231
qenlo_cuda_buffered_prototype,100000,1,47,79,551609
qenlo_cuda_buffered_prototype,100000,1,48,24,559291
qenlo_cuda_buffered_prototype,100000,1,49,28,556428
qenlo_cuda_buffered_prototype,100000,1,50,56,554054
qenlo_cuda_buffered_prototype,100000,1,51,98,552028
qenlo_cuda_buffered_prototype,100000,1,52,23,553564
qenlo_cuda_buffered_prototype,100000,1,53,41,557265
qenlo_cuda_buffered_prototype,100000,1,54,99,550212
qenlo_cuda_buffered_prototype,100000,1,55,83,555380
qenlo_cuda_buffered_prototype,100000,1,56,13,556916
qenlo_cuda_buffered_prototype,100000,1,57,9,552586
qenlo_cuda_buffered_prototype,100000,1,58,80,553564
qenlo_cuda_buffered_prototype,100000,1,59,60,553075
qenlo_cuda_buffered_prototype,100000,1,60,7,552587
qenlo_cuda_buffered_prototype,100000,1,61,27,553495
qenlo_cuda_buffered_prototype,100000,1,62,51,554612
qenlo_cuda_buffered_prototype,100000,1,63,20,559221
qenlo_cuda_buffered_prototype,100000,1,64,77,554473
qenlo_cuda_buffered_prototype,100000,1,65,2,554472
qenlo_cuda_buffered_prototype,100000,1,66,67,557196
qenlo_cuda_buffered_prototype,100000,1,67,14,552097
qenlo_cuda_buffered_prototype,100000,1,68,6,550282
qenlo_cuda_buffered_prototype,100000,1,69,25,552586
qenlo_cuda_buffered_prototype,100000,1,70,5,555869
qenlo_cuda_buffered_prototype,100000,1,71,12,554542
qenlo_cuda_buffered_prototype,100000,1,72,49,575425
qenlo_cuda_buffered_prototype,100000,1,73,29,557824
qenlo_cuda_buffered_prototype,100000,1,74,88,553495
qenlo_cuda_buffered_prototype,100000,1,75,44,557825
qenlo_cuda_buffered_prototype,100000,1,76,61,555520
qenlo_cuda_buffered_prototype,100000,1,77,55,556847
qenlo_cuda_buffered_prototype,100000,1,78,89,552098
qenlo_cuda_buffered_prototype,100000,1,79,82,554472
qenlo_cuda_buffered_prototype,100000,1,80,26,553564
qenlo_cuda_buffered_prototype,100000,1,81,54,556917
qenlo_cuda_buffered_prototype,100000,1,82,17,555450
qenlo_cuda_buffered_prototype,100000,1,83,35,554472
qenlo_cuda_buffered_prototype,100000,1,84,34,554123
qenlo_cuda_buffered_prototype,100000,1,85,3,555939
qenlo_cuda_buffered_prototype,100000,1,86,85,554961
qenlo_cuda_buffered_prototype,100000,1,87,43,556428
qenlo_cuda_buffered_prototype,100000,1,88,90,553076
qenlo_cuda_buffered_prototype,100000,1,89,93,553075
qenlo_cuda_buffered_prototype,100000,1,90,72,551189
qenlo_cuda_buffered_prototype,100000,1,91,16,551609
qenlo_cuda_buffered_prototype,100000,1,92,81,549793
qenlo_cuda_buffered_prototype,100000,1,93,37,557895
qenlo_cuda_buffered_prototype,100000,1,94,96,550771
qenlo_cuda_buffered_prototype,100000,1,95,68,558383
qenlo_cuda_buffered_prototype,100000,1,96,63,553564
qenlo_cuda_buffered_prototype,100000,1,97,4,575355
qenlo_cuda_buffered_prototype,100000,1,98,40,557825
qenlo_cuda_buffered_prototype,100000,1,99,8,552028
faiss_gpu_flat_ip,100000,1,0,66,793471
faiss_gpu_flat_ip,100000,1,1,1,783483
faiss_gpu_flat_ip,100000,1,2,78,780619
faiss_gpu_flat_ip,100000,1,3,22,778384
faiss_gpu_flat_ip,100000,1,4,31,773565
faiss_gpu_flat_ip,100000,1,5,97,777825
faiss_gpu_flat_ip,100000,1,6,62,778244
faiss_gpu_flat_ip,100000,1,7,58,777337
faiss_gpu_flat_ip,100000,1,8,73,776918
faiss_gpu_flat_ip,100000,1,9,21,775451
faiss_gpu_flat_ip,100000,1,10,75,781108
faiss_gpu_flat_ip,100000,1,11,57,777407
faiss_gpu_flat_ip,100000,1,12,42,774055
faiss_gpu_flat_ip,100000,1,13,50,779223
faiss_gpu_flat_ip,100000,1,14,15,777337
faiss_gpu_flat_ip,100000,1,15,64,778245
faiss_gpu_flat_ip,100000,1,16,33,773147
faiss_gpu_flat_ip,100000,1,17,38,771191
faiss_gpu_flat_ip,100000,1,18,69,774962
faiss_gpu_flat_ip,100000,1,19,53,776498
faiss_gpu_flat_ip,100000,1,20,48,779222
faiss_gpu_flat_ip,100000,1,21,70,777756
faiss_gpu_flat_ip,100000,1,22,19,778384
faiss_gpu_flat_ip,100000,1,23,46,778803
faiss_gpu_flat_ip,100000,1,24,11,775940
faiss_gpu_flat_ip,100000,1,25,95,774962
faiss_gpu_flat_ip,100000,1,26,10,792492
faiss_gpu_flat_ip,100000,1,27,59,771749
faiss_gpu_flat_ip,100000,1,28,74,777755
faiss_gpu_flat_ip,100000,1,29,18,772098
faiss_gpu_flat_ip,100000,1,30,52,773495
faiss_gpu_flat_ip,100000,1,31,30,768747
faiss_gpu_flat_ip,100000,1,32,0,771610
faiss_gpu_flat_ip,100000,1,33,94,777336
faiss_gpu_flat_ip,100000,1,34,87,773565
faiss_gpu_flat_ip,100000,1,35,32,793889
faiss_gpu_flat_ip,100000,1,36,45,773915
faiss_gpu_flat_ip,100000,1,37,84,775940
faiss_gpu_flat_ip,100000,1,38,71,782085
faiss_gpu_flat_ip,100000,1,39,91,772028
faiss_gpu_flat_ip,100000,1,40,86,775381
faiss_gpu_flat_ip,100000,1,41,39,774124
faiss_gpu_flat_ip,100000,1,42,36,782086
faiss_gpu_flat_ip,100000,1,43,76,788232
faiss_gpu_flat_ip,100000,1,44,92,771679
faiss_gpu_flat_ip,100000,1,45,47,771679
faiss_gpu_flat_ip,100000,1,46,65,778314
faiss_gpu_flat_ip,100000,1,47,79,776778
faiss_gpu_flat_ip,100000,1,48,24,773425
faiss_gpu_flat_ip,100000,1,49,28,771679
faiss_gpu_flat_ip,100000,1,50,56,779152
faiss_gpu_flat_ip,100000,1,51,98,775870
faiss_gpu_flat_ip,100000,1,52,23,773565
faiss_gpu_flat_ip,100000,1,53,41,776428
faiss_gpu_flat_ip,100000,1,54,99,773006
faiss_gpu_flat_ip,100000,1,55,83,780270
faiss_gpu_flat_ip,100000,1,56,13,779292
faiss_gpu_flat_ip,100000,1,57,9,770771
faiss_gpu_flat_ip,100000,1,58,80,771610
faiss_gpu_flat_ip,100000,1,59,60,775940
faiss_gpu_flat_ip,100000,1,60,7,776918
faiss_gpu_flat_ip,100000,1,61,27,780619
faiss_gpu_flat_ip,100000,1,62,51,776778
faiss_gpu_flat_ip,100000,1,63,20,777407
faiss_gpu_flat_ip,100000,1,64,77,776918
faiss_gpu_flat_ip,100000,1,65,2,778663
faiss_gpu_flat_ip,100000,1,66,67,776428
faiss_gpu_flat_ip,100000,1,67,14,765114
faiss_gpu_flat_ip,100000,1,68,6,772657
faiss_gpu_flat_ip,100000,1,69,25,780200
faiss_gpu_flat_ip,100000,1,70,5,777407
faiss_gpu_flat_ip,100000,1,71,12,773076
faiss_gpu_flat_ip,100000,1,72,49,773495
faiss_gpu_flat_ip,100000,1,73,29,778734
faiss_gpu_flat_ip,100000,1,74,88,775940
faiss_gpu_flat_ip,100000,1,75,44,772099
faiss_gpu_flat_ip,100000,1,76,61,790537
faiss_gpu_flat_ip,100000,1,77,55,776359
faiss_gpu_flat_ip,100000,1,78,89,771680
faiss_gpu_flat_ip,100000,1,79,82,769235
faiss_gpu_flat_ip,100000,1,80,26,775870
faiss_gpu_flat_ip,100000,1,81,54,779781
faiss_gpu_flat_ip,100000,1,82,17,777825
faiss_gpu_flat_ip,100000,1,83,35,778244
faiss_gpu_flat_ip,100000,1,84,34,791025
faiss_gpu_flat_ip,100000,1,85,3,774543
faiss_gpu_flat_ip,100000,1,86,85,776918
faiss_gpu_flat_ip,100000,1,87,43,776847
faiss_gpu_flat_ip,100000,1,88,90,772028
faiss_gpu_flat_ip,100000,1,89,93,770701
faiss_gpu_flat_ip,100000,1,90,72,777406
faiss_gpu_flat_ip,100000,1,91,16,776359
faiss_gpu_flat_ip,100000,1,92,81,776987
faiss_gpu_flat_ip,100000,1,93,37,787324
faiss_gpu_flat_ip,100000,1,94,96,780689
faiss_gpu_flat_ip,100000,1,95,68,774962
faiss_gpu_flat_ip,100000,1,96,63,774473
faiss_gpu_flat_ip,100000,1,97,4,771749
faiss_gpu_flat_ip,100000,1,98,40,771261
faiss_gpu_flat_ip,100000,1,99,8,773076
qenlo_cuda_buffered_prototype,100000,2,0,1,571932
qenlo_cuda_buffered_prototype,100000,2,1,18,558732
qenlo_cuda_buffered_prototype,100000,2,2,45,550701
qenlo_cuda_buffered_prototype,100000,2,3,3,553983
qenlo_cuda_buffered_prototype,100000,2,4,35,573958
qenlo_cuda_buffered_prototype,100000,2,5,92,554053
qenlo_cuda_buffered_prototype,100000,2,6,78,556847
qenlo_cuda_buffered_prototype,100000,2,7,84,554472
qenlo_cuda_buffered_prototype,100000,2,8,53,553984
qenlo_cuda_buffered_prototype,100000,2,9,70,554472
qenlo_cuda_buffered_prototype,100000,2,10,0,553075
qenlo_cuda_buffered_prototype,100000,2,11,27,556777
qenlo_cuda_buffered_prototype,100000,2,12,43,560130
qenlo_cuda_buffered_prototype,100000,2,13,50,557266
qenlo_cuda_buffered_prototype,100000,2,14,98,556358
qenlo_cuda_buffered_prototype,100000,2,15,16,553564
qenlo_cuda_buffered_prototype,100000,2,16,72,554542
qenlo_cuda_buffered_prototype,100000,2,17,60,559221
qenlo_cuda_buffered_prototype,100000,2,18,11,556428
qenlo_cuda_buffered_prototype,100000,2,19,57,552587
qenlo_cuda_buffered_prototype,100000,2,20,6,553076
qenlo_cuda_buffered_prototype,100000,2,21,21,559221
qenlo_cuda_buffered_prototype,100000,2,22,44,556427
qenlo_cuda_buffered_prototype,100000,2,23,55,555031
qenlo_cuda_buffered_prototype,100000,2,24,74,556777
qenlo_cuda_buffered_prototype,100000,2,25,87,556358
qenlo_cuda_buffered_prototype,100000,2,26,2,555031
qenlo_cuda_buffered_prototype,100000,2,27,47,556497
qenlo_cuda_buffered_prototype,100000,2,28,23,552097
qenlo_cuda_buffered_prototype,100000,2,29,28,570605
qenlo_cuda_buffered_prototype,100000,2,30,17,560618
qenlo_cuda_buffered_prototype,100000,2,31,73,550701
qenlo_cuda_buffered_prototype,100000,2,32,81,553494
qenlo_cuda_buffered_prototype,100000,2,33,7,556846
qenlo_cuda_buffered_prototype,100000,2,34,36,550771
qenlo_cuda_buffered_prototype,100000,2,35,85,557336
qenlo_cuda_buffered_prototype,100000,2,36,38,548815
qenlo_cuda_buffered_prototype,100000,2,37,76,560688
qenlo_cuda_buffered_prototype,100000,2,38,20,561107
qenlo_cuda_buffered_prototype,100000,2,39,68,559710
qenlo_cuda_buffered_prototype,100000,2,40,62,552586
qenlo_cuda_buffered_prototype,100000,2,41,91,552168
qenlo_cuda_buffered_prototype,100000,2,42,99,556847
qenlo_cuda_buffered_prototype,100000,2,43,39,557335
qenlo_cuda_buffered_prototype,100000,2,44,10,553564
qenlo_cuda_buffered_prototype,100000,2,45,24,556428
qenlo_cuda_buffered_prototype,100000,2,46,30,559221
qenlo_cuda_buffered_prototype,100000,2,47,8,550212
qenlo_cuda_buffered_prototype,100000,2,48,26,557685
qenlo_cuda_buffered_prototype,100000,2,49,95,555869
qenlo_cuda_buffered_prototype,100000,2,50,93,551609
qenlo_cuda_buffered_prototype,100000,2,51,5,551679
qenlo_cuda_buffered_prototype,100000,2,52,86,558732
qenlo_cuda_buffered_prototype,100000,2,53,29,555380
qenlo_cuda_buffered_prototype,100000,2,54,40,578149
qenlo_cuda_buffered_prototype,100000,2,55,64,557406
qenlo_cuda_buffered_prototype,100000,2,56,79,550212
qenlo_cuda_buffered_prototype,100000,2,57,80,558733
qenlo_cuda_buffered_prototype,100000,2,58,94,554472
qenlo_cuda_buffered_prototype,100000,2,59,90,556498
qenlo_cuda_buffered_prototype,100000,2,60,4,551190
qenlo_cuda_buffered_prototype,100000,2,61,61,551189
qenlo_cuda_buffered_prototype,100000,2,62,32,552656
qenlo_cuda_buffered_prototype,100000,2,63,9,551259
qenlo_cuda_buffered_prototype,100000,2,64,59,553564
qenlo_cuda_buffered_prototype,100000,2,65,19,553565
qenlo_cuda_buffered_prototype,100000,2,66,41,557406
qenlo_cuda_buffered_prototype,100000,2,67,58,553076
qenlo_cuda_buffered_prototype,100000,2,68,56,557755
qenlo_cuda_buffered_prototype,100000,2,69,66,555380
qenlo_cuda_buffered_prototype,100000,2,70,69,551189
qenlo_cuda_buffered_prototype,100000,2,71,25,559221
qenlo_cuda_buffered_prototype,100000,2,72,96,552587
qenlo_cuda_buffered_prototype,100000,2,73,49,557825
qenlo_cuda_buffered_prototype,100000,2,74,33,556358
qenlo_cuda_buffered_prototype,100000,2,75,13,554962
qenlo_cuda_buffered_prototype,100000,2,76,48,558314
qenlo_cuda_buffered_prototype,100000,2,77,51,549723
qenlo_cuda_buffered_prototype,100000,2,78,75,553565
qenlo_cuda_buffered_prototype,100000,2,79,71,571514
qenlo_cuda_buffered_prototype,100000,2,80,42,556358
qenlo_cuda_buffered_prototype,100000,2,81,22,556288
qenlo_cuda_buffered_prototype,100000,2,82,15,553494
qenlo_cuda_buffered_prototype,100000,2,83,83,556986
qenlo_cuda_buffered_prototype,100000,2,84,77,555450
qenlo_cuda_buffered_prototype,100000,2,85,65,558733
qenlo_cuda_buffered_prototype,100000,2,86,52,553076
qenlo_cuda_buffered_prototype,100000,2,87,97,569628
qenlo_cuda_buffered_prototype,100000,2,88,82,556358
qenlo_cuda_buffered_prototype,100000,2,89,12,556009
qenlo_cuda_buffered_prototype,100000,2,90,46,553565
qenlo_cuda_buffered_prototype,100000,2,91,63,557266
qenlo_cuda_buffered_prototype,100000,2,92,54,554053
qenlo_cuda_buffered_prototype,100000,2,93,89,551260
qenlo_cuda_buffered_prototype,100000,2,94,88,557825
qenlo_cuda_buffered_prototype,100000,2,95,37,550282
qenlo_cuda_buffered_prototype,100000,2,96,31,551609
qenlo_cuda_buffered_prototype,100000,2,97,34,551679
qenlo_cuda_buffered_prototype,100000,2,98,67,554961
qenlo_cuda_buffered_prototype,100000,2,99,14,550701
faiss_gpu_flat_ip,100000,2,0,1,792003
faiss_gpu_flat_ip,100000,2,1,18,779712
faiss_gpu_flat_ip,100000,2,2,45,780131
faiss_gpu_flat_ip,100000,2,3,3,775521
faiss_gpu_flat_ip,100000,2,4,35,776429
faiss_gpu_flat_ip,100000,2,5,92,777267
faiss_gpu_flat_ip,100000,2,6,78,775940
faiss_gpu_flat_ip,100000,2,7,84,798149
faiss_gpu_flat_ip,100000,2,8,53,782016
faiss_gpu_flat_ip,100000,2,9,70,778804
faiss_gpu_flat_ip,100000,2,10,0,776848
faiss_gpu_flat_ip,100000,2,11,27,783971
faiss_gpu_flat_ip,100000,2,12,43,776358
faiss_gpu_flat_ip,100000,2,13,50,777826
faiss_gpu_flat_ip,100000,2,14,98,775032
faiss_gpu_flat_ip,100000,2,15,16,776429
faiss_gpu_flat_ip,100000,2,16,72,782086
faiss_gpu_flat_ip,100000,2,17,60,782086
faiss_gpu_flat_ip,100000,2,18,11,771749
faiss_gpu_flat_ip,100000,2,19,57,783482
faiss_gpu_flat_ip,100000,2,20,6,774473
faiss_gpu_flat_ip,100000,2,21,21,774124
faiss_gpu_flat_ip,100000,2,22,44,797242
faiss_gpu_flat_ip,100000,2,23,55,778803
faiss_gpu_flat_ip,100000,2,24,74,776848
faiss_gpu_flat_ip,100000,2,25,87,777826
faiss_gpu_flat_ip,100000,2,26,2,768327
faiss_gpu_flat_ip,100000,2,27,47,770702
faiss_gpu_flat_ip,100000,2,28,23,775381
faiss_gpu_flat_ip,100000,2,29,28,775451
faiss_gpu_flat_ip,100000,2,30,17,797172
faiss_gpu_flat_ip,100000,2,31,73,779223
faiss_gpu_flat_ip,100000,2,32,81,772099
faiss_gpu_flat_ip,100000,2,33,7,784461
faiss_gpu_flat_ip,100000,2,34,36,781108
faiss_gpu_flat_ip,100000,2,35,85,775451
faiss_gpu_flat_ip,100000,2,36,38,771260
faiss_gpu_flat_ip,100000,2,37,76,773076
faiss_gpu_flat_ip,100000,2,38,20,777336
faiss_gpu_flat_ip,100000,2,39,68,779711
faiss_gpu_flat_ip,100000,2,40,62,770143
faiss_gpu_flat_ip,100000,2,41,91,773914
faiss_gpu_flat_ip,100000,2,42,99,778244
faiss_gpu_flat_ip,100000,2,43,39,778803
faiss_gpu_flat_ip,100000,2,44,10,774054
faiss_gpu_flat_ip,100000,2,45,24,774473
faiss_gpu_flat_ip,100000,2,46,30,773006
faiss_gpu_flat_ip,100000,2,47,8,773495
faiss_gpu_flat_ip,100000,2,48,26,776848
faiss_gpu_flat_ip,100000,2,49,95,773076
faiss_gpu_flat_ip,100000,2,50,93,774962
faiss_gpu_flat_ip,100000,2,51,5,778734
faiss_gpu_flat_ip,100000,2,52,86,774054
faiss_gpu_flat_ip,100000,2,53,29,781597
faiss_gpu_flat_ip,100000,2,54,40,774054
faiss_gpu_flat_ip,100000,2,55,64,776359
faiss_gpu_flat_ip,100000,2,56,79,779292
faiss_gpu_flat_ip,100000,2,57,80,778803
faiss_gpu_flat_ip,100000,2,58,94,775451
faiss_gpu_flat_ip,100000,2,59,90,775032
faiss_gpu_flat_ip,100000,2,60,4,777407
faiss_gpu_flat_ip,100000,2,61,61,773146
faiss_gpu_flat_ip,100000,2,62,32,774473
faiss_gpu_flat_ip,100000,2,63,9,767000
faiss_gpu_flat_ip,100000,2,64,59,774473
faiss_gpu_flat_ip,100000,2,65,19,778315
faiss_gpu_flat_ip,100000,2,66,41,776918
faiss_gpu_flat_ip,100000,2,67,58,771190
faiss_gpu_flat_ip,100000,2,68,56,774054
faiss_gpu_flat_ip,100000,2,69,66,780689
faiss_gpu_flat_ip,100000,2,70,69,777336
faiss_gpu_flat_ip,100000,2,71,25,776359
faiss_gpu_flat_ip,100000,2,72,96,773635
faiss_gpu_flat_ip,100000,2,73,49,777826
faiss_gpu_flat_ip,100000,2,74,33,771121
faiss_gpu_flat_ip,100000,2,75,13,774962
faiss_gpu_flat_ip,100000,2,76,48,775032
faiss_gpu_flat_ip,100000,2,77,51,770213
faiss_gpu_flat_ip,100000,2,78,75,774543
faiss_gpu_flat_ip,100000,2,79,71,777337
faiss_gpu_flat_ip,100000,2,80,42,772099
faiss_gpu_flat_ip,100000,2,81,22,770701
faiss_gpu_flat_ip,100000,2,82,15,769375
faiss_gpu_flat_ip,100000,2,83,83,773635
faiss_gpu_flat_ip,100000,2,84,77,777826
faiss_gpu_flat_ip,100000,2,85,65,774054
faiss_gpu_flat_ip,100000,2,86,52,775870
faiss_gpu_flat_ip,100000,2,87,97,776918
faiss_gpu_flat_ip,100000,2,88,82,774543
faiss_gpu_flat_ip,100000,2,89,12,776778
faiss_gpu_flat_ip,100000,2,90,46,778803
faiss_gpu_flat_ip,100000,2,91,63,780619
faiss_gpu_flat_ip,100000,2,92,54,778733
faiss_gpu_flat_ip,100000,2,93,89,776359
faiss_gpu_flat_ip,100000,2,94,88,769305
faiss_gpu_flat_ip,100000,2,95,37,774962
faiss_gpu_flat_ip,100000,2,96,31,775870
faiss_gpu_flat_ip,100000,2,97,34,783483
faiss_gpu_flat_ip,100000,2,98,67,773566
faiss_gpu_flat_ip,100000,2,99,14,787813
qenlo_cuda_buffered_prototype,100000,3,0,36,567323
qenlo_cuda_buffered_prototype,100000,3,1,81,560199
qenlo_cuda_buffered_prototype,100000,3,2,38,556358
qenlo_cuda_buffered_prototype,100000,3,3,69,558174
qenlo_cuda_buffered_prototype,100000,3,4,78,554473
qenlo_cuda_buffered_prototype,100000,3,5,0,556009
qenlo_cuda_buffered_prototype,100000,3,6,18,560619
qenlo_cuda_buffered_prototype,100000,3,7,44,550631
qenlo_cuda_buffered_prototype,100000,3,8,19,560619
qenlo_cuda_buffered_prototype,100000,3,9,42,556847
qenlo_cuda_buffered_prototype,100000,3,10,10,552657
qenlo_cuda_buffered_prototype,100000,3,11,33,569209
qenlo_cuda_buffered_prototype,100000,3,12,94,553984
qenlo_cuda_buffered_prototype,100000,3,13,17,552098
qenlo_cuda_buffered_prototype,100000,3,14,29,551679
qenlo_cuda_buffered_prototype,100000,3,15,75,550701
qenlo_cuda_buffered_prototype,100000,3,16,32,554053
qenlo_cuda_buffered_prototype,100000,3,17,51,554961
qenlo_cuda_buffered_prototype,100000,3,18,55,553983
qenlo_cuda_buffered_prototype,100000,3,19,2,553494
qenlo_cuda_buffered_prototype,100000,3,20,61,551608
qenlo_cuda_buffered_prototype,100000,3,21,80,554892
qenlo_cuda_buffered_prototype,100000,3,22,56,551679
qenlo_cuda_buffered_prototype,100000,3,23,91,556777
qenlo_cuda_buffered_prototype,100000,3,24,16,557755
qenlo_cuda_buffered_prototype,100000,3,25,13,554892
qenlo_cuda_buffered_prototype,100000,3,26,89,558244
qenlo_cuda_buffered_prototype,100000,3,27,68,550701
qenlo_cuda_buffered_prototype,100000,3,28,6,553494
qenlo_cuda_buffered_prototype,100000,3,29,96,551190
qenlo_cuda_buffered_prototype,100000,3,30,5,551259
qenlo_cuda_buffered_prototype,100000,3,31,76,556497
qenlo_cuda_buffered_prototype,100000,3,32,26,551190
qenlo_cuda_buffered_prototype,100000,3,33,88,551609
qenlo_cuda_buffered_prototype,100000,3,34,53,556358
qenlo_cuda_buffered_prototype,100000,3,35,86,551608
qenlo_cuda_buffered_prototype,100000,3,36,28,554961
qenlo_cuda_buffered_prototype,100000,3,37,24,555031
qenlo_cuda_buffered_prototype,100000,3,38,43,554053
qenlo_cuda_buffered_prototype,100000,3,39,31,551120
qenlo_cuda_buffered_prototype,100000,3,40,97,554961
qenlo_cuda_buffered_prototype,100000,3,41,72,550212
qenlo_cuda_buffered_prototype,100000,3,42,4,551190
qenlo_cuda_buffered_prototype,100000,3,43,11,552586
qenlo_cuda_buffered_prototype,100000,3,44,27,552098
qenlo_cuda_buffered_prototype,100000,3,45,73,550212
qenlo_cuda_buffered_prototype,100000,3,46,77,553005
qenlo_cuda_buffered_prototype,100000,3,47,95,556358
qenlo_cuda_buffered_prototype,100000,3,48,8,1510184
qenlo_cuda_buffered_prototype,100000,3,49,83,659514
qenlo_cuda_buffered_prototype,100000,3,50,79,559222
qenlo_cuda_buffered_prototype,100000,3,51,14,549793
qenlo_cuda_buffered_prototype,100000,3,52,58,568650
qenlo_cuda_buffered_prototype,100000,3,53,74,551190
qenlo_cuda_buffered_prototype,100000,3,54,37,553145
qenlo_cuda_buffered_prototype,100000,3,55,71,556428
qenlo_cuda_buffered_prototype,100000,3,56,99,548885
qenlo_cuda_buffered_prototype,100000,3,57,85,553494
qenlo_cuda_buffered_prototype,100000,3,58,35,553006
qenlo_cuda_buffered_prototype,100000,3,59,3,552587
qenlo_cuda_buffered_prototype,100000,3,60,64,574796
qenlo_cuda_buffered_prototype,100000,3,61,98,556358
qenlo_cuda_buffered_prototype,100000,3,62,39,549723
qenlo_cuda_buffered_prototype,100000,3,63,84,555380
qenlo_cuda_buffered_prototype,100000,3,64,87,551189
qenlo_cuda_buffered_prototype,100000,3,65,45,559641
qenlo_cuda_buffered_prototype,100000,3,66,57,554961
qenlo_cuda_buffered_prototype,100000,3,67,1,555380
qenlo_cuda_buffered_prototype,100000,3,68,9,551190
qenlo_cuda_buffered_prototype,100000,3,69,20,550631
qenlo_cuda_buffered_prototype,100000,3,70,62,555869
qenlo_cuda_buffered_prototype,100000,3,71,47,557266
qenlo_cuda_buffered_prototype,100000,3,72,25,555799
qenlo_cuda_buffered_prototype,100000,3,73,60,554472
qenlo_cuda_buffered_prototype,100000,3,74,59,555520
qenlo_cuda_buffered_prototype,100000,3,75,7,550352
qenlo_cuda_buffered_prototype,100000,3,76,63,554473
qenlo_cuda_buffered_prototype,100000,3,77,41,572002
qenlo_cuda_buffered_prototype,100000,3,78,70,553005
qenlo_cuda_buffered_prototype,100000,3,79,54,555450
qenlo_cuda_buffered_prototype,100000,3,80,66,556917
qenlo_cuda_buffered_prototype,100000,3,81,48,558803
qenlo_cuda_buffered_prototype,100000,3,82,52,550352
qenlo_cuda_buffered_prototype,100000,3,83,65,553145
qenlo_cuda_buffered_prototype,100000,3,84,50,550631
qenlo_cuda_buffered_prototype,100000,3,85,12,570606
qenlo_cuda_buffered_prototype,100000,3,86,30,557335
qenlo_cuda_buffered_prototype,100000,3,87,67,554542
qenlo_cuda_buffered_prototype,100000,3,88,21,551190
qenlo_cuda_buffered_prototype,100000,3,89,49,555450
qenlo_cuda_buffered_prototype,100000,3,90,90,550771
qenlo_cuda_buffered_prototype,100000,3,91,15,555450
qenlo_cuda_buffered_prototype,100000,3,92,92,550282
qenlo_cuda_buffered_prototype,100000,3,93,93,557894
qenlo_cuda_buffered_prototype,100000,3,94,46,550282
qenlo_cuda_buffered_prototype,100000,3,95,82,552098
qenlo_cuda_buffered_prototype,100000,3,96,40,556288
qenlo_cuda_buffered_prototype,100000,3,97,34,549723
qenlo_cuda_buffered_prototype,100000,3,98,22,555870
qenlo_cuda_buffered_prototype,100000,3,99,23,558244
faiss_gpu_flat_ip,100000,3,0,36,939160
faiss_gpu_flat_ip,100000,3,1,81,780131
faiss_gpu_flat_ip,100000,3,2,38,777756
faiss_gpu_flat_ip,100000,3,3,69,776918
faiss_gpu_flat_ip,100000,3,4,78,773146
faiss_gpu_flat_ip,100000,3,5,0,776428
faiss_gpu_flat_ip,100000,3,6,18,774054
faiss_gpu_flat_ip,100000,3,7,44,777895
faiss_gpu_flat_ip,100000,3,8,19,777756
faiss_gpu_flat_ip,100000,3,9,42,778245
faiss_gpu_flat_ip,100000,3,10,10,779292
faiss_gpu_flat_ip,100000,3,11,33,772168
faiss_gpu_flat_ip,100000,3,12,94,777337
faiss_gpu_flat_ip,100000,3,13,17,778733
faiss_gpu_flat_ip,100000,3,14,29,777756
faiss_gpu_flat_ip,100000,3,15,75,777895
faiss_gpu_flat_ip,100000,3,16,32,771610
faiss_gpu_flat_ip,100000,3,17,51,772169
faiss_gpu_flat_ip,100000,3,18,55,774962
faiss_gpu_flat_ip,100000,3,19,2,776918
faiss_gpu_flat_ip,100000,3,20,61,772518
faiss_gpu_flat_ip,100000,3,21,80,775940
faiss_gpu_flat_ip,100000,3,22,56,774963
faiss_gpu_flat_ip,100000,3,23,91,777895
faiss_gpu_flat_ip,100000,3,24,16,784461
faiss_gpu_flat_ip,100000,3,25,13,783482
faiss_gpu_flat_ip,100000,3,26,89,776428
faiss_gpu_flat_ip,100000,3,27,68,774543
faiss_gpu_flat_ip,100000,3,28,6,774473
faiss_gpu_flat_ip,100000,3,29,96,773077
faiss_gpu_flat_ip,100000,3,30,5,780201
faiss_gpu_flat_ip,100000,3,31,76,767838
faiss_gpu_flat_ip,100000,3,32,26,775939
faiss_gpu_flat_ip,100000,3,33,88,779292
faiss_gpu_flat_ip,100000,3,34,53,778314
faiss_gpu_flat_ip,100000,3,35,86,785298
faiss_gpu_flat_ip,100000,3,36,28,777406
faiss_gpu_flat_ip,100000,3,37,24,778245
faiss_gpu_flat_ip,100000,3,38,43,772099
faiss_gpu_flat_ip,100000,3,39,31,776010
faiss_gpu_flat_ip,100000,3,40,97,777336
faiss_gpu_flat_ip,100000,3,41,72,789558
faiss_gpu_flat_ip,100000,3,42,4,781597
faiss_gpu_flat_ip,100000,3,43,11,776359
faiss_gpu_flat_ip,100000,3,44,27,780689
faiss_gpu_flat_ip,100000,3,45,73,778314
faiss_gpu_flat_ip,100000,3,46,77,771679
faiss_gpu_flat_ip,100000,3,47,95,772587
faiss_gpu_flat_ip,100000,3,48,8,780200
faiss_gpu_flat_ip,100000,3,49,83,779223
faiss_gpu_flat_ip,100000,3,50,79,771051
faiss_gpu_flat_ip,100000,3,51,14,774403
faiss_gpu_flat_ip,100000,3,52,58,776428
faiss_gpu_flat_ip,100000,3,53,74,774962
faiss_gpu_flat_ip,100000,3,54,37,773426
faiss_gpu_flat_ip,100000,3,55,71,772518
faiss_gpu_flat_ip,100000,3,56,99,776359
faiss_gpu_flat_ip,100000,3,57,85,771260
faiss_gpu_flat_ip,100000,3,58,35,778803
faiss_gpu_flat_ip,100000,3,59,3,773146
faiss_gpu_flat_ip,100000,3,60,64,776848
faiss_gpu_flat_ip,100000,3,61,98,775521
faiss_gpu_flat_ip,100000,3,62,39,777337
faiss_gpu_flat_ip,100000,3,63,84,773496
faiss_gpu_flat_ip,100000,3,64,87,775451
faiss_gpu_flat_ip,100000,3,65,45,772169
faiss_gpu_flat_ip,100000,3,66,57,770772
faiss_gpu_flat_ip,100000,3,67,1,795356
faiss_gpu_flat_ip,100000,3,68,9,773146
faiss_gpu_flat_ip,100000,3,69,20,775032
faiss_gpu_flat_ip,100000,3,70,62,771261
faiss_gpu_flat_ip,100000,3,71,47,776918
faiss_gpu_flat_ip,100000,3,72,25,776847
faiss_gpu_flat_ip,100000,3,73,60,775940
faiss_gpu_flat_ip,100000,3,74,59,771051
faiss_gpu_flat_ip,100000,3,75,7,775939
faiss_gpu_flat_ip,100000,3,76,63,780200
faiss_gpu_flat_ip,100000,3,77,41,772098
faiss_gpu_flat_ip,100000,3,78,70,780619
faiss_gpu_flat_ip,100000,3,79,54,776778
faiss_gpu_flat_ip,100000,3,80,66,768816
faiss_gpu_flat_ip,100000,3,81,48,775032
faiss_gpu_flat_ip,100000,3,82,52,773565
faiss_gpu_flat_ip,100000,3,83,65,770772
faiss_gpu_flat_ip,100000,3,84,50,783482
faiss_gpu_flat_ip,100000,3,85,12,780759
faiss_gpu_flat_ip,100000,3,86,30,770771
faiss_gpu_flat_ip,100000,3,87,67,770702
faiss_gpu_flat_ip,100000,3,88,21,771610
faiss_gpu_flat_ip,100000,3,89,49,772029
faiss_gpu_flat_ip,100000,3,90,90,770213
faiss_gpu_flat_ip,100000,3,91,15,772168
faiss_gpu_flat_ip,100000,3,92,92,774054
faiss_gpu_flat_ip,100000,3,93,93,771680
faiss_gpu_flat_ip,100000,3,94,46,778804
faiss_gpu_flat_ip,100000,3,95,82,776429
faiss_gpu_flat_ip,100000,3,96,40,776429
faiss_gpu_flat_ip,100000,3,97,34,779781
faiss_gpu_flat_ip,100000,3,98,22,773635
faiss_gpu_flat_ip,100000,3,99,23,779222
qenlo_cuda_buffered_prototype,100000,4,0,45,575355
qenlo_cuda_buffered_prototype,100000,4,1,26,555939
qenlo_cuda_buffered_prototype,100000,4,2,78,554403
qenlo_cuda_buffered_prototype,100000,4,3,85,555450
qenlo_cuda_buffered_prototype,100000,4,4,16,559221
qenlo_cuda_buffered_prototype,100000,4,5,94,568720
qenlo_cuda_buffered_prototype,100000,4,6,91,554542
qenlo_cuda_buffered_prototype,100000,4,7,11,556358
qenlo_cuda_buffered_prototype,100000,4,8,61,557266
qenlo_cuda_buffered_prototype,100000,4,9,93,557825
qenlo_cuda_buffered_prototype,100000,4,10,38,557336
qenlo_cuda_buffered_prototype,100000,4,11,30,553075
qenlo_cuda_buffered_prototype,100000,4,12,47,555519
qenlo_cuda_buffered_prototype,100000,4,13,42,561526
qenlo_cuda_buffered_prototype,100000,4,14,95,552587
qenlo_cuda_buffered_prototype,100000,4,15,41,551190
qenlo_cuda_buffered_prototype,100000,4,16,92,557336
qenlo_cuda_buffered_prototype,100000,4,17,27,554961
qenlo_cuda_buffered_prototype,100000,4,18,25,552586
qenlo_cuda_buffered_prototype,100000,4,19,15,549793
qenlo_cuda_buffered_prototype,100000,4,20,51,550281
qenlo_cuda_buffered_prototype,100000,4,21,32,552098
qenlo_cuda_buffered_prototype,100000,4,22,68,551190
qenlo_cuda_buffered_prototype,100000,4,23,84,558314
qenlo_cuda_buffered_prototype,100000,4,24,70,557266
qenlo_cuda_buffered_prototype,100000,4,25,57,557335
qenlo_cuda_buffered_prototype,100000,4,26,8,555520
qenlo_cuda_buffered_prototype,100000,4,27,72,551679
qenlo_cuda_buffered_prototype,100000,4,28,65,553075
qenlo_cuda_buffered_prototype,100000,4,29,19,553145
qenlo_cuda_buffered_prototype,100000,4,30,71,552027
qenlo_cuda_buffered_prototype,100000,4,31,35,550770
qenlo_cuda_buffered_prototype,100000,4,32,46,551678
qenlo_cuda_buffered_prototype,100000,4,33,31,556358
qenlo_cuda_buffered_prototype,100000,4,34,90,556917
qenlo_cuda_buffered_prototype,100000,4,35,75,551190
qenlo_cuda_buffered_prototype,100000,4,36,3,550631
qenlo_cuda_buffered_prototype,100000,4,37,9,551678
qenlo_cuda_buffered_prototype,100000,4,38,83,552097
qenlo_cuda_buffered_prototype,100000,4,39,73,568162
qenlo_cuda_buffered_prototype,100000,4,40,22,554402
qenlo_cuda_buffered_prototype,100000,4,41,60,552097
qenlo_cuda_buffered_prototype,100000,4,42,56,558802
qenlo_cuda_buffered_prototype,100000,4,43,67,554891
qenlo_cuda_buffered_prototype,100000,4,44,34,549374
qenlo_cuda_buffered_prototype,100000,4,45,66,550700
qenlo_cuda_buffered_prototype,100000,4,46,23,553494
qenlo_cuda_buffered_prototype,100000,4,47,0,555450
qenlo_cuda_buffered_prototype,100000,4,48,58,556777
qenlo_cuda_buffered_prototype,100000,4,49,14,555450
qenlo_cuda_buffered_prototype,100000,4,50,79,560199
qenlo_cuda_buffered_prototype,100000,4,51,86,558732
qenlo_cuda_buffered_prototype,100000,4,52,40,553564
qenlo_cuda_buffered_prototype,100000,4,53,48,554962
qenlo_cuda_buffered_prototype,100000,4,54,64,557406
qenlo_cuda_buffered_prototype,100000,4,55,54,558244
qenlo_cuda_buffered_prototype,100000,4,56,76,553146
qenlo_cuda_buffered_prototype,100000,4,57,62,551190
qenlo_cuda_buffered_prototype,100000,4,58,74,552587
qenlo_cuda_buffered_prototype,100000,4,59,77,552167
qenlo_cuda_buffered_prototype,100000,4,60,55,551190
qenlo_cuda_buffered_prototype,100000,4,61,49,554053
qenlo_cuda_buffered_prototype,100000,4,62,89,556358
qenlo_cuda_buffered_prototype,100000,4,63,20,555939
qenlo_cuda_buffered_prototype,100000,4,64,63,573889
qenlo_cuda_buffered_prototype,100000,4,65,2,551190
qenlo_cuda_buffered_prototype,100000,4,66,82,557266
qenlo_cuda_buffered_prototype,100000,4,67,17,554961
qenlo_cuda_buffered_prototype,100000,4,68,88,554542
qenlo_cuda_buffered_prototype,100000,4,69,18,555939
qenlo_cuda_buffered_prototype,100000,4,70,99,557824
qenlo_cuda_buffered_prototype,100000,4,71,52,555450
qenlo_cuda_buffered_prototype,100000,4,72,28,572421
qenlo_cuda_buffered_prototype,100000,4,73,4,557825
qenlo_cuda_buffered_prototype,100000,4,74,12,553565
qenlo_cuda_buffered_prototype,100000,4,75,37,556358
qenlo_cuda_buffered_prototype,100000,4,76,97,555450
qenlo_cuda_buffered_prototype,100000,4,77,96,552097
qenlo_cuda_buffered_prototype,100000,4,78,87,553494
qenlo_cuda_buffered_prototype,100000,4,79,80,552656
qenlo_cuda_buffered_prototype,100000,4,80,1,557266
qenlo_cuda_buffered_prototype,100000,4,81,29,553564
qenlo_cuda_buffered_prototype,100000,4,82,13,553076
qenlo_cuda_buffered_prototype,100000,4,83,21,554542
qenlo_cuda_buffered_prototype,100000,4,84,39,555450
qenlo_cuda_buffered_prototype,100000,4,85,43,557405
qenlo_cuda_buffered_prototype,100000,4,86,69,555450
qenlo_cuda_buffered_prototype,100000,4,87,6,556987
qenlo_cuda_buffered_prototype,100000,4,88,33,553984
qenlo_cuda_buffered_prototype,100000,4,89,10,571024
qenlo_cuda_buffered_prototype,100000,4,90,50,557336
qenlo_cuda_buffered_prototype,100000,4,91,59,554542
qenlo_cuda_buffered_prototype,100000,4,92,53,558732
qenlo_cuda_buffered_prototype,100000,4,93,98,559710
qenlo_cuda_buffered_prototype,100000,4,94,7,552587
qenlo_cuda_buffered_prototype,100000,4,95,24,552168
qenlo_cuda_buffered_prototype,100000,4,96,36,552098
qenlo_cuda_buffered_prototype,100000,4,97,81,553076
qenlo_cuda_buffered_prototype,100000,4,98,5,554961
qenlo_cuda_buffered_prototype,100000,4,99,44,555450
faiss_gpu_flat_ip,100000,4,0,45,794937
faiss_gpu_flat_ip,100000,4,1,26,782086
faiss_gpu_flat_ip,100000,4,2,78,781597
faiss_gpu_flat_ip,100000,4,3,85,779223
faiss_gpu_flat_ip,100000,4,4,16,778315
faiss_gpu_flat_ip,100000,4,5,94,778245
faiss_gpu_flat_ip,100000,4,6,91,773985
faiss_gpu_flat_ip,100000,4,7,11,774962
faiss_gpu_flat_ip,100000,4,8,61,777825
faiss_gpu_flat_ip,100000,4,9,93,776359
faiss_gpu_flat_ip,100000,4,10,38,794937
faiss_gpu_flat_ip,100000,4,11,30,787744
faiss_gpu_flat_ip,100000,4,12,47,779152
faiss_gpu_flat_ip,100000,4,13,42,779711
faiss_gpu_flat_ip,100000,4,14,95,776498
faiss_gpu_flat_ip,100000,4,15,41,773635
faiss_gpu_flat_ip,100000,4,16,92,774962
faiss_gpu_flat_ip,100000,4,17,27,781597
faiss_gpu_flat_ip,100000,4,18,25,779222
faiss_gpu_flat_ip,100000,4,19,15,781597
faiss_gpu_flat_ip,100000,4,20,51,778244
faiss_gpu_flat_ip,100000,4,21,32,778244
faiss_gpu_flat_ip,100000,4,22,68,777826
faiss_gpu_flat_ip,100000,4,23,84,787743
faiss_gpu_flat_ip,100000,4,24,70,773006
faiss_gpu_flat_ip,100000,4,25,57,780130
faiss_gpu_flat_ip,100000,4,26,8,775870
faiss_gpu_flat_ip,100000,4,27,72,777336
faiss_gpu_flat_ip,100000,4,28,65,775451
faiss_gpu_flat_ip,100000,4,29,19,774473
faiss_gpu_flat_ip,100000,4,30,71,784880
faiss_gpu_flat_ip,100000,4,31,35,778245
faiss_gpu_flat_ip,100000,4,32,46,778315
faiss_gpu_flat_ip,100000,4,33,31,789210
faiss_gpu_flat_ip,100000,4,34,90,776847
faiss_gpu_flat_ip,100000,4,35,75,777825
faiss_gpu_flat_ip,100000,4,36,3,781108
faiss_gpu_flat_ip,100000,4,37,9,770213
faiss_gpu_flat_ip,100000,4,38,83,771190
faiss_gpu_flat_ip,100000,4,39,73,773076
faiss_gpu_flat_ip,100000,4,40,22,778664
faiss_gpu_flat_ip,100000,4,41,60,794308
faiss_gpu_flat_ip,100000,4,42,56,773076
faiss_gpu_flat_ip,100000,4,43,67,769305
faiss_gpu_flat_ip,100000,4,44,34,775032
faiss_gpu_flat_ip,100000,4,45,66,774543
faiss_gpu_flat_ip,100000,4,46,23,779152
faiss_gpu_flat_ip,100000,4,47,0,768397
faiss_gpu_flat_ip,100000,4,48,58,776848
faiss_gpu_flat_ip,100000,4,49,14,773076
faiss_gpu_flat_ip,100000,4,50,79,779292
faiss_gpu_flat_ip,100000,4,51,86,772518
faiss_gpu_flat_ip,100000,4,52,40,773984
faiss_gpu_flat_ip,100000,4,53,48,772518
faiss_gpu_flat_ip,100000,4,54,64,775870
faiss_gpu_flat_ip,100000,4,55,54,776848
faiss_gpu_flat_ip,100000,4,56,76,771121
faiss_gpu_flat_ip,100000,4,57,62,773495
faiss_gpu_flat_ip,100000,4,58,74,775451
faiss_gpu_flat_ip,100000,4,59,77,776918
faiss_gpu_flat_ip,100000,4,60,55,780201
faiss_gpu_flat_ip,100000,4,61,49,765533
faiss_gpu_flat_ip,100000,4,62,89,775451
faiss_gpu_flat_ip,100000,4,63,20,767839
faiss_gpu_flat_ip,100000,4,64,63,774962
faiss_gpu_flat_ip,100000,4,65,2,765952
faiss_gpu_flat_ip,100000,4,66,82,772029
faiss_gpu_flat_ip,100000,4,67,17,768816
faiss_gpu_flat_ip,100000,4,68,88,788232
faiss_gpu_flat_ip,100000,4,69,18,773077
faiss_gpu_flat_ip,100000,4,70,99,773985
faiss_gpu_flat_ip,100000,4,71,52,770213
faiss_gpu_flat_ip,100000,4,72,28,772169
faiss_gpu_flat_ip,100000,4,73,4,771261
faiss_gpu_flat_ip,100000,4,74,12,774962
faiss_gpu_flat_ip,100000,4,75,37,778315
faiss_gpu_flat_ip,100000,4,76,97,775940
faiss_gpu_flat_ip,100000,4,77,96,795355
faiss_gpu_flat_ip,100000,4,78,87,773565
faiss_gpu_flat_ip,100000,4,79,80,775870
faiss_gpu_flat_ip,100000,4,80,1,775451
faiss_gpu_flat_ip,100000,4,81,29,777826
faiss_gpu_flat_ip,100000,4,82,13,773077
faiss_gpu_flat_ip,100000,4,83,21,776848
faiss_gpu_flat_ip,100000,4,84,39,774054
faiss_gpu_flat_ip,100000,4,85,43,774543
faiss_gpu_flat_ip,100000,4,86,69,778803
faiss_gpu_flat_ip,100000,4,87,6,769305
faiss_gpu_flat_ip,100000,4,88,33,771191
faiss_gpu_flat_ip,100000,4,89,10,782016
faiss_gpu_flat_ip,100000,4,90,50,780549
faiss_gpu_flat_ip,100000,4,91,59,770701
faiss_gpu_flat_ip,100000,4,92,53,774054
faiss_gpu_flat_ip,100000,4,93,98,777756
faiss_gpu_flat_ip,100000,4,94,7,776918
faiss_gpu_flat_ip,100000,4,95,24,778733
faiss_gpu_flat_ip,100000,4,96,36,771121
faiss_gpu_flat_ip,100000,4,97,81,767908
faiss_gpu_flat_ip,100000,4,98,5,780200
faiss_gpu_flat_ip,100000,4,99,44,776429
qenlo_cuda_buffered_prototype,1000000,0,0,74,4650331
qenlo_cuda_buffered_prototype,1000000,0,1,64,4634687
qenlo_cuda_buffered_prototype,1000000,0,2,51,4628541
qenlo_cuda_buffered_prototype,1000000,0,3,28,4644604
qenlo_cuda_buffered_prototype,1000000,0,4,8,4636643
qenlo_cuda_buffered_prototype,1000000,0,5,27,4641741
qenlo_cuda_buffered_prototype,1000000,0,6,11,4636642
qenlo_cuda_buffered_prototype,1000000,0,7,22,4636083
qenlo_cuda_buffered_prototype,1000000,0,8,93,4641182
qenlo_cuda_buffered_prototype,1000000,0,9,9,4637061
qenlo_cuda_buffered_prototype,1000000,0,10,6,4644115
qenlo_cuda_buffered_prototype,1000000,0,11,80,4638598
qenlo_cuda_buffered_prototype,1000000,0,12,78,4641810
qenlo_cuda_buffered_prototype,1000000,0,13,0,4652636
qenlo_cuda_buffered_prototype,1000000,0,14,16,4655919
qenlo_cuda_buffered_prototype,1000000,0,15,83,4643626
qenlo_cuda_buffered_prototype,1000000,0,16,14,4642299
qenlo_cuda_buffered_prototype,1000000,0,17,48,4656546
qenlo_cuda_buffered_prototype,1000000,0,18,23,4648375
qenlo_cuda_buffered_prototype,1000000,0,19,58,4642648
qenlo_cuda_buffered_prototype,1000000,0,20,92,4641811
qenlo_cuda_buffered_prototype,1000000,0,21,79,4648515
qenlo_cuda_buffered_prototype,1000000,0,22,57,4647956
qenlo_cuda_buffered_prototype,1000000,0,23,60,4644185
qenlo_cuda_buffered_prototype,1000000,0,24,89,4641741
qenlo_cuda_buffered_prototype,1000000,0,25,53,4646489
qenlo_cuda_buffered_prototype,1000000,0,26,87,4642229
qenlo_cuda_buffered_prototype,1000000,0,27,20,4648934
qenlo_cuda_buffered_prototype,1000000,0,28,12,4646560
qenlo_cuda_buffered_prototype,1000000,0,29,54,4642230
qenlo_cuda_buffered_prototype,1000000,0,30,18,4650401
qenlo_cuda_buffered_prototype,1000000,0,31,46,4644604
qenlo_cuda_buffered_prototype,1000000,0,32,31,4645512
qenlo_cuda_buffered_prototype,1000000,0,33,95,4645023
qenlo_cuda_buffered_prototype,1000000,0,34,32,4639855
qenlo_cuda_buffered_prototype,1000000,0,35,72,4645024
qenlo_cuda_buffered_prototype,1000000,0,36,98,4643626
qenlo_cuda_buffered_prototype,1000000,0,37,97,4667791
qenlo_cuda_buffered_prototype,1000000,0,38,26,4648865
qenlo_cuda_buffered_prototype,1000000,0,39,49,4648376
qenlo_cuda_buffered_prototype,1000000,0,40,75,4684344
qenlo_cuda_buffered_prototype,1000000,0,41,33,4648795
qenlo_cuda_buffered_prototype,1000000,0,42,15,4654521
qenlo_cuda_buffered_prototype,1000000,0,43,24,4665486
qenlo_cuda_buffered_prototype,1000000,0,44,63,4654172
qenlo_cuda_buffered_prototype,1000000,0,45,47,4655570
qenlo_cuda_buffered_prototype,1000000,0,46,76,4679106
qenlo_cuda_buffered_prototype,1000000,0,47,67,4651239
qenlo_cuda_buffered_prototype,1000000,0,48,52,4649842
qenlo_cuda_buffered_prototype,1000000,0,49,71,4679176
qenlo_cuda_buffered_prototype,1000000,0,50,13,4647538
qenlo_cuda_buffered_prototype,1000000,0,51,77,4643207
qenlo_cuda_buffered_prototype,1000000,0,52,59,4647398
qenlo_cuda_buffered_prototype,1000000,0,53,82,4649353
qenlo_cuda_buffered_prototype,1000000,0,54,66,4654102
qenlo_cuda_buffered_prototype,1000000,0,55,35,4648376
qenlo_cuda_buffered_prototype,1000000,0,56,55,4641741
qenlo_cuda_buffered_prototype,1000000,0,57,85,4651658
qenlo_cuda_buffered_prototype,1000000,0,58,39,4645023
qenlo_cuda_buffered_prototype,1000000,0,59,99,4647049
qenlo_cuda_buffered_prototype,1000000,0,60,90,4650261
qenlo_cuda_buffered_prototype,1000000,0,61,69,4646420
qenlo_cuda_buffered_prototype,1000000,0,62,7,4650261
qenlo_cuda_buffered_prototype,1000000,0,63,1,4652287
qenlo_cuda_buffered_prototype,1000000,0,64,38,4649353
qenlo_cuda_buffered_prototype,1000000,0,65,81,4650261
qenlo_cuda_buffered_prototype,1000000,0,66,84,4643068
qenlo_cuda_buffered_prototype,1000000,0,67,88,4650820
qenlo_cuda_buffered_prototype,1000000,0,68,70,4650751
qenlo_cuda_buffered_prototype,1000000,0,69,30,4647886
qenlo_cuda_buffered_prototype,1000000,0,70,40,4650261
qenlo_cuda_buffered_prototype,1000000,0,71,62,4657804
qenlo_cuda_buffered_prototype,1000000,0,72,34,4650331
qenlo_cuda_buffered_prototype,1000000,0,73,3,4662554
qenlo_cuda_buffered_prototype,1000000,0,74,73,4668769
qenlo_cuda_buffered_prototype,1000000,0,75,61,4648865
qenlo_cuda_buffered_prototype,1000000,0,76,2,4653195
qenlo_cuda_buffered_prototype,1000000,0,77,96,4650750
qenlo_cuda_buffered_prototype,1000000,0,78,25,4648445
qenlo_cuda_buffered_prototype,1000000,0,79,36,4652706
qenlo_cuda_buffered_prototype,1000000,0,80,45,4644604
qenlo_cuda_buffered_prototype,1000000,0,81,42,4675404
qenlo_cuda_buffered_prototype,1000000,0,82,65,4646140
qenlo_cuda_buffered_prototype,1000000,0,83,37,4650750
qenlo_cuda_buffered_prototype,1000000,0,84,41,4677220
qenlo_cuda_buffered_prototype,1000000,0,85,10,4651239
qenlo_cuda_buffered_prototype,1000000,0,86,56,4652636
qenlo_cuda_buffered_prototype,1000000,0,87,68,4668280
qenlo_cuda_buffered_prototype,1000000,0,88,4,4644604
qenlo_cuda_buffered_prototype,1000000,0,89,91,4648865
qenlo_cuda_buffered_prototype,1000000,0,90,44,4645652
qenlo_cuda_buffered_prototype,1000000,0,91,86,4648376
qenlo_cuda_buffered_prototype,1000000,0,92,19,4645093
qenlo_cuda_buffered_prototype,1000000,0,93,94,4644185
qenlo_cuda_buffered_prototype,1000000,0,94,17,4643626
qenlo_cuda_buffered_prototype,1000000,0,95,5,4647957
qenlo_cuda_buffered_prototype,1000000,0,96,50,4643207
qenlo_cuda_buffered_prototype,1000000,0,97,43,4644604
qenlo_cuda_buffered_prototype,1000000,0,98,29,4647398
qenlo_cuda_buffered_prototype,1000000,0,99,21,4652147
faiss_gpu_flat_ip,1000000,0,0,74,6407405
faiss_gpu_flat_ip,1000000,0,1,64,6367317
faiss_gpu_flat_ip,1000000,0,2,51,6353976
faiss_gpu_flat_ip,1000000,0,3,28,6335608
faiss_gpu_flat_ip,1000000,0,4,8,6338402
faiss_gpu_flat_ip,1000000,0,5,27,6327577
faiss_gpu_flat_ip,1000000,0,6,11,6297195
faiss_gpu_flat_ip,1000000,0,7,22,6301386
faiss_gpu_flat_ip,1000000,0,8,93,6292516
faiss_gpu_flat_ip,1000000,0,9,9,6261785
faiss_gpu_flat_ip,1000000,0,10,6,6262205
faiss_gpu_flat_ip,1000000,0,11,80,6267373
faiss_gpu_flat_ip,1000000,0,12,78,6251309
faiss_gpu_flat_ip,1000000,0,13,0,6253265
faiss_gpu_flat_ip,1000000,0,14,16,6258503
faiss_gpu_flat_ip,1000000,0,15,83,6264510
faiss_gpu_flat_ip,1000000,0,16,14,6248376
faiss_gpu_flat_ip,1000000,0,17,48,6256059
faiss_gpu_flat_ip,1000000,0,18,23,6253195
faiss_gpu_flat_ip,1000000,0,19,58,6348739
faiss_gpu_flat_ip,1000000,0,20,92,6361101
faiss_gpu_flat_ip,1000000,0,21,79,6252776
faiss_gpu_flat_ip,1000000,0,22,57,6247538
faiss_gpu_flat_ip,1000000,0,23,60,6254592
faiss_gpu_flat_ip,1000000,0,24,89,6255709
faiss_gpu_flat_ip,1000000,0,25,53,6257036
faiss_gpu_flat_ip,1000000,0,26,87,6263183
faiss_gpu_flat_ip,1000000,0,27,20,6258014
faiss_gpu_flat_ip,1000000,0,28,12,6262134
faiss_gpu_flat_ip,1000000,0,29,54,6252776
faiss_gpu_flat_ip,1000000,0,30,18,6262693
faiss_gpu_flat_ip,1000000,0,31,46,6253195
faiss_gpu_flat_ip,1000000,0,32,31,6249354
faiss_gpu_flat_ip,1000000,0,33,95,6263671
faiss_gpu_flat_ip,1000000,0,34,32,6257944
faiss_gpu_flat_ip,1000000,0,35,72,6257525
faiss_gpu_flat_ip,1000000,0,36,98,6257526
faiss_gpu_flat_ip,1000000,0,37,97,6250401
faiss_gpu_flat_ip,1000000,0,38,26,6255150
faiss_gpu_flat_ip,1000000,0,39,49,6249493
faiss_gpu_flat_ip,1000000,0,40,75,6249982
faiss_gpu_flat_ip,1000000,0,41,33,6254592
faiss_gpu_flat_ip,1000000,0,42,15,6252287
faiss_gpu_flat_ip,1000000,0,43,24,6265138
faiss_gpu_flat_ip,1000000,0,44,63,6254172
faiss_gpu_flat_ip,1000000,0,45,47,6255080
faiss_gpu_flat_ip,1000000,0,46,76,6252706
faiss_gpu_flat_ip,1000000,0,47,67,6251379
faiss_gpu_flat_ip,1000000,0,48,52,6244744
faiss_gpu_flat_ip,1000000,0,49,71,6254103
faiss_gpu_flat_ip,1000000,0,50,13,6262205
faiss_gpu_flat_ip,1000000,0,51,77,6257944
faiss_gpu_flat_ip,1000000,0,52,59,6253684
faiss_gpu_flat_ip,1000000,0,53,82,6262274
faiss_gpu_flat_ip,1000000,0,54,66,6254243
faiss_gpu_flat_ip,1000000,0,55,35,6260318
faiss_gpu_flat_ip,1000000,0,56,55,6276382
faiss_gpu_flat_ip,1000000,0,57,85,6259342
faiss_gpu_flat_ip,1000000,0,58,39,6250471
faiss_gpu_flat_ip,1000000,0,59,99,6264579
faiss_gpu_flat_ip,1000000,0,60,90,6249354
faiss_gpu_flat_ip,1000000,0,61,69,6261297
faiss_gpu_flat_ip,1000000,0,62,7,6249075
faiss_gpu_flat_ip,1000000,0,63,1,6250472
faiss_gpu_flat_ip,1000000,0,64,38,6252287
faiss_gpu_flat_ip,1000000,0,65,81,6259341
faiss_gpu_flat_ip,1000000,0,66,84,6254662
faiss_gpu_flat_ip,1000000,0,67,88,6243766
faiss_gpu_flat_ip,1000000,0,68,70,6249423
faiss_gpu_flat_ip,1000000,0,69,30,6251379
faiss_gpu_flat_ip,1000000,0,70,40,6254662
faiss_gpu_flat_ip,1000000,0,71,62,6257945
faiss_gpu_flat_ip,1000000,0,72,34,6248027
faiss_gpu_flat_ip,1000000,0,73,3,6253195
faiss_gpu_flat_ip,1000000,0,74,73,6249913
faiss_gpu_flat_ip,1000000,0,75,61,6252287
faiss_gpu_flat_ip,1000000,0,76,2,6249982
faiss_gpu_flat_ip,1000000,0,77,96,6250471
faiss_gpu_flat_ip,1000000,0,78,25,6252776
faiss_gpu_flat_ip,1000000,0,79,36,6249913
faiss_gpu_flat_ip,1000000,0,80,45,6254173
faiss_gpu_flat_ip,1000000,0,81,42,6253265
faiss_gpu_flat_ip,1000000,0,82,65,6262833
faiss_gpu_flat_ip,1000000,0,83,37,6256547
faiss_gpu_flat_ip,1000000,0,84,41,6248865
faiss_gpu_flat_ip,1000000,0,85,10,6261716
faiss_gpu_flat_ip,1000000,0,86,56,6261716
faiss_gpu_flat_ip,1000000,0,87,68,6278827
faiss_gpu_flat_ip,1000000,0,88,4,6255570
faiss_gpu_flat_ip,1000000,0,89,91,6250332
faiss_gpu_flat_ip,1000000,0,90,44,6254173
faiss_gpu_flat_ip,1000000,0,91,86,6251868
faiss_gpu_flat_ip,1000000,0,92,19,6252776
faiss_gpu_flat_ip,1000000,0,93,94,6262204
faiss_gpu_flat_ip,1000000,0,94,17,6283576
faiss_gpu_flat_ip,1000000,0,95,5,6258922
faiss_gpu_flat_ip,1000000,0,96,50,6266046
faiss_gpu_flat_ip,1000000,0,97,43,6256967
faiss_gpu_flat_ip,1000000,0,98,29,6258922
faiss_gpu_flat_ip,1000000,0,99,21,6251240
qenlo_cuda_buffered_prototype,1000000,1,0,61,4737354
qenlo_cuda_buffered_prototype,1000000,1,1,36,4639506
qenlo_cuda_buffered_prototype,1000000,1,2,28,4636153
qenlo_cuda_buffered_prototype,1000000,1,3,40,4639855
qenlo_cuda_buffered_prototype,1000000,1,4,35,4628611
qenlo_cuda_buffered_prototype,1000000,1,5,92,4632312
qenlo_cuda_buffered_prototype,1000000,1,6,49,4638389
qenlo_cuda_buffered_prototype,1000000,1,7,51,4638946
qenlo_cuda_buffered_prototype,1000000,1,8,99,4649772
qenlo_cuda_buffered_prototype,1000000,1,9,87,4668281
qenlo_cuda_buffered_prototype,1000000,1,10,88,4646560
qenlo_cuda_buffered_prototype,1000000,1,11,63,4644115
qenlo_cuda_buffered_prototype,1000000,1,12,20,4646071
qenlo_cuda_buffered_prototype,1000000,1,13,21,4668769
qenlo_cuda_buffered_prototype,1000000,1,14,91,4644604
qenlo_cuda_buffered_prototype,1000000,1,15,29,4648864
qenlo_cuda_buffered_prototype,1000000,1,16,24,4665417
qenlo_cuda_buffered_prototype,1000000,1,17,94,4651728
qenlo_cuda_buffered_prototype,1000000,1,18,74,4648935
qenlo_cuda_buffered_prototype,1000000,1,19,30,4645582
qenlo_cuda_buffered_prototype,1000000,1,20,68,4644604
qenlo_cuda_buffered_prototype,1000000,1,21,11,4649843
qenlo_cuda_buffered_prototype,1000000,1,22,26,4649772
qenlo_cuda_buffered_prototype,1000000,1,23,62,4646140
qenlo_cuda_buffered_prototype,1000000,1,24,39,4641321
qenlo_cuda_buffered_prototype,1000000,1,25,66,4646559
qenlo_cuda_buffered_prototype,1000000,1,26,34,4646978
qenlo_cuda_buffered_prototype,1000000,1,27,9,4668769
qenlo_cuda_buffered_prototype,1000000,1,28,12,4647048
qenlo_cuda_buffered_prototype,1000000,1,29,98,4647537
qenlo_cuda_buffered_prototype,1000000,1,30,72,4639854
qenlo_cuda_buffered_prototype,1000000,1,31,44,4639924
qenlo_cuda_buffered_prototype,1000000,1,32,23,4649772
qenlo_cuda_buffered_prototype,1000000,1,33,7,4650261
qenlo_cuda_buffered_prototype,1000000,1,34,2,4639855
qenlo_cuda_buffered_prototype,1000000,1,35,59,4655989
qenlo_cuda_buffered_prototype,1000000,1,36,8,4645582
qenlo_cuda_buffered_prototype,1000000,1,37,22,4638458
qenlo_cuda_buffered_prototype,1000000,1,38,76,4642230
qenlo_cuda_buffered_prototype,1000000,1,39,69,4651239
qenlo_cuda_buffered_prototype,1000000,1,40,60,4647956
qenlo_cuda_buffered_prototype,1000000,1,41,27,4639435
qenlo_cuda_buffered_prototype,1000000,1,42,77,4643207
qenlo_cuda_buffered_prototype,1000000,1,43,93,4638947
qenlo_cuda_buffered_prototype,1000000,1,44,6,4642718
qenlo_cuda_buffered_prototype,1000000,1,45,65,4649843
qenlo_cuda_buffered_prototype,1000000,1,46,71,4645163
qenlo_cuda_buffered_prototype,1000000,1,47,81,4642719
qenlo_cuda_buffered_prototype,1000000,1,48,0,4646001
qenlo_cuda_buffered_prototype,1000000,1,49,95,4643696
qenlo_cuda_buffered_prototype,1000000,1,50,84,4647537
qenlo_cuda_buffered_prototype,1000000,1,51,33,4646978
qenlo_cuda_buffered_prototype,1000000,1,52,96,4651239
qenlo_cuda_buffered_prototype,1000000,1,53,75,8618869
qenlo_cuda_buffered_prototype,1000000,1,54,82,4652217
qenlo_cuda_buffered_prototype,1000000,1,55,4,4651658
qenlo_cuda_buffered_prototype,1000000,1,56,90,4643696
qenlo_cuda_buffered_prototype,1000000,1,57,80,4644674
qenlo_cuda_buffered_prototype,1000000,1,58,13,4636992
qenlo_cuda_buffered_prototype,1000000,1,59,64,4657385
qenlo_cuda_buffered_prototype,1000000,1,60,54,4638527
qenlo_cuda_buffered_prototype,1000000,1,61,15,4652706
qenlo_cuda_buffered_prototype,1000000,1,62,57,4646490
qenlo_cuda_buffered_prototype,1000000,1,63,55,4648934
qenlo_cuda_buffered_prototype,1000000,1,64,17,4652216
qenlo_cuda_buffered_prototype,1000000,1,65,42,4651727
qenlo_cuda_buffered_prototype,1000000,1,66,86,4647468
qenlo_cuda_buffered_prototype,1000000,1,67,50,4651309
qenlo_cuda_buffered_prototype,1000000,1,68,97,4658293
qenlo_cuda_buffered_prototype,1000000,1,69,70,4651727
qenlo_cuda_buffered_prototype,1000000,1,70,78,4649424
qenlo_cuda_buffered_prototype,1000000,1,71,48,4649284
qenlo_cuda_buffered_prototype,1000000,1,72,85,4649772
qenlo_cuda_buffered_prototype,1000000,1,73,32,4652706
qenlo_cuda_buffered_prototype,1000000,1,74,58,4651238
qenlo_cuda_buffered_prototype,1000000,1,75,56,4666394
qenlo_cuda_buffered_prototype,1000000,1,76,89,4650750
qenlo_cuda_buffered_prototype,1000000,1,77,19,4649423
qenlo_cuda_buffered_prototype,1000000,1,78,83,4646489
qenlo_cuda_buffered_prototype,1000000,1,79,10,4651728
qenlo_cuda_buffered_prototype,1000000,1,80,31,4645093
qenlo_cuda_buffered_prototype,1000000,1,81,3,4654103
qenlo_cuda_buffered_prototype,1000000,1,82,37,4651239
qenlo_cuda_buffered_prototype,1000000,1,83,52,4646490
qenlo_cuda_buffered_prototype,1000000,1,84,5,4659760
qenlo_cuda_buffered_prototype,1000000,1,85,73,4648934
qenlo_cuda_buffered_prototype,1000000,1,86,43,4652286
qenlo_cuda_buffered_prototype,1000000,1,87,47,4649283
qenlo_cuda_buffered_prototype,1000000,1,88,46,4664509
qenlo_cuda_buffered_prototype,1000000,1,89,14,4650331
qenlo_cuda_buffered_prototype,1000000,1,90,16,4650680
qenlo_cuda_buffered_prototype,1000000,1,91,1,4670236
qenlo_cuda_buffered_prototype,1000000,1,92,18,4652636
qenlo_cuda_buffered_prototype,1000000,1,93,25,4643137
qenlo_cuda_buffered_prototype,1000000,1,94,53,4652705
qenlo_cuda_buffered_prototype,1000000,1,95,41,4647537
qenlo_cuda_buffered_prototype,1000000,1,96,67,4644604
qenlo_cuda_buffered_prototype,1000000,1,97,79,4643696
qenlo_cuda_buffered_prototype,1000000,1,98,45,4641880
qenlo_cuda_buffered_prototype,1000000,1,99,38,4653124
faiss_gpu_flat_ip,1000000,1,0,61,6437717
faiss_gpu_flat_ip,1000000,1,1,36,6396161
faiss_gpu_flat_ip,1000000,1,2,28,6404193
faiss_gpu_flat_ip,1000000,1,3,40,6350275
faiss_gpu_flat_ip,1000000,1,4,35,6342662
faiss_gpu_flat_ip,1000000,1,5,92,6336516
faiss_gpu_flat_ip,1000000,1,6,49,6308090
faiss_gpu_flat_ip,1000000,1,7,51,6294401
faiss_gpu_flat_ip,1000000,1,8,99,6296288
faiss_gpu_flat_ip,1000000,1,9,87,6295380
faiss_gpu_flat_ip,1000000,1,10,88,6278827
faiss_gpu_flat_ip,1000000,1,11,63,6282109
faiss_gpu_flat_ip,1000000,1,12,20,6274008
faiss_gpu_flat_ip,1000000,1,13,21,6265068
faiss_gpu_flat_ip,1000000,1,14,91,6268420
faiss_gpu_flat_ip,1000000,1,15,29,6292516
faiss_gpu_flat_ip,1000000,1,16,24,6277779
faiss_gpu_flat_ip,1000000,1,17,94,6256967
faiss_gpu_flat_ip,1000000,1,18,74,6252776
faiss_gpu_flat_ip,1000000,1,19,30,6252776
faiss_gpu_flat_ip,1000000,1,20,68,6263112
faiss_gpu_flat_ip,1000000,1,21,11,6256617
faiss_gpu_flat_ip,1000000,1,22,26,6257526
faiss_gpu_flat_ip,1000000,1,23,62,6258852
faiss_gpu_flat_ip,1000000,1,24,39,6247468
faiss_gpu_flat_ip,1000000,1,25,66,6246630
faiss_gpu_flat_ip,1000000,1,26,34,6256059
faiss_gpu_flat_ip,1000000,1,27,9,6254662
faiss_gpu_flat_ip,1000000,1,28,12,6261716
faiss_gpu_flat_ip,1000000,1,29,98,6255639
faiss_gpu_flat_ip,1000000,1,30,72,6259830
faiss_gpu_flat_ip,1000000,1,31,44,6286789
faiss_gpu_flat_ip,1000000,1,32,23,6251868
faiss_gpu_flat_ip,1000000,1,33,7,6239506
faiss_gpu_flat_ip,1000000,1,34,2,6278338
faiss_gpu_flat_ip,1000000,1,35,59,6261716
faiss_gpu_flat_ip,1000000,1,36,8,6254173
faiss_gpu_flat_ip,1000000,1,37,22,6256967
faiss_gpu_flat_ip,1000000,1,38,76,6255570
faiss_gpu_flat_ip,1000000,1,39,69,6257036
faiss_gpu_flat_ip,1000000,1,40,60,6267024
faiss_gpu_flat_ip,1000000,1,41,27,6257037
faiss_gpu_flat_ip,1000000,1,42,77,6258503
faiss_gpu_flat_ip,1000000,1,43,93,6258922
faiss_gpu_flat_ip,1000000,1,44,6,6250751
faiss_gpu_flat_ip,1000000,1,45,65,6260389
faiss_gpu_flat_ip,1000000,1,46,71,6262693
faiss_gpu_flat_ip,1000000,1,47,81,6260249
faiss_gpu_flat_ip,1000000,1,48,0,6258433
faiss_gpu_flat_ip,1000000,1,49,95,6256129
faiss_gpu_flat_ip,1000000,1,50,84,6268351
faiss_gpu_flat_ip,1000000,1,51,33,6256477
faiss_gpu_flat_ip,1000000,1,52,96,6250890
faiss_gpu_flat_ip,1000000,1,53,75,6252218
faiss_gpu_flat_ip,1000000,1,54,82,6258014
faiss_gpu_flat_ip,1000000,1,55,4,6253684
faiss_gpu_flat_ip,1000000,1,56,90,6256058
faiss_gpu_flat_ip,1000000,1,57,80,6269329
faiss_gpu_flat_ip,1000000,1,58,13,6261786
faiss_gpu_flat_ip,1000000,1,59,64,6258852
faiss_gpu_flat_ip,1000000,1,60,54,6249843
faiss_gpu_flat_ip,1000000,1,61,15,6251310
faiss_gpu_flat_ip,1000000,1,62,57,6252287
faiss_gpu_flat_ip,1000000,1,63,55,6252776
faiss_gpu_flat_ip,1000000,1,64,17,6259830
faiss_gpu_flat_ip,1000000,1,65,42,6254173
faiss_gpu_flat_ip,1000000,1,66,86,6259830
faiss_gpu_flat_ip,1000000,1,67,50,6263113
faiss_gpu_flat_ip,1000000,1,68,97,6253265
faiss_gpu_flat_ip,1000000,1,69,70,6262694
faiss_gpu_flat_ip,1000000,1,70,78,6259411
faiss_gpu_flat_ip,1000000,1,71,48,6251798
faiss_gpu_flat_ip,1000000,1,72,85,6277779
faiss_gpu_flat_ip,1000000,1,73,32,6255640
faiss_gpu_flat_ip,1000000,1,74,58,6249843
faiss_gpu_flat_ip,1000000,1,75,56,6257525
faiss_gpu_flat_ip,1000000,1,76,89,6253754
faiss_gpu_flat_ip,1000000,1,77,19,6260738
faiss_gpu_flat_ip,1000000,1,78,83,6255570
faiss_gpu_flat_ip,1000000,1,79,10,6261786
faiss_gpu_flat_ip,1000000,1,80,31,6263672
faiss_gpu_flat_ip,1000000,1,81,3,6271214
faiss_gpu_flat_ip,1000000,1,82,37,6272052
faiss_gpu_flat_ip,1000000,1,83,52,6261785
faiss_gpu_flat_ip,1000000,1,84,5,6283087
faiss_gpu_flat_ip,1000000,1,85,73,6270237
faiss_gpu_flat_ip,1000000,1,86,43,6267862
faiss_gpu_flat_ip,1000000,1,87,47,6266395
faiss_gpu_flat_ip,1000000,1,88,46,6266534
faiss_gpu_flat_ip,1000000,1,89,14,6260249
faiss_gpu_flat_ip,1000000,1,90,16,6262693
faiss_gpu_flat_ip,1000000,1,91,1,6262204
faiss_gpu_flat_ip,1000000,1,92,18,6270236
faiss_gpu_flat_ip,1000000,1,93,25,6269259
faiss_gpu_flat_ip,1000000,1,94,53,6264579
faiss_gpu_flat_ip,1000000,1,95,41,6260738
faiss_gpu_flat_ip,1000000,1,96,67,6263113
faiss_gpu_flat_ip,1000000,1,97,79,6264579
faiss_gpu_flat_ip,1000000,1,98,45,6288256
faiss_gpu_flat_ip,1000000,1,99,38,6267862
qenlo_cuda_buffered_prototype,1000000,2,0,78,7996161
qenlo_cuda_buffered_prototype,1000000,2,1,22,4638458
qenlo_cuda_buffered_prototype,1000000,2,2,25,4649283
qenlo_cuda_buffered_prototype,1000000,2,3,64,4637550
qenlo_cuda_buffered_prototype,1000000,2,4,23,4641810
qenlo_cuda_buffered_prototype,1000000,2,5,73,4637481
qenlo_cuda_buffered_prototype,1000000,2,6,86,4642299
qenlo_cuda_buffered_prototype,1000000,2,7,99,4639854
qenlo_cuda_buffered_prototype,1000000,2,8,40,4638877
qenlo_cuda_buffered_prototype,1000000,2,9,35,4644184
qenlo_cuda_buffered_prototype,1000000,2,10,42,4646978
qenlo_cuda_buffered_prototype,1000000,2,11,39,4641810
qenlo_cuda_buffered_prototype,1000000,2,12,19,4642229
qenlo_cuda_buffered_prototype,1000000,2,13,1,4647398
qenlo_cuda_buffered_prototype,1000000,2,14,41,4650261
qenlo_cuda_buffered_prototype,1000000,2,15,65,4641740
qenlo_cuda_buffered_prototype,1000000,2,16,4,4640763
qenlo_cuda_buffered_prototype,1000000,2,17,85,4651309
qenlo_cuda_buffered_prototype,1000000,2,18,84,4643696
qenlo_cuda_buffered_prototype,1000000,2,19,30,4649773
qenlo_cuda_buffered_prototype,1000000,2,20,36,4647887
qenlo_cuda_buffered_prototype,1000000,2,21,46,4648305
qenlo_cuda_buffered_prototype,1000000,2,22,76,4648864
qenlo_cuda_buffered_prototype,1000000,2,23,34,4650191
qenlo_cuda_buffered_prototype,1000000,2,24,63,4647887
qenlo_cuda_buffered_prototype,1000000,2,25,52,4662134
qenlo_cuda_buffered_prototype,1000000,2,26,5,4640413
qenlo_cuda_buffered_prototype,1000000,2,27,56,4656477
qenlo_cuda_buffered_prototype,1000000,2,28,75,4644604
qenlo_cuda_buffered_prototype,1000000,2,29,81,4644115
qenlo_cuda_buffered_prototype,1000000,2,30,71,4646071
qenlo_cuda_buffered_prototype,1000000,2,31,38,4641322
qenlo_cuda_buffered_prototype,1000000,2,32,12,4643207
qenlo_cuda_buffered_prototype,1000000,2,33,97,4654032
qenlo_cuda_buffered_prototype,1000000,2,34,16,4649354
qenlo_cuda_buffered_prototype,1000000,2,35,45,4648794
qenlo_cuda_buffered_prototype,1000000,2,36,93,4641741
qenlo_cuda_buffered_prototype,1000000,2,37,74,4647468
qenlo_cuda_buffered_prototype,1000000,2,38,28,4648306
qenlo_cuda_buffered_prototype,1000000,2,39,94,4646001
qenlo_cuda_buffered_prototype,1000000,2,40,32,4649353
qenlo_cuda_buffered_prototype,1000000,2,41,27,4649772
qenlo_cuda_buffered_prototype,1000000,2,42,88,4654103
qenlo_cuda_buffered_prototype,1000000,2,43,44,4649353
qenlo_cuda_buffered_prototype,1000000,2,44,96,4650262
qenlo_cuda_buffered_prototype,1000000,2,45,2,4641251
qenlo_cuda_buffered_prototype,1000000,2,46,54,4650889
qenlo_cuda_buffered_prototype,1000000,2,47,59,4645093
qenlo_cuda_buffered_prototype,1000000,2,48,17,4658363
qenlo_cuda_buffered_prototype,1000000,2,49,67,4648794
qenlo_cuda_buffered_prototype,1000000,2,50,90,4653125
qenlo_cuda_buffered_prototype,1000000,2,51,14,4665416
qenlo_cuda_buffered_prototype,1000000,2,52,18,4648864
qenlo_cuda_buffered_prototype,1000000,2,53,43,4648865
qenlo_cuda_buffered_prototype,1000000,2,54,91,4650820
qenlo_cuda_buffered_prototype,1000000,2,55,7,4655989
qenlo_cuda_buffered_prototype,1000000,2,56,9,4652636
qenlo_cuda_buffered_prototype,1000000,2,57,24,4653125
qenlo_cuda_buffered_prototype,1000000,2,58,31,4650890
qenlo_cuda_buffered_prototype,1000000,2,59,10,4654522
qenlo_cuda_buffered_prototype,1000000,2,60,15,4658363
qenlo_cuda_buffered_prototype,1000000,2,61,29,4658363
qenlo_cuda_buffered_prototype,1000000,2,62,60,4652217
qenlo_cuda_buffered_prototype,1000000,2,63,3,4654941
qenlo_cuda_buffered_prototype,1000000,2,64,20,4655918
qenlo_cuda_buffered_prototype,1000000,2,65,8,4748180
qenlo_cuda_buffered_prototype,1000000,2,66,87,4659760
qenlo_cuda_buffered_prototype,1000000,2,67,89,4647398
qenlo_cuda_buffered_prototype,1000000,2,68,69,4659690
qenlo_cuda_buffered_prototype,1000000,2,69,95,4650331
qenlo_cuda_buffered_prototype,1000000,2,70,57,4655988
qenlo_cuda_buffered_prototype,1000000,2,71,98,4658433
qenlo_cuda_buffered_prototype,1000000,2,72,82,4657455
qenlo_cuda_buffered_prototype,1000000,2,73,0,4656966
qenlo_cuda_buffered_prototype,1000000,2,74,55,4654661
qenlo_cuda_buffered_prototype,1000000,2,75,53,4655499
qenlo_cuda_buffered_prototype,1000000,2,76,68,4654033
qenlo_cuda_buffered_prototype,1000000,2,77,72,4653055
qenlo_cuda_buffered_prototype,1000000,2,78,61,4653125
qenlo_cuda_buffered_prototype,1000000,2,79,50,4661227
qenlo_cuda_buffered_prototype,1000000,2,80,77,4651798
qenlo_cuda_buffered_prototype,1000000,2,81,47,4662134
qenlo_cuda_buffered_prototype,1000000,2,82,70,4656966
qenlo_cuda_buffered_prototype,1000000,2,83,58,4651309
qenlo_cuda_buffered_prototype,1000000,2,84,83,4650750
qenlo_cuda_buffered_prototype,1000000,2,85,11,4646978
qenlo_cuda_buffered_prototype,1000000,2,86,21,4654102
qenlo_cuda_buffered_prototype,1000000,2,87,49,4803634
qenlo_cuda_buffered_prototype,1000000,2,88,37,4653614
qenlo_cuda_buffered_prototype,1000000,2,89,66,4654591
qenlo_cuda_buffered_prototype,1000000,2,90,79,4652217
qenlo_cuda_buffered_prototype,1000000,2,91,26,4644674
qenlo_cuda_buffered_prototype,1000000,2,92,51,4651239
qenlo_cuda_buffered_prototype,1000000,2,93,13,4645093
qenlo_cuda_buffered_prototype,1000000,2,94,48,4659341
qenlo_cuda_buffered_prototype,1000000,2,95,33,4655988
qenlo_cuda_buffered_prototype,1000000,2,96,62,4653125
qenlo_cuda_buffered_prototype,1000000,2,97,6,4650820
qenlo_cuda_buffered_prototype,1000000,2,98,80,4650680
qenlo_cuda_buffered_prototype,1000000,2,99,92,4651239
faiss_gpu_flat_ip,1000000,2,0,78,6458599
faiss_gpu_flat_ip,1000000,2,1,22,6441977
faiss_gpu_flat_ip,1000000,2,2,25,6413132
faiss_gpu_flat_ip,1000000,2,3,64,6381843
faiss_gpu_flat_ip,1000000,2,4,23,6352580
faiss_gpu_flat_ip,1000000,2,5,73,6353977
faiss_gpu_flat_ip,1000000,2,6,86,6345037
faiss_gpu_flat_ip,1000000,2,7,99,6311024
faiss_gpu_flat_ip,1000000,2,8,40,6312420
faiss_gpu_flat_ip,1000000,2,9,35,6314795
faiss_gpu_flat_ip,1000000,2,10,42,6288255
faiss_gpu_flat_ip,1000000,2,11,39,6285881
faiss_gpu_flat_ip,1000000,2,12,19,6298662
faiss_gpu_flat_ip,1000000,2,13,1,6283646
faiss_gpu_flat_ip,1000000,2,14,41,6273589
faiss_gpu_flat_ip,1000000,2,15,65,6279246
faiss_gpu_flat_ip,1000000,2,16,4,6289653
faiss_gpu_flat_ip,1000000,2,17,85,6270725
faiss_gpu_flat_ip,1000000,2,18,84,6266535
faiss_gpu_flat_ip,1000000,2,19,30,6269328
faiss_gpu_flat_ip,1000000,2,20,36,6265487
faiss_gpu_flat_ip,1000000,2,21,46,6273030
faiss_gpu_flat_ip,1000000,2,22,76,6258923
faiss_gpu_flat_ip,1000000,2,23,34,6260738
faiss_gpu_flat_ip,1000000,2,24,63,6263671
faiss_gpu_flat_ip,1000000,2,25,52,6265976
faiss_gpu_flat_ip,1000000,2,26,5,6273588
faiss_gpu_flat_ip,1000000,2,27,56,6293912
faiss_gpu_flat_ip,1000000,2,28,75,6269328
faiss_gpu_flat_ip,1000000,2,29,81,6268281
faiss_gpu_flat_ip,1000000,2,30,71,6270306
faiss_gpu_flat_ip,1000000,2,31,38,6269258
faiss_gpu_flat_ip,1000000,2,32,12,6270306
faiss_gpu_flat_ip,1000000,2,33,97,6265557
faiss_gpu_flat_ip,1000000,2,34,16,6265068
faiss_gpu_flat_ip,1000000,2,35,45,6268421
faiss_gpu_flat_ip,1000000,2,36,93,6269329
faiss_gpu_flat_ip,1000000,2,37,74,6275893
faiss_gpu_flat_ip,1000000,2,38,28,6272122
faiss_gpu_flat_ip,1000000,2,39,94,6273589
faiss_gpu_flat_ip,1000000,2,40,32,6262205
faiss_gpu_flat_ip,1000000,2,41,27,6265627
faiss_gpu_flat_ip,1000000,2,42,88,6257944
faiss_gpu_flat_ip,1000000,2,43,44,6265557
faiss_gpu_flat_ip,1000000,2,44,96,6270236
faiss_gpu_flat_ip,1000000,2,45,2,6265557
faiss_gpu_flat_ip,1000000,2,46,54,6261716
faiss_gpu_flat_ip,1000000,2,47,59,6270725
faiss_gpu_flat_ip,1000000,2,48,17,6291608
faiss_gpu_flat_ip,1000000,2,49,67,6268840
faiss_gpu_flat_ip,1000000,2,50,90,6272122
faiss_gpu_flat_ip,1000000,2,51,14,6256967
faiss_gpu_flat_ip,1000000,2,52,18,6261716
faiss_gpu_flat_ip,1000000,2,53,43,6262205
faiss_gpu_flat_ip,1000000,2,54,91,6265976
faiss_gpu_flat_ip,1000000,2,55,7,6255151
faiss_gpu_flat_ip,1000000,2,56,9,6259899
faiss_gpu_flat_ip,1000000,2,57,24,6272052
faiss_gpu_flat_ip,1000000,2,58,31,6267932
faiss_gpu_flat_ip,1000000,2,59,10,6268770
faiss_gpu_flat_ip,1000000,2,60,15,6278268
faiss_gpu_flat_ip,1000000,2,61,29,6279804
faiss_gpu_flat_ip,1000000,2,62,60,6282668
faiss_gpu_flat_ip,1000000,2,63,3,6278268
faiss_gpu_flat_ip,1000000,2,64,20,6261297
faiss_gpu_flat_ip,1000000,2,65,8,6266465
faiss_gpu_flat_ip,1000000,2,66,87,6267862
faiss_gpu_flat_ip,1000000,2,67,89,6264650
faiss_gpu_flat_ip,1000000,2,68,69,6266954
faiss_gpu_flat_ip,1000000,2,69,95,6264161
faiss_gpu_flat_ip,1000000,2,70,57,6282039
faiss_gpu_flat_ip,1000000,2,71,98,6272541
faiss_gpu_flat_ip,1000000,2,72,82,6274497
faiss_gpu_flat_ip,1000000,2,73,0,6267862
faiss_gpu_flat_ip,1000000,2,74,55,6277430
faiss_gpu_flat_ip,1000000,2,75,53,6266046
faiss_gpu_flat_ip,1000000,2,76,68,6275055
faiss_gpu_flat_ip,1000000,2,77,72,6260807
faiss_gpu_flat_ip,1000000,2,78,61,6268281
faiss_gpu_flat_ip,1000000,2,79,50,6273519
faiss_gpu_flat_ip,1000000,2,80,77,6264509
faiss_gpu_flat_ip,1000000,2,81,47,6265488
faiss_gpu_flat_ip,1000000,2,82,70,6270236
faiss_gpu_flat_ip,1000000,2,83,58,6265906
faiss_gpu_flat_ip,1000000,2,84,83,6271284
faiss_gpu_flat_ip,1000000,2,85,11,6274078
faiss_gpu_flat_ip,1000000,2,86,21,6266605
faiss_gpu_flat_ip,1000000,2,87,49,6270307
faiss_gpu_flat_ip,1000000,2,88,37,6267931
faiss_gpu_flat_ip,1000000,2,89,66,6268420
faiss_gpu_flat_ip,1000000,2,90,79,6270236
faiss_gpu_flat_ip,1000000,2,91,26,6266954
faiss_gpu_flat_ip,1000000,2,92,51,6271703
faiss_gpu_flat_ip,1000000,2,93,13,6274986
faiss_gpu_flat_ip,1000000,2,94,48,6266395
faiss_gpu_flat_ip,1000000,2,95,33,6263601
faiss_gpu_flat_ip,1000000,2,96,62,6264091
faiss_gpu_flat_ip,1000000,2,97,6,6259900
faiss_gpu_flat_ip,1000000,2,98,80,6271703
faiss_gpu_flat_ip,1000000,2,99,92,6263601
qenlo_cuda_buffered_prototype,1000000,3,0,31,4665975
qenlo_cuda_buffered_prototype,1000000,3,1,14,4631893
qenlo_cuda_buffered_prototype,1000000,3,2,23,4634268
qenlo_cuda_buffered_prototype,1000000,3,3,8,4636572
qenlo_cuda_buffered_prototype,1000000,3,4,88,4641251
qenlo_cuda_buffered_prototype,1000000,3,5,60,4628051
qenlo_cuda_buffered_prototype,1000000,3,6,82,4639436
qenlo_cuda_buffered_prototype,1000000,3,7,29,4646490
qenlo_cuda_buffered_prototype,1000000,3,8,43,4645093
qenlo_cuda_buffered_prototype,1000000,3,9,81,4645581
qenlo_cuda_buffered_prototype,1000000,3,10,84,4646071
qenlo_cuda_buffered_prototype,1000000,3,11,41,4647468
qenlo_cuda_buffered_prototype,1000000,3,12,71,4648864
qenlo_cuda_buffered_prototype,1000000,3,13,1,4646420
qenlo_cuda_buffered_prototype,1000000,3,14,12,4651169
qenlo_cuda_buffered_prototype,1000000,3,15,24,4646490
qenlo_cuda_buffered_prototype,1000000,3,16,21,4667792
qenlo_cuda_buffered_prototype,1000000,3,17,64,4652706
qenlo_cuda_buffered_prototype,1000000,3,18,11,4650820
qenlo_cuda_buffered_prototype,1000000,3,19,46,4643138
qenlo_cuda_buffered_prototype,1000000,3,20,95,4668280
qenlo_cuda_buffered_prototype,1000000,3,21,42,4645582
qenlo_cuda_buffered_prototype,1000000,3,22,22,4645512
qenlo_cuda_buffered_prototype,1000000,3,23,51,4665906
qenlo_cuda_buffered_prototype,1000000,3,24,19,4649772
qenlo_cuda_buffered_prototype,1000000,3,25,44,4653614
qenlo_cuda_buffered_prototype,1000000,3,26,98,4654521
qenlo_cuda_buffered_prototype,1000000,3,27,56,4646979
qenlo_cuda_buffered_prototype,1000000,3,28,47,4651588
qenlo_cuda_buffered_prototype,1000000,3,29,13,4653125
qenlo_cuda_buffered_prototype,1000000,3,30,17,4667372
qenlo_cuda_buffered_prototype,1000000,3,31,72,4657805
qenlo_cuda_buffered_prototype,1000000,3,32,54,4662134
qenlo_cuda_buffered_prototype,1000000,3,33,78,4649843
qenlo_cuda_buffered_prototype,1000000,3,34,4,4645093
qenlo_cuda_buffered_prototype,1000000,3,35,75,4647956
qenlo_cuda_buffered_prototype,1000000,3,36,92,4649353
qenlo_cuda_buffered_prototype,1000000,3,37,69,4647538
qenlo_cuda_buffered_prototype,1000000,3,38,61,4646560
qenlo_cuda_buffered_prototype,1000000,3,39,79,4653125
qenlo_cuda_buffered_prototype,1000000,3,40,34,4649353
qenlo_cuda_buffered_prototype,1000000,3,41,70,4644604
qenlo_cuda_buffered_prototype,1000000,3,42,65,4657804
qenlo_cuda_buffered_prototype,1000000,3,43,49,4652636
qenlo_cuda_buffered_prototype,1000000,3,44,9,4648376
qenlo_cuda_buffered_prototype,1000000,3,45,18,4658433
qenlo_cuda_buffered_prototype,1000000,3,46,10,4655080
qenlo_cuda_buffered_prototype,1000000,3,47,74,4645023
qenlo_cuda_buffered_prototype,1000000,3,48,26,4650750
qenlo_cuda_buffered_prototype,1000000,3,49,94,4648445
qenlo_cuda_buffered_prototype,1000000,3,50,73,4649423
qenlo_cuda_buffered_prototype,1000000,3,51,80,4661646
qenlo_cuda_buffered_prototype,1000000,3,52,91,4650331
qenlo_cuda_buffered_prototype,1000000,3,53,0,4648446
qenlo_cuda_buffered_prototype,1000000,3,54,77,4665976
qenlo_cuda_buffered_prototype,1000000,3,55,6,4651728
qenlo_cuda_buffered_prototype,1000000,3,56,63,4662134
qenlo_cuda_buffered_prototype,1000000,3,57,68,4688674
qenlo_cuda_buffered_prototype,1000000,3,58,2,4665417
qenlo_cuda_buffered_prototype,1000000,3,59,76,4657804
qenlo_cuda_buffered_prototype,1000000,3,60,55,4670166
qenlo_cuda_buffered_prototype,1000000,3,61,40,4657944
qenlo_cuda_buffered_prototype,1000000,3,62,16,4655010
qenlo_cuda_buffered_prototype,1000000,3,63,27,4658852
qenlo_cuda_buffered_prototype,1000000,3,64,5,4663112
qenlo_cuda_buffered_prototype,1000000,3,65,62,4657943
qenlo_cuda_buffered_prototype,1000000,3,66,57,4656966
qenlo_cuda_buffered_prototype,1000000,3,67,52,4658852
qenlo_cuda_buffered_prototype,1000000,3,68,30,4658223
qenlo_cuda_buffered_prototype,1000000,3,69,35,4672471
qenlo_cuda_buffered_prototype,1000000,3,70,39,4660737
qenlo_cuda_buffered_prototype,1000000,3,71,99,4658851
qenlo_cuda_buffered_prototype,1000000,3,72,83,4661645
qenlo_cuda_buffered_prototype,1000000,3,73,7,4662204
qenlo_cuda_buffered_prototype,1000000,3,74,67,4661157
qenlo_cuda_buffered_prototype,1000000,3,75,37,4664020
qenlo_cuda_buffered_prototype,1000000,3,76,48,4657385
qenlo_cuda_buffered_prototype,1000000,3,77,45,4663601
qenlo_cuda_buffered_prototype,1000000,3,78,87,4664090
qenlo_cuda_buffered_prototype,1000000,3,79,89,4653125
qenlo_cuda_buffered_prototype,1000000,3,80,66,4653613
qenlo_cuda_buffered_prototype,1000000,3,81,59,4672052
qenlo_cuda_buffered_prototype,1000000,3,82,38,4654521
qenlo_cuda_buffered_prototype,1000000,3,83,53,4651658
qenlo_cuda_buffered_prototype,1000000,3,84,86,4669258
qenlo_cuda_buffered_prototype,1000000,3,85,20,4661157
qenlo_cuda_buffered_prototype,1000000,3,86,97,4655569
qenlo_cuda_buffered_prototype,1000000,3,87,36,4671563
qenlo_cuda_buffered_prototype,1000000,3,88,96,4655988
qenlo_cuda_buffered_prototype,1000000,3,89,90,4656407
qenlo_cuda_buffered_prototype,1000000,3,90,15,4662554
qenlo_cuda_buffered_prototype,1000000,3,91,85,4658712
qenlo_cuda_buffered_prototype,1000000,3,92,58,4661645
qenlo_cuda_buffered_prototype,1000000,3,93,25,4681970
qenlo_cuda_buffered_prototype,1000000,3,94,33,4654033
qenlo_cuda_buffered_prototype,1000000,3,95,28,4658363
qenlo_cuda_buffered_prototype,1000000,3,96,32,4670725
qenlo_cuda_buffered_prototype,1000000,3,97,93,4655988
qenlo_cuda_buffered_prototype,1000000,3,98,50,4656477
qenlo_cuda_buffered_prototype,1000000,3,99,3,4669258
faiss_gpu_flat_ip,1000000,3,0,31,6462860
faiss_gpu_flat_ip,1000000,3,1,14,6406986
faiss_gpu_flat_ip,1000000,3,2,23,6423469
faiss_gpu_flat_ip,1000000,3,3,8,6411736
faiss_gpu_flat_ip,1000000,3,4,88,6372415
faiss_gpu_flat_ip,1000000,3,5,60,6358167
faiss_gpu_flat_ip,1000000,3,6,82,6353068
faiss_gpu_flat_ip,1000000,3,7,29,6346503
faiss_gpu_flat_ip,1000000,3,8,43,6329881
faiss_gpu_flat_ip,1000000,3,9,81,6337424
faiss_gpu_flat_ip,1000000,3,10,84,6318985
faiss_gpu_flat_ip,1000000,3,11,41,6283925
faiss_gpu_flat_ip,1000000,3,12,71,6299081
faiss_gpu_flat_ip,1000000,3,13,1,6291538
faiss_gpu_flat_ip,1000000,3,14,12,6294402
faiss_gpu_flat_ip,1000000,3,15,24,6285392
faiss_gpu_flat_ip,1000000,3,16,21,6275893
faiss_gpu_flat_ip,1000000,3,17,64,6270725
faiss_gpu_flat_ip,1000000,3,18,11,6266535
faiss_gpu_flat_ip,1000000,3,19,46,6269328
faiss_gpu_flat_ip,1000000,3,20,95,6268839
faiss_gpu_flat_ip,1000000,3,21,42,7270926
faiss_gpu_flat_ip,1000000,3,22,22,6275894
faiss_gpu_flat_ip,1000000,3,23,51,6264579
faiss_gpu_flat_ip,1000000,3,24,19,6261785
faiss_gpu_flat_ip,1000000,3,25,44,6268350
faiss_gpu_flat_ip,1000000,3,26,98,6268770
faiss_gpu_flat_ip,1000000,3,27,56,6272611
faiss_gpu_flat_ip,1000000,3,28,47,6280643
faiss_gpu_flat_ip,1000000,3,29,13,6277290
faiss_gpu_flat_ip,1000000,3,30,17,6268839
faiss_gpu_flat_ip,1000000,3,31,72,6268839
faiss_gpu_flat_ip,1000000,3,32,54,6266884
faiss_gpu_flat_ip,1000000,3,33,78,6279316
faiss_gpu_flat_ip,1000000,3,34,4,6267932
faiss_gpu_flat_ip,1000000,3,35,75,6267932
faiss_gpu_flat_ip,1000000,3,36,92,6259830
faiss_gpu_flat_ip,1000000,3,37,69,6265976
faiss_gpu_flat_ip,1000000,3,38,61,6265906
faiss_gpu_flat_ip,1000000,3,39,79,6282179
faiss_gpu_flat_ip,1000000,3,40,34,6266534
faiss_gpu_flat_ip,1000000,3,41,70,6269328
faiss_gpu_flat_ip,1000000,3,42,65,6268909
faiss_gpu_flat_ip,1000000,3,43,49,6270306
faiss_gpu_flat_ip,1000000,3,44,9,6264161
faiss_gpu_flat_ip,1000000,3,45,18,6266045
faiss_gpu_flat_ip,1000000,3,46,10,6274078
faiss_gpu_flat_ip,1000000,3,47,74,6264579
faiss_gpu_flat_ip,1000000,3,48,26,6265487
faiss_gpu_flat_ip,1000000,3,49,94,6272611
faiss_gpu_flat_ip,1000000,3,50,73,6285881
faiss_gpu_flat_ip,1000000,3,51,80,6271703
faiss_gpu_flat_ip,1000000,3,52,91,6267373
faiss_gpu_flat_ip,1000000,3,53,0,6267373
faiss_gpu_flat_ip,1000000,3,54,77,6270796
faiss_gpu_flat_ip,1000000,3,55,6,6276382
faiss_gpu_flat_ip,1000000,3,56,63,6290630
faiss_gpu_flat_ip,1000000,3,57,68,6292027
faiss_gpu_flat_ip,1000000,3,58,2,6264509
faiss_gpu_flat_ip,1000000,3,59,76,6265068
faiss_gpu_flat_ip,1000000,3,60,55,6268840
faiss_gpu_flat_ip,1000000,3,61,40,6270725
faiss_gpu_flat_ip,1000000,3,62,16,6267442
faiss_gpu_flat_ip,1000000,3,63,27,6267443
faiss_gpu_flat_ip,1000000,3,64,5,6267024
faiss_gpu_flat_ip,1000000,3,65,62,6270307
faiss_gpu_flat_ip,1000000,3,66,57,6262694
faiss_gpu_flat_ip,1000000,3,67,52,6260319
faiss_gpu_flat_ip,1000000,3,68,30,6289164
faiss_gpu_flat_ip,1000000,3,69,35,6264649
faiss_gpu_flat_ip,1000000,3,70,39,6266535
faiss_gpu_flat_ip,1000000,3,71,99,6279316
faiss_gpu_flat_ip,1000000,3,72,83,6270307
faiss_gpu_flat_ip,1000000,3,73,7,6264928
faiss_gpu_flat_ip,1000000,3,74,67,6268909
faiss_gpu_flat_ip,1000000,3,75,37,6262694
faiss_gpu_flat_ip,1000000,3,76,48,6270307
faiss_gpu_flat_ip,1000000,3,77,45,6262204
faiss_gpu_flat_ip,1000000,3,78,87,6275475
faiss_gpu_flat_ip,1000000,3,79,89,6279246
faiss_gpu_flat_ip,1000000,3,80,66,6261227
faiss_gpu_flat_ip,1000000,3,81,59,6263112
faiss_gpu_flat_ip,1000000,3,82,38,6267373
faiss_gpu_flat_ip,1000000,3,83,53,6263601
faiss_gpu_flat_ip,1000000,3,84,86,6268420
faiss_gpu_flat_ip,1000000,3,85,20,6265488
faiss_gpu_flat_ip,1000000,3,86,97,6267373
faiss_gpu_flat_ip,1000000,3,87,36,6261716
faiss_gpu_flat_ip,1000000,3,88,96,6263182
faiss_gpu_flat_ip,1000000,3,89,90,6263601
faiss_gpu_flat_ip,1000000,3,90,15,6257944
faiss_gpu_flat_ip,1000000,3,91,85,6272611
faiss_gpu_flat_ip,1000000,3,92,58,6274496
faiss_gpu_flat_ip,1000000,3,93,25,6272122
faiss_gpu_flat_ip,1000000,3,94,33,6266465
faiss_gpu_flat_ip,1000000,3,95,28,6273170
faiss_gpu_flat_ip,1000000,3,96,32,6267443
faiss_gpu_flat_ip,1000000,3,97,93,6265557
faiss_gpu_flat_ip,1000000,3,98,50,6276382
faiss_gpu_flat_ip,1000000,3,99,3,6266534
qenlo_cuda_buffered_prototype,1000000,4,0,96,4678198
qenlo_cuda_buffered_prototype,1000000,4,1,74,4638458
qenlo_cuda_buffered_prototype,1000000,4,2,73,4631823
qenlo_cuda_buffered_prototype,1000000,4,3,69,4632801
qenlo_cuda_buffered_prototype,1000000,4,4,20,4643207
qenlo_cuda_buffered_prototype,1000000,4,5,31,4660668
qenlo_cuda_buffered_prototype,1000000,4,6,27,4647398
qenlo_cuda_buffered_prototype,1000000,4,7,3,4645023
qenlo_cuda_buffered_prototype,1000000,4,8,37,4646490
qenlo_cuda_buffered_prototype,1000000,4,9,65,4649912
qenlo_cuda_buffered_prototype,1000000,4,10,38,4655499
qenlo_cuda_buffered_prototype,1000000,4,11,45,4646489
qenlo_cuda_buffered_prototype,1000000,4,12,46,4653614
qenlo_cuda_buffered_prototype,1000000,4,13,97,4655919
qenlo_cuda_buffered_prototype,1000000,4,14,92,4646559
qenlo_cuda_buffered_prototype,1000000,4,15,6,4656477
qenlo_cuda_buffered_prototype,1000000,4,16,7,4653614
qenlo_cuda_buffered_prototype,1000000,4,17,17,4660737
qenlo_cuda_buffered_prototype,1000000,4,18,62,4652217
qenlo_cuda_buffered_prototype,1000000,4,19,98,4654103
qenlo_cuda_buffered_prototype,1000000,4,20,13,4651239
qenlo_cuda_buffered_prototype,1000000,4,21,58,4646978
qenlo_cuda_buffered_prototype,1000000,4,22,34,4650820
qenlo_cuda_buffered_prototype,1000000,4,23,51,4644115
qenlo_cuda_buffered_prototype,1000000,4,24,87,4644046
qenlo_cuda_buffered_prototype,1000000,4,25,26,4647886
qenlo_cuda_buffered_prototype,1000000,4,26,47,4643207
qenlo_cuda_buffered_prototype,1000000,4,27,33,4648375
qenlo_cuda_buffered_prototype,1000000,4,28,71,4645093
qenlo_cuda_buffered_prototype,1000000,4,29,43,4647537
qenlo_cuda_buffered_prototype,1000000,4,30,80,4646070
qenlo_cuda_buffered_prototype,1000000,4,31,61,4666953
qenlo_cuda_buffered_prototype,1000000,4,32,4,4643696
qenlo_cuda_buffered_prototype,1000000,4,33,95,4647538
qenlo_cuda_buffered_prototype,1000000,4,34,11,4644604
qenlo_cuda_buffered_prototype,1000000,4,35,76,4651658
qenlo_cuda_buffered_prototype,1000000,4,36,72,4646001
qenlo_cuda_buffered_prototype,1000000,4,37,50,4655011
qenlo_cuda_buffered_prototype,1000000,4,38,77,4649703
qenlo_cuda_buffered_prototype,1000000,4,39,90,4651239
qenlo_cuda_buffered_prototype,1000000,4,40,8,4649423
qenlo_cuda_buffered_prototype,1000000,4,41,41,4645092
qenlo_cuda_buffered_prototype,1000000,4,42,5,4646071
qenlo_cuda_buffered_prototype,1000000,4,43,63,4650750
qenlo_cuda_buffered_prototype,1000000,4,44,44,4646490
qenlo_cuda_buffered_prototype,1000000,4,45,88,4645163
qenlo_cuda_buffered_prototype,1000000,4,46,39,4644185
qenlo_cuda_buffered_prototype,1000000,4,47,94,4647397
qenlo_cuda_buffered_prototype,1000000,4,48,24,4643208
qenlo_cuda_buffered_prototype,1000000,4,49,89,4649423
qenlo_cuda_buffered_prototype,1000000,4,50,83,4645512
qenlo_cuda_buffered_prototype,1000000,4,51,2,4653124
qenlo_cuda_buffered_prototype,1000000,4,52,15,4649353
qenlo_cuda_buffered_prototype,1000000,4,53,1,4666884
qenlo_cuda_buffered_prototype,1000000,4,54,54,4655429
qenlo_cuda_buffered_prototype,1000000,4,55,14,4654172
qenlo_cuda_buffered_prototype,1000000,4,56,67,4678267
qenlo_cuda_buffered_prototype,1000000,4,57,12,4653055
qenlo_cuda_buffered_prototype,1000000,4,58,60,4654521
qenlo_cuda_buffered_prototype,1000000,4,59,0,4672471
qenlo_cuda_buffered_prototype,1000000,4,60,55,4663042
qenlo_cuda_buffered_prototype,1000000,4,61,36,4653613
qenlo_cuda_buffered_prototype,1000000,4,62,48,4680083
qenlo_cuda_buffered_prototype,1000000,4,63,9,4654102
qenlo_cuda_buffered_prototype,1000000,4,64,56,4658712
qenlo_cuda_buffered_prototype,1000000,4,65,64,4666814
qenlo_cuda_buffered_prototype,1000000,4,66,78,4654522
qenlo_cuda_buffered_prototype,1000000,4,67,59,4656826
qenlo_cuda_buffered_prototype,1000000,4,68,70,4669677
qenlo_cuda_buffered_prototype,1000000,4,69,32,4656966
qenlo_cuda_buffered_prototype,1000000,4,70,66,4658852
qenlo_cuda_buffered_prototype,1000000,4,71,30,4652706
qenlo_cuda_buffered_prototype,1000000,4,72,93,4659411
qenlo_cuda_buffered_prototype,1000000,4,73,42,4659340
qenlo_cuda_buffered_prototype,1000000,4,74,79,4651728
qenlo_cuda_buffered_prototype,1000000,4,75,75,4665417
qenlo_cuda_buffered_prototype,1000000,4,76,52,6488911
qenlo_cuda_buffered_prototype,1000000,4,77,16,4660738
qenlo_cuda_buffered_prototype,1000000,4,78,57,4653614
qenlo_cuda_buffered_prototype,1000000,4,79,22,4653195
qenlo_cuda_buffered_prototype,1000000,4,80,25,4655988
qenlo_cuda_buffered_prototype,1000000,4,81,49,4651728
qenlo_cuda_buffered_prototype,1000000,4,82,82,4650261
qenlo_cuda_buffered_prototype,1000000,4,83,19,4648794
qenlo_cuda_buffered_prototype,1000000,4,84,86,4646001
qenlo_cuda_buffered_prototype,1000000,4,85,10,4653124
qenlo_cuda_buffered_prototype,1000000,4,86,29,4651797
qenlo_cuda_buffered_prototype,1000000,4,87,23,4656058
qenlo_cuda_buffered_prototype,1000000,4,88,35,4656058
qenlo_cuda_buffered_prototype,1000000,4,89,85,4647887
qenlo_cuda_buffered_prototype,1000000,4,90,53,4649842
qenlo_cuda_buffered_prototype,1000000,4,91,84,4663043
qenlo_cuda_buffered_prototype,1000000,4,92,21,4653613
qenlo_cuda_buffered_prototype,1000000,4,93,91,4651728
qenlo_cuda_buffered_prototype,1000000,4,94,40,4649283
qenlo_cuda_buffered_prototype,1000000,4,95,99,4673099
qenlo_cuda_buffered_prototype,1000000,4,96,68,4656966
qenlo_cuda_buffered_prototype,1000000,4,97,81,4657385
qenlo_cuda_buffered_prototype,1000000,4,98,18,4677708
qenlo_cuda_buffered_prototype,1000000,4,99,28,4657385
faiss_gpu_flat_ip,1000000,4,0,96,6467609
faiss_gpu_flat_ip,1000000,4,1,74,6428777
faiss_gpu_flat_ip,1000000,4,2,73,6416904
faiss_gpu_flat_ip,1000000,4,3,69,6420815
faiss_gpu_flat_ip,1000000,4,4,20,6389037
faiss_gpu_flat_ip,1000000,4,5,31,6353976
faiss_gpu_flat_ip,1000000,4,6,27,6344967
faiss_gpu_flat_ip,1000000,4,7,3,6344967
faiss_gpu_flat_ip,1000000,4,8,37,6306694
faiss_gpu_flat_ip,1000000,4,9,65,6299989
faiss_gpu_flat_ip,1000000,4,10,38,6306623
faiss_gpu_flat_ip,1000000,4,11,45,6284414
faiss_gpu_flat_ip,1000000,4,12,46,6287767
faiss_gpu_flat_ip,1000000,4,13,97,6291049
faiss_gpu_flat_ip,1000000,4,14,92,6276871
faiss_gpu_flat_ip,1000000,4,15,6,6270796
faiss_gpu_flat_ip,1000000,4,16,7,6272122
faiss_gpu_flat_ip,1000000,4,17,17,6284414
faiss_gpu_flat_ip,1000000,4,18,62,6306275
faiss_gpu_flat_ip,1000000,4,19,98,6278338
faiss_gpu_flat_ip,1000000,4,20,13,6287766
faiss_gpu_flat_ip,1000000,4,21,58,6276522
faiss_gpu_flat_ip,1000000,4,22,34,6281691
faiss_gpu_flat_ip,1000000,4,23,51,6276453
faiss_gpu_flat_ip,1000000,4,24,87,6280783
faiss_gpu_flat_ip,1000000,4,25,26,6272122
faiss_gpu_flat_ip,1000000,4,26,47,6284973
faiss_gpu_flat_ip,1000000,4,27,33,6280224
faiss_gpu_flat_ip,1000000,4,28,71,6281551
faiss_gpu_flat_ip,1000000,4,29,43,6276872
faiss_gpu_flat_ip,1000000,4,30,80,6281621
faiss_gpu_flat_ip,1000000,4,31,61,6274986
faiss_gpu_flat_ip,1000000,4,32,4,6274567
faiss_gpu_flat_ip,1000000,4,33,95,6286300
faiss_gpu_flat_ip,1000000,4,34,11,6281062
faiss_gpu_flat_ip,1000000,4,35,76,6275893
faiss_gpu_flat_ip,1000000,4,36,72,6277849
faiss_gpu_flat_ip,1000000,4,37,50,6286789
faiss_gpu_flat_ip,1000000,4,38,77,6282040
faiss_gpu_flat_ip,1000000,4,39,90,6276871
faiss_gpu_flat_ip,1000000,4,40,8,6282598
faiss_gpu_flat_ip,1000000,4,41,41,6272052
faiss_gpu_flat_ip,1000000,4,42,5,6279734
faiss_gpu_flat_ip,1000000,4,43,63,6276382
faiss_gpu_flat_ip,1000000,4,44,44,6280293
faiss_gpu_flat_ip,1000000,4,45,88,6268839
faiss_gpu_flat_ip,1000000,4,46,39,6274077
faiss_gpu_flat_ip,1000000,4,47,94,6282598
faiss_gpu_flat_ip,1000000,4,48,24,6303830
faiss_gpu_flat_ip,1000000,4,49,89,6275894
faiss_gpu_flat_ip,1000000,4,50,83,6275964
faiss_gpu_flat_ip,1000000,4,51,2,6276453
faiss_gpu_flat_ip,1000000,4,52,15,6271284
faiss_gpu_flat_ip,1000000,4,53,1,6282598
faiss_gpu_flat_ip,1000000,4,54,54,6282947
faiss_gpu_flat_ip,1000000,4,55,14,6292446
faiss_gpu_flat_ip,1000000,4,56,67,6277360
faiss_gpu_flat_ip,1000000,4,57,12,6281132
faiss_gpu_flat_ip,1000000,4,58,60,6288674
faiss_gpu_flat_ip,1000000,4,59,0,6271214
faiss_gpu_flat_ip,1000000,4,60,55,6273170
faiss_gpu_flat_ip,1000000,4,61,36,6267443
faiss_gpu_flat_ip,1000000,4,62,48,6265557
faiss_gpu_flat_ip,1000000,4,63,9,6262694
faiss_gpu_flat_ip,1000000,4,64,56,6277431
faiss_gpu_flat_ip,1000000,4,65,64,6268351
faiss_gpu_flat_ip,1000000,4,66,78,6267443
faiss_gpu_flat_ip,1000000,4,67,59,6267373
faiss_gpu_flat_ip,1000000,4,68,70,6272122
faiss_gpu_flat_ip,1000000,4,69,32,6266465
faiss_gpu_flat_ip,1000000,4,70,66,6266465
faiss_gpu_flat_ip,1000000,4,71,30,6268421
faiss_gpu_flat_ip,1000000,4,72,93,6264649
faiss_gpu_flat_ip,1000000,4,73,42,6268839
faiss_gpu_flat_ip,1000000,4,74,79,6271214
faiss_gpu_flat_ip,1000000,4,75,75,6274427
faiss_gpu_flat_ip,1000000,4,76,52,6272611
faiss_gpu_flat_ip,1000000,4,77,16,6274915
faiss_gpu_flat_ip,1000000,4,78,57,6272052
faiss_gpu_flat_ip,1000000,4,79,22,6277849
faiss_gpu_flat_ip,1000000,4,80,25,6285881
faiss_gpu_flat_ip,1000000,4,81,49,6279176
faiss_gpu_flat_ip,1000000,4,82,82,6281969
faiss_gpu_flat_ip,1000000,4,83,19,6283507
faiss_gpu_flat_ip,1000000,4,84,86,6285881
faiss_gpu_flat_ip,1000000,4,85,10,6292027
faiss_gpu_flat_ip,1000000,4,86,29,6279246
faiss_gpu_flat_ip,1000000,4,87,23,6283017
faiss_gpu_flat_ip,1000000,4,88,35,6276871
faiss_gpu_flat_ip,1000000,4,89,85,6286370
faiss_gpu_flat_ip,1000000,4,90,53,6295310
faiss_gpu_flat_ip,1000000,4,91,84,6292516
faiss_gpu_flat_ip,1000000,4,92,21,6286300
faiss_gpu_flat_ip,1000000,4,93,91,6301036
faiss_gpu_flat_ip,1000000,4,94,40,6314725
faiss_gpu_flat_ip,1000000,4,95,99,6298662
faiss_gpu_flat_ip,1000000,4,96,68,6294890
faiss_gpu_flat_ip,1000000,4,97,81,6291468
faiss_gpu_flat_ip,1000000,4,98,18,6289583
faiss_gpu_flat_ip,1000000,4,99,28,6289652
