engine,run,batch_index,query_indices,query_count,completed_ns,device_resident_ns,k,recall_at_k,recall_at_10
faiss-flat,0,0,1339;1774;19;1241;125;4426;3478;3213;137;4880;1489;3933;3864;955;685;1257,16,255534,,10,1.0,1.0
faiss-flat,0,1,1627;4580;4333;3857;846;2301;17;37;4025;3105;31;3775;1167;762;2583;1096,16,218458,,10,1.0,1.0
faiss-flat,0,2,1121;3501;3520;2753;2113;3246;1076;41;4032;2898;3371;2389;3504;4704;919;185,16,261121,,10,1.0,1.0
faiss-flat,0,3,2171;4821;43;1112;1433;2294;4414;893;3881;1122;325;103;2998;1377;2757;67,16,237577,,10,1.0,1.0
faiss-flat,0,4,3202;2493;61;2337;624;1189;4390;2265;3033;3851;1397;2494;1391;4109;993;1906,16,258317,,10,1.0,1.0
faiss-flat,0,5,757;525;2640;3012;2151;1329;2382;2001;3779;263;821;4009;4369;207;3527;3392,16,236004,,10,1.0,1.0
faiss-flat,0,6,2398;143;445;659;1358;4992;95;119;35;3918;2471;2823;101;2792;4794;3451,16,261472,,10,1.0,1.0
faiss-flat,0,7,3326;1063;1689;3783;4452;1870;3797;2973;2548;2193;3273;619;1915;4591;2557;2420,16,212509,,10,1.0,1.0
faiss-flat,0,8,181;1841;1370;3115;4790;2344;4181;1838;2838;1570;4446;1992;4345;533;1829;3113,16,244777,,10,1.0,1.0
faiss-flat,0,9,4157;4742;2571;275;1701;4189;3989;803;3773;4711;2907;1721;3495;888;701;593,16,231127,,10,1.0,1.0
faiss-flat,0,10,3397;243;4724;4796;789;764;830;3321;63;2793;279;195;1907;353;1055;1445,16,242664,,10,1.0,1.0
faiss-flat,0,11,465;597;4984;2413;1319;813;2478;2215;1226;1694;97;761;470;3760;1505;1234,16,219189,,10,1.0,1.0
faiss-flat,0,12,957;2579;225;2269;1665;997;147;2262;3077;4128;4642;3525;1448;1223;405;2051,16,244217,,10,1.0,1.0
faiss-flat,0,13,897;2917;4929;4214;401;824;317;875;2045;622;2618;329;1263;929;1636;253,16,228102,,10,1.0,1.0
faiss-flat,0,14,546;82;1825;2627;331;879;2609;335;1634;2861;1402;2018;1885;3774;1161;3980,16,241973,,10,1.0,1.0
faiss-flat,0,15,2401;857;874;257;3680;862;2309;1277;4201;2979;2353;1547;251;3354;1353;361,16,209654,,10,1.0,1.0
faiss-flat,0,16,382;915;2453;261;4932;3573;3396;4316;1737;4728;21;3258;561;4565;1832;1185,16,220171,,10,1.0,1.0
faiss-flat,0,17,2526;1790;1474;293;2801;1217;4719;663;265;1097;4250;3676;529;2362;3781;3320,16,208943,,10,1.0,1.0
faiss-flat,0,18,2084;3159;3709;3627;3;3314;4052;1367;4063;949;417;2938;2200;4634;1810;833,16,225528,,10,1.0,1.0
faiss-flat,0,19,1713;2574;45;2723;3089;403;4571;945;1670;1657;3190;1389;1042;3329;283;3182,16,228262,,10,1.0,1.0
faiss-flat,0,20,4714;2582;2111;2613;370;781;3698;3164;2621;4626;4247;1045;3994;351;3518;3069,16,245558,,10,1.0,1.0
faiss-flat,0,21,2556;4512;2727;998;2224;487;2509;629;1141;3506;3021;1346;2962;4374;497;1470,16,229915,,10,1.0,1.0
faiss-flat,0,22,1702;3816;1198;144;359;3642;81;3475;3324;3866;4859;3832;3893;1663;221;563,16,252419,,10,1.0,1.0
faiss-flat,0,23,2414;1525;3541;2152;765;391;4391;501;199;605;2842;2315;3724;1878;702;511,16,229615,,10,1.0,1.0
faiss-flat,0,24,1082;4165;1387;2123;319;3141;1609;887;585;889;2295;883;2473;3266;995;4427,16,244658,,10,1.0,1.0
faiss-flat,0,25,1684;4404;1417;443;871;4447;4132;499;1211;1265;25;4413;415;1763;1310;463,16,234081,,10,1.0,1.0
faiss-flat,0,26,626;1731;4320;4024;14;1965;3045;1859;4641;4937;4469;457;658;747;411;2480,16,231477,,10,1.0,1.0
faiss-flat,0,27,1497;1194;4552;3204;941;1205;1585;4572;506;2465;4393;1061;1127;1531;547;479,16,228653,,10,1.0,1.0
faiss-flat,0,28,42;2221;4313;1362;1177;1318;4712;1229;430;3134;113;4666;4045;2235;4953;1029,16,253671,,10,1.0,1.0
faiss-flat,0,29,818;330;901;2937;3317;541;510;3598;346;1637;3065;1047;3988;4263;1401;639,16,230636,,10,1.0,1.0
faiss-flat,0,30,2145;2093;4492;4379;320;454;1802;543;503;2514;141;4844;2622;3121;474;498,16,232219,,10,1.0,1.0
faiss-flat,0,31,4557;513;4563;863;2068;4882;2642;4921;4638;1974;4251;521;202;2630;307;2897,16,209824,,10,1.0,1.0
faiss-flat,0,32,3924;2795;4419;2074;2482;641;3307;523;2325;1034;1409;3457;4584;545;4781;731,16,225368,,10,1.0,1.0
faiss-flat,0,33,4483;977;3355;2034;3637;705;2711;759;3997;4631;4072;2706;1180;3746;3083;4166,16,234672,,10,1.0,1.0
faiss-flat,0,34,601;4544;1922;3342;3582;4041;1095;3275;369;1275;249;2952;3432;3092;4198;3011,16,245248,,10,1.0,1.0
faiss-flat,0,35,3752;4618;211;1365;1123;3745;4341;1313;4739;1107;1995;675;167;4697;2365;1366,16,234352,,10,1.0,1.0
faiss-flat,0,36,1431;1765;158;1951;427;3212;1797;1023;4679;3220;3318;610;4264;873;237;743,16,251046,,10,1.0,1.0
faiss-flat,0,37,4610;1533;191;2131;1746;1717;3289;1511;3458;2703;254;2423;2087;2333;749;1833,16,228563,,10,1.0,1.0
faiss-flat,0,38,4311;4107;2615;3502;4387;647;1919;3312;3636;58;4969;1393;3129;3982;603;1993,16,225709,,10,1.0,1.0
faiss-flat,0,39,1626;909;2242;1683;4640;3306;2124;643;4968;665;421;4474;1617;1618;2610;711,16,224607,,10,1.0,1.0
faiss-flat,0,40,4493;721;681;2779;571;2525;3351;699;1098;2258;1135;1011;1209;1686;1715;2483,16,243526,,10,1.0,1.0
faiss-flat,0,41,73;272;3687;923;4237;2281;825;3445;2240;1581;469;1949;2980;2443;817;2109,16,228503,,10,1.0,1.0
faiss-flat,0,42,1495;4853;1237;987;686;2649;3210;725;245;739;274;1730;4700;2865;1794;2438,16,253230,,10,1.0,1.0
faiss-flat,0,43,1394;4253;4896;1091;1994;697;4370;3691;3614;2542;4234;1176;807;1260;287;799,16,236174,,10,1.0,1.0
faiss-flat,0,44,1113;775;1071;1419;2316;2809;437;921;1129;3854;722;4745;1077;2445;2213;3878,16,254391,,10,1.0,1.0
faiss-flat,0,45,4266;1629;1938;4468;2929;1954;1165;4568;4574;1179;653;2532;4496;478;983;2729,16,231668,,10,1.0,1.0
faiss-flat,0,46,569;4129;773;1691;301;4288;1048;3730;3238;1579;4689;1553;4120;1203;1910;1119,16,245308,,10,1.0,1.0
faiss-flat,0,47,3998;971;1801;2330;4326;4530;1142;1597;3002;3242;226;2707;4035;2857;3297;1375,16,234351,,10,1.0,1.0
faiss-flat,0,48,1800;2893;93;2383;1371;2561;1611;2997;703;2872;4317;4458;2132;1003;2515;2899,16,242023,,10,1.0,1.0
faiss-flat,0,49,2319;4803;1491;4561;715;3809;1438;1687;4502;1641;667;4346;1186;726;246;2464,16,225639,,10,1.0,1.0
faiss-flat,0,50,1347;2222;1546;3379;1653;1551;4912;4037;165;1619;3521;2505;1897;698;4850;2677,16,247612,,10,1.0,1.0
faiss-flat,0,51,1155;881;171;4760;4616;616;1893;1874;1475;4710;2541;1894;1817;2250;289;895,16,231567,,10,1.0,1.0
faiss-flat,0,52,2658;2767;3826;1085;2683;989;2761;3484;2345;1873;2244;688;1667;913;4001;999,16,248002,,10,1.0,1.0
faiss-flat,0,53,4509;3256;169;4649;1081;3406;4902;907;1741;2189;1414;1243;906;1133;693;3563,16,236375,,10,1.0,1.0
faiss-flat,0,54,2636;1291;327;1787;2211;1051;432;4553;313;2606;850;961;341;1997;3566;1911,16,245298,,10,1.0,1.0
faiss-flat,0,55,1193;3310;3726;1467;1879;1101;2212;1837;4809;1173;607;4807;2466;4582;3707;2669,16,229504,,10,1.0,1.0
faiss-flat,0,56,3580;3654;2915;1777;3417;536;845;4354;962;618;471;3079;1013;4678;2954;3550,16,248453,,10,1.0,1.0
faiss-flat,0,57,853;1923;3456;2559;4539;3496;1145;1924;1862;1527;917;1830;1230;1041;1044;1348,16,229114,,10,1.0,1.0
faiss-flat,0,58,2605;1698;4874;4248;1545;3942;2083;348;459;606;1685;3181;1449;814;1865;4818,16,254632,,10,1.0,1.0
faiss-flat,0,59,4385;2851;1541;288;2094;2566;4112;2023;1351;3014;1137;3101;4958;4659;4588;973,16,243685,,10,1.0,1.0
faiss-flat,0,60,49;4551;4875;2234;1514;4500;77;3365;71;1163;2628;2537;4676;1207;1239;1007,16,248813,,10,1.0,1.0
faiss-flat,0,61,4692;2921;4381;2802;115;2981;2617;4936;2520;4319;217;1482;2558;1323;135;1905,16,229825,,10,1.0,1.0
faiss-flat,0,62,4202;1398;151;4116;3328;3414;2021;1899;1289;2920;1015;4872;1017;4819;475;1295,16,242735,,10,1.0,1.0
faiss-flat,0,63,933;1575;2918;2673;1947;1266;1457;1151;2697;2149;1646;1374;4382;2555;4866;1031,16,229204,,10,1.0,1.0
faiss-flat,0,64,4334;4804;2989;1192;3617;1103;4598;1183;1944;238;1361;3388;2590;10;3130;1219,16,242925,,10,1.0,1.0
faiss-flat,0,65,963;232;3888;3472;4164;2017;627;1187;3018;3330;1526;4923;4329;2633;4577;4526,16,229274,,10,1.0,1.0
faiss-flat,0,66,179;3422;3883;1812;2995;3373;2681;2916;1479;3122;2496;3261;3175;1963;3872;1645,16,249264,,10,1.0,1.0
faiss-flat,0,67,1443;718;4199;2506;4062;4243;323;1466;433;466;631;3672;4026;512;2426;2710,16,233521,,10,1.0,1.0
faiss-flat,0,68,1309;4306;3714;2101;3758;2207;3287;2198;4621;494;2951;8;2554;2966;567;1231,16,242844,,10,1.0,1.0
faiss-flat,0,69,553;4585;3352;776;829;1153;4416;3586;4594;3545;2662;1453;1432;3983;502;3274,16,237206,,10,1.0,1.0
faiss-flat,0,70,3386;4542;2417;1699;1961;4956;273;1839;4018;4169;1590;1072;3810;1999;2688;1455,16,249515,,10,1.0,1.0
faiss-flat,0,71,4994;4854;1430;3516;493;1152;4397;2031;3595;1221;2643;2121;4578;1869;3173;4150,16,231988,,10,1.0,1.0
faiss-flat,0,72,3008;3638;1502;2307;201;1175;3666;1395;4873;2256;1225;3813;4430;4431;193;4665,16,335814,,10,1.0,1.0
faiss-flat,0,73,2737;1325;2219;4048;278;4152;4767;3040;3174;4754;891;3235;153;3896;4949;1279,16,264196,,10,1.0,1.0
faiss-flat,0,74,4898;3731;242;4267;1210;4347;1381;1399;1099;3007;1622;1201;1305;1469;617;1278,16,333411,,10,1.0,1.0
faiss-flat,0,75,679;1333;2644;2925;1723;322;3659;1471;1761;640;717;2635;2373;4178;4238;1247,16,279580,,10,1.0,1.0
faiss-flat,0,76,134;3953;490;3986;531;2081;4187;4847;1281;1725;4723;1979;3290;2576;1696;1343,16,271898,,10,1.0,1.0
faiss-flat,0,77,4002;2489;4978;3482;3016;46;2835;3761;239;4570;4305;2651;1818;1821;1555;1577,16,246229,,10,1.0,1.0
faiss-flat,0,78,2251;4537;3051;2150;4011;1901;223;4686;3170;3815;4471;3754;713;1543;133;1518,16,273450,,10,1.0,1.0
faiss-flat,0,79,4614;3336;4559;4359;896;3053;4339;1651;2275;1441;835;3254;811;1929;1227;1935,16,287271,,10,1.0,1.0
faiss-flat,0,80,1181;1174;1789;3162;3001;4979;976;1311;131;4030;1661;1383;687;32;4612;1655,16,255233,,10,1.0,1.0
faiss-flat,0,81,1058;4535;413;2030;4197;86;109;84;590;4888;1643;3526;2873;3540;9;1599,16,231968,,10,1.0,1.0
faiss-flat,0,82,1037;3345;3366;3425;1898;1743;527;2739;23;704;777;2229;2507;3260;1330;1483,16,338988,,10,1.0,1.0
faiss-flat,0,83,4274;3461;2776;4330;3741;4930;1073;1481;1282;994;1574;2807;2175;1421;573;4020,16,277466,,10,1.0,1.0
faiss-flat,0,84,3599;678;3860;1778;4364;1363;4931;4042;841;2029;3483;2046;886;1895;3393;1819,16,339310,,10,1.0,1.0
faiss-flat,0,85,2790;1411;1940;3230;582;4049;741;4233;213;74;2176;4816;496;3026;1714;4506,16,341262,,10,1.0,1.0
faiss-flat,0,86,1649;1985;2209;3344;649;4972;772;4673;4060;2130;2019;1795;3224;1933;1021;1679,16,312229,,10,1.0,1.0
faiss-flat,0,87,395;1635;1373;1681;297;1583;1962;1757;3189;3005;1254;2136;3378;3368;3233;1967,16,326240,,10,1.0,1.0
faiss-flat,0,88,4856;4709;1059;3353;2457;1290;1487;92;4218;1623;3061;1550;946;1639;2118;3716,16,333200,,10,1.0,1.0
faiss-flat,0,89,1571;2133;677;3187;4643;3418;1485;2676;3712;2813;2261;1404;3641;2397;4722;2047,16,329795,,10,1.0,1.0
faiss-flat,0,90,2286;2110;3160;4175;1136;1576;3513;4651;2306;2317;623;1595;189;1463;2421;4916,16,333671,,10,1.0,1.0
faiss-flat,0,91,3050;2155;285;3821;2433;1376;299;3777;793;1779;3136;2738;4286;394;3940;1633,16,247491,,10,1.0,1.0
faiss-flat,0,92,2663;2203;4046;2654;4868;118;4168;3665;491;2432;4477;3544;2241;3302;918;2405,16,255633,,10,1.0,1.0
faiss-flat,0,93,3006;2270;869;3281;4361;1561;79;2387;947;914;2849;1781;1703;2165;4945;1615,16,233250,,10,1.0,1.0
faiss-flat,0,94,3949;1114;2854;2599;760;4155;1447;372;4389;2005;3075;2787;4601;2953;1589;2985,16,250546,,10,1.0,1.0
faiss-flat,0,95,4593;2939;2971;2059;4270;3934;2523;2837;4740;3465;2957;4022;4914;3565;2299;4920,16,233260,,10,1.0,1.0
faiss-flat,0,96,3616;2459;3413;2214;1601;4308;4716;1664;1301;1921;4051;2313;1435;2163;4450;2334,16,246720,,10,1.0,1.0
faiss-flat,0,97,3890;2173;1106;4106;3833;2573;4773;3481;1783;3705;1357;3099;1883;1744;1102;2943,16,230466,,10,1.0,1.0
faiss-flat,0,98,259;4894;215;2335;47;4705;3900;2745;4629;2531;2127;2712;554;1258;2129;3029,16,247832,,10,1.0,1.0
faiss-flat,0,99,4759;3062;2025;3853;2765;4974;13;2079;981;1024;3059;3104;3086;1796;3480;3515,16,236125,,10,1.0,1.0
faiss-flat,0,100,899;4763;4581;2911;2393;3410;485;4967;2061;3424;975;2629;291;1853;3788;2752,16,249094,,10,1.0,1.0
faiss-flat,0,101,2259;1749;2720;4392;1827;2035;3298;1092;4926;2323;3938;3977;2069;3757;1019;2007,16,231497,,10,1.0,1.0
faiss-flat,0,102,2665;3415;3179;2435;4558;1086;2077;4516;4494;2569;3133;2039;3662;3615;1303;4177,16,247572,,10,1.0,1.0
faiss-flat,0,103,1005;4966;865;2853;473;2033;69;2170;111;170;1049;3531;737;2099;1043;1759,16,230466,,10,1.0,1.0
faiss-flat,0,104,3579;142;2153;960;823;3201;1959;2975;1598;4917;959;2415;3446;4605;3628;1977,16,245028,,10,1.0,1.0
faiss-flat,0,105,339;2863;3574;4672;173;2;1159;2563;89;986;4083;3449;1955;2741;277;2685,16,227932,,10,1.0,1.0
faiss-flat,0,106,4947;256;3245;1975;3438;4766;661;1755;3706;2518;1139;3749;2725;856;340;4080,16,243495,,10,1.0,1.0
faiss-flat,0,107,2601;4213;2922;2976;4146;530;3447;3491;970;1811;1857;2456;3158;4732;758;1782,16,227911,,10,1.0,1.0
faiss-flat,0,108,4117;1382;3849;3901;3962;2231;381;4569;820;598;464;4086;481;980;305;2891,16,243735,,10,1.0,1.0
faiss-flat,0,109,1735;4081;2910;3492;1807;2078;4299;2363;2141;2836;2058;4069;4733;4980;366;4976,16,227662,,10,1.0,1.0
faiss-flat,0,110,2377;1931;728;4239;409;2233;2291;3611;3926;2073;4877;3596;3165;2137;347;2783,16,248162,,10,1.0,1.0
faiss-flat,0,111,349;3875;2840;3587;1658;4043;1823;1855;3868;4110;4222;4211;515;782;3109;2956,16,225669,,10,1.0,1.0
faiss-flat,0,112,1813;4195;241;2547;2567;1654;3684;52;1767;2154;2003;4779;2067;4321;1297;2463,16,355393,,10,1.0,1.0
faiss-flat,0,113,2134;1480;406;1080;3349;880;3146;3094;2661;2825;1816;2947;3633;3778;4954;3263,16,247100,,10,1.0,1.0
faiss-flat,0,114,689;3780;4017;4939;1039;2469;2249;2675;240;3713;2848;1204;2889;2983;673;2395,16,249635,,10,1.0,1.0
faiss-flat,0,115,4748;3643;581;2597;3704;3214;4952;3682;942;3316;2717;3401;129;4934;4478;2162,16,232229,,10,1.0,1.0
faiss-flat,0,116,407;904;1875;2002;763;3771;3767;2166;4070;4149;311;3443;1182;2049;2088;4358,16,257316,,10,1.0,1.0
faiss-flat,0,117,2011;282;2147;1528;2422;338;851;1903;2824;1880;911;4632;1253;738;1262;3169,16,235233,,10,1.0,1.0
faiss-flat,0,118,3395;2744;3542;2343;779;4484;1459;4567;3370;4294;11;2575;3561;4008;2015;2740,16,246921,,10,1.0,1.0
faiss-flat,0,119,1454;3911;3650;2385;4630;2679;4892;3063;736;1927;159;3102;3856;4726;2375;2964,16,228843,,10,1.0,1.0
faiss-flat,0,120,4848;2562;1809;4085;2177;2311;398;2495;1592;2625;1943;4174;727;2595;3965;2550,16,252959,,10,1.0,1.0
faiss-flat,0,121,1711;230;1284;88;2909;2499;1969;3239;177;2066;2847;3835;3846;1512;209;2655,16,229715,,10,1.0,1.0
faiss-flat,0,122,2645;396;2726;2063;3861;1060;4273;4633;2800;2194;2902;1248;3981;4210;3024;1983,16,248483,,10,1.0,1.0
faiss-flat,0,123,4777;2197;4064;3722;2811;1242;2936;1596;1503;2955;768;4751;1477;3106;1607;2647,16,233671,,10,1.0,1.0
faiss-flat,0,124,355;4501;1267;4928;4071;3554;2763;948;922;2097;4836;4408;247;146;3880;1980,16,248062,,10,1.0,1.0
faiss-flat,0,125,2237;4756;2895;2660;1403;3885;3610;2607;229;4115;3341;3019;3969;4744;1235;2822,16,229735,,10,1.0,1.0
faiss-flat,0,126,1847;1286;4508;4515;4033;2501;5;2747;795;2864;2085;2103;3646;1014;4053;2821,16,252589,,10,1.0,1.0
faiss-flat,0,127,3437;3448;2243;168;690;3886;187;1108;4019;2885;2285;2071;1245;4822;1957;2098,16,282454,,10,1.0,1.0
faiss-flat,0,128,3494;4304;855;4296;3772;2075;2694;2279;599;1062;3221;2278;1695;2381;114;1884,16,253099,,10,1.0,1.0
faiss-flat,0,129,4908;2826;4691;744;33;3984;2659;2191;1307;3991;587;3240;139;4504;1462;4010,16,234773,,10,1.0,1.0
faiss-flat,0,130,4753;3087;4864;4589;1089;4360;4260;2991;385;3027;3557;2321;4394;4084;3631;2819,16,321643,,10,1.0,1.0
faiss-flat,0,131,3978;1200;2968;4528;1238;3435;2407;1892;2245;4337;3858;3117;6;4684;3597;2167,16,284136,,10,1.0,1.0
faiss-flat,0,132,1939;1322;2984;2481;123;2359;2208;228;2158;2326;2667;1392;154;4545;1321;4118,16,251408,,10,1.0,1.0
faiss-flat,0,133,1773;2416;4656;3409;4694;750;2057;4855;3747;3571;1255;2691;3710;2993;3790;2760,16,232328,,10,1.0,1.0
faiss-flat,0,134,1285;1250;3348;132;1131;286;4422;1012;3489;4131;3867;1808;175;2370;859;2577,16,246019,,10,1.0,1.0
faiss-flat,0,135,3639;3151;3834;2268;4133;4615;4983;2794;1069;4560;4878;3025;419;2366;3699;4918,16,234942,,10,1.0,1.0
faiss-flat,0,136,4196;4435;1771;2987;753;670;2833;2361;1736;334;2013;4275;695;2584;982;3674,16,244967,,10,1.0,1.0
faiss-flat,0,137,4023;3603;4130;2743;549;3139;3112;3207;1973;3334;3679;3070;4102;2539;3765;2263,16,265969,,10,1.0,1.0
faiss-flat,0,138,2913;3499;235;1476;3652;4398;2053;3441;105;2253;4765;248;3055;3690;1697;3439,16,283095,,10,1.0,1.0
faiss-flat,0,139,343;4417;3331;4770;447;2941;839;3137;326;3241;1709;3715;424;4961;449;3931,16,250325,,10,1.0,1.0
faiss-flat,0,140,927;4706;2746;4600;3823;1224;608;2378;1981;3454;1249;3663;1215;3154;742;4887,16,267592,,10,1.0,1.0
faiss-flat,0,141,2006;4761;534;2379;4332;110;314;2449;1317;2517;1671;2657;3912;682;3999;2367,16,258418,,10,1.0,1.0
faiss-flat,0,142,2870;216;3830;2713;2201;1490;2135;2791;309;2549;1946;4258;2283;4525;754;364,16,251688,,10,1.0,1.0
faiss-flat,0,143,827;2874;2090;3897;2143;3927;2829;2671;2804;3865;1621;3072;4592;3497;3114;2351,16,228613,,10,1.0,1.0
faiss-flat,0,144,3362;3562;495;828;4644;1554;3759;2639;1486;1958;3812;3385;2276;802;4482;3549,16,245027,,10,1.0,1.0
faiss-flat,0,145,3039;740;1335;1560;3304;3119;3905;1900;1337;4252;878;3700;4453;4893;3452;844,16,225258,,10,1.0,1.0
faiss-flat,0,146,3265;3805;2585;3296;778;3267;1565;2477;269;1496;1594;1408;2616;2912;1733;2855,16,244236,,10,1.0,1.0
faiss-flat,0,147,4747;3894;3017;4815;4861;1256;2054;3127;2320;4433;735;204;2339;4162;488;4375,16,227592,,10,1.0,1.0
faiss-flat,0,148,2072;2487;3753;4755;1887;4955;4862;2839;1745;2503;3421;2411;800;2470;3131;4906,16,243115,,10,1.0,1.0
faiss-flat,0,149,260;4708;3150;2877;1078;4028;3404;2689;2472;2749;2553;3683;1053;3440;373;3167,16,250456,,10,1.0,1.0
faiss-flat,0,150,4182;1754;2257;1888;1001;3701;861;2935;1384;3539;1799;3309;3015;1314;1093;3431,16,245629,,10,1.0,1.0
faiss-flat,0,151,190;420;2664;2455;281;558;4462;4497;4058;1410;3350;4405;3462;1630;3670;4975,16,228192,,10,1.0,1.0
faiss-flat,0,152,2695;4457;3569;56;4586;1750;1840;4135;2429;4256;3291;3536;2886;294;350;4824,16,241863,,10,1.0,1.0
faiss-flat,0,153,4840;3375;2832;440;2065;3135;1785;1500;1815;2961;3952;2408;570;2817;932;3511,16,224627,,10,1.0,1.0
faiss-flat,0,154,3529;4787;559;1860;4289;1206;1306;2148;1672;2785;233;3605;441;4124;145;2860,16,246049,,10,1.0,1.0
faiss-flat,0,155,4590;2728;2461;2521;1407;2050;2318;2775;2043;4749;3925;3801;2089;3434;87;4758,16,227441,,10,1.0,1.0
faiss-flat,0,156,4837;106;2327;1232;3285;3954;423;1428;4713;4121;1945;4845;575;730;2970;4546,16,247401,,10,1.0,1.0
faiss-flat,0,157,4269;866;4262;4307;2591;1510;48;3658;1067;2589;231;4863;3259;4429;645;4418,16,225818,,10,1.0,1.0
faiss-flat,0,158,943;3694;2125;2603;4800;4206;3013;1132;3917;3647;655;1272;2479;4941;3500;4015,16,244106,,10,1.0,1.0
faiss-flat,0,159,3177;3183;2568;2594;2781;4353;2447;3155;3517;696;1147;3043;4858;2418;1;3199,16,236835,,10,1.0,1.0
faiss-flat,0,160,633;4145;1350;4027;628;2934;3163;180;4730;2963;4771;3085;4808;4318;1369;4775,16,247080,,10,1.0,1.0
faiss-flat,0,161,4229;1276;2042;4865;4185;3390;1157;4658;3283;3347;565;2715;3038;3947;3203;3231,16,232780,,10,1.0,1.0
faiss-flat,0,162,1831;3205;3073;2504;117;1296;4073;3227;1355;3381;2082;4620;2399;1148;426;3161,16,249334,,10,1.0,1.0
faiss-flat,0,163,4371;2314;4950;4583;3601;4793;2225;3889;3508;2965;4743;4148;3192;4647;431;2631,16,206199,,10,1.0,1.0
faiss-flat,0,164,3651;4717;1283;4100;3257;548;4562;2831;2369;148;3930;4513;425;4297;1603;3315,16,243235,,10,1.0,1.0
faiss-flat,0,165,3848;236;2064;3217;935;2773;3436;2999;2303;2949;2206;1488;3250;3871;2441;4768,16,231267,,10,1.0,1.0
faiss-flat,0,166,2277;4314;1213;3253;2731;2296;4851;3219;51;2182;1849;3194;815;2138;912;1772,16,244847,,10,1.0,1.0
faiss-flat,0,167,2721;3543;1605;468;3546;1202;4056;276;3973;2928;1293;4964;4036;4141;3470;3695,16,230516,,10,1.0,1.0
faiss-flat,0,168,38;4876;1739;4579;1328;3319;819;2789;3427;2888;1344;4915;1851;934;1199;2188,16,243335,,10,1.0,1.0
faiss-flat,0,169,1930;4136;1537;3485;1169;1270;3910;2814;4368;1208;1115;3279;4769;1640;4227;3399,16,233200,,10,1.0,1.0
faiss-flat,0,170,2528;930;2446;4852;2228;3535;2485;3031;4059;1706;3466;3168;4465;2900;3080;316,16,251077,,10,1.0,1.0
faiss-flat,0,171,1027;34;1846;3081;4682;1162;2883;1820;2349;4365;1406;4663;4637;1998;1171;2759,16,229194,,10,1.0,1.0
faiss-flat,0,172,4249;3814;3907;4287;583;2730;3877;4597;2641;3843;4890;3143;4762;4825;4806;4293,16,242443,,10,1.0,1.0
faiss-flat,0,173,1534;4801;3416;344;3384;358;2181;2843;838;1872;2010;4933;1669;386;2682;2919,16,235613,,10,1.0,1.0
faiss-flat,0,174,1990;2062;3950;3793;3916;4325;3327;4173;954;3186;2653;3419;1110;4830;979;2236,16,244847,,10,1.0,1.0
faiss-flat,0,175,318;2238;4982;2452;2044;4077;1508;3218;1002;296;3702;852;1675;1498;3703;2871,16,229074,,10,1.0,1.0
faiss-flat,0,176,3047;3142;2686;3323;2859;2882;1548;2020;4386;4736;2602;4179;3269;2923;4424;3899,16,247121,,10,1.0,1.0
faiss-flat,0,177,2169;2768;662;4411;1478;3234;1109;4791;4205;2969;2038;2300;295;3510;576;2867,16,235784,,10,1.0,1.0
faiss-flat,0,178,1191;1130;2513;4005;2593;252;4377;4566;4764;3811;579;3819;3553;1726;312;908,16,243565,,10,1.0,1.0
faiss-flat,0,179,4738;1090;2959;2879;1881;3278;222;44;4996;2336;4123;4460;1504;4645;2008;3093,16,233150,,10,1.0,1.0
faiss-flat,0,180,2192;1902;1964;4463;3512;2698;3719;4335;2142;4654;1727;3095;652;3232;2511;860,16,244146,,10,1.0,1.0
faiss-flat,0,181,3876;4505;509;1520;574;3123;2402;3299;2403;1246;399;1336;2901;3873;1582;3243,16,226520,,10,1.0,1.0
faiss-flat,0,182,1742;1926;484;1648;3408;2502;3915;3766;1415;1018;2529;4636;4810;4065;709;4327,16,241662,,10,1.0,1.0
faiss-flat,0,183,4675;3054;4792;3609;3223;1334;3576;4774;3145;2144;2096;1608;4454;3128;847;4702,16,225909,,10,1.0,1.0
faiss-flat,0,184,848;746;3191;732;3751;3581;771;3023;691;462;2448;1100;2903;4156;1647;4741,16,267241,,10,1.0,1.0
faiss-flat,0,185,2510;4693;519;1876;2648;422;1413;3855;3071;3103;592;3229;2120;1038;2856;876,16,232319,,10,1.0,1.0
faiss-flat,0,186,3919;2266;3570;4355;1349;4209;4521;3111;1010;1766;4488;4919;3720;376;1877;1532,16,242173,,10,1.0,1.0
faiss-flat,0,187,3110;450;2431;1752;745;3630;3442;3455;1917;2392;3400;936;1886;1566;1719;3863,16,233391,,10,1.0,1.0
faiss-flat,0,188,2927;654;898;3968;107;4207;2384;452;3808;2586;985;368;1509;2232;1423;892,16,240601,,10,1.0,1.0
faiss-flat,0,189,1425;448;2187;2500;3948;1468;3509;4476;1625;3862;3036;4750;596;1914;894;3367,16,228843,,10,1.0,1.0
faiss-flat,0,190,2735;2174;4519;392;786;3193;315;3879;402;4498;3594;3675;984;1542;1446;4962,16,249024,,10,1.0,1.0
faiss-flat,0,191,2360;3211;4826;3785;1429;3200;3717;4690;642;2272;2419;4186;2037;1426;4884;4461,16,227041,,10,1.0,1.0
faiss-flat,0,192,3078;3841;2497;3428;3430;4899;2260;3403;357;3171;203;3270;306;1240;1461;3723,16,243085,,10,1.0,1.0
faiss-flat,0,193,867;4467;3922;4752;577;3578;2105;3625;4540;766;3928;3357;4595;2546;1632;4440,16,235884,,10,1.0,1.0
faiss-flat,0,194,2287;1602;2274;3032;926;4524;3126;4291;692;2282;755;3295;2210;1444;3734;4265,16,241903,,10,1.0,1.0
faiss-flat,0,195,4039;650;734;1716;3022;3333;1586;3405;400;3929;517;3671;4409;186;3091;1388,16,228603,,10,1.0,1.0
faiss-flat,0,196,2427;3147;3732;1320;1499;3606;2450;4;2887;198;4455;1412;4194;4782;3626;2684,16,250205,,10,1.0,1.0
faiss-flat,0,197,3898;902;1674;3575;968;3803;477;3585;3591;3303;1563;4244;371;18;3874;4783,16,227431,,10,1.0,1.0
faiss-flat,0,198,3963;3247;197;4423;3697;4889;2289;2932;3358;3453;723;4066;3956;1354;1057;1420,16,257817,,10,1.0,1.0
faiss-flat,0,199,1937;4613;594;528;4860;3645;2195;2308;389;218;4536;3634;2850;3225;4670;3339,16,231838,,10,1.0,1.0
faiss-flat,0,200,3669;3840;1966;4778;1160;54;1889;3768;3293;2342;609;756;3337;2160;3845;4511,16,243676,,10,1.0,1.0
faiss-flat,0,201,429;720;3902;3277;837;3673;1030;4261;885;1970;4957;1236;939;2696;4995;3618,16,247091,,10,1.0,1.0
faiss-flat,0,202,3433;1494;2690;1616;958;1552;2467;3559;3003;2190;1352;4191;2751;4432;435;4829,16,225548,,10,1.0,1.0
faiss-flat,0,203,611;4466;96;2168;4946;4279;4886;2892;1522;4444;4897;4699;1718;2750;3818;3463,16,245268,,10,1.0,1.0
faiss-flat,0,204,2672;4985;1083;2796;4091;1006;1760;3738;1866;2014;1569;3088;1427;1308;834;4399,16,229144,,10,1.0,1.0
faiss-flat,0,205,578;3985;3850;3589;1842;3600;2490;3503;1046;3798;1538;3681;1523;4183;3824;4527,16,252569,,10,1.0,1.0
faiss-flat,0,206,1064;310;206;4280;3786;3188;1941;3551;2498;630;3098;4657;752;3660;2451;3407,16,208633,,10,1.0,1.0
faiss-flat,0,207,3301;3825;68;1724;1871;3060;539;3791;383;2202;1299;796;625;716;2157;3547,16,255203,,10,1.0,1.0
faiss-flat,0,208,4412;102;2587;3739;4276;50;2778;3467;2799;3042;72;3583;342;3613;555;3664,16,231508,,10,1.0,1.0
faiss-flat,0,209,808;3369;2205;2248;1710;4611;1989;2356;3538;4301;621;4683;990;1268;2905;1612,16,245428,,10,1.0,1.0
faiss-flat,0,210,3737;3076;2041;3459;1578;3869;3770;3537;2845;694;937;3044;1909;24;537;2284,16,228092,,10,1.0,1.0
faiss-flat,0,211,377;3523;1251;3764;1775;3789;3311;3667;163;2944;2439;916;4401;1434;1688;3607,16,243586,,10,1.0,1.0
faiss-flat,0,212,602;1364;4310;1976;3829;414;4518;4331;1591;4403;3661;540;562;4303;390;4786,16,208052,,10,1.0,1.0
faiss-flat,0,213,1549;1896;1118;2476;1104;1066;1345;4373;1984;2354;3477;176;3725;4653;646;3567,16,228773,,10,1.0,1.0
faiss-flat,0,214,2551;2614;1008;3276;4547;3294;951;4491;4646;2226;3802;4349;2527;4040;446;3689,16,204127,,10,1.0,1.0
faiss-flat,0,215,1390;2196;367;1540;4608;4456;1359;3693;4076;4922;3361;4061;3286;4357;1074;4721,16,226760,,10,1.0,1.0
faiss-flat,0,216,2699;3402;2298;3479;1280;2834;1747;3471;2000;1904;805;612;255;3943;375;4219,16,227201,,10,1.0,1.0
faiss-flat,0,217,1864;1172;1991;4144;4395;950;2619;3993;4171;4734;3474;4619;4442;2004;3558;2444,16,229835,,10,1.0,1.0
faiss-flat,0,218,2812;1826;483;3555;1116;4784;4184;4838;4235;4290;2670;1712;3041;3340;774;2572,16,229985,,10,1.0,1.0
faiss-flat,0,219,4322;1184;785;1396;467;3847;4161;4623;1850;4970;666;3807;3913;4827;387;3686,16,230225,,10,1.0,1.0
faiss-flat,0,220,2368;1214;2347;264;30;4105;2488;3735;4021;2986;783;1928;877;2844;1264;3420,16,213351,,10,1.0,1.0
faiss-flat,0,221,1768;4278;790;2884;4668;3206;2454;2396;2475;64;4176;4223;3338;2374;2106;460,16,233561,,10,1.0,1.0
faiss-flat,0,222,3678;2012;2650;4523;4125;1378;2982;3959;138;2592;2357;2052;969;2958;3487;1292,16,209063,,10,1.0,1.0
faiss-flat,0,223,91;458;4602;3560;442;1326;2797;4055;3958;4050;3903;4943;1659;910;767;3827,16,229033,,10,1.0,1.0
faiss-flat,0,224,1968;3619;4221;3939;3391;3742;1315;3284;3325;2410;2869;2788;3057;3964;595;2492,16,219049,,10,1.0,1.0
faiss-flat,0,225,4715;1584;809;1120;234;3769;3149;3727;4134;1244;4573;1380;3335;1458;70;3677,16,225428,,10,1.0,1.0
faiss-flat,0,226,3593;550;3411;2852;2581;1274;4814;4087;3096;4635;2341;3992;4475;4003;3236;4380,16,234592,,10,1.0,1.0
faiss-flat,0,227,220;4981;4707;1836;651;98;4119;4669;3530;1642;3960;2868;2762;2770;3082;4127,16,241743,,10,1.0,1.0
faiss-flat,0,228,3904;2722;363;588;461;3498;1065;1004;1117;842;1668;3196;3629;2352;3844;3842,16,220781,,10,1.0,1.0
faiss-flat,0,229,1740;2376;1693;1628;2146;2862;4163;4295;336;1660;2247;3987;2634;4139;2425;3468,16,222414,,10,1.0,1.0
faiss-flat,0,230,57;4549;2255;3831;614;2358;3308;4215;2468;4883;2784;292;4143;3488;2914;3711,16,210045,,10,1.0,1.0
faiss-flat,0,231,3644;978;4224;1440;3921;1052;80;708;3528;798;162;3444;1465;3030;250;4817,16,228202,,10,1.0,1.0
faiss-flat,0,232,155;952;938;1360;4987;826;4991;2940;2122;1218;2543;3967;65;4869;4486;3787,16,205749,,10,1.0,1.0
faiss-flat,0,233,2223;1786;1891;4813;2199;90;4924;4973;3037;194;4079;4990;2437;2808;2704;3839,16,249394,,10,1.0,1.0
faiss-flat,0,234,4363;1936;4938;108;2462;1452;2946;3859;149;1798;1379;2820;3995;1422;1125;1228,16,238698,,10,1.0,1.0
faiss-flat,0,235,1728;2718;1405;2560;4849;522;3255;4093;4507;4609;1539;4383;1953;1762;4948;2988,16,250246,,10,1.0,1.0
faiss-flat,0,236,4016;2598;1858;4343;2519;638;2810;2772;967;944;1529;3935;2338;1126;4240;1084,16,237557,,10,1.0,1.0
faiss-flat,0,237,3178;4464;4097;3056;28;3074;1918;3909;1304;2754;538;1028;3374;1294;4384;3951,16,248723,,10,1.0,1.0
faiss-flat,0,238,3640;4122;1791;4407;4514;3548;3657;4101;854;4255;2534;2032;1673;516;2119;4095,16,207101,,10,1.0,1.0
faiss-flat,0,239,126;2680;121;4421;4448;1456;2185;4746;3656;374;1913;996;992;3990;3955;4159,16,226249,,10,1.0,1.0
faiss-flat,0,240,3048;3534;3887;4114;1233;4298;3394;3975;59;680;1009;4772;1573;2350;2107;1020,16,229084,,10,1.0,1.0
faiss-flat,0,241,1197;3490;4438;3612;3198;2638;1054;4089;39;1814;801;3971;635;1638;1729;4680,16,245879,,10,1.0,1.0
faiss-flat,0,242,1845;2254;4338;2016;1805;2246;3795;436;379;4013;2036;1920;2280;3923;4445;620,16,228803,,10,1.0,1.0
faiss-flat,0,243,1493;2180;2218;4323;4285;4151;3524;4965;150;284;843;940;2906;1216;4103;4799,16,241272,,10,1.0,1.0
faiss-flat,0,244,3976;2846;3343;1056;1501;2508;1190;4231;2552;4340;2179;3532;657;1908;4664;1340,16,226019,,10,1.0,1.0
faiss-flat,0,245,637;200;1971;160;4522;4940;560;4805;2055;1680;2126;2324;1521;3957;1682;3244,16,228914,,10,1.0,1.0
faiss-flat,0,246,3138;418;1302;4555;1734;3784;1079;4351;4324;1934;4828;1464;2774;4510;1764;4895,16,209344,,10,1.0,1.0
faiss-flat,0,247,966;2346;3729;456;4904;2702;270;1556;2273;2786;4485;1544;1982;748;4153;4479,16,230256,,10,1.0,1.0
faiss-flat,0,248,3632;1722;4910;4113;3153;974;551;4075;991;4885;365;3264;453;3870;1769;4410,16,220471,,10,1.0,1.0
faiss-flat,0,249,3280;1942;4650;964;280;4074;2164;388;1776;1788;15;1128;544;1450;1690;4655,16,243586,,10,1.0,1.0
faiss-flat,0,250,100;2536;2945;4625;4158;4067;1867;4473;3937;2656;2545;196;3313;1166;2565;4047,16,225658,,10,1.0,1.0
faiss-flat,0,251,3097;3946;3090;580;1451;3450;1557;4903;489;4737;589;4090;2827;1088;4988;2668,16,230666,,10,1.0,1.0
faiss-flat,0,252,613;3108;2442;4677;2305;4811;3763;4147;3838;4000;1956;872;787;1986;271;4449,16,219400,,10,1.0,1.0
faiss-flat,0,253,1261;4661;2022;2424;3941;648;1536;1316;2693;2858;393;2184;615;2328;7;2924,16,254853,,10,1.0,1.0
faiss-flat,0,254,2386;212;1784;568;1792;3936;1861;4272;99;804;1822;2116;4627;2708;714;684,16,230866,,10,1.0,1.0
faiss-flat,0,255,2159;4098;4604;3288;130;2394;4487;2716;3979;2540;1252;152;3743;3068;3035;3116,16,242815,,10,1.0,1.0
faiss-flat,0,256,2436;1338;2430;1312;4662;4871;3792;884;4038;3970;3945;3300;2705;4499;2115;2428,16,212989,,10,1.0,1.0
faiss-flat,0,257,410;104;3556;120;4029;806;3624;3996;1507;4054;210;4909;4687;3622;1400;4735,16,247010,,10,1.0,1.0
faiss-flat,0,258,227;2780;3010;1960;3721;258;4607;4242;1094;4400;3215;4167;1149;4785;1564;3372,16,228352,,10,1.0,1.0
faiss-flat,0,259,3505;214;849;3740;3961;1146;1287;1692;3144;668;4891;4443;1650;4138;707;4789,16,223796,,10,1.0,1.0
faiss-flat,0,260,4282;4271;3412;4342;267;3750;1341;4959;4960;4336;302;3252;2687;2604;3387;3836,16,227882,,10,1.0,1.0
faiss-flat,0,261,4111;2666;3748;2312;1513;3804;719;1732;2805;2926;4797;2024;4802;1738;3799;524,16,249765,,10,1.0,1.0
faiss-flat,0,262,2491;1524;3577;1368;3009;1856;1439;4695;822;3356;2646;2896;4470;328;3209;1852,16,227251,,10,1.0,1.0
faiss-flat,0,263,486;290;3100;672;1035;1614;321;1652;451;2230;2290;1516;4232;3346;2371;4927,16,241442,,10,1.0,1.0
faiss-flat,0,264,674;1170;55;3796;2239;1070;557;332;3120;116;4216;1780;3251;2530;791;2652,16,246811,,10,1.0,1.0
faiss-flat,0,265,85;4599;4362;4451;4648;2904;3817;4503;4788;2994;2522;664;3473;2026;1987;4415,16,246750,,10,1.0,1.0
faiss-flat,0,266,4925;3464;4639;2404;3380;4696;671;2996;535;4703;157;4436;192;122;1331;2828,16,229995,,10,1.0,1.0
faiss-flat,0,267,2364;1890;4309;1164;3249;4315;4031;4533;2372;3426;1854;2056;4776;858;3507;4367,16,249024,,10,1.0,1.0
faiss-flat,0,268,2798;2930;1610;4517;4439;4495;3132;1572;3377;1424;1342;2440;352;136;3322;1756,16,245979,,10,1.0,1.0
faiss-flat,0,269,2544;4698;1386;1140;2777;1606;1613;3908;1587;2950;3195;3228;4328;2516;2758;3020,16,233651,,10,1.0,1.0
faiss-flat,0,270,1105;4200;4254;780;2293;4823;53;2700;356;1158;4576;4999;22;1848;27;1372,16,236796,,10,1.0,1.0
faiss-flat,0,271,2674;4096;4532;4004;3124;3806;308;1436;4685;2186;4137;656;2570;4154;439;4575,16,230966,,10,1.0,1.0
faiss-flat,0,272,2060;1952;1751;4490;4259;378;2095;4348;2701;3692;4241;1996;4082;4459;2815;3884,16,233801,,10,1.0,1.0
faiss-flat,0,273,4228;4078;1519;2692;2803;4831;729;4795;3685;2816;4350;2104;4007;4729;831;3756,16,259099,,10,1.0,1.0
faiss-flat,0,274,1707;3282;3429;1032;4277;2736;1033;2620;1705;3248;4406;700;3623;3522;4441;4587,16,256394,,10,1.0,1.0
faiss-flat,0,275,4012;816;1075;2632;4006;3592;3944;924;1704;1530;4667;4481;683;4520;4596;2412,16,267922,,10,1.0,1.0
faiss-flat,0,276,4388;164;3359;3568;4842;4543;4541;2948;542;2678;2830;1912;2967;4556;3794;2140,16,243616,,10,1.0,1.0
faiss-flat,0,277,3222;4681;1559;4236;644;4104;1828;2340;4538;4989;1087;4628;2782;2512;161;4997,16,248963,,10,1.0,1.0
faiss-flat,0,278,2755;956;552;2524;4529;4905;2880;3172;4217;1806;504;1460;2080;4092;1000;4300,16,245588,,10,1.0,1.0
faiss-flat,0,279,1972;882;770;1288;2027;1844;380;4108;94;3148;3822;3028;3383;4434;505;2220,16,249945,,10,1.0,1.0
faiss-flat,0,280,2742;4757;1770;3184;2733;4857;75;1332;1843;438;4437;4963;345;2578;1259;2332,16,240370,,10,1.0,1.0
faiss-flat,0,281,3828;2908;4126;2288;4208;2458;1803;3932;2841;4190;1535;500;1269;794;2732;1644,16,228974,,10,1.0,1.0
faiss-flat,0,282,2267;1144;4971;408;3423;244;3389;724;3648;1472;2331;36;4225;298;2977;2764,16,237756,,10,1.0,1.0
faiss-flat,0,283,2806;2596;3382;3268;4554;2484;1195;4867;4603;2322;4246;4376;2076;184;1593;2092,16,237476,,10,1.0,1.0
faiss-flat,0,284,797;566;2535;788;3655;4564;2890;1868;751;4671;2329;508;514;586;2942;4140,16,236485,,10,1.0,1.0
faiss-flat,0,285,3906;4372;1558;3920;1604;4472;4986;868;3668;412;3762;3708;1271;2114;931;556,16,237356,,10,1.0,1.0
faiss-flat,0,286,4180;2406;706;112;362;4942;2769;532;482;2178;4674;1356;4834;20;455;2108,16,247401,,10,1.0,1.0
faiss-flat,0,287,224;1882;83;4160;905;3608;174;1156;0;3514;4550;4935;1327;2990;172;1580,16,247912,,10,1.0,1.0
faiss-flat,0,288,769;2292;2878;3208;2297;3882;3736;4725;2709;2766;262;792;4548;2538;3118;1708,16,283456,,10,1.0,1.0
faiss-flat,0,289,4034;128;1666;3064;600;1026;4226;4843;472;4870;2818;156;1620;2564;3892;4839,16,236646,,10,1.0,1.0
faiss-flat,0,290,205;2972;4099;3272;733;124;333;3364;4257;4402;4617;900;4913;4142;2388;4727,16,235163,,10,1.0,1.0
faiss-flat,0,291,3621;3216;4425;4088;2048;2992;3049;636;634;2866;591;4911;2875;4352;507;3180,16,234171,,10,1.0,1.0
faiss-flat,0,292,2009;3034;4881;2252;337;3376;182;4731;2028;3262;2117;1300;2355;1040;1567;188,16,266480,,10,1.0,1.0
faiss-flat,0,293,3837;3584;3891;2040;4534;890;3914;404;3744;1222;78;480;4841;1178;3271;3052,16,251087,,10,1.0,1.0
faiss-flat,0,294,2637;1298;3653;920;4344;354;1437;4292;810;840;3332;4204;1473;632;2183;4879,16,252048,,10,1.0,1.0
faiss-flat,0,295,208;812;3564;3776;669;3460;4245;3852;4622;3046;2626;4993;62;4480;4193;1196,16,249104,,10,1.0,1.0
faiss-flat,0,296,66;26;3755;2608;2881;988;1793;1916;2161;3066;3895;4044;928;526;3635;4428,16,252479,,10,1.0,1.0
faiss-flat,0,297,1804;832;4832;1748;1022;2264;3469;4835;1385;2434;1416;864;3493;1418;3058;4268,16,249474,,10,1.0,1.0
faiss-flat,0,298,140;2304;4283;3156;1656;4170;3157;572;29;3572;4203;4068;3974;1124;1442;1932,16,234532,,10,1.0,1.0
faiss-flat,0,299,4846;1484;2460;3360;1143;1068;1950;2172;1506;3782;1624;1324;183;3688;3533;2156,16,216555,,10,1.0,1.0
faiss-flat,0,300,4302;4833;3125;4660;2409;3476;1273;444;1720;2486;219;1600;2400;564;3185;1212,16,206670,,10,1.0,1.0
faiss-flat,0,301,1515;4606;2894;676;303;4944;3519;836;4366;2474;3620;324;4378;4901;3649;492,16,203395,,10,1.0,1.0
faiss-flat,0,302,4312;1948;953;2204;4057;4230;4798;972;2302;3226;4094;2612;4998;4720;2128;1676,16,230005,,10,1.0,1.0
faiss-flat,0,303,2217;3152;3972;3800;3363;2974;4192;4951;2611;2070;4489;4188;903;1138;2391;4396,16,227932,,10,1.0,1.0
faiss-flat,0,304,3067;2724;3733;3140;3552;3696;2102;3084;1154;2714;2734;384;2931;1134;3728;3004,16,237416,,10,1.0,1.0
faiss-flat,0,305,1753;660;3197;604;1220;3166;4652;60;4531;2390;4701;784;1562;4014;1863;428,16,231948,,10,1.0,1.0
faiss-flat,0,306,1662;3602;434;1016;2933;300;4812;2100;1835;1678;2719;16;397;4220;1150;3292,16,232599,,10,1.0,1.0
faiss-flat,0,307,520;1188;1025;3588;1631;710;2623;1588;3107;3718;360;2960;3486;2086;1925;2348,16,240340,,10,1.0,1.0
faiss-flat,0,308,416;1568;2139;2600;1824;1492;3305;2580;1111;4212;1050;2876;2978;518;2216;2748,16,233190,,10,1.0,1.0
faiss-flat,0,309,166;3590;4281;3604;925;4356;127;4977;2771;4284;4820;76;3398;266;1700;268,16,232639,,10,1.0,1.0
faiss-flat,0,310,1677;1168;2588;1036;40;3966;3237;476;1978;4718;4907;4624;3000;4688;2310;4172,16,235744,,10,1.0,1.0
faiss-flat,0,311,2271;1988;2227;3176;2091;712;584;12;1758;1834;4420;2624;2533;870;304;4780,16,228052,,10,1.0,1.0
faiss-flat,0,312,178;2756;1517;2112;965;3820;4900;2380,8,146900,,10,1.0,1.0
faiss-flat,1,0,914;4898;2504;2466;2222;1852;1082;958;3080;2655;4314;3984;58;4652;562;294,16,217507,,10,1.0,1.0
faiss-flat,1,1,3026;2646;1364;1504;1766;1690;2108;158;4086;652;358;1986;490;78;918;4774,16,214261,,10,1.0,1.0
faiss-flat,1,2,406;2632;1090;530;40;272;70;3354;240;1873;182;1724;4198;1402;60;2084,16,209004,,10,1.0,1.0
faiss-flat,1,3,1760;2302;1778;312;4482;1018;2853;2406;1696;4030;144;1346;4454;1206;3064;2146,16,227442,,10,1.0,1.0
faiss-flat,1,4,434;4536;2024;2461;1060;3352;474;362;4296;1850;3698;1603;1728;1540;2032;190,16,229875,,10,1.0,1.0
faiss-flat,1,5,56;4194;3858;3632;806;2104;2006;3368;140;1830;48;3695;1516;1010;2662;4902,16,211798,,10,1.0,1.0
faiss-flat,1,6,334;1864;74;4282;4090;544;1138;732;638;4245;1272;1190;4852;526;84;2980,16,230977,,10,1.0,1.0
faiss-flat,1,7,1636;4068;1614;916;492;4610;1198;278;3028;254;1202;780;3038;4595;1336;1066,16,231898,,10,1.0,1.0
faiss-flat,1,8,1856;232;234;212;3;4397;963;4022;2490;680;1330;1610;16;320;868;1819,16,217025,,10,1.0,1.0
faiss-flat,1,9,620;4606;194;4677;2744;1171;2778;226;1058;1704;4066;568;2736;2916;3152;1280,16,226279,,10,1.0,1.0
faiss-flat,1,10,100;781;1458;3696;3254;1170;1642;258;1348;2259;1100;230;132;994;134;942,16,237116,,10,1.0,1.0
faiss-flat,1,11,788;206;304;3898;3322;704;3404;2196;1622;2016;708;1738;2464;2139;682;2984,16,206410,,10,1.0,1.0
faiss-flat,1,12,422;408;448;4372;824;4205;552;4592;30;830;2422;1842;1274;2954;1740;227,16,231708,,10,1.0,1.0
faiss-flat,1,13,4946;4932;3880;264;2820;1236;50;3103;2320;4266;4582;3508;28;3397;4600;311,16,227932,,10,1.0,1.0
faiss-flat,1,14,3022;3344;344;1130;1110;2342;3472;1580;2296;2269;2798;1042;306;1248;1606;2710,16,216385,,10,1.0,1.0
faiss-flat,1,15,4076;1486;4424;2906;54;310;354;1118;4878;604;4908;4416;324;1730;218;3128,16,230185,,10,1.0,1.0
faiss-flat,1,16,314;538;2346;2354;1240;4509;2910;2216;2264;2866;494;2312;1900;380;86;2034,16,228523,,10,1.0,1.0
faiss-flat,1,17,2442;219;4920;3768;468;1574;148;3666;4176;1168;4782;515;416;211;4837;4812,16,222374,,10,1.0,1.0
faiss-flat,1,18,98;3172;444;350;26;390;3044;898;152;978;728;3668;1906;1649;424;2159,16,214352,,10,1.0,1.0
faiss-flat,1,19,559;736;520;3680;758;1672;1602;924;2674;764;839;2723;4272;2992;1288;3584,16,203075,,10,1.0,1.0
faiss-flat,1,20,2060;3914;300;3384;713;774;228;3820;1046;4683;906;4298;2276;3486;486;815,16,231738,,10,1.0,1.0
faiss-flat,1,21,1067;1716;3444;1592;2770;2694;1774;1216;1924;3930;2692;3516;1626;794;1275;2156,16,232619,,10,1.0,1.0
faiss-flat,1,22,2706;4513;1220;459;2676;1803;4126;4088;4886;115;2986;1239;1532;3252;136;2045,16,235253,,10,1.0,1.0
faiss-flat,1,23,3440;4709;62;4712;2588;3778;88;3084;138;319;3348;2936;3989;2690;2314;506,16,227892,,10,1.0,1.0
faiss-flat,1,24,1228;1687;1632;125;4880;2250;2046;1251;172;4754;3198;3234;4490;3800;299;3502,16,229915,,10,1.0,1.0
faiss-flat,1,25,3078;738;340;1480;4720;4620;584;1428;237;205;1498;1158;2784;1368;274;668,16,225248,,10,1.0,1.0
faiss-flat,1,26,3724;844;3517;3934;4967;1732;3224;896;3300;1360;36;4193;3406;1367;382;4599,16,213039,,10,1.0,1.0
faiss-flat,1,27,4749;590;2774;3542;550;2641;114;4528;1723;2978;1870;1679;4140;678;4092;1658,16,210115,,10,1.0,1.0
faiss-flat,1,28,1922;3492;2732;939;46;147;580;1167;4524;43;3721;4750;1868;3974;662;2424,16,208903,,10,1.0,1.0
faiss-flat,1,29,1162;293;168;564;3008;3018;4468;797;4896;3745;1189;4654;2372;1310;8;2550,16,215474,,10,1.0,1.0
faiss-flat,1,30,820;1034;112;1942;1604;3676;1754;1378;1020;207;1781;920;1888;4769;1234;1745,16,231047,,10,1.0,1.0
faiss-flat,1,31,3504;4994;756;1238;286;1096;20;2430;3119;1662;2458;4681;4346;1487;3356;2028,16,231327,,10,1.0,1.0
faiss-flat,1,32,1488;4465;2964;1595;3042;3987;1596;2446;2747;3307;4184;2528;107;1146;4204;1798,16,229654,,10,1.0,1.0
faiss-flat,1,33,2566;792;1166;2096;3450;3317;832;1024;950;4634;922;2920;200;4789;1007;1694,16,226841,,10,1.0,1.0
faiss-flat,1,34,1260;3414;2876;1816;1302;2683;123;2836;4084;4322;1544;1886;1163;1382;2090;3550,16,235223,,10,1.0,1.0
faiss-flat,1,35,4364;644;1296;4169;2460;1477;1454;3350;2224;923;4128;3672;4762;1710;746;4964,16,224466,,10,1.0,1.0
faiss-flat,1,36,2014;1872;4283;4382;1826;2071;554;3429;284;980;4402;4249;2210;495;4278;1571,16,226450,,10,1.0,1.0
faiss-flat,1,37,546;1112;3318;2705;2106;2138;790;1148;1776;2562;557;1450;179;776;726;703,16,213821,,10,1.0,1.0
faiss-flat,1,38,3856;684;4773;2648;1394;2182;730;683;476;1666;2491;2647;514;4903;3803;867,16,233991,,10,1.0,1.0
faiss-flat,1,39,192;583;330;4236;2963;1212;2334;3077;1028;4103;1534;3408;440;3893;512;4796,16,226320,,10,1.0,1.0
faiss-flat,1,40,3220;972;410;2558;651;2469;2987;4034;4688;4215;2915;1706;4134;1116;1824;3413,16,227001,,10,1.0,1.0
faiss-flat,1,41,1654;1545;3296;800;622;1600;4023;2912;104;2938;700;1283;1400;3000;1120;1196,16,219739,,10,1.0,1.0
faiss-flat,1,42,1128;1262;4197;2298;690;623;1478;965;3543;4406;560;1069;991;2486;910;752,16,235644,,10,1.0,1.0
faiss-flat,1,43,1564;4706;2846;2893;1670;1894;423;3582;3328;1011;586;3960;383;4672;2616;895,16,224026,,10,1.0,1.0
faiss-flat,1,44,431;1147;3432;3066;2324;1298;4388;2891;1467;2708;4484;1327;798;2180;535;908,16,227712,,10,1.0,1.0
faiss-flat,1,45,2488;1508;4941;1318;3489;1964;556;1616;3848;3705;4456;2214;2386;1978;6;2251,16,211267,,10,1.0,1.0
faiss-flat,1,46,1181;2741;3565;2507;399;1050;450;929;596;1966;3829;3952;1562;4656;1092;1861,16,236855,,10,1.0,1.0
faiss-flat,1,47,4156;3779;1180;1036;4320;3545;3932;3484;4806;1266;3836;1408;968;1739;2316;2506,16,227211,,10,1.0,1.0
faiss-flat,1,48,3480;1172;242;2283;1098;763;1802;3994;1076;3320;2510;1363;548;4254;1328;3530,16,234652,,10,1.0,1.0
faiss-flat,1,49,2640;3725;94;2830;3986;1469;4710;1271;4260;4038;488;4107;2144;938;436;1351,16,228543,,10,1.0,1.0
faiss-flat,1,50,3741;2425;446;2235;4522;3065;4418;4306;1389;2440;3678;1032;80;2835;810;1698,16,215503,,10,1.0,1.0
faiss-flat,1,51,919;4955;4377;1440;632;3752;10;1030;4268;2080;1434;2539;592;3731;1960;2402,16,205218,,10,1.0,1.0
faiss-flat,1,52,4726;3566;332;3654;4740;2074;883;4862;2418;2267;3894;4056;838;4697;3190;2243,16,208053,,10,1.0,1.0
faiss-flat,1,53,3074;4466;1150;4485;0;3838;4477;4265;2526;1061;4520;995;720;3002;165;1439,16,218828,,10,1.0,1.0
faiss-flat,1,54,1841;1997;3822;1232;2572;966;4624;2574;3656;4356;44;3239;1714;531;3017;4458,16,235083,,10,1.0,1.0
faiss-flat,1,55,1840;1700;2164;4434;1106;3164;1561;1043;4900;2158;180;2420;3264;1003;418;2118,16,230185,,10,1.0,1.0
faiss-flat,1,56,3544;2768;1938;2606;2738;2048;2036;3804;4626;2221;2864;3283;772;315;4588;1231,16,228162,,10,1.0,1.0
faiss-flat,1,57,1838;2375;3276;4109;2878;1512;744;3126;4246;1002;650;952;1890;1541;2481;2480,16,223916,,10,1.0,1.0
faiss-flat,1,58,3886;1059;2200;2007;1349;3824;853;2800;3400;4722;863;4993;1620;223;4284;2428,16,215063,,10,1.0,1.0
faiss-flat,1,59,2612;1447;2695;3256;718;3622;2586;3591;4064;2858;38;2237;1682;2202;3500;1292,16,208863,,10,1.0,1.0
faiss-flat,1,60,4670;231;3048;4285;4112;2762;1154;2850;251;3577;1164;4143;3403;4061;4432;2849,16,217787,,10,1.0,1.0
faiss-flat,1,61,1016;2388;1186;3774;1355;343;2901;2956;1875;543;4734;2903;2981;955;4228;1734,16,205328,,10,1.0,1.0
faiss-flat,1,62,3110;1808;1554;1926;4085;2229;1083;1299;1359;711;1048;3567;1411;1858;260;1578,16,214882,,10,1.0,1.0
faiss-flat,1,63,1818;3098;256;3199;4952;1468;4312;1200;754;3070;984;4106;2804;359;1719;1127,16,208002,,10,1.0,1.0
faiss-flat,1,64,3596;4965;4216;3123;1718;197;3202;1948;77;1459;4514;2661;2348;3059;802;1655,16,212418,,10,1.0,1.0
faiss-flat,1,65,2244;1055;4585;4102;4915;4133;3281;4649;1294;3738;407;1902;2228;1834;2190;4214,16,217607,,10,1.0,1.0
faiss-flat,1,66,4394;3124;4;3940;266;1648;4872;1091;3285;4675;770;1307;2707;593;454;1520,16,211578,,10,1.0,1.0
faiss-flat,1,67,2704;1029;4012;1192;1608;4401;3238;2310;4747;3060;3250;1404;2604;1386;3479;4785,16,208683,,10,1.0,1.0
faiss-flat,1,68,1932;3310;4230;3468;346;4718;92;4865;1499;3302;1035;53;2914;1173;658;1951,16,218467,,10,1.0,1.0
faiss-flat,1,69,482;2326;4956;3351;4916;831;2882;4050;775;795;2232;3159;4001;4300;3341;1375,16,212008,,10,1.0,1.0
faiss-flat,1,70,566;155;1524;3674;3428;4860;812;3728;4080;917;4159;3232;394;1301;347;1584,16,225879,,10,1.0,1.0
faiss-flat,1,71,3802;1667;72;4745;1256;3431;3537;4562;1119;4341;1782;845;4420;1684;3236;1343,16,211928,,10,1.0,1.0
faiss-flat,1,72,3304;3852;1446;1317;1380;1472;643;1276;4189;4220;2542;3203;1892;1551;3605;2958,16,229875,,10,1.0,1.0
faiss-flat,1,73,4962;4966;1218;925;1656;4188;133;2063;2942;2810;2592;2318;116;1372;464;1414,16,228012,,10,1.0,1.0
faiss-flat,1,74,3642;1560;3812;4664;2772;1528;338;201;2219;599;2194;2979;3843;707;4488;1759,16,221662,,10,1.0,1.0
faiss-flat,1,75,4733;3363;624;1410;1939;1390;3826;1575;578;4940;2842;3326;4890;4936;2218;3509,16,225799,,10,1.0,1.0
faiss-flat,1,76,4098;3805;1788;81;3888;1944;1406;1362;95;1949;4238;3776;2066;3757;1132;4150,16,231557,,10,1.0,1.0
faiss-flat,1,77,3580;3409;2686;1441;247;361;594;2638;1208;4539;626;3243;71;2058;677;3593,16,226420,,10,1.0,1.0
faiss-flat,1,78,1552;607;582;2408;3416;2677;428;1403;1230;4804;1438;1692;603;2226;1376;2456,16,242074,,10,1.0,1.0
faiss-flat,1,79,2934;2179;3174;3992;2940;1179;3277;2360;2234;4059;4930;2485;1204;1588;4024;4667,16,208322,,10,1.0,1.0
faiss-flat,1,80,1996;2658;3657;277;4972;1331;630;3685;2288;4899;888;1419;3968;3207;3079;2928,16,209074,,10,1.0,1.0
faiss-flat,1,81,3870;1013;884;2765;1678;1637;3088;2828;4827;3896;611;3860;686;3034;840;1451,16,212428,,10,1.0,1.0
faiss-flat,1,82,4421;4101;379;1431;82;4885;3170;2294;3242;4912;1605;4603;4512;2359;1306;1635,16,212189,,10,1.0,1.0
faiss-flat,1,83,1072;2678;3706;3816;4240;655;2524;1639;714;1490;1638;1456;174;491;3524;3625,16,216245,,10,1.0,1.0
faiss-flat,1,84,2666;1601;3046;4996;4544;2227;2178;2815;280;803;2396;1265;570;2502;2059;2203,16,213250,,10,1.0,1.0
faiss-flat,1,85,760;4576;4433;1621;540;229;3030;3473;2530;3422;1308;2433;59;1418;1702;3782,16,210215,,10,1.0,1.0
faiss-flat,1,86,2890;4210;4489;3875;2831;4206;4717;1871;1008;3132;2564;3957;1436;487;4162;1392,16,213321,,10,1.0,1.0
faiss-flat,1,87,1695;2797;1309;3665;208;1746;4891;2068;455;4093;2680;2076;1796;4808;600;2591,16,247171,,10,1.0,1.0
faiss-flat,1,88,1715;4386;1874;2721;4209;807;3887;1586;1995;3708;2960;4561;63;4871;456;4121,16,229864,,10,1.0,1.0
faiss-flat,1,89,1214;2344;243;3208;835;3390;1429;2215;518;1624;4758;2407;4694;4516;364;4778,16,225328,,10,1.0,1.0
faiss-flat,1,90,3453;4835;4573;837;1304;1661;1152;3240;4584;2712;157;4987;1124;3230;4748;1775,16,228904,,10,1.0,1.0
faiss-flat,1,91,2439;41;528;1381;4564;3222;2538;1720;2376;143;1370;3257;3392;1707;331;1791,16,212469,,10,1.0,1.0
faiss-flat,1,92,3646;3683;384;3366;2468;2494;4989;4392;2496;1594;3386;1954;1503;765;3608;2351,16,209644,,10,1.0,1.0
faiss-flat,1,93,4844;2590;4647;2821;4226;715;3345;3364;988;4316;356;3854;42;575;2128;1804,16,207482,,10,1.0,1.0
faiss-flat,1,94,292;1530;4324;1806;2881;4417;1854;305;1990;3620;574;565;1547;267;1999;2567,16,209585,,10,1.0,1.0
faiss-flat,1,95,3840;3919;2522;4700;196;3527;1848;4291;2549;2728;1669;2412;316;4078;1038;1663,16,216094,,10,1.0,1.0
faiss-flat,1,96,4568;3720;472;4816;162;2368;2248;1761;479;2252;1790;2107;4684;2012;2230;1591,16,221693,,10,1.0,1.0
faiss-flat,1,97,2099;4984;3262;3767;4232;3586;2722;2026;4578;1697;628;1747;4233;2718;1836;4132,16,209965,,10,1.0,1.0
faiss-flat,1,98,542;2776;1452;3835;1183;2002;2492;3613;4770;3962;1896;4138;2040;2594;2432;3228,16,233751,,10,1.0,1.0
faiss-flat,1,99,1914;3187;4221;4318;909;1479;4360;2055;1557;911;2038;2281;1126;2019;4998;2570,16,221963,,10,1.0,1.0
faiss-flat,1,100,4629;547;3312;2003;122;2874;452;4604;1282;1371;166;2483;3160;119;698;2602,16,216424,,10,1.0,1.0
faiss-flat,1,101,4115;241;1334;1341;1071;1979;2116;1691;2664;2043;3204;3866;1354;819;1701;4616,16,215984,,10,1.0,1.0
faiss-flat,1,102,2974;2414;4270;2335;4326;2136;96;4328;4413;79;2220;1533;1928;2426;688;2630,16,213290,,10,1.0,1.0
faiss-flat,1,103,2926;2122;4222;2895;2114;2515;2560;2167;3396;4317;2852;2277;1227;4014;3626;2285,16,214742,,10,1.0,1.0
faiss-flat,1,104,967;2268;1931;3233;4052;1095;442;1787;879;2691;110;2946;1880;871;2094;3627,16,219429,,10,1.0,1.0
faiss-flat,1,105,4439;3588;2731;3837;1063;2818;2300;4293;2525;1869;4787;1763;1444;295;796;2304,16,209965,,10,1.0,1.0
faiss-flat,1,106,1122;4918;2814;1908;1448;3082;1630;3899;3868;1293;2382;4933;1019;195;3564;1835,16,214182,,10,1.0,1.0
faiss-flat,1,107,1742;1461;2556;1859;1755;4463;4368;1489;2880;2400;2771;2829;154;3784;3054;2519,16,211477,,10,1.0,1.0
faiss-flat,1,108,3910;4493;3460;2740;2338;279;1210;3972;3950;823;414;4179;1012;4307;500;3182,16,217397,,10,1.0,1.0
faiss-flat,1,109,872;2411;2551;1950;3555;2336;2056;3125;2758;4502;2622;4154;2274;1139;3246;2748,16,217616,,10,1.0,1.0
faiss-flat,1,110,3892;4500;1430;2207;2349;4863;2653;1257;2517;667;2124;2184;533;4498;3686;3176,16,215153,,10,1.0,1.0
faiss-flat,1,111,3420;3813;238;1952;1822;595;856;2759;2730;4875;608;2656;1070;1203;4678;2760,16,210096,,10,1.0,1.0
faiss-flat,1,112,130;4548;3684;4829;1634;2610;1568;2125;3995;4387;3988;325;2185;2171;3675;3736,16,213891,,10,1.0,1.0
faiss-flat,1,113,2280;1981;755;3761;3442;1219;1284;2147;3481;1581;412;3599;1958;2082;484;1959,16,209104,,10,1.0,1.0
faiss-flat,1,114,3788;1143;4716;4069;4549;2908;784;97;3497;3475;1420;4492;4160;405;3378;4440,16,220040,,10,1.0,1.0
faiss-flat,1,115,4586;235;2576;2996;159;4325;3881;1345;2452;3701;171;2972;1750;3990;417;2175,16,207952,,10,1.0,1.0
faiss-flat,1,116,31;3519;2020;4029;4698;4621;828;3958;606;1907;4655;1629;308;2651;326;4607,16,210525,,10,1.0,1.0
faiss-flat,1,117,2198;189;1009;1409;3370;1555;948;561;1598;4653;426;289;4798;1287;1786;4680,16,212660,,10,1.0,1.0
faiss-flat,1,118,2750;1795;2328;3144;4826;2785;427;3754;2892;1961;627;1725;4570;93;1647;2869,16,214712,,10,1.0,1.0
faiss-flat,1,119,3573;4301;555;3641;1943;3424;1652;3438;2278;3758;2172;2445;2286;2330;2135;2838,16,215323,,10,1.0,1.0
faiss-flat,1,120,75;2188;3292;2580;248;203;1437;2057;2532;1507;4252;4824;2455;1159;2160;2511,16,215754,,10,1.0,1.0
faiss-flat,1,121,1582;3173;1022;3645;2997;893;2010;2126;4058;3464;3737;397;1087;4593;309;217,16,216475,,10,1.0,1.0
faiss-flat,1,122,1974;4657;3330;3495;4118;1967;4690;3970;1992;2415;855;3399;964;3346;902;3707,16,219610,,10,1.0,1.0
faiss-flat,1,123,1443;1531;4258;3136;1471;2786;3630;3959;3251;1395;4550;453;351;3005;1422;4597,16,217646,,10,1.0,1.0
faiss-flat,1,124,3610;3690;2374;2862;534;3859;3942;3196;870;4922;3012;4269;2168;1207;1358;4408,16,226229,,10,1.0,1.0
faiss-flat,1,125,3756;2369;3127;1197;2088;2191;126;4554;4002;4286;1526;4843;975;3437;4674;4287,16,223255,,10,1.0,1.0
faiss-flat,1,126,139;2794;558;353;4239;1925;4374;2253;214;3996;4277;885;4087;3662;4845;3210,16,229805,,10,1.0,1.0
faiss-flat,1,127,4474;3850;767;2783;1809;2766;109;577;398;2802;822;4809;3834;927;4174;2782,16,216956,,10,1.0,1.0
faiss-flat,1,128,39;4988;2746;2287;4889;4566;2151;4303;150;617;691;2995;616;3765;4867;2223,16,215723,,10,1.0,1.0
faiss-flat,1,129,1674;563;199;4765;1510;1989;4344;4453;3237;3087;4598;465;1607;2508;3226;4622,16,205789,,10,1.0,1.0
faiss-flat,1,130,2563;1919;4702;4537;4830;773;2953;2902;4412;3006;4472;3249;4200;4725;2256;2568,16,212289,,10,1.0,1.0
faiss-flat,1,131,987;269;1767;4906;3118;1771;3068;3792;614;4117;34;4381;3796;3735;4763;313,16,215563,,10,1.0,1.0
faiss-flat,1,132,631;783;1094;1973;2004;2444;1572;2423;3447;693;3148;2832;2726;2087;1975;3175,16,221382,,10,1.0,1.0
faiss-flat,1,133,108;2355;4208;4094;804;1703;2195;513;4393;2389;3764;877;4178;371;850;3722,16,212589,,10,1.0,1.0
faiss-flat,1,134,3790;509;2540;3461;1460;4495;2050;2236;2238;3617;786;2867;4003;2660;1539;3425,16,213210,,10,1.0,1.0
faiss-flat,1,135,4237;1435;3777;4021;880;4273;727;2307;1918;3169;393;4483;4398;363;4943;2323,16,213971,,10,1.0,1.0
faiss-flat,1,136,4338;4546;2682;3518;2584;3702;2459;3271;4129;1627;2072;3664;419;4167;2008;2578,16,215053,,10,1.0,1.0
faiss-flat,1,137,2780;375;378;2950;3978;3920;2595;2631;3592;3244;1583;793;532;3258;1242;2587,16,226751,,10,1.0,1.0
faiss-flat,1,138,1004;2536;613;4152;2438;689;946;2017;404;2352;1688;4617;2756;4961;2100;4558,16,228413,,10,1.0,1.0
faiss-flat,1,139,2603;291;2518;961;3884;2955;1612;4730;990;3671;386;2788;641;4097;1905;4801,16,222023,,10,1.0,1.0
faiss-flat,1,140,4869;3546;2292;3912;3732;1;1546;3636;1174;2621;818;2311;3116;2447;76;4384,16,212139,,10,1.0,1.0
faiss-flat,1,141,976;1713;1784;2509;2854;4876;336;2317;3926;3466;2734;2379;2051;2894;443;3091,16,213410,,10,1.0,1.0
faiss-flat,1,142,2844;2390;3946;3056;389;3975;1080;4517;111;3533;1135;3771;876;1821;4704;3487,16,218117,,10,1.0,1.0
faiss-flat,1,143,4234;3815;2918;4207;743;1191;865;4136;23;4935;1611;2451;4767;3619;2450;3332,16,229925,,10,1.0,1.0
faiss-flat,1,144,1779;1877;3394;2463;348;1953;3985;3045;1731;3681;4410;1053;610;1417;2097;1945,16,229474,,10,1.0,1.0
faiss-flat,1,145,2482;4441;4650;3443;502;1115;4110;4077;3980;327;1075;2559;4642;4333;2670;2652,16,215073,,10,1.0,1.0
faiss-flat,1,146,1383;1567;3014;3291;1424;3534;3040;2435;663;4135;252;3247;4540;4646;1686;2935,16,212729,,10,1.0,1.0
faiss-flat,1,147,3478;1463;2872;4905;342;4379;1246;433;785;4821;2932;261;1264;4721;2834;3454,16,208392,,10,1.0,1.0
faiss-flat,1,148,1245;2025;1156;4663;636;181;3212;4870;654;4329;1811;2117;3150;2917;2544;4715,16,208242,,10,1.0,1.0
faiss-flat,1,149,3653;439;928;3879;1772;3983;1839;3157;3120;4224;4978;2749;934;3011;4428;3713,16,215443,,10,1.0,1.0
faiss-flat,1,150,2029;4913;2272;3039;3398;993;2064;3036;1525;1405;2742;1893;1736;4040;4594;1929,16,242333,,10,1.0,1.0
faiss-flat,1,151,113;1623;3358;2514;2650;4308;4354;2639;1899;2487;1631;2261;1149;11;4813;4501,16,224607,,10,1.0,1.0
faiss-flat,1,152,12;3421;2752;3819;887;149;1270;2273;3798;3614;1474;3093;3916;3522;523;1817,16,242864,,10,1.0,1.0
faiss-flat,1,153,2764;2265;1254;1957;1542;3374;2434;4881;1535;4100;1496;1377;4614;4177;352;4895,16,231087,,10,1.0,1.0
faiss-flat,1,154,4802;3379;220;3334;2356;3739;2142;4243;1229;3049;510;2053;2150;3629;4371;4591,16,243055,,10,1.0,1.0
faiss-flat,1,155,1000;3831;3362;3997;2720;4583;2174;4343;576;3010;4794;2061;854;3744;3891;4349,16,225218,,10,1.0,1.0
faiss-flat,1,156,1917;1773;3842;1833;176;255;4032;2966;3294;4096;1221;177;2086;3660;679;2847,16,249014,,10,1.0,1.0
faiss-flat,1,157,2791;2725;637;3469;602;287;2498;3583;2620;3308;4632;5;216;3263;1494;4580,16,224587,,10,1.0,1.0
faiss-flat,1,158,3268;2900;2192;3655;4760;1847;768;1521;2115;971;3612;2716;3474;2247;612;1209,16,242454,,10,1.0,1.0
faiss-flat,1,159,4948;1077;1320;297;864;1187;778;3712;2042;639;1930;1789;3272;3830;4330;3071,16,210826,,10,1.0,1.0
faiss-flat,1,160,3380;3915;960;3323;4976;4446;996;4950;2819;2163;1748;969;146;4701;2054;2787,16,219540,,10,1.0,1.0
faiss-flat,1,161,1946;4122;2571;3410;4858;437;1904;2345;4792;4973;27;4658;388;1599;699;4378,16,223516,,10,1.0,1.0
faiss-flat,1,162,522;687;4968;3872;3194;239;890;1457;954;4203;809;3316;2843;2970;2642;4977,16,246750,,10,1.0,1.0
faiss-flat,1,163,66;3448;2884;4874;1322;3151;2575;4079;4589;1797;808;2654;3342;3585;1956;4295,16,223445,,10,1.0,1.0
faiss-flat,1,164,271;539;4062;2700;3055;3115;2005;745;572;131;127;4669;2702;21;4250;4921,16,243736,,10,1.0,1.0
faiss-flat,1,165,184;367;1518;4986;1910;3496;1188;2767;646;647;1814;1941;1305;4613;4011;3279,16,231307,,10,1.0,1.0
faiss-flat,1,166,2110;3419;2035;2845;1015;1295;124;4487;2217;2211;175;4553;2098;3651;1653;3206,16,245499,,10,1.0,1.0
faiss-flat,1,167,3114;435;2392;2589;283;4909;3541;4508;716;891;4776;3156;374;2923;1792;2929,16,204837,,10,1.0,1.0
faiss-flat,1,168,1464;519;2380;833;516;3275;4786;4419;1536;4556;3963;4737;3102;2922;1338;2553,16,224827,,10,1.0,1.0
faiss-flat,1,169,2634;3539;2092;4659;724;4119;1142;3395;3072;4836;3955;3100;4651;2813;2403;857,16,213591,,10,1.0,1.0
faiss-flat,1,170,1014;3192;2366;2919;3306;1743;2143;3023;4834;2391;3016;4901;3652;1699;151;3844,16,249684,,10,1.0,1.0
faiss-flat,1,171,2860;4615;2790;285;2384;1983;3590;545;750;811;102;1901;1823;3823;7;3631,16,222514,,10,1.0,1.0
faiss-flat,1,172,779;411;2636;3882;3746;3600;387;4531;2687;4361;1994;2381;3099;2877;4857;3007,16,240441,,10,1.0,1.0
faiss-flat,1,173,2427;4157;742;4192;2500;1645;1476;3943;1764;2808;1258;3427;4957;4039;3901;3607,16,212108,,10,1.0,1.0
faiss-flat,1,174,3602;1155;3184;1609;2669;253;2416;4163;2208;3462;1831;3106;1286;395;2608;3423,16,206570,,10,1.0,1.0
faiss-flat,1,175,1088;3637;339;4831;618;1955;2044;4231;4166;373;2751;3529;1109;1379;2582;3941,16,207101,,10,1.0,1.0
faiss-flat,1,176,2358;4538;1976;2976;3748;3035;4810;3183;2628;1509;1590;3259;4180;3979;4123;3862,16,206911,,10,1.0,1.0
faiss-flat,1,177,4665;3797;275;4187;2696;3977;4175;4897;4020;4262;2883;3723;3372;4171;1550;3255,16,208463,,10,1.0,1.0
faiss-flat,1,178,2792;3108;3139;349;1388;483;1712;817;2727;4953;3766;4048;2714;2475;2067;1865,16,215574,,10,1.0,1.0
faiss-flat,1,179,4929;369;2322;3130;2796;3488;4638;2449;2240;2927;3375;3459;3897;2333;660;4319,16,207972,,10,1.0,1.0
faiss-flat,1,180,4437;1613;2290;2165;3376;3458;1570;3921;2091;503;579;3261;4131;861;3553;3083,16,208613,,10,1.0,1.0
faiss-flat,1,181,1965;1921;67;3931;4788;4521;3426;3367;621;4499;3982;3434;263;741;3928;3869,16,206850,,10,1.0,1.0
faiss-flat,1,182,2484;695;1972;2689;3266;2685;4242;3511;2763;2249;1291;13;2546;3900;4331;1129,16,217657,,10,1.0,1.0
faiss-flat,1,183,2102;2943;1646;3839;2557;2899;3755;3439;1752;135;2596;3514;4530;3699;3907;3387,16,213831,,10,1.0,1.0
faiss-flat,1,184,4938;2951;3052;4491;1023;3154;1705;1433;4742;3158;1125;4602;2431;735;1226;4125,16,213921,,10,1.0,1.0
faiss-flat,1,185,3520;4443;1668;2625;318;467;3795;3180;2231;3171;4856;3559;497;1651;2840;1465,16,212669,,10,1.0,1.0
faiss-flat,1,186,4147;4427;1326;4423;3747;2990;4523;3191;3209;753;3076;2757;4969;4519;1501;3043,16,215984,,10,1.0,1.0
faiss-flat,1,187,2755;717;1889;1805;3648;3053;1860;4587;3976;3096;2472;2817;2698;4108;827;3295,16,227982,,10,1.0,1.0
faiss-flat,1,188,3692;91;4960;3415;3849;2499;1102;3075;1722;335;1832;4153;4037;1685;499;1513,16,229003,,10,1.0,1.0
faiss-flat,1,189,4473;747;1876;2737;1300;2991;3412;4459;2816;3166;1506;1233;3309;2957;2308;3211,16,220330,,10,1.0,1.0
faiss-flat,1,190,2930;183;156;1673;1398;2623;396;4337;392;1111;4202;4158;1593;4353;1677;1241,16,212068,,10,1.0,1.0
faiss-flat,1,191,3787;2583;2907;4741;2258;1399;3024;3719;4116;1267;4339;3643;2120;2855;413;3775,16,213220,,10,1.0,1.0
faiss-flat,1,192,4120;3538;480;1825;1268;1039;3122;2529;32;653;2270;3733;676;3131;1466;2409,16,209014,,10,1.0,1.0
faiss-flat,1,193,1984;4572;998;4018;3505;3343;4448;2089;83;3270;381;2037;3857;3506;4212;3682,16,215493,,10,1.0,1.0
faiss-flat,1,194,2394;3711;2975;2401;3418;4072;3146;3335;4486;3924;2000;2837;2039;2795;296;4431,16,208563,,10,1.0,1.0
faiss-flat,1,195,1492;3289;4552;829;2177;777;1255;3025;2904;3927;1709;4853;4628;3981;1589;3223,16,226800,,10,1.0,1.0
faiss-flat,1,196,4047;307;3371;2989;1744;2657;2204;3137;2719;1279;1846;3677;2773;1987;4081;1065,16,230186,,10,1.0,1.0
faiss-flat,1,197,3140;17;2982;3179;2533;3861;2315;4026;3032;2879;2474;1741;1314;3751;2309;3647,16,220822,,10,1.0,1.0
faiss-flat,1,198,24;2577;1522;3704;1538;3821;1290;3388;2081;1643;696;3383;937;1425;2856;3280,16,210676,,10,1.0,1.0
faiss-flat,1,199,589;4044;3143;945;4105;73;2134;4738;1559;209;851;4390;4429;3618;1184;3598,16,205358,,10,1.0,1.0
faiss-flat,1,200,4000;2839;4281;1101;3726;1935;4887;3260;2313;1131;441;4768;402;3770;1727;2665,16,206700,,10,1.0,1.0
faiss-flat,1,201,4161;3467;3948;4070;748;4367;2325;4430;4422;3638;246;4535;2968;2807;1934;3832,16,217727,,10,1.0,1.0
faiss-flat,1,202,2789;3494;702;4689;498;947;3338;1577;4954;45;3568;3715;4543;4436;3634;4563,16,223736,,10,1.0,1.0
faiss-flat,1,203,1470;801;1502;4451;3186;4641;298;3871;2404;3241;3716;1757;3594;4369;4400;4452,16,224347,,10,1.0,1.0
faiss-flat,1,204,2886;3595;733;3579;3793;3561;2629;3606;118;4170;1412;3037;288;3650;3019;4577,16,208152,,10,1.0,1.0
faiss-flat,1,205,4743;3806;3286;69;202;3772;2183;4449;1107;3669;3808;4851;224;3628;664;3391,16,211076,,10,1.0,1.0
faiss-flat,1,206,1312;1423;4990;4007;1862;511;3313;4332;1735;709;974;2421;2155;3436;4327;3405,16,211668,,10,1.0,1.0
faiss-flat,1,207,2052;3009;3953;4411;2085;2493;4462;3734;2340;1195;160;997;886;4182;493;4755,16,207571,,10,1.0,1.0
faiss-flat,1,208,2754;3347;2971;4450;3809;2825;3679;1689;932;3773;270;3221;983;787;3325;601,16,206490,,10,1.0,1.0
faiss-flat,1,209,1068;4766;4510;2353;4480;4817;1056;1105;366;2339;2462;3407;141;1311;2624;1849,16,207982,,10,1.0,1.0
faiss-flat,1,210,4190;1619;2154;4708;1473;3945;3624;4605;178;4426;3298;1313;2378;3451;3218;4671,16,210906,,10,1.0,1.0
faiss-flat,1,211,4695;985;3966;841;3402;3523;504;3703;846;1843;489;4006;3753;731;3786;3993,16,218929,,10,1.0,1.0
faiss-flat,1,212,2364;4926;432;1777;1708;1597;1794;4376;1758;1415;1500;1829;368;4879;1644;1753,16,210206,,10,1.0,1.0
faiss-flat,1,213,4866;2169;4811;3890;3876;1407;3944;2729;1937;1175;4042;1357;4172;2799;4095;4939,16,208353,,10,1.0,1.0
faiss-flat,1,214,1261;4723;2239;1325;3284;659;4141;2417;4476;273;3051;3814;4010;3515;2011;681,16,210666,,10,1.0,1.0
faiss-flat,1,215,68;4027;1940;3105;2724;1281;4389;4199;355;1515;722;1681;2266;2187;3807;3667,16,212048,,10,1.0,1.0
faiss-flat,1,216,4478;3615;4366;2613;215;2299;567;3535;3205;4111;2193;4142;2962;3069;4256;2617,16,217437,,10,1.0,1.0
faiss-flat,1,217,710;1491;302;645;3104;3287;4574;4883;1252;2133;164;3185;2033;3789;551;3532,16,214101,,10,1.0,1.0
faiss-flat,1,218,3353;1783;986;1153;1799;2545;4130;4263;1523;87;2703;3863;2598;4609;899;3903,16,209805,,10,1.0,1.0
faiss-flat,1,219,674;1807;3971;2397;706;1223;128;4608;2781;4445;897;2393;1878;2555;2327;4481,16,209875,,10,1.0,1.0
faiss-flat,1,220,2093;1413;957;2077;1194;481;1344;1897;2448;3597;2711;3623;4031;1089;3095;4527,16,210977,,10,1.0,1.0
faiss-flat,1,221,3570;3085;573;37;1391;2173;4914;4395;2015;2501;999;4404;1756;2083;4533;3967,16,220671,,10,1.0,1.0
faiss-flat,1,222,3090;191;4091;3477;1867;485;3964;721;1250;931;2614;2189;1800;1855;2939;521,16,215293,,10,1.0,1.0
faiss-flat,1,223,458;1915;2672;2673;2212;2473;3563;1585;3456;821;4104;1133;813;249;903;1017,16,215193,,10,1.0,1.0
faiss-flat,1,224,3818;2859;1680;4759;2699;4947;3540;4279;1812;4504;4035;3525;2913;1985;3939;1033,16,209915,,10,1.0,1.0
faiss-flat,1,225,3135;3067;400;3361;4799;4073;2009;4911;4114;3714;1160;1837;2078;4971;3058;4532,16,210786,,10,1.0,1.0
faiss-flat,1,226,3491;661;1495;4625;3134;3956;4728;4292;4877;1455;1912;4559;3810;4350;2255;4415,16,209455,,10,1.0,1.0
faiss-flat,1,227,992;3557;894;4547;4407;4244;4067;3799;2101;4601;1482;541;3094;3763;3319;2681,16,209765,,10,1.0,1.0
faiss-flat,1,228,4800;3611;3908;4515;3670;3231;1074;4945;3168;1387;705;629;4662;881;2679;4383,16,222323,,10,1.0,1.0
faiss-flat,1,229,3339;2131;1342;4063;3382;4560;1511;1801;3417;3449;4186;2153;3710;4155;762;4385,16,225969,,10,1.0,1.0
faiss-flat,1,230,4590;4362;2329;3846;3750;4636;1136;4013;1497;4151;3536;4046;2246;2709;3385;3883,16,226440,,10,1.0,1.0
faiss-flat,1,231,1396;2291;4016;3621;3552;1121;3278;4983;2181;2643;1768;2233;3902;3315;1374;1401,16,229675,,10,1.0,1.0
faiss-flat,1,232,2875;2443;3551;1453;2973;1565;3265;3743;1640;3693;2911;4144;848;1335;268;3783,16,219169,,10,1.0,1.0
faiss-flat,1,233,2713;35;3288;1037;3572;4848;3828;1137;3562;843;1660;1421;1780;1887;1040;185,16,208123,,10,1.0,1.0
faiss-flat,1,234,1733;1879;3162;4643;634;4124;982;4028;2668;4442;3430;1093;2453;4196;2395;1097,16,211527,,10,1.0,1.0
faiss-flat,1,235,3548;4648;3267;4045;2022;3639;1884;3521;666;2733;4148;3947;471;1851;805;4894,16,207181,,10,1.0,1.0
faiss-flat,1,236,4736;2535;694;569;4405;2667;4173;409;4780;2861;2523;4815;4746;749;4264;89,16,220341,,10,1.0,1.0
faiss-flat,1,237,2627;4840;740;2441;970;3906;4225;3851;588;4380;2822;4507;2663;117;591;4927,16,206460,,10,1.0,1.0
faiss-flat,1,238,882;3455;1911;2941;2166;4146;3951;2609;1566;4261;4775;4351;4065;3827;598;4241,16,218838,,10,1.0,1.0
faiss-flat,1,239,789;3965;1548;2021;4873;859;3730;4803;3531;29;2371;3293;1373;1903;930;4612,16,208943,,10,1.0,1.0
faiss-flat,1,240,3554;1675;221;3935;553;4276;173;3933;430;1683;951;2601;2801;2471;2503;4660,16,212759,,10,1.0,1.0
faiss-flat,1,241,1099;2887;3290;477;2775;2735;3333;4839;4336;1485;2275;4235;2561;3999;852;4071,16,209755,,10,1.0,1.0
faiss-flat,1,242,1005;1277;4779;989;3700;3878;3729;2865;3470;99;3780;3401;1980;3801;642;3321,16,223095,,10,1.0,1.0
faiss-flat,1,243,1866;3471;933;501;262;3147;14;1977;1165;323;4942;3245;2803;2331;2626;4753,16,218027,,10,1.0,1.0
faiss-flat,1,244,2824;4676;357;2593;915;517;1356;425;4797;4637;826;1269;2675;2495;4850;4569,16,213821,,10,1.0,1.0
faiss-flat,1,245,4958;4015;2162;3109;1333;4043;640;673;656;3785;2688;4981;2306;4931;3188;2969,16,209074,,10,1.0,1.0
faiss-flat,1,246,370;4075;1844;2809;1998;2931;1820;3369;4910;213;1140;3365;4475;2377;2909;4348,16,217877,,10,1.0,1.0
faiss-flat,1,247,814;1205;2476;341;403;3299;1923;3433;1628;61;3197;625;3498;4340;3578;4479,16,214712,,10,1.0,1.0
faiss-flat,1,248,1970;4464;2319;901;3922;4310;619;3601;2350;1493;276;2301;4631;1963;2262;4534,16,221483,,10,1.0,1.0
faiss-flat,1,249,64;3227;3482;4334;1224;3163;4019;4693;2933;3503;956;3061;2531;3709;2454;4359,16,213971,,10,1.0,1.0
faiss-flat,1,250,3142;635;842;849;2295;4297;4575;4567;1324;4247;2671;3905;1319;4139;3452;4399,16,213581,,10,1.0,1.0
faiss-flat,1,251,2552;2925;1721;2357;236;401;3336;4211;2826;2069;3658;2341;2537;4542;2924;4191,16,209084,,10,1.0,1.0
faiss-flat,1,252,2049;4974;4682;3225;1432;1117;3047;3609;1853;4823;4304;3825;4053;233;4257;4391,16,216024,,10,1.0,1.0
faiss-flat,1,253,3063;2637;2119;3393;3549;3463;2947;3377;1026;1827;3340;1445;2410;451;1828;2297,16,228543,,10,1.0,1.0
faiss-flat,1,254,1108;4396;692;4357;2260;4288;3885;4271;2885;1537;2205;85;3954;4455;4274;4727,16,229083,,10,1.0,1.0
faiss-flat,1,255,244;1151;2075;3389;3248;4687;2998;4057;3229;4313;1936;1845;3050;4469;3528;4219,16,222704,,10,1.0,1.0
faiss-flat,1,256,3649;2387;3200;4321;3575;2241;4541;3305;1044;2347;2197;2569;4847;2121;4692;4795,16,218127,,10,1.0,1.0
faiss-flat,1,257,973;4764;1064;2113;734;4979;1244;3817;581;1671;2149;1045;2399;4849;858;537,16,211207,,10,1.0,1.0
faiss-flat,1,258,4518;4218;4526;1237;3214;2103;1882;2833;3867;525;2579;4807;1078;321;3925;3673,16,215764,,10,1.0,1.0
faiss-flat,1,259,2321;4627;4666;649;3663;1895;3092;657;4937;1085;3138;3029;3282;4365;4888;3129,16,207401,,10,1.0,1.0
faiss-flat,1,260,4457;3311;333;1449;2600;1259;2405;1113;712;3917;4253;2413;962;4685;2896;4633,16,211187,,10,1.0,1.0
faiss-flat,1,261,22;1751;2284;4679;1315;1891;47;4335;3086;935;2477;3717;187;3855;878;4375,16,213290,,10,1.0,1.0
faiss-flat,1,262,2812;3057;3178;949;2701;3603;1576;2465;860;2811;3490;2949;2140;167;1517;3273,16,214332,,10,1.0,1.0
faiss-flat,1,263,2112;1505;2363;3697;4054;1103;4506;2841;3691;2419;2967;4089;1676;4838;322;4352,16,220350,,10,1.0,1.0
faiss-flat,1,264,2581;1047;1462;4661;866;3373;2;2385;198;4113;186;4771;4168;2599;1199;873,16,213701,,10,1.0,1.0
faiss-flat,1,265,648;137;466;257;4565;19;771;3913;4149;2739;4289;3033;3742;4551;2047;4315,16,210826,,10,1.0,1.0
faiss-flat,1,266,1114;2605;3357;4995;2848;4882;2505;3457;670;1991;2534;2633;1340;4033;1416;281,16,214993,,10,1.0,1.0
faiss-flat,1,267,4640;1323;4618;1393;2827;3687;3560;385;4842;2343;222;1885;360;4739;3929;1081,16,212129,,10,1.0,1.0
faiss-flat,1,268,1717;3973;2921;737;3688;4323;4060;697;188;4611;2944;2905;1962;4267;1573;4832,16,219259,,10,1.0,1.0
faiss-flat,1,269,4460;1481;3133;4165;4928;1169;49;1329;1176;4645;1054;3833;3483;2611;2170;4623,16,222554,,10,1.0,1.0
faiss-flat,1,270,2644;2565;766;3181;4299;2715;1350;1185;2806;15;3762;2497;3874;193;1909;4751,16,230486,,10,1.0,1.0
faiss-flat,1,271,2479;3217;4373;4999;2161;4884;1134;2225;782;791;372;2365;4145;2573;245;1785,16,210936,,10,1.0,1.0
faiss-flat,1,272,2041;3923;1920;4185;129;3253;1263;153;2618;3853;2823;3569;1006;2619;4355;3161,16,227021,,10,1.0,1.0
faiss-flat,1,273,106;1813;3998;2649;210;675;1898;4438;3718;4917;3587;301;449;4791;461;2073,16,215463,,10,1.0,1.0
faiss-flat,1,274,3847;4833;4280;161;4707;1793;3101;169;2271;1947;1815;3949;2693;463;1587;1385,16,234211,,10,1.0,1.0
faiss-flat,1,275,892;1243;1144;3661;3694;1021;2952;1321;2512;959;1332;4137;250;1051;4819;2105,16,212790,,10,1.0,1.0
faiss-flat,1,276,944;2109;2554;3189;615;421;1650;2769;1558;4892;1041;4467;524;2361;3604;4783,16,227351,,10,1.0,1.0
faiss-flat,1,277,438;1247;4005;633;105;145;1529;2753;4982;4711;4772;1765;1104;2645;1285;4735,16,210596,,10,1.0,1.0
faiss-flat,1,278,2888;2129;1253;2437;3589;3013;90;2201;904;1543;4099;2257;3446;3303;816;3145,16,233610,,10,1.0,1.0
faiss-flat,1,279,4925;4752;1615;2429;508;869;1881;457;3576;3349;4164;3781;1182;391;1726;889,16,211898,,10,1.0,1.0
faiss-flat,1,280,1278;3547;470;4009;3510;3177;1863;769;376;33;3740;2245;3512;2141;1316;2585,16,211417,,10,1.0,1.0
faiss-flat,1,281,507;4363;2030;4049;3216;3327;2779;3889;2279;4714;4358;1553;2988;3499;2863;4668,16,227190,,10,1.0,1.0
faiss-flat,1,282,1426;475;4008;2013;4596;825;836;3089;1178;1969;2070;3877;2152;3097;4761;1913,16,216044,,10,1.0,1.0
faiss-flat,1,283,2478;1211;2206;4579;4470;4557;3113;665;2470;3727;4309;2213;3937;4854;3193;4814,16,235834,,10,1.0,1.0
faiss-flat,1,284,671;1427;4756;2305;2870;1235;701;1993;2597;3441;2031;3873;4732;4861;3864;1193,16,215523,,10,1.0,1.0
faiss-flat,1,285,4784;4793;1933;1289;4195;4944;4630;3153;3659;4639;2254;3445;4082;943;3141;4635,16,230927,,10,1.0,1.0
faiss-flat,1,286,3004;3359;3062;4017;3117;9;1641;3329;900;2027;1556;1625;874;1157;1883;4719,16,210887,,10,1.0,1.0
faiss-flat,1,287,259;1737;2127;4461;4248;2079;3635;2209;420;2959;4503;1397;3112;1025;875;4991,16,238618,,10,1.0,1.0
faiss-flat,1,288,3121;1475;2132;2373;4959;4980;1514;1049;4127;669;3314;4818;1988;4855;2467;953,16,225038,,10,1.0,1.0
faiss-flat,1,289,2898;429;3411;4305;3616;4083;2362;529;1762;3465;3149;4828;4997;4581;2293;4505,16,240511,,10,1.0,1.0
faiss-flat,1,290,478;1217;2659;941;2398;4934;1303;1617;1633;4055;3021;1549;2516;4311;1664;4425,16,213610,,10,1.0,1.0
faiss-flat,1,291,3195;3811;3027;981;4985;1141;4696;225;1968;1665;799;1749;4686;2851;3360;2745,16,231497,,10,1.0,1.0
faiss-flat,1,292,1366;605;4036;3845;4447;2023;496;4497;3574;101;912;4919;170;4511;921;1353,16,206560,,10,1.0,1.0
faiss-flat,1,293,4444;757;365;1337;3476;4907;2889;3633;4302;907;4496;1225;2095;2543;2123;1273,16,227341,,10,1.0,1.0
faiss-flat,1,294,3274;4703;2548;1569;1857;3003;1062;913;739;4435;4255;2857;4724;3111;4619;329,16,210946,,10,1.0,1.0
faiss-flat,1,295,2513;2615;4414;4820;936;1483;3556;3689;2965;729;2383;2805;3331;1339;2176;4822,16,228673,,10,1.0,1.0
faiss-flat,1,296,4074;3081;2337;4181;2684;2717;2148;4893;4644;1215;3526;4923;751;303;2868;2489,16,220882,,10,1.0,1.0
faiss-flat,1,297,4051;4183;3794;3581;2282;4409;1086;4713;4494;317;1222;3749;1347;1693;3640;3513,16,229144,,10,1.0,1.0
faiss-flat,1,298,3213;4805;536;1073;4290;4227;55;2137;4868;3235;1484;1729;2242;571;1618;1769,16,212239,,10,1.0,1.0
faiss-flat,1,299,2999;1711;462;977;3201;447;3073;3865;862;597;120;1145;719;4904;3991;2873,16,228002,,10,1.0,1.0
faiss-flat,1,300,3020;2527;290;2937;723;2635;51;4963;1916;1365;1982;725;460;4699;1657;345,16,225278,,10,1.0,1.0
faiss-flat,1,301,3107;2793;4201;3909;1369;4859;377;1201;2332;1579;1352;4217;4705;2961;3918;4729,16,250436,,10,1.0,1.0
faiss-flat,1,302,4471;3895;1770;549;4846;1527;4731;1161;2065;4229;4529;1297;18;103;2983;4041,16,216695,,10,1.0,1.0
faiss-flat,1,303,3435;2521;52;25;3936;3215;3297;3841;4004;1057;3219;1361;3938;847;4545;4345,16,226299,,10,1.0,1.0
faiss-flat,1,304,1027;4949;1084;2541;834;1519;609;2945;2993;2145;3381;3269;4370;4951;1442;4992,16,217567,,10,1.0,1.0
faiss-flat,1,305,672;2985;2303;2897;2547;2607;3760;265;4841;587;940;4781;1031;2457;4223;473,16,232769,,10,1.0,1.0
faiss-flat,1,306,2001;2289;142;3301;3904;4691;4744;4025;3493;2367;3155;3337;2520;3759;3324;2777,16,212849,,10,1.0,1.0
faiss-flat,1,307,469;2697;4864;1213;1659;4259;2186;4975;204;3791;2948;3501;4970;2111;3571;121,16,226670,,10,1.0,1.0
faiss-flat,1,308,4924;979;2018;1177;1384;445;415;2977;4294;2263;4275;57;2130;3165;1123;4777,16,209845,,10,1.0,1.0
faiss-flat,1,309,1971;4251;4342;3001;4347;4213;905;4825;926;3507;3644;2157;1052;3167;4403;761,16,232579,,10,1.0,1.0
faiss-flat,1,310,759;4673;328;1249;3558;3031;2871;3041;1810;2743;1563;2761;1927;685;3485;3961,16,211527,,10,1.0,1.0
faiss-flat,1,311,4757;3911;2436;337;4790;4555;3355;65;1079;1001;2994;3969;527;3015;282;505,16,228472,,10,1.0,1.0
faiss-flat,1,312,585;2199;2370;4525;2062;4571;163;3769,8,121462,,10,1.0,1.0
faiss-flat,2,0,225;720;1748;2584;4815;1201;4339;3931;459;2673;596;715;4868;541;1911;2312,16,220301,,10,1.0,1.0
faiss-flat,2,1,1681;748;252;2481;57;4234;29;3261;3637;1271;1277;3802;2617;109;835;1149,16,213630,,10,1.0,1.0
faiss-flat,2,2,337;4412;2049;2336;2126;41;2215;291;3841;129;3477;3020;2175;205;1283;325,16,215353,,10,1.0,1.0
faiss-flat,2,3,4920;4224;2440;728;380;965;2492;4176;212;340;4556;830;957;652;3234;95,16,215934,,10,1.0,1.0
faiss-flat,2,4,4597;1716;219;1125;249;181;2041;2537;3764;145;4564;2027;4488;1377;792;4409,16,218208,,10,1.0,1.0
faiss-flat,2,5,609;568;707;139;1599;2149;1633;127;3873;4816;4485;3547;4506;141;3200;148,16,213731,,10,1.0,1.0
faiss-flat,2,6,1795;2352;2474;912;345;3173;4546;3146;1;357;4656;133;4239;4386;2636;3902,16,216135,,10,1.0,1.0
faiss-flat,2,7,1891;273;1728;2193;2762;2182;1867;2082;4533;3668;2330;3238;699;3718;913;727,16,214552,,10,1.0,1.0
faiss-flat,2,8,1499;2141;457;2634;2165;4124;3555;1179;1443;3313;1327;303;3962;1896;4569;4305,16,221172,,10,1.0,1.0
faiss-flat,2,9,4375;363;1311;1281;4273;1553;204;4120;1101;4475;3586;2329;461;365;2290;167,16,210816,,10,1.0,1.0
faiss-flat,2,10,229;217;1928;2569;49;1908;3461;327;4382;4553;3698;4413;947;1979;1972;1552,16,212669,,10,1.0,1.0
faiss-flat,2,11,111;156;2128;2621;395;1725;2922;2296;4624;2024;2012;4126;99;1351;2515;215,16,212088,,10,1.0,1.0
faiss-flat,2,12,1993;745;4453;1985;1744;323;283;3182;4450;192;629;207;1976;4749;1877;2114,16,217146,,10,1.0,1.0
faiss-flat,2,13,3588;2840;1405;3532;101;1735;650;4331;4680;1197;69;1192;3273;1464;3213;3322,16,218618,,10,1.0,1.0
faiss-flat,2,14,4091;245;4138;3243;1509;1015;1860;937;4587;3319;845;443;3395;804;3399;2371,16,220411,,10,1.0,1.0
faiss-flat,2,15,760;717;73;3991;3356;72;4183;4720;3320;4029;4512;2895;611;1780;2933;2248,16,209895,,10,1.0,1.0
faiss-flat,2,16,645;2949;37;3408;579;2337;3026;2644;1672;277;4085;2583;1335;2161;197;4217,16,212359,,10,1.0,1.0
faiss-flat,2,17,4539;381;3459;4620;4975;503;549;3383;1309;1005;3451;909;2779;4082;4458;1588,16,213090,,10,1.0,1.0
faiss-flat,2,18,3890;3022;4930;2635;233;935;393;3634;3403;1497;4203;2066;4734;305;93;1070,16,221142,,10,1.0,1.0
faiss-flat,2,19,3041;449;3672;4420;4994;4069;3259;441;2060;3497;1056;445;589;1709;3488;4694,16,216655,,10,1.0,1.0
faiss-flat,2,20,295;3437;209;525;1890;4111;739;440;2965;2428;481;1171;1300;2080;2146;4806,16,216665,,10,1.0,1.0
faiss-flat,2,21,4602;871;383;3917;487;802;75;2160;151;3986;4482;673;480;861;929;3060,16,212078,,10,1.0,1.0
faiss-flat,2,22,4102;4631;4735;3287;3862;1549;3946;2749;4853;1453;4151;955;4479;1668;1349;824,16,226960,,10,1.0,1.0
faiss-flat,2,23,2124;472;1761;2605;509;1785;1913;663;3707;1715;4835;4716;1289;396;177;1793,16,229775,,10,1.0,1.0
faiss-flat,2,24,1577;1307;4141;4252;169;4055;1966;4722;4333;615;2129;3713;429;3312;2629;2881,16,231106,,10,1.0,1.0
faiss-flat,2,25,1580;394;4690;1069;657;1009;473;2770;2964;603;649;469;3097;1660;3176;4164,16,213270,,10,1.0,1.0
faiss-flat,2,26,4343;552;1329;2811;3062;1533;401;3266;4710;2097;4912;4948;4242;517;353;920,16,214742,,10,1.0,1.0
faiss-flat,2,27,61;735;237;1460;2497;4820;3772;455;4195;2768;3448;1379;163;1073;3843;3352,16,208773,,10,1.0,1.0
faiss-flat,2,28,559;3332;2789;1799;573;3714;185;4865;769;1899;1173;2291;2009;2565;761;479,16,219259,,10,1.0,1.0
faiss-flat,2,29,1638;1921;3008;688;4561;533;437;907;697;561;1571;2813;123;977;2892;1532,16,213831,,10,1.0,1.0
faiss-flat,2,30,117;4958;1657;1567;348;322;1731;1651;1175;1293;4464;2896;2827;2693;4058;4525,16,212739,,10,1.0,1.0
faiss-flat,2,31,1643;1411;1053;1981;719;1139;2071;2828;211;575;641;3225;33;4422;2190;593,16,207982,,10,1.0,1.0
faiss-flat,2,32,1089;3101;3181;817;4465;130;250;523;2637;3706;1292;3752;1025;1804;4185;831,16,214602,,10,1.0,1.0
faiss-flat,2,33,1875;3172;1225;3297;4934;3117;1825;2412;2977;4322;2430;3761;4298;1945;3712;3778,16,219589,,10,1.0,1.0
faiss-flat,2,34,4156;3676;155;3913;1541;3239;4370;3750;2803;1185;154;2425;483;2753;3463;1341,16,218668,,10,1.0,1.0
faiss-flat,2,35,4334;3212;4883;684;2018;737;492;4849;4462;20;1473;1181;3189;2842;3549;2249,16,210475,,10,1.0,1.0
faiss-flat,2,36,711;2626;2204;899;1933;2973;1363;807;1336;3725;2893;2225;905;564;1045;655,16,214522,,10,1.0,1.0
faiss-flat,2,37,4646;2216;1037;1121;4275;2037;1297;4493;1348;3922;3444;1969;3732;2996;1889;3927,16,209404,,10,1.0,1.0
faiss-flat,2,38,1435;4016;3655;4043;3108;3533;567;4538;3978;2517;906;1399;669;3805;2345;4437,16,224286,,10,1.0,1.0
faiss-flat,2,39,4899;3529;1401;1011;1256;1617;81;3188;2611;951;471;665;873;859;3305;895,16,212019,,10,1.0,1.0
faiss-flat,2,40,1741;971;1129;4976;4186;3542;933;3136;3368;276;721;1884;3609;805;1265;1093,16,212659,,10,1.0,1.0
faiss-flat,2,41,4448;2020;4139;1842;2721;4818;535;785;637;2937;297;1987;104;4193;700;2830,16,209084,,10,1.0,1.0
faiss-flat,2,42,1628;4859;3518;847;2782;1432;701;190;3149;744;3051;4405;2377;508;1999;3988,16,217556,,10,1.0,1.0
faiss-flat,2,43,2733;1136;4558;4090;1849;2572;271;2552;2599;1195;1977;670;5;536;1413;4306,16,216505,,10,1.0,1.0
faiss-flat,2,44,259;1957;581;1196;2408;789;1301;446;755;1057;1112;773;1674;92;489;1083,16,216716,,10,1.0,1.0
faiss-flat,2,45,3194;1634;2548;741;1594;1381;4460;811;3485;3264;1248;3196;3932;4990;235;1051,16,210766,,10,1.0,1.0
faiss-flat,2,46,1901;1165;677;829;1474;4125;300;3948;1116;2477;3829;2657;3806;1421;1873;1423,16,219740,,10,1.0,1.0
faiss-flat,2,47,3692;2846;128;2761;3064;939;4459;2585;1120;2976;1184;3283;125;3951;4302;855,16,212449,,10,1.0,1.0
faiss-flat,2,48,793;1697;879;1971;495;538;4596;2396;4237;1583;4702;2219;3756;2627;191;987,16,236314,,10,1.0,1.0
faiss-flat,2,49,2461;809;165;1371;35;680;601;3531;4068;1007;4642;1451;301;917;2709;1679,16,215223,,10,1.0,1.0
faiss-flat,2,50,261;664;647;1963;801;1079;3608;4432;4469;958;3392;3277;377;1233;2695;1745,16,232969,,10,1.0,1.0
faiss-flat,2,51,13;4914;1213;466;2536;8;2708;1031;4728;2557;287;1813;2624;897;4396;4436,16,214552,,10,1.0,1.0
faiss-flat,2,52,355;919;2812;1035;3052;1027;511;963;3579;3835;3659;1729;883;4764;2088;1757,16,233380,,10,1.0,1.0
faiss-flat,2,53,2570;240;4890;3584;2250;2055;1584;1151;2231;4980;1885;2369;2285;3556;2833;2880,16,219900,,10,1.0,1.0
faiss-flat,2,54,2597;2456;1019;1317;4104;3887;121;3604;3814;3901;113;4649;4950;1207;2056;2100,16,236906,,10,1.0,1.0
faiss-flat,2,55,1231;2531;433;782;1844;4165;1389;1475;453;420;1601;4964;3872;812;4514;1071,16,217647,,10,1.0,1.0
faiss-flat,2,56,4753;4180;4678;4353;4421;444;865;2327;3457;1425;3293;4723;1402;1817;3112;3219,16,236195,,10,1.0,1.0
faiss-flat,2,57,1680;2750;4968;2306;2233;1264;3209;4354;499;2448;4545;927;1017;1227;257;1685,16,223556,,10,1.0,1.0
faiss-flat,2,58,368;993;3499;4798;2065;1200;1476;1713;4332;4881;643;3460;477;4790;98;1087,16,244587,,10,1.0,1.0
faiss-flat,2,59,3636;4531;4566;4683;1259;1008;595;2105;1989;973;3577;4684;911;4099;4770;2210,16,222514,,10,1.0,1.0
faiss-flat,2,60,1023;1393;1640;2236;3214;981;1690;1492;4709;1615;3373;1247;2580;696;864;4673,16,227501,,10,1.0,1.0
faiss-flat,2,61,23;224;1722;1898;3652;4733;3350;3982;2017;3582;403;1917;2960;2098;770;1143,16,214923,,10,1.0,1.0
faiss-flat,2,62,1169;2800;2166;1131;923;1967;4076;1919;1724;1021;1267;3075;1041;64;1515;1669,16,230947,,10,1.0,1.0
faiss-flat,2,63,1065;3860;3809;1831;1365;4985;1251;3877;1253;1996;2525;2;1851;4577;1771;1163,16,206920,,10,1.0,1.0
faiss-flat,2,64,1043;2728;1390;2203;3462;2077;435;702;577;2837;1879;3816;385;112;2904;1947,16,226670,,10,1.0,1.0
faiss-flat,2,65,3740;1783;3620;1520;2681;736;555;4548;4951;1529;4166;4108;640;2297;4698;1391,16,211307,,10,1.0,1.0
faiss-flat,2,66,143;3523;108;4385;3038;1693;4568;3881;3327;1701;3960;3738;1426;1124;1319;2298,16,233841,,10,1.0,1.0
faiss-flat,2,67,3864;3746;251;3439;1228;388;513;2199;149;1099;4712;4814;3992;320;316;2620,16,223756,,10,1.0,1.0
faiss-flat,2,68,674;4745;1262;3677;781;3068;309;2419;651;4580;1944;3709;4819;1275;4457;1239,16,240151,,10,1.0,1.0
faiss-flat,2,69,411;414;560;3621;4757;3603;3657;4140;475;412;4520;3613;1115;1397;2541;1641,16,216876,,10,1.0,1.0
faiss-flat,2,70,931;1485;1095;1217;2261;4858;667;2662;661;460;1937;2758;2504;2311;4750;1449,16,235033,,10,1.0,1.0
faiss-flat,2,71,3323;716;537;1603;1439;3376;1221;1692;1331;4364;1653;1360;3693;3013;2493;1183,16,212269,,10,1.0,1.0
faiss-flat,2,72,2930;1544;4522;1193;3096;2669;903;1559;889;1457;3710;4540;4979;3113;1167;2556,16,224637,,10,1.0,1.0
faiss-flat,2,73,1209;4112;915;1321;4668;1052;74;4692;19;2109;3221;3943;2274;1364;1280;1279,16,207281,,10,1.0,1.0
faiss-flat,2,74,2213;376;1003;2861;1177;528;1605;1428;239;1447;550;1419;2692;2792;135;1609,16,249364,,10,1.0,1.0
faiss-flat,2,75,1766;3470;3785;4916;4544;4057;3790;1887;256;2672;1361;4495;591;1661;4761;2275,16,223365,,10,1.0,1.0
faiss-flat,2,76,2732;2238;2005;890;3183;1465;2544;1495;4349;4309;405;1339;4841;1269;3186;1579,16,242664,,10,1.0,1.0
faiss-flat,2,77,880;3505;2664;1805;1215;2577;3155;4721;3138;1845;2368;4299;3258;1042;4411;1491,16,217967,,10,1.0,1.0
faiss-flat,2,78,3132;1395;1924;1355;2814;1323;4280;3733;4905;3541;2593;4645;493;4132;2075;4732,16,229134,,10,1.0,1.0
faiss-flat,2,79,1516;1345;583;1915;3124;3425;1123;1507;837;2499;1047;2132;3081;1186;4097;4173,16,207972,,10,1.0,1.0
faiss-flat,2,80,2423;2057;1288;1524;4634;2804;268;1408;4483;1859;851;2021;1232;4659;3904;1953,16,224627,,10,1.0,1.0
faiss-flat,2,81,2941;1431;2348;3783;2180;724;4360;3926;1503;2625;3466;1769;3004;1752;360;3724,16,207001,,10,1.0,1.0
faiss-flat,2,82,2836;4152;4000;2052;153;1427;1547;2925;3850;3245;1721;1865;1373;3865;4486;2743,16,234102,,10,1.0,1.0
faiss-flat,2,83,1001;1347;1067;2701;1487;3468;2799;2123;1941;206;1077;4499;3210;1385;3956;4974,16,214912,,10,1.0,1.0
faiss-flat,2,84,989;416;285;3753;15;484;3278;1667;2209;4697;1505;4884;1203;3938;4588;4419,16,226921,,10,1.0,1.0
faiss-flat,2,85,2427;1659;4228;818;2641;2529;3127;1619;2705;3316;833;1787;4614;2787;4300;1935,16,213250,,10,1.0,1.0
faiss-flat,2,86,4812;1002;849;2970;244;3629;4080;1863;2823;3824;4701;2554;1459;4547;3197;1644,16,230746,,10,1.0,1.0
faiss-flat,2,87,1699;4218;2516;4846;119;4071;3619;3114;653;4288;2794;2702;2421;654;3882;1563,16,227031,,10,1.0,1.0
faiss-flat,2,88,1295;2281;959;2816;4654;2068;3160;1829;1144;2028;2389;2851;3292;2465;2370;1759,16,243175,,10,1.0,1.0
faiss-flat,2,89,2159;3094;4825;4025;1359;490;1111;2467;881;4441;4327;2553;820;4281;2956;2715,16,224296,,10,1.0,1.0
faiss-flat,2,90,4358;1788;1367;1445;27;2099;4398;4116;4940;1671;2650;2251;3844;516;3765;1855,16,237987,,10,1.0,1.0
faiss-flat,2,91,359;4244;3631;1852;887;3012;3906;1551;1784;2533;4804;3069;1132;4052;281;4392,16,214252,,10,1.0,1.0
faiss-flat,2,92,3232;1765;497;1593;751;3520;2390;4891;2945;2952;4245;1816;2401;2067;4714;1951,16,222234,,10,1.0,1.0
faiss-flat,2,93,0;594;1104;3452;3848;632;1923;1931;1029;1378;3969;4328;1085;2689;404;3486,16,211868,,10,1.0,1.0
faiss-flat,2,94,173;3503;2385;4248;1103;180;1705;2163;2633;2376;4366;1525;2914;1589;3777;4426,16,227471,,10,1.0,1.0
faiss-flat,2,95,1833;274;2539;2164;3550;2875;4277;1955;1815;2519;2282;1978;631;2907;519;2520,16,220852,,10,1.0,1.0
faiss-flat,2,96,1206;1743;1897;3381;2355;3561;875;2087;2632;1404;4730;602;1791;4575;389;4213,16,229975,,10,1.0,1.0
faiss-flat,2,97,265;3834;264;2019;1775;1871;3074;2023;2603;1096;3244;1719;1141;4393;2571;4454,16,213991,,10,1.0,1.0
faiss-flat,2,98,161;4766;1655;2691;3884;196;1325;3035;82;2417;756;4148;3380;2357;1417;3240,16,228313,,10,1.0,1.0
faiss-flat,2,99,63;1737;115;4737;2596;2679;3088;4965;2793;1623;3525;3443;1466;1018;901;1703,16,213841,,10,1.0,1.0
faiss-flat,2,100,1779;3587;2600;2139;4059;2674;419;2143;2315;2051;4615;3231;3393;4240;1573;4175,16,232960,,10,1.0,1.0
faiss-flat,2,101,1191;1789;1883;4952;2913;738;1075;4776;2085;2724;3092;1707;364;3925;2821;1695,16,211417,,10,1.0,1.0
faiss-flat,2,102,571;4492;1922;1711;216;4356;681;3115;2610;4988;834;4456;1837;1338;1155;1821,16,227271,,10,1.0,1.0
faiss-flat,2,103,4062;4648;289;3009;3191;3059;2775;1975;1997;3168;1773;1797;40;456;2984;2687,16,213641,,10,1.0,1.0
faiss-flat,2,104,1306;4618;4824;78;413;4246;2986;1739;2607;3851;2759;3727;3990;3165;2546;4272,16,230816,,10,1.0,1.0
faiss-flat,2,105,1369;2003;4197;1614;4932;678;3643;3116;3845;556;1153;2039;1635;4093;1059;1823,16,230856,,10,1.0,1.0
faiss-flat,2,106,2912;3106;3193;1994;749;4177;896;2619;671;3249;175;4374;1983;1244;747;3192,16,240500,,10,1.0,1.0
faiss-flat,2,107,1948;3171;2119;1881;2010;2445;2267;2047;319;3734;4017;1154;2849;3598;4033;2665,16,225819,,10,1.0,1.0
faiss-flat,2,108,3685;2501;1481;3866;797;1440;2955;4635;1803;4481;4083;2618;1543;2321;695;2207,16,248222,,10,1.0,1.0
faiss-flat,2,109,9;3793;3540;4325;2196;3928;421;2943;2241;2594;828;1767;1905;1777;2253;4628,16,223305,,10,1.0,1.0
faiss-flat,2,110,857;2972;2936;4502;3001;600;2081;3950;14;302;943;1346;3941;2903;3095;4286,16,244947,,10,1.0,1.0
faiss-flat,2,111,1575;4466;4554;66;3010;2341;2589;2135;515;2220;4838;3565;1625;4001;1613;2212,16,229314,,10,1.0,1.0
faiss-flat,2,112,3310;1342;949;3419;2309;4609;4672;2675;3269;2995;904;1927;705;3420;3090;2172,16,242454,,10,1.0,1.0
faiss-flat,2,113,1846;3557;3102;2191;2711;1558;4211;4291;1557;3770;4359;2527;18;3334;4391;2361,16,225268,,10,1.0,1.0
faiss-flat,2,114,1843;2437;1433;2940;2857;4251;3796;3125;2383;2279;3161;2145;171;1839;1176;4641,16,241443,,10,1.0,1.0
faiss-flat,2,115,343;2707;1105;3109;2313;424;969;3728;293;4324;4318;4015;1518;4637;2809;2137,16,223896,,10,1.0,1.0
faiss-flat,2,116,2015;2151;4792;1418;810;852;3450;2772;3597;3535;3290;3984;3107;1832;267;3748,16,242704,,10,1.0,1.0
faiss-flat,2,117,853;96;11;1290;1441;4843;4541;2325;2628;4682;1824;2513;4663;2283;423;2255,16,218898,,10,1.0,1.0
faiss-flat,2,118,4984;2506;3567;4956;3717;1736;4903;2307;1537;4335;4011;978;3162;1909;2457;1961,16,224116,,10,1.0,1.0
faiss-flat,2,119,4969;1836;2470;4949;2522;336;2540;2403;241;2013;4748;4695;1627;1995;2573;3516,16,208864,,10,1.0,1.0
faiss-flat,2,120,397;1208;3139;3691;2776;4870;3626;3952;4470;452;4344;254;2564;2808;231;2349,16,220230,,10,1.0,1.0
faiss-flat,2,121,65;202;1416;378;2684;4351;1732;4087;1973;4219;4114;2000;1587;3801;4433;2954,16,208443,,10,1.0,1.0
faiss-flat,2,122,59;806;2072;3152;2683;3721;3644;4311;2227;3435;1236;3222;199;4064;379;3771,16,242204,,10,1.0,1.0
faiss-flat,2,123,3949;2171;565;1610;4894;3085;1315;1118;164;3781;4861;1866;4265;3309;1237;2745,16,223976,,10,1.0,1.0
faiss-flat,2,124,4966;3007;3103;3589;2104;2921;2696;2303;107;2096;2512;2560;4593;3669;338;3177,16,248273,,10,1.0,1.0
faiss-flat,2,125,2660;3501;2025;398;4230;4149;1249;4854;2509;3040;2158;4878;2113;1632;4658;2801,16,226269,,10,1.0,1.0
faiss-flat,2,126,3045;4911;2258;4510;1033;2413;3145;4226;3993;4414;3123;3180;272;690;2229;2439,16,242144,,10,1.0,1.0
faiss-flat,2,127,1452;2500;4874;1818;4444;2543;4611;3524;1929;4590;1677;3271;921;2717;2795;3071,16,229184,,10,1.0,1.0
faiss-flat,2,128,2359;4827;3648;2093;3329;3757;463;3355;3682;2920;1061;2167;2144;604;4681;2588,16,242735,,10,1.0,1.0
faiss-flat,2,129,2387;4282;4781;2122;952;4862;3933;2876;4910;4840;4022;2757;4255;2232;1109;3804,16,226289,,10,1.0,1.0
faiss-flat,2,130,4981;2791;2400;4109;4347;3421;1684;3216;4696;3050;1106;3087;1020;2433;1596;4962,16,224056,,10,1.0,1.0
faiss-flat,2,131,2643;1436;1597;722;1455;3640;2115;2363;4;4276;347;2127;3207;4210;4880;4461,16,225278,,10,1.0,1.0
faiss-flat,2,132,908;4292;307;2760;3204;2179;4810;4644;823;3760;2680;2269;4115;2888;3326;3179,16,222104,,10,1.0,1.0
faiss-flat,2,133,3700;3878;4993;3573;1098;3849;3246;3053;2671;4031;3673;266;2459;292;4430;3508,16,221893,,10,1.0,1.0
faiss-flat,2,134,3536;3025;1689;1758;464;2697;1137;3015;4864;1572;3660;2386;1523;3784;60;4094,16,204757,,10,1.0,1.0
faiss-flat,2,135,2988;2882;147;4400;4089;4771;1442;2263;598;3789;2404;1742;1869;3847;4301;2495,16,211327,,10,1.0,1.0
faiss-flat,2,136,799;2719;3311;570;1482;3482;1097;4756;3404;2545;2612;682;17;3641;985;3397,16,228272,,10,1.0,1.0
faiss-flat,2,137,2131;3610;2053;2280;3;3418;693;3879;2591;1304;3893;4872;341;2703;2211;3433,16,229184,,10,1.0,1.0
faiss-flat,2,138,2125;1072;991;1962;2079;4765;4159;4070;703;3554;4167;2797;126;2455;280;4608,16,220962,,10,1.0,1.0
faiss-flat,2,139,1602;2491;138;2375;2929;3512;4009;2511;4605;1412;3961;2652;4373;1808;1122;2335,16,209775,,10,1.0,1.0
faiss-flat,2,140,2111;4807;80;2154;1675;2944;2961;2807;3616;3715;387;4484;4802;2661;1665;3077,16,214943,,10,1.0,1.0
faiss-flat,2,141,328;1282;775;4739;2245;2656;2825;3217;2228;3267;4971;2568;891;3719;2185;2649,16,210386,,10,1.0,1.0
faiss-flat,2,142,4982;3353;4524;4179;2967;4877;2001;2845;1574;4755;709;2453;2350;1058;3137;3224,16,210766,,10,1.0,1.0
faiss-flat,2,143,2373;4329;4626;1410;2981;4424;2790;2919;3592;1032;3696;2751;1519;4534;4278;2848,16,213390,,10,1.0,1.0
faiss-flat,2,144,4304;2429;3141;118;2982;42;3492;3562;3021;4537;1060;2877;1261;2032;2332;2431,16,226890,,10,1.0,1.0
faiss-flat,2,145,1172;1086;2035;2905;1429;2411;1611;3346;4503;3230;1272;3415;3135;3341;743;2399,16,234923,,10,1.0,1.0
faiss-flat,2,146,4876;386;2295;1326;2483;532;885;1038;236;2844;2505;3939;3981;4530;3280;2443,16,227912,,10,1.0,1.0
faiss-flat,2,147,1521;542;1560;3755;2320;1900;438;2613;16;3808;1479;318;1305;4041;62;262,16,212729,,10,1.0,1.0
faiss-flat,2,148,1091;3483;4131;1074;997;3811;3920;1422;3773;4145;3867;4408;4326;3133;4032;3140,16,208693,,10,1.0,1.0
faiss-flat,2,149,349;2224;4666;3151;77;4267;4904;2254;4008;4795;4857;3575;2676;4746;675;2463,16,223686,,10,1.0,1.0
faiss-flat,2,150,2987;2713;2287;2475;4767;3705;860;2601;1666;960;2223;1246;607;3369;4150;2549,16,230245,,10,1.0,1.0
faiss-flat,2,151,3630;408;3202;4908;3331;4435;417;3442;71;3807;4039;1130;371;3049;1157;4199,16,229995,,10,1.0,1.0
faiss-flat,2,152,1050;4834;1100;474;2739;3048;2061;950;3799;1276;1344;2547;2609;1620;584;1142,16,226971,,10,1.0,1.0
faiss-flat,2,153,2653;4338;339;2485;970;3291;628;4205;4206;2819;1807;2729;3347;3819;2235;3979,16,233751,,10,1.0,1.0
faiss-flat,2,154,3491;3281;4828;2722;1570;3701;507;4253;786;2777;787;2991;2257;2008;4869;2567,16,227431,,10,1.0,1.0
faiss-flat,2,155,2339;2488;2563;2070;3078;4989;3671;4528;4247;2677;1004;2747;625;434;3055;2655,16,228904,,10,1.0,1.0
faiss-flat,2,156,884;2208;3487;2434;2473;4973;1531;4427;488;2909;3351;3211;1088;2416;3307;1942,16,227752,,10,1.0,1.0
faiss-flat,2,157,566;3475;2911;494;1245;2725;3971;382;1548;3989;3957;4769;4670;520;3390;4995,16,229004,,10,1.0,1.0
faiss-flat,2,158,1119;1800;2259;1082;1333;3057;1618;3379;557;2559;4198;1826;3595;4504;2318;4321,16,232900,,10,1.0,1.0
faiss-flat,2,159,996;734;1357;2831;1000;3359;4686;3227;1811;2731;4254;3058;1199;4592;2265;3903,16,227511,,10,1.0,1.0
faiss-flat,2,160,2367;4924;2897;4379;4706;3389;2424;2700;3084;3854;2528;698;1145;282;1448;3551,16,228513,,10,1.0,1.0
faiss-flat,2,161,1555;4040;3996;3019;189;4314;68;3511;195;4888;3205;3385;3963;1820;4526;2839,16,228523,,10,1.0,1.0
faiss-flat,2,162,1806;4497;2356;2667;2780;344;4897;4077;1113;3039;298;2826;4842;3384;844;3519,16,227822,,10,1.0,1.0
faiss-flat,2,163,2595;3553;3016;4572;1512;4037;451;3571;2928;4264;4263;2685;3128;4892;813;3839,16,235444,,10,1.0,1.0
faiss-flat,2,164,2579;4717;3220;4837;1189;2999;4586;2763;4259;1864;763;4736;1263;3303;936;3023,16,230205,,10,1.0,1.0
faiss-flat,2,165,3558;3024;2365;3348;1856;2200;2496;3653;4092;3831;1647;2957;3237;1772;968;3167,16,231177,,10,1.0,1.0
faiss-flat,2,166,2574;4661;2420;3983;4345;3424;4216;3471;4535;2240;4113;3699;712;2916;2682;3716,16,229695,,10,1.0,1.0
faiss-flat,2,167,3614;740;504;4896;3104;4121;467;3440;458;2785;2394;2843;3514;1414;4621;2992,16,228102,,10,1.0,1.0
faiss-flat,2,168,201;120;4214;3178;2397;2272;105;4271;1645;1084;2409;3184;2639;1648;1477;2927,16,232980,,10,1.0,1.0
faiss-flat,2,169,633;1686;2489;4926;279;3131;4190;4163;1636;752;2688;4527;3628;3017;2059;3607,16,235544,,10,1.0,1.0
faiss-flat,2,170,2221;2188;4468;2841;3474;544;1801;2887;1356;346;3664;3299;569;4050;979;790,16,227862,,10,1.0,1.0
faiss-flat,2,171,1664;3723;2441;1114;2354;3374;2852;4996;4158;3429;3994;4315;980;1026;3544;2879,16,235644,,10,1.0,1.0
faiss-flat,2,172,1080;2734;4573;2586;1608;3153;4220;3361;3144;3105;47;622;2658;2562;841;3394,16,230166,,10,1.0,1.0
faiss-flat,2,173,3476;3857;2271;4784;4105;2859;771;4135;3364;4381;506;3574;3076;3545;4778;3447,16,233941,,10,1.0,1.0
faiss-flat,2,174,1595;4627;2201;2931;2860;3940;2484;4261;4477;540;1480;3625;2939;3539;3079;4871,16,220340,,10,1.0,1.0
faiss-flat,2,175,2718;4007;4630;1810;1486;4931;2116;1078;1991;450;1893;306;543;4598;3315;2951,16,231027,,10,1.0,1.0
faiss-flat,2,176,1463;590;3623;4257;2073;2966;2277;4136;2305;4724;2891;2917;2469;152;999;2971,16,221683,,10,1.0,1.0
faiss-flat,2,177,1161;3821;2723;554;692;2878;4402;3871;3268;2873;2292;3722;1616;3507;3306;4123,16,232399,,10,1.0,1.0
faiss-flat,2,178,2407;4416;3914;642;1517;714;608;3099;848;4833;4549;1182;4429;4562;1857;2822,16,214792,,10,1.0,1.0
faiss-flat,2,179,67;4236;3964;4691;3515;974;1493;1982;2069;3129;178;4024;2507;1258;296;3201,16,234802,,10,1.0,1.0
faiss-flat,2,180,1063;3615;2414;2959;1286;2120;704;2994;2040;1508;311;4171;3892;1756;2805;2870,16,217116,,10,1.0,1.0
faiss-flat,2,181,3317;3780;2524;2993;2604;1992;3792;2582;3837;4067;1218;3888;534;2138;2083;4543,16,235924,,10,1.0,1.0
faiss-flat,2,182,3308;3349;3729;814;1888;4576;55;358;3321;558;2372;1330;1964;4268;1340;3247,16,218077,,10,1.0,1.0
faiss-flat,2,183,1952;4832;1786;3363;1013;3617;2953;4786;369;1064;157;4376;4652;1506;3044;3455,16,230656,,10,1.0,1.0
faiss-flat,2,184,3502;4779;878;2334;2864;3256;4685;1990;1658;1916;3027;4107;1959;4387;2362;3767,16,221493,,10,1.0,1.0
faiss-flat,2,185,3241;2640;2817;410;953;512;502;854;425;2924;3936;1878;3284;4613;4439;582,16,228513,,10,1.0,1.0
faiss-flat,2,186,2935;3853;2741;4831;539;2712;1581;3528;2121;2084;2602;938;3148;4452;3195;2997,16,215384,,10,1.0,1.0
faiss-flat,2,187,4310;3800;4399;1858;1489;3229;1456;3391;2783;432;4004;3257;4505;4341;2942;3791,16,235513,,10,1.0,1.0
faiss-flat,2,188,85;3739;620;3121;2276;132;2835;1134;843;4851;3093;1802;1240;1204;3624;3769,16,219400,,10,1.0,1.0
faiss-flat,2,189,3427;1914;4747;2818;2855;1708;176;4780;639;4352;1450;4047;3441;962;683;1478,16,234933,,10,1.0,1.0
faiss-flat,2,190,84;4417;2631;2578;1396;448;4258;4855;986;3215;2237;4947;2202;1174;3953;3695,16,214822,,10,1.0,1.0
faiss-flat,2,191,4632;4945;3869;3251;635;4744;4915;2654;826;2304;3047;1146;2187;4803;815;3263,16,227852,,10,1.0,1.0
faiss-flat,2,192,213;4599;3611;194;1585;3091;621;4188;2788;284;531;1974;3407;1180;3260;3367,16,215934,,10,1.0,1.0
faiss-flat,2,193,12;2608;25;3236;3037;2140;576;4066;315;2598;2239;3343;819;3543;1159;3423,16,225107,,10,1.0,1.0
faiss-flat,2,194,3651;3387;2392;4357;4501;1490;2106;4303;4873;3683;3089;3175;1819;4194;729;3679,16,223445,,10,1.0,1.0
faiss-flat,2,195,547;3697;1337;2346;1332;2168;4225;2678;3563;2796;2901;3301;4574;606;87;4704,16,232999,,10,1.0,1.0
faiss-flat,2,196,2074;2340;427;3894;1510;4963;2317;3703;2551;3681;3670;4889;375;2532;1956;3371,16,215383,,10,1.0,1.0
faiss-flat,2,197,3896;2286;1135;1970;941;4650;994;3731;1781;4925;3891;3034;4785;3164;2824;4943,16,234813,,10,1.0,1.0
faiss-flat,2,198,1673;3431;3569;4919;3552;1652;2575;2910;1257;3930;1554;1526;3812;4829;4893;4161,16,231777,,10,1.0,1.0
faiss-flat,2,199,3409;4187;1162;3965;1107;1760;1561;3915;4168;200;4048;2086;1872;1036;1861;3689,16,244136,,10,1.0,1.0
faiss-flat,2,200,221;3711;491;4629;4204;3627;1848;1934;3737;3130;1700;4942;975;4542;223;822,16,233781,,10,1.0,1.0
faiss-flat,2,201,2727;4428;627;2810;659;4821;3253;3976;4900;3405;3955;94;4372;3905;3453;3647,16,223766,,10,1.0,1.0
faiss-flat,2,202,4813;4719;2863;3134;3704;4655;3336;4072;3185;3480;1513;2142;563;234;1353;4207,16,245148,,10,1.0,1.0
faiss-flat,2,203,3011;3768;2908;2706;4693;1678;2663;4788;876;442;1484;3827;1471;3795;1691;3583,16,232950,,10,1.0,1.0
faiss-flat,2,204,3100;2526;4972;2738;4060;856;1229;3377;2130;1372;4796;4476;2170;1220;3400;3314,16,225738,,10,1.0,1.0
faiss-flat,2,205,1055;1488;3337;3972;1847;562;4585;2174;1168;2034;1751;4800;4707;2090;3859;2214,16,205729,,10,1.0,1.0
faiss-flat,2,206,3779;3469;3833;3747;2195;626;3735;4743;972;4249;2157;4075;313;1904;89;2902,16,224867,,10,1.0,1.0
faiss-flat,2,207,803;3330;4447;2642;2299;3537;1164;1582;623;172;2344;1854;4378;2704;2156;2502,16,208583,,10,1.0,1.0
faiss-flat,2,208,1496;1274;24;3680;3242;4201;2447;4153;1205;4622;468;1010;3813;4793;4122;4559,16,234512,,10,1.0,1.0
faiss-flat,2,209,3885;162;4363;2458;3687;2378;1148;3375;3295;1188;3601;1294;4490;3386;2343;422,16,209915,,10,1.0,1.0
faiss-flat,2,210,4274;4133;384;278;1368;3823;3000;4508;1569;3897;3262;886;2847;1394;2765;3496,16,240641,,10,1.0,1.0
faiss-flat,2,211,4978;3909;140;1910;4157;3028;4867;4906;4886;3919;1354;3527;1637;28;3358;3945,16,224196,,10,1.0,1.0
faiss-flat,2,212,733;4117;3803;4606;3929;374;1998;750;1925;88;648;3118;3596;2820;877;1046,16,241773,,10,1.0,1.0
faiss-flat,2,213,619;2426;3445;1514;1663;4999;3564;1550;1840;3414;3003;3817;3413;612;184;4223,16,224677,,10,1.0,1.0
faiss-flat,2,214,3396;124;2176;4395;2351;3720;1076;3473;2031;1126;253;2178;97;4811;137;758,16,241773,,10,1.0,1.0
faiss-flat,2,215,2915;4129;3675;1242;3233;4845;1604;4551;1720;2670;1534;1034;3645;1812;2623;4669,16,225088,,10,1.0,1.0
faiss-flat,2,216,753;3899;3031;3438;4498;3632;3642;4371;945;4079;114;3150;4404;4808;1853;230,16,227842,,10,1.0,1.0
faiss-flat,2,217,3029;3736;2379;106;551;1936;2730;3688;1676;3605;1500;4044;2979;4279;4955;3495,16,222344,,10,1.0,1.0
faiss-flat,2,218,7;3006;1461;1458;2482;1016;1324;4013;4319;3585;2736;2726;1986;2858;1024;4027,16,241883,,10,1.0,1.0
faiss-flat,2,219,2866;1194;2471;4023;3967;330;4595;1022;2735;2444;4953;842;2091;4045;800;2566,16,219069,,10,1.0,1.0
faiss-flat,2,220,2205;1612;103;3378;2192;4012;52;1630;4229;984;4065;1066;2181;248;3980;406,16,226270,,10,1.0,1.0
faiss-flat,2,221,39;4361;356;4021;4581;1140;3143;2358;2576;1392;3147;874;2615;1792;2117;3861,16,210086,,10,1.0,1.0
faiss-flat,2,222,4266;1006;1040;4003;961;3344;2969;4231;4902;580;2871;2326;1717;930;2391;3318,16,240732,,10,1.0,1.0
faiss-flat,2,223,825;3633;4983;1902;409;46;4128;1454;3065;4799;3335;4679;4290;4777;1039;3741,16,223125,,10,1.0,1.0
faiss-flat,2,224,2217;4189;83;430;4922;4797;4515;3758;299;1600;3581;666;3674;1216;4026;4718,16,237767,,10,1.0,1.0
faiss-flat,2,225,2289;948;3594;3825;1907;4002;869;4671;2616;764;3489;1522;136;1714;1965;3494,16,206760,,10,1.0,1.0
faiss-flat,2,226,367;772;3198;4879;3484;3154;2490;4119;821;4101;3650;610;794;4688;36;3635,16,220331,,10,1.0,1.0
faiss-flat,2,227,1764;3372;868;2774;3465;4130;2323;4591;656;882;691;4687;3889;2300;3775;4895,16,211457,,10,1.0,1.0
faiss-flat,2,228,1400;4389;1467;4967;3942;3578;4741;4517;1562;1932;3401;4856;1468;988;4369;4727,16,225788,,10,1.0,1.0
faiss-flat,2,229,1273;1886;1654;150;317;4651;4227;4921;2395;1564;4898;4451;2784;34;4445;486,16,215573,,10,1.0,1.0
faiss-flat,2,230,926;4536;2147;4933;2874;616;2651;846;3985;710;597;1226;4184;1930;4752;2950,16,242133,,10,1.0,1.0
faiss-flat,2,231,2889;2226;243;2102;572;4600;2773;3815;38;934;2698;4604;4394;3600;4689;2630,16,223015,,10,1.0,1.0
faiss-flat,2,232,1882;4937;2449;4051;2550;32;2260;1166;3995;2446;3279;4961;1631;2648;3362;1302,16,238237,,10,1.0,1.0
faiss-flat,2,233,4496;2014;954;4233;3449;3743;10;110;350;2894;4169;4446;4142;3759;3119;3046,16,213841,,10,1.0,1.0
faiss-flat,2,234,3858;2906;1527;4061;2555;2462;3467;3836;1434;290;1726;4610;21;4471;3842;4095,16,224046,,10,1.0,1.0
faiss-flat,2,235,3169;548;1366;1670;321;4283;4307;3863;4817;3975;2016;4939;4822;1940;685;1094,16,208423,,10,1.0,1.0
faiss-flat,2,236,4640;2472;2328;4425;3304;4913;2815;1054;3786;1696;3517;1234;3875;372;2767;2886,16,221863,,10,1.0,1.0
faiss-flat,2,237,2076;1068;2436;3142;1912;3937;3255;4758;4317;1946;1303;2646;3973;2746;2038;3622,16,218087,,10,1.0,1.0
faiss-flat,2,238,4941;4917;4181;1682;1906;1624;3120;3126;2278;4313;1740;3422;4713;780;827;4260,16,225168,,10,1.0,1.0
faiss-flat,2,239,3493;1642;995;1950;1535;4759;1444;3366;2699;4782;4316;1754;4084;48;925;3999,16,212810,,10,1.0,1.0
faiss-flat,2,240,2007;4601;3665;258;3357;2388;2523;238;3073;2686;4923;3546;1984;2592;2899;4423,16,227492,,10,1.0,1.0
faiss-flat,2,241,3036;4336;1470;1202;1081;3947;45;3646;3924;1156;4738;2042;618;4155;26;2406,16,211818,,10,1.0,1.0
faiss-flat,2,242,1621;4677;370;3838;4407;3959;3663;990;2153;3828;3593;4235;3061;1328;2659;3923,16,234962,,10,1.0,1.0
faiss-flat,2,243,4523;3426;3072;3907;3559;708;4442;3286;2043;1388;1403;1650;2581;3446;465;3782,16,213861,,10,1.0,1.0
faiss-flat,2,244,3156;1814;100;222;329;4256;2918;4243;4772;808;3388;4162;2063;4192;2319;3935,16,229614,,10,1.0,1.0
faiss-flat,2,245,2764;4365;3481;2134;335;4675;4850;4415;2786;4342;3250;4729;1383;3766;759;4567,16,212589,,10,1.0,1.0
faiss-flat,2,246,1539;4269;186;4308;3513;4532;4938;2494;4647;4367;1841;4625;4578;888;3170;4703,16,231768,,10,1.0,1.0
faiss-flat,2,247,662;4172;1223;226;1409;2418;3576;4847;983;1298;361;3506;1049;1362;2521;4987,16,220711,,10,1.0,1.0
faiss-flat,2,248,308;2004;1723;1698;718;3098;687;4957;3479;3798;4434;4491;605;56;2781;1238,16,227452,,10,1.0,1.0
faiss-flat,2,249,4174;526;2198;2854;731;288;2033;4589;1763;1224;791;1158;521;644;4285;4555,16,213380,,10,1.0,1.0
faiss-flat,2,250,2183;3340;2742;1586;3883;2834;679;4783;1312;4241;3726;3602;3338;4494;4997;4552,16,230436,,10,1.0,1.0
faiss-flat,2,251,2062;4410;4221;1270;2148;1374;1092;4639;1138;86;1424;3430;2247;1252;4636;4323,16,214972,,10,1.0,1.0
faiss-flat,2,252,476;2480;3417;2690;2324;3744;2331;4467;676;4633;893;2058;2094;232;263;630,16,233820,,10,1.0,1.0
faiss-flat,2,253,816;2716;2036;1546;2301;3820;4612;4355;2314;796;2244;706;144;3868;3649;1926,16,213540,,10,1.0,1.0
faiss-flat,2,254,3895;1108;3667;4473;53;3568;1838;2270;1598;2622;1504;766;767;4516;1835;4791,16,233551,,10,1.0,1.0
faiss-flat,2,255,2410;3954;2900;4362;1462;312;3977;1310;2479;2380;1712;4667;2152;4754;4005;966,16,227552,,10,1.0,1.0
faiss-flat,2,256,4312;3436;3970;3818;788;2754;916;1622;2155;2064;2829;1178;4809;4330;4289;4143,16,243165,,10,1.0,1.0
faiss-flat,2,257,1536;3288;208;4106;1556;588;4250;294;4944;3912;4088;4959;485;1420;2011;4006,16,229434,,10,1.0,1.0
faiss-flat,2,258,754;3208;4401;514;2169;2638;2978;2558;3033;1210;1943;2230;1187;3300;867;4775,16,244317,,10,1.0,1.0
faiss-flat,2,259,1528;2748;193;4715;3365;4936;746;3774;1382;1502;331;214;757;3856;4388;4431,16,212289,,10,1.0,1.0
faiss-flat,2,260,2256;310;4763;4836;2044;2934;1415;1958;3916;586;3684;578;3410;3412;2189;4665,16,229504,,10,1.0,1.0
faiss-flat,2,261,527;900;2883;646;1117;946;3580;4191;1988;4056;1266;1790;4801;1782;4178;3910,16,209785,,10,1.0,1.0
faiss-flat,2,262,3082;1730;1028;530;4740;1152;4946;326;2975;2266;131;90;3900;4570;3274;2486,16,242904,,10,1.0,1.0
faiss-flat,2,263,1892;2720;1626;1590;4986;3432;3509;4293;1511;672;3968;2442;1287;4368;2963;4768,16,228413,,10,1.0,1.0
faiss-flat,2,264,2197;924;2869;2714;3898;1446;2045;1822;3548;3876;391;366;4019;2668;4380;4617,16,242164,,10,1.0,1.0
faiss-flat,2,265,1727;1160;4500;2694;478;1380;1895;2542;3265;4100;2983;1150;2853;3066;158;998,16,226650,,10,1.0,1.0
faiss-flat,2,266,142;4731;1483;3354;3855;862;76;3918;2946;4848;713;354;4852;4557;1501;4463,16,241653,,10,1.0,1.0
faiss-flat,2,267,2865;1920;3656;1850;2405;4297;1753;4519;3325;1260;220;4619;3997;3218;3111;774,16,210415,,10,1.0,1.0
faiss-flat,2,268,636;726;4725;4438;4397;4030;2862;4489;1296;4146;247;3370;1565;4674;4127;4935,16,226490,,10,1.0,1.0
faiss-flat,2,269,43;2884;863;2938;1170;732;3199;4529;765;2194;3228;418;2293;2450;4521;3206,16,224387,,10,1.0,1.0
faiss-flat,2,270,505;4603;3763;4383;1980;1250;2647;3998;2432;3498;798;4098;392;2872;4907;902,16,212859,,10,1.0,1.0
faiss-flat,2,271,2284;2338;3360;3534;4377;836;1960;3694;524;3742;3490;4074;777;2476;51;3014,16,224086,,10,1.0,1.0
faiss-flat,2,272,2022;1540;2089;2302;3187;1770;431;4563;2535;1322;4078;174;2234;1472;4774;2438,16,215183,,10,1.0,1.0
faiss-flat,2,273,352;462;1285;4507;1768;858;3067;1734;3751;1198;1147;102;1607;160;91;4571,16,236715,,10,1.0,1.0
faiss-flat,2,274,1903;122;3434;3678;1880;850;778;2110;4200;402;4081;2802;1133;228;2766;1398,16,212890,,10,1.0,1.0
faiss-flat,2,275,2173;3080;1299;286;4787;2856;182;1718;3042;4582;1314;4518;188;2868;4726;1798,16,229595,,10,1.0,1.0
faiss-flat,2,276,3252;4054;1749;4887;3908;3122;553;4594;2333;3810;4209;4657;4103;4208;1235;2054,16,218508,,10,1.0,1.0
faiss-flat,2,277,2103;3572;187;146;2268;624;4455;3166;4762;956;3285;1494;2980;2778;2538;2342,16,239349,,10,1.0,1.0
faiss-flat,2,278,2771;4664;1954;4579;784;4348;4760;1230;4885;2926;3235;3054;351;2514;2347;2006,16,234762,,10,1.0,1.0
faiss-flat,2,279,1241;922;3272;4583;3458;3870;2752;4487;1530;1870;31;58;3002;4560;2947;4607,16,242905,,10,1.0,1.0
faiss-flat,2,280,4295;1048;333;1830;4287;4773;447;4875;2108;4118;3043;3454;2186;1704;614;2838,16,227992,,10,1.0,1.0
faiss-flat,2,281,3203;1320;3944;426;255;2832;4794;3846;3163;4513;4270;2606;4511;1694;2133;198,16,249034,,10,1.0,1.0
faiss-flat,2,282,585;4320;2948;3618;4509;1406;1662;1190;275;2466;1809;4708;79;1370;2184;1062,16,226270,,10,1.0,1.0
faiss-flat,2,283,2150;4340;1030;1834;2078;4046;496;1702;2360;1212;3504;50;1407;1868;3500;4991,16,236985,,10,1.0,1.0
faiss-flat,2,284,545;2288;2029;134;2381;866;3063;4882;4443;3702;1733;4863;1591;3690;4918;2806,16,232960,,10,1.0,1.0
faiss-flat,2,285,2092;1384;2308;3654;940;4036;304;742;3661;1044;6;4929;3339;4346;776;4623,16,239990,,10,1.0,1.0
faiss-flat,2,286,3294;4160;839;3342;1291;2384;3522;3478;1318;1876;2452;1894;795;2294;4053;3158,16,227642,,10,1.0,1.0
faiss-flat,2,287,2740;1592;982;166;2737;2756;3521;1646;840;4705;2989;3570;4073;3666;1578;4927,16,240831,,10,1.0,1.0
faiss-flat,2,288,2530;3794;1386;4474;3787;2264;3826;4550;928;4970;1747;2990;4049;522;660;4262,16,208382,,10,1.0,1.0
faiss-flat,2,289,1762;4584;529;918;1827;2510;498;3934;1387;210;3226;910;2885;3560;694;3398,16,234542,,10,1.0,1.0
faiss-flat,2,290,1313;4384;1219;3254;4063;482;2273;4823;3658;3708;3599;270;2177;4480;501;342,16,228333,,10,1.0,1.0
faiss-flat,2,291,2769;4406;1629;3530;3086;4805;892;4478;4866;54;4901;3538;3032;4839;1243;4830,16,241873,,10,1.0,1.0
faiss-flat,2,292,723;2850;4096;762;3880;1688;1343;1542;439;4296;4390;1938;2451;3296;1649;2518,16,233391,,10,1.0,1.0
faiss-flat,2,293,362;4144;183;634;1375;1090;783;1918;179;592;4215;4154;964;3324;4789;2534,16,241412,,10,1.0,1.0
faiss-flat,2,294,4826;3402;779;2218;2242;942;269;2246;668;1376;4137;1706;399;872;3639;2374,16,206931,,10,1.0,1.0
faiss-flat,2,295,2744;4418;415;3686;4337;4232;2867;3526;1308;2026;599;1746;1776;2932;159;3270,16,226129,,10,1.0,1.0
faiss-flat,2,296,3345;4440;3749;1014;2393;3822;2503;2998;2382;4110;3157;2958;574;3464;2101;2118,16,206480,,10,1.0,1.0
faiss-flat,2,297,1545;2162;3276;658;2487;1796;3110;3566;1755;2962;2464;2366;3966;1968;4222;4742,16,228763,,10,1.0,1.0
faiss-flat,2,298,4711;2050;3832;3762;4992;4284;3612;3974;1639;2898;1710;4170;510;2968;546;1606,16,210386,,10,1.0,1.0
faiss-flat,2,299,1874;638;334;3382;470;4616;4196;2614;218;116;3411;246;1255;4909;4449;3590,16,228663,,10,1.0,1.0
faiss-flat,2,300,1738;1438;2755;1214;3083;1794;617;4014;4860;1268;3745;4662;3333;4020;2498;4294,16,213501,,10,1.0,1.0
faiss-flat,2,301,4699;832;689;2322;2435;1316;4844;1566;407;2206;3911;3282;203;3328;2310;4134,16,234522,,10,1.0,1.0
faiss-flat,2,302,1284;2252;2587;3730;2590;3662;3921;1350;1828;3830;2243;894;1437;332;1939;1334,16,233450,,10,1.0,1.0
faiss-flat,2,303,4653;3406;2353;1102;4954;3456;2402;838;4928;44;1949;3018;4960;2002;2923;454,16,240370,,10,1.0,1.0
faiss-flat,2,304,3852;3840;3302;2798;2985;4212;3987;4638;3275;4977;4028;1278;932;3638;4035;3030,16,227311,,10,1.0,1.0
faiss-flat,2,305,4472;428;4751;4018;3874;2048;3005;2046;3472;1498;4700;3886;500;1012;4202;518,16,248813,,10,1.0,1.0
faiss-flat,2,306,3289;976;3248;686;2415;4182;4676;4350;725;3056;3591;1750;4643;3298;587;2262,16,208933,,10,1.0,1.0
faiss-flat,2,307,436;914;3788;3754;1687;2890;227;1430;2222;2030;613;4042;4565;2136;2666;4038,16,247391,,10,1.0,1.0
faiss-flat,2,308,4147;390;4998;242;944;4010;2460;22;1778;314;2561;2974;2364;870;30;1862,16,228092,,10,1.0,1.0
faiss-flat,2,309,3776;1352;4403;2398;3606;4086;1683;2710;4034;1128;2468;4238;2107;1110;2316;1254,16,228793,,10,1.0,1.0
faiss-flat,2,310,2112;2422;3428;730;2095;1358;1469;3070;967;768;3190;898;3797;1656;4660;3958,16,230636,,10,1.0,1.0
faiss-flat,2,311,1211;1576;2645;2478;2508;3416;1127;2454;400;168;1568;70;3510;170;260;1222,16,209654,,10,1.0,1.0
faiss-flat,2,312,992;1538;3223;3174;3159;324;373;1774,8,124487,,10,1.0,1.0
