split,query_index,ids
tuning,0,97120;6646;30758;21362;94110;87064;35728;45454;6644;31080
tuning,1,20828;43012;55916;24547;46916;4590;19522;36172;79596;63958
tuning,2,33556;69818;16278;76024;13890;82350;2026;94997;18602;97124
tuning,3,21046;61062;92794;81634;28948;60878;81382;27876;80840;12710
tuning,4,53030;53040;24850;15850;46864;43594;17238;23100;20830;20186
tuning,5,94997;18602;20936;19576;18780;19850;18726;18932;31366;19254
tuning,6,95278;53706;99709;1330;55176;2994;3462;496;13514;10528
tuning,7,56370;56426;94560;63450;96056;2774;54258;62944;19658;57048
tuning,8,35258;53284;35155;27616;13975;96922;12856;9895;1670;77080
tuning,9,69662;49174;54109;65310;59060;15480;724;56024;29126;55388
tuning,10,99749;99020;99564;91580;31035;74396;63343;43354;62434;30194
tuning,11,62764;70848;24043;34536;57520;27682;34690;26368;10310;51568
tuning,12,64742;15874;15783;91688;20488;15487;48244;74895;17802;60388
tuning,13,99821;37220;41092;684;80784;99681;58446;58578;40228;13890
tuning,14,65244;55686;64834;11164;64788;3042;82992;61408;26692;21602
tuning,15,23749;9254;14262;84806;56008;16780;64522;77496;11444;10576
tuning,16,99709;54194;26372;96912;3462;22160;24102;23196;8943;80668
tuning,17,2047;12016;98245;910;17382;23030;35456;94242;59164;95932
tuning,18,51324;51498;22718;18346;45764;47490;81778;96146;74836;63958
tuning,19,78552;97124;20376;52764;79328;72996;33556;13922;42194;42075
tuning,20,87201;86525;26528;88972;76563;90112;96484;77028;59280;16215
tuning,21,21320;36288;74836;47490;26744;40286;22718;28376;75858;69818
tuning,22,14122;99821;37220;13890;88676;35124;26032;14160;98700;14992
tuning,23,88972;76563;87201;96484;26528;35494;17056;77028;56400;90112
tuning,24,90350;94662;94732;97758;28572;98636;56276;98731;34766;37596
tuning,25,9312;14847;9582;77306;51154;81854;89286;14966;27340;77496
tuning,26,97120;6646;6644;35728;45454;31080;55962;18900;80290;21362
tuning,27,1080;2344;8378;574;85376;97120;6234;62213;522;35114
tuning,28,97120;6646;6644;35728;45454;31080;55962;7682;21362;18900
tuning,29,18794;89938;39232;26556;52256;64021;40034;542;91862;40971
tuning,30,71470;84858;72527;51470;15709;78760;4154;26970;71330;95885
tuning,31,61556;68898;50114;76623;51702;16648;39694;82659;24010;5348
tuning,32,91992;96718;19050;92700;23554;19133;23671;23824;26182;23570
tuning,33,10111;25442;50480;49848;12951;21656;50008;89808;51222;26970
tuning,34,85088;57089;996;85552;48834;16100;63222;84300;82682;44702
tuning,35,78174;96238;5992;70237;10760;97440;25934;56490;66774;11758
tuning,36,1011;40868;57471;57712;13610;76818;85658;32798;11220;33882
tuning,37,24114;41060;90814;23061;10316;16210;14902;59168;4934;59770
tuning,38,95414;94002;89125;32302;40628;22416;10663;96372;25168;78268
tuning,39,2068;91243;98102;99516;78930;92050;99476;65880;93036;97959
tuning,40,99434;340;376;21016;53421;50716;63880;91050;88625;7998
tuning,41,99498;47582;98080;97248;104;68945;86510;28034;76996;29068
tuning,42,85584;95825;43874;56618;49980;33638;17326;22546;45174;86016
tuning,43,78752;81074;69164;67560;76453;78930;87093;14064;79492;98424
tuning,44,20952;22476;28912;41351;17926;15200;2618;59580;36210;85676
tuning,45,26970;3154;61030;78760;63342;5730;550;75369;25764;86259
tuning,46,26919;20130;80658;97806;28188;23702;57876;2474;28763;66634
tuning,47,14726;1756;13190;57757;47424;95030;74334;95476;29514;15386
tuning,48,85328;75062;79358;79646;70131;68149;68170;38920;99324;63343
tuning,49,62396;32080;56930;35478;32598;33904;67610;70214;41570;43528
tuning,50,10276;51604;39102;39406;33270;80286;20756;26276;57546;57410
tuning,51,94748;93418;86754;94570;94434;31584;75354;86394;89557;4539
tuning,52,62400;55576;78164;83094;18699;99539;83168;22494;90476;17368
tuning,53,99916;24362;28812;23872;37108;9762;54086;24772;6152;2078
tuning,54,88461;93798;80540;86180;89151;98012;8550;83820;90350;98636
tuning,55,51324;22718;18346;45764;87902;96146;580;1322;51498;81778
tuning,56,60388;62044;22567;22798;22720;18608;19274;14572;36480;54564
tuning,57,85552;57089;85088;996;48834;5844;16100;17052;82682;84300
tuning,58,36743;2144;2191;84276;11698;10256;35956;10540;79494;11696
tuning,59,50190;90712;44828;9334;93591;75178;9293;11150;15282;85110
tuning,60,16990;56506;39105;95990;31368;7326;3931;95390;84806;86548
tuning,61,67668;39642;37623;81534;86628;38308;39322;94068;59256;15006
tuning,62,23234;60662;35974;86580;61880;85765;90028;9064;96948;63924
tuning,63,37426;67638;21260;28507;99678;32320;60333;43054;26739;4854
tuning,64,97120;1080;6234;8378;6066;522;2344;574;27626;85376
tuning,65,93798;89151;8550;73611;80540;6536;86180;81046;88461;98636
tuning,66,88972;96484;76563;87201;90112;17056;71644;56400;77028;16215
tuning,67,34504;736;26240;55916;6428;78402;52462;3094;17608;26936
tuning,68,34444;99821;3178;13890;28376;26032;93258;37554;99681;35456
tuning,69,59256;32510;47556;19012;7150;89658;5082;80668;45652;45237
tuning,70,98690;85048;79764;99344;57629;46700;12040;62528;59882;96445
tuning,71,26229;4255;35928;71142;23066;19788;28912;14844;19524;63598
tuning,72,41619;92864;40654;66538;41244;92976;53398;43594;64090;12254
tuning,73,99000;46960;35508;22587;49452;19760;37197;45000;66618;17924
tuning,74,4243;352;15740;11372;12280;9055;17474;73570;49308;1906
tuning,75,99958;96114;816;26156;45638;62713;64674;300;59734;43010
tuning,76,99000;46960;35508;22587;49452;19760;37197;45000;18200;66618
tuning,77,12254;12197;52334;11516;1064;1659;12864;41619;49806;40646
tuning,78,18904;27648;16631;24016;61945;95621;63924;15822;83100;85765
tuning,79,2564;95274;66034;63710;93654;95081;46336;87728;1176;59762
tuning,80,84870;15768;60204;95606;20848;14454;23746;46758;49188;4776
tuning,81,58708;9890;63598;88114;32719;93037;14608;91374;54786;57216
tuning,82,59898;58732;60336;26941;9730;56155;74222;54788;56322;40280
tuning,83,44954;46022;45026;45930;45875;1000;42618;44898;13166;29880
tuning,84,66538;40654;41619;41244;53398;92864;92976;43594;53208;12254
tuning,85,34566;10980;54692;54572;19788;73762;66364;51030;20518;34790
tuning,86,54720;27224;9148;66212;43143;9994;14274;65488;16438;88114
tuning,87,34566;10980;22360;73762;56588;45791;19788;51030;13975;10619
tuning,88,15822;61945;85765;86597;24162;24016;23822;18904;9064;61880
tuning,89,60420;61118;60496;26116;63726;15740;60874;60465;66748;21828
tuning,90,420;9810;59702;68160;5428;53707;87336;10508;82292;7822
tuning,91,99859;74555;9880;15604;58924;9786;5344;92460;5172;42248
tuning,92,99654;40868;13166;84748;30166;28434;30054;10150;41816;93680
tuning,93,41060;24114;10316;33758;7370;16210;90814;91436;23061;8760
tuning,94,99990;2894;38746;16778;6278;73286;85926;66952;25162;4196
tuning,95,2935;75952;77378;49240;4674;52248;59776;96308;91783;43749
tuning,96,67468;16438;42264;65488;54720;9148;43143;79560;64376;16558
tuning,97,86016;49980;86259;45174;41568;58538;29186;10980;168;32719
tuning,98,2068;78930;91243;92050;98424;98102;93036;99516;65880;96603
tuning,99,99891;52234;14934;34372;23859;30186;73644;73307;11014;25272
tuning,100,57290;16010;50426;51004;2267;79524;79294;15966;50244;2230
tuning,101,99020;99564;99749;31035;62434;43354;30194;63343;74396;50070
tuning,102,74396;71876;57078;25047;99324;68040;68170;63343;37228;14062
tuning,103,85328;72190;79358;38920;70131;75062;29544;71876;63343;28900
tuning,104,92650;19870;35114;16428;61266;49614;23004;41581;87266;61290
tuning,105,94748;94570;22030;75354;86754;94434;8163;89917;84240;91918
tuning,106,99916;24362;23872;28812;9762;24772;54014;54086;22816;95153
tuning,107,28948;27876;76532;85036;71218;23272;30823;33151;21712;64026
tuning,108,13540;13023;94989;25126;34504;28118;8786;53154;32356;58388
tuning,109,68546;74076;78204;67178;51324;22718;41768;51498;74836;42386
tuning,110,99958;96114;26156;4926;300;816;45638;22128;22618;15006
tuning,111,26644;72950;16040;15748;15840;70974;19384;43920;74110;15452
tuning,112,30898;23726;26886;33165;7988;55474;33939;58173;73438;36052
tuning,113,9294;71671;9590;15450;8846;42683;9486;21547;88918;88944
tuning,114,9870;4813;5659;1579;1402;1396;96169;2062;42442;37719
tuning,115,51546;11704;62112;98104;83741;89240;19831;90476;99702;5536
tuning,116,26146;92428;21398;34566;34790;49308;68698;47532;87818;83638
tuning,117,82310;83592;73826;82328;72686;84620;49324;37432;14778;37498
tuning,118,73826;82310;84620;83592;13188;12104;61528;95582;42563;12322
tuning,119,440;45341;352;10748;17160;87798;10903;89373;1906;82078
tuning,120,44446;33206;429;4710;16114;41770;13212;63455;3620;65880
tuning,121,11764;84870;22128;12134;9726;7712;46058;61398;86723;398
tuning,122,24016;23822;98620;24162;72718;47090;55362;7022;18430;76932
tuning,123,10576;33882;34716;23749;21986;32932;67786;42554;93974;22532
tuning,124,97959;99317;99516;99476;98006;63148;22784;68289;28178;9302
tuning,125,35498;99838;43600;1215;92286;10988;13335;27195;8360;8907
tuning,126,5942;26941;36412;48942;56322;39660;73112;38482;58584;38338
tuning,127,99498;47582;104;98080;97248;28034;68945;102;86510;29068
tuning,128,48690;27876;6851;59667;88670;21362;2630;48180;18878;39820
tuning,129,1318;52271;32428;12134;90764;55830;67762;3000;10120;90
tuning,130,98272;39630;7195;29270;8474;35106;16509;25854;74110;23790
tuning,131,46022;44954;44898;45930;45026;1000;32960;30359;29880;10056
tuning,132,53787;61612;73307;73438;61632;73590;73644;57543;37938;9124
tuning,133,27434;4030;84806;37426;67762;90764;90;22560;88382;50698
tuning,134,4169;39964;29548;94242;95932;8620;83033;97724;39873;39808
tuning,135,5222;41438;40388;41066;65704;9440;41146;3108;40779;72210
tuning,136,91890;91918;89917;98094;84240;22030;90148;8163;89932;86754
tuning,137,99821;684;35547;1796;4590;14160;34542;13890;99681;82344
tuning,138,55450;62162;9952;25155;10116;92467;51564;97254;50812;81268
tuning,139,99709;55349;95278;23196;59667;26372;3462;12347;24208;54194
tuning,140,57410;20756;57546;48589;86150;44828;26052;80286;50665;22982
tuning,141,15586;15552;41498;58924;27204;44131;27042;51148;72828;5172
tuning,142,97422;87572;99344;59882;79764;87344;57629;95186;54640;92844
tuning,143,91992;63030;96718;23671;19133;23554;19050;92700;23824;23754
tuning,144,10972;9654;99686;64902;98524;91462;53274;72528;61967;30288
tuning,145,41060;10316;59770;24114;14902;43918;45100;46426;62713;10832
tuning,146,12079;16218;41368;99030;32026;96146;21090;31802;98166;16215
tuning,147,94002;96372;95414;14980;4309;70237;33166;5296;754;43091
tuning,148,98878;18352;60333;3828;22306;18640;53332;9870;64852;25830
tuning,149,49470;49788;49044;49980;25108;3140;29186;25056;26338;50974
tuning,150,22698;84344;41079;4100;14035;2098;50128;53766;58574;11392
tuning,151,94954;15386;95030;558;75118;1756;57757;95476;68170;24263
tuning,152,81338;81768;72484;99472;74808;95769;80230;39576;11678;12632
tuning,153,30443;87266;30554;8198;74757;62322;8982;15282;10675;96988
tuning,154,94954;32080;95030;5149;41570;25047;35478;54010;93524;37636
tuning,155,98572;69106;51802;97920;29872;34988;1695;56112;81268;46339
tuning,156,60592;62912;30174;90148;17819;84240;98094;86754;81064;89557
tuning,157,93236;67772;52439;88088;18469;90275;39618;14920;63168;49499
tuning,158,18706;62400;90500;68332;68296;88526;84834;33050;64536;12632
tuning,159,57410;20756;57546;26052;80286;50954;85112;48589;41334;85152
tuning,160,88461;86180;87710;88702;87900;87618;93800;83020;94034;82041
tuning,161,29670;51324;96146;22718;21090;29314;99030;78590;81778;18346
tuning,162,19012;27876;23196;24208;18220;45342;19768;32536;51572;4795
tuning,163,22749;60216;97906;70736;46296;23527;52631;85044;87576;22896
tuning,164,64026;13118;42790;5330;48503;7472;29186;9552;93011;16330
tuning,165,73307;57543;53787;73644;73438;73418;73590;61612;71404;9124
tuning,166,12520;906;69626;42394;36364;53274;22998;97111;11978;73044
tuning,167,29186;49980;81496;27124;58538;82214;50974;64288;29250;28528
tuning,168,55680;81840;96238;38834;92670;62182;99476;16380;99516;31002
tuning,169,96266;40714;41602;47178;75117;21134;23758;54720;95606;50826
tuning,170,49470;49788;49044;43874;85818;49980;29186;3140;50974;40714
tuning,171,72856;55450;92467;50812;9952;97254;59432;63951;51174;16374
tuning,172,7456;60858;4781;13044;11694;26919;30867;35884;46254;56882
tuning,173,3975;8912;55362;4332;82505;36862;92736;4666;91852;4588
tuning,174,24683;6362;16802;6420;61174;25580;5946;77496;98476;77306
tuning,175,51324;22718;96146;51498;1322;99030;87902;47490;18346;40014
tuning,176,15394;3459;38680;37248;72210;34390;98564;98461;6184;1014
tuning,177,79485;32958;79807;28298;50771;98946;87946;99234;30244;88595
tuning,178,75176;41472;33838;85110;5323;15282;80338;50484;75294;23496
tuning,179,38482;57502;52370;97268;55219;58172;20214;55338;37864;97374
tuning,180,46748;96528;62400;2734;28310;20427;23870;88088;78852;32642
tuning,181,94997;18780;18602;19576;38928;18726;31850;18932;39044;12422
tuning,182,97738;10624;11075;10438;9354;11828;9523;9302;12614;11308
tuning,183,30634;31945;31330;32748;29378;32340;9826;89352;9780;46856
tuning,184,62112;39105;40373;83741;34298;60098;51546;34653;62694;5498
tuning,185,51546;11704;83741;62112;19831;16036;5536;17484;89001;98104
tuning,186,92190;39308;60282;5536;94748;56742;39224;83741;81170;17504
tuning,187,99780;65802;23496;65444;49413;1170;17458;16064;69226;69156
tuning,188,20232;19048;4492;28682;58294;59656;74960;92467;77624;81322
tuning,189,35728;48806;48919;48984;55962;35572;6326;32020;85012;31080
tuning,190,99434;340;376;63880;88625;69619;21016;36044;19674;88388
tuning,191,66595;44279;43631;37636;80810;36304;81085;68040;22808;28972
tuning,192,99020;30194;28988;70131;99749;43354;21356;63343;33598;39286
tuning,193,28948;37964;15884;99368;2962;94068;37623;3007;16666;89125
tuning,194,76563;88972;96484;26528;87201;90112;77028;17056;35494;71644
tuning,195,83674;30596;17794;58990;56964;34226;34104;30248;56024;52340
tuning,196,14843;14895;49240;58776;33782;99994;31264;429;60342;1843
tuning,197,9552;34026;17926;41171;41351;27564;9890;2890;42790;318
tuning,198,63880;33165;7988;36592;340;80112;36044;77510;79990;376
tuning,199,55516;35922;59166;27574;160;30152;79560;77480;43486;58180
tuning,200,14062;78702;44279;27266;79952;99089;43631;44266;81085;43528
tuning,201,31035;77402;99564;99020;63343;99749;62434;37228;16634;69106
tuning,202,99472;95769;81338;81768;72484;2996;8276;86224;61530;23484
tuning,203,87127;58331;41861;21022;36888;25368;97742;64494;12984;70237
tuning,204,702;27124;19990;27988;12127;3518;10122;26338;3140;34791
tuning,205,30672;26774;63990;9530;10630;30707;7338;92460;54572;63649
tuning,206,55334;44627;29894;28930;34856;44730;43850;29349;28555;44682
tuning,207,3016;1456;397;68160;87336;38750;79186;66748;12946;91884
tuning,208,47200;61266;77402;20960;90496;57124;9468;57078;28988;14918
tuning,209,99020;99749;99564;43354;31035;62434;7226;91580;74396;63343
tuning,210,94434;81064;632;93591;80266;59964;9170;98210;98072;84240
tuning,211,58388;13540;34504;13023;25126;31819;94989;90720;50491;28960
tuning,212,15394;37248;9606;38680;3459;55652;81948;16666;22356;38220
tuning,213,44954;46022;45026;45930;44898;38532;45875;30359;1000;29880
tuning,214,28196;22120;73418;31126;57216;28878;74260;31560;67531;64688
tuning,215,99994;97510;27478;2068;8711;95082;60878;90150;67786;91243
tuning,216,71470;15709;16116;72527;71330;84858;22262;68178;28190;16714
tuning,217,83276;64750;65656;83502;92157;64404;63649;68794;69697;68842
tuning,218,94002;95414;96372;22416;69461;79781;51508;64848;16330;32302
tuning,219,96266;75117;41602;14162;23854;30088;43143;79592;20944;36200
tuning,220,98810;64852;13610;354;45791;99678;22620;11178;8912;18640
tuning,221,18932;18726;18780;18602;19576;94997;19850;39008;28019;22399
tuning,222,68974;89151;20532;32416;8712;6210;1472;2870;7636;29278
tuning,223,44954;46022;45930;44898;45026;38532;30359;45875;32960;29880
tuning,224,91243;2068;98102;78930;8607;760;98424;65880;96603;92050
tuning,225,45102;40916;59130;46160;53198;60650;52272;60646;50290;46868
tuning,226,35521;16540;10698;15794;550;15994;95623;29830;10506;35104
tuning,227,13980;15395;17572;9526;9622;10676;11133;17312;15392;10052
tuning,228,38524;38928;19850;19576;39008;9443;22399;18364;21788;19254
tuning,229,35521;16540;10698;15794;550;15994;10506;95623;29830;14789
tuning,230,23750;25764;37248;38184;38220;60734;38680;61410;98924;15394
tuning,231,62764;24043;39382;19961;40254;27682;98572;22090;34988;31790
tuning,232,41060;10316;24114;43918;59770;14902;23061;45100;62713;60140
tuning,233,29108;5330;94877;72954;26810;89808;19828;26994;19680;7472
tuning,234,1526;56152;1094;34010;13084;2042;84164;20086;71370;9438
tuning,235,85328;79358;38920;75062;72190;70131;79646;71876;68170;77402
tuning,236,33050;97389;42868;10540;62330;7188;42652;78702;92650;70514
tuning,237,31035;99564;62434;99749;30194;99020;50070;4496;77402;43354
tuning,238,89838;97576;17368;39640;39576;39949;69878;32016;18699;56258
tuning,239,35254;58184;32038;27158;54846;990;92036;34150;59456;29590
tuning,240,87201;86525;88972;76563;90112;96484;35494;26528;39084;77028
tuning,241,24362;99916;23872;9762;24772;28812;23558;22816;54014;54086
tuning,242,94662;90350;86180;10314;6536;98636;93798;98700;83820;90614
tuning,243,18126;77150;95153;36378;10006;78154;57906;87064;5366;57784
tuning,244,20424;66467;55349;62250;35814;25462;39831;54895;41090;37582
tuning,245,10624;97738;10438;11828;9523;11075;9354;9302;83702;11308
tuning,246,41060;90814;79014;43918;24114;10316;75698;96418;58370;14902
tuning,247,43512;7386;24906;34263;35884;68102;62102;71154;63910;49838
tuning,248,39964;4169;31818;39808;8620;29548;4376;95932;94242;38706
tuning,249,82682;5844;85552;98853;56460;85088;17052;6134;15419;19526
tuning,250,46022;44954;44898;45930;30359;45026;38532;45875;32960;1000
tuning,251,99434;340;376;63880;21016;53421;72758;36044;88625;76972
tuning,252,34263;33628;46104;43570;13182;5490;91996;5498;84286;65269
tuning,253,30704;29304;20427;13182;56424;64536;20662;8982;5490;1148
tuning,254,24521;15967;34918;95384;15594;24650;22948;47684;2430;16948
tuning,255,99916;24362;9762;28812;23872;54014;95153;6152;22816;24772
tuning,256,13980;15395;17572;9526;9622;11133;15392;10676;10176;10052
tuning,257,34918;22948;24521;71488;95384;15967;47684;27111;29596;35156
tuning,258,99472;95769;81768;81338;72484;5362;97530;71970;44768;74511
tuning,259,97124;20376;13718;78552;79328;1530;55150;13978;41768;33556
tuning,260,1080;574;97120;2344;6234;27626;8378;85376;62213;522
tuning,261,7434;7410;6410;97961;98636;98700;67790;51786;10314;36390
tuning,262,99821;684;37220;2538;69818;93258;13890;59164;37554;40228
tuning,263,19967;89658;42716;70448;88846;85012;88296;63346;28332;31080
tuning,264,28948;27876;33151;28636;85036;23272;30823;85087;41993;21712
tuning,265,6440;50216;90150;41422;50268;26478;63534;14171;5626;30447
tuning,266,7276;12764;35960;91500;83586;91396;46388;7064;6552;11136
tuning,267,99020;99749;31035;62434;41581;15334;43354;61290;74396;99564
tuning,268,46104;34263;5490;33628;43512;4536;32282;61188;70864;25612
tuning,269,35494;87201;88972;7636;8604;7412;59280;7258;17056;25518
tuning,270,9526;11133;9622;10676;9642;18100;15392;10052;17572;10176
tuning,271,24520;25430;31275;32564;25076;36448;53628;93768;32828;43768
tuning,272,8846;28286;9104;9590;72954;9260;71671;59171;26943;1579
tuning,273,4176;46590;1594;30274;57566;4116;48832;61256;9734;50738
tuning,274,99384;27814;6056;5024;3894;50298;66952;22416;33776;47660
tuning,275,41060;14902;24114;23061;10316;59770;43918;65410;59734;59168
tuning,276,99994;60878;90150;27604;85524;33782;8711;97510;9708;44595
tuning,277,15709;16116;22262;84858;52631;71470;52329;51885;78760;70736
tuning,278,64750;83276;64404;69697;65656;63649;83502;92157;68794;8252
tuning,279,53787;57543;73307;73438;73418;73590;9124;73098;73644;71404
tuning,280,45616;8808;59598;31139;1175;63652;8790;10507;8688;64238
tuning,281,97959;99516;99317;99476;98006;93036;53798;53799;2068;75834
tuning,282,63880;99434;88625;340;376;69619;36592;36044;60673;76972
tuning,283,104;99498;90647;47396;19760;48236;18200;28854;48020;74508
tuning,284,16438;43143;65488;16558;75117;64376;54720;42264;79560;88114
tuning,285,59776;16658;2314;9895;7126;292;96922;27616;72686;12856
tuning,286,14726;95030;47424;80692;95476;28188;74334;97259;98276;94954
tuning,287,14062;87314;80810;68040;97294;91580;37228;66595;68042;44279
tuning,288,62400;18699;55576;89838;78164;22494;99539;40264;24874;83094
tuning,289,17819;58429;75354;87370;16776;62912;1422;60592;10136;80408
tuning,290,72458;98636;98700;70662;44788;16714;97961;59164;22110;58240
tuning,291,99472;81338;95769;81768;72484;32282;43512;20662;5490;2373
tuning,292,15394;3459;16666;9606;1146;39102;20364;25018;11070;60251
tuning,293,32916;32687;6008;58619;81328;18240;39979;87900;60388;65974
tuning,294,99709;54194;26372;3462;95278;55349;12347;22160;75564;496
tuning,295,34918;15967;71488;24521;22948;95384;24650;15594;16948;10174
tuning,296,90146;1268;724;11506;49174;20424;34454;15395;84206;35968
tuning,297,87106;83598;56414;92164;83556;13514;12492;89916;496;82520
tuning,298,23196;18220;24208;22160;19768;26574;26372;42789;5895;27818
tuning,299,14882;69801;34226;26570;47532;7436;10290;39873;8620;31818
tuning,300,43010;26870;56806;31982;2668;816;41162;64522;93030;30172
tuning,301,85578;86459;76769;67090;44770;10795;85460;13766;85554;2660
tuning,302,96876;76720;98210;90119;10646;39296;2652;90208;35884;98376
tuning,303,78702;79952;4496;99714;33050;97389;10540;7188;70514;99089
tuning,304,55587;97389;94501;41536;6690;17280;51000;91798;59656;17502
tuning,305,5362;46104;2014;43512;26352;5490;4536;85152;78304;81768
tuning,306,93772;39640;32016;89838;89232;99538;39419;97576;39949;88748
tuning,307,99472;95769;81768;81338;72484;26172;16406;39854;17102;44768
tuning,308,99184;71126;77939;32814;47144;69524;69430;25309;23382;28188
tuning,309,90025;43146;75516;39640;88748;90476;89240;99539;98104;39419
tuning,310,23872;24362;99916;54014;24772;54086;23558;22816;9762;28812
tuning,311,99821;684;99681;59164;13890;34542;1476;40228;14160;3178
tuning,312,4094;3970;37719;40368;93134;7898;78258;4440;23844;79818
tuning,313,92190;17368;89001;83741;69878;39936;97654;68332;39419;39308
tuning,314,43844;53274;4934;5024;16210;11938;81411;54730;25635;67373
tuning,315,99384;6056;22587;57456;41040;35508;60112;32056;89125;85308
tuning,316,99654;80455;93680;13166;84748;40868;59461;32874;83160;28434
tuning,317,64674;52698;41564;33758;80850;4999;5118;91862;68932;81398
tuning,318,58958;46864;53212;63044;92826;33384;66988;7724;27124;52504
tuning,319,38296;74388;38354;9206;26943;39070;19384;9486;11328;30192
tuning,320,3960;3944;45046;29722;10595;10596;36908;76532;4094;82675
tuning,321,74676;74612;87994;70024;1652;75576;1874;3928;30076;29883
tuning,322,99990;98198;85926;2894;16778;972;38746;66952;99591;10150
tuning,323,45373;57350;9708;22926;50749;74486;25482;5638;71882;48690
tuning,324,46022;44898;44954;45341;45026;1000;84748;45930;10056;29880
tuning,325,37498;27370;49772;4522;27814;5630;63418;5212;70630;66160
tuning,326,83502;83276;63649;64750;65656;92157;64404;68794;68842;69697
tuning,327,84457;54404;946;6751;57216;90814;1034;10070;3294;5024
tuning,328,3944;3960;45046;29722;10595;10596;36908;76532;4094;11642
tuning,329,74388;38296;38354;9206;39070;26943;9486;19384;64026;51656
tuning,330,53274;85654;17623;81411;3979;3171;3894;25635;35776;23713
tuning,331,38296;3960;39070;73902;51656;72954;4094;3944;3970;96169
tuning,332,94002;95414;96372;14980;69461;22416;81840;4309;92037;91081
tuning,333,99891;52234;52744;73644;23859;73307;946;59296;11082;43712
tuning,334,60204;20848;84870;49188;44954;4776;23746;45930;21484;20318
tuning,335,43143;54720;65488;88114;25056;64376;16438;9994;50826;9148
tuning,336,20210;990;29918;4186;22710;146;40635;96464;35590;27434
tuning,337,79485;87946;79807;28298;30244;32958;57506;6078;3246;3954
tuning,338,96344;41660;41565;21100;58718;80708;41378;8290;17546;31264
tuning,339,81372;81598;4859;887;93530;4674;11982;87274;82604;2668
tuning,340,1175;36094;31082;80112;16728;64238;26000;59598;63652;20680
tuning,341,98276;89140;99952;97259;17819;90275;96876;81064;9170;16940
tuning,342,32080;48154;41570;62396;56930;35032;99324;35478;43528;70214
tuning,343,26512;56162;74757;43528;14780;87564;96988;44366;2652;31946
tuning,344,44292;10850;33904;39440;9410;83184;86150;94387;85983;69263
tuning,345,55587;97389;19119;41536;11450;39926;85998;40594;19314;96341
tuning,346,51536;20311;25354;98461;4372;59638;31412;25958;80771;65281
tuning,347,78928;12148;31850;3702;39044;7636;12422;7412;17784;83992
tuning,348,22718;51324;51498;74836;64308;42386;32112;96146;81778;18346
tuning,349,98700;98636;97758;98731;90614;90350;3040;6410;7410;7434
tuning,350,18126;95153;10006;77150;87064;6960;35592;89762;28206;11164
tuning,351,88702;81347;58619;87900;88460;58094;57962;87618;10900;20446
tuning,352,85936;73045;74110;89016;73902;73686;15840;89008;16040;15452
tuning,353,74388;38296;38354;9206;39070;26943;9486;19384;64026;26994
tuning,354,7336;72828;77660;76988;11856;16650;4832;8480;13900;2092
tuning,355,28286;9260;59171;3842;21547;93545;67750;60506;60503;8846
tuning,356,7338;36134;34628;26164;2;21660;38238;80455;92004;15552
tuning,357,44954;46022;45026;45930;44898;45875;1000;30359;38532;13166
tuning,358,79714;45500;46205;46283;85654;45957;46234;60352;45879;45054
tuning,359,38296;39070;38354;74388;72954;47282;79164;9206;94877;9486
tuning,360,8943;46701;56806;74949;1732;12924;56174;47278;51388;83704
tuning,361,83276;64750;63649;83502;65656;92157;68794;8252;64404;68842
tuning,362,43726;43920;11970;11910;13242;23338;53374;12090;95842;12262
tuning,363,87274;4859;887;81598;4674;81372;2668;36476;82604;51118
tuning,364,78552;97124;24682;33556;20376;53058;79328;26240;94988;1530
tuning,365,32160;72000;90720;31142;34504;99464;32270;32120;32356;52462
tuning,366,45616;8808;59598;1175;63652;10507;31139;8790;8688;7830
tuning,367,44292;33904;39440;32598;94387;86150;85983;81522;10850;9410
tuning,368,25126;13540;31818;90720;36664;13023;50990;28960;34504;65370
tuning,369,24362;99916;54014;9082;28812;23872;9762;39509;95153;54086
tuning,370,22568;90605;19012;10528;71694;20694;7150;38260;47480;49840
tuning,371,68974;89151;68140;69263;52604;69264;6536;74895;34390;20532
tuning,372,99994;97510;49240;33782;39028;23750;26402;8606;9895;31302
tuning,373,3296;76624;43726;79780;14952;68858;20505;26955;43920;35378
tuning,374,78930;2068;91243;92050;98424;78752;1340;96603;99516;4767
tuning,375,60204;84870;4776;49188;23746;50512;20848;30957;41415;44954
tuning,376,48814;85540;96344;53292;44310;88569;96150;81038;14674;77720
tuning,377,90452;97254;51174;55450;59432;4416;50031;50812;81268;63733
tuning,378,41060;24114;23061;14902;10316;59770;59734;59168;16210;90814
tuning,379,73307;61612;73438;53787;73590;9124;61632;73098;57543;78783
tuning,380,15604;2035;99859;77234;64533;5344;5130;92460;51148;5228
tuning,381,22718;88296;51498;18346;46424;21320;51324;46412;96146;45148
tuning,382,99709;54194;26372;3462;96912;82344;10174;23196;92164;22160
tuning,383,99498;34104;90647;48236;74508;70662;98080;15102;45604;28854
tuning,384,34008;34972;39105;4708;45688;68042;9373;43992;80360;88086
tuning,385,97806;97259;32442;96876;16402;14726;98276;558;20130;82230
tuning,386,1163;34298;1148;31227;33820;53890;93372;98282;93036;26842
tuning,387,496;3462;1330;2500;32536;32754;91025;7150;80668;90605
tuning,388,97662;32476;83398;39640;39419;89232;62246;32294;75354;39949
tuning,389,7434;7410;6410;98700;98636;97961;59096;3040;67790;51786
tuning,390,30172;64674;2078;9254;4086;92794;39328;49302;63455;29656
tuning,391,70642;58246;54788;81954;68078;89462;34286;58732;49196;8096
tuning,392,42952;82505;3975;55362;4946;58602;5094;5642;82868;45206
tuning,393,26032;28114;36438;62944;63450;7412;4080;27662;36390;75752
tuning,394,18364;19576;39008;92410;94997;17508;18780;92670;23790;19850
tuning,395,32160;72000;31142;29446;32120;34504;32270;82920;25126;58388
tuning,396,85910;89804;13848;84359;82992;43658;22816;18432;19128;30758
tuning,397,88972;96484;87201;76563;90112;17056;77028;49572;56400;59280
tuning,398,8846;71671;42176;28286;9260;9590;60503;9104;9294;59171
tuning,399,30823;14339;68974;42789;98468;15783;29021;54802;15874;7912
tuning,400,72057;97197;29268;40552;9564;24683;49344;62242;53346;61043
tuning,401,31216;14822;8702;74740;14550;76623;26772;53190;79818;66050
tuning,402,87336;63532;91460;42122;92890;72528;10150;57216;1153;15880
tuning,403,3960;3944;29722;45046;76532;10596;52528;10595;10798;4094
tuning,404,46022;85676;84748;30359;44954;32960;92504;85424;45930;89501
tuning,405,19980;21958;30192;30818;3308;21906;8912;38248;54478;318
tuning,406,97959;99516;98006;99476;99317;63148;56144;92050;42952;180
tuning,407,2068;99516;91243;97959;98006;99476;26936;760;99317;93036
tuning,408,3016;53592;9696;79186;37422;397;68160;1456;42864;92736
tuning,409,66106;4568;6360;1524;20024;10116;2498;42678;11476;60340
tuning,410,89838;97576;62110;17368;62246;18699;22494;39419;39640;75516
tuning,411,62222;88748;39843;23484;97576;4708;11702;63862;59461;39105
tuning,412,97389;55587;40594;39926;85998;19119;34972;40406;62312;96341
tuning,413,35490;18780;38928;39008;19850;18364;19254;23470;73317;22144
tuning,414,30172;2078;9254;26368;55349;27868;51732;55176;26240;63455
tuning,415,34918;22948;24521;15967;71488;95384;10174;24650;15102;84756
tuning,416,24362;23872;99916;65249;9762;6152;24772;22816;28204;6044
tuning,417,74676;30076;74612;29883;1874;45272;1364;87994;1652;26328
tuning,418,95154;41079;2906;7348;21528;11320;23096;18904;64680;29108
tuning,419,12412;4664;61346;66044;87028;61272;3570;46026;22412;76136
tuning,420,94002;95414;96372;69461;41564;22416;14980;3046;41018;32302
tuning,421,87728;86259;86016;59762;17326;3290;45174;58538;17140;168
tuning,422,1205;61530;15334;40444;95769;21028;3919;81338;57124;37360
tuning,423,99472;95769;81338;81768;72484;44768;61188;21526;17102;24906
tuning,424,62110;3450;99538;18699;17368;68296;93408;47950;39640;62694
tuning,425,97576;88748;11702;99539;62222;90635;39843;4708;23484;39936
tuning,426,89008;89016;73045;93672;77384;74192;71718;88944;88918;1684
tuning,427,84457;54404;6751;33792;52744;946;10070;54556;28826;7770
tuning,428,78988;74740;82336;51984;79818;76623;87006;61272;4524;65187
tuning,429,31868;52462;82350;94989;31819;34504;13023;96797;32160;25420
tuning,430,18364;19576;39008;17508;94997;92410;18780;13159;38928;92670
tuning,431,99516;99476;97959;99317;98006;96603;7456;63148;2068;93036
tuning,432,83184;39440;57124;44292;3919;33904;14512;15334;19836;78683
tuning,433,88972;96484;26528;76563;43858;77028;17056;78154;30232;87201
tuning,434,10314;52462;17106;71694;15480;93798;98700;26032;26851;36333
tuning,435,34918;24521;15967;22948;95384;71488;47684;24650;15594;2430
tuning,436,33332;98166;14170;67090;13766;6894;98476;13976;13970;16267
tuning,437,3960;74388;3944;38296;19384;73902;29722;26943;4094;39070
tuning,438,42176;71671;9590;8846;9486;21547;9104;9294;93672;93545
tuning,439,12412;66044;4664;61272;61346;87028;1876;43152;76136;42932
tuning,440,94002;96372;83586;95414;41394;30563;44718;4309;22416;28622
tuning,441,28988;15334;50218;78683;77402;91580;74396;30904;99020;13597
tuning,442,66842;22810;96542;19496;57218;73849;6970;51174;96888;10276
tuning,443,90452;59432;4416;6732;20400;62162;97254;55450;88524;81268
tuning,444,66106;60340;24043;1524;33598;71386;66098;98572;41581;89956
tuning,445,42176;71671;9590;9486;8846;19680;21547;88944;88918;9104
tuning,446,23854;14828;20350;96238;73902;81840;90550;19472;39488;35106
tuning,447,11524;10544;8044;308;98626;22860;10542;35106;14980;16380
tuning,448,8760;67122;41060;33758;4934;89428;90814;1200;16210;10972
tuning,449,84457;54404;6751;57216;10070;946;51882;90814;3294;1034
tuning,450,89008;89016;77384;93672;73045;1684;71718;88944;88918;17735
tuning,451,94002;95414;96372;14980;22416;56558;4309;33166;41588;17483
tuning,452,85900;50771;57506;87946;46196;79807;89024;32958;79485;88595
tuning,453,28281;90534;32734;53284;19376;65227;87688;17612;65606;96603
tuning,454,35258;96922;68562;27616;53284;96366;35155;390;2592;18352
tuning,455,63652;87388;82216;32734;86600;23726;51961;77326;98730;57468
tuning,456,78702;82150;99714;38333;99089;41570;5068;4496;38198;66595
tuning,457,96542;66842;22810;31312;38168;73849;11722;18469;48664;56693
tuning,458,98636;98700;97758;90614;98731;90350;3560;6558;3040;93798
tuning,459,64742;56414;91688;22567;63336;32452;34706;91790;2642;51599
tuning,460,15394;9606;3459;16666;20364;1146;81948;5174;25018;37248
tuning,461,56426;56370;62944;94560;2774;96056;63450;57048;53850;54258
tuning,462,2068;91243;98102;760;9895;98006;99476;78930;75834;10610
tuning,463,65989;37602;780;80744;62066;35456;34542;35124;80858;3292
tuning,464,42790;64026;13118;9390;49980;82242;93011;16330;17926;17778
tuning,465,44954;46022;45930;45026;44898;45875;30359;38532;32960;1000
tuning,466,1366;7391;35836;12322;86686;12104;73882;12146;73764;31627
tuning,467,19196;84340;85002;85667;79576;86780;16234;32160;85087;31142
tuning,468,28034;57708;59132;3679;13711;79576;27838;12710;28816;27600
tuning,469,68664;20208;17562;20192;68404;50216;38184;67915;17756;21690
tuning,470,51498;22718;99030;21278;96146;51324;21320;21162;47490;20949
tuning,471,5136;27108;21616;26468;40956;46080;21650;99020;81543;6554
tuning,472,94844;18512;18412;26091;73488;99654;93190;62228;28826;45244
tuning,473,1456;397;37964;44784;10111;73242;5734;42940;62990;16666
tuning,474,46022;30359;44954;32960;44898;45026;31274;51372;29880;45341
tuning,475,79485;87946;79807;28298;30244;32958;57506;3246;6078;3954
tuning,476,58990;94354;14666;56964;29378;49079;31945;87734;31330;1462
tuning,477,56922;59898;74222;60336;9730;56155;6066;61042;56322;58732
tuning,478,19107;74426;42790;27224;17630;15356;34628;28712;41351;61784
tuning,479,82770;63880;923;55474;88238;88312;33165;22752;71404;7988
tuning,480,23854;54720;21330;10636;50826;77480;79546;21134;75117;17778
tuning,481,15884;20650;41060;99686;10150;58471;61156;30288;3979;10316
tuning,482,44954;46022;44898;45930;45026;30359;45875;1000;32960;38532
tuning,483,17894;18055;85394;23007;36546;60662;23234;28516;26886;32264
tuning,484,74800;92736;91852;4666;3975;4332;82776;6406;82505;45791
tuning,485,99516;2068;97959;99476;98006;91243;99317;760;93036;97510
tuning,486,96603;92050;65227;65606;71300;64704;87688;90534;78930;89548
tuning,487,4318;41993;81634;22226;10138;23767;816;27316;26124;96934
tuning,488,51862;51864;44828;41472;71832;28817;49472;76067;5323;39578
tuning,489,10422;95476;44446;21986;9750;31379;1071;42952;10156;33463
tuning,490,41060;62713;59734;59770;24114;43918;8760;10316;60140;1200
tuning,491,57543;73307;73438;73418;9124;8436;73590;73098;53787;71404
tuning,492,99654;84748;30359;32874;83160;59461;41816;40868;44742;44732
tuning,493,14466;91862;52698;63532;79726;42583;71674;4999;41564;43610
tuning,494,95304;13234;76932;47106;96150;46232;82505;11528;9696;4332
tuning,495,84457;54404;54556;6751;54386;1274;22100;66264;52744;39684
tuning,496,7276;12764;97210;11136;6552;83586;91396;21911;7064;35960
tuning,497,9486;74388;26943;19384;73902;73686;9590;26994;1650;15128
tuning,498,89008;89016;93672;73045;1684;77384;30070;88944;88918;71718
tuning,499,94002;95414;96372;14980;22416;4309;3850;81840;41394;5330
tuning,500,74800;10887;96150;91783;4666;93074;95304;46058;6406;11528
tuning,501,65488;16558;75844;16438;76096;88114;54720;15356;9148;43143
tuning,502,104;10302;99498;47582;86510;77252;4854;98080;78728;21260
tuning,503,99891;52234;52744;23859;73644;73307;94844;11014;71215;10980
tuning,504,91243;2068;90534;34814;8607;69164;35155;98424;98102;17546
tuning,505,86577;91242;86956;87336;88422;53350;5212;60465;60959;1719
tuning,506,67262;91852;4960;6204;18238;86580;3010;20814;63652;22360
tuning,507,887;61398;38180;12134;10120;34566;11764;44784;27644;4859
tuning,508,2639;71461;75920;8814;5684;75128;71710;92158;74352;71492
tuning,509,19314;55587;2774;19034;27886;12694;63434;4416;21694;43069
tuning,510,78702;97389;49120;7188;85112;14062;62330;10540;55944;33050
tuning,511,89872;74757;4416;43992;73722;96988;43528;31946;66595;80810
tuning,512,96542;66842;19496;22810;6026;39406;52066;51174;36178;51862
tuning,513,69004;24476;72086;38168;14447;71106;68992;11530;23594;69712
tuning,514,32642;32646;64051;90498;71154;6136;2014;76268;70680;71119
tuning,515,32356;32160;72000;31142;32270;32120;90720;99464;34504;52462
tuning,516,89151;2870;88676;58578;70948;58446;98700;94092;60164;19432
tuning,517,98854;59024;62528;98690;23086;1022;99344;87572;20422;87344
tuning,518,57543;73438;73307;73644;9124;71404;73590;73098;8436;73418
tuning,519,4934;21652;96414;96444;26316;63294;20264;40096;12412;7022
tuning,520,7276;12764;83586;46388;91500;35960;91396;6552;54812;5994
tuning,521,93258;98504;66606;65989;9828;35124;67178;66774;78994;21700
tuning,522,4666;96150;91783;23746;46392;11528;93074;9696;6406;76932
tuning,523,54720;16438;9148;41602;67468;65488;27224;88114;15356;9994
tuning,524,96344;87952;80708;20688;86618;44310;69040;48814;31264;53292
tuning,525,63432;60374;66748;60874;61118;63726;60420;60959;60465;52550
tuning,526,97259;97806;13892;28188;1422;82230;98276;9170;14020;35884
tuning,527,72086;69004;71106;27483;69749;68992;31312;31494;39036;24476
tuning,528,10276;51604;39102;33270;26052;51862;80286;39406;20756;57546
tuning,529,99472;95769;81768;64986;71174;86224;24906;2373;81338;23484
tuning,530,88972;96484;76563;87201;17056;56400;26528;43858;71644;8604
tuning,531,85424;99654;11603;83160;10802;26091;44732;84748;44742;32874
tuning,532,94576;60400;2814;65786;74555;4910;1637;90522;15222;46306
tuning,533,83064;68414;8102;83317;6495;96414;96444;34242;5739;26316
tuning,534,3570;12412;87028;17268;4664;57905;27002;14608;5348;79818
tuning,535,96150;74800;4666;77720;93074;91783;4946;76932;75670;10887
tuning,536,91254;73902;16296;89016;53164;53122;71502;5638;73045;2080
tuning,537,2262;2051;2524;69488;20912;3816;10242;17127;37846;34244
tuning,538,9392;15646;75369;14356;4116;550;46137;3394;31088;75834
tuning,539,11038;76272;60503;60506;67750;9260;28286;59171;53374;21547
tuning,540,93854;27090;15354;93654;93862;97291;44684;95081;31162;18744
tuning,541,28442;14856;40208;18646;6278;79818;87602;59461;53274;34628
tuning,542,5765;9293;81524;13352;82150;28743;16086;9310;61290;49234
tuning,543,21528;94877;81840;83036;74256;35106;20840;90550;20684;63778
tuning,544,84457;54404;6751;54556;52744;22100;90814;54386;10070;946
tuning,545,99780;70864;61188;58108;21526;94290;23788;20014;65392;14038
tuning,546,5812;97374;1260;36385;53428;3510;28821;36980;17115;78130
tuning,547,76932;95304;58602;13234;96150;4332;4946;55362;9696;82505
tuning,548,97806;97259;32442;96876;28188;67104;20130;82230;94846;98276
tuning,549,36825;77554;58498;58574;69156;1788;99780;50373;17800;60340
tuning,550,1719;80987;24850;29634;50268;9074;19000;21660;35874;541
tuning,551,47238;45572;40062;12812;55920;14339;62392;15848;2054;97120
tuning,552,74944;12224;74612;88312;61945;63924;88238;35974;23408;19579
tuning,553,19078;39217;38468;21515;65249;96484;8994;98470;91688;48338
tuning,554,67090;14170;98166;13976;13766;13970;16267;6894;35166;69690
tuning,555,77034;17778;61600;71462;5375;85539;61636;15768;21134;23854
tuning,556,50954;18581;33838;93772;85152;16406;94214;56258;67380;24901
tuning,557,62528;23086;79764;72814;95186;87572;59882;12178;12314;20422
tuning,558,12998;4306;12816;51390;5466;88861;5812;40266;18885;19172
tuning,559,85036;4318;67668;81634;22550;6219;33149;81534;23767;81485
tuning,560,108;63455;1843;55349;46223;42467;22718;82110;77726;38974
tuning,561,96484;87201;88972;90112;35494;17056;71644;76563;33824;60221
tuning,562,1011;18640;87388;53332;34612;63768;10578;24220;226;45305
tuning,563,99498;48236;77252;78728;102;88272;98080;86891;86510;15363
tuning,564,45572;47238;40062;12812;21964;95930;3468;77960;94146;32416
tuning,565,65249;51647;47936;9312;14847;14966;6866;51154;9582;77496
tuning,566,27483;75794;61524;31312;11530;31494;37356;69004;68992;19607
tuning,567,41233;9376;2134;65998;1162;68492;2998;67186;29616;6296
tuning,568,26780;18581;2190;15182;39854;22584;75178;5498;44828;69246
tuning,569,78552;13922;71540;65568;67659;74136;79328;56922;97124;61042
tuning,570,258;14960;61062;22520;96372;67449;41394;67762;96238;44544
tuning,571,56426;56370;96056;94560;54258;2774;95586;63450;57048;62944
tuning,572,10663;6576;1714;91540;10544;92864;82492;34483;258;35776
tuning,573,92736;3975;4332;21986;82505;55362;4666;74800;82868;91852
tuning,574,65249;51647;47936;9312;6866;14966;14847;9582;24683;45373
tuning,575,58732;59898;60336;26941;40280;74222;56155;9730;54788;42194
tuning,576,27509;1448;27443;38501;14748;30818;6576;21958;41896;21906
tuning,577,5136;11487;82075;97820;39224;8056;52271;31915;55830;11212
tuning,578,9376;2134;1162;68492;65998;51786;46928;29616;2098;20774
tuning,579,37248;93953;60734;97820;55830;28816;3174;96000;52271;35984
tuning,580,11764;12134;61398;44446;22128;9726;6682;30508;38180;27644
tuning,581,65998;68492;9376;2134;8907;2098;25764;1162;11487;32428
tuning,582,106;53714;51556;88130;38812;54282;38680;98588;31434;28816
tuning,583,23100;17238;59579;9388;358;69626;15200;27412;46864;19040
tuning,584,73098;9124;73307;73590;57543;71404;73418;8436;49994;76480
tuning,585,99654;24166;80455;40868;80786;80987;17268;3570;26164;83317
tuning,586,7276;7064;12764;6224;97210;35960;21911;8572;6552;91500
tuning,587,99994;60878;73493;49240;65981;97510;33782;21490;67048;32510
tuning,588,78232;11974;48416;93672;52956;33754;41528;572;87114;1637
tuning,589,38354;38296;74388;39070;9206;9486;4440;79164;47282;99759
tuning,590,94002;95414;96372;14980;22416;41394;22860;89125;90550;42583
tuning,591,4776;60204;49188;44954;95606;20848;20318;23746;84870;45930
tuning,592,63880;69619;88625;340;376;80112;14843;34372;36044;81893
tuning,593,27574;27018;28840;28298;32958;99234;57506;88595;50771;79807
tuning,594,99089;99714;5068;8736;68040;99564;4496;13840;69106;92918
tuning,595,45688;36304;66595;80810;43992;68040;87297;5068;73722;87314
tuning,596,18028;83412;58050;77464;93310;50956;92786;47896;76240;10276
tuning,597,95030;9168;40278;75118;7466;7738;62428;70131;8736;27850
tuning,598,50954;18581;85152;33838;17096;24901;41334;93772;94214;16406
tuning,599,32270;32160;31142;72000;99464;34504;32120;90720;32356;78402
tuning,600,35490;94997;23470;38928;92670;22144;19132;34453;73110;18364
tuning,601,30942;26104;24362;28812;9082;12248;7030;35592;76769;99916
tuning,602,4031;52030;86011;89130;17902;51743;4963;214;35984;31108
tuning,603,26032;2538;99821;26851;27594;27662;1476;13890;684;28114
tuning,604,15480;63451;83598;13514;49952;16027;83556;51572;6756;63450
tuning,605,43512;52054;41943;27251;18124;49838;81524;7696;65269;70864
tuning,606,17106;10314;27662;41046;41170;27049;20808;27594;26851;7898
tuning,607,30359;32960;84748;85676;12946;13218;12558;15040;46022;89501
tuning,608,3015;48626;8416;43218;43704;91050;12206;6406;87800;32884
tuning,609,75117;8688;10507;77480;20510;23854;9594;79546;96266;47178
tuning,610,5330;13118;16330;9390;42790;93011;88944;68136;72187;9552
tuning,611,59898;60336;58732;9730;56155;26941;74222;81446;77340;56322
tuning,612,99994;48026;73493;21490;392;32284;8044;35155;22998;25600
tuning,613,26476;5206;56582;95621;1444;45170;5656;92856;5508;52700
tuning,614,49044;87274;7356;49788;936;49470;9730;44446;26350;22550
tuning,615,19314;63434;19034;19119;17770;4416;27886;2774;55587;89964
tuning,616,18028;83412;58050;77464;93310;50956;76240;10276;57102;47896
tuning,617,9168;61982;95030;8134;25282;78532;40278;28188;75452;71824
tuning,618,76268;40244;22982;25178;40373;71154;63022;18184;98204;30285
tuning,619,7822;9810;5428;2746;9226;87336;3704;48641;66748;60465
tuning,620,34556;7986;420;95330;28396;46450;9226;53707;91988;51326
tuning,621,34556;50487;9226;1444;52924;86956;420;52156;1456;91988
tuning,622,75292;46450;91242;53707;87336;19776;53350;86577;74492;420
tuning,623,79485;79807;32958;28298;50771;98946;99234;87946;30244;27574
tuning,624,94002;95414;96372;22416;51508;5330;69461;2890;59016;16330
tuning,625,30244;5696;96085;85827;79807;95324;37370;98946;87946;9269
tuning,626,45486;82974;2222;31816;44374;27672;15610;18800;7712;83048
tuning,627,86048;27878;9012;4100;25574;13104;26316;20748;23851;7348
tuning,628,35258;96922;53284;35155;27616;12856;97284;59776;96366;9895
tuning,629,24850;61108;59320;48026;22034;10610;70848;74486;91242;98620
tuning,630,146;136;267;6850;4854;22458;8288;54396;118;48142
tuning,631,45604;9708;1318;86628;42918;99498;86891;76996;48236;102
tuning,632,9730;59898;45178;56322;72718;81446;6066;54788;60336;56155
tuning,633,81840;94877;58322;32300;50008;82592;82338;25424;39730;39738
tuning,634,87714;91790;88296;22718;40286;21320;87902;83456;42716;63346
tuning,635,73686;42470;73045;54252;15748;89008;42442;15840;42683;74110
tuning,636,23496;42880;4062;16428;6013;44396;80638;69888;1788;89917
tuning,637,26950;74010;75920;74352;75128;71461;5684;56168;74116;71710
tuning,638,54720;9148;43143;65488;16438;79560;42264;67468;25056;88114
tuning,639,27574;99234;28298;79807;32958;50771;88595;17256;98946;86446
tuning,640,56972;51787;50426;20210;81347;51004;42529;97754;46750;16010
tuning,641,98810;64852;99678;67638;45791;22780;13610;22620;55075;18640
tuning,642,81372;93530;81598;11982;887;11812;39346;43792;36476;99074
tuning,643,69344;80264;79780;20474;27658;38178;41896;1912;27430;9012
tuning,644,96542;38168;63538;59462;66842;6132;19496;31312;96888;68992
tuning,645,88972;96484;35494;87201;32416;7412;76563;8604;17056;7636
tuning,646,1732;8943;4248;9578;46764;15368;1260;51566;71480;33416
tuning,647,89151;58578;58446;2870;98700;98731;88676;19432;13159;98636
tuning,648,4536;44823;5362;23788;98294;99326;29304;31152;20108;14200
tuning,649,42550;3702;11808;2232;36888;68798;12422;92670;44354;12148
tuning,650,99030;51498;96146;21008;21278;22718;1424;1442;21162;74836
tuning,651,51866;77680;51950;51747;63762;12486;52650;77152;33776;21622
tuning,652,85048;62528;97422;87572;95186;46797;99344;59882;87344;1022
tuning,653,61612;53787;78783;20440;50750;37938;61632;4254;45272;73644
tuning,654,99654;13166;80455;40868;28434;2894;10008;10150;76181;41816
tuning,655,1874;1652;70024;75576;45272;3928;74676;74612;29883;1364
tuning,656,69344;80264;79780;27658;20474;38178;41896;23851;1912;3296
tuning,657,8163;12632;22030;21948;55586;11780;17819;11030;9170;80408
tuning,658,94002;95414;96372;69461;41564;14980;42583;47144;80850;23222
tuning,659,43704;3015;87800;8416;9472;54220;10056;91050;43218;86970
tuning,660,75128;26950;74010;75920;74352;5684;71461;71492;2639;56168
tuning,661,86016;86259;49980;82729;45174;17326;87728;29186;58538;33638
tuning,662,9376;2134;51786;1162;65998;68492;2098;29616;8907;67186
tuning,663,9148;67468;16438;54720;65488;88114;79560;64376;16558;19846
tuning,664,79485;79807;32958;28298;50771;98946;99234;87946;30244;88595
tuning,665,19196;79576;85667;85002;84340;85087;3679;44518;12710;84776
tuning,666,20210;990;146;4186;96464;35590;9948;39186;10392;29918
tuning,667,9895;27616;8607;98102;2068;91243;23272;16658;35258;760
tuning,668,12764;76714;6828;31058;12127;6758;5994;7276;66928;14431
tuning,669,79324;82716;83141;2996;82893;21526;72484;95769;94387;99022
tuning,670,99000;50852;18512;46960;36072;52744;40608;35742;29775;43594
tuning,671,99952;97806;16940;49986;6726;73085;98276;28188;9170;90275
tuning,672,73722;96988;43992;31946;26512;44279;74757;43528;36304;66595
tuning,673,24043;57520;62764;46339;26960;21288;45932;19449;66098;27682
tuning,674,50031;33598;76880;51174;81268;61530;66098;83264;89956;24154
tuning,675,93310;10276;47896;36387;57102;51604;83412;3668;79524;13346
tuning,676,95030;75118;40278;63343;9168;25282;8134;74396;70131;75452
tuning,677,99060;13018;27430;1912;9632;65900;9916;61020;1876;8102
tuning,678,34453;74328;35490;47707;73110;37602;31850;47562;31950;36172
tuning,679,67090;33332;13766;13976;6894;14170;16267;13970;98166;41974
tuning,680,54541;33030;27117;3646;64510;30644;34013;39831;33556;15606
tuning,681,83598;62944;83556;63451;96056;2463;63450;14279;63864;8214
tuning,682,35987;16139;10138;98620;39819;41144;61030;19092;11600;24492
tuning,683,78552;13888;33556;14348;97124;2630;13310;72996;14431;99466
tuning,684,18364;19576;39008;94997;22399;18726;17508;18780;13159;18932
tuning,685,37330;49582;52600;32120;32160;90720;65370;53154;72000;85884
tuning,686,37330;49582;52600;32160;32120;90720;34504;65370;31142;85884
tuning,687,51866;77680;51747;63762;51950;52650;12486;77152;21622;63768
tuning,688,99434;63880;340;88625;376;69619;25770;75952;4674;19674
tuning,689,95769;99472;81768;81338;61530;49413;23214;44768;9356;99780
tuning,690,97254;9432;26960;74599;80509;28456;59432;50812;4494;51174
tuning,691,67090;13970;33332;14170;13766;98166;6894;45454;19767;16267
tuning,692,93530;81372;36476;81598;11982;26187;11812;4859;99074;887
tuning,693,2816;67526;92240;94856;46137;316;17238;86259;53040;30310
tuning,694,85048;97422;62528;95186;92644;87572;92844;46797;59882;1022
tuning,695,45206;21100;4276;74800;11528;96150;9696;46058;10768;77720
tuning,696,22306;3828;20902;55075;32274;27970;15520;26336;19372;87898
tuning,697,52698;69461;41564;43131;43712;91862;5524;42998;42218;5692
tuning,698,5178;38800;44007;14650;8983;17899;15996;7726;7664;21458
tuning,699,29108;78144;98966;12968;41079;51475;4963;62102;23096;74608
tuning,700,99994;33782;1246;97510;73493;45237;8711;8044;60878;65981
tuning,701,6134;97111;82682;66765;5844;17052;98853;22302;68262;20384
tuning,702,82776;82505;82868;58602;45206;4332;3975;11528;9696;55362
tuning,703,98420;404;3394;12862;75301;5738;91324;2162;3878;1648
tuning,704,94002;95414;96372;42583;69461;22416;41564;14980;3046;79781
tuning,705,97959;99476;99516;98006;99317;96603;63148;2068;22784;92050
tuning,706,85002;19196;85667;79576;84995;85087;84340;3679;84776;13711
tuning,707,17908;6406;34054;87800;46758;10576;86970;42830;9472;32664
tuning,708,96266;41602;11140;8688;21134;36200;81432;50826;75117;67468
tuning,709,79485;79807;32958;28298;30244;87946;40946;88595;50771;98946
tuning,710,90534;98102;8607;35155;16330;34814;760;78930;19344;27616
tuning,711,63085;12322;35836;72686;14778;12104;61528;42563;63704;95582
tuning,712,81372;93530;81598;36476;11982;11812;26187;4859;99074;887
tuning,713,80810;21694;66595;21884;45688;43992;24679;89899;43528;37636
tuning,714,57124;14918;83184;33904;16710;32598;19836;19606;62434;8244
tuning,715,19314;2774;55587;19034;12694;63434;11166;46863;19119;282
tuning,716,45236;51294;17504;18500;26498;4539;2194;34393;652;27290
tuning,717,62246;93772;89001;88748;62110;56258;68332;39416;83741;99539
tuning,718,95769;99472;81338;81768;44768;61530;72484;97530;21526;49413
tuning,719,25178;39172;34102;71108;44067;6136;55930;49490;39308;48589
tuning,720,96146;51324;22718;99030;51498;47490;18346;42386;42467;46412
tuning,721,1146;39102;20364;57410;80286;50665;9606;38680;37248;16666
tuning,722,3462;95278;22160;14544;10528;2500;91025;12347;10472;55176
tuning,723,9340;13975;81454;66242;50158;18322;63778;69697;48960;51950
tuning,724,2562;60576;71483;57218;65459;14980;65971;51656;52266;10570
tuning,725,53164;53122;7840;94877;45272;4524;27509;1448;30442;32300
tuning,726,412;8638;72594;40208;6156;91242;541;11938;948;1372
tuning,727,38482;97268;57502;55338;37864;56008;54977;60188;58172;57254
tuning,728,95352;95082;99686;91436;61762;24114;10832;7914;11978;85308
tuning,729,87902;83456;22718;88296;87714;91790;89826;61928;82700;23666
tuning,730,99709;59667;71218;34496;48244;54194;3462;55349;26372;91688
tuning,731,22567;36804;19274;87134;18608;43625;68114;22720;22798;32916
tuning,732,62336;48629;27483;31494;31410;31312;88611;28590;39522;85910
tuning,733,43528;31946;89899;48736;21694;10062;46344;7226;96988;9928
tuning,734,40790;8706;66364;81448;64006;81432;34026;65150;93222;63598
tuning,735,65392;41472;65444;13182;65562;30867;77445;77464;15282;5464
tuning,736,97959;99476;99516;98006;99317;2068;92050;96603;22784;58484
tuning,737,16234;79576;19196;3679;85002;85087;85667;13711;15014;44518
tuning,738,90119;83533;96876;39296;10646;21948;36825;86647;97259;80338
tuning,739,62246;93772;89001;83741;56258;88748;62694;97576;89838;48050
tuning,740,28754;28691;23207;30518;30870;95463;28920;31838;28970;59032
tuning,741,68296;68332;24980;39419;32476;88748;60282;13696;47950;24901
tuning,742,87314;80810;43992;68042;69106;91580;44194;73722;37228;34972
tuning,743,88389;9410;78846;61188;87832;1205;23130;1896;26558;25428
tuning,744,86892;10150;59078;99990;2267;412;23414;12998;11272;94218
tuning,745,8044;392;99994;73493;67048;65981;16420;16952;35155;82776
tuning,746,5844;82682;85552;85088;17052;1342;98853;66765;66875;56460
tuning,747,16650;77660;60400;8320;15134;8480;84524;96125;4642;63472
tuning,748,83160;83317;42618;83064;82398;81494;30359;18738;32960;82336
tuning,749,22492;17668;21466;21971;35918;50536;21470;8888;12154;17632
tuning,750,94002;95414;41564;69461;42583;96372;80850;99806;98439;79781
tuning,751,84657;26462;5120;75395;29186;10980;99891;52744;49980;51394
tuning,752,85328;79358;70131;42656;75062;63343;69106;44366;89899;79646
tuning,753,99020;99564;99749;31035;43354;62434;91580;63343;7226;74396
tuning,754,87766;90108;1680;66101;31318;1082;8012;5168;97259;97806
tuning,755,96584;6567;24846;96912;54194;35547;34542;26538;65310;42021
tuning,756,97636;98262;21964;95476;49196;3468;89306;2500;33971;28930
tuning,757,73136;15266;77215;5510;15322;2027;10818;22087;77579;32170
tuning,758,32270;34504;32160;32356;90720;94989;25126;52462;13023;25022
tuning,759,22306;3828;15520;27970;26336;20902;32274;87898;14112;60333
tuning,760,85002;85087;19196;85667;3679;84776;84340;79576;23770;16234
tuning,761,2134;8907;9376;2998;65998;68492;51786;10988;25764;67186
tuning,762,27574;32958;88595;99234;79807;50771;98946;28840;87946;57506
tuning,763,52698;42874;53008;65981;14328;44544;18196;12951;458;54524
tuning,764,65392;41472;65562;65444;9334;10540;99780;13182;23496;77445
tuning,765,27700;25022;25102;82920;32160;96797;82350;58388;29446;34504
tuning,766,86308;14544;10528;7504;95278;10472;22568;18868;7150;5895
tuning,767,91688;64742;32226;31982;21642;29496;259;8896;71644;75752
tuning,768,23086;95186;20422;96445;62528;72814;1022;97422;87344;87572
tuning,769,15419;97111;91086;35060;48563;17052;68262;56460;66765;97810
tuning,770,96444;96414;61556;5348;5739;39694;6495;24010;51702;4322
tuning,771,9376;2134;2998;10988;65998;8907;10772;1162;67186;6296
tuning,772,70131;83184;3919;57124;79358;33904;78683;15334;62332;19606
tuning,773,43992;43528;96988;31946;74757;73722;36304;45688;89872;68042
tuning,774,62764;24043;34536;27437;51802;39117;37582;29872;68178;39382
tuning,775,41516;49932;56972;98960;58498;17800;69156;9334;8330;64492
tuning,776,73908;71882;56162;69794;89506;70576;11960;772;5676;148
tuning,777,30962;73268;81360;79794;16889;46394;30774;77771;76644;31210
tuning,778,39730;62182;99994;65981;49240;17546;21490;82058;93312;73493
tuning,779,13118;5330;42790;16330;17926;9390;61228;54404;9552;64026
tuning,780,98104;1088;90476;71043;89240;89001;84834;43146;90025;83168
tuning,781,90500;25178;45856;84576;71108;8333;40597;35001;13182;90602
tuning,782,53047;61184;91884;95606;12946;27482;47622;5572;50512;4332
tuning,783,85658;74740;26772;82398;27100;58958;81494;30818;11178;9870
tuning,784,79358;85328;38920;75062;25047;68149;68170;99324;70131;79646
tuning,785,94846;60356;81064;12632;1758;3020;94570;38898;80266;2652
tuning,786,62428;45688;9932;70131;8134;43528;75452;61982;87314;35268
tuning,787,95030;28064;8812;11589;69636;53778;94954;21950;5724;37206
tuning,788,29747;34536;41302;53766;164;29872;27437;19449;66106;35832
tuning,789,36304;14062;44279;27266;44266;43631;87297;66595;77109;5068
tuning,790,87766;90108;1680;1082;31318;97259;8012;66101;97806;5168
tuning,791,25518;88972;7412;96484;35494;17187;90112;87201;1382;78154
tuning,792,10314;17106;2870;15480;26851;22568;27662;97108;52462;41170
tuning,793,82230;90119;73849;96876;30822;8928;7456;13631;90306;439
tuning,794,90275;86647;9170;90119;34718;44836;13252;87370;97462;80408
tuning,795,15709;51885;16116;52631;84858;71470;22262;71330;52588;5086
tuning,796,74608;5444;2906;46026;51475;9440;3108;21911;15818;4856
tuning,797,23207;28754;31274;11468;88168;86046;75358;30518;45244;49940
tuning,798,75292;170;53707;19776;71516;34690;84995;51520;17474;46450
tuning,799,94877;81840;90550;62182;88918;83036;53164;88944;89808;53122
tuning,800,36344;45206;8346;58602;46058;76932;4276;96150;17160;4960
tuning,801,33556;13888;78552;97124;79328;14348;12716;13978;14431;13958
tuning,802,94002;95414;6794;56558;35106;89125;14980;2784;22416;7914
tuning,803,43704;48626;8416;3015;56618;54220;8631;43218;1276;30508
tuning,804,86016;86259;41568;49980;58538;17326;29186;45174;33638;65584
tuning,805,66595;80810;45688;5068;37636;65377;44279;36304;43992;21694
tuning,806,39640;39949;97662;70228;43146;93772;39576;24874;17368;76764
tuning,807,41516;49932;12412;8708;17800;76806;2183;1876;23207;56972
tuning,808,77496;9254;87274;936;798;48026;59320;12176;42864;887
tuning,809,32160;31142;99464;72000;90720;32120;25126;32356;65370;82920
tuning,810,75117;50826;21134;23854;54720;85539;33786;71462;95606;96266
tuning,811,32394;32422;29858;30644;54541;3646;94092;34013;27107;39220
tuning,812,9606;1146;81948;15394;20364;16666;3459;11070;37248;60251
tuning,813,53787;61612;4254;64068;43594;73307;78783;73644;50750;83102
tuning,814,79485;79807;32958;98946;30244;99234;50771;87946;28298;88595
tuning,815,9552;318;9390;93011;9890;64232;89348;53580;58768;2890
tuning,816,44131;99300;89340;89430;11802;25860;26480;2035;44702;2814
tuning,817,19196;16234;59132;79576;53136;13711;57708;49396;12710;27838
tuning,818,42030;32716;39998;23767;56880;8556;29694;50427;26146;7922
tuning,819,19196;12710;3679;84776;13580;85667;85002;85087;79576;84340
tuning,820,4658;34590;24612;598;95932;96854;49174;97786;62944;83840
tuning,821,9810;59320;91242;4952;11986;24850;12292;61108;48641;45434
tuning,822,51326;420;53707;91988;46450;95330;27574;60465;75292;27018
tuning,823,35104;66172;29804;44310;1428;7802;21052;16540;59462;59762
tuning,824,99958;96114;26156;22550;22128;49044;61398;78322;22618;63894
tuning,825,98810;63242;13610;30436;58782;22226;22620;57596;44080;64852
tuning,826,20902;22620;22248;98810;22780;67638;64852;20302;82328;2318
tuning,827,77510;7988;10740;18055;11288;21364;81893;33165;36094;63880
tuning,828,10367;9820;28712;14274;91249;10180;3008;54720;15712;54418
tuning,829,62182;37498;43856;52832;4926;9616;96238;75404;83592;13068
tuning,830,93074;96150;4666;77720;41287;10887;76932;74800;17160;41565
tuning,831,31216;14550;14822;8702;66804;58330;66050;4395;76623;74740
tuning,832,78144;25482;23096;52030;4963;86780;51743;12968;96238;24478
tuning,833,410;32302;6946;41602;34026;61830;57536;71238;34546;25350
tuning,834,72758;80572;32734;12856;12402;80112;65880;96434;29810;23124
tuning,835,37636;56930;62428;9932;43528;45688;31946;66595;44194;44279
tuning,836,9334;99780;23496;77445;41472;13182;65444;30378;67772;64492
tuning,837,48244;64742;91688;15874;15783;15487;18344;13582;8896;10174
tuning,838,94877;81840;58322;83036;30970;1826;58920;90550;1398;97071
tuning,839,94428;86372;47092;59944;10000;21162;21278;21516;21700;40286
tuning,840,14822;31216;2392;78988;66050;58330;35850;92040;14550;6
tuning,841,48942;77234;74550;4154;14551;95885;31175;21794;89964;24326
tuning,842,10802;99654;11603;83160;44732;44742;65006;26091;32874;11978
tuning,843,15212;22862;16952;18746;15287;1046;16420;6828;12127;17126
tuning,844,19196;85002;79576;85667;3679;12710;85087;84340;84776;13580
tuning,845,51604;10276;39102;57410;57546;20756;80286;26052;86150;33270
tuning,846,44954;46022;45026;45930;1000;30359;38532;44898;13166;45875
tuning,847,95842;58331;56474;52656;12262;64819;66170;22;75986;11970
tuning,848,1648;60468;76664;57204;58958;1608;2622;32440;2162;21460
tuning,849,3975;82505;4946;92736;36862;8912;4666;4332;48912;55362
tuning,850,90028;86580;35974;36052;10740;96948;81893;73307;80112;26414
tuning,851,28938;656;880;87715;6150;80664;25578;31275;56450;40452
tuning,852,32080;94954;41570;54010;35478;36234;25047;42656;62396;99324
tuning,853,34536;62764;57520;5072;24043;11774;29568;28397;26960;80922
tuning,854,29308;55549;66106;10637;21094;64940;97920;2446;22282;66098
tuning,855,32120;32160;28960;25420;30642;65370;27694;53154;28118;54052
tuning,856,9622;9526;11133;17572;10176;10052;13980;10676;15395;17312
tuning,857,38482;97374;35982;51243;27940;1260;56008;22872;28821;57502
tuning,858,4590;46916;20828;13108;36024;77726;88713;46958;74842;36172
tuning,859,14551;32842;33792;10208;1588;56156;89052;61256;1552;1568
tuning,860,50072;79320;80110;53108;29250;17626;63900;28826;19282;68414
tuning,861,28938;87715;29874;42836;30652;21581;25578;6930;29090;12840
tuning,862,91988;23856;98620;52156;54734;52298;15740;51484;60465;51048
tuning,863,62102;16230;92504;69524;31002;30388;73226;75522;38964;46588
tuning,864,65377;5068;21884;66595;28972;41570;43992;68040;22808;24679
tuning,865,17819;47684;99952;97259;16402;17048;95476;1766;23928;97806
tuning,866,72579;60858;38964;39180;69536;32162;93120;36558;19542;30388
tuning,867,24362;99916;9762;23558;22816;28812;23872;24772;54014;54086
tuning,868,73908;71882;69794;70576;89506;11960;5676;88358;14132;772
tuning,869,56370;56426;19658;54258;96056;94560;2774;57048;19834;57388
tuning,870,88972;96484;35494;87201;76563;7412;7636;90112;59280;26528
tuning,871,32028;2054;3128;15848;47971;22902;98245;53466;98344;1876
tuning,872,55908;3548;18556;8416;12206;52301;14284;30508;65437;48626
tuning,873,85552;85088;996;15419;82682;85132;57089;17052;22844;5844
tuning,874,99498;47582;97268;97248;56008;29068;56156;28854;77252;104
tuning,875,17819;97259;75354;28694;5384;97806;13190;8163;33463;17458
tuning,876,13182;45874;91996;83326;5498;39466;84901;13846;34298;51864
tuning,877,12016;22902;59164;44656;910;17382;2047;34590;13084;47264
tuning,878,24208;14544;23196;7150;18220;86308;45342;12347;26372;22160
tuning,879,95030;28536;66101;99749;17458;71876;89250;24098;47200;47424
tuning,880,7226;25282;62428;43528;75452;75176;96134;69106;74396;22090
tuning,881,44194;65377;56930;48154;37636;45688;55590;47720;43528;70214
tuning,882,496;3462;2500;1330;55349;44046;91025;12347;80668;32536
tuning,883,62246;89838;93772;62684;62694;56258;5536;32016;62112;99538
tuning,884,12162;17238;26478;2868;12070;97218;11904;97291;11862;12007
tuning,885,31216;14822;8702;14550;74740;76623;29176;66804;26772;43298
tuning,886,15746;8320;13900;16650;8480;15134;79658;77660;2092;15819
tuning,887,22306;55075;26336;20902;27970;3828;18636;51894;29748;8983
tuning,888,15848;98245;2054;22902;32028;3128;8258;47667;12812;98344
tuning,889,62944;53850;48333;1382;66220;59164;19834;31662;20006;51026
tuning,890,54194;99709;3462;26372;496;80668;23196;24102;25362;22160
tuning,891,41060;59770;10316;24114;62713;7370;43918;14902;59734;21484
tuning,892,26478;89016;23338;15452;89008;74110;73045;62806;73902;31597
tuning,893,38532;45930;29880;44954;94370;46022;49188;44898;45026;51596
tuning,894,18746;15212;29128;29131;22862;19396;91500;6828;1046;99464
tuning,895,15709;16116;22262;84858;52631;51885;71470;71330;52588;72527
tuning,896,99994;49240;97510;23750;392;33782;25764;94176;99796;39028
tuning,897,95082;61762;95352;10832;5112;85654;42394;99686;11210;30288
tuning,898,26336;22306;27970;26878;20902;8983;32274;26430;26413;18636
tuning,899,97124;33556;13888;79328;2630;78552;13310;14348;26240;14431
tuning,900,9376;2134;68492;9676;65998;51786;8907;10988;2098;67186
tuning,901,94304;14960;74382;6372;65998;67244;99838;8907;90786;43012
tuning,902,26000;30864;11516;95582;36592;80112;77510;12104;12290;12322
tuning,903,79138;91374;91249;93037;2890;17140;56926;54806;17720;82744
tuning,904,50252;2774;73210;76024;78044;20488;82350;23771;18206;26514
tuning,905,43528;21694;43992;89899;80810;31946;46344;7226;45688;96988
tuning,906,66842;96542;22810;19496;73849;38168;19264;18469;69432;584
tuning,907,98072;95801;86754;68280;62322;89557;98376;98094;86394;89932
tuning,908,91918;91890;89917;89932;96876;84240;22030;94434;8163;94570
tuning,909,70848;62764;26368;24043;27116;26586;26960;21288;27682;34536
tuning,910,50208;30563;32476;62112;46132;88526;39105;68332;39308;82716
tuning,911,90275;86647;90119;2652;80658;87370;34102;75176;52946;23508
tuning,912,69878;18699;93408;31584;16708;12700;17368;42062;70338;32016
tuning,913,48714;97662;62322;49490;39949;39936;49499;55576;56312;67188
tuning,914,9334;77445;41472;1202;23496;99780;65802;30378;13960;38008
tuning,915,23872;24362;99916;24772;6152;22816;65249;23558;54014;30942
tuning,916,56426;54258;56370;96056;94560;57048;95586;2774;63450;62944
tuning,917,4169;94242;69801;39964;31818;83033;38706;39808;43838;82350
tuning,918,27117;94092;34013;27107;31366;27386;33030;57514;34011;30644
tuning,919,23749;22998;32932;73044;39356;61886;1644;22872;1806;1866
tuning,920,50208;7536;88526;39105;97576;24901;32016;74108;55882;83006
tuning,921,51604;10276;39406;58574;58498;28534;57920;51862;86396;67380
tuning,922,16428;49587;39406;67380;23004;17096;57920;62654;31412;12884
tuning,923,15358;8336;6726;4864;7386;1422;14328;62222;76720;64986
tuning,924,96238;41079;77982;76996;11774;74608;74256;38834;7348;7830
tuning,925,99654;11603;83160;44732;45244;44742;10802;28826;10966;26091
tuning,926,80786;80987;51342;63455;64522;53237;76962;52650;67562;9160
tuning,927,30359;32960;18738;14612;83064;70506;42618;83317;67200;71946
tuning,928,23086;53688;62528;97422;1022;87344;85048;72814;95186;87572
tuning,929,97422;57629;79764;73096;12040;72814;12314;87572;87344;11310
tuning,930,96134;25282;7226;62428;69106;57078;43528;37228;68040;74396
tuning,931,91918;91890;89917;89932;22030;95801;86754;8163;21948;90148
tuning,932,34536;62764;29568;57520;24043;5072;26960;28397;9440;11774
tuning,933,62322;48714;39936;49490;49499;97662;83094;47902;52670;14347
tuning,934,97422;87344;95186;87572;62528;92844;85048;1022;59882;99344
tuning,935,16650;77660;8320;13900;8480;15746;4642;7336;60400;35484
tuning,936,82682;85552;98853;5844;56460;85088;15419;19526;17052;7451
tuning,937,83160;50072;26091;44732;44742;65006;99654;11978;11082;42864
tuning,938,19640;19836;19606;8166;30443;57124;83184;468;79952;26780
tuning,939,49499;49490;52670;85334;14318;52296;47902;14347;22500;47030
tuning,940,30867;98960;98210;9310;58429;21948;1148;8163;17819;23216
tuning,941,13980;15395;9526;9622;17572;11133;10176;10052;10676;15392
tuning,942,20518;20866;45791;86026;19372;62560;3792;5094;5642;28611
tuning,943,20130;61408;42510;16750;14339;27916;17312;8410;29116;69979
tuning,944,85667;19196;85002;3679;79576;84340;85087;84776;44518;47642
tuning,945,69106;79646;7226;21694;85328;40344;70131;43528;89899;47806
tuning,946,15212;15287;19396;17126;1046;32314;64820;356;22960;96418
tuning,947,20902;55075;3828;22306;3792;19372;60333;51894;29748;64852
tuning,948,1906;67638;98620;82328;13975;61324;28507;99678;22248;53286
tuning,949,86016;87728;86259;168;58538;59762;33638;3290;32719;45174
tuning,950,28938;21581;91052;30848;19566;87715;25782;17798;91798;56450
tuning,951,96542;38168;18469;19496;66842;68992;11722;22810;39406;72334
tuning,952,29747;51174;23207;97920;5623;39748;27437;29872;19449;35832
tuning,953,94954;32080;41570;37636;38334;71866;56930;35478;28064;45688
tuning,954,45688;9170;43528;26512;21884;43992;62428;75176;41570;66595
tuning,955,95801;68280;89557;98376;86754;98072;22030;86394;84240;98094
tuning,956,71154;71200;71119;40373;76268;44410;56882;64051;70680;40772
tuning,957,496;1330;3462;2500;32536;32754;91025;90605;65478;80668
tuning,958,16139;97284;30090;69940;41244;81485;43970;25764;91249;52334
tuning,959,61408;20130;59060;8410;30758;10860;30942;64834;21643;27916
tuning,960,6052;41434;3492;31412;56358;33748;26052;9644;75178;69578
tuning,961,33882;34716;28821;38482;67786;36385;37184;36532;55338;32798
tuning,962,79764;57629;12426;12040;53586;59882;99344;72814;46700;87572
tuning,963,88986;58322;24160;89042;31210;43792;48026;8032;4952;96637
tuning,964,9111;33354;28118;31392;34504;25102;29548;8786;20486;22566
tuning,965,40779;40826;85460;41438;85554;85578;65614;19970;51666;32936
tuning,966,98042;32687;2766;40240;42260;39979;20532;59134;5384;36917
tuning,967,50008;50480;97291;33801;49848;26970;51222;23527;97218;25442
tuning,968,99891;52234;52744;73644;946;73307;11014;71215;23859;73590
tuning,969,12632;49986;97259;28188;98276;97806;90119;82230;59274;17819
tuning,970,98210;93591;98960;13892;21948;30867;8163;58429;98376;12632
tuning,971,86754;75208;90148;89557;31584;18736;98094;32050;95801;75354
tuning,972,32160;72000;99464;31142;90720;32120;34504;32270;52462;29446
tuning,973,24362;23872;99916;65249;24772;28204;95153;6152;54086;54014
tuning,974,26574;23196;22160;14544;18868;24208;27818;80668;86308;26372
tuning,975,28376;15528;41092;90350;37220;37654;75858;20463;32704;36288
tuning,976,73908;71882;69794;70576;88358;5676;14132;11960;89506;56162
tuning,977,58974;59036;84210;48180;13550;58392;69894;18878;35462;35728
tuning,978,66928;84726;9762;20424;24362;37600;12984;164;11580;96484
tuning,979,10071;20418;23428;15287;61934;22;3600;3582;16100;44154
tuning,980,17572;9526;9622;13980;10176;10052;10676;18100;15395;15392
tuning,981,71066;70784;98582;17712;87554;34268;39232;26091;3944;38345
tuning,982,19196;85667;84776;79576;85002;44518;84340;49396;67979;85087
tuning,983,65998;94304;9376;27940;39220;8907;68492;23767;8322;4318
tuning,984,376;63880;340;99434;88625;69619;36044;21016;19674;88388
tuning,985,79138;91374;91249;93037;17140;17326;82670;82744;17720;54806
tuning,986,28938;656;87715;21581;880;56450;40858;98338;91798;31275
tuning,987,78164;97312;17368;70338;97576;32016;81170;83741;1695;89838
tuning,988,91918;91890;89917;89932;22030;95801;81064;8163;84240;94434
tuning,989,32642;32646;2014;4536;64051;98294;71154;90498;99326;13846
tuning,990,21948;23004;53906;76497;76720;90275;16776;16428;8163;80408
tuning,991,24826;16264;6851;50749;6362;5946;99031;27230;28151;6824
tuning,992,71066;70784;98582;17712;6278;10280;89501;9182;66074;2362
tuning,993,51866;63762;51747;63768;52650;3472;51950;65136;66242;77152
tuning,994,11419;6552;12764;7276;88561;6758;54812;8879;5574;8854
tuning,995,95352;58471;84528;95082;13614;73044;61762;64522;24690;10832
tuning,996,1144;60332;47274;26104;92358;13212;4510;58876;5946;28410
tuning,997,85152;16428;33838;67380;62381;70680;65444;75178;41068;23004
tuning,998,19196;85667;84776;44518;79576;85002;84340;85087;38535;67979
tuning,999,34536;62764;57520;24043;26960;53766;46339;66098;19961;9235
evaluation,0,33030;54541;31366;30644;27117;94092;71694;22568;724;33556
evaluation,1,24102;10472;22160;7504;71694;10528;13116;26574;14544;51572
evaluation,2,71066;70784;87554;17712;98582;3032;20424;74158;90146;91884
evaluation,3,62912;98276;9170;82230;49986;3994;99952;42736;97259;97806
evaluation,4,78144;4963;52030;51743;23096;12968;2906;86011;20406;25482
evaluation,5,15212;17126;19396;15287;29128;1046;29131;22960;32788;37074
evaluation,6,47920;6156;23718;420;15278;552;1324;64154;33626;49838
evaluation,7,214;29630;1852;21046;40128;92036;86723;4358;78144;86600
evaluation,8,4618;9124;35974;9960;45170;994;23726;88312;4210;88238
evaluation,9,29747;81268;29114;50812;3608;78784;41854;39401;46856;880
evaluation,10,22893;12840;2290;33270;98960;46752;69888;25168;94290;98194
evaluation,11,18556;61830;26350;35982;57422;50678;71946;91865;19510;7998
evaluation,12,63450;56426;62944;56370;94560;96056;19658;53850;15022;36390
evaluation,13,26478;17108;90647;16072;2868;64680;4592;31816;16080;89201
evaluation,14,92856;57864;52700;95621;6204;97698;6931;86618;26476;84519
evaluation,15,4668;68932;42874;52698;5524;4554;3166;2971;96796;10630
evaluation,16,3444;26126;49358;12154;95392;42932;45450;70506;14748;43176
evaluation,17,81840;94877;90550;62182;21528;24048;19828;95390;25786;28752
evaluation,18,45384;64154;51290;55724;39028;41652;41779;6216;75848;62915
evaluation,19,9486;74388;38296;72954;26943;73902;19384;1579;26994;38354
evaluation,20,16650;60400;77660;66202;2694;96125;1637;4642;48416;8480
evaluation,21,95352;99686;95082;74538;8943;36364;73044;58471;61762;91436
evaluation,22,57468;33736;63880;1175;27334;26292;7988;25932;53047;32264
evaluation,23,5844;82682;85552;85088;98853;17052;1342;66875;66765;15419
evaluation,24,99654;44732;11603;44742;83160;65006;10802;26091;32874;85424
evaluation,25,2232;65216;63714;10276;7980;76106;7968;48695;10768;61108
evaluation,26,41060;10316;24114;43918;45100;59770;14902;24690;10832;27478
evaluation,27,70784;98582;71066;98364;30316;63778;80398;51372;52266;7914
evaluation,28,1011;76818;64852;52650;51747;35794;44055;18640;4210;22677
evaluation,29,25830;99165;99008;88422;57596;97284;93680;25072;65910;45791
evaluation,30,21952;10180;5012;57536;50716;82338;19036;13478;56926;19846
evaluation,31,5206;47878;12316;33030;97124;43308;14152;5812;3314;71502
evaluation,32,32120;32160;28960;28118;52462;34504;72000;32270;31819;27694
evaluation,33,98276;97806;97259;99952;49986;9170;96876;16940;93591;28188
evaluation,34,41472;9334;31412;36472;30378;77445;23344;18827;15282;13182
evaluation,35,53580;74649;16330;58944;67728;802;68136;60166;67996;87952
evaluation,36,34504;31142;96797;72000;78402;32160;20486;90720;28960;31392
evaluation,37,17572;17312;13980;9622;9526;10676;15395;11133;29116;18100
evaluation,38,53357;54109;19852;59060;19004;95932;98002;18792;4762;55388
evaluation,39,70600;63380;63172;46916;46958;2772;5296;37510;90013;99030
evaluation,40,94304;39220;67244;14960;65998;27940;43012;8907;20318;74382
evaluation,41,62278;28854;48236;63486;86510;10506;71461;99498;10302;14608
evaluation,42,75176;93591;98276;90275;99952;4904;51444;13892;86647;5862
evaluation,43,11702;97530;64986;62222;86224;90635;23484;30370;70228;90476
evaluation,44,82008;68330;39101;9334;38964;69430;25309;59558;93120;68300
evaluation,45,91918;91890;89917;89932;22030;95801;8163;94748;84240;68280
evaluation,46,6684;2290;6630;6654;44718;15426;7247;74152;13768;11450
evaluation,47,93772;62246;62112;83741;62694;51546;62684;89240;24906;68332
evaluation,48,93297;56742;18388;62694;44718;68296;47950;5536;83741;42100
evaluation,49,53357;54109;19852;98002;19004;49174;95932;12854;63450;55388
evaluation,50,76403;52054;45872;2175;7696;57920;31412;23754;1248;50746
evaluation,51,19546;1310;98466;76864;4127;62414;80658;39105;62322;62110
evaluation,52,91436;20650;94068;15006;49358;26126;69626;96114;81038;4255
evaluation,53,32160;31142;90720;72000;99464;34504;32120;52462;65370;25126
evaluation,54,44296;27600;27868;27838;19559;57514;65752;39760;13784;97124
evaluation,55,67090;98166;16267;14170;6894;13976;33332;98476;13766;13970
evaluation,56,496;3462;1330;99709;2500;75564;2994;95278;80668;13514
evaluation,57,60220;1322;8648;28151;78819;48806;4090;40802;39816;48984
evaluation,58,70448;20949;16264;21008;40286;2552;43522;88296;80290;1322
evaluation,59,37330;36976;49582;58240;52600;97724;30446;24812;94242;88713
evaluation,60,86396;30921;33914;2604;16136;52602;56613;17626;22599;29891
evaluation,61,97806;97259;96876;66101;20130;30566;76769;32442;19296;13872
evaluation,62,93258;98504;28151;37554;17816;21090;92358;27230;51324;9140
evaluation,63,41902;66202;58215;54461;75582;42740;58114;53306;63472;37328
evaluation,64,41060;10316;24114;43918;14902;45100;23061;24690;59770;2880
evaluation,65,34420;35106;5912;88918;3864;88944;26810;19680;5330;52982
evaluation,66,86780;41079;23096;78144;12968;25482;4963;18786;20406;30274
evaluation,67,97789;10933;7452;8164;71488;99466;20386;33306;79218;61065
evaluation,68,95082;95352;15368;50072;82344;51696;61762;95698;24114;57422
evaluation,69,96444;96414;61556;5256;35058;38345;4322;76623;5739;6495
evaluation,70,42618;30359;32960;34286;18738;82398;96414;31516;34174;82336
evaluation,71,70974;72950;71718;15748;26644;15840;63170;16040;73045;1372
evaluation,72,26210;64848;5524;26128;5422;57216;14650;5692;51882;51956
evaluation,73,94877;81840;32300;72954;3812;58322;16509;26994;8772;30970
evaluation,74,62392;69712;45572;6851;79746;27836;87648;34534;12848;35114
evaluation,75,19196;79576;85002;67979;49396;3679;86780;47642;69562;84340
evaluation,76,65998;94304;74382;14960;68492;1162;8907;41864;24524;67668
evaluation,77,79807;28298;98946;79485;87946;99234;88595;50771;32958;95324
evaluation,78,21852;99498;86510;12258;11512;77252;78728;97268;10206;47582
evaluation,79,74010;5684;2639;26950;74352;75128;75920;71461;56168;76210
evaluation,80,87274;6931;42002;3436;15368;10422;16114;9578;77306;73762
evaluation,81,64026;65088;53132;36200;368;14722;42790;3926;65488;9552
evaluation,82,9948;4358;3820;86891;22760;4186;10392;20192;33716;53836
evaluation,83,656;6150;28938;40452;880;87715;25578;56450;81544;21581
evaluation,84,57124;83184;33904;6418;15334;19836;14512;8166;19606;78683
evaluation,85,75452;56930;98192;71866;37636;62428;43528;70131;69106;45688
evaluation,86,58108;90306;5487;23788;98960;98104;94290;60282;20662;86224
evaluation,87,65444;9334;65392;77445;41472;99780;65562;23496;1202;10540
evaluation,88,78702;79952;4496;99714;99089;87564;77402;14780;79358;31412
evaluation,89,18602;19850;94997;18780;19576;18726;18932;22144;19254;23470
evaluation,90,68546;78204;74076;32704;19138;83704;99030;21278;59968;21642
evaluation,91,18320;5946;16267;48690;7048;75464;27230;98476;6362;50749
evaluation,92,17572;9622;9526;13980;10676;17312;18100;15395;11133;15392
evaluation,93,61408;20130;9762;30758;59060;8410;21643;42510;36283;30942
evaluation,94,73908;71882;69794;89506;5676;88358;70576;11960;31242;14132
evaluation,95,96484;88972;76563;87201;90112;71644;77028;31982;59280;8604
evaluation,96,17106;89151;10314;27662;2870;26851;98700;15480;28114;3178
evaluation,97,3646;34013;33030;30644;64674;94092;27117;27386;43010;31366
evaluation,98,13116;2870;92166;10472;10528;2054;7504;6006;75147;50958
evaluation,99,3246;3299;3954;23007;6078;36232;3010;48026;29108;4856
evaluation,100,61934;77384;87576;93672;1806;1644;26970;3324;90150;78760
evaluation,101,2051;2262;2524;20912;69488;34244;17127;3816;37846;24858
evaluation,102,7452;97789;8164;10933;99466;71488;33306;61065;79218;3032
evaluation,103,28286;9260;67750;59171;76272;60506;21547;3842;11038;93545
evaluation,104,58322;30970;94877;95330;97071;62182;33540;84520;89042;29108
evaluation,105,90534;16330;34814;96922;78930;5424;89548;87688;86192;88157
evaluation,106,85676;84657;84748;85424;30359;10232;89501;69322;32960;46022
evaluation,107,34644;4813;22306;5659;27970;5760;34968;23248;3008;8983
evaluation,108,47312;47252;46797;46368;57629;85048;61492;54640;99344;57614
evaluation,109,21632;27814;42662;87206;71865;43856;50628;68224;45412;87114
evaluation,110,27124;29186;49980;29250;64288;26338;33626;3140;80110;45174
evaluation,111,2906;51743;96238;78144;12968;3108;26276;77872;34102;52030
evaluation,112,656;880;87715;56450;21581;31275;28938;98338;6930;83966
evaluation,113,32476;62246;56742;83741;6910;62313;97576;604;30563;92190
evaluation,114,94434;8540;93591;24504;90119;13288;97576;32476;7536;12632
evaluation,115,31819;32356;34504;25126;27694;32384;96797;28118;58388;13540
evaluation,116,18320;75464;5946;98262;98476;7048;6362;27230;24683;28151
evaluation,117,32394;29858;32422;94092;34013;30644;34011;54541;33030;27117
evaluation,118,62528;87572;97422;95186;92844;85048;53688;87344;99344;1022
evaluation,119,99000;29775;18512;52744;65180;28826;43152;46960;50852;24806
evaluation,120,78144;4963;214;25482;52030;12968;51743;23096;30274;81688
evaluation,121,32160;76024;29446;27700;82920;32356;32270;52462;28960;32120
evaluation,122,91918;91890;89917;89932;94570;4099;17819;13892;8163;22030
evaluation,123,44718;27664;13254;98264;33094;56742;32476;60282;83168;83741
evaluation,124,23870;66800;11704;45874;63910;24906;5362;17102;55658;44823
evaluation,125,90802;26430;26413;26462;92890;75301;20800;26210;91324;98420
evaluation,126,21046;1155;88358;13084;73908;22926;85936;55652;1094;2536
evaluation,127,52504;69568;95318;11014;80850;40440;42998;52744;7770;5120
evaluation,128,96876;97259;32442;97806;10198;4494;91688;33206;91243;85388
evaluation,129,9269;89024;25794;12176;91242;32038;12378;4952;37676;30650
evaluation,130,99464;90720;32160;34504;32120;31142;89894;72000;28960;78402
evaluation,131,17474;542;32428;214;11764;22560;8032;12134;20616;53707
evaluation,132,13116;6006;7504;10528;10472;92166;75147;2870;14544;12492
evaluation,133,89232;17368;18699;55576;90025;90476;24874;98104;62112;62400
evaluation,134,65488;43143;16438;15356;88114;54720;9148;16558;75844;86078
evaluation,135,81268;29747;29874;29114;584;25722;41854;31658;97920;39748
evaluation,136,65392;65444;65562;13182;41472;9334;85148;99780;10540;23496
evaluation,137,99000;45174;49980;3140;27124;46960;33638;35508;26246;29186
evaluation,138,15212;15287;17126;32788;1046;43597;29128;22862;84300;47274
evaluation,139,8607;81074;76453;21616;308;27616;78752;12659;4767;96922
evaluation,140,70974;1372;72950;73128;22474;2462;19384;54252;73686;63170
evaluation,141,92166;53566;7504;91025;58320;12492;27594;6006;10472;54118
evaluation,142,70848;24826;20190;55362;20186;28821;14152;89896;8378;18775
evaluation,143,12422;12148;22144;18780;3702;18602;7795;78928;18726;92670
evaluation,144,4169;94242;39964;23790;95932;7436;43838;56024;8620;83033
evaluation,145,15212;19396;15287;12127;16952;16810;16420;29128;51470;22862
evaluation,146,47618;13976;48180;18896;32936;14170;47454;13734;13970;53687
evaluation,147,6150;28938;880;87715;56450;94678;25578;21581;86754;656
evaluation,148,71218;1756;15481;12596;54058;11851;61886;15184;16666;14339
evaluation,149,99780;17458;57705;65802;23496;79524;80040;96308;3668;50373
evaluation,150,13766;47454;90013;53687;67090;18896;47618;14170;18814;19967
evaluation,151,38887;30726;97930;29496;6366;8034;29314;12744;15392;29670
evaluation,152,87274;887;10422;10156;44446;10118;77496;14262;30508;9254
evaluation,153,47396;40790;93222;90056;97284;50450;47098;63778;23067;91524
evaluation,154,37722;35850;79818;92040;3294;87952;28442;66050;26070;36256
evaluation,155,95082;95352;99686;43918;61762;24114;91436;13614;6880;11262
evaluation,156,29747;78846;5623;29872;39748;27682;66106;41854;98572;5714
evaluation,157,95030;71876;68170;94954;28536;66101;89250;99749;29514;35000
evaluation,158,99756;61020;40388;12572;99060;9916;75596;10930;7348;12614
evaluation,159,1098;61020;82216;4144;17326;9890;45225;550;50826;60432
evaluation,160,10887;93074;96150;4666;74800;6406;76932;91783;46058;55362
evaluation,161,56922;6066;9730;60336;74222;56044;59898;6234;45178;41092
evaluation,162,85667;16234;79576;19196;3679;85002;84776;84340;85087;44518
evaluation,163,45038;36480;70936;6366;18878;53714;9324;14572;17600;78380
evaluation,164,57290;16010;50426;2267;54072;39424;51004;79294;43994;2230
evaluation,165,96266;95606;71462;30088;21134;77034;21170;27124;54720;61636
evaluation,166,9622;17572;9526;10676;13980;18100;15392;17312;10176;11133
evaluation,167,496;1330;3462;32754;2500;32536;91025;90605;65478;2692
evaluation,168,9870;19372;29748;50268;33626;1011;98878;4813;73366;29634
evaluation,169,5607;59320;70864;8032;90670;7298;61108;46196;23484;81598
evaluation,170,45206;4276;21100;10768;46058;11528;53912;96150;77720;9696
evaluation,171,20140;6874;11802;3600;3582;44378;44702;20144;26431;16038
evaluation,172,30359;32960;84748;85676;12946;12558;13218;84657;15040;12898
evaluation,173,99466;97789;8164;33306;79218;71488;7452;10933;61065;17876
evaluation,174,71470;16116;71330;15709;72527;84858;57388;35854;52329;51885
evaluation,175,71718;72950;73902;73686;70974;26644;73045;15748;15840;42470
evaluation,176,1094;1940;84995;170;12710;91242;13523;14536;12176;25794
evaluation,177,19496;6026;96542;10276;29594;38168;51604;18469;39406;90694
evaluation,178,38333;99020;38198;86654;9468;70220;68040;57124;15334;80866
evaluation,179,55587;19119;11450;34972;48589;83598;18936;51000;97389;82075
evaluation,180,16990;96308;24906;62684;1310;5938;92788;62414;62246;93772
evaluation,181,92802;94877;3812;72954;31162;19828;89808;52982;19680;26994
evaluation,182,62528;23086;12040;11912;11310;12314;98690;12178;53586;72814
evaluation,183,85676;84748;84657;30359;85424;32960;46022;89501;12558;44954
evaluation,184,24043;70848;62764;34536;57520;71876;89250;57906;24826;15006
evaluation,185,54890;51662;89252;21650;51496;57218;73849;54150;53656;52360
evaluation,186,59462;52886;57218;82679;16540;22020;9838;4618;42556;12917
evaluation,187,51498;1424;1442;51806;74836;21516;21320;21278;21008;21700
evaluation,188,87618;88702;87900;88461;88576;84651;93800;88460;94034;81046
evaluation,189,33556;97124;78552;79328;13958;13978;3314;13670;13888;70403
evaluation,190,4166;19432;7566;6423;8284;1552;1568;23789;1846;6603
evaluation,191,72950;26644;73686;70974;73902;54252;15840;71718;15748;1372
evaluation,192,96603;65227;71300;92050;64704;13234;6406;89250;65606;96150
evaluation,193,72752;72193;71674;52256;9111;51276;3510;86078;15520;5002
evaluation,194,46022;44954;29880;44898;1000;45026;13166;45930;45875;30359
evaluation,195,84457;54404;57216;946;28826;52744;54386;6751;54556;11014
evaluation,196,87274;42002;15368;10422;70848;77306;16114;9578;64522;9254
evaluation,197,96603;6406;65227;71300;93074;92050;89250;30957;13234;96150
evaluation,198,94678;86378;9738;21706;6150;71230;20795;45722;564;24558
evaluation,199,28754;23207;30518;28691;30870;28970;31838;95463;28920;59032
evaluation,200,87618;88702;88461;88576;87900;88460;84651;84412;93800;94034
evaluation,201,51862;51864;33270;71832;39466;15182;84901;75178;10276;25398
evaluation,202,17196;76272;67750;60506;2608;60503;28286;59171;11038;9260
evaluation,203,72950;70974;26644;54252;73686;1372;15748;15840;73902;42470
evaluation,204,96238;1644;90786;1806;89834;79941;2706;6552;11380;66052
evaluation,205,43704;48626;8416;3015;87800;43218;86970;1276;54220;12206
evaluation,206,98042;20532;40240;32687;5384;65974;27594;71934;23789;10314
evaluation,207,78552;97124;79328;13922;13978;33556;72996;71488;30242;99466
evaluation,208,86394;58429;42100;89917;5498;68296;29330;80408;40512;44823
evaluation,209,536;78204;56972;57962;46422;55586;77806;58836;14035;13283
evaluation,210,10314;52462;26851;89151;71694;27594;17106;15480;98700;2870
evaluation,211,7336;72828;2092;14604;8480;77660;8320;5598;2;4638
evaluation,212,99000;46960;50852;36072;52744;18512;35508;40608;67822;43594
evaluation,213,45026;44954;45930;45875;1000;46022;10056;13166;42618;29880
evaluation,214,78144;96238;51743;12968;214;77872;90550;19714;52030;71370
evaluation,215,74740;68202;56970;4524;30818;38512;85658;42340;25794;27812
evaluation,216,2262;2051;69488;2524;20912;3816;17127;10242;34244;37846
evaluation,217,7276;12764;6552;6758;11419;13076;21911;11136;12715;91232
evaluation,218,40971;6751;10122;26338;42320;3140;10802;5120;49126;99990
evaluation,219,27370;66765;56460;6134;15419;17052;76992;87520;8175;19526
evaluation,220,56930;62396;37636;70214;32080;35478;31946;43528;48154;41570
evaluation,221,1670;368;58776;30818;12211;9820;10367;82328;9890;3008
evaluation,222,41472;77445;9334;99780;10256;76240;30388;5490;23496;77464
evaluation,223,50208;83094;62458;23484;78164;17368;89001;74108;93408;9170
evaluation,224,83398;32476;97576;17368;24686;69878;62246;60282;78164;71174
evaluation,225,48140;86621;22902;24712;47667;48506;27838;98245;14536;59132
evaluation,226,77152;20800;12254;51568;23408;17899;15996;80987;92890;170
evaluation,227,51498;20949;21008;22718;13890;93546;99030;18346;21516;96146
evaluation,228,5946;7048;2339;33332;2532;17858;17974;98166;17986;16802
evaluation,229,47480;22568;86308;14544;7150;29956;10598;32536;6006;49840
evaluation,230,73210;98042;98700;10314;82350;37282;40240;32687;20532;5384
evaluation,231,73908;89506;69794;71882;88358;5676;70576;11960;148;56162
evaluation,232,17106;2870;3040;71934;70682;89151;41046;65974;23789;27662
evaluation,233,79726;7988;6876;33165;80112;5506;40500;9212;23404;56582
evaluation,234,84300;16100;14498;29176;84129;91929;44702;66875;72670;34415
evaluation,235,99000;50852;35508;49452;46960;66618;67562;59579;85584;19760
evaluation,236,98854;57629;62528;46700;59024;59882;98690;85048;96445;79764
evaluation,237,59130;40916;60650;46160;52272;45102;53198;46868;60646;50290
evaluation,238,3171;38558;66804;18310;33776;23713;3894;12486;19798;16810
evaluation,239,15212;19396;15287;29128;37074;37084;64820;32314;29131;1630
evaluation,240,99466;97789;8164;33306;7452;79218;10933;71488;17876;33446
evaluation,241,3171;56970;16810;58074;36256;38558;3894;35086;62560;19636
evaluation,242,22009;33016;35918;27370;33754;7451;34476;39488;30656;34874
evaluation,243,78144;62104;12968;84024;41642;79571;20446;214;31212;3104
evaluation,244,46804;1248;61342;49872;96944;17924;35508;46675;47269;82456
evaluation,245,9212;9592;45340;23626;41396;41301;44864;72732;44920;40962
evaluation,246,90786;79941;56806;94304;96238;78154;55916;11886;90550;46750
evaluation,247,84340;85667;85002;19196;79576;25702;84776;35984;85087;12710
evaluation,248,91118;65216;442;74256;41647;77720;66622;21100;74800;23118
evaluation,249,17287;94646;72266;79266;95414;37651;10748;14314;75681;80
evaluation,250,57986;54692;54572;27412;29186;8791;88228;14712;946;5120
evaluation,251,81372;93530;81598;11982;11812;4859;26187;36476;887;82604
evaluation,252,66842;96542;22810;38168;18469;19496;11722;3823;57338;42880
evaluation,253,62764;24043;34536;57520;45932;46339;20690;29872;26960;10310
evaluation,254,68040;28972;44266;44279;25047;66595;77402;41570;43528;6324
evaluation,255,45688;68040;66595;9932;5068;21884;41570;80810;43992;13840
evaluation,256,68590;39314;14014;79294;67104;36280;23554;10804;6610;18138
evaluation,257,95030;28064;5149;47424;8812;69636;93524;99749;69606;28188
evaluation,258,17894;85394;18055;4044;9548;32264;51154;28516;23007;60662
evaluation,259,82150;3919;51000;5765;29330;33904;63282;22808;38492;35478
evaluation,260,26960;91026;10528;10472;89916;69238;56922;10310;75147;57520
evaluation,261,34454;24592;10014;23554;27684;83704;60112;77250;26182;46618
evaluation,262,33971;9578;15970;26104;55920;87274;16114;32298;24826;14262
evaluation,263,53850;54258;62944;56426;96056;57048;56370;94560;2774;48333
evaluation,264,9622;13980;15392;9526;15395;11133;17572;10052;10176;18100
evaluation,265,86308;22568;10528;14544;10598;13116;10472;7504;90605;7150
evaluation,266,67090;41974;6894;33332;13766;98166;14170;13970;13976;16267
evaluation,267,20532;98042;40240;32687;2766;5384;42260;65974;59134;17106
evaluation,268,61408;20130;15481;8410;16750;42510;21643;14339;15874;15487
evaluation,269,14891;35830;11544;78858;22403;59171;53466;28286;2608;40184
evaluation,270,23338;27509;27443;73128;51656;63000;1448;14856;30826;87916
evaluation,271,32642;32646;64051;20427;4536;56302;3670;66560;58632;44904
evaluation,272,65198;4688;19742;24581;89798;69836;19968;7412;11084;7636
evaluation,273,3040;3560;27448;71934;23789;74045;3264;70682;65974;32916
evaluation,274,98042;27594;73210;40240;46959;80092;8284;93798;5384;82350
evaluation,275,8044;69322;35155;96922;53580;33522;2604;7878;75395;34814
evaluation,276,55587;34972;97389;82075;85998;19119;39926;40594;4416;31312
evaluation,277,66314;20650;55216;70936;37623;79946;31108;37964;79556;13884
evaluation,278,5895;46408;49952;52772;13860;92354;96934;43354;53706;10252
evaluation,279,43625;43525;68114;18240;36804;18608;87134;42148;32452;23316
evaluation,280,3132;21581;28938;14070;30848;91052;87715;31275;17798;14099
evaluation,281,68040;6324;44279;44266;32750;68042;91580;69106;87314;28148
evaluation,282,10508;420;95330;1106;34556;58322;59584;46766;21398;21828
evaluation,283,3264;3560;3040;74045;65974;98731;6558;70682;71934;81328
evaluation,284,58331;63534;56474;27370;24160;39386;21712;27108;14206;6726
evaluation,285,15709;71470;16116;71330;22262;84858;72527;45875;36385;52588
evaluation,286,43146;75516;90025;88748;39640;90476;89240;98104;90635;90306
evaluation,287,19196;85002;79576;85087;85667;3679;47642;84340;84995;44518
evaluation,288,9212;9592;45340;41396;44864;41301;23626;40962;9190;57349
evaluation,289,48626;46758;6406;17908;8308;3015;8416;87800;86970;43704
evaluation,290,8607;69164;90534;35155;67560;27616;99678;34814;4192;75668
evaluation,291,28816;48184;57708;54282;79576;59132;28034;49302;34546;10979
evaluation,292,82150;5765;32598;4062;33904;29330;56930;72276;38492;99714
evaluation,293,61188;86150;21526;99780;57705;81768;70864;20108;93297;2996
evaluation,294,98094;10646;93488;75354;58429;8163;98376;80338;84240;87370
evaluation,295,98042;32687;2766;20532;10314;40240;2870;98700;36917;39979
evaluation,296,61408;20130;21643;7867;17312;42510;60230;30942;16750;8410
evaluation,297,3560;74045;3040;27448;23789;71934;3264;70682;65974;29232
evaluation,298,42716;57390;63346;44794;72162;57884;12166;42467;75382;72499
evaluation,299,2692;96456;94146;16600;6824;1530;61698;6868;74704;94322
evaluation,300,65581;3510;37750;36064;82400;38558;81522;46804;57124;26182
evaluation,301,85540;93074;80708;4960;96150;77720;22360;4666;18238;10887
evaluation,302,30359;10300;32960;83064;83317;85676;47396;12558;93036;42864
evaluation,303,22262;57502;23527;89834;23112;58172;10208;87576;95885;22252
evaluation,304,22399;39008;19254;18364;19004;19852;18726;19850;98114;54786
evaluation,305,54258;96056;19658;56426;95586;56370;2774;94560;57048;62944
evaluation,306,96085;95324;30244;39196;5696;87946;57506;85827;79485;79807
evaluation,307,17894;18055;85394;36546;23007;60662;23234;28516;32264;26886
evaluation,308,98572;51802;97920;89956;46339;34988;6732;29872;26960;80509
evaluation,309,40286;21162;31080;21278;21516;70448;94428;86372;39485;51448
evaluation,310,84340;19196;85667;85002;79576;84776;25702;85087;35984;12710
evaluation,311,16234;57708;79576;44518;82388;69562;32160;27600;25102;27838
evaluation,312,48184;49302;57708;34546;28816;28034;59132;79576;54282;44608
evaluation,313,99709;54194;26372;3462;71218;96584;23196;96912;90670;30823
evaluation,314,23234;52650;36532;9064;82523;50877;61945;20680;85765;9846
evaluation,315,94646;72266;79266;17287;80;10748;14314;95414;75681;16326
evaluation,316,54482;33822;63172;7258;6938;1084;1083;20666;70600;88844
evaluation,317,8044;96922;35155;34814;53580;29748;44450;90534;28442;74649
evaluation,318,21794;32842;14551;58212;89052;95885;17046;55022;60398;598
evaluation,319,45305;42068;78605;29810;49788;49470;32250;49044;22128;20748
evaluation,320,89899;7226;14062;48736;71866;70131;10062;21694;9928;43528
evaluation,321,11874;12056;10042;82150;61290;31035;8244;69106;70220;41581
evaluation,322,60596;75464;18320;4648;7682;10933;91688;10914;77496;9106
evaluation,323,28118;57884;94989;27694;27456;52462;42314;82681;28960;54052
evaluation,324,17312;17572;13980;9622;9526;15395;10676;11133;29116;18100
evaluation,325,73908;71882;56162;69794;70576;11960;77109;5676;148;36304
evaluation,326,3462;496;10598;2500;1330;14544;91025;22160;7150;10528
evaluation,327,39044;34453;18780;31850;18602;19132;94997;22144;10314;36888
evaluation,328,63292;69568;50628;6751;5024;52744;8562;51882;19980;11082
evaluation,329,94004;37182;53791;64334;40020;94556;16493;96155;23078;12048
evaluation,330,66098;5080;16374;51564;56161;55450;56112;97920;60184;31790
evaluation,331,96857;35522;12079;35494;49572;92581;32416;64354;76423;45596
evaluation,332,96125;58114;41026;60400;1637;20974;1776;23526;53920;66202
evaluation,333,15709;16116;51885;71330;72527;71470;84858;52631;22262;52329
evaluation,334,46758;54220;8308;48626;43704;9472;56618;43218;6406;53651
evaluation,335,75117;54720;23854;79592;79560;85539;79546;21170;21134;67468
evaluation,336,26434;52700;86781;67262;15454;8075;11288;86580;10342;44055
evaluation,337,89899;7226;14062;48736;71866;70131;43528;9928;10062;21694
evaluation,338,64334;96155;97057;94004;94556;32075;93650;4494;6726;53791
evaluation,339,85107;97577;89956;21028;19961;95030;98192;62764;26052;33598
evaluation,340,94678;6150;20400;564;27664;9738;93610;80664;45722;25578
evaluation,341,94954;36234;54010;12228;74334;41570;42656;35268;10672;93524
evaluation,342,94092;27117;27107;34011;33030;29858;32394;27386;32422;31366
evaluation,343,5844;82682;85088;56460;996;33016;85552;98853;22844;6134
evaluation,344,58050;21886;81524;2175;18028;37360;4372;8708;1494;92786
evaluation,345,79764;97422;57629;87572;72814;59882;1022;98690;96445;73096
evaluation,346,20912;74250;79068;38512;31560;49872;77170;30316;50298;7914
evaluation,347,45026;44954;45930;46022;45875;23086;9064;1000;10056;30359
evaluation,348,61065;7452;79218;33446;8164;33306;3032;18212;99466;10933
evaluation,349,72950;51656;3812;23338;73902;94877;1594;39070;73045;95842
evaluation,350,77234;49252;30921;944;9712;45548;2814;46306;928;43894
evaluation,351,96944;35508;87952;96344;1248;46804;65180;11758;58050;50868
evaluation,352,22998;96338;4699;12520;94859;1644;1806;36364;95885;51243
evaluation,353,79576;63342;95885;57708;59132;27838;36412;30447;19196;38338
evaluation,354,98810;13610;37426;97197;67638;41647;99678;18640;7980;42988
evaluation,355,74256;30629;86686;81840;21100;17546;36884;34091;58718;74550
evaluation,356,10044;9995;95324;5696;3015;30508;96085;9269;5042;30244
evaluation,357,44954;46022;45026;1000;13166;10056;45875;45930;84748;30359
evaluation,358,97789;7452;10933;8164;71488;33306;99466;61065;79218;80398
evaluation,359,77402;28972;43528;44266;14780;25047;44279;21694;31946;70131
evaluation,360,62764;24043;34536;57520;26960;46339;5714;5072;27682;66098
evaluation,361,37182;18320;60596;81522;75464;4682;10914;4222;7682;10422
evaluation,362,63172;54482;33822;70600;1084;1083;7258;6938;63380;63346
evaluation,363,18868;23196;14544;24208;26574;44046;51572;80668;12347;86308
evaluation,364,66330;10198;23894;27437;27916;43908;92794;23822;21288;21788
evaluation,365,98810;64852;99678;45791;68562;39738;13610;19372;1462;74612
evaluation,366,94662;90350;94732;98636;28572;34766;98731;86180;90614;80540
evaluation,367,33030;34011;94092;34013;27386;29858;27117;31366;30172;724
evaluation,368,29314;81778;29670;78590;32026;22718;32112;63958;81428;32226
evaluation,369,14339;20422;17956;62994;7258;4712;13320;17056;96857;56094
evaluation,370,75452;62428;96134;69106;9932;37228;45688;61982;25430;41570
evaluation,371,62764;24043;57520;34536;46339;50812;45932;29872;26960;5714
evaluation,372,33822;54482;63172;7258;10860;63346;20666;6938;44695;70600
evaluation,373,61524;19059;12010;11530;8106;75794;27483;31494;21674;24476
evaluation,374,5844;82682;996;85088;33016;56460;98853;7198;85552;6134
evaluation,375,82920;27700;32160;25126;58388;90720;25022;52462;29446;34504
evaluation,376,58728;30376;1963;27594;94997;2130;3264;47971;97814;65974
evaluation,377,95352;95082;51468;74538;61762;46675;46764;8943;73124;18562
evaluation,378,27574;27018;28840;50771;88595;32958;85900;99234;79807;28298
evaluation,379,43704;43218;54220;12846;3548;8416;10814;17612;12206;8308
evaluation,380,75128;5684;74010;74352;75920;2639;26950;71461;76210;71710
evaluation,381,66098;97920;50812;35014;76880;80509;51174;6732;81268;40254
evaluation,382,6851;18320;27230;1144;13212;21090;28410;48690;26104;97636
evaluation,383,6410;7410;7434;98636;89151;98700;2870;93798;80540;3040
evaluation,384,15709;16116;51885;71330;72527;71470;84858;22262;52588;52631
evaluation,385,74540;45548;40725;5844;4910;52616;54461;91352;762;6390
evaluation,386,2734;68073;24906;18699;30121;31132;41632;22494;81170;44823
evaluation,387,98854;87344;62528;97422;85048;1022;95186;87572;46797;73070
evaluation,388,13610;11584;18640;45791;20866;20518;11178;1826;33882;38800
evaluation,389,38248;49980;45225;12254;17140;41619;9890;91249;17326;12211
evaluation,390,90350;94662;94732;98636;86180;90614;97758;6536;93798;34766
evaluation,391,8907;51786;65998;8270;68492;14451;8360;9376;9676;48942
evaluation,392,62580;44490;32314;38834;27662;11862;19432;26851;22252;12070
evaluation,393,64860;14350;44248;318;15646;44260;22122;41376;80110;6156
evaluation,394,45930;45026;44954;45875;46022;1000;10056;9472;72527;38532
evaluation,395,96125;16650;60400;58114;1637;2694;4642;77660;48416;7336
evaluation,396,96944;46804;61342;1248;43436;87952;36064;65581;77250;49872
evaluation,397,4358;20192;72193;68916;57418;17562;99374;3262;98924;41026
evaluation,398,83168;43146;83094;24874;70228;78164;39944;64986;17368;81170
evaluation,399,57124;83184;14512;47818;28958;15334;27228;79324;40278;14518
evaluation,400,27228;28958;55806;30194;19836;19640;28534;9168;9468;57124
evaluation,401,18364;12422;36024;38928;34453;19132;3178;12148;3702;19576
evaluation,402,72162;42716;72499;57390;75382;44794;42467;61928;24362;12166
evaluation,403,46412;51448;48984;70448;45148;48806;50314;35572;46424;45237
evaluation,404,10044;9995;46466;30508;24758;27644;19518;9269;19040;57350
evaluation,405,81768;60806;39105;24906;18388;57705;77554;99472;3020;70864
evaluation,406,46022;44954;29880;45026;45875;45930;13166;1000;85676;84748
evaluation,407,26772;10747;85656;27100;11526;27410;93494;7178;58074;38248
evaluation,408,86008;63990;96418;83064;83317;42025;10802;1876;8102;9182
evaluation,409,53428;47582;45944;97374;36385;56922;89306;49208;1260;85390
evaluation,410,97530;47037;42988;90306;34653;43146;14328;94214;6450;39105
evaluation,411,15094;9708;22224;64174;32314;13640;73849;56152;93684;2690
evaluation,412,77720;96150;4666;93074;85540;74800;55362;11528;95304;10887
evaluation,413,57708;16234;44518;82388;79576;27600;32160;36978;69562;27838
evaluation,414,94678;6150;86378;45722;25578;564;22698;9738;18642;21706
evaluation,415,58050;2175;21886;4372;34102;80040;20014;8708;18028;3352
evaluation,416,94662;90350;94732;98636;98731;34766;28572;90614;86180;68487
evaluation,417,9505;57232;94560;62944;42780;88576;61043;2774;56370;34918
evaluation,418,53357;54109;19004;19852;21460;55388;18792;85936;44354;4658
evaluation,419,47238;45572;40062;12812;79792;6893;62392;14123;6418;94146
evaluation,420,36256;64533;37450;5344;732;90522;4832;36134;36992;2492
evaluation,421,7276;12764;35960;6758;11136;42932;6552;91396;7064;83586
evaluation,422,58331;56474;52656;87554;14206;49981;68798;20424;25069;6288
evaluation,423,9212;9592;45340;9190;44864;46604;41396;41301;57349;36094
evaluation,424,36592;79990;67756;53406;15154;77510;11162;82146;81893;36052
evaluation,425,87297;36304;77109;24679;44194;62466;67992;87450;80810;66595
evaluation,426,2068;59260;91243;49986;9170;82230;97806;7456;97259;16940
evaluation,427,19012;44046;23196;29956;49840;24208;16027;18868;18220;86308
evaluation,428,20532;23789;2766;65974;53476;40240;2870;32687;47994;59134
evaluation,429,17502;69758;91221;92994;39214;63434;92198;92192;35756;18728
evaluation,430,22262;33492;47667;52588;87576;90146;20782;51840;48140;15709
evaluation,431,4664;9012;12412;26316;50114;57905;24010;34214;76136;23851
evaluation,432,98636;98700;7410;97758;7434;6410;90350;98731;59096;80540
evaluation,433,66098;87564;22090;74599;97254;98192;40254;97920;19961;27116
evaluation,434,46104;64986;57876;98180;76232;28188;1148;90602;25668;98461
evaluation,435,90670;74808;9648;11678;42656;23484;21418;80230;17603;49208
evaluation,436,46960;3510;74250;10959;15295;85983;88782;56998;88284;83704
evaluation,437,73112;66022;5716;5302;73044;12016;29068;98245;4306;68945
evaluation,438,18726;39008;92410;18932;19254;94997;19850;23894;18602;19576
evaluation,439,14447;23594;69712;4068;56158;11530;3742;24476;55864;12518
evaluation,440,84286;88130;13752;25398;64918;31424;58146;0;25702;34546
evaluation,441,44954;45026;45875;45930;46022;1000;13166;9472;10056;38532
evaluation,442,96328;4276;4946;4960;58602;7022;45206;77720;82505;85540
evaluation,443,83276;64750;63649;92157;64404;83502;65656;69697;68794;68842
evaluation,444,46863;58212;94988;1416;27158;9443;37476;43069;50252;82388
evaluation,445,10044;9995;30508;46466;9269;3015;57350;93074;398;9106
evaluation,446,9334;67772;41472;85148;23496;11696;1148;30378;83412;12884
evaluation,447,47720;56930;44194;28972;22808;27266;40276;79646;43631;48154
evaluation,448,12228;9932;80810;68040;31634;31370;66595;8134;65377;84756
evaluation,449,17024;31616;75794;51000;45698;27290;83598;13416;63451;34790
evaluation,450,72000;99464;31142;32160;90720;94989;28118;34504;8786;32120
evaluation,451,2500;51572;18868;3462;8214;14544;90605;32536;7150;91025
evaluation,452,65581;46960;3510;37750;46804;50298;38558;81522;46675;5380
evaluation,453,62764;24043;34536;57520;66098;26960;26368;45932;10310;51802
evaluation,454,90350;94662;93798;86180;98636;94732;97758;59096;98731;80540
evaluation,455,990;20210;29918;7326;22710;42918;96464;4186;146;40635
evaluation,456,75062;79646;85328;21694;68149;38920;79358;69106;89899;26512
evaluation,457,45930;45026;44954;45875;46022;45996;12946;1000;84748;15040
evaluation,458,97789;7452;10933;8164;99466;71488;33306;79218;33446;61065
evaluation,459,29184;30376;31950;47562;54529;28594;25026;30316;22144;69264
evaluation,460,23404;32302;14314;58920;9959;79266;94646;67048;23632;17287
evaluation,461,15481;60448;9762;15184;11851;14339;730;47936;91688;65249
evaluation,462,32160;72000;58388;99464;82920;90720;32270;31142;34504;13023
evaluation,463,26434;86781;15454;52700;86580;91852;10740;96948;11288;10342
evaluation,464,86597;23726;85765;63924;79726;59502;95621;57864;4044;923
evaluation,465,50480;51222;49848;50008;92826;89808;19828;19680;21460;10111
evaluation,466,18364;73317;39008;94997;35490;19576;18780;5628;92410;19132
evaluation,467,6410;7410;7434;98700;98636;93798;47994;89151;8284;6603
evaluation,468,53714;28816;68492;11487;259;38812;88130;244;38680;48048
evaluation,469,66052;79822;21990;49056;16044;92286;50738;1998;8074;6851
evaluation,470,79822;66052;49056;21990;58910;16044;71370;50738;23116;223
evaluation,471,90764;32075;93650;9485;23404;72193;73722;59892;4078;65502
evaluation,472,3171;56970;16810;27812;38558;38296;68202;74740;29128;4395
evaluation,473,5844;40725;82682;85552;1342;85088;33016;996;17052;33754
evaluation,474,88130;98588;259;28816;38184;106;33196;38680;53714;92286
evaluation,475,90498;32642;32646;71154;64051;6136;70680;48486;18184;44904
evaluation,476,97789;7452;8164;33306;99466;79218;61065;10933;18212;71488
evaluation,477,3812;96169;72643;26943;94877;26994;92794;51656;48503;8846
evaluation,478,53714;28816;68492;259;33196;88130;244;11487;38680;54282
evaluation,479,81372;93530;81598;36476;11812;11982;9582;26187;4859;9312
evaluation,480,19314;55587;19034;27886;63434;94241;19119;21054;282;59656
evaluation,481,81522;75158;372;64334;37182;14136;94556;6726;13342;96155
evaluation,482,19576;92410;23790;39044;19850;3702;92670;18726;18932;12422
evaluation,483,49252;77234;30921;45548;944;71963;2814;9712;928;5172
evaluation,484,4750;75178;98204;98075;39578;33838;70514;25610;25612;68073
evaluation,485,90350;94732;94662;90614;28572;34766;98636;98731;6536;86180
evaluation,486,28840;50771;98946;85900;15742;89024;79807;57506;16430;99234
evaluation,487,21828;91242;420;4674;46392;34556;48641;95330;51326;87336
evaluation,488,91996;5498;13182;76176;76232;5490;93372;34298;13846;93678
evaluation,489,50208;62110;89001;17368;18699;93408;89838;81170;62458;83006
evaluation,490,2962;57838;3528;50745;19562;87832;19772;99350;91798;20232
evaluation,491,46750;94304;79941;11168;99031;56806;90786;4175;5192;24486
evaluation,492,39998;12170;32547;56972;46878;78172;536;8556;5680;51754
evaluation,493,5844;40725;82682;1342;85552;33016;85088;996;17052;33754
evaluation,494,41528;11974;83036;71370;90550;762;77872;51475;52886;47470
evaluation,495,93680;92856;81496;49127;16728;50868;83048;83102;12442;25830
evaluation,496,27908;15205;75582;14430;41498;14716;91352;13900;51148;10424
evaluation,497,53714;68492;28816;38812;11487;259;88130;38680;13752;48048
evaluation,498,97959;99516;99476;98006;99317;63148;68289;65880;96603;22784
evaluation,499,94646;17287;79266;72266;80;14314;95414;37651;10748;14608
evaluation,500,90534;87688;92050;67560;53284;69164;96603;29978;126;2967
evaluation,501,75178;33838;98204;39578;98075;4750;25610;69578;70514;25612
evaluation,502,32160;72000;31142;99464;32270;82920;34504;90720;29446;32120
evaluation,503,7150;15480;28019;62944;18932;18726;14544;496;95278;22568
evaluation,504,94004;96155;64334;94556;53791;2567;37182;97057;14279;15358
evaluation,505,93312;69012;20006;13884;47264;11443;82214;1672;63450;610
evaluation,506,32642;32646;64051;90498;71154;20427;6136;44904;69356;4536
evaluation,507,7642;3128;62541;16044;16902;20044;35254;34534;75464;35114
evaluation,508,68492;53714;28816;244;106;38812;88130;60282;31434;79576
evaluation,509,4169;39964;94242;29548;8620;43838;24812;38706;39808;48020
evaluation,510,95885;79576;38972;36412;57708;38338;69562;59132;82388;49396
evaluation,511,11886;4175;11864;12616;94304;4891;47556;55916;5626;5367
evaluation,512,24806;17483;75681;14608;17287;49234;56613;99702;64848;7648
evaluation,513,64051;32642;90498;32646;71154;69356;20427;6136;98180;48486
evaluation,514,67610;26818;25047;69106;27691;68170;85328;89872;36234;43528
evaluation,515,96542;66842;19496;38168;18469;33270;59462;68992;89252;45964
evaluation,516,69106;10850;27266;28988;14780;80810;28512;79646;51000;45688
evaluation,517,45688;66595;85998;28972;56930;37636;21884;80810;44194;65377
evaluation,518,27437;82659;68898;16648;39694;76136;5484;34536;39403;20951
evaluation,519,28188;95030;11438;84271;12248;70220;4494;93768;78846;8136
evaluation,520,6227;24476;2290;1434;1118;1392;6743;6450;21650;7240
evaluation,521,96857;12079;35522;45596;49572;76423;35494;92581;64354;71644
evaluation,522,57629;97422;73096;87344;79764;72814;54640;12040;12314;87572
evaluation,523,64051;90498;32642;32646;71154;6136;69356;20427;48486;98180
evaluation,524,94589;76496;24098;97259;5090;24263;7682;97806;99916;5920
evaluation,525,44194;36304;41536;77109;87297;45688;47720;35268;68042;596
evaluation,526,83020;88461;87710;91637;81046;88460;6536;88702;98012;83820
evaluation,527,12422;3702;12148;78928;92410;92670;97814;13922;23470;34453
evaluation,528,24263;5090;23496;71488;6103;94589;51294;76496;1184;72622
evaluation,529,15709;52631;51885;16116;52588;84858;22262;52329;96246;82952
evaluation,530,53714;68492;28816;259;88130;38812;244;82728;13752;48048
evaluation,531,65998;41233;9376;68492;2134;10408;2998;1162;67186;18322
evaluation,532,94589;76496;23496;24263;71488;2621;2640;28922;5090;24098
evaluation,533,57124;10760;99020;72880;34130;89432;30194;27228;89125;99564
evaluation,534,6150;28938;80664;87715;25578;880;14099;656;17798;56450
evaluation,535,96134;22677;99020;34130;10760;57124;11758;27228;19760;99564
evaluation,536,62110;71043;58632;20427;17102;56099;24906;16406;23870;17603
evaluation,537,3136;6851;3306;65249;5450;98166;40286;48690;13070;61174
evaluation,538,27594;58728;94997;2538;2130;1963;14122;47971;2178;67790
evaluation,539,83102;61612;11712;78783;923;53812;3928;83048;53398;53190
evaluation,540,56930;13840;39286;50218;37636;45688;80810;48154;70214;34972
evaluation,541,32642;32646;64051;71154;90498;98180;48486;18184;6136;71119
evaluation,542,80018;83264;29747;34536;97920;81268;39748;29114;29872;27682
evaluation,543,13182;5490;12632;24940;79516;17724;14038;33184;23870;55940
evaluation,544,57629;72814;73096;1022;97422;79764;54640;59882;12314;87344
evaluation,545,90670;23272;8032;30447;34;59864;31816;15448;6758;11142
evaluation,546,24043;62764;19961;39382;95030;70220;28188;15395;66098;27116
evaluation,547,39286;73136;13840;69432;40344;41570;21884;81085;32750;14062
evaluation,548,99466;97789;33306;8164;79218;7452;71488;10933;61065;80398
evaluation,549,72527;73070;71330;9472;59526;16116;82920;82952;85044;93226
evaluation,550,79807;79485;32958;28298;87946;98946;50771;99234;88595;30244
evaluation,551,64051;32642;90498;32646;20427;44904;99326;56302;71154;69356
evaluation,552,45688;87314;28988;89964;91580;34972;66595;25282;14062;28512
evaluation,553,11438;68992;564;31412;37636;42880;9170;81268;33270;40594
evaluation,554,94589;24263;47684;76496;28920;97259;28691;24098;5090;53890
evaluation,555,87297;36304;35268;24679;5862;44194;19119;77109;62466;22808
evaluation,556,62110;71043;17102;23870;56099;20427;24906;16406;58632;89240
evaluation,557,68042;96988;34972;43992;45688;87297;89944;36304;65377;80810
evaluation,558,94732;94662;90350;98636;28572;34766;98731;98042;90614;68487
evaluation,559,19004;19852;53628;39831;55549;95932;86308;58990;98002;44354
evaluation,560,44954;46022;91864;45341;10056;42830;1000;44898;45026;2880
evaluation,561,93114;37719;76074;4838;20418;4894;88586;65900;14551;75986
evaluation,562,10310;12406;12350;58320;89931;16027;15395;21712;2500;8214
evaluation,563,68042;34972;45688;35268;89899;43992;87314;81085;7226;37228
evaluation,564,7452;80398;8164;99466;79218;3032;97789;46952;33306;61065
evaluation,565,57629;87344;97422;96445;73096;72814;54640;1022;12314;79764
evaluation,566,64736;31174;41902;75582;37328;93228;79658;27908;66202;20700
evaluation,567,2870;60164;98042;2766;32687;66680;98700;65974;92166;41046
evaluation,568,3462;10528;22160;10472;496;25362;95278;2500;55349;1330
evaluation,569,39760;55549;39831;52656;44714;14536;54714;56106;11592;35918
evaluation,570,99466;79218;80398;20386;7452;8164;10933;33306;97789;71488
evaluation,571,93312;31002;41376;81840;48054;1672;89590;24486;34860;13884
evaluation,572,28512;91580;89899;98192;28988;25282;69106;14062;32750;7226
evaluation,573,6171;21650;13630;1434;1118;13946;1896;8106;35348;1392
evaluation,574,24581;39462;4688;37510;7216;69836;89798;23280;98476;20022
evaluation,575,13534;96934;14035;598;8712;25354;5895;6210;18432;46408
evaluation,576,96125;16650;60400;58114;1637;77660;4642;2694;25867;7336
evaluation,577,3640;3582;3600;48834;4611;26431;16038;16100;44702;6874
evaluation,578,26772;10747;93494;27100;38248;27410;85656;11526;7178;58074
evaluation,579,99994;60878;65981;62182;8711;73493;33782;66980;27604;67048
evaluation,580,96822;40208;31174;36256;15448;41902;7760;91352;15226;27908
evaluation,581,97218;26462;71215;21424;93654;93854;93862;8386;57372;98524
evaluation,582,65900;37719;91942;37950;41574;57756;74841;14598;43918;702
evaluation,583,78760;26970;19576;18602;18364;19852;22262;18726;15709;94997
evaluation,584,35984;244;31042;31108;50738;66052;37416;54282;38812;62580
evaluation,585,48736;51842;69106;21694;10096;7226;89899;41581;43528;98937
evaluation,586,96134;69106;7226;65502;74396;9468;25430;28988;71866;25282
evaluation,587,62466;36304;22808;40276;87297;77109;35268;45688;65377;41570
evaluation,588,94954;68170;95030;71876;66101;29514;17458;31318;47424;28536
evaluation,589,66634;12076;44752;40614;41536;47084;70514;48504;85152;73136
evaluation,590,98294;4536;5490;67097;47084;72622;71154;50954;87766;31152
evaluation,591,96146;42467;22718;51324;88296;99030;82700;42716;83456;44794
evaluation,592,20044;57302;59667;21362;91790;83456;95268;40286;2642;23666
evaluation,593,45688;28512;91580;78532;87314;68042;19314;28988;44194;83025
evaluation,594,15709;51885;16116;84858;71330;52631;71470;22262;35854;72527
evaluation,595,70974;73686;54252;73902;72950;73045;16040;15840;15748;42470
evaluation,596,85656;93494;11526;10747;26772;27410;27100;7178;58074;58684
evaluation,597,40608;16850;52504;4934;40440;66952;52266;8702;37750;14550
evaluation,598,12134;6682;9340;11764;542;38180;27644;42840;53008;90764
evaluation,599,67996;3878;4408;68136;24216;52286;10983;24728;12862;92004
evaluation,600,47200;39382;66098;25282;57078;28988;24043;99020;94410;9168
evaluation,601,5938;22698;93610;62032;77702;96341;18642;2327;13868;97920
evaluation,602,19004;19852;53628;55549;39831;11592;26516;55580;44714;98344
evaluation,603,8620;4169;39964;83033;92670;94242;12162;43838;7436;10290
evaluation,604,97789;99466;10933;7452;71488;33306;8164;79218;61065;20386
evaluation,605,31174;37328;27908;37794;29266;10979;15226;20486;15284;25867
evaluation,606,93312;89590;12951;9846;31162;49110;33165;49196;24236;17546
evaluation,607,244;68492;8907;84340;19196;21046;12710;28816;79576;147
evaluation,608,27700;30536;82920;96797;29446;82350;58388;76024;25022;65370
evaluation,609,97789;10933;8164;7452;33306;99466;18212;71488;3032;33446
evaluation,610,65581;35462;3510;85308;18726;80747;85983;18932;3894;46675
evaluation,611,97259;97806;80338;1788;96876;85388;59643;99780;98937;23496
evaluation,612,28376;41092;37220;37654;56922;36288;26744;37554;30134;17816
evaluation,613,58261;6851;13015;3136;58392;48228;65249;5450;19767;28492
evaluation,614,10676;18100;17572;9526;9622;14957;13980;9642;15392;15395
evaluation,615,99994;97510;17546;73493;8711;72686;60878;62182;49240;65981
evaluation,616,74256;7391;61228;62696;30629;86686;17546;21100;36884;34091
evaluation,617,9468;25282;90496;45068;83412;1707;47200;22282;41138;30904
evaluation,618,55450;97920;51174;10116;50812;80018;56161;81268;29872;60184
evaluation,619,41570;32080;35478;62396;36234;74334;94954;12228;7290;56930
evaluation,620,96876;98276;99952;97259;89140;36503;20662;59274;94570;12632
evaluation,621,23196;51732;19012;26738;24208;14544;49840;18868;92580;51572
evaluation,622,99796;65981;66980;8044;67048;73493;50480;49848;50008;72686
evaluation,623,25398;19339;42326;64918;91996;33270;33747;43570;64940;65269
evaluation,624,18640;33882;1734;98878;1048;9870;3828;68562;1462;1011
evaluation,625,90350;94732;6536;86180;83820;94662;8550;98636;80540;81046
evaluation,626,44292;51000;9410;86150;10850;45698;95769;23214;78846;99472
evaluation,627,13890;7150;14122;14160;69818;99821;26032;10314;28114;16278
evaluation,628,87572;53586;12426;79764;97962;92644;72814;46700;11310;11912
evaluation,629,44292;51000;9410;72276;39440;79524;94387;79646;77215;76192
evaluation,630,97259;97806;80338;1788;59643;96876;65099;2243;22436;99780
evaluation,631,37360;82716;24906;62694;18388;2996;21526;74152;44718;78304
evaluation,632,7434;7410;87618;84651;88702;88461;6410;87900;93800;88576
evaluation,633,19339;33747;33270;42326;25398;93372;64940;5498;91996;98194
evaluation,634,82682;85552;5844;85088;98853;17052;1342;15419;66765;56460
evaluation,635,40725;5844;33754;1342;33016;22844;33522;82682;7451;85552
evaluation,636,98872;43498;73474;894;4740;39040;49772;63472;14854;4638
evaluation,637,37654;26032;41092;28376;26744;68487;69263;26851;27662;3178
evaluation,638,28988;25282;91580;28512;70131;7226;87314;45688;61982;14062
evaluation,639,62764;24043;57520;6732;26960;34690;39748;59032;4494;2444
evaluation,640,90350;86180;98636;93798;90614;97758;6536;59096;94732;83820
evaluation,641,32160;72000;90720;58388;32270;82920;99464;52462;25126;31142
evaluation,642,89117;76816;24870;2536;53548;26364;26570;11828;72499;30650
evaluation,643,56922;78552;70642;79328;29116;54788;33556;17312;13922;97124
evaluation,644,9308;89306;64050;6767;28938;61156;8096;82660;98468;93768
evaluation,645,79818;5382;46837;10004;39488;40208;28596;50716;84995;27370
evaluation,646,5844;82682;1342;85552;17052;85088;66875;98853;15419;66765
evaluation,647,51000;44292;10042;17024;99714;4496;75794;13416;86008;34972
evaluation,648,99020;74396;69106;92918;21356;99564;39286;99749;52452;9468
evaluation,649,32642;32646;90498;64051;48486;6136;71154;98180;18184;99326
evaluation,650,90275;86647;90119;75176;2652;87370;46080;80408;89932;17819
evaluation,651,36917;7138;22292;2240;5165;2407;3355;9764;22568;3536
evaluation,652,53628;19004;19852;55549;58990;39831;87554;164;11592;39760
evaluation,653,79764;97422;53586;73096;57629;87572;12040;72814;11310;73070
evaluation,654,12;28054;1416;46112;27150;22599;894;655;56294;28716
evaluation,655,99796;65981;88;73493;50480;49848;66980;67048;28428;8044
evaluation,656,37722;3294;92040;79818;20350;68056;87952;30826;7691;68006
evaluation,657,13580;21046;28816;12710;68492;106;8907;85087;53714;98588
evaluation,658,98080;88240;92158;92402;120;37806;9862;88272;14551;36976
evaluation,659,99498;47582;77252;78728;38482;12258;97248;86510;11586;11512
evaluation,660,39286;56930;50218;13840;48154;14062;32750;99324;81085;3886
evaluation,661,94004;64334;1446;54086;10914;2567;37182;60596;96155;13944
evaluation,662,90275;90119;86647;93591;22030;632;8163;80408;1088;68280
evaluation,663,66330;23894;1574;13472;21288;21788;92410;15722;63486;78784
evaluation,664,61408;20130;59060;8410;30758;16750;21643;29116;15481;9762
evaluation,665,36917;7138;22292;2240;5165;9764;3536;2407;24204;3355
evaluation,666,15287;15212;22862;1046;16810;93448;16952;16420;6828;18746
evaluation,667,67431;57558;33694;5348;34420;93494;10730;57378;23578;50978
evaluation,668,42021;8214;16204;86594;89852;70784;46675;46278;65310;9140
evaluation,669,97806;97259;98276;44592;28188;99952;15386;1422;7738;17458
evaluation,670,33782;65981;906;59260;77228;18292;50008;44595;58506;58471
evaluation,671,39964;4169;8620;7436;94242;29548;39808;70662;39873;43838
evaluation,672,10316;1486;6928;41212;5658;24114;25635;10832;91436;4919
evaluation,673,18982;48695;51986;50536;40478;12154;26774;34454;33416;34320
evaluation,674,65160;48942;36283;17238;19498;6538;34766;71674;46864;15287
evaluation,675,28034;34286;56322;5692;40635;35590;31242;38160;32885;147
evaluation,676,99796;65981;9959;8044;73493;66980;67048;4192;8607;70855
evaluation,677,73128;67110;23338;27509;85678;43726;44952;27443;7198;30826
evaluation,678,2608;17196;93545;15450;28286;71671;60506;67750;11038;9260
evaluation,679,33902;18322;14350;41176;7788;58836;71234;8336;398;22224
evaluation,680,9212;9592;45340;44864;23626;72732;57349;4255;9190;63778
evaluation,681,31434;88130;20698;92286;41864;43600;5626;64598;259;99838
evaluation,682,12558;30957;12898;15040;13218;12946;14812;406;27124;25932
evaluation,683,10760;99020;57124;19640;65581;30194;34130;6056;7696;53672
evaluation,684,88748;97662;39949;62694;39936;69878;56258;39640;97576;68332
evaluation,685,29956;54194;80668;18868;51572;24102;12347;14544;42789;49840
evaluation,686,23338;15452;67110;38090;86621;43726;24712;14856;73128;34874
evaluation,687,20208;41588;954;68664;12856;7798;4078;68404;67915;20192
evaluation,688,15212;15287;1046;22862;18746;6828;43597;19396;12127;17126
evaluation,689,96718;19050;23671;91992;23554;23824;19133;23754;11458;44442
evaluation,690,94589;24263;47684;76496;97259;28691;24521;28920;24098;85388
evaluation,691,93408;62110;78164;8538;13892;50208;98104;9170;17368;84834
evaluation,692,58261;6851;58392;13015;39509;59036;55619;65249;5450;19767
evaluation,693,39008;18364;19576;73317;94997;5628;19132;18602;19850;18780
evaluation,694,66120;34766;36283;49016;37596;28572;33328;33712;54086;65160
evaluation,695,39008;18364;73317;19576;94997;92410;19132;35490;19850;18602
evaluation,696,96857;12079;35522;92581;49572;56400;35494;21964;45596;32416
evaluation,697,94146;48610;6851;98470;74704;10798;96456;8854;8879;14431
evaluation,698,7642;62541;20044;3128;8858;75464;77960;16044;75752;16902
evaluation,699,94146;6851;74704;96456;8854;1530;8879;93860;14431;98470
evaluation,700,40388;5222;65704;9440;67186;54118;45138;9354;13084;11774
evaluation,701,26930;83276;68616;23112;28434;64750;8702;50072;97422;16226
evaluation,702,85676;12558;2880;95606;12898;66988;34054;69322;34791;49188
evaluation,703,11696;67097;50190;4536;99326;30388;13846;98180;66800;26352
evaluation,704,38198;16118;40971;42320;14608;99990;31216;4552;91862;31560
evaluation,705,90786;51004;50426;96238;90550;71418;71200;94434;71126;61190
evaluation,706,71066;98582;14206;70784;33030;15354;31274;23790;31366;4169
evaluation,707,54396;4428;36814;6216;53836;99498;3820;4854;8074;51290
evaluation,708,97259;96876;98276;99952;97806;89140;28188;49986;90108;36503
evaluation,709,60282;88748;39936;17368;97576;62694;39949;69878;39640;81170
evaluation,710,17312;17572;13980;9526;9622;10176;15395;10052;18100;15392
evaluation,711,13892;13288;89932;86754;12632;90275;83025;3020;9170;8163
evaluation,712,97462;32476;5040;5020;88748;78304;93591;84834;4708;30563
evaluation,713,11136;71488;24263;94589;30942;4086;23496;76496;5090;6866
evaluation,714,76764;83398;88748;75516;39419;8276;31510;13306;24906;28922
evaluation,715,56558;96818;94290;79360;52054;13306;45874;7110;476;15297
evaluation,716,68073;33838;4536;75178;98075;98204;69578;58632;69246;22982
evaluation,717,25398;64918;19339;12738;91996;42326;43570;40244;84286;34298
evaluation,718,39308;92190;60282;47950;39224;55576;62694;69878;81170;99539
evaluation,719,76972;53421;63880;10682;80112;72758;32734;98730;77510;11891
evaluation,720,86956;9226;87336;88788;5428;66748;37624;37676;5748;7822
evaluation,721,88836;59810;3015;53668;5042;32125;91050;53676;5696;30508
evaluation,722,60356;46784;46752;3020;95769;58050;23214;2996;81768;94846
evaluation,723,48140;41854;62764;724;39748;1758;23702;57078;3020;36172
evaluation,724,70848;10310;24043;26104;24826;13980;62764;34690;15395;89896
evaluation,725,99464;89894;32356;34504;90720;52462;25126;78661;32160;32120
evaluation,726,31850;12422;34453;39044;18364;12148;97814;16204;36172;19576
evaluation,727,84726;97741;95082;40280;10834;11952;85406;11262;24690;87220
evaluation,728,45305;1246;64174;63342;64754;65182;12917;67960;7195;40280
evaluation,729,48236;75818;198;75790;1236;40128;16212;34612;46522;9862
evaluation,730,7356;63894;17963;49044;48026;60140;76962;26350;49748;46230
evaluation,731,17287;1648;94646;79266;404;6988;37651;14314;23404;94002
evaluation,732,44954;46022;45875;1000;45026;13166;45930;51596;10056;9472
evaluation,733,60356;94846;3020;46784;12632;3528;50746;34916;46752;58050
evaluation,734,96876;90119;22030;8163;21948;37836;94570;75354;13974;89557
evaluation,735,96876;8163;22030;21948;37836;75354;39640;90119;6103;4539
evaluation,736,13886;18642;19738;93610;86378;22698;23038;9738;38952;38112
evaluation,737,36234;12228;41570;32080;54010;42656;74334;45688;94954;35268
evaluation,738,39640;97662;39949;32294;17368;43146;39576;22494;24874;76764
evaluation,739,76024;32160;28960;96797;82350;27700;25022;32120;72000;31142
evaluation,740,10676;9622;17572;9526;13980;18100;9642;15392;14957;15395
evaluation,741,60204;84870;23746;15768;20848;50512;44954;49188;41415;85138
evaluation,742,3462;10528;22160;95278;10472;14544;2500;26738;26372;13116
evaluation,743,8320;13900;8480;15746;79658;77660;16650;51792;84524;81850
evaluation,744,60356;94846;50746;3020;45872;15182;34916;46804;12632;1758
evaluation,745,45688;80810;28512;87314;25282;9932;28988;5068;36304;34972
evaluation,746,30172;77266;38887;67104;590;29656;74382;31968;26156;26368
evaluation,747,48736;58882;41581;7226;69106;51842;59102;49614;14072;21694
evaluation,748,96876;90119;86754;8163;94570;94434;21948;75354;89932;22030
evaluation,749,88461;8550;86180;87710;98636;83820;7410;7434;81046;6536
evaluation,750,53628;39831;55549;44354;58990;18726;19852;56964;52340;19004
evaluation,751,1530;94146;48610;16268;1386;24547;6851;7276;19078;92354
evaluation,752,6828;22862;35960;93448;75584;76714;12764;495;19416;74704
evaluation,753,1530;94146;1386;48610;16268;19078;7276;24547;54812;24682
evaluation,754,96344;50868;87952;55474;86618;36094;35508;43436;71215;58173
evaluation,755,75128;74010;74352;75920;5684;26950;71461;71710;71492;2639
evaluation,756,39419;32476;68332;68296;13696;25610;60282;98204;89838;32016
evaluation,757,22474;2462;63170;15419;73128;996;85552;57089;17052;56460
evaluation,758,80866;18322;22128;41176;99020;18832;45770;31379;56728;5508
evaluation,759,99952;98276;89140;97259;96876;90275;9170;36503;11494;13597
evaluation,760,64051;90498;32642;32646;71154;6136;2014;98294;99326;48486
evaluation,761,93228;58215;4910;72695;4638;20796;39040;63222;41026;54461
evaluation,762,94662;67790;14992;68487;90350;92410;87618;89151;93800;12484
evaluation,763,63154;59982;70864;13306;95748;69888;74511;42880;68728;32170
evaluation,764,72686;8607;99796;44490;43122;48178;86740;99008;8044;49612
evaluation,765,11136;6758;11758;61612;10760;7276;99780;80040;83586;5994
evaluation,766,13734;13976;14170;16072;69794;13970;5450;19468;18804;81382
evaluation,767,6410;7434;7410;74045;70682;80540;90614;98636;6536;3178
evaluation,768,24204;23470;18780;73317;22144;39008;34453;35490;92410;24610
evaluation,769,40478;42006;78858;51632;65717;51986;51506;52266;35914;37858
evaluation,770,8044;392;73493;31162;65981;67048;25786;21656;99796;37146
evaluation,771,98564;42495;28816;1268;54282;724;77266;49302;22284;36280
evaluation,772,56474;91864;31274;60336;18803;31120;59898;59101;11956;10242
evaluation,773,88625;63880;69619;376;19674;210;26077;340;26476;9368
evaluation,774,29184;30376;28594;31950;25026;47562;77250;46675;18590;51392
evaluation,775,83276;63649;65656;64750;83502;92157;64404;68842;69697;68794
evaluation,776,55587;11450;51000;74960;75794;41536;97389;97294;59656;74978
evaluation,777,90119;99780;2175;47430;87370;20662;34102;96876;90275;80338
evaluation,778,87572;57629;54640;12040;12314;87344;1022;54670;72814;79764
evaluation,779,53284;35258;35155;96922;34814;27616;96366;30738;77080;61636
evaluation,780,56424;60282;32476;98204;25610;98075;58108;55882;63910;98194
evaluation,781,14796;10518;10946;11482;15205;13703;93894;14430;39820;19078
evaluation,782,13734;13976;14170;18402;17974;18804;16802;19468;13970;19482
evaluation,783,33556;53706;97124;23078;50252;58102;78552;1400;88676;19512
evaluation,784,10314;65354;14122;22144;29184;94997;48020;59314;45726;58112
evaluation,785,24263;13044;6103;12884;80338;5920;94570;5862;51294;17819
evaluation,786,58261;6851;58392;5450;13015;59036;28032;48690;51787;20022
evaluation,787,94877;81840;90550;83036;34814;53164;89016;53122;26810;88918
evaluation,788,73096;12314;11310;57629;72814;1022;54670;87344;97422;54640
evaluation,789,11798;93448;77250;2162;87028;76816;51596;45957;29594;87336
evaluation,790,98094;93488;22030;10646;21948;8163;89917;91918;91890;98376
evaluation,791,13574;20192;98588;55830;52271;25778;41176;5700;31790;1318
evaluation,792,41306;58876;34677;39828;38834;78728;77252;39318;16294;29058
evaluation,793,32476;60282;7386;64986;71174;86224;39419;11678;52946;24798
evaluation,794,94570;94846;80638;28922;97259;23496;94589;17458;76496;54958
evaluation,795,60356;12632;3020;34916;60806;94846;1205;46784;58050;3528
evaluation,796,43146;78164;44823;84324;39640;76232;39949;12632;74108;54524
evaluation,797,66330;98080;92410;23894;21288;19132;120;18236;74010;74352
evaluation,798,83598;83556;10472;24102;34542;62944;6756;71694;69238;10528
evaluation,799,9676;94616;14451;58471;6296;44608;45728;46241;8360;15884
evaluation,800,71488;10933;99466;97789;7452;79218;61065;3032;8164;33306
evaluation,801,1060;44130;3730;36010;38342;37067;5272;7976;7524;23674
evaluation,802,99994;97510;33782;27076;9134;44490;62182;51638;45652;77228
evaluation,803,7366;14952;7722;27370;19282;9531;19374;33608;80987;60188
evaluation,804,94877;81840;90550;16509;19828;33801;91970;82338;83036;62182
evaluation,805,15709;16116;84858;71330;71470;51885;22262;52631;72527;52588
evaluation,806,83502;83276;64750;63649;65656;92157;68842;64404;68794;8252
evaluation,807,77238;8572;7276;11136;89590;71154;15818;29722;6758;36908
evaluation,808,15944;22792;61556;35058;62710;28676;38345;41516;17268;33351
evaluation,809,58215;72695;4910;93228;762;20796;39040;5228;5344;41026
evaluation,810,12856;18322;4078;41484;12134;4175;78174;20208;9462;62764
evaluation,811,63880;69619;340;88625;376;77510;14843;19674;6931;16114
evaluation,812,34791;30957;13024;28818;26970;38750;78760;95606;2212;2195
evaluation,813,12856;41376;20192;954;18322;68664;20208;91970;81096;76333
evaluation,814,63880;88625;340;19674;77510;69619;376;36044;33165;18055
evaluation,815,98810;3792;60333;64852;99678;354;67552;22620;67638;45791
evaluation,816,7455;16438;368;16558;64376;65488;15712;9148;15356;86078
evaluation,817,53284;27163;16658;27138;19739;6176;85674;35155;24432;26502
evaluation,818,33786;71462;75117;95606;54664;20944;81432;61636;41602;36200
evaluation,819,20210;28206;19336;19468;21098;10392;1094;1526;11220;18844
evaluation,820,90896;93588;31058;22810;468;66842;56693;51536;11722;28590
evaluation,821,18642;23038;584;77702;29402;22698;94678;93610;96341;3204
evaluation,822,2398;28188;16940;14304;26919;9334;74599;43336;31412;30566
evaluation,823,64051;90498;32642;6136;32646;71154;44904;48486;98180;56302
evaluation,824,84286;7386;64918;65269;84418;97654;55658;90602;47430;33222
evaluation,825,94662;90350;98636;98731;94732;86180;792;98700;68487;42148
evaluation,826,18364;18726;22399;18932;36545;97814;19850;22144;19254;16080
evaluation,827,89506;69794;81382;73908;23872;70576;51448;65968;86459;21280
evaluation,828,94748;75208;86754;75354;89557;87370;31584;91918;91890;98094
evaluation,829,17312;13980;9622;9526;17572;15395;11133;10676;15392;10176
evaluation,830,5844;82682;85088;85552;66875;1342;17052;66765;57676;98853
evaluation,831,18581;20756;16086;34263;13182;98461;3670;57410;65099;5498
evaluation,832,12316;711;83140;92856;42194;42075;21096;9290;62266;3046
evaluation,833,28188;14020;4494;96876;97259;35884;90208;42988;47037;1422
evaluation,834,88660;62222;81840;23384;71020;97607;90550;7386;56728;74990
evaluation,835,76268;98180;25610;98204;19339;83904;48360;18546;98075;25176
evaluation,836,60356;12632;46784;94846;3020;58050;46752;50746;34916;1758
evaluation,837,83168;83094;17368;28122;22494;70228;97662;75516;62110;56312
evaluation,838,83981;13696;62694;98075;60282;56258;98204;37360;83904;97576
evaluation,839,39640;97662;39949;32294;43146;39416;90025;17368;22494;75516
evaluation,840,34263;46104;5490;93372;33628;13182;66800;29304;98294;67097
evaluation,841,62112;39105;40373;34653;25178;13182;40244;98282;4708;62694
evaluation,842,78568;52845;22499;48106;2996;53212;8512;74370;60806;78552
evaluation,843,51498;70228;86378;32476;90605;26628;38492;32050;1360;91580
evaluation,844,62694;55576;83741;78304;97654;88526;55882;68296;89838;68332
evaluation,845,39936;62222;32642;32646;90498;11702;71154;64552;39308;99539
evaluation,846,83140;86394;29410;94570;7230;94434;30570;83741;32476;93591
evaluation,847,40512;83741;25282;44718;56099;28669;24988;25668;34376;7575
evaluation,848,62692;25282;40244;18219;20360;87314;42104;98194;19339;37636
evaluation,849,10646;47950;62692;93488;56728;16990;33222;62684;48589;56882
evaluation,850,77939;67188;32814;19546;82008;1310;31864;71126;19831;70994
evaluation,851,47586;62414;62313;62684;42104;16064;60858;7148;31002;89982
evaluation,852,24988;34298;84576;6086;61238;97654;90500;64552;68296;33820
evaluation,853,93591;56099;25610;80338;71154;12738;56424;33748;53215;6086
evaluation,854,10062;69878;97662;9928;32476;8108;7226;6800;1202;56728
evaluation,855,4904;16866;47902;18827;14318;13960;57920;48714;63084;35956
evaluation,856,97654;40373;62112;83741;71119;24988;83140;30570;40244;62694
evaluation,857,56786;47896;34160;49490;44067;9062;80658;46006;6462;19342
evaluation,858,47440;39958;60098;6262;32380;75452;1014;69550;62322;79390
evaluation,859,83741;51546;62694;24906;74108;62684;5536;32476;81170;39936
evaluation,860,472;56424;41398;42326;18388;41432;6086;66800;32979;16406
evaluation,861,19546;62110;1310;62112;75516;30563;68332;83741;61208;76864
evaluation,862,21318;63022;439;12764;59461;18546;7126;26919;33222;53874
evaluation,863,76864;75516;4898;62110;22494;1310;19546;30563;62112;97662
evaluation,864,3032;7452;80398;8164;99466;79218;61065;33306;10933;97789
evaluation,865,93312;94877;81840;89590;82675;4254;48054;24486;90550;74256
evaluation,866,87952;1034;57372;946;96344;40868;59352;43844;17024;14464
evaluation,867,64750;68794;65656;83276;83502;8252;64404;68842;69697;63649
evaluation,868,7798;12856;13946;20208;9462;68664;41484;954;4175;64076
evaluation,869,19314;55587;63434;24120;27886;25354;87648;31312;11166;19034
evaluation,870,24043;62764;57520;24154;34536;46339;97577;26960;27682;89956
evaluation,871,81268;56161;66098;51174;55450;97920;50031;83264;56112;83194
evaluation,872,80398;7452;99466;8164;10933;79218;61065;3032;17876;33306
evaluation,873,66804;34415;1579;29176;22;14498;4395;2062;1402;1396
evaluation,874,18780;39008;18364;19576;18602;94997;35490;23790;17508;19852
evaluation,875,18792;64680;42858;5812;14051;90647;64334;29590;13598;97057
evaluation,876,28376;41092;37654;37220;56922;26744;36288;37554;13890;93258
evaluation,877,63172;70600;55619;63380;54482;33822;98476;11084;46958;7258
evaluation,878,22144;19132;23470;19850;73317;74328;18780;92670;94997;36172
evaluation,879,60140;59734;24690;72990;95392;58471;59414;39356;96114;34666
evaluation,880,27842;12242;84806;58898;1826;47892;5466;77152;21426;27371
evaluation,881,97789;7452;8164;99466;79218;61065;71488;10933;33306;3032
evaluation,882,69708;68945;91322;51243;28034;26126;20055;24896;37864;57502
evaluation,883,98853;5844;82682;85552;85088;6134;66765;17052;15419;1342
evaluation,884,26556;84218;18794;24728;42248;30874;7338;72594;25162;5112
evaluation,885,12016;12740;20055;68945;29068;66022;32544;65045;91322;60216
evaluation,886,5844;82682;85088;85552;66875;1342;17052;66765;57676;98853
evaluation,887,72000;32160;31142;90720;32120;99464;34504;52462;78402;25126
evaluation,888,82604;93530;81372;81598;4859;9269;26187;27340;887;88388
evaluation,889,77510;20748;26000;33902;18055;28516;32284;29400;32734;15467
evaluation,890,63880;69619;77510;88625;340;19674;18055;21364;21564;376
evaluation,891,57390;57884;30446;72162;42716;75382;63346;72499;26804;42314
evaluation,892,72162;57390;42716;63346;75382;44794;57884;72499;42467;26804
evaluation,893,66330;75098;92670;98080;71710;71461;88240;88272;120;17956
evaluation,894,22698;13886;19738;86378;18642;38112;18486;9738;93610;38952
evaluation,895,96456;24682;76886;8854;89506;8879;9762;26518;7498;66928
evaluation,896,5844;66765;1342;87520;85088;17052;6134;98853;56460;57676
evaluation,897,96857;21964;35494;32416;35522;12079;3468;92581;64354;8604
evaluation,898,51564;56112;56161;55450;72526;97920;29872;60184;32828;38112
evaluation,899,85138;32442;7754;16750;3636;1712;61043;15783;3468;15874
evaluation,900,33938;22226;19510;40280;41422;99008;71788;16268;48026;72884
evaluation,901,82920;29446;32160;58388;30536;32270;65370;72000;25126;31142
evaluation,902,66840;50252;85884;82350;64150;30536;65370;73210;25102;27700
evaluation,903,85936;74486;79596;22926;36574;7484;59667;35378;37806;75986
evaluation,904,66624;24547;14663;20318;59667;16666;15006;16808;27940;22816
evaluation,905,90647;532;1384;14171;91970;26478;30248;87734;1207;22926
evaluation,906,49054;83033;41604;14440;82933;84995;39386;79726;48933;34860
evaluation,907,19522;36480;96146;14279;65249;20828;15876;6868;28204;24547
evaluation,908,41768;74076;77806;4175;40228;74836;12964;68546;20055;4092
evaluation,909,98166;33332;10000;47092;94428;86372;6894;59944;21516;98476
evaluation,910,13734;16072;13976;14170;19468;22926;19336;18804;10795;84359
evaluation,911,19767;99031;6994;40286;87902;19967;61928;33332;3746;18346
evaluation,912,67104;68590;95604;26368;38887;69636;69606;59344;65752;32226
evaluation,913,20044;57302;59667;95268;91790;98262;35254;77368;21362;77960
evaluation,914,58261;7642;6851;13015;58392;48228;914;20022;28278;59036
evaluation,915,9658;1276;8631;7108;12206;65437;2202;3006;17612;28298
evaluation,916,41144;48142;25920;34968;37432;99678;42840;67638;63242;82328
evaluation,917,48626;43704;8416;54220;8631;3015;4276;12206;3548;46758
evaluation,918,93530;81372;4859;26187;81598;26136;11982;39346;82604;887
evaluation,919,76348;78294;76474;75479;81954;9160;8994;39217;79228;9470
evaluation,920,86008;96418;63990;65148;9182;1000;1876;5256;29490;42025
evaluation,921,99498;120;98080;86891;97248;76996;45004;41079;54396;92402
evaluation,922,32284;59502;77510;26000;36094;97698;15146;95621;82216;44446
evaluation,923,22718;51324;29670;42386;46424;18346;23666;98476;96146;51498
evaluation,924,2706;82520;80668;92321;45526;12347;16027;51572;65478;6006
evaluation,925,85027;20744;85512;71462;54720;42762;85584;44096;77034;21330
evaluation,926,86740;1318;5730;53328;88382;72686;1670;82216;50698;13975
evaluation,927,45373;60042;24162;44784;23822;47936;31642;26350;23414;42952
evaluation,928,63455;76962;33416;86597;52444;16114;24850;5607;49994;76354
evaluation,929,89536;1318;54541;90036;90;55846;83638;67762;51392;63498
evaluation,930,93312;49196;12951;14620;15354;31162;18885;50877;17546;15278
evaluation,931,4020;3662;96922;8607;87688;12856;77378;16658;9595;75834
evaluation,932,28988;20960;19640;19836;91580;19606;25282;62428;78532;28512
evaluation,933,10314;93798;94662;8550;86180;80540;42260;90614;98042;94034
evaluation,934,13734;16072;14170;13976;5450;13970;2660;18804;69794;19468
evaluation,935,67104;39314;53566;55678;68590;19870;49952;35114;29480;29674
evaluation,936,17108;39873;30640;92214;12170;14882;62428;58392;16072;88358
evaluation,937,55338;97268;27196;68945;38482;56156;57502;78402;8578;39488
evaluation,938,76714;12764;91500;6828;54812;91396;9070;7276;32584;35960
evaluation,939,57629;72814;73096;79764;97422;12040;92844;54640;12314;87572
evaluation,940,89052;98504;91790;78994;87476;45652;84576;41484;88846;66774
evaluation,941,95606;27124;12558;93222;69322;12946;34791;88788;12898;44954
evaluation,942,10044;9995;46466;30508;398;24758;27644;3015;38180;9269
evaluation,943,64051;98180;4536;3670;71154;32646;32642;90498;58108;71119
evaluation,944,81170;92190;60282;17368;39308;39224;2734;70338;84324;82716
evaluation,945,89506;69794;70576;73908;23872;81382;51448;65968;47618;86459
evaluation,946,87952;1034;57372;946;14464;96344;86618;88910;26210;40868
evaluation,947,12127;95885;19396;53500;15287;16952;16420;71674;72193;1448
evaluation,948,8175;85088;5844;7451;19794;98853;6134;87520;56460;66765
evaluation,949,19636;29154;77310;84300;8291;732;92802;2492;68888;63234
evaluation,950,84240;75176;98094;89932;90148;86754;22030;89917;18736;86647
evaluation,951,91970;48080;65998;6198;2248;46160;7630;76333;7998;31002
evaluation,952,10044;9995;30508;27644;3015;38180;9269;46466;54314;37432
evaluation,953,88130;68492;28816;106;53714;244;31434;92286;33196;98588
evaluation,954,35258;53284;96922;35155;96366;34814;27616;77034;23758;72932
evaluation,955,30904;25282;9356;26312;24798;57124;35032;50171;27228;9468
evaluation,956,90498;32642;32646;64051;6136;71154;99326;48486;4536;5498
evaluation,957,96876;57876;90119;28188;60858;71866;49986;94434;2652;78298
evaluation,958,90350;90614;97758;93798;98042;98731;94662;98636;6558;10314
evaluation,959,21712;3444;10992;94616;28948;19786;49358;906;72990;10688
evaluation,960,85884;25022;82920;82350;76024;25102;27700;58388;30536;25126
evaluation,961,7412;7636;21408;1382;25518;7795;9111;29480;30232;25362
evaluation,962,98853;66765;5844;19794;82682;8175;17632;85552;56460;1258
evaluation,963,7452;97789;33306;8164;10933;3032;33446;61065;18212;99466
evaluation,964,45026;44954;46022;23086;45930;9064;81954;6495;29116;30359
evaluation,965,94877;81840;90550;82338;83036;19828;53164;3812;30970;29108
evaluation,966,66050;41122;12486;38558;1702;56970;66952;85308;3979;3171
evaluation,967,93312;19912;13884;38834;36908;610;48054;1672;23096;89870
evaluation,968,83502;83276;64750;63649;68794;65656;8252;92157;68842;64404
evaluation,969,7366;8258;33608;7722;21466;44952;68262;59410;14952;9531
evaluation,970,89472;14952;36574;77615;15200;10071;42662;22;14836;44864
evaluation,971,23671;23824;23754;23554;26182;19050;23570;92700;96718;19133
evaluation,972,21564;21364;21016;29708;9548;7988;77510;32264;10682;36592
evaluation,973,21890;77034;53676;91864;54243;19518;28315;17778;33700;56474
evaluation,974,48626;8416;86970;46758;3015;43218;87800;42197;43704;30508
evaluation,975,68492;28816;244;21046;85002;53714;3679;106;79576;896
evaluation,976,45206;96328;4276;10768;5094;5642;95304;74800;46058;77720
evaluation,977,96085;95324;30244;5696;39196;79807;79485;57506;85827;98946
evaluation,978,72940;17028;86891;120;84776;73666;60646;38524;98080;16620
evaluation,979,81372;82604;11982;81598;87274;887;4859;93530;36476;4674
evaluation,980,69801;79492;96603;4376;16948;29140;65227;31818;50908;38706
evaluation,981,20960;19640;19606;19836;28988;17603;16634;42708;20662;22584
evaluation,982,2290;8398;292;8514;9299;4584;6080;9130;28534;2570
evaluation,983,14304;32828;30566;584;26402;39748;25578;74599;56161;97920
evaluation,984,4750;33050;23038;40244;98282;43512;18581;41068;55930;5498
evaluation,985,5862;58294;32080;41570;7536;36304;87297;14780;632;62466
evaluation,986,65798;83688;6150;70442;27664;5487;87715;94678;85218;63176
evaluation,987,96876;22030;90119;39640;8163;75354;39419;94570;21948;94748
evaluation,988,89894;28960;32120;72000;32356;31392;65370;25126;13023;32384
evaluation,989,13734;16072;14170;13976;5450;13970;18480;18804;47454;81382
evaluation,990,38887;67104;69636;69606;26368;68590;77150;31982;26586;39314
evaluation,991,66120;49016;34766;36283;28572;37596;33328;59060;33712;55388
evaluation,992,89506;69794;73908;70576;81382;23872;71882;75858;23558;65968
evaluation,993,87714;42716;87902;63346;22739;44794;82700;91790;40286;69818
evaluation,994,91918;91890;89917;89932;8163;22030;21948;95801;94570;86754
evaluation,995,14646;9828;2706;66052;55776;47940;47264;89870;21700;30232
evaluation,996,96150;10887;95304;76932;93074;46058;4666;13234;11528;6406
evaluation,997,13342;57232;2567;81522;12120;9505;3064;5724;12048;6548
evaluation,998,48264;3248;56140;35246;48458;49614;55944;92385;22282;3068
evaluation,999,60220;99030;40802;40286;81778;20949;1322;62984;48984;70448
evaluation,1000,63172;54482;33822;19138;70600;1083;71644;1084;76423;88844
evaluation,1001,96238;94304;84024;94877;78936;39220;17679;57302;90550;34102
evaluation,1002,75752;37510;48454;32536;39509;6152;21515;48680;89804;48866
evaluation,1003,30652;17202;84344;87894;45874;70190;2188;20662;17264;14014
evaluation,1004,91582;76067;69578;34298;71020;65444;88170;472;17348;27810
evaluation,1005,94877;90550;81840;26994;21528;74256;29108;19828;96238;83036
evaluation,1006,79576;63342;95885;57708;27838;36412;59132;30447;38338;69562
evaluation,1007,146;61410;136;19912;39657;46422;56542;898;26276;532
evaluation,1008,7912;9526;18100;17572;9622;10676;8896;12406;13980;12350
evaluation,1009,63346;42716;63172;44794;89826;42467;82700;78854;70600;33822
evaluation,1010,22356;62400;30650;84834;75858;51448;18706;69794;37106;23558
evaluation,1011,27483;85706;41570;84210;31312;11722;11530;74334;77426;63176
evaluation,1012,2035;49202;89340;9958;72785;5344;44131;64533;2492;95727
evaluation,1013,66952;85308;49482;76492;29250;49452;19948;92040;64882;89125
evaluation,1014,56474;53676;65554;60336;59898;30508;10242;26309;58331;64090
evaluation,1015,34972;68042;91580;45688;28988;7226;36304;14062;44194;28512
evaluation,1016,97374;20214;4248;22532;1260;16114;63455;55349;5366;56008
evaluation,1017,22698;13886;60184;56112;86378;18642;51564;38112;97920;19738
evaluation,1018,91582;69578;76067;59638;34298;74820;472;65444;16064;31412
evaluation,1019,45688;28988;68042;41570;28512;66595;87450;36304;65377;80810
evaluation,1020,13734;16072;13976;19468;21098;14170;55964;2660;13970;19336
evaluation,1021,15709;51885;16116;84858;52631;71330;71470;22262;72527;52329
evaluation,1022,80942;17414;83208;73112;80400;20055;11374;612;1684;80126
evaluation,1023,73438;73307;71404;73644;73590;57543;9124;73098;49994;8436
evaluation,1024,94877;90550;21528;26994;29108;74256;19828;81840;26810;83036
evaluation,1025,15709;16116;71470;22262;71330;84858;52631;72527;45875;52329
evaluation,1026,95129;6876;10802;85884;9488;19852;51560;51639;46863;51643
evaluation,1027,91582;85152;49587;76067;34298;59638;50954;18581;31412;69578
evaluation,1028,82974;17735;19786;82675;45046;23100;8018;83192;64764;64090
evaluation,1029,23928;17287;6904;42218;64688;17024;55474;79266;69798;59352
evaluation,1030,7312;15450;37224;25669;1594;22823;56474;39642;58331;9294
evaluation,1031,98262;97636;77960;2654;90605;77368;56414;8636;10598;82933
evaluation,1032,7830;63652;75910;76536;8006;20748;86002;20680;28372;65910
evaluation,1033,22948;702;99686;60;35156;7772;798;16952;7914;29438
evaluation,1034,93312;15354;31162;81840;49110;25424;1672;26476;91970;33939
evaluation,1035,1428;2264;31216;40971;87206;2248;12066;64021;52256;64824
evaluation,1036,5068;14072;74196;70131;14062;71866;99564;99749;12992;3068
evaluation,1037,94004;53791;96155;57048;93650;79196;94556;97057;88611;64334
evaluation,1038,25018;24482;42458;23670;10023;20364;22346;64050;10556;27052
evaluation,1039,1322;60220;81778;78590;45148;40802;62984;48984;99030;40286
evaluation,1040,80668;23196;26574;22160;28818;24208;18868;5895;51572;14544
evaluation,1041,33556;78552;79328;97124;50252;13890;43069;74836;18726;2026
evaluation,1042,90350;90614;97758;98042;20463;98731;37220;56044;47878;98636
evaluation,1043,34536;58728;71876;10310;8244;28818;30823;20951;59960;18775
evaluation,1044,15368;65581;46675;47269;46764;49363;81522;36064;46804;3510
evaluation,1045,42656;28536;4919;34534;89250;14684;3784;74808;3310;17842
evaluation,1046,6548;6614;3956;2354;2567;1736;81522;13342;74895;1778
evaluation,1047,81778;60220;98166;40286;10000;47092;10900;94428;6994;10454
evaluation,1048,5844;85088;82682;85552;66765;17052;1342;98853;15419;6134
evaluation,1049,13610;56588;45791;20518;20866;18640;11178;63652;11584;22620
evaluation,1050,59898;60336;4262;34242;429;65554;4142;60576;38345;15091
evaluation,1051,96085;95324;39196;5696;30244;85827;99074;79807;210;37370
evaluation,1052,86891;72940;17028;120;84776;38524;60646;73666;75920;74010
evaluation,1053,34370;60140;26229;267;59734;96114;59414;4255;61608;33782
evaluation,1054,29402;18642;22698;94678;6150;80664;87715;17280;13886;27076
evaluation,1055,6150;94678;86378;25578;45722;564;25076;83688;20400;93610
evaluation,1056,5844;82682;85552;1342;85088;17052;66875;15419;66765;98853
evaluation,1057,24010;35058;57905;26316;50114;36333;16648;49774;9012;17268
evaluation,1058,97789;7452;10933;33306;8164;96822;20386;99466;79218;92572
evaluation,1059,26952;5635;77982;9012;46026;70736;74608;5086;25574;4664
evaluation,1060,74256;94877;90550;74550;62182;35922;35836;81840;34814;73826
evaluation,1061,66952;34288;9182;85308;66738;66050;22298;81818;41122;70506
evaluation,1062,78258;13242;88586;11970;4732;13027;4440;95842;66170;16476
evaluation,1063,29446;82350;32160;65370;72000;28960;31142;50491;30536;96797
evaluation,1064,53714;98564;88130;33196;54282;259;21362;40070;51787;1072
evaluation,1065,38248;7178;58074;45225;8790;27970;36064;7820;21110;18990
evaluation,1066,97790;98584;94065;87896;48142;68020;8478;46580;67762;114
evaluation,1067,57864;9548;77510;18055;59502;32284;21564;21364;36044;5508
evaluation,1068,24120;63434;6478;17502;78044;23771;282;84756;19314;38728
evaluation,1069,656;4538;22698;880;44752;27664;29090;45722;81544;98564
evaluation,1070,6150;80664;880;87715;5822;94678;6930;6574;22698;82927
evaluation,1071,31035;99749;62434;30194;99020;99564;74396;28988;40344;69106
evaluation,1072,45148;10900;40286;98166;81778;1322;99030;28410;20949;28151
evaluation,1073,99681;83598;63450;54109;20006;62944;87106;83556;89916;99821
evaluation,1074,83598;83556;99821;12347;63450;82944;99681;14544;13514;71694
evaluation,1075,24010;26955;79946;29400;79556;68898;44084;4080;82659;49572
evaluation,1076,5994;24010;61630;35058;49774;39403;50114;15944;68898;38345
evaluation,1077,64688;97451;2784;26810;6596;63294;35314;34420;22792;7472
evaluation,1078,98810;64852;67638;45791;20866;20902;13610;49079;60333;55075
evaluation,1079,4496;99714;99089;79952;77402;38333;78702;12992;27266;14062
evaluation,1080,42656;28536;89250;4919;3956;3784;14684;34534;31318;12120
evaluation,1081,81277;844;93226;68060;73128;67244;17868;67186;63170;74024
evaluation,1082,44954;45930;46022;45026;45875;1000;84748;44898;45996;13166
evaluation,1083,88184;2814;77234;32508;49252;3612;24166;17268;49234;3570
evaluation,1084,90550;94877;81840;53164;26810;53122;26994;26943;89808;88918
evaluation,1085,66050;85308;85863;35850;33776;66952;35914;18310;3979;82836
evaluation,1086,38928;35462;10198;25162;98256;69040;51650;9111;22144;16268
evaluation,1087,33492;33608;3970;60188;23338;89472;21466;14952;68262;77615
evaluation,1088,48626;43704;56618;54220;8416;24060;46758;43218;3799;10814
evaluation,1089,8346;17160;21100;36344;41287;22360;96150;4276;41378;74800
evaluation,1090,23404;32302;14314;58920;9959;79266;94646;67048;23632;17287
evaluation,1091,94877;29108;58322;62182;5428;81840;90550;82078;74256;58920
evaluation,1092,3828;29748;22306;31034;51894;55075;98878;20902;34814;19372
evaluation,1093,48626;56618;46758;54220;51596;43704;8416;3548;3799;17612
evaluation,1094,38248;45225;12254;49980;7178;91249;12226;1098;41619;77034
evaluation,1095,98942;82814;53350;38180;32125;30508;88836;82642;27555;32726
evaluation,1096,45340;9212;9592;10342;7988;46604;86580;31264;40962;11956
evaluation,1097,12992;31366;70131;14072;30194;95030;74196;14062;15034;48458
evaluation,1098,24043;62764;57520;34536;66098;20690;18018;29872;50812;24154
evaluation,1099,66595;21884;43992;43528;68040;45688;21694;39117;9170;38960
evaluation,1100,85884;30536;82350;25102;58388;65370;82920;76024;4169;96797
evaluation,1101,94662;94732;34766;98042;90350;68487;33328;56276;28572;75752
evaluation,1102,48942;72940;3679;40208;33700;94004;57347;73128;22666;17046
evaluation,1103,86048;42068;51696;13104;78605;38706;84726;32250;35592;11320
evaluation,1104,66052;92286;79822;16044;49056;50738;21990;223;8074;1998
evaluation,1105,21911;15210;22224;6758;6204;31120;8474;25072;63150;45208
evaluation,1106,12076;17819;86754;32170;89932;6013;94846;2180;98276;80338
evaluation,1107,54720;79546;65488;9820;85027;36200;64860;9148;79592;3008
evaluation,1108,70848;2982;19968;33443;33514;23550;38750;44084;74486;32270
evaluation,1109,71300;65227;96603;64704;65606;53519;92050;91050;9303;18556
evaluation,1110,56922;41092;28376;37220;58584;37654;30134;57514;26744;53058
evaluation,1111,13610;11584;18640;20866;45791;20518;11178;38800;33882;1826
evaluation,1112,21100;46058;22360;41660;45206;74800;4276;11528;10768;77720
evaluation,1113,60878;63342;38338;1246;36412;9708;95885;92794;29110;12917
evaluation,1114,3612;14147;88184;10122;48834;2;60468;26338;77234;17046
evaluation,1115,66952;85308;49482;76492;29250;49452;19948;92040;85863;89125
evaluation,1116,90452;71876;42656;59960;27116;28456;51174;88524;89250;81268
evaluation,1117,61266;29326;61290;9356;28534;26780;41581;92650;55930;58574
evaluation,1118,16072;13734;5450;14170;18330;9106;13976;65554;18804;2430
evaluation,1119,96857;35522;12079;32416;49572;56400;96934;21964;64354;35494
evaluation,1120,51650;18726;18932;38928;78154;24204;19850;7498;94997;16268
evaluation,1121,7366;33608;14952;21466;7722;68262;33492;8258;9531;14836
evaluation,1122,34724;86291;34476;87120;86870;844;19374;53466;75086;76074
evaluation,1123,45450;10242;56474;4255;88836;27412;5042;33626;552;44742
evaluation,1124,98942;88388;89117;81372;30508;37370;71788;37432;81598;59320
evaluation,1125,77510;26000;8262;32264;87388;32734;29810;59542;59502;26886
evaluation,1126,79485;32958;79807;28298;87946;98946;50771;30244;88595;99234
evaluation,1127,99498;47582;82284;77252;98080;78728;48236;3114;102;34874
evaluation,1128,90452;81268;71876;59960;61530;43908;50031;28536;89250;25155
evaluation,1129,2706;82520;80668;10528;10472;65478;23196;26574;22160;27818
evaluation,1130,66330;75098;98080;71461;75128;60596;88272;11968;21288;120
evaluation,1131,15709;71470;71330;16116;84858;51885;72527;96246;57388;35854
evaluation,1132,1060;44130;3730;7524;38342;5272;16452;17714;36010;37067
evaluation,1133,44954;46022;44898;1000;45026;45930;38532;13166;29880;10056
evaluation,1134,48503;82180;58768;89808;58944;64026;19680;93011;42790;5330
evaluation,1135,89340;34628;26480;44131;9712;61784;89430;25860;26810;92802
evaluation,1136,21024;21490;21436;3154;5648;5078;75960;22818;26820;22960
evaluation,1137,77812;55920;40608;35544;35742;33122;9578;39684;9254;44930
evaluation,1138,93312;1672;9846;89590;15278;24236;31162;14620;34860;82214
evaluation,1139,82592;94877;29108;81840;90550;58920;26994;58322;83036;39730
evaluation,1140,73307;71404;73438;73590;57543;73644;73098;8436;73418;9124
evaluation,1141,99994;60878;73493;49240;99796;65981;392;8044;67048;57756
evaluation,1142,86048;51696;42068;13104;78605;84726;38706;32250;11320;35592
evaluation,1143,19196;85002;84776;85087;84340;3679;21952;12710;896;79576
evaluation,1144,9592;9212;44864;45340;23626;41396;57349;72732;2543;63778
evaluation,1145,56112;97920;56161;6732;30566;74599;18832;14304;51174;81268
evaluation,1146,79358;85328;75062;44366;70131;25047;72484;27691;79646;58990
evaluation,1147,60356;46784;3528;46752;3020;12632;50746;58050;94846;34916
evaluation,1148,51727;23834;82150;77402;25047;99714;63692;12992;76944;15063
evaluation,1149,27117;94092;34011;3646;34013;27107;58578;58446;30644;94242
evaluation,1150,46750;13766;2552;10900;10454;46300;27230;17986;88461;45652
evaluation,1151,67104;49952;40388;86694;53566;88844;38887;31982;39314;32226
evaluation,1152,84162;76769;50749;6224;27230;28410;5946;78380;6851;28151
evaluation,1153,19004;19852;55549;53628;164;98002;39831;60164;53357;66840
evaluation,1154,1912;57905;35058;1876;24010;26316;5635;26952;9012;4664
evaluation,1155,21656;89808;50008;12951;18982;91588;31162;15034;49848;37146
evaluation,1156,82592;58920;94877;29108;81840;19828;83036;53164;26810;19680
evaluation,1157,80398;7452;8164;97789;99466;3032;79218;10933;33306;61065
evaluation,1158,86224;64986;74808;72718;18748;55658;39404;97312;90670;11678
evaluation,1159,93591;98210;98960;8163;21948;1148;11194;58429;47532;30867
evaluation,1160,55576;39640;19170;42326;20662;39949;55658;70228;78164;83168
evaluation,1161,49848;19828;50008;50480;19680;25786;52982;51222;99796;18652
evaluation,1162,97806;97259;96876;66101;31318;20662;30566;20130;13872;90119
evaluation,1163,67104;68590;53566;39314;69606;95604;38887;8712;69636;19870
evaluation,1164,25580;5946;8250;76769;6420;55964;13212;6362;2692;7048
evaluation,1165,6134;82682;5844;85088;38342;1060;98853;66765;22302;85552
evaluation,1166,82180;48503;38248;86043;58768;4813;64288;28712;8302;21958
evaluation,1167,61784;46306;92460;28390;30707;42248;58924;74555;9712;7338
evaluation,1168,63434;55587;19314;4416;19034;17770;2774;19119;12694;27886
evaluation,1169,96876;97806;97259;20662;28188;13892;21418;15358;8540;8870
evaluation,1170,56922;53058;78130;42075;20424;58584;42194;62181;56155;53056
evaluation,1171,36283;66120;65160;34766;49016;59060;28572;44354;55388;4762
evaluation,1172,28376;37220;41092;37554;98245;53056;56922;30134;36288;53058
evaluation,1173,6362;6824;5946;5828;25580;6420;5619;76769;19012;91960
evaluation,1174,88296;22718;87902;83456;42467;89826;42716;42386;51498;61928
evaluation,1175,19314;63434;55587;19034;27886;19119;2774;17770;77624;89964
evaluation,1176,12406;12350;8896;14339;17312;7912;18344;15487;13980;9526
evaluation,1177,12202;5716;32544;71502;82067;18072;13302;51262;6536;17382
evaluation,1178,15709;16116;22262;52588;71330;71470;84858;52631;51885;45875
evaluation,1179,5844;85088;82682;85552;6134;17052;1342;98853;996;66765
evaluation,1180,41122;732;59120;4408;99344;7802;4552;54404;9430;43894
evaluation,1181,598;24612;87106;76874;26516;19336;68248;89916;19468;13084
evaluation,1182,93312;15354;20006;32510;22718;44794;10232;1672;31162;88972
evaluation,1183,14147;33792;14466;42602;3612;21228;52420;77234;37794;27964
evaluation,1184,63880;69619;88625;340;19674;376;77510;14843;36044;6931
evaluation,1185,51727;23834;76944;63692;78683;32750;70288;99324;82150;44266
evaluation,1186,17603;51546;11678;2734;89001;23870;39944;7386;50208;24901
evaluation,1187,38928;47562;16204;32444;22144;29184;35462;18726;31850;11808
evaluation,1188,30566;13872;14202;14088;32828;11150;8532;564;25578;83264
evaluation,1189,93408;17368;18699;74108;39418;62110;62458;1695;97654;24980
evaluation,1190,97530;42874;46132;52698;6612;39105;23028;13598;24901;13198
evaluation,1191,41092;28376;37220;36288;37654;56922;79328;67659;98245;26744
evaluation,1192,76886;51572;25462;83194;73231;51388;30442;52656;14536;44366
evaluation,1193,19012;80668;82520;16027;5895;51572;4819;4795;27876;18220
evaluation,1194,66330;21288;18236;92670;11968;57520;47707;22082;75098;60596
evaluation,1195,54541;94092;88676;19916;27117;90146;20694;29858;27107;34011
evaluation,1196,2430;28204;91688;6866;13976;60221;30942;61174;24683;5450
evaluation,1197,95278;496;75564;12347;80668;2994;3462;13116;13514;1330
evaluation,1198,29140;32250;16948;48020;38706;22566;24812;24870;30872;47532
evaluation,1199,5572;61762;95082;88206;79714;93730;3128;89834;60955;22262
evaluation,1200,68280;86754;95801;86394;91918;91890;98376;98094;89932;75354
evaluation,1201,17048;90119;36503;16940;78298;9334;12632;23382;90275;56788
evaluation,1202,60356;3020;94846;1758;12632;15182;59982;46784;2652;46752
evaluation,1203,93591;98210;98960;1148;8163;21948;11194;58429;30867;47532
evaluation,1204,83598;87106;63450;69238;83556;84812;89916;92354;92164;20006
evaluation,1205,30244;96085;95324;79807;5696;39196;87946;79485;32958;99234
evaluation,1206,30867;1148;98960;11194;1163;11476;14726;64916;8958;60596
evaluation,1207,64986;90670;97312;5050;24906;9648;86224;89838;75681;10586
evaluation,1208,26052;98194;2190;75294;71832;33747;33838;64940;50954;33270
evaluation,1209,76700;13896;13236;17770;1328;8990;6554;6080;10114;19314
evaluation,1210,52588;51885;52631;15709;52329;5086;60955;47748;68945;16116
evaluation,1211,94877;82338;58920;81840;23096;74256;29108;19828;90550;82592
evaluation,1212,51882;11014;52744;84748;68794;52234;84657;2894;6751;31126
evaluation,1213,8163;22030;86754;21948;89932;86647;95801;75354;75176;98376
evaluation,1214,32750;68040;66595;69106;74396;61266;44266;40344;28900;28972
evaluation,1215,81434;80853;36387;93310;3668;47857;47801;47908;99780;79524
evaluation,1216,28376;41092;56922;37220;36288;37654;93258;37554;69818;53058
evaluation,1217,95885;5382;36412;38338;87698;97676;38972;1044;46952;5259
evaluation,1218,96266;58768;48503;28712;36200;8302;36210;42790;74426;19107
evaluation,1219,4395;84129;29176;34415;66804;84074;29128;21471;44378;84300
evaluation,1220,96085;95324;30244;79485;39196;5696;3015;87946;30508;37370
evaluation,1221,51444;33763;3352;83412;33050;17504;31650;58429;23004;49792
evaluation,1222,45722;43768;83688;42836;21420;85218;30848;82927;83966;42090
evaluation,1223,26744;3178;540;37654;13890;55462;93258;56174;33316;41092
evaluation,1224,14708;15394;4688;2982;23894;28456;5990;9606;6044;4891
evaluation,1225,24612;42394;49358;906;96114;72990;13614;6126;13608;58471
evaluation,1226,89042;88986;58322;21834;420;5428;7986;68698;61108;56588
evaluation,1227,91852;4960;4946;96150;4332;58602;82505;96328;45206;95304
evaluation,1228,18562;16780;59320;34232;51468;76492;93190;26090;16778;28434
evaluation,1229,29970;45562;994;21016;21564;21364;77510;992;21834;6204
evaluation,1230,19040;26592;20744;41604;10264;47396;1836;38574;70698;96040
evaluation,1231,15284;84776;75582;15226;96822;37328;72940;13703;15205;32466
evaluation,1232,22030;8163;86754;89932;86647;21948;75354;95801;89917;75176
evaluation,1233,81434;80853;99780;3668;47857;9334;36387;47908;93310;45470
evaluation,1234,23028;42874;18699;56613;24806;21418;83741;9648;62694;64986
evaluation,1235,36304;24679;87297;77109;62466;66595;80810;44194;41570;65377
evaluation,1236,94662;90350;93798;98636;86180;94732;28572;97758;98731;10314
evaluation,1237,28376;41092;36288;37554;37220;56922;30134;98245;37654;26744
evaluation,1238,67104;68590;55678;39314;38887;53566;69636;69606;19870;35114
evaluation,1239,3154;21024;21436;21490;71614;5078;75960;4264;22818;66172
evaluation,1240,8252;32788;68794;63649;64750;83502;45548;29594;11798;83276
evaluation,1241,3352;28393;39180;47299;28076;23496;80853;9334;12884;19190
evaluation,1242,55576;62400;68332;19320;62112;46132;70228;88526;39419;68296
evaluation,1243,83840;83992;44354;42550;55388;53357;56094;92410;36888;54109
evaluation,1244,81372;11982;82604;81598;87274;887;4859;93530;36476;4674
evaluation,1245,61830;64522;91865;65556;63880;67562;36471;19510;3015;59580
evaluation,1246,15709;22262;52631;51885;16116;96246;84858;52588;71330;71470
evaluation,1247,99796;73493;65981;66980;58920;19828;82592;94877;81840;62182
evaluation,1248,5024;60468;12862;72594;6904;52504;97986;1034;1608;24216
evaluation,1249,33838;98204;83981;50954;98075;96473;25610;76268;59638;6052
evaluation,1250,71154;99284;13182;70680;5498;64051;98194;33748;44067;32646
evaluation,1251,17028;72940;120;38524;60646;84776;86891;1155;73666;98080
evaluation,1252,4020;3662;35836;1366;49324;83592;72686;82310;61528;31627
evaluation,1253,18244;3694;13254;92158;92402;90647;120;2951;12983;6893
evaluation,1254,83614;64536;8333;64552;49413;23870;472;20427;17724;57705
evaluation,1255,97920;66098;80509;16374;74599;56161;81268;56112;41854;6732
evaluation,1256,84286;65269;57410;57546;26172;43512;20756;20014;23788;51864
evaluation,1257,2190;64916;13960;98282;13182;23496;17819;41472;93418;23880
evaluation,1258,99089;4496;79952;99714;77402;12992;14062;78702;27228;99564
evaluation,1259,41092;56922;28376;30134;26744;37654;36288;37220;37554;17816
evaluation,1260,96857;12079;32416;76423;35522;35494;64354;45596;49572;71644
evaluation,1261,58632;24686;71174;39308;39224;18748;17102;62110;48050;75516
evaluation,1262,16330;2068;90534;91243;75834;98102;78930;8607;27616;69164
evaluation,1263,26810;52982;81840;89808;19680;5330;19828;26994;26943;5912
evaluation,1264,15709;16116;51885;52631;84858;52329;71330;71470;52588;72527
evaluation,1265,93456;7730;47308;17798;6743;13462;6496;2290;596;88611
evaluation,1266,31035;63343;99749;14512;62434;15334;99564;70131;99020;30194
evaluation,1267,9464;25168;45770;13868;6886;48350;11476;77702;12498;46856
evaluation,1268,11908;89982;69626;30634;26684;65216;18469;86396;41287;58331
evaluation,1269,80668;51572;42789;23196;5895;26574;22160;19012;4819;24208
evaluation,1270,29446;25102;30536;32160;27700;96797;58388;25126;34504;65370
evaluation,1271,19012;16027;4795;82520;86308;49840;44046;18868;23196;38260
evaluation,1272,16434;25622;17022;16166;30640;16176;24650;24521;16892;62994
evaluation,1273,97124;13670;13978;13958;79328;78552;41092;60336;33556;72996
evaluation,1274,15709;22262;71470;84858;52631;16116;78760;71330;52588;87576
evaluation,1275,75681;32932;65006;28434;31274;83160;41415;21084;25932;5050
evaluation,1276,15709;22262;16116;71330;33750;71470;82952;87576;25442;72527
evaluation,1277,35218;40176;32874;83317;83064;11798;88388;33064;4262;39346
evaluation,1278,27090;75810;9558;89125;48834;41122;4552;81304;45548;2814
evaluation,1279,56474;45450;59101;10242;4255;58331;60336;45046;50;36908
evaluation,1280,62434;31035;43354;99020;99749;70220;30194;16634;99564;10042
evaluation,1281,38333;8736;12056;38198;14072;70131;11874;15063;12992;10042
evaluation,1282,98282;23496;83412;29326;9334;41472;65444;12884;2594;16428
evaluation,1283,34536;29747;62764;5072;5623;57520;29872;39748;66098;50812
evaluation,1284,93456;21650;6554;24476;13236;7627;1434;6743;13368;13630
evaluation,1285,42874;24901;44544;46132;23272;2446;38362;21418;97530;62694
evaluation,1286,2430;24683;18402;21098;78392;18804;60221;98470;17974;19468
evaluation,1287,13766;1322;60220;62984;2552;48984;45148;48806;32020;99030
evaluation,1288,24683;2430;18804;18402;13734;17974;21098;27094;16802;60221
evaluation,1289,54569;44446;32442;72057;2836;1144;56012;42002;18400;12744
evaluation,1290,29490;35218;83064;83317;4262;42320;45026;65581;2195;61945
evaluation,1291,17004;91852;4960;5570;96150;11528;76932;95304;85540;9696
evaluation,1292,45339;2698;15804;4264;19036;1670;1098;58776;3008;35922
evaluation,1293,26744;41092;63346;28376;69818;36288;56922;37654;42716;30134
evaluation,1294,7276;12764;6552;7064;8572;7892;83586;35960;97210;2630
evaluation,1295,66952;85308;85863;46804;49482;7914;46618;82400;22587;66050
evaluation,1296,60356;1758;12632;94846;58050;3020;50746;79324;39296;10276
evaluation,1297,89838;83006;62246;68332;62694;68296;69878;83741;24980;18699
evaluation,1298,28960;65370;29446;96797;89894;30536;82350;58388;72000;32160
evaluation,1299,7912;14339;12406;12350;24650;24521;27111;8896;29596;15487
evaluation,1300,41092;56922;28376;37220;79328;30134;90614;37554;53058;36288
evaluation,1301,7258;96484;41390;33824;1084;1083;31982;33822;6938;88972
evaluation,1302,38248;12254;42790;9890;45225;12197;11574;49980;54786;1098
evaluation,1303,24010;39403;61630;50114;49774;5994;15818;38345;16648;35058
evaluation,1304,429;3110;91864;552;9254;14536;10438;59898;30172;60336
evaluation,1305,50954;74152;40276;4781;28352;28988;20960;86654;13974;30144
evaluation,1306,89894;65370;32160;25102;29446;31142;76024;72000;82350;32120
evaluation,1307,89838;68332;97662;97462;39640;68296;40264;39416;18500;23507
evaluation,1308,24874;43146;18699;90025;76764;39640;90306;93772;23380;31202
evaluation,1309,94877;90550;62182;81840;21528;26994;74256;82592;29108;19828
evaluation,1310,598;88676;24612;34590;24486;80784;54356;7636;83492;36348
evaluation,1311,27700;30536;82350;29446;76024;25022;25102;96797;65370;58388
evaluation,1312,24874;39944;64552;89240;55576;39936;97654;11702;70228;93772
evaluation,1313,7452;99466;8164;80398;3032;33306;79218;17876;61065;10933
evaluation,1314,85863;85308;46618;99384;22587;46675;82400;46804;66952;6056
evaluation,1315,3154;4264;5078;21024;5138;75960;4300;21436;5648;21490
evaluation,1316,87952;40868;96344;29594;1034;57204;50624;12862;26210;57372
evaluation,1317,74010;75128;75920;74352;26950;71461;5684;25254;2639;71492
evaluation,1318,15709;51885;16116;84858;71330;71470;52631;72527;22262;52329
evaluation,1319,29891;24236;89590;81840;92244;86026;41588;31002;20774;58920
evaluation,1320,24263;17458;44396;54958;97259;97806;1680;8012;24098;44592
evaluation,1321,24263;54958;44396;97259;17458;97806;1680;24098;12884;44592
evaluation,1322,35960;32584;7276;94877;66928;12764;91500;4254;54812;91396
evaluation,1323,27700;29446;30536;82350;76024;65370;25022;25102;82920;96797
evaluation,1324,27117;34013;54541;3646;94092;29858;27107;30644;58446;58578
evaluation,1325,62400;55576;90476;99539;78164;83094;98104;18699;89838;18706
evaluation,1326,75681;99709;33064;26372;47264;94068;29068;52329;26156;14847
evaluation,1327,38756;9382;33782;37623;53491;54306;11600;39322;4699;53346
evaluation,1328,42656;36304;77109;87297;4919;87450;36234;17842;13968;1446
evaluation,1329,96456;2692;1530;94146;94322;97292;16600;74704;6868;8854
evaluation,1330,96876;97259;99952;98276;59032;4494;93591;13044;70854;97806
evaluation,1331,3378;76962;7356;63455;60140;70848;48420;10004;23112;16234
evaluation,1332,21650;93456;1118;6227;1736;7456;13630;9118;1778;52596
evaluation,1333,14339;17312;12406;12350;8896;58320;7912;13980;18344;61043
evaluation,1334,28376;97124;99044;41092;9730;6066;12202;60336;98245;56505
evaluation,1335,24874;39944;55576;89240;97654;24988;70228;472;64552;32016
evaluation,1336,34136;44084;25920;82216;82328;8632;8926;86740;56588;27644
evaluation,1337,94662;93798;98731;98636;90350;10314;90614;29278;86180;98700
evaluation,1338,8736;14072;14062;38333;12056;11874;12992;13516;38198;27266
evaluation,1339,39308;71174;48050;39224;62110;78164;75516;44904;97576;62458
evaluation,1340,32226;40029;31982;40757;35166;90112;88972;87201;29496;34390
evaluation,1341,7976;80716;91086;12256;16452;1060;13466;3730;24592;23112
evaluation,1342,6824;94322;50749;6868;2692;6420;96456;16600;61698;12848
evaluation,1343,552;60336;10367;65554;17778;67562;54720;14274;77034;59898
evaluation,1344,24263;97259;17458;97806;54958;8012;24098;28922;2354;44396
evaluation,1345,49838;83818;83904;2175;18546;41943;45874;96473;43512;5362
evaluation,1346,39403;5256;26316;25572;5739;9012;4664;1912;23851;12412
evaluation,1347,16116;15709;71330;51885;57388;22262;35854;72527;52329;36385
evaluation,1348,5994;24010;61630;15944;35058;39403;15818;50114;49774;68898
evaluation,1349,6495;96414;96444;5739;26316;5256;39403;61630;57905;38345
evaluation,1350,56474;10242;91864;77034;41422;10367;1064;34565;64090;43594
evaluation,1351,82216;87388;67638;77611;49748;15804;53332;75952;59502;57864
evaluation,1352,60356;12632;94846;1758;11628;3020;59982;58050;17819;13597
evaluation,1353,49587;50954;91582;85110;18581;85152;73778;88170;76067;41632
evaluation,1354,1322;40802;81778;78590;99030;10900;28410;90013;10454;10000
evaluation,1355,78552;97124;33556;79328;54976;39630;36348;59900;27780;51684
evaluation,1356,93408;17368;90025;18699;69878;32016;62110;55576;81170;90476
evaluation,1357,67638;43054;53332;60333;1450;82216;20902;2592;3792;87388
evaluation,1358,67380;75178;41434;76067;13846;84901;91582;33748;4536;85152
evaluation,1359,71690;6056;88896;22087;99384;5380;45000;85110;53428;6495
evaluation,1360,75294;80338;90275;86647;52439;39949;80408;81064;58429;23496
evaluation,1361,86308;19012;14544;12347;4795;16027;97108;44046;5895;49840
evaluation,1362,33038;20384;37719;56460;1060;98853;1342;33016;39488;44130
evaluation,1363,9066;87266;24250;20662;22012;1246;68170;13468;74981;83596
evaluation,1364,93408;17368;90025;18699;32016;55576;69878;62110;68332;62400
evaluation,1365,51536;99780;79494;36387;77464;98461;11698;23496;80771;20100
evaluation,1366,78294;9470;8994;9160;39217;75479;38468;76348;76474;8941
evaluation,1367,91918;91890;89917;89932;22030;75176;90148;84240;8163;86647
evaluation,1368,77510;32284;21364;32734;21564;26000;82216;50826;28516;31264
evaluation,1369,93591;7575;22893;89558;90306;5487;86224;78164;39418;24940
evaluation,1370,97806;97259;98276;44592;99952;49986;12632;44396;96876;28188
evaluation,1371,93772;83006;39949;39640;62694;75208;97662;62110;96876;98194
evaluation,1372,17368;89838;81170;24980;32016;92190;97312;48548;47950;69878
evaluation,1373,1260;27196;97374;47582;35982;32798;53428;56008;85390;36385
evaluation,1374,80434;74136;80504;13922;13978;71540;61042;67659;65568;78130
evaluation,1375,29156;83586;86046;3658;49940;45684;21911;88550;34214;25069
evaluation,1376,91500;91588;35960;91396;59636;54812;66160;32584;12764;66928
evaluation,1377,94570;8163;89932;60356;22030;46814;21948;80338;94846;75354
evaluation,1378,86754;75208;86394;84240;90148;68280;60592;94748;89557;22030
evaluation,1379,26316;24010;35058;57905;1912;49774;15944;50114;1876;36333
evaluation,1380,81840;19828;83036;19680;82338;91970;26810;94877;90550;30970
evaluation,1381,44131;89340;89430;57378;2814;5271;99300;26480;5228;29716
evaluation,1382,93456;12498;17798;15836;54878;11166;1118;47308;98835;6886
evaluation,1383,99538;75516;39640;18699;39576;39949;76764;90025;78164;22494
evaluation,1384,83674;98002;44354;55388;95932;55349;53357;19004;93860;79596
evaluation,1385,19336;19468;21098;11684;9554;34103;1247;22926;65968;8270
evaluation,1386,60188;37864;38482;57502;58172;68945;20440;69708;56008;57254
evaluation,1387,10198;87554;56674;20424;45460;66928;76769;71694;76886;87597
evaluation,1388,23527;22749;61934;70736;73680;73730;52631;10208;87576;78760
evaluation,1389,33971;11084;13070;66530;18562;2836;16114;11300;11106;15970
evaluation,1390,81840;90550;91970;82592;32300;83036;95390;29108;94877;19828
evaluation,1391,81840;83036;94877;90550;29108;7276;19828;3812;72954;56171
evaluation,1392,15604;92460;72670;99859;9712;5344;5228;89340;45957;5172
evaluation,1393,21024;3154;21490;21436;75960;5078;4264;26820;5648;4300
evaluation,1394,55587;19314;2774;63434;19034;19119;23771;12694;17770;4972
evaluation,1395,11716;6574;43496;13748;1328;8512;8142;8264;1002;11116
evaluation,1396,86394;68280;75208;86754;61238;13182;84240;90119;4099;5498
evaluation,1397,93408;17368;40264;50208;32016;39105;68332;62246;55576;18699
evaluation,1398,67104;69636;68590;69606;95604;13784;92794;64192;39314;38887
evaluation,1399,89557;86754;96876;75354;75208;94570;87370;81064;91918;91890
evaluation,1400,98094;22030;39418;84240;8163;21948;86754;89557;90148;18736
evaluation,1401,55388;69662;66772;24720;10310;724;69264;6536;90614;39831
evaluation,1402,81382;48501;3306;98470;1756;6824;91688;2078;3136;28032
evaluation,1403,27230;5946;24683;77496;9312;21362;98470;9582;19296;7048
evaluation,1404,33556;78552;79328;97124;16278;50252;78044;44807;74836;65370
evaluation,1405,26744;41092;36288;37554;684;56922;28376;39630;37220;75858
evaluation,1406,15419;17632;996;97810;85088;85552;57089;82682;33016;91086
evaluation,1407,22144;412;83276;78822;29184;11060;8252;87344;68794;51275
evaluation,1408,89557;86754;75354;81064;75208;94434;87370;96876;91918;91890
evaluation,1409,23702;32075;97920;43206;8540;83168;59432;7456;26919;20470
evaluation,1410,99538;75516;39640;39949;76764;39576;32294;18699;90025;22494
evaluation,1411,30644;33030;94092;54541;29858;34013;31366;34011;76628;27107
evaluation,1412,11704;93297;2373;2996;13892;13198;12632;62694;23484;24906
evaluation,1413,15709;16116;71470;84858;22262;71330;52588;51885;72527;52631
evaluation,1414,42021;65310;83033;4169;16204;67106;66120;5902;34766;3510
evaluation,1415,32828;1695;51564;38112;97920;56112;55450;72526;56161;5820
evaluation,1416,81840;94877;89016;90550;83036;53164;53122;98966;32300;89590
evaluation,1417,61020;11304;41792;99990;45004;5074;41018;86510;4116;41450
evaluation,1418,85678;29235;74672;5159;84524;7198;11258;14604;26298;46112
evaluation,1419,86048;14598;53958;95352;84726;52588;36532;43918;4100;86597
evaluation,1420,17287;10578;14314;97071;10208;79266;1588;10138;61256;13504
evaluation,1421,94616;15884;60254;58471;2989;66314;4154;62364;11252;2863
evaluation,1422,23096;83036;81840;10822;90550;94877;21528;16509;8772;5072
evaluation,1423,9302;10438;11075;9523;10624;11828;12614;11300;12834;11106
evaluation,1424,77812;40608;44930;35544;35742;55920;39684;37428;82036;36072
evaluation,1425,34212;1364;21458;76333;20786;3827;77306;31866;92794;72643
evaluation,1426,24478;76886;5174;4451;29496;29548;79296;14035;2480;40638
evaluation,1427,32828;56112;30566;14304;25578;51564;70044;97920;56161;74642
evaluation,1428,64334;3696;8736;4984;2567;8812;9491;96155;37182;13978
evaluation,1429,62764;24043;57520;27682;46339;34536;18344;26960;29872;6732
evaluation,1430,8163;22030;86754;21948;89932;75354;84240;94434;94570;90148
evaluation,1431,42874;23028;97530;39105;46132;62694;13598;83741;6612;50208
evaluation,1432,71154;99284;70680;64051;13182;5498;44067;32646;32642;90498
evaluation,1433,99538;75516;39949;18699;76764;39576;39640;17368;32294;22494
evaluation,1434,2430;24683;6866;16072;60221;13976;19468;61174;13734;6152
evaluation,1435,2430;24683;6866;78392;13976;16072;13734;60221;19468;4086
evaluation,1436,89506;70576;73908;69794;23872;65968;81382;75858;34484;22356
evaluation,1437,86754;97662;18699;39640;68280;75354;8163;39949;68332;40264
evaluation,1438,60356;94846;15182;1758;50746;12632;11628;3020;46804;2652
evaluation,1439,24098;24263;2354;17458;44396;54958;66101;8012;97259;471
evaluation,1440,76067;28759;91582;71832;18546;43512;49838;57920;25514;78852
evaluation,1441,81434;93310;36387;47857;3668;47908;47801;80853;99780;9334
evaluation,1442,68280;86754;24874;90148;90119;95801;86394;89932;98376;2243
evaluation,1443,1882;1695;23630;2254;17412;1202;34160;18219;59050;34393
evaluation,1444,57905;26316;24010;35058;50114;61630;1876;1912;49774;4664
evaluation,1445,92460;15604;99859;72670;89340;9712;15128;5344;77234;54678
evaluation,1446,86048;53958;14598;95352;36532;84726;52588;95082;43918;86597
evaluation,1447,95352;95082;45000;24114;43918;10620;73044;27478;99302;73124
evaluation,1448,35544;77812;55920;35742;40608;44930;9254;36072;41492;12924
evaluation,1449,34212;1364;18466;97789;10118;18320;3827;9182;31866;3128
evaluation,1450,33016;22844;33754;996;33522;56104;49252;56460;85088;82682
evaluation,1451,120;98080;92410;24610;23470;86891;250;21788;18780;1574
evaluation,1452,94570;8163;86754;89932;22030;12632;21948;75176;94434;84240
evaluation,1453,96876;22030;75208;98376;8163;18699;86754;89557;10646;95801
evaluation,1454,89232;6103;17368;18699;32016;97576;4539;22494;39640;37836
evaluation,1455,55580;44714;28376;30134;41092;32704;54895;37220;910;93258
evaluation,1456,88748;75516;4708;31510;68332;39419;24901;62112;62110;76764
evaluation,1457,75294;86754;39296;2190;80338;41472;89557;85388;21948;56312
evaluation,1458,90896;93588;468;11722;18992;31058;61524;62588;31312;47470
evaluation,1459,1736;5724;14684;471;6614;13896;34918;13342;3956;2354
evaluation,1460,13346;33747;44752;47818;40444;17096;57920;47801;6418;17060
evaluation,1461,75516;99538;23484;43146;90025;76764;7536;90306;97576;39640
evaluation,1462,89557;75354;86754;94434;8163;22030;96876;81145;4099;94570
evaluation,1463,80540;94242;94092;88676;35456;34011;54541;3646;14956;39964
evaluation,1464,62110;62246;63862;89240;56099;58618;24940;99539;32016;69878
evaluation,1465,16509;17450;81840;39738;98339;95414;21616;35106;32300;52303
evaluation,1466,79764;98690;97422;99344;46797;23292;72814;57629;59882;20422
evaluation,1467,6495;96444;96414;5739;5256;26316;15818;61630;38345;39403
evaluation,1468,90896;93588;22810;31058;77702;33228;62588;17484;468;54456
evaluation,1469,39748;27116;41854;39401;32518;2248;27437;35832;39117;724
evaluation,1470,97462;32476;39640;94570;97662;39949;46752;8163;32294;46882
evaluation,1471,98094;84240;90148;86754;86394;21948;60592;17819;98276;34916
evaluation,1472,15419;85088;56460;5844;85552;82682;98853;66765;6134;8175
evaluation,1473,62246;68332;58618;62110;24686;32016;55882;97654;71174;56099
evaluation,1474,93312;16166;45872;39386;5814;38942;54072;15297;40956;16434
evaluation,1475,55334;44627;29894;28896;28930;34856;29349;44682;43850;67530
evaluation,1476,98094;84240;90148;86394;21948;86754;60592;34916;17819;98276
evaluation,1477,53357;19004;19852;55388;44354;48764;83840;54109;18792;98002
evaluation,1478,89557;94570;86754;81064;94434;96876;75208;86394;95801;80266
evaluation,1479,5362;20756;4750;18581;66800;85152;58632;62381;33838;83818
evaluation,1480,97662;68332;39640;39949;18699;40264;32016;62246;93772;22030
evaluation,1481,98094;90148;84240;22030;60592;91918;94748;91890;40264;8163
evaluation,1482,24683;20666;16072;64354;6866;95153;44695;60448;4086;9622
evaluation,1483,41092;56922;28376;30134;37654;56155;37220;36288;90350;97758
evaluation,1484,28376;41092;56922;30134;37554;37220;36288;37654;17816;26744
evaluation,1485,83006;97662;89838;39416;39576;39949;39640;32294;84834;70228
evaluation,1486,56806;41768;46296;29362;11168;20055;3816;21972;48420;16442
evaluation,1487,96603;78930;69164;76453;78752;90534;8607;87688;96922;67560
evaluation,1488,26077;15884;62364;60254;58471;210;94616;20616;20650;66314
evaluation,1489,17287;10150;35218;20616;97071;10208;39656;40464;94002;98364
evaluation,1490,15709;16116;84858;22262;71470;45875;51885;52631;71330;52588
evaluation,1491,6554;14438;13878;6542;8034;7456;21650;7730;7247;39109
evaluation,1492,3828;29748;22306;51894;55075;31034;19372;1734;9870;18636
evaluation,1493,48503;82180;58768;58944;64026;5330;53580;8302;30192;13118
evaluation,1494,7356;63894;17963;49044;60140;26350;59734;76962;49788;48026
evaluation,1495,95082;95352;13614;61762;58471;36364;11262;24114;42392;73044
evaluation,1496,95318;14550;28528;75878;31216;75926;87402;16038;58330;27124
evaluation,1497,60356;46784;47908;3020;96308;46752;3668;13346;64548;1788
evaluation,1498,97462;32476;84834;86754;88748;97662;46752;68280;93591;31510
evaluation,1499,30536;28960;82350;29446;25022;96797;65370;27700;76024;82920
evaluation,1500,81840;90550;53164;53122;29108;83036;16509;98966;89918;94877
evaluation,1501,7198;40208;5598;2;1372;52616;4638;73706;4740;32466
evaluation,1502,87902;44794;99031;19967;42716;89658;19767;42467;63346;89826
evaluation,1503,54541;12740;34013;88676;27117;27107;31366;29858;98245;50652
evaluation,1504,96857;35522;12079;76423;71644;45596;35494;17056;56400;49572
evaluation,1505,77812;55920;35544;35742;40608;28863;9254;50944;18822;69024
evaluation,1506,95318;58330;31216;1034;12862;946;62915;64824;71240;26878
evaluation,1507,75810;89125;53212;3274;4934;16352;5112;55334;96718;44627
evaluation,1508,86378;13886;38112;19738;18642;9738;22698;17947;97920;93610
evaluation,1509,76764;24874;31202;90500;99284;39949;61238;5498;39944;36503
evaluation,1510,97806;97259;98276;42736;12730;28188;49986;99952;95030;64986
evaluation,1511,59364;48228;28492;13015;28278;70448;58894;28332;18762;21516
evaluation,1512,89506;69794;73908;70576;81382;71882;65968;47618;75858;40286
evaluation,1513,32226;7258;29496;35166;31982;54482;39084;71644;8604;40029
evaluation,1514,67668;37623;234;38756;39322;92286;590;81485;43600;37964
evaluation,1515,64090;27672;21890;64068;1064;93448;64764;69322;4254;27412
evaluation,1516,4668;66866;42874;5692;47299;71126;8280;85574;50373;11586
evaluation,1517,15709;16116;71470;22262;84858;71330;52631;51885;72527;52588
evaluation,1518,75810;89125;53212;16352;4934;5112;66952;96718;38844;11798
evaluation,1519,83168;11702;70228;83094;49208;55684;13696;89240;60098;99539
evaluation,1520,81186;93418;90119;94748;39790;80338;87370;86754;51444;21948
evaluation,1521,93408;17368;50208;4099;18699;70442;7536;98094;43206;60282
evaluation,1522,32380;17603;24874;83741;62110;89001;55576;70228;18219;93408
evaluation,1523,32160;34504;90720;99464;52462;31142;32120;72000;65370;82920
evaluation,1524,2078;55176;4086;55349;2836;1756;1144;11164;15970;69979
evaluation,1525,2430;24683;78392;28204;78214;81382;19336;91688;19468;2212
evaluation,1526,97510;50588;48629;4494;48728;62364;62336;5508;35498;622
evaluation,1527,82592;94877;82338;58920;81840;50008;26810;89590;58322;72954
evaluation,1528,86048;53958;84726;95352;11320;99060;429;4100;36532;12614
evaluation,1529,46300;10900;16264;99030;10454;28410;46750;70448;20949;1322
evaluation,1530,96857;64354;12079;35522;96934;35494;92581;76423;65310;45596
evaluation,1531,11684;1247;924;65968;22356;9554;8270;39624;39632;21098
evaluation,1532,94877;19828;52982;19680;1398;1362;25786;50480;21528;26810
evaluation,1533,32750;69106;66595;68040;44266;74396;61266;87314;40344;44279
evaluation,1534,59364;28492;13015;48228;70448;28278;43522;28332;58894;58261
evaluation,1535,15480;83598;71694;22568;83556;96056;89916;14544;45726;76024
evaluation,1536,87201;88972;64626;96484;90112;48333;8604;17056;43622;31982
evaluation,1537,98006;97959;99476;99516;99317;63148;35155;21666;90534;58600
evaluation,1538,93456;21650;8540;17770;13896;63434;2568;2398;19314;52596
evaluation,1539,93488;98094;23216;10646;94434;94748;91890;91918;75354;89917
evaluation,1540,71694;33556;24682;16278;724;69818;4169;10472;52462;96456
evaluation,1541,86378;22698;19738;13886;38112;18642;55590;9738;18486;6150
evaluation,1542,23870;37800;51546;50208;2734;11704;56742;24906;39944;44823
evaluation,1543,91918;91890;89917;89932;8163;9170;62912;3994;17819;80408
evaluation,1544,43512;86060;93372;86654;56728;90410;28988;70338;50070;39109
evaluation,1545,13068;12352;18954;754;6767;48242;55916;2430;16493;18948
evaluation,1546,75834;32734;76096;53406;85394;76972;75844;43143;61746;34612
evaluation,1547,35104;62228;3108;31715;21911;7064;49202;22412;74116;15210
evaluation,1548,44490;21528;81840;58920;94877;19828;90550;23096;89808;22520
evaluation,1549,4934;21652;96230;87898;26462;26413;26430;26336;66952;26878
evaluation,1550,4934;21652;66952;30288;11082;55752;11379;4262;42618;3074
evaluation,1551,4255;63598;41415;17778;45450;80777;13218;94370;10300;45875
evaluation,1552,3136;3306;47424;28188;2692;49986;94146;4494;5149;82230
evaluation,1553,81145;89557;49986;90148;86754;94748;95801;86394;75354;98094
evaluation,1554,61188;24906;71174;89240;16406;23484;83741;74108;23870;99539
evaluation,1555,58261;13015;6851;58392;20022;28492;48228;65249;28278;28332
evaluation,1556,57905;26316;24010;35058;12412;4664;50114;61630;39403;9012
evaluation,1557,44490;15824;40392;93610;2562;292;5090;88086;70338;22500
evaluation,1558,10256;99780;72579;23496;10540;69156;45470;34718;77445;52638
evaluation,1559,79358;75062;85328;44366;72484;3576;3886;38920;58990;70131
evaluation,1560,55586;86754;9170;63030;80658;94434;49490;3918;90119;62912
evaluation,1561,62764;24043;27682;57520;29872;46339;26960;33111;51174;50812
evaluation,1562,65698;57410;71154;18581;44828;3670;62381;85152;76268;75178
evaluation,1563,75294;94846;80338;80408;12632;17819;2032;80638;34916;85110
evaluation,1564,23496;99780;17458;65802;12632;9334;80338;13960;27338;11698
evaluation,1565,19546;1310;62110;83741;30563;62694;68332;62112;34838;75516
evaluation,1566,86647;60596;31370;14136;93591;75176;28188;31634;5862;29326
evaluation,1567,3994;91890;6726;9170;24806;91918;89917;12904;25168;33166
evaluation,1568,12154;54544;21470;86291;21971;27370;97111;612;78858;65717
evaluation,1569,99498;104;47582;21852;26126;15528;84995;77252;48236;92284
evaluation,1570,18642;3204;77702;23038;29402;584;6886;76700;78568;22499
evaluation,1571,93408;17368;81170;5487;32016;69878;62110;82927;90476;18699
evaluation,1572,46132;18699;22494;34376;90306;23380;71828;98194;71119;97530
evaluation,1573,4086;81382;12715;94146;13076;6152;89506;65249;1144;18320
evaluation,1574,90145;86628;10998;4699;21042;86826;32716;15006;81534;300
evaluation,1575,90550;81840;94877;21528;89016;96238;26810;83036;64830;89008
evaluation,1576,14550;31216;95318;41474;10802;28528;51394;93654;14822;99654
evaluation,1577,65554;56474;60336;45450;59101;59898;19518;552;91864;41422
evaluation,1578,30528;17474;91242;53284;397;51520;59776;60586;52271;2668
evaluation,1579,39308;92190;12694;56742;11887;17412;60282;83094;21636;4619
evaluation,1580,14122;14992;64060;22902;33822;35124;83907;63172;11346;4712
evaluation,1581,22718;18346;46424;51324;21320;42386;83456;87714;46412;88296
evaluation,1582,45454;67090;32020;45065;51806;19767;1322;19967;99031;81778
evaluation,1583,31142;69801;32120;72000;1046;32160;39964;83033;31818;99464
evaluation,1584,77368;77960;18262;85240;15322;9140;80668;97120;15266;42780
evaluation,1585,80840;12898;14812;12558;30359;39403;21656;38345;22262;54788
evaluation,1586,53714;33196;28816;38680;259;60282;11487;98588;46132;48048
evaluation,1587,60356;12632;34916;3020;94846;46784;17819;46752;1758;50746
evaluation,1588,41092;56922;28376;37220;26744;37654;30134;98042;36288;97758
evaluation,1589,16434;17022;25622;16166;30640;16176;16892;59638;17108;24650
evaluation,1590,46408;788;37476;44518;6210;8712;12352;53136;49396;4972
evaluation,1591,9520;72932;12846;31210;72095;4776;49188;23124;79266;45026
evaluation,1592,82592;94877;81840;96238;26994;90550;74256;21528;29108;26810
evaluation,1593,72940;60646;84776;76210;86891;17028;43176;1155;13711;73666
evaluation,1594,71043;24686;62110;17102;39224;56099;93372;74511;71174;58632
evaluation,1595,89506;13084;73908;69794;65968;71882;70576;23872;25018;76874
evaluation,1596,71218;1756;9762;98470;2078;6224;86459;23558;81382;9312
evaluation,1597,60398;27988;85698;282;702;97789;27158;58212;40033;59750
evaluation,1598,51885;52631;15709;52588;69708;33750;68945;52329;16116;60955
evaluation,1599,72142;1384;62994;36385;6396;1268;48501;82952;39220;50252
evaluation,1600,22698;18642;25578;86378;880;55590;81544;656;93610;83966
evaluation,1601,33270;70442;11678;5487;98194;39102;6194;39406;56099;78164
evaluation,1602,19852;19004;98002;53357;54109;95932;83840;83992;55388;44354
evaluation,1603,924;97197;36854;1268;81382;48690;58261;48228;56766;19130
evaluation,1604,1060;44130;36010;17714;16452;3730;7976;38342;37067;70630
evaluation,1605,1912;1876;26316;35058;57905;1494;24010;4664;84457;49774
evaluation,1606,98588;38184;88130;38220;68404;38680;17756;21690;259;43600
evaluation,1607,38751;39168;47488;48576;46528;43550;45004;76996;46252;49339
evaluation,1608,9376;2134;65998;1162;68492;95865;10988;51786;19260;8907
evaluation,1609,94678;86378;22499;25578;18642;87715;45722;93610;81268;9738
evaluation,1610,59432;63733;55450;97254;51174;72856;50812;63951;14780;50031
evaluation,1611,99498;98080;92158;120;102;88272;86891;47582;77252;88240
evaluation,1612,51174;46339;59432;92467;50812;81268;97254;5766;55450;2790
evaluation,1613,45944;53428;47582;52953;27842;65798;6180;36980;89306;27462
evaluation,1614,12350;8896;12406;14339;18344;17312;7912;92581;13070;15481
evaluation,1615,59364;48228;28492;58894;70448;28278;13015;28332;88772;18762
evaluation,1616,44627;55334;28930;34856;29349;43850;44730;44682;29894;67530
evaluation,1617,14686;18364;51650;74196;71694;90146;22144;22568;3287;36917
evaluation,1618,99498;47582;102;98080;250;120;86510;48236;54396;86891
evaluation,1619,12016;36030;24259;20055;32544;12740;29068;44656;80942;66022
evaluation,1620,78304;32476;97662;39576;39640;99538;18699;86754;8163;39949
evaluation,1621,72579;10256;99780;23496;10540;69156;45470;1788;468;77445
evaluation,1622,90452;50031;55388;46339;9952;34766;49016;28456;4416;97254
evaluation,1623,44828;40364;22584;13182;64051;49587;24616;41432;31132;33748
evaluation,1624,73307;73438;71404;57543;73590;73644;8436;73098;49994;9124
evaluation,1625,30436;45791;55075;11092;5375;51894;20866;11162;22780;3792
evaluation,1626,56474;59101;31274;60336;45450;18803;65554;44742;44732;59898
evaluation,1627,92036;41422;86723;1660;47018;340;36044;48236;63880;32284
evaluation,1628,35922;33928;16914;35836;61528;16622;16128;12290;45339;42790
evaluation,1629,55576;24874;17368;39944;62400;42326;18699;83741;472;70228
evaluation,1630,12632;15358;13892;3020;98210;11780;13252;12904;5920;11030
evaluation,1631,18642;6150;22698;78568;94678;23038;87715;29402;880;86378
evaluation,1632,46300;13766;46750;88461;10900;57962;10454;27230;17986;50749
evaluation,1633,86308;14544;19012;7150;51572;22568;18868;26738;12347;24208
evaluation,1634,10116;50439;25155;81268;49614;36258;74642;47200;10675;39578
evaluation,1635,21528;44490;81840;94877;90550;62182;38834;72954;26810;8772
evaluation,1636,57543;73307;71404;73644;73438;73418;73590;73098;8436;23752
evaluation,1637,73210;82952;50252;72142;76024;82350;1384;36385;51885;85044
evaluation,1638,1340;78930;96603;92050;76453;90534;78752;98424;58484;81074
evaluation,1639,66098;55450;97920;50812;29872;56161;60184;51174;59432;81268
evaluation,1640,13320;96456;10598;9531;64510;79596;1094;94146;12248;19912
evaluation,1641,1268;87516;54086;36917;724;64658;22292;84206;37282;17468
evaluation,1642,96857;32416;12079;35522;92581;76423;71644;39084;21964;35494
evaluation,1643,2906;3108;99060;8026;7510;7088;7552;79621;7746;80264
evaluation,1644,9376;2134;68492;65998;10988;1162;6296;8907;8360;51786
evaluation,1645,25155;10116;83728;49614;31132;9108;78702;80119;41472;85112
evaluation,1646,21022;45582;88312;88238;43462;97210;43406;7276;9846;45170
evaluation,1647,44490;62580;244;78530;1843;22252;40635;43749;94877;74599
evaluation,1648,43918;95352;53274;95082;24114;41060;14902;59770;24690;42394
evaluation,1649,64750;83276;65656;63649;83502;8252;68794;64404;68842;32788
evaluation,1650,95318;50941;3518;63598;50868;15520;14550;30028;31216;26142
evaluation,1651,34212;9182;3128;92794;1364;72643;21458;10422;77306;20044
evaluation,1652,84206;74328;22144;17784;47562;36888;724;38928;94997;87516
evaluation,1653,83168;11702;83094;70228;49208;88748;17368;89240;39936;90635
evaluation,1654,52327;72499;63346;57390;72162;53884;93258;57302;56446;44794
evaluation,1655,93408;17368;69878;62110;18699;90025;32016;32294;81170;5487
evaluation,1656,12148;3702;69264;54538;12422;36024;31950;3560;31850;29184
evaluation,1657,71154;99284;70680;44067;13182;33748;64051;5498;33222;98194
evaluation,1658,88569;4116;10748;56618;93206;47098;47012;45486;48176;39424
evaluation,1659,28260;76333;91988;34091;14064;17546;91783;60465;26116;24758
evaluation,1660,18310;17623;18700;15552;15586;79546;27224;15604;36200;58768
evaluation,1661,21046;62580;11904;244;19336;55338;19468;52526;20210;21098
evaluation,1662,99476;99516;97959;98006;99317;93036;2068;21338;42952;92050
evaluation,1663,72686;63704;3662;63085;14778;4020;12322;38092;35836;58684
evaluation,1664,90764;31368;81833;86891;54396;86548;87996;4428;40910;12134
evaluation,1665,82216;67638;87388;86600;23726;86723;53332;36094;9592;4118
evaluation,1666,7989;7762;13500;10920;73722;48392;4416;9332;13748;94241
evaluation,1667,18238;59598;88267;49748;26000;82216;8006;36094;75910;9838
evaluation,1668,65198;89798;98702;90013;69836;4688;61174;41368;98166;19742
evaluation,1669,3378;84995;36900;4176;24612;49802;910;11300;12202;11106
evaluation,1670,22499;19264;19206;19146;13886;86378;71230;26412;9738;25578
evaluation,1671,3204;97452;93114;27076;57048;29402;18244;71480;56964;96404
evaluation,1672,90119;59052;18219;21948;55502;23004;94434;87370;39790;29410
evaluation,1673,67104;39314;95604;68590;69606;38887;69636;27107;96060;26368
evaluation,1674,14956;64510;12786;32428;14686;5988;90146;20130;772;89151
evaluation,1675,10506;9050;8478;63486;97790;9888;49339;9946;29830;124
evaluation,1676,76996;4854;102;17891;12572;48236;77730;63498;45604;50510
evaluation,1677,25622;16434;17022;16166;30640;16176;16892;24650;24521;17108
evaluation,1678,34390;61043;11133;9602;2358;9622;44540;15184;9526;37580
evaluation,1679,62580;79822;21046;11904;19336;52526;244;16044;20210;21990
evaluation,1680,78552;33556;79328;97124;53058;60336;50012;56922;26744;91026
evaluation,1681,79807;98946;50771;99234;88595;32958;86446;30244;39196;87946
evaluation,1682,26434;52700;15454;86618;86580;67262;86781;90028;20814;91852
evaluation,1683,52462;28960;30536;65370;32160;32120;82350;82681;90720;32356
evaluation,1684,69979;74949;96484;3462;51572;55412;17438;41162;99709;80668
evaluation,1685,12512;3404;2835;2762;6558;3178;98731;3264;3040;3287
evaluation,1686,15709;71470;84858;22262;16116;52631;71330;51885;78760;52588
evaluation,1687,89808;19828;19680;52982;25786;7500;7724;93094;31162;72954
evaluation,1688,28188;62764;24043;31790;95030;2790;74599;50812;19961;51802
evaluation,1689,89808;19680;25786;19828;52982;93094;7500;49848;50480;7724
evaluation,1690,28188;57876;97806;97259;8451;49986;20130;98276;94570;99952
evaluation,1691,77109;36304;80810;87297;44194;24679;66595;62466;67992;87450
evaluation,1692,22144;23470;19132;5628;76769;94997;18780;38928;73317;11084
evaluation,1693,724;1268;49174;87516;84206;46241;17956;21788;27682;81382
evaluation,1694,96484;26372;69979;37582;74949;2078;1144;24102;32120;80668
evaluation,1695,91852;67262;93074;4960;96150;5570;9106;11528;91783;17004
evaluation,1696,7989;7762;13500;13986;5040;10920;13135;8200;48392;9332
evaluation,1697,69264;12148;53058;54538;12422;3702;3560;36024;64716;29184
evaluation,1698,57520;46339;24043;6732;62764;92467;15395;26960;25155;5766
evaluation,1699,52066;61886;22550;22128;10998;13335;22872;76962;23915;17963
evaluation,1700,89042;420;12807;88986;95330;82292;43131;8724;34556;58322
evaluation,1701,58732;68078;70642;54788;56922;72718;60336;59898;74222;40280
evaluation,1702,14550;31216;95318;14822;41474;10802;28528;51394;40478;99654
evaluation,1703,2500;32536;90605;496;8214;91025;3462;1330;32754;10472
evaluation,1704,16044;50738;223;21990;92286;244;38680;66052;53556;81948
evaluation,1705,12042;46604;10180;10367;9512;51164;49326;41422;550;14274
evaluation,1706,13840;71866;77402;50548;70220;74396;69106;12992;70131;79646
evaluation,1707,55450;51564;97920;81268;66098;56112;76880;60184;56161;62162
evaluation,1708,10116;49614;9108;41472;44752;25155;78702;40278;59102;51864
evaluation,1709,19132;5628;94997;23470;73317;19850;18780;35490;39008;19254
evaluation,1710,65249;81382;16600;13076;12715;6152;28032;55964;94146;4086
evaluation,1711,12352;13068;754;48242;512;18954;24652;2430;3493;45460
evaluation,1712,89808;19680;19828;25786;52982;92461;92826;7724;93094;7500
evaluation,1713,98492;98192;6324;14062;91580;30904;32750;11756;70214;56930
evaluation,1714,82216;67638;29400;23726;87388;57468;51961;28516;32734;86600
evaluation,1715,63434;17502;39214;19314;24120;8990;59656;17770;10872;19034
evaluation,1716,47302;4062;29747;93236;9826;55268;99806;2344;84276;80403
evaluation,1717,23870;64536;472;17724;64552;83614;84901;8333;14038;19208
evaluation,1718,17458;44592;28188;98276;97259;31318;90119;66101;25354;14726
evaluation,1719,724;49174;10598;58728;15480;90605;1268;42260;6662;91025
evaluation,1720,94662;93798;86180;90350;6536;94732;8550;88461;3264;28572
evaluation,1721,19742;68178;28118;94989;16948;8786;15368;19968;27694;96797
evaluation,1722,89808;19680;19828;25786;52982;92461;7724;92826;93094;7500
evaluation,1723,41060;7370;10316;16210;59168;59734;1200;24114;14902;8760
evaluation,1724,33016;33754;33522;32906;40725;22009;7451;8175;22844;996
evaluation,1725,45722;43768;42836;83688;21420;30848;82927;85218;83966;3742
evaluation,1726,23214;74808;42736;17458;12632;97259;98276;97806;28754;28691
evaluation,1727,3104;29630;19714;81688;115;29788;27908;56168;38090;20086
evaluation,1728,36984;20108;30285;55930;63910;79516;69356;6136;48589;25178
evaluation,1729,32750;6324;68040;36304;39286;44266;70288;44279;61266;3248
evaluation,1730,4031;82110;15716;158;31042;31108;65249;51647;1162;5676
evaluation,1731,26434;52700;15454;86781;44055;5656;9960;86580;86618;11288
evaluation,1732,87336;30244;88422;79485;98946;88595;99234;50771;87946;79807
evaluation,1733,2068;42488;25392;74995;76354;89042;34458;99008;96603;57182
evaluation,1734,91783;96150;4666;93074;10887;6406;76932;53292;77720;74800
evaluation,1735,17502;63434;39214;59656;19314;24120;14296;6614;35756;40054
evaluation,1736,29747;5623;34536;78846;39748;46994;724;20424;64688;49940
evaluation,1737,91580;69106;22282;33598;25282;50070;99564;28148;98192;66098
evaluation,1738,9334;1202;77445;41472;65802;99780;23496;30378;8231;65392
evaluation,1739,34988;29872;51802;1695;55450;97920;98572;59432;39117;5714
evaluation,1740,66098;97920;55450;59432;38112;56161;76880;51564;29872;51174
evaluation,1741,2790;89944;98492;5766;31736;98572;51802;28393;98192;18536
evaluation,1742,94732;90350;6536;97758;98636;90614;86180;80540;88461;87710
evaluation,1743,16072;2430;61174;78392;24683;30942;2212;78214;77496;2195
evaluation,1744,20006;83598;83556;63450;62944;99681;2500;90605;69238;89916
evaluation,1745,724;69818;45726;49174;1268;90146;22568;69662;15480;23790
evaluation,1746,82520;80668;7504;6006;16027;5895;80490;19012;27818;14544
evaluation,1747,73231;21712;32510;27876;45526;1998;19012;6122;49056;43194
evaluation,1748,21362;2047;77960;88296;77368;20044;97120;84162;16044;46412
evaluation,1749,96230;87898;4934;82456;38333;21652;82505;60333;6751;26878
evaluation,1750,95318;58330;31216;1034;64824;946;12862;62915;71240;86574
evaluation,1751,88748;75516;58618;97654;74108;62110;99539;4708;32016;39416
evaluation,1752,90452;51174;55450;81268;50812;63733;59432;50031;62162;72856
evaluation,1753,19767;81428;81778;19967;40286;6894;6994;10000;33332;98166
evaluation,1754,2790;5766;89944;89480;92467;10116;1524;96988;61238;3886
evaluation,1755,26018;46112;29028;12;51840;74672;28716;27150;28054;29235
evaluation,1756,94322;96456;2692;6868;50749;94110;94146;6420;6824;16600
evaluation,1757,92856;86597;61945;85765;93680;5656;95621;572;8008;81496
evaluation,1758,97636;98262;18236;48610;2654;772;8636;18775;56414;91025
evaluation,1759,28376;53058;41092;37654;56922;37220;53056;36288;79328;90614
evaluation,1760,18184;55940;57410;6086;20427;48589;7386;56882;29304;83614
evaluation,1761,94954;54010;97389;95674;93524;38334;32080;95030;36600;85998
evaluation,1762,19196;84340;86780;85667;79576;85002;85087;44518;67979;23770
evaluation,1763,76067;28759;91582;83728;9644;71832;43512;73778;39854;49587
evaluation,1764,13276;44031;13832;16493;18948;15876;18532;18368;23078;5579
evaluation,1765,97577;78846;25155;13064;89480;5766;95030;24063;6732;39748
evaluation,1766,40802;3832;8636;56936;18880;3307;1476;9184;1322;45148
evaluation,1767,724;1268;49174;84206;87516;772;24682;78854;21788;32394
evaluation,1768,50218;6324;32750;48736;70288;39286;44266;44279;89899;40344
evaluation,1769,13302;80784;5607;8578;36348;9378;51684;6180;19128;90046
evaluation,1770,5259;48018;24850;65045;54976;82067;46296;36900;90;43760
evaluation,1771,71690;6056;49587;88896;22087;45000;5380;99384;53428;18412
evaluation,1772,598;58212;76286;47642;16448;13534;12352;87106;25354;27996
evaluation,1773,12352;13068;754;512;48242;18954;70068;41484;2430;24652
evaluation,1774,598;13534;58212;97814;24486;46408;25722;96238;8578;96056
evaluation,1775,94662;90350;98636;90614;98731;93798;94732;86180;28572;98042
evaluation,1776,94304;14960;39220;65998;74382;67244;43012;8322;92286;27940
evaluation,1777,32750;50218;6324;48736;70288;44266;44279;39286;11756;89899
evaluation,1778,89944;13304;87297;7762;5040;77109;36304;1695;7536;47720
evaluation,1779,94989;54052;30642;32160;42314;96797;82350;28118;27694;34504
evaluation,1780,36804;65974;21410;47926;95268;18608;43625;16756;63336;22567
evaluation,1781,47754;91026;79328;90942;522;10830;15464;13978;56505;97124
evaluation,1782,32536;19768;27876;39509;19012;34496;32754;21515;496;4795
evaluation,1783,18206;49952;96484;48332;32170;30232;42030;13534;46612;36545
evaluation,1784,24612;598;13534;58212;39831;26883;64510;25722;8136;54541
evaluation,1785,4934;40440;30376;14550;56998;52504;95318;41516;28196;38928
evaluation,1786,93120;81434;36387;72579;45470;50373;59558;69536;19542;68330
evaluation,1787,45068;28900;11438;3248;91580;17412;75118;18219;3886;99324
evaluation,1788,44266;11756;91580;74396;44279;28972;13840;69106;40344;7226
evaluation,1789,37356;21362;89352;62213;85376;88342;47302;62312;32554;48728
evaluation,1790,55964;14366;83702;14150;8250;40779;53536;3110;76234;40826
evaluation,1791,33971;6931;49196;15970;9064;572;2078;1756;9254;2836
evaluation,1792,99538;83006;89838;7536;88526;50208;62694;69878;62246;68332
evaluation,1793,39816;59257;42076;28684;40760;99031;84162;3307;78833;30758
evaluation,1794,34536;62764;33598;40254;97814;83264;24490;35014;95674;88014
evaluation,1795,66098;51564;76880;60184;95865;97920;81268;56112;74642;56161
evaluation,1796,93120;81434;36387;72579;45470;59558;68330;69536;50373;2144
evaluation,1797,97294;80810;68042;89899;28900;37228;39220;4416;47806;32750
evaluation,1798,28900;97294;80810;68042;44194;89899;32750;85328;70214;70288
evaluation,1799,32016;89838;97312;18699;47950;22494;62694;55882;69878;39419
evaluation,1800,5844;98853;82682;17052;1342;66875;66765;85088;85552;15419
evaluation,1801,98376;86647;8163;22030;90119;90275;21948;68280;89932;93591
evaluation,1802,38751;39168;91902;47488;48576;46528;45004;49070;46252;47934
evaluation,1803,82216;67638;87388;86600;23726;86723;53332;36094;9592;4118
evaluation,1804,96857;2430;5579;21964;38750;2763;35522;58728;8604;63404
evaluation,1805,34988;89956;55450;89944;97920;29872;1695;5766;97577;38112
evaluation,1806,12764;21911;6224;97210;2407;22262;7064;7138;31838;32264
evaluation,1807,99796;392;65981;49848;50008;31162;49240;8044;50480;67048
evaluation,1808,95885;8402;87698;8888;36412;5382;12918;48416;31175;72940
evaluation,1809,76764;75516;39419;83398;39640;88748;39949;31510;99538;68332
evaluation,1810,99952;97806;97259;98276;42736;96876;10620;38345;61630;89140
evaluation,1811,41472;22893;65802;9334;30378;23496;13182;37608;65444;26052
evaluation,1812,14402;73882;38194;46496;17160;27482;1366;31627;24758;5572
evaluation,1813,93456;62790;1118;14296;21650;69432;8106;20400;9100;98340
evaluation,1814,93408;17368;36918;50208;83025;97576;92190;60282;46006;88526
evaluation,1815,97294;89899;80810;32750;68042;55590;44194;48736;880;75794
evaluation,1816,65444;79516;5490;65392;83412;5464;65562;33820;17724;23028
evaluation,1817,62466;77109;40276;81085;39440;87297;36304;87450;36234;35268
evaluation,1818,93456;1118;8796;21650;2570;13236;13000;14296;13630;2290
evaluation,1819,99538;83006;68332;89838;62694;62246;24686;68296;7536;18699
evaluation,1820,90720;78402;32160;34504;72000;31142;99464;31392;32120;13023
evaluation,1821,41092;28376;36288;37220;37654;15528;93258;26744;32704;63346
evaluation,1822,25622;16434;17022;16166;30640;16176;16892;24650;6938;59638
evaluation,1823,96804;33030;11808;24612;2796;9642;95604;52656;20424;43308
evaluation,1824,87516;724;49174;53058;15480;7138;78854;1268;2026;17508
evaluation,1825,65974;81328;47926;23789;83820;21410;36804;32916;22567;63336
evaluation,1826,88526;62694;62112;68332;55930;6136;17368;69356;83741;62400
evaluation,1827,93772;97662;97576;56258;68332;88748;34160;39640;39416;89838
evaluation,1828,9334;77445;41472;99780;23496;65802;1202;10540;65444;30378
evaluation,1829,89838;6800;22184;8108;62246;69878;24980;62694;22494;62110
evaluation,1830,5487;83966;80664;6930;25578;45722;85218;42836;40858;82927
evaluation,1831,91322;40184;98245;66022;11544;33608;65426;73112;39488;12154
evaluation,1832,25440;541;24850;99990;24806;52650;80987;15128;51950;5428
evaluation,1833,56930;37636;87297;85998;97389;36304;40276;45688;48154;44266
evaluation,1834,93456;6648;98835;8264;8796;6743;8190;6554;10872;54878
evaluation,1835,32394;39224;32422;26692;98136;29596;27386;3646;94304;34546
evaluation,1836,77960;21362;85376;20044;85240;77368;2047;97120;522;16044
evaluation,1837,69246;6086;25958;58429;4372;4536;94290;2014;20014;61266
evaluation,1838,89899;32750;69106;21694;44266;10062;44279;9928;40344;47806
evaluation,1839,56930;37636;32080;87297;36304;44279;44266;97389;48154;44194
evaluation,1840,32016;97312;18699;47950;32380;62694;48106;99538;68332;55882
evaluation,1841,4614;15284;15226;15205;31174;14430;33560;10392;85678;1094
evaluation,1842,21362;2047;97120;20044;3307;29674;33440;39509;16044;99031
evaluation,1843,88748;75516;99539;83398;39419;11702;89240;76764;63862;31510
evaluation,1844,32016;89838;97312;18699;22494;32380;47950;62694;83006;69878
evaluation,1845,71174;62110;99539;24686;58618;63862;56099;32016;89240;62246
evaluation,1846,1268;724;49174;84206;81382;87516;2642;772;1240;3678
evaluation,1847,59257;39816;40760;42076;32026;40494;90013;28684;3307;99031
evaluation,1848,24043;62764;94954;98572;31790;48140;39382;19961;50812;41854
evaluation,1849,93456;19314;59656;19034;15268;63434;8796;13368;39162;23594
evaluation,1850,32016;47950;97312;89838;62694;56258;69196;18699;32380;83006
evaluation,1851,68332;75516;68296;76764;39419;83741;83398;88748;62694;62246
evaluation,1852,22512;80264;18469;54890;34154;61524;48080;95467;6542;79390
evaluation,1853,43512;18546;27251;52054;1148;25514;64312;21526;90602;49838
evaluation,1854,24612;33030;52656;47619;13714;26883;31366;1360;30248;56028
evaluation,1855,7019;654;300;34112;10316;5658;24690;66314;94616;32716
evaluation,1856,97576;46132;89838;22494;62112;18699;39416;68332;97312;88748
evaluation,1857,19638;15356;88114;16438;86078;85162;16558;27224;368;65488
evaluation,1858,6648;93456;54878;98835;26798;6542;14447;59656;15836;47308
evaluation,1859,92994;69758;39214;92198;91221;35756;92192;66602;9270;90694
evaluation,1860,37636;56930;36304;44279;87297;32554;66595;44266;45688;73722
evaluation,1861,89838;99538;97312;69878;18699;17102;62246;32016;55882;62694
evaluation,1862,68042;48736;97294;89899;70214;32750;28900;70498;70288;43528
evaluation,1863,88526;62694;68332;68296;89838;55882;17368;83741;39419;62246
evaluation,1864,28960;96797;30536;58388;82350;65370;25102;27700;29446;67836
evaluation,1865,16094;90046;89125;48695;82456;15612;26556;70237;52054;9959
evaluation,1866,46804;51986;22587;52266;65581;33416;59702;22122;7914;42122
evaluation,1867,4934;21652;18590;5112;26556;85308;66952;26090;11082;22587
evaluation,1868,19670;14995;73366;2;39072;15512;7198;1372;19000;37328
evaluation,1869,33074;34320;34628;73112;97111;73044;27370;612;78232;33754
evaluation,1870,99796;49240;65981;72954;73493;19828;93312;50008;31162;62364
evaluation,1871,83208;3730;27370;44130;33038;36010;14828;1060;38342;37067
evaluation,1872,99756;86510;61020;5086;36998;46528;47748;28516;52588;13018
evaluation,1873,44296;40506;40228;57514;50012;88676;46612;19559;60758;78552
evaluation,1874,3792;99678;92656;354;67552;41144;41647;50908;60333;13975
evaluation,1875,496;1330;2500;13514;3462;8214;90605;13116;32536;7504
evaluation,1876,40646;26592;11958;49880;5375;99482;19040;874;10264;19524
evaluation,1877,94662;94732;6536;93798;90350;86180;3264;69263;34766;28572
evaluation,1878,19852;19004;16080;52340;56964;72458;98002;18792;19576;71480
evaluation,1879,19336;19468;34010;1247;34103;21098;34794;11684;65968;55652
evaluation,1880,21788;89798;31845;18364;69836;13016;90013;37602;7636;7412
evaluation,1881,62246;97662;89838;93772;39640;68332;6228;39949;88748;68296
evaluation,1882,40916;45102;53198;52272;46160;59130;60650;46868;50290;60646
evaluation,1883,27116;26960;38960;41854;62764;81268;59432;90452;80509;44586
evaluation,1884,34988;29872;55450;1695;39117;51802;38112;18018;97920;32001
evaluation,1885,88526;62694;68332;62112;24906;83741;62400;48050;68296;97312
evaluation,1886,84520;69488;45450;48952;58322;26136;28510;32874;68698;45228
evaluation,1887,52956;93672;78240;5382;11974;8016;21952;30070;1207;45046
evaluation,1888,90150;41422;72686;97284;73493;9726;35258;39730;99796;8044
evaluation,1889,49324;83592;61528;7391;12322;82310;4020;35836;3662;10768
evaluation,1890,75516;99538;39640;90025;76764;39576;46748;39949;41068;17368
evaluation,1891,91580;6324;50218;44279;32750;44266;87314;68040;11756;71866
evaluation,1892,39640;99538;75516;39949;90025;76764;39576;97662;32294;93772
evaluation,1893,97294;68042;32750;89899;56930;44194;47806;80810;28900;36304
evaluation,1894,97662;56258;68332;93772;62694;68296;88748;39416;62112;39576
evaluation,1895,788;6210;8712;46408;12352;49396;14171;37476;53136;13068
evaluation,1896,89808;52982;19680;7500;19828;31162;7724;93094;25786;92802
evaluation,1897,71461;8814;75920;71710;74352;75128;64076;102;49339;71492
evaluation,1898,93456;62790;19034;5238;67449;1118;48392;13368;69432;4416
evaluation,1899,74836;684;26744;28376;37220;47490;75858;16278;36288;37554
evaluation,1900,78552;79328;97124;33556;60336;67659;53056;28376;3314;26744
evaluation,1901,62044;75464;17458;6598;91688;18320;31318;26104;5946;98262
evaluation,1902,46132;34838;83094;19320;25178;88526;49499;49490;47902;62112
evaluation,1903,60356;46784;46752;3020;3668;61806;13892;96308;47908;1205
evaluation,1904,90275;93591;86647;90119;89932;87370;98376;8163;21948;2652
evaluation,1905,1088;60282;13696;89240;97576;89001;99539;71043;68296;11702
evaluation,1906,83598;2500;8214;83556;89852;63864;20006;87106;92164;19768
evaluation,1907,89932;8163;98376;93591;90119;21948;22030;89917;86647;90275
evaluation,1908,38964;45470;39588;93120;30399;9360;81434;26470;24432;35299
evaluation,1909,71174;24906;16406;61188;23484;24940;24686;24901;78304;62694
evaluation,1910,63434;17502;19314;19034;11166;55587;24120;39214;8990;97294
evaluation,1911,34988;29872;51802;97920;98572;1695;55450;59432;5714;1524
evaluation,1912,93456;1118;19034;24400;14592;21650;6648;13236;13986;27886
evaluation,1913,28376;41092;36288;37220;37654;26744;56922;30134;37554;53058
evaluation,1914,39949;39640;55576;62400;78164;17368;97662;99538;75516;39576
evaluation,1915,8214;496;2500;90605;1330;32536;7504;3462;18868;91025
evaluation,1916,10198;65310;11808;14216;66772;56674;3702;5902;76769;13726
evaluation,1917,46748;26506;39640;76764;90025;39949;75516;99538;41068;47950
evaluation,1918,58894;15184;72057;10052;35166;71234;10176;78204;6635;46878
evaluation,1919,19339;11678;33270;6026;64940;33747;17976;9324;25398;10637
evaluation,1920,40916;59130;53198;45102;60650;46160;60646;52272;50290;46868
evaluation,1921,17502;63434;24120;39214;14296;59656;10872;5862;41536;6614
evaluation,1922,76764;55930;63910;65444;472;23870;26172;24686;64552;16406
evaluation,1923,89536;4309;17486;24652;45460;78936;42458;3646;96238;2430
evaluation,1924,55930;9293;34102;50900;80338;98194;63910;33270;64940;69550
evaluation,1925,96876;23702;90119;76720;2652;22666;98072;62428;18219;39296
evaluation,1926,552;18556;60336;30508;17778;65554;5042;3015;91864;99302
evaluation,1927,94304;82728;43069;90786;68060;67244;96238;5192;43012;22902
evaluation,1928,89956;51802;98572;22012;52452;71876;22090;21028;57078;98192
evaluation,1929,79328;97124;78552;33556;53058;574;30134;62181;56922;36900
evaluation,1930,93772;62694;68332;83006;68296;24906;88748;56258;60282;83741
evaluation,1931,82350;29446;65370;27700;30536;32356;28960;52462;76024;30642
evaluation,1932,94877;81840;90550;19828;89808;53164;53122;19680;52982;31162
evaluation,1933,49252;2955;5172;5228;5130;74424;5159;76492;27090;24636
evaluation,1934,58898;97210;45072;58331;57502;60188;20424;14206;62764;39662
evaluation,1935,62400;55576;99539;18706;78164;83094;90476;17368;83168;18699
evaluation,1936,35258;53284;35155;27616;43054;96922;32734;61746;92050;12856
evaluation,1937,27664;98264;96986;25578;14099;25976;98339;45722;85218;83966
evaluation,1938,15226;46928;15284;2092;51792;20700;41902;16448;34794;5259
evaluation,1939,89917;91918;91890;8163;75354;89932;22030;86754;94748;95801
evaluation,1940,28188;57876;8032;74104;30518;65698;9360;99780;28970;41735
evaluation,1941,32016;89838;97576;5536;83741;32380;18699;47950;97312;62684
evaluation,1942,56922;37654;41092;26744;45944;28376;53056;57514;64716;36288
evaluation,1943,55388;44354;98002;53357;69662;19004;56964;18792;66772;19852
evaluation,1944,73908;89506;41233;11960;148;69794;85936;88358;4963;71882
evaluation,1945,49202;90532;92244;58920;95727;90550;72785;89340;50480;49848
evaluation,1946,66980;91970;82592;67048;99796;65981;76333;77982;25424;16509
evaluation,1947,28816;85002;60251;3174;65646;11666;3679;85667;68492;9606
evaluation,1948,18190;59733;39318;38834;1160;18026;59592;15102;60048;258
evaluation,1949,40916;52272;45102;46160;53198;60650;59130;46868;50290;60646
evaluation,1950,76769;2660;44770;86459;48690;28151;92854;28032;18814;55962
evaluation,1951,77812;35544;35742;55920;40608;9254;44930;36072;12924;15970
evaluation,1952,76769;2660;44770;86459;48690;92854;28151;28032;18814;28410
evaluation,1953,17819;85110;57338;9108;85388;58429;75354;28694;2190;41472
evaluation,1954,12016;24486;59164;35124;12740;98245;41768;22902;910;61562
evaluation,1955,64050;42458;72320;94646;95030;9308;65354;54010;93524;6767
evaluation,1956,69878;70338;99284;32646;83741;89252;32642;32016;33748;48486
evaluation,1957,91890;91918;89917;89932;94570;86754;86394;75354;8163;22030
evaluation,1958,41010;43625;36804;43525;19274;18608;47926;68114;46616;32452
evaluation,1959,4688;90013;65198;89798;69836;61174;98702;98166;19742;98476
evaluation,1960,12352;13068;754;512;48242;18954;6767;24652;2430;17562
evaluation,1961,56922;37654;41092;28376;53056;26744;57514;45944;97124;64716
evaluation,1962,96146;72456;88296;1442;99030;1424;74836;45148;20949;47490
evaluation,1963,88910;41450;41018;41287;42336;41792;58684;58558;41565;41378
evaluation,1964,91918;91890;89917;89932;95801;8163;22030;21948;86754;90148
evaluation,1965,91918;91890;89917;89932;95801;8163;22030;21948;86754;90148
evaluation,1966,39820;13084;1094;48690;76874;90098;87106;980;3174;3062
evaluation,1967,86394;93610;75208;27910;68280;12840;83006;25168;75176;6450
evaluation,1968,44490;7290;42940;1460;1459;62580;23118;62182;3738;83036
evaluation,1969,50290;46868;59130;40916;45102;53198;52272;60650;46160;60646
evaluation,1970,60356;46784;46752;34916;15182;94846;1758;3020;59638;1788
evaluation,1971,91918;12632;91890;17819;94846;81064;89917;13892;4099;94570
evaluation,1972,94997;63500;19576;36172;53766;11468;47302;63692;37274;35490
evaluation,1973,69626;11580;164;76886;30232;20424;87554;66928;26720;35462
evaluation,1974,62764;34536;24043;33598;97814;40254;35014;85706;24490;83264
evaluation,1975,2774;94560;5902;57048;96056;68487;74260;4628;34454;65310
evaluation,1976,15709;84858;51885;16116;52631;22262;71470;52588;71330;82952
evaluation,1977,80398;99466;3032;7452;97789;8164;79218;10933;33306;20386
evaluation,1978,17368;62246;32016;82716;97576;48050;68332;89240;56424;62112
evaluation,1979,86224;4708;83398;64986;39576;24940;78164;97530;97312;13288
evaluation,1980,98072;95801;98094;89557;98376;98210;21948;8163;90148;22030
evaluation,1981,76536;94002;7326;15354;58920;95414;31368;13504;46590;10208
evaluation,1982,95801;90148;98072;89557;5868;98094;13252;89917;5920;84240
evaluation,1983,25155;10116;55450;92467;5080;72856;16374;8518;59432;74642
evaluation,1984,56934;76738;34576;30688;30166;30054;2526;57182;98946;72884
evaluation,1985,214;26077;1852;81688;32428;52030;78144;85002;552;51743
evaluation,1986,53284;35258;27616;51208;96922;20616;35155;9895;61746;34814
evaluation,1987,18640;18352;53332;95623;87388;36532;34716;33882;3828;25830
evaluation,1988,47754;90942;47878;91026;13712;53056;66220;46516;5902;61042
evaluation,1989,11544;25144;35830;2608;24806;52444;56613;13198;22403;46494
evaluation,1990,65269;9310;78652;64918;43512;8982;84286;64916;25398;65099
evaluation,1991,97462;62694;32476;32294;89838;35884;39576;97662;56258;24686
evaluation,1992,59130;53198;45102;52272;60650;46160;40916;46868;50290;60646
evaluation,1993,89956;97577;21028;85107;16710;22282;19961;40254;6202;32001
evaluation,1994,9310;65269;65099;84286;8982;9293;64918;30121;12738;25398
evaluation,1995,95604;67104;39314;68590;24154;96394;71824;69606;96060;13360
evaluation,1996,2734;81170;17368;68073;21096;16086;13182;30121;5490;17724
evaluation,1997,44518;49396;8828;53136;82388;67979;79576;37476;69562;38972
evaluation,1998,28816;980;1094;9606;37832;83702;49302;2648;34546;38680
evaluation,1999,95769;99472;81768;44768;62400;55658;81338;21526;78164;20662
evaluation,2000,62694;68332;47950;83006;30563;32476;62684;97462;56258;48548
evaluation,2001,71043;62110;63862;58632;74511;88748;99539;89240;23484;39843
evaluation,2002,81434;93120;38964;30399;77464;45470;36387;39588;93310;50373
evaluation,2003,33971;41474;97838;59864;99224;99123;53428;12154;35592;20098
evaluation,2004,71671;62182;94877;62580;21528;244;8772;38834;44490;25786
evaluation,2005,39006;532;19714;3104;610;23804;3234;30110;39657;588
evaluation,2006,90635;88526;99539;62112;62694;24906;13696;39576;71174;78164
evaluation,2007,88748;76764;83398;32050;75516;39419;78164;4708;39576;39640
evaluation,2008,91918;91890;89917;89932;22030;75354;86754;8163;95801;94748
evaluation,2009,9310;65269;65099;8982;84286;9293;12738;64918;30121;78652
evaluation,2010,9334;57920;5490;66560;22893;13182;12884;41472;65802;15282
evaluation,2011,81485;11600;81534;90145;7019;4699;86826;32716;37373;300
evaluation,2012,68248;76234;75584;84660;68916;89262;51787;48216;47618;85554
evaluation,2013,36030;2951;12016;60216;32544;62213;65045;19922;48420;22902
evaluation,2014,77034;1276;68562;4255;18556;39196;1000;81038;88836;26309
evaluation,2015,56099;7386;39224;71174;32380;98312;71043;89240;55658;56728
evaluation,2016,25668;84576;34906;64552;97530;29304;61238;22886;71119;45048
evaluation,2017,64986;11702;62112;7386;97530;83741;88748;60098;39936;13696
evaluation,2018,9940;30508;10156;57164;51118;4952;17908;19510;25072;65150
evaluation,2019,89232;18699;17368;39640;51546;98180;42326;62400;62112;4619
evaluation,2020,12352;13068;754;512;48242;18954;24652;41484;2430;17562
evaluation,2021,79328;78552;97124;33556;10830;47878;47754;56505;70403;13958
evaluation,2022,55964;83702;14366;14150;58261;84164;58392;88561;70942;3110
evaluation,2023,75128;74010;75920;26950;74352;5684;71461;71492;2639;71710
evaluation,2024,39308;92190;46132;17368;4619;98180;51546;60282;39418;83094
evaluation,2025,724;87516;90605;49174;90146;24682;1268;53058;91025;34766
evaluation,2026,59257;39816;42076;40760;32026;28151;18814;55962;84162;18426
evaluation,2027,90635;62458;99539;71043;89240;56099;78164;88748;8538;83094
evaluation,2028,80638;94570;90119;94434;98210;1758;5920;12632;21948;93418
evaluation,2029,97294;28900;68042;89899;44194;80810;85328;70214;32750;37228
evaluation,2030,31162;89808;19828;19680;52982;93094;25786;7500;7724;92802
evaluation,2031,4934;96230;21652;82456;38333;87898;36862;7888;60333;32274
evaluation,2032,13247;77266;16666;6794;2536;8900;5876;4952;50665;6616
evaluation,2033,75354;80338;90148;17819;90500;60592;8163;86754;40264;81064
evaluation,2034,55450;51174;66098;50812;60184;97920;51564;62162;29872;76880
evaluation,2035,91026;47754;47878;15464;79328;78552;33556;54895;50012;10830
evaluation,2036,37356;89352;1524;41536;17280;62330;66634;13390;1240;47084
evaluation,2037,16658;27616;9895;96922;69164;35155;8607;75668;53284;87093
evaluation,2038,94662;6536;3264;90350;93798;69263;94732;86180;34766;19128
evaluation,2039,90025;97662;24874;39640;70228;39949;39416;17368;43146;14347
evaluation,2040,3110;13190;32936;26586;18320;33206;49848;87818;25424;78380
evaluation,2041,2652;97806;42736;82230;78298;80658;1422;97259;8451;39296
evaluation,2042,86378;17999;13886;62790;26412;1118;74960;74978;18642;38112
evaluation,2043,90635;99539;11702;62222;83094;83614;49838;25178;74108;88526
evaluation,2044,89352;98240;47084;9780;9826;48504;12304;62313;656;880
evaluation,2045,72579;45470;50373;30399;81434;50190;10540;77464;36387;93120
evaluation,2046,14608;16118;51882;5024;30288;95318;54478;11798;21652;57204
evaluation,2047,25022;76024;82350;65370;82920;29446;25126;25102;22148;58388
evaluation,2048,68248;76234;84660;51787;75584;68916;47618;86459;78380;89262
evaluation,2049,19852;19004;98002;18792;9443;16080;53357;44354;33492;67244
evaluation,2050,38928;31950;8550;97254;98756;64510;40208;86180;97814;74328
evaluation,2051,2;99759;5598;5159;14764;42248;90522;5130;14828;5344
evaluation,2052,97102;51154;29722;97268;80692;58172;57254;19104;11544;14847
evaluation,2053,20424;3702;14216;622;93226;61042;66220;11592;65568;47754
evaluation,2054,98264;25578;27664;25976;85218;96986;33094;21420;45722;17102
evaluation,2055,34454;53190;59807;96944;23824;53398;11712;46804;27684;35508
evaluation,2056,86378;17999;22596;13886;79076;38112;26412;14012;19738;79571
evaluation,2057,11188;16420;75926;75878;16952;87028;39192;18700;64090;58310
evaluation,2058,17368;92190;39308;60282;81170;55576;94748;56742;83094;97654
evaluation,2059,19680;89808;25786;19828;52982;93094;92461;92826;7724;7500
evaluation,2060,87516;66120;36283;37282;6536;26638;10384;64658;3178;39386
evaluation,2061,36438;56174;9828;66606;78994;98504;3816;94393;64060;1796
evaluation,2062,71934;3040;10314;98731;93798;32916;59096;48400;58260;47994
evaluation,2063,62110;88748;56099;62246;71043;62458;89240;71174;63862;32016
evaluation,2064,6326;40014;85012;48919;48984;45065;45454;35572;18503;48806
evaluation,2065,83914;84524;41528;64736;31175;91352;8016;82588;10424;11974
evaluation,2066,1215;66314;11252;94616;2989;15884;53136;37080;404;13746
evaluation,2067,90534;35155;5424;8607;69164;74256;98102;16330;82516;12856
evaluation,2068,88844;42386;22718;32022;74836;71644;76423;51324;51498;99031
evaluation,2069,12352;754;13068;512;18954;6767;48242;96238;43858;24652
evaluation,2070,56044;91026;47878;20463;79328;97124;42075;42194;47754;62181
evaluation,2071,66330;23894;75098;120;8478;71461;74352;98080;40910;92410
evaluation,2072,90534;35155;5424;8607;98102;74256;16330;69164;82516;12856
evaluation,2073,53286;19342;99990;75404;91460;91942;26136;90550;45398;18805
evaluation,2074,94146;30447;2630;11419;43597;8879;68334;6824;6758;26528
evaluation,2075,99796;49240;73493;93312;8044;65981;3110;82592;31162;32936
evaluation,2076,30870;28691;30518;43360;28920;31838;28970;31650;23207;27996
evaluation,2077,62184;62216;48136;97292;97604;11320;84650;21528;90550;93312
evaluation,2078,48695;59807;50536;60112;34320;7760;612;39488;12154;21971
evaluation,2079,47098;16380;77378;41018;67822;23272;47012;28281;14060;89125
evaluation,2080,397;50072;32547;87597;99570;89896;24850;27555;95281;60566
evaluation,2081,90762;87540;31158;65148;39232;21424;58714;19000;66952;56474
evaluation,2082,3444;59579;21418;99702;25069;29634;77036;20830;58331;39642
evaluation,2083,4838;33492;48832;40208;45886;67110;75986;12262;11970;23338
evaluation,2084,90534;12856;38016;38086;8607;34814;30738;69164;35010;96603
evaluation,2085,15284;10979;15226;40208;31174;59456;20700;41902;96822;43406
evaluation,2086,91862;41564;71674;8735;52698;98439;15088;5298;64674;40338
evaluation,2087,29108;5330;89808;94877;19680;19828;72954;26810;7472;98966
evaluation,2088,31850;39044;2178;31950;7795;37602;47562;16204;54538;63692
evaluation,2089,5766;34988;29872;97920;38112;55450;59432;89944;19376;1695
evaluation,2090,98702;4688;65198;89798;90013;41368;61174;19742;19968;98166
evaluation,2091,53346;11133;54306;9526;9622;28896;28930;58894;34856;67530
evaluation,2092,12352;13068;754;512;18954;48242;6767;2430;70068;24652
evaluation,2093,76423;71644;98504;45596;21516;87476;35166;62994;8943;78994
evaluation,2094,41564;26478;40338;5298;90647;14171;80264;11716;91862;41382
evaluation,2095,82520;7504;6006;27818;16027;80490;5895;13116;9900;80668
evaluation,2096,2068;98102;91243;96603;78930;54564;8607;92050;98424;25600
evaluation,2097,27842;59286;81446;27371;2783;91460;59542;84520;53286;48952
evaluation,2098,80942;47782;18646;74050;8474;18803;83208;30134;40208;38482
evaluation,2099,17368;81170;92190;55576;60282;70338;39308;83741;83094;93408
evaluation,2100,18184;23804;7386;71108;40597;4904;29122;18546;34102;83614
evaluation,2101,68248;76234;75584;84660;68916;51787;48216;85578;89262;47618
evaluation,2102,75986;26478;85936;77756;27370;19798;79818;33522;9918;88586
evaluation,2103,31412;2190;50484;34102;26052;67380;16428;50954;58574;58498
evaluation,2104,68020;22458;4854;23116;4428;99498;42918;24142;15966;86891
evaluation,2105,96238;94304;90550;90786;43091;56558;81840;46516;14279;6552
evaluation,2106,86378;62790;17999;26412;13886;79076;48392;22596;8108;13250
evaluation,2107,89352;37356;98240;9826;48504;41536;9780;32554;880;656
evaluation,2108,88526;68332;62112;62694;48050;18699;55882;89838;89240;99539
evaluation,2109,21650;68728;8106;8532;11150;8870;11108;13630;26412;62790
evaluation,2110,99031;19767;40286;19967;87902;6994;33332;99030;18346;21162
evaluation,2111,68248;76234;84660;68916;75584;51787;89262;48216;5354;85554
evaluation,2112,68020;15363;64053;4854;23116;99498;42918;4428;15966;1854
evaluation,2113,93953;97820;96000;13574;8510;17756;55830;8322;52271;5816
evaluation,2114,89352;62330;9826;66634;37356;41536;8540;14068;47084;10872
evaluation,2115,8320;8480;51792;15205;2092;20700;41902;13900;16650;63472
evaluation,2116,96876;9170;16940;7284;90275;75208;81064;98276;31584;59964
evaluation,2117,25236;99538;88748;88526;50208;9648;89838;7536;24686;22494
evaluation,2118,68248;76234;68916;84660;75584;89262;51787;19336;55641;55310
evaluation,2119,58240;56174;83674;30640;25026;3292;78994;80744;35808;65989
evaluation,2120,32112;80744;780;80858;3292;88844;98702;78994;30640;77932
evaluation,2121,93953;97820;96000;17756;8510;8322;55830;13574;52271;5816
evaluation,2122,43176;96822;7760;40208;15205;8158;27908;2;7198;15284
evaluation,2123,76764;75516;88748;39949;39640;83398;39419;31510;99538;93772
evaluation,2124,46132;18699;89838;11702;88748;97576;99539;22494;32016;70228
evaluation,2125,80338;5920;12632;8163;98210;17819;632;95801;21948;90148
evaluation,2126,15880;98950;99570;24806;69012;88603;39424;57705;45000;10014
evaluation,2127,73722;89872;96988;74757;43992;11756;39419;96473;88170;50954
evaluation,2128,88526;40373;62694;62112;63910;18699;55930;97654;6136;68332
evaluation,2129,91918;91890;89932;89917;9170;93591;94434;46814;22030;81064
evaluation,2130,68248;76234;75584;84660;51787;47618;19468;78380;13084;68916
evaluation,2131,30644;34013;33030;24712;31366;37750;32394;31838;29858;48140
evaluation,2132,66330;23894;98080;75920;75098;71461;8478;74352;74010;87896
evaluation,2133,29402;18642;31772;86378;6886;6690;880;9738;6574;6930
evaluation,2134,62182;50480;44490;244;49848;38834;74256;81840;34814;34838
evaluation,2135,89352;37356;9826;98240;9780;32554;48504;41536;17280;880
evaluation,2136,60282;56742;31370;39308;18388;51546;36472;82044;13892;31634
evaluation,2137,91918;91890;89917;80408;89932;95801;3994;17819;8163;9170
evaluation,2138,13084;59164;59260;13734;59256;55776;84206;1094;76874;19336
evaluation,2139,6362;6420;25580;71218;6824;8250;6868;62392;55619;39509
evaluation,2140,78552;47878;97124;20376;79328;25296;33556;5828;5610;1386
evaluation,2141,98810;18640;67638;13610;22248;22620;66622;64852;30674;51894
evaluation,2142,490;57644;48576;4908;47934;5620;41779;16666;6150;3351
evaluation,2143,18726;18932;46960;18958;51650;31850;28019;18602;65581;26285
evaluation,2144,91918;91890;89917;89932;80408;8163;22030;94748;95801;9170
evaluation,2145,63282;63343;94954;25047;49120;43354;35478;28536;37636;37228
evaluation,2146,79328;78552;15464;97124;28572;47754;91026;47878;70403;13978
evaluation,2147,83592;85540;9995;84620;36344;35836;73826;72686;82310;38092
evaluation,2148,86754;13044;94846;50746;94434;60356;12632;83088;21948;98276
evaluation,2149,63434;19034;17770;19314;12694;11166;84756;21636;15268;8990
evaluation,2150,29402;18642;31772;6886;22596;27076;39036;40338;48392;19150
evaluation,2151,39308;60282;92190;55576;81170;83094;40597;2734;20360;78972
evaluation,2152,80408;68280;86647;90119;22030;8163;90275;75176;95801;75354
evaluation,2153,78994;89826;63346;87714;74836;82700;69818;42716;21162;86082
evaluation,2154,68248;76234;75584;51787;84660;47618;19468;19336;13084;68916
evaluation,2155,66330;47707;92670;80509;74599;63951;12968;86011;87896;4358
evaluation,2156,78819;78833;86459;76769;5946;19767;48690;44770;40802;18896
evaluation,2157,3518;19990;96944;16226;52698;16952;49872;702;60;96418
evaluation,2158,44490;62182;41484;62580;244;1098;38834;17902;90150;74256
evaluation,2159,3518;16952;96944;52698;19990;96418;702;27626;49872;16420
evaluation,2160,75994;1968;54466;97516;82729;33626;96404;46864;23100;8706
evaluation,2161,56728;7386;41943;18546;88660;56882;49838;58108;48360;26919
evaluation,2162,6690;6886;6574;48392;18642;29402;3204;22596;584;62790
evaluation,2163,4781;49208;31412;26919;38960;78164;28970;13768;90275;28988
evaluation,2164,97259;98276;96876;97806;90119;16940;41472;80338;12632;99952
evaluation,2165,28376;41092;75858;30134;37220;36288;37654;684;26744;3378
evaluation,2166,68248;76234;75584;84660;68916;51787;47618;48216;85578;13084
evaluation,2167,19004;19852;53628;53357;98002;82952;9443;20782;14646;85936
evaluation,2168,83598;83556;2500;62944;63450;99681;87106;20006;8214;82944
evaluation,2169,94877;62182;8846;62580;9104;44490;3812;244;8772;96169
evaluation,2170,24980;18699;32016;89838;22494;83741;97662;97312;97576;69878
evaluation,2171,6554;21650;24476;7627;13462;6450;7170;6743;1434;7659
evaluation,2172,28376;41092;37654;36288;26744;56922;37220;16278;64716;30134
evaluation,2173,69394;97124;6066;47754;79328;15464;70192;60336;56322;522
evaluation,2174,45174;49980;29186;41568;81494;95825;64288;72187;82398;65584
evaluation,2175,9520;4776;79266;38532;17287;31210;84520;10056;45875;72932
evaluation,2176,86459;2660;76769;44770;28032;48690;98702;13766;92854;81778
evaluation,2177,88670;88561;84164;6362;10795;91960;6420;47618;13976;13734
evaluation,2178,39192;26356;61020;86312;42580;47748;52588;10150;47278;75596
evaluation,2179,79764;46797;54640;99344;62528;46700;57629;54670;47312;58975
evaluation,2180,52224;80572;22020;9398;35530;90028;96344;7802;85698;20814
evaluation,2181,63434;17502;17770;19314;15268;26514;29160;13978;24120;19034
evaluation,2182,170;53707;75292;34690;91254;17474;94272;30842;68006;91242
evaluation,2183,88670;84164;88561;83702;6420;6362;91960;90098;86459;10795
evaluation,2184,44130;1060;3730;36010;37067;16452;5272;70630;98962;17714
evaluation,2185,48695;93922;12154;16674;59807;34320;27002;16590;60112;86870
evaluation,2186,71462;17778;15768;70932;61600;46758;20744;2816;25974;9146
evaluation,2187,11702;99539;88748;89240;13696;63862;90635;62222;62112;86224
evaluation,2188,81268;50031;51174;55450;51564;97920;90452;62162;9952;56161
evaluation,2189,55549;39760;83992;11592;39831;56106;44714;53628;11808;44354
evaluation,2190,11702;88748;86224;62112;60098;99539;97530;4708;90635;13696
evaluation,2191,7386;64986;56728;8812;68102;97530;52946;15358;66866;83741
evaluation,2192,93393;81145;74006;60858;49986;11494;83412;99952;87370;17102
evaluation,2193,31594;26438;59046;32129;13386;11696;25309;18278;31778;87894
evaluation,2194,93372;27810;76460;80338;2175;13182;8982;15824;99780;16406
evaluation,2195,1205;3020;4904;37360;57705;61806;49413;23890;60806;78846
evaluation,2196,86394;75208;86754;95801;94748;75354;89917;89932;89557;8163
evaluation,2197,47950;83140;68332;48106;93772;70228;39843;16990;69356;68296
evaluation,2198,68332;56424;62246;97576;82716;68296;88748;25178;89240;32016
evaluation,2199,55576;69878;24874;62400;18699;39640;99539;78164;83741;39949
evaluation,2200,92190;13748;47950;5536;9332;3262;13500;31650;2398;8200
evaluation,2201,62112;39105;83741;88526;7386;24906;52946;62694;60282;51546
evaluation,2202,97662;64940;93772;34160;40614;68332;62694;83140;71119;68296
evaluation,2203,39936;99538;83741;32294;75516;50208;39576;76764;39416;51546
evaluation,2204,62112;24906;74108;39105;88526;11702;97576;4904;62104;83741
evaluation,2205,13696;83904;88526;68332;56258;62694;60282;62112;39105;97576
evaluation,2206,39224;39308;56099;71174;7386;62112;51546;99539;39105;24686
evaluation,2207,32814;19831;17484;76618;4904;66866;62112;69760;23382;18302
evaluation,2208,90306;43146;90635;23380;94434;29410;71119;62738;71200;90025
evaluation,2209,1310;7627;87590;19546;37800;2979;6886;2653;12782;1118
evaluation,2210,60098;25668;34906;30563;32380;55930;1088;56099;61238;97312
evaluation,2211,51564;50031;9952;90452;25155;81268;56161;97920;55450;62162
evaluation,2212,15709;71470;22262;16116;71330;84858;52631;52329;87576;45875
evaluation,2213,35922;61600;77034;25974;12544;30842;71462;28023;5375;61636
evaluation,2214,49240;99796;8044;93312;73493;3110;65981;82592;31162;32936
evaluation,2215,15768;25974;52750;950;77034;95990;1727;5280;11372;4250
evaluation,2216,78930;78752;76453;69164;67560;98424;81074;87093;2068;98102
evaluation,2217,74599;80509;50812;51174;483;41854;97920;6732;52452;63733
evaluation,2218,24874;39944;71043;24988;64536;55576;89240;61238;56099;97654
evaluation,2219,86647;90275;90119;11780;80338;8163;11438;80408;22030;75176
evaluation,2220,60356;1758;94846;12632;3020;46784;58050;11628;50746;59982
evaluation,2221,724;1268;87516;49174;84206;62066;24204;90605;18775;35124
evaluation,2222,53357;19852;19004;44354;4762;18792;13320;9443;35326;55388
evaluation,2223,55964;14366;8250;83702;14150;76234;13212;3110;5946;75584
evaluation,2224,27842;15224;87127;90550;12242;17963;2783;18805;24638;25574
evaluation,2225,99384;6056;6538;46960;49452;41040;66080;22587;87540;35508
evaluation,2226,28118;27456;94989;52462;25126;32356;58388;32160;13023;25022
evaluation,2227,17502;63434;17770;26514;29160;13484;28962;24120;82388;1205
evaluation,2228,37636;56930;49120;94954;63343;63282;37228;25047;41570;35478
evaluation,2229,11366;11106;11300;13190;45542;42810;54086;12834;2480;41770
evaluation,2230,57048;2774;96056;5902;94560;46516;54258;95586;56426;78130
evaluation,2231,44490;244;45460;38834;5626;22500;28622;94877;74256;62182
evaluation,2232,21024;21436;26820;21490;22818;22960;3154;5078;75960;1046
evaluation,2233,76962;91322;80942;17382;28034;910;73112;19514;77170;10830
evaluation,2234,702;96418;16952;3518;19990;16226;5002;16420;5382;7914
evaluation,2235,40916;45102;53198;59130;46160;50290;60650;52272;46868;60646
evaluation,2236,10979;1146;5174;9606;60251;13752;38812;11487;760;81948
evaluation,2237,81085;62466;77109;40276;87297;36304;87450;41570;65377;39440
evaluation,2238,62110;71043;58632;56099;32016;20427;62246;89240;17102;99539
evaluation,2239,34988;24043;51802;29872;31790;18018;3068;5714;39401;89956
evaluation,2240,98276;99952;97259;96876;89140;36503;97806;16940;12632;49986
evaluation,2241,11780;11438;11030;10800;10720;47950;1148;11194;64916;80338
evaluation,2242,75516;88748;83398;76764;39419;39640;31510;4708;39949;83741
evaluation,2243,41092;69818;26744;37220;56922;28376;36288;98245;37654;79328
evaluation,2244,19850;18780;23790;19254;39008;22144;19576;19132;92410;94997
evaluation,2245,57048;2774;96056;5902;46516;94560;54258;78130;95586;56426
evaluation,2246,10772;10988;10663;92286;9616;91540;8360;14960;41864;654
evaluation,2247,71934;3264;3040;47994;48400;81328;32916;3560;65974;98731
evaluation,2248,21362;2047;77368;77960;20044;88296;84162;16044;97120;46412
evaluation,2249,33522;77756;45886;75986;48832;68262;33016;20418;9918;88586
evaluation,2250,86378;22698;13886;25578;18642;87715;26412;19738;6150;17280
evaluation,2251,51564;55450;50812;51174;72856;50031;24043;56161;9952;25155
evaluation,2252,46964;82284;15200;9074;23338;9388;19107;15452;15224;74816
evaluation,2253,68248;76234;75584;84660;68916;51787;48216;19336;89262;47618
evaluation,2254,88296;46412;21362;8648;84162;5149;22718;44794;22739;88772
evaluation,2255,45844;97210;37422;42864;12946;15040;13218;7348;43792;10426
evaluation,2256,97920;56161;56112;66098;31790;80509;51564;60184;6732;55450
evaluation,2257,62466;77109;81085;35268;41570;36304;40276;87297;65377;24679
evaluation,2258,46928;15226;15284;41902;96822;23526;7760;27908;31174;2092
evaluation,2259,40916;52272;45102;53198;59130;46160;60650;46868;50290;60646
evaluation,2260,12352;754;13068;45460;4175;58094;13848;94304;43012;7798
evaluation,2261,17028;73666;28716;72940;85678;71238;53500;67510;29888;11974
evaluation,2262,14430;20700;8320;15205;13900;10424;14716;41902;2092;20974
evaluation,2263,81840;90550;94877;26810;83036;72954;84024;21528;96238;89808
evaluation,2264,3668;31945;47818;32340;19607;89352;31330;32748;47801;12248
evaluation,2265,86378;19738;13886;26412;9738;22698;71230;17723;17798;25578
evaluation,2266,19320;46132;83094;47896;88526;62112;84324;25178;36472;97662
evaluation,2267,47878;47754;91026;70192;97124;58584;574;79328;56922;90942
evaluation,2268,73231;12347;16027;94068;54211;20006;21712;62944;49840;20782
evaluation,2269,46476;50512;85138;69394;13422;89536;11782;4528;49344;43091
evaluation,2270,40916;45102;53198;52272;59130;46160;60650;46868;50290;71882
evaluation,2271,64852;98810;11372;3792;67552;398;85584;42554;85027;79973
evaluation,2272,77109;62466;40276;81085;39440;36304;87297;87450;36234;47720
evaluation,2273,87274;31379;33463;1660;44446;82604;398;85027;16114;26350
evaluation,2274,56742;39308;92190;60282;13252;17368;12694;81170;55576;17770
evaluation,2275,72000;90720;65370;32160;34504;52462;13154;32356;32120;99464
evaluation,2276,68248;76234;75584;68916;84660;89262;51787;48216;47618;85578
evaluation,2277,59060;37282;18726;44354;18932;79596;55388;83840;56094;56024
evaluation,2278,90532;34628;64533;42248;948;57558;9103;49202;20350;29716
evaluation,2279,63949;64484;97962;92644;93968;72594;64021;52256;25162;95240
evaluation,2280,40916;45102;53198;46160;59130;60650;52272;46868;50290;60646
evaluation,2281,91852;4960;5570;4946;45206;96150;58602;96328;53912;76932
evaluation,2282,9520;17287;79266;31210;45875;4776;10056;4255;43792;38532
evaluation,2283,8870;34340;43360;44284;6893;98192;68728;80470;6886;13084
evaluation,2284,68248;76234;84660;51787;75584;68916;89262;55310;55641;19336
evaluation,2285,76886;76874;13212;96456;19012;76769;9762;82520;28134;13320
evaluation,2286,13670;5610;85578;84660;5619;26364;11828;5618;5828;5676
evaluation,2287,68248;55310;76234;55641;29131;68916;89262;51787;84660;59280
evaluation,2288,99768;16622;30629;1366;35836;45339;35922;27482;61184;15846
evaluation,2289,44031;18532;13832;17864;18368;16493;13276;15053;15876;23078
evaluation,2290,94662;93798;94732;28572;90350;34766;33328;74045;6536;3264
evaluation,2291,44031;17864;14279;13832;15053;33824;14024;55271;18368;17858
evaluation,2292,59096;98731;10314;93798;71934;3040;19310;3264;98700;98636
evaluation,2293,21100;41660;45206;62696;22360;11528;442;17546;74800;46058
evaluation,2294,77326;63652;23726;10682;1153;11891;79990;10740;87388;36094
evaluation,2295,24043;27682;39382;5714;34988;41854;39401;66098;57520;18018
evaluation,2296,72686;35836;12322;83592;61528;34762;1366;24250;12290;58684
evaluation,2297,91918;91890;89917;89932;80408;95801;8163;22030;21948;94748
evaluation,2298,61190;53714;13752;79576;38812;82728;54282;53198;85002;23576
evaluation,2299,91918;91890;89917;89932;22030;95801;94570;8163;81064;90148
evaluation,2300,12864;59166;57596;58776;63242;49748;12197;1670;12254;98810
evaluation,2301,55450;50812;97920;29872;59432;72526;38112;1695;81268;80018
evaluation,2302,19314;39214;59656;63434;55587;19034;11166;77624;19119;27886
evaluation,2303,26810;19680;88944;88918;19828;5912;52982;26994;4732;53164
evaluation,2304,96418;86574;702;73849;3518;16420;60;74004;80952;76816
evaluation,2305,40916;45102;59130;53198;46160;60650;60646;50290;52272;46868
evaluation,2306,21100;41660;45206;4276;22360;74800;46058;11528;96150;10768
evaluation,2307,49188;44954;45026;29186;38532;12558;30359;32960;46022;9520
evaluation,2308,89506;81382;27876;8270;21700;34484;40286;23872;6851;79596
evaluation,2309,59656;39214;19314;17770;41536;56162;5862;55587;19119;24120
evaluation,2310,97920;66098;56161;81268;51174;55450;51564;60184;56112;83194
evaluation,2311,76268;40244;48486;6136;71119;44067;40373;53215;22982;4750
evaluation,2312,89899;43528;21694;48736;47806;69106;9928;63343;11756;10062
evaluation,2313,13068;12352;24652;58094;43012;13944;45460;3558;512;754
evaluation,2314,10998;93744;90;50012;21426;4699;58584;13614;15464;54846
evaluation,2315,21362;20044;2047;97120;13958;77368;14770;39509;77960;29674
evaluation,2316,28376;41092;36288;75858;37654;26744;37220;93258;28492;32704
evaluation,2317,95278;59060;99821;54109;2026;48184;5956;54924;42495;54802
evaluation,2318,86180;77520;87618;82041;88461;88702;77931;81046;88576;87710
evaluation,2319,7670;26855;27448;20210;11952;429;12854;75844;11684;53476
evaluation,2320,63434;17502;39214;14296;19314;88611;24120;10872;59656;19034
evaluation,2321,99324;69106;43354;31658;91580;74396;85328;10096;32750;14072
evaluation,2322,68248;76234;84660;75584;68916;47618;51787;48216;19336;89262
evaluation,2323,14062;89899;11756;71866;48736;85328;21694;63343;50218;10062
evaluation,2324,71230;87715;29874;22499;25578;28938;8556;82927;25076;584
evaluation,2325,78532;25282;61982;96134;62428;75452;8134;37608;18626;55678
evaluation,2326,90550;20350;54678;21528;14828;17630;61784;15128;89340;26810
evaluation,2327,48695;612;12154;24568;13038;23032;21470;21971;34320;97111
evaluation,2328,62110;71043;56099;89240;71174;32016;24686;56258;63862;97654
evaluation,2329,424;71215;47971;11014;63598;86008;2054;29250;14550;3518
evaluation,2330,89899;48736;11756;32750;10062;21694;14062;9928;79646;47806
evaluation,2331,45342;21515;8896;39509;15481;26524;55619;7504;45498;75752
evaluation,2332,49297;40406;85998;88196;40594;39926;58056;36600;5040;44574
evaluation,2333,45872;46476;71690;27108;49344;49981;39386;97742;56998;56474
evaluation,2334,12910;15528;69024;85390;83704;98700;36390;89462;1698;96584
evaluation,2335,84164;88561;88670;91960;10795;6420;47618;6362;6851;83702
evaluation,2336,9578;35592;10056;65717;13980;1071;14612;33971;30316;10387
evaluation,2337,3690;20550;41660;72954;66622;61228;442;26810;75670;7648
evaluation,2338,68248;76234;84660;75584;68916;51787;48216;47618;5354;89262
evaluation,2339,47454;51806;31802;96422;79030;19967;7216;79044;18814;51448
evaluation,2340,63434;19314;19034;55587;17770;6690;34972;17502;4416;39214
evaluation,2341,13000;2570;9230;9130;8796;9464;8190;93456;2568;11967
evaluation,2342,65370;82350;25102;25022;89894;27700;30536;76024;28960;29446
evaluation,2343,4699;10998;21042;90145;86826;15006;81534;86628;300;32716
evaluation,2344,88918;88944;94877;81840;58920;82338;90550;53122;53164;26943
evaluation,2345,63044;29594;79120;43071;53040;6876;95318;92826;10972;3518
evaluation,2346,14062;91580;11756;98192;5068;50218;74396;6324;50070;87314
evaluation,2347,63282;63343;43354;49120;28536;82150;94954;37228;35478;25047
evaluation,2348,9730;40266;28310;19172;45178;83872;56542;39660;64943;73112
evaluation,2349,63434;19314;19034;17502;39214;55587;17770;6690;34972;13500
evaluation,2350,89899;48736;11756;10062;32750;21694;14062;9928;79646;47806
evaluation,2351,29108;90550;45341;98966;68060;67244;96238;81840;94877;74256
evaluation,2352,90550;89340;14828;90532;20350;5598;23674;21528;83036;76816
evaluation,2353,19680;25786;93094;89808;19828;31162;7500;37146;52982;21656
evaluation,2354,35462;39820;13016;9111;78154;23550;78590;13766;61174;70600
evaluation,2355,97452;26478;75986;77756;68262;57048;62806;16080;56024;58990
evaluation,2356,33165;24236;63652;4210;26886;31264;32734;7988;95621;92856
evaluation,2357,14062;89899;11756;44279;32750;44266;91580;48736;6324;10062
evaluation,2358,55450;50812;97920;51174;66098;56161;51564;29872;63733;38112
evaluation,2359,34814;90534;77080;35155;74256;72686;75668;17160;53284;32734
evaluation,2360,78833;78819;86459;76769;48690;18896;10454;44770;2660;92854
evaluation,2361,65968;55652;1146;81948;9606;21280;47926;15394;23316;11070
evaluation,2362,3679;44518;82388;69562;27600;27838;16234;67979;12710;59132
evaluation,2363,19196;12710;44518;82388;49396;27838;84776;896;69562;3679
evaluation,2364,47754;78552;97124;26744;24854;17816;29160;46142;98042;33556
evaluation,2365,31392;72000;31142;99464;82920;50491;25126;90720;58388;32356
evaluation,2366,16166;25622;16434;17022;30640;16892;14035;14882;16176;92214
evaluation,2367,4699;21042;10998;86826;90145;15006;81534;300;32716;86628
evaluation,2368,40916;45102;53198;59130;46160;60650;52272;46868;50290;60646
evaluation,2369,52604;69263;68487;56371;90436;39314;67790;68590;14518;3510
evaluation,2370,64050;72320;42458;6767;17486;88896;752;35968;8214;74196
evaluation,2371,59102;58882;2315;77445;70131;81186;19634;11524;26550;9034
evaluation,2372,44067;6136;56882;48486;44904;66560;76268;56302;53215;25610
evaluation,2373,99768;16622;15546;1366;45339;16128;30629;27482;16914;15924
evaluation,2374,17287;79266;9520;31210;45875;10056;4776;43792;4255;42864
evaluation,2375,94662;10314;93798;86180;83820;98636;2870;89151;97758;98042
evaluation,2376,39509;76234;75584;68248;16600;81382;75858;86459;51787;76642
evaluation,2377,15709;16116;71470;84858;22262;71330;51885;52588;52631;72527
evaluation,2378,44490;62182;87036;51576;8772;30447;23096;40635;244;10822
evaluation,2379,57314;1360;37750;51872;86396;15354;3816;4176;12951;63044
evaluation,2380,40244;98282;34298;40373;91996;5498;36918;13182;21870;62112
evaluation,2381,84340;19196;85667;85002;79576;3679;85087;84776;12710;21046
evaluation,2382,68020;98584;47934;4854;49339;77730;94065;20086;22996;50510
evaluation,2383,14778;63085;63704;12322;3662;72686;4020;35836;42563;49324
evaluation,2384,38248;12254;45225;12197;36210;12211;49980;85574;9890;42790
evaluation,2385,2290;93456;1736;8796;1118;8540;1434;14296;13000;2570
evaluation,2386,47806;10062;89899;69106;11756;7226;9928;71866;48736;85328
evaluation,2387,40244;21870;21886;13182;40373;34160;31686;34298;40772;25178
evaluation,2388,78532;61982;25282;96134;40278;62428;8134;9932;75452;37608
evaluation,2389,70514;91582;39578;6013;64940;98180;31132;18699;26052;49587
evaluation,2390,87297;24679;77109;36304;44194;87450;62466;66595;56162;40276
evaluation,2391,98204;98075;90025;63910;25610;41068;58108;32642;32646;46748
evaluation,2392,20108;36984;90500;79516;8333;84576;45856;71108;25178;13182
evaluation,2393,68248;76234;75584;84660;68916;48216;5354;85554;89262;51787
evaluation,2394,59096;98731;93798;3040;71934;10314;98636;89151;48400;97758
evaluation,2395,6994;99031;10000;19767;19967;86372;47092;94428;59944;33332
evaluation,2396,78833;5946;78819;76769;50749;7048;86459;8648;10454;18896
evaluation,2397,95268;12616;42260;2870;90013;41368;2654;89798;13016;5786
evaluation,2398,32750;6324;44266;68040;50218;44279;89899;40344;47806;66595
evaluation,2399,72000;52462;99464;32160;31142;25126;32120;32270;50491;34504
evaluation,2400,77326;63652;23726;1153;10682;11891;79990;9212;10740;87388
evaluation,2401,77100;71215;28878;29250;29490;3518;424;86008;63598;23752
evaluation,2402,87274;33463;31379;16114;9254;44446;1660;82604;26350;32284
evaluation,2403,67996;68136;4408;74424;12862;26164;24728;5748;57558;71240
evaluation,2404,50218;32750;6324;48736;70288;39286;44266;44279;70214;69958
evaluation,2405,38706;96246;69801;47532;97810;25442;15709;97724;29438;78760
evaluation,2406,48782;77100;9488;23752;42618;71215;29250;19613;28878;43938
evaluation,2407,68020;15363;64053;23116;42918;99498;4428;15966;22458;71461
evaluation,2408,25178;8333;45856;84576;71108;90500;83614;33184;53215;1088
evaluation,2409,35014;95865;66098;33598;25002;60340;66106;76880;74599;88614
evaluation,2410,87297;36304;44194;77109;24679;62466;87450;56930;66595;80810
evaluation,2411,17394;19794;56460;8175;87520;61784;17632;58924;74555;15419
evaluation,2412,28376;41092;56922;90350;98245;37220;30134;37554;53056;97758
evaluation,2413,65974;23092;32916;81328;73026;18608;36804;14760;11198;66680
evaluation,2414,73908;71882;70576;69794;88358;11960;14132;55652;64345;89506
evaluation,2415,56424;61238;89232;19339;18184;26506;6086;42326;25610;32050
evaluation,2416,63862;84834;98104;99539;62110;89240;11702;71043;90476;56099
evaluation,2417,34013;30644;27117;31366;94242;94092;27386;29858;12740;88676
evaluation,2418,38756;37623;39322;37964;48919;11308;54306;48228;67668;64745
evaluation,2419,73908;71882;14132;88358;55652;70576;69794;64345;11960;21280
evaluation,2420,24874;90498;91996;25176;64552;24988;5498;55576;24616;41068
evaluation,2421,56302;48486;44904;44067;56882;3670;33222;66560;18184;25176
evaluation,2422,32444;31850;67790;39044;37282;68487;7795;36390;2178;26032
evaluation,2423,36094;84704;26328;80112;6204;26886;86002;7988;81893;9212
evaluation,2424,31850;39044;37602;7795;2178;16204;31950;97814;54538;47562
evaluation,2425,39640;97662;39949;99538;17368;89838;75516;22494;32294;97576
evaluation,2426,34298;40244;5498;40373;91996;98282;13182;62112;25178;98180
evaluation,2427,30134;37554;28376;41092;56922;36288;37654;93258;16278;98245
evaluation,2428,89870;89658;86082;88846;42467;87902;22739;63346;42716;89826
evaluation,2429,59060;55916;20828;65974;33030;13890;18932;18726;14160;19128
evaluation,2430,3378;95932;63455;76962;77726;16987;48420;28034;55349;64522
evaluation,2431,87297;24679;87450;77109;36304;44194;80810;67992;62466;48154
evaluation,2432,56930;37636;45688;66595;44194;32750;87297;36304;89872;44279
evaluation,2433,19852;19004;58990;56964;98002;71480;52340;28818;44354;55388
evaluation,2434,21042;15006;10998;90145;4699;14181;86826;300;68558;81534
evaluation,2435,73908;71882;70576;69794;14132;55652;64345;88358;11960;65968
evaluation,2436,98204;48360;98075;73722;25610;32642;32646;41068;98180;56786
evaluation,2437,19852;19004;98002;53357;16080;12854;31550;18792;9443;66840
evaluation,2438,52604;68590;56371;96060;19620;96718;55806;20248;28740;39314
evaluation,2439,88526;62112;62694;90635;68332;48548;99539;48050;20470;83094
evaluation,2440,97662;39640;97576;89838;32294;39949;22494;75516;18699;39576
evaluation,2441,32170;72210;70858;71370;77872;70896;70838;70942;6646;40444
evaluation,2442,8208;8624;8358;79492;7770;7820;77480;16658;96922;8607
evaluation,2443,93456;13986;14296;1118;9100;1434;49297;12694;19114;14592
evaluation,2444,40244;34298;36918;40373;91996;98282;6136;56336;48486;13182
evaluation,2445,4699;300;10998;15006;21042;90145;86826;14181;234;68558
evaluation,2446,57048;5902;2774;7952;95586;68487;67110;34454;96056;4628
evaluation,2447,29250;9488;29490;424;71215;50186;21652;2054;7004;3518
evaluation,2448,98094;93488;10646;91890;91918;90148;94748;89917;95801;60592
evaluation,2449,90720;32160;72000;25126;52462;99464;34504;31142;13540;32120
evaluation,2450,39640;24874;18699;39949;75516;99538;93772;76764;88748;39576
evaluation,2451,31850;90647;39044;7795;2178;37602;31950;47562;16204;30376
evaluation,2452,91580;3068;14062;11756;97577;98192;57078;50070;3248;89956
evaluation,2453,87297;36304;62396;32080;24679;70214;77109;41570;56930;44279
evaluation,2454,62110;97576;88748;48050;24906;89240;32642;63862;56258;32016
evaluation,2455,62396;70214;32080;35478;37636;56930;70498;44279;69958;28972
evaluation,2456,90145;15006;4699;21042;10998;86826;300;81534;21484;86628
evaluation,2457,73908;71882;70576;69794;88358;55652;14132;64345;11960;89506
evaluation,2458,67262;86618;91852;4960;5570;20814;10342;86580;90028;26434
evaluation,2459,83818;83904;98075;98204;25610;83981;56424;96473;22502;31412
evaluation,2460,86621;24712;48140;77615;25462;43010;40208;34874;58331;52772
evaluation,2461,91580;43354;39286;86654;14062;98192;57078;5068;35000;99089
evaluation,2462,98192;74396;30194;39286;43354;30904;91580;99020;12992;69106
evaluation,2463,62396;35478;32080;70214;70498;56930;37636;41570;82150;69958
evaluation,2464,10646;98094;93488;23216;93591;89917;84240;98376;90148;89557
evaluation,2465,98210;83025;98960;98376;86754;93591;86394;94570;89932;8163
evaluation,2466,40244;40373;5498;40772;13182;98282;34298;21870;43570;50180
evaluation,2467,64050;72320;42458;9308;65354;95030;6767;93524;94646;29514
evaluation,2468,40244;40373;21870;13182;40772;21886;34298;83981;5498;98282
evaluation,2469,41092;56922;28376;37654;37220;16278;26744;30134;27780;37554
evaluation,2470,32170;70858;70838;71370;70896;70942;72210;6646;9523;77872
evaluation,2471,67200;68470;81696;66952;94218;70506;33416;85308;57778;26090
evaluation,2472,93456;1118;13236;13368;21650;9100;8796;8540;13986;14296
evaluation,2473,91918;91890;89917;89932;80408;95801;22030;8163;21948;94748
evaluation,2474,62466;87297;77109;87450;56162;81085;24679;31946;67992;36304
evaluation,2475,56930;32080;70214;37636;35478;62396;41570;70498;69958;43528
evaluation,2476,37636;56930;44279;45688;87297;36304;35478;44266;73722;89872
evaluation,2477,98094;93488;91918;91890;10646;94434;23216;93591;98072;94748
evaluation,2478,1030;42101;52208;3608;29418;24434;83688;8556;3352;40858
evaluation,2479,89894;30536;28960;27700;29446;82350;65370;96797;25102;25022
evaluation,2480,39936;6103;92190;62322;88748;51294;47950;97662;97576;1310
evaluation,2481,98094;93488;10646;95801;94748;98376;91918;10720;91890;86394
evaluation,2482,82682;17052;5844;1342;85552;19526;85088;15419;66875;66765
evaluation,2483,7276;12764;3944;98272;11419;35960;36908;43462;6552;35018
evaluation,2484,25368;4838;93114;68262;14551;98344;34791;11506;33792;64021
evaluation,2485,91500;66160;66928;59636;35960;12764;7276;91588;6828;43597
evaluation,2486,99756;47748;54118;5086;61020;86510;52588;13018;52329;60955
evaluation,2487,88748;58632;16406;39843;99539;71174;22982;48050;24686;62110
evaluation,2488,79516;84576;71108;90500;20108;36984;64552;90498;64051;25178
evaluation,2489,98075;25610;98204;49838;83981;48360;42326;6086;18546;19339
evaluation,2490,26506;25668;84576;32759;64552;61238;42326;18184;19339;25514
evaluation,2491,63910;55930;56786;98312;64940;6198;64536;90712;48589;56336
evaluation,2492,47878;47754;70403;78130;78552;79328;13978;32871;50012;65568
evaluation,2493,52604;56371;69263;19138;86180;86694;31764;6536;20248;19620
evaluation,2494,57884;1424;76082;2772;59944;94428;83907;47092;1442;86372
evaluation,2495,71154;90498;44904;25178;48486;6136;57868;83168;56882;32642
evaluation,2496,52588;47748;5086;53958;70736;60955;52329;9916;64752;9012
evaluation,2497,17422;1348;7472;29186;2868;3438;27124;14147;22683;5330
evaluation,2498,46784;60356;46752;3668;1788;23214;96308;3020;32598;95769
evaluation,2499,4960;91852;96328;45206;4276;95304;85138;4946;5570;96150
evaluation,2500,86891;120;17028;60646;250;98080;9274;38524;102;46868
evaluation,2501,32080;56930;41570;37636;70214;48154;62396;44279;45688;66595
evaluation,2502,87314;28988;91580;98192;35246;13840;14062;92918;39286;98492
evaluation,2503,88748;99539;71174;39308;32380;58618;48050;32016;58632;24686
evaluation,2504,40244;34298;40373;13182;91996;98282;21886;5498;21870;40772
evaluation,2505,28376;41092;37654;56922;37220;30134;26744;53058;16278;684
evaluation,2506,1146;9606;81948;15394;68248;47926;3174;46616;11070;13084
evaluation,2507,76563;26528;88972;96484;77028;56400;12079;16215;32416;21090
evaluation,2508,9606;1146;81948;65968;47926;55652;24782;3174;15394;11580
evaluation,2509,71882;73908;70576;88358;14132;69794;55652;64345;21280;11960
evaluation,2510,70403;4762;47754;47878;33556;78130;48610;3859;5206;14780
evaluation,2511,52604;68590;96060;56371;96718;62912;20248;14882;71010;72334
evaluation,2512,8264;8190;39820;9116;8512;33196;54908;14592;86891;4088
evaluation,2513,424;48782;71215;6751;76944;61608;63598;29250;11014;3518
evaluation,2514,51294;6103;92190;39936;62322;45236;62222;1310;5536;19546
evaluation,2515,72000;31142;99464;32160;90720;32120;32270;34504;78402;29446
evaluation,2516,9293;90712;9310;55930;48589;41068;63910;64916;6136;98312
evaluation,2517,99539;11702;88748;62110;89240;63862;90635;39843;83094;71043
evaluation,2518,3352;47299;99780;1788;10256;23496;79524;93120;30399;39180
evaluation,2519,44627;44682;44730;43850;55334;28930;34856;89125;4309;77312
evaluation,2520,98282;40244;34298;91996;13182;5498;21870;40373;21886;40772
evaluation,2521,93456;39214;17798;2900;11166;1118;66602;69758;6743;14447
evaluation,2522,86378;5938;46994;25578;36448;880;656;77702;48350;22499
evaluation,2523,34298;40244;40373;13182;32646;63910;6136;32642;90498;5498
evaluation,2524,45148;80290;88296;20949;62984;21008;99030;40286;70448;1322
evaluation,2525,52604;68590;56371;96060;78172;96718;62912;14882;8524;86180
evaluation,2526,90720;32160;72000;25126;99464;34504;31142;32120;52462;65370
evaluation,2527,17368;50208;39949;632;32016;68280;39640;97662;40264;84240
evaluation,2528,88748;99539;71174;18748;16406;58632;39308;24686;23484;58618
evaluation,2529,5464;34298;25176;40512;98282;19339;71418;69246;56424;30704
evaluation,2530,62796;71108;71418;33820;18184;472;26506;34298;24988;32646
evaluation,2531,46784;60356;46752;3668;23214;32598;96308;1788;3020;95769
evaluation,2532,69106;40344;91580;89899;71866;39286;9468;11756;85328;13840
evaluation,2533,98282;40244;34298;91996;5498;13182;40373;21870;21886;56336
evaluation,2534,56424;90498;56786;25176;48486;44067;34298;98180;64536;79516
evaluation,2535,93798;94662;10314;29278;98042;3040;47926;90350;32687;98731
evaluation,2536,34013;80540;88676;94242;31456;27386;2994;12740;34011;83033
evaluation,2537,9606;65968;81948;15394;55652;49102;3174;1146;22356;60251
evaluation,2538,17312;12406;10052;12350;10176;71495;59266;36888;12248;56964
evaluation,2539,71882;73908;70576;88358;69794;55652;14132;21280;22356;11960
evaluation,2540,21526;43512;20014;95769;34263;44768;23788;18124;99472;34264
evaluation,2541,9170;11780;82230;12632;99952;8032;90275;77378;39296;1422
evaluation,2542,17238;46864;41574;23100;57987;76096;19834;46392;4080;79120
evaluation,2543,48695;612;12154;21470;13038;22587;23032;21971;59807;24568
evaluation,2544,25514;98075;83981;98204;34263;25610;56882;56728;96473;46104
evaluation,2545,81270;75522;67287;68110;75684;18302;82008;71316;55322;75338
evaluation,2546,64050;72320;42458;35968;17486;8214;6767;88896;68558;27600
evaluation,2547,73908;71882;89506;88358;69794;70576;65968;11960;55652;22356
evaluation,2548,62246;76764;17368;70228;90148;55576;93772;62110;89240;24686
evaluation,2549,68248;89262;75584;76234;51787;68916;84660;13084;59280;19336
evaluation,2550,19262;22998;57686;52656;8954;45373;15383;26720;47936;27316
evaluation,2551,160;43704;50771;57468;3346;64006;98730;46392;5280;33738
evaluation,2552,79941;96484;71644;33824;76423;31982;12079;90112;87201;4169
evaluation,2553,24712;78232;11974;91232;3296;5259;1044;78240;95885;59986
evaluation,2554,56110;65410;98730;17066;49308;33584;57560;54664;72932;9662
evaluation,2555,59274;49986;62912;81145;90148;98276;94570;12632;80470;60356
evaluation,2556,81270;73836;75684;70994;71316;67287;62501;68110;18302;75522
evaluation,2557,73908;71882;70576;88358;69794;14132;55652;65968;11960;64345
evaluation,2558,28376;41092;56922;37220;37554;36288;37654;30134;26744;53058
evaluation,2559,53357;54109;55388;95932;83840;19004;19852;44354;59060;18726
evaluation,2560,12406;12248;39509;12350;10052;10176;14339;9526;17312;13980
evaluation,2561,88748;97662;46752;4708;31510;62322;39640;90635;39949;24901
evaluation,2562,63022;59461;43512;62222;76268;21318;97607;9373;22982;7064
evaluation,2563,68020;4854;22458;99498;86891;97790;24142;23116;4428;8478
evaluation,2564,34814;90534;35155;74256;96922;53284;62182;77080;94877;31034
evaluation,2565,25168;53799;53798;15088;27664;10232;33094;51662;69582;74990
evaluation,2566,63343;47806;89899;7226;71866;69106;40344;70131;21884;48736
evaluation,2567,86378;17999;26412;62790;13886;14012;22596;79076;74960;17723
evaluation,2568,25178;45856;8333;71108;84576;90500;62400;18184;12756;90498
evaluation,2569,99539;56099;11702;90635;89240;39843;63862;71043;24988;78164
evaluation,2570,59096;10314;86180;80540;83820;84651;31850;93798;8550;98700
evaluation,2571,47878;47754;70403;78130;78552;79328;32871;97124;65568;91026
evaluation,2572,4699;90145;10998;21042;86826;15006;23414;300;86628;15091
evaluation,2573,41092;28376;37220;37554;30134;40228;684;97124;26744;79328
evaluation,2574,84206;37282;45728;55388;96854;64354;79596;66772;30242;29734
evaluation,2575,75858;28376;37654;41092;36288;37220;32704;56922;27572;45148
evaluation,2576,9491;94556;1002;97057;96155;1328;38700;93650;8735;46462
evaluation,2577,68020;77730;22458;4854;15966;97790;71492;91088;5621;5234
evaluation,2578,78532;61982;25282;96134;8134;40278;9932;75452;28988;75118
evaluation,2579,34504;52462;25126;90720;99464;78661;32160;13540;13023;32356
evaluation,2580,1146;9606;81948;65968;11070;55652;10979;15394;60251;3174
evaluation,2581,90550;94877;72954;29108;26810;3812;81840;21528;89808;19828
evaluation,2582,10832;4919;95698;24690;21426;11978;95352;45100;10620;11210
evaluation,2583,4960;91852;5570;96150;96328;67262;95304;4666;93074;46058
evaluation,2584,89232;39419;61238;97662;4708;99539;88748;68332;39640;74511
evaluation,2585,4960;91852;5570;96150;4666;4276;46058;4332;95304;13234
evaluation,2586,91852;4960;5570;67262;96150;13234;6406;4332;4666;95304
evaluation,2587,3378;70848;63455;76962;7356;60140;48420;16234;23112;10004
evaluation,2588,86754;75208;87370;89557;75176;75354;90119;39296;89932;90148
evaluation,2589,15284;15226;2092;8320;51792;15205;14434;24775;13900;8480
evaluation,2590,62246;17368;39949;39640;97662;55576;39576;70228;39416;76764
evaluation,2591,64050;72320;42458;27600;27868;95604;6767;57708;9308;752
evaluation,2592,25830;99165;99008;88422;57596;97284;93680;25072;65910;45791
evaluation,2593,71934;3040;86180;80540;8550;59096;81046;47994;35738;73611
evaluation,2594,54541;3646;27117;34013;94092;27386;30644;33030;32394;27107
evaluation,2595,69263;52604;86694;68590;56371;78172;39314;3510;90436;96060
evaluation,2596,64050;39406;72320;10276;42458;51864;51862;34013;39102;12740
evaluation,2597,86459;44770;76769;2660;48690;92854;28032;13766;98166;6894
evaluation,2598,3702;6536;12148;66220;90350;12422;69263;3560;3264;98731
evaluation,2599,81948;9606;60251;11070;1146;6994;65968;898;5174;15394
evaluation,2600,40916;45102;53198;46160;59130;52272;60650;46868;71882;50290
evaluation,2601,41068;19339;48360;12718;6086;53215;70680;25176;64918;42326
evaluation,2602,62246;76764;17368;90148;24686;93772;70228;89240;55576;62110
evaluation,2603,19834;42661;68780;5159;79120;15226;42250;42602;11138;5178
evaluation,2604,71876;68170;25047;89250;76944;94954;27691;51598;24263;28759
evaluation,2605,51564;50031;56161;62162;55450;25155;81268;51174;9952;97920
evaluation,2606,68248;76234;75584;84660;68916;51787;47618;22926;19336;21098
evaluation,2607,34766;12422;25518;7952;56674;28572;49016;66120;65160;36283
evaluation,2608,88460;88702;87618;65974;74045;12616;87900;11886;84651;29232
evaluation,2609,89808;19828;7724;25786;19680;31162;52982;7500;81840;94877
evaluation,2610,44194;24679;80810;87297;87450;31946;62396;77109;67992;63282
evaluation,2611,21886;39466;8982;83326;21870;13182;55930;76460;65698;77445
evaluation,2612,15226;8320;15284;2092;51792;8480;15205;91352;10424;13900
evaluation,2613,68248;76234;89262;68916;75584;51787;84660;46840;5354;48216
evaluation,2614,19852;54109;98002;55388;18792;19004;56024;30248;18726;53357
evaluation,2615,34013;30644;31366;33030;27386;29858;15480;3646;27117;70131
evaluation,2616,83840;53357;83992;55388;56094;96854;54109;65310;44354;66120
evaluation,2617,95278;54924;54908;54802;5165;59060;91025;90605;99821;4510
evaluation,2618,68562;68166;60814;66212;54720;36064;88782;27224;70210;18700
evaluation,2619,19579;49748;63652;61945;61880;8006;3010;6204;23234;62228
evaluation,2620,97959;99516;99476;98006;99317;92050;96603;22784;2068;93036
evaluation,2621,29108;39730;58322;94877;83036;81840;98966;3010;4732;22226
evaluation,2622,7988;26886;18055;81893;77326;23726;10740;26476;32734;85394
evaluation,2623,86621;24712;25462;24568;77615;48140;94846;14536;15450;10784
evaluation,2624,27842;12242;44374;66074;23851;63302;82214;46837;31516;8484
evaluation,2625,34298;56786;44067;63910;98180;98282;90602;40244;98194;25176
evaluation,2626,81948;9606;898;11070;60251;65968;1146;5174;6994;55652
evaluation,2627,64050;72320;42458;6767;27600;95604;27868;81818;9308;27604
evaluation,2628,63336;36804;32452;46616;21052;43625;22567;43525;68114;18608
evaluation,2629,97124;78552;79328;36900;72996;50252;56505;33556;52948;39630
evaluation,2630,77960;77368;21362;20044;2047;6662;84162;88296;16044;39462
evaluation,2631,30656;98962;37067;10728;10734;36098;1410;17714;16452;44130
evaluation,2632,46928;20700;35590;54282;10979;38468;72228;20974;51786;31174
evaluation,2633,32170;70858;70838;70942;70896;71370;9354;6646;11075;77872
evaluation,2634,3582;16100;44702;29176;3600;72670;16038;44378;84129;20140
evaluation,2635,52616;93228;94576;19670;20700;91352;59986;65786;58215;73474
evaluation,2636,85667;84340;79576;19196;85002;99678;60878;35984;84995;25702
evaluation,2637,8556;83688;42836;5487;29874;82927;80664;85218;83966;6930
evaluation,2638,73908;71882;70576;69794;88358;55652;14132;11960;64345;65968
evaluation,2639,97124;78552;33556;79328;39630;72996;26744;47754;74024;47878
evaluation,2640,83140;86224;89240;49838;30570;64986;13198;90635;89232;62112
evaluation,2641,49056;19336;13084;19468;66052;45526;56152;65478;34103;5574
evaluation,2642,41396;56110;33584;17516;46394;54664;54650;57560;74912;17066
evaluation,2643,55450;50812;51564;66098;81268;59432;38112;51174;62162;97920
evaluation,2644,83981;96473;76268;98075;98204;4536;44904;25610;83904;14200
evaluation,2645,11380;11576;12;19282;20782;88594;54977;37794;64021;87554
evaluation,2646,93228;19670;94576;52616;65786;49080;1416;20700;894;64736
evaluation,2647,41564;91862;52698;21486;68932;5002;66952;47396;14466;83586
evaluation,2648,68248;76234;68916;89262;75584;51787;5354;84660;59280;25580
evaluation,2649,47238;40062;45572;12812;94146;3136;62392;2500;4996;11032
evaluation,2650,28376;53058;37220;41092;36288;37554;97124;53056;37654;93258
evaluation,2651,88748;11702;62222;99539;49208;64986;24901;90635;13696;92041
evaluation,2652,19828;82592;52982;89808;19680;25786;25424;51222;81840;93094
evaluation,2653,44490;62580;62182;64492;244;78530;2984;10208;22252;94877
evaluation,2654,7484;49302;21460;23356;1360;58184;24720;164;31622;46300
evaluation,2655,98210;50180;33050;99538;37906;98194;13182;56312;26276;5498
evaluation,2656,14551;89262;33792;48942;34104;93114;27158;77756;78240;26970
evaluation,2657,77100;28878;42618;19613;19456;86008;14550;424;21652;23752
evaluation,2658,93228;19670;94576;52616;65786;49080;64736;1416;20700;894
evaluation,2659,6204;10132;7988;2195;5656;38750;2212;58146;27124;58182
evaluation,2660,91852;4960;5570;96150;96328;95304;13234;4276;4666;9696
evaluation,2661,72940;73666;17046;95885;48942;17028;67510;89262;57708;59132
evaluation,2662,98810;64852;354;3792;99678;30436;20302;18640;20902;55075
evaluation,2663,87314;91580;28988;35246;98192;14062;13840;92918;39286;28512
evaluation,2664,56930;37636;32080;41570;36304;35478;74757;45688;28972;44266
evaluation,2665,71174;83398;78164;56742;83741;48050;78304;39419;32476;64552
evaluation,2666,4750;62381;66560;3670;56728;66800;44067;56882;69356;2373
evaluation,2667,81145;89557;49986;87370;16940;80408;32050;28938;86754;75208
evaluation,2668,90145;86826;21042;4699;15006;10998;300;81534;86628;14181
evaluation,2669,2774;57048;96056;95586;54258;46516;56426;30248;56370;94560
evaluation,2670,66242;35218;26476;7618;9368;51208;10150;20616;98364;52650
evaluation,2671,10832;11210;11978;21426;95352;36364;42394;10966;90145;23414
evaluation,2672,80942;14828;9074;17414;13718;83036;34628;83208;81840;27370
evaluation,2673,82078;81840;84024;43856;90550;38834;62364;62182;19342;93312
evaluation,2674,4186;22710;54396;53836;990;146;20210;7326;4428;29918
evaluation,2675,81598;87274;81372;26136;77496;9582;9312;12176;76644;48026
evaluation,2676,99020;86654;41581;57577;69106;92918;47084;13468;11756;15334
evaluation,2677,98204;98075;41068;73722;48360;25610;32642;48486;32646;90498
evaluation,2678,71174;39308;88748;39224;24686;48050;16406;32380;99539;39843
evaluation,2679,68248;89262;75584;76234;68916;5354;22926;48216;96822;51787
evaluation,2680,13670;13978;13958;13496;13712;11828;39630;26240;85460;7048
evaluation,2681,1094;13084;55652;9762;88358;16666;76874;79596;81382;21280
evaluation,2682,25574;80455;33064;67138;14314;90550;45373;27412;30970;52618
evaluation,2683,96473;98204;25610;76268;98075;50954;83981;49838;83904;33838
evaluation,2684,57048;56426;96056;2774;94560;56370;54258;96854;46516;28572
evaluation,2685,33971;12924;9578;12744;73124;15368;30316;19260;17284;36562
evaluation,2686,85138;43091;69394;49344;97440;55362;12946;14812;46022;44898
evaluation,2687,25178;90500;33184;34298;40244;12756;40597;56424;2280;25610
evaluation,2688,81145;89557;87370;86754;75208;49986;80408;2243;1422;90275
evaluation,2689,44490;30447;94877;50738;62182;21528;83036;62580;38160;6552
evaluation,2690,41647;17546;21100;66622;50268;10768;28507;35836;85540;46058
evaluation,2691,25168;53799;53798;15088;56336;51662;74990;27664;42326;9826
evaluation,2692,93456;13236;1118;11108;13000;13368;8796;2570;3754;21650
evaluation,2693,25282;9468;9168;45068;78532;77402;61982;96134;8134;28988
evaluation,2694,63434;19314;17770;19034;39214;13500;4416;17502;11166;27886
evaluation,2695,48486;44067;56882;56302;44904;33222;53215;3670;69356;71154
evaluation,2696,71043;62110;24940;17102;58632;39944;20427;16406;56258;56099
evaluation,2697,96473;98204;25610;53215;98075;49838;33222;76268;25176;56424
evaluation,2698,68248;76234;75584;84660;68916;51787;47618;19336;89262;19468
evaluation,2699,74213;13746;31868;81050;13016;37080;36976;81120;89798;24812
evaluation,2700,9895;98102;72686;2068;16658;91243;78930;73493;92050;98424
evaluation,2701,83914;84524;31175;41528;64736;8016;91352;11974;82588;10424
evaluation,2702,48486;44067;53215;6136;44904;56302;90498;56882;18184;69356
evaluation,2703,21870;40373;40244;13182;40772;34298;21886;83904;76268;36918
evaluation,2704,13746;74213;31868;81050;13016;81120;37080;36976;24812;13959
evaluation,2705,53357;54109;55388;19004;19852;83840;44354;4762;52750;3859
evaluation,2706,42495;95278;20486;30823;28818;91025;29131;5956;38706;26574
evaluation,2707,15266;15322;61698;34794;34103;34010;37379;37106;89852;36854
evaluation,2708,45065;50314;46412;51448;45148;1322;51806;70448;80290;35572
evaluation,2709,73908;71882;70576;14132;69794;88358;55652;11960;64345;22356
evaluation,2710,4996;12812;47238;47264;45572;74949;11032;40984;40062;14059
evaluation,2711,48834;16100;85088;87520;57089;56460;44702;8291;2814;14498
evaluation,2712,472;25610;25178;33184;34298;24988;18184;90500;56424;33820
evaluation,2713,84240;90148;98094;40264;60592;86754;22030;94748;49986;89557
evaluation,2714,94748;90119;96876;18736;87370;31584;60282;75354;42062;94434
evaluation,2715,22030;90119;90275;87370;8163;12904;53906;21948;98072;11780
evaluation,2716,115;23804;20086;39006;32885;19912;532;19020;56542;19082
evaluation,2717,17287;94646;37651;79266;14314;9340;17483;1648;62319;15750
evaluation,2718,60356;46752;51604;3668;72276;46784;78846;13346;63692;28064
evaluation,2719,98075;98204;83981;25610;56424;83904;96473;25176;472;40512
evaluation,2720,98702;44770;86459;21788;92854;5628;2660;92410;23470;90013
evaluation,2721,19680;89808;52982;19828;25786;31162;93094;7500;7724;29108
evaluation,2722,56110;54664;57560;41396;65410;49308;51830;9662;33584;94282
evaluation,2723,15284;15226;8320;2092;51792;8480;1155;146;13900;63472
evaluation,2724,11702;89240;63862;83094;99539;78164;88748;56099;97576;69878
evaluation,2725,17368;32016;97662;97576;70228;39416;83741;24874;83168;22494
evaluation,2726,7498;94034;69416;30942;11084;5619;65249;10387;4786;8234
evaluation,2727,52248;8828;37722;22792;2964;27814;92374;88406;57686;27964
evaluation,2728,62182;44490;83036;68492;81840;62580;90550;62222;21528;69205
evaluation,2729,7276;12764;35960;83586;7064;91500;6758;6828;46388;54243
evaluation,2730,612;86870;12154;86291;34476;21470;87120;23032;54544;21971
evaluation,2731,62902;98338;12700;82927;21420;56336;68852;40452;83966;30848
evaluation,2732,17368;97576;39416;70228;97662;32016;24874;83741;18699;55576
evaluation,2733,68248;76234;68916;84660;75584;89262;48216;5354;51787;47618
evaluation,2734,93798;97758;2870;98731;10314;90350;90614;98636;89151;98042
evaluation,2735,90712;9293;64916;9310;11476;1148;55930;50171;50900;2190
evaluation,2736,91996;5498;34298;13182;76232;40373;5490;40244;98282;36918
evaluation,2737,25368;702;3518;27124;52420;60468;21460;19990;4838;26478
evaluation,2738,52982;19680;19828;25786;89808;26810;7500;93094;4732;31162
evaluation,2739,34874;60188;23338;67110;8402;57502;68945;69708;9074;38482
evaluation,2740,56505;69708;97742;80784;68945;62518;14206;31456;20055;73112
evaluation,2741,6296;52030;85936;51743;22926;79596;21046;85002;33151;21952
evaluation,2742,27117;94092;3646;29858;34013;32394;27386;19128;94242;27107
evaluation,2743,29872;55450;50812;97920;38112;1695;76880;66098;59432;6732
evaluation,2744,56099;33184;40597;53215;50180;75410;34906;43570;7386;97312
evaluation,2745,90496;51727;70498;49614;69958;41581;70214;10042;1707;12056
evaluation,2746,27107;29858;27386;32422;32394;32112;94092;34013;27117;65989
evaluation,2747,64050;72320;21356;86396;95604;26368;41162;26586;62434;88896
evaluation,2748,74213;31868;13746;81050;13016;36976;81120;37080;89798;24812
evaluation,2749,66106;89480;18018;67610;81268;76880;60340;33598;76134;47619
evaluation,2750,4592;15287;51656;12162;22;79301;1630;11862;12070;14952
evaluation,2751,4960;91852;5570;96150;93074;67262;58602;76932;53592;95304
evaluation,2752,41092;37220;74836;684;13890;93258;28376;36288;3178;40228
evaluation,2753,14279;73231;83598;82075;56426;56370;95586;54211;38422;26738
evaluation,2754,81840;16509;90550;83036;30970;39738;39730;29888;98966;29108
evaluation,2755,10630;95318;98524;38902;21652;2248;51984;83160;14464;14709
evaluation,2756,92467;9952;55450;25155;27682;59432;6732;50812;97254;13064
evaluation,2757,25610;90498;61238;90500;13182;25668;40512;42326;64536;64552
evaluation,2758,76234;68248;84660;75584;47618;51787;48216;68916;47454;48180
evaluation,2759,57864;85574;64902;12197;4116;19002;97516;88569;86548;46837
evaluation,2760,90550;81840;29108;98966;62182;94877;58322;53164;53122;96238
evaluation,2761,2964;8290;61866;20800;2360;85574;1826;11524;62216;60488
evaluation,2762,94877;81840;90550;53164;53122;21528;82338;72954;83036;32300
evaluation,2763,26128;12862;14822;16118;6904;50624;83160;95318;14464;10630
evaluation,2764,38751;47488;39168;45004;76996;51290;21260;49339;43550;48576
evaluation,2765,54220;56618;48626;43704;3548;46758;8308;17612;52301;53651
evaluation,2766,34264;10271;70131;65354;12659;69801;62466;19964;26030;54466
evaluation,2767,81145;49986;16940;89557;80408;59274;93393;87370;98276;80638
evaluation,2768,40244;5498;34298;40373;13182;56728;98282;21870;21886;34653
evaluation,2769,84704;85620;10342;923;35974;86002;86580;6204;90028;96948
evaluation,2770,92214;39808;8752;39873;17794;85280;8666;40094;15091;31274
evaluation,2771,22998;39356;10620;36364;718;10832;85138;73044;27478;24690
evaluation,2772,3670;57410;4750;53215;66560;69356;7126;18581;56728;62381
evaluation,2773,56728;56882;7386;76268;83614;25178;44067;71154;98294;71126
evaluation,2774,47430;46180;3670;61188;62672;4750;20756;84271;67097;66560
evaluation,2775,86754;75208;75176;75354;90119;87370;18302;89557;18736;86647
evaluation,2776,25178;8333;45048;90500;84576;71108;45856;64552;56099;12756
evaluation,2777,96473;83981;76268;33838;98075;83904;98204;25610;49838;56424
evaluation,2778,40244;13182;34298;5498;91996;36918;98294;32646;32642;40373
evaluation,2779,24874;90498;37608;39640;41068;91996;55576;39949;32646;32642
evaluation,2780,18184;6086;25176;48589;20427;24616;24988;26506;32016;56099
evaluation,2781,91582;25176;34298;19339;41068;64918;69578;88170;42326;12718
evaluation,2782,56728;72622;4750;39058;26664;60858;40540;63393;18832;81186
evaluation,2783,56728;53215;69356;3670;56882;48486;33222;44067;66560;472
evaluation,2784,20014;23788;34263;18124;20756;43512;65269;97607;57410;57546
evaluation,2785,98204;90025;84576;48360;63910;90498;55930;56786;98075;6086
evaluation,2786,89932;86754;83025;86394;8163;22030;94570;31584;84240;90119
evaluation,2787,39640;97662;39949;32294;89838;22494;99538;32476;75516;97576
evaluation,2788,93772;32294;97576;55576;62112;48050;24980;69878;62694;89944
evaluation,2789,62112;11702;99539;88748;90635;60098;25178;62222;13696;97576
evaluation,2790,8350;47430;8451;25922;12698;2274;17766;22224;12644;44718
evaluation,2791,30563;68296;68332;78304;70338;39936;62684;62694;83741;47950
evaluation,2792,18827;60098;77402;71108;47440;39958;4904;63084;52764;62738
evaluation,2793,68248;76234;75584;84660;68916;48216;85578;85554;85460;47618
evaluation,2794,74045;92166;23789;71934;65974;32916;27448;73611;2870;29278
evaluation,2795,90550;81840;29108;98966;94877;83036;53164;21528;53122;89016
evaluation,2796,65981;99796;49240;94877;93312;73493;21528;31162;60;12951
evaluation,2797,35484;11856;77660;2092;79658;7336;4642;14995;15746;43460
evaluation,2798,19852;19004;44807;66840;98002;31550;70736;85936;9443;10122
evaluation,2799,99796;73493;8044;65981;66980;67048;3154;39730;72686;49240
evaluation,2800,46928;54282;20700;35590;10979;15284;20974;108;11070;96822
evaluation,2801,21420;40858;82927;83966;42836;45722;42090;85218;5487;34063
evaluation,2802,66098;51564;55450;24043;56112;38112;31790;56161;1695;50812
evaluation,2803,93456;98340;21650;6496;8796;3695;98835;18992;19964;9464
evaluation,2804,32750;14062;11756;50218;91580;89899;98072;6324;74396;37228
evaluation,2805,98294;44828;79516;5490;32646;14200;32642;69246;29304;13182
evaluation,2806,93258;37220;41092;53058;64716;28376;32562;36288;75858;37654
evaluation,2807,5100;61062;25108;66314;22128;70190;54846;31042;31108;25764
evaluation,2808,79266;13024;68698;77340;42864;74222;17287;59078;59226;84520
evaluation,2809,13242;11970;13027;12262;78258;66170;95842;11910;4732;43726
evaluation,2810,57372;88228;55474;58173;23752;37274;32264;73307;27626;923
evaluation,2811,44627;55334;44730;43850;28930;44682;78172;89125;754;34856
evaluation,2812,68319;4894;24636;78232;57418;58040;52956;78240;19396;25669
evaluation,2813,31216;95318;14550;58330;41474;71240;15520;68433;3518;63598
evaluation,2814,91852;4960;5570;6406;4666;96150;4332;4946;13234;93074
evaluation,2815,1160;16294;62470;62579;62124;58876;20120;29270;15102;18026
evaluation,2816,54220;8416;43704;56618;30508;8631;3015;38546;12206;9658
evaluation,2817,14843;77510;32284;26000;82216;60916;31264;32734;10740;50826
evaluation,2818,98102;38800;86192;23272;47098;89548;45450;47012;92050;63778
evaluation,2819,56168;89130;256;25254;75920;71461;8478;26950;15363;74010
evaluation,2820,34232;78154;17956;43814;10610;81840;94877;47037;21528;53164
evaluation,2821,48264;69106;75062;41581;56140;35478;38920;31035;3248;85328
evaluation,2822,25047;27691;71876;40254;20100;24263;5080;94954;72190;28759
evaluation,2823,63434;24120;39214;19314;17770;59656;6614;14296;6542;13978
evaluation,2824,40244;21870;40373;21886;34298;13182;40772;5498;91996;31686
evaluation,2825,97462;9332;39640;44823;62110;56258;84834;89838;88748;99538
evaluation,2826,13868;5407;6604;7884;13020;3918;9464;67314;67964;5820
evaluation,2827,93418;59964;94434;31584;9170;81186;87370;18736;94748;58334
evaluation,2828,99464;72000;31142;32160;29446;89894;32120;78661;82920;90720
evaluation,2829,43918;75369;5024;21024;40500;30148;54786;8912;59770;91436
evaluation,2830,14836;14952;43894;77615;72728;12090;42662;77036;8402;78258
evaluation,2831,40971;14608;16118;26128;10630;95318;98524;51984;21652;21486
evaluation,2832,25635;53274;46283;3979;16210;91436;46205;10832;41060;24114
evaluation,2833,35478;69958;70498;3248;70214;62396;55944;3068;63282;56140
evaluation,2834,57372;88228;73307;55474;23752;32264;37274;81893;33736;20814
evaluation,2835,68319;572;52956;60956;3296;31175;4894;34476;86291;64026
evaluation,2836,4832;732;14764;27042;36134;41498;54678;9712;71963;5172
evaluation,2837,1146;10979;9606;11070;54282;3174;81948;60251;15394;5174
evaluation,2838,6851;84162;3136;44770;6362;6824;20044;2692;48690;61698
evaluation,2839,91110;91865;26187;76738;92758;23048;63880;37922;67138;65556
evaluation,2840,60420;61118;66748;63726;60496;60874;60465;63974;61050;60959
evaluation,2841,4838;13320;56426;17238;67244;25368;46864;26478;68262;93114
evaluation,2842,15088;21420;53799;53798;25578;25168;27664;30848;31275;74990
evaluation,2843,25282;9168;9468;10818;62428;78532;61982;95030;33210;69106
evaluation,2844,40244;21870;34298;40373;36918;83904;56564;76268;91996;64918
evaluation,2845,83981;98075;98204;25610;96473;44904;76268;56302;56882;83904
evaluation,2846,97758;10314;98731;93798;98636;98042;90350;89151;90614;80540
evaluation,2847,98166;39462;26528;98702;98476;90013;6894;21090;78154;23030
evaluation,2848,71865;68224;93086;27814;38844;21632;36370;72728;30826;9530
evaluation,2849,49980;29186;17140;17326;45174;32719;27124;41602;54786;50974
evaluation,2850,62806;8402;36574;77615;14952;88586;26478;35378;43726;75986
evaluation,2851,91322;598;24612;58212;3378;36378;95932;45872;36030;32544
evaluation,2852,32170;71370;72210;70858;70896;91992;70942;92700;23671;70838
evaluation,2853,76176;76232;91996;95250;5498;13182;98180;5490;34298;93372
evaluation,2854,66098;51564;55450;60184;29872;97920;56161;50812;51174;24043
evaluation,2855,34454;46804;59807;27684;96944;23824;45706;74250;53190;35508
evaluation,2856,89917;91918;91890;89932;8163;22030;75354;10646;98094;93488
evaluation,2857,79164;46506;95154;16476;79301;1630;1482;47282;82675;28390
evaluation,2858,34454;27684;46804;96944;23824;59807;74250;45706;35508;53190
evaluation,2859,40858;82927;40452;21420;5487;80664;98338;62902;83966;6262
evaluation,2860,51894;3828;22306;29748;55075;31034;30738;8983;18636;20902
evaluation,2861,88910;42336;41450;41018;50624;15870;69344;6904;43131;9632
evaluation,2862,91852;4960;5570;96328;4946;4332;13234;11528;95304;82505
evaluation,2863,93456;13896;14296;21650;17798;11476;8540;8812;2568;8796
evaluation,2864,87297;24679;36304;87450;77109;44194;62466;66595;80810;40276
evaluation,2865,98075;98204;25610;83981;6086;98180;48360;56882;25176;76268
evaluation,2866,40244;32646;40373;32642;34298;5498;91996;13182;21870;98294
evaluation,2867,20108;45048;36984;79516;84576;25178;33184;56358;71108;32642
evaluation,2868,68248;76234;75584;84660;51787;68916;47618;21098;19336;85578
evaluation,2869,1146;9606;5174;81948;16666;10979;76886;20364;914;22090
evaluation,2870,59864;21890;59579;83192;82974;19786;17238;64090;27672;87576
evaluation,2871,1276;18556;37922;9658;55908;77034;42784;39196;3298;21898
evaluation,2872,99678;354;3792;98810;60333;92050;8912;67552;20302;64852
evaluation,2873,21650;68728;13000;13630;93456;56428;3754;8796;74599;11150
evaluation,2874,29402;31772;27076;18642;22596;6690;86378;14012;6574;6886
evaluation,2875,63910;55930;48589;98461;2175;98312;13182;56786;34102;34298
evaluation,2876,86378;13886;14012;26412;17999;74960;12676;74978;22698;5938
evaluation,2877,25178;39172;45048;90500;8333;71108;45856;36918;18184;42754
evaluation,2878,94242;97724;83033;4169;95932;69801;38706;39808;39964;39873
evaluation,2879,61118;60420;60874;66748;60465;61050;60496;63726;9269;60959
evaluation,2880,390;34968;87;52550;43054;23248;1906;2698;1098;53472
evaluation,2881,63450;54802;95278;54924;20006;52750;54908;42495;91025;99681
evaluation,2882,59598;342;20780;8006;41696;45616;88267;8808;75910;8688
evaluation,2883,30760;64026;76738;82604;9269;91110;42790;91865;67138;936
evaluation,2884,22128;61886;43600;13574;30397;22550;23915;44446;13335;38680
evaluation,2885,57372;55474;88228;58173;23752;59296;37274;17024;73307;86618
evaluation,2886,41450;88910;41018;42336;41287;41792;58684;41565;58558;43131
evaluation,2887,91852;4960;96150;53592;11528;53292;95304;13234;4946;9696
evaluation,2888,25056;32719;17720;75117;17140;67963;22546;66212;40714;85818
evaluation,2889,60333;3792;67552;2318;64852;20902;67638;22248;15520;87898
evaluation,2890,15297;26412;584;54072;23038;3204;38942;25578;25730;476
evaluation,2891,44067;33222;71154;56882;53215;7126;3670;66560;50180;56728
evaluation,2892,56370;95586;46516;96056;2774;83598;57048;56426;21424;14279
evaluation,2893,74841;34644;15520;96246;50908;38706;85280;29490;15091;96103
evaluation,2894,19828;52982;89808;19680;94877;25786;31162;7500;82592;50480
evaluation,2895,79756;11802;48834;29154;81304;3612;59120;2035;89340;44702
evaluation,2896,36992;25690;30646;46306;29716;7178;30707;57089;85132;43610
evaluation,2897,18190;62124;62470;70139;1160;59592;60440;58876;62579;16294
evaluation,2898,53714;28816;11487;98588;38680;8907;259;33196;88130;38184
evaluation,2899,79646;24263;80810;73136;35032;26376;21694;5202;62332;52845
evaluation,2900,20108;79516;36984;32979;33184;98312;43570;47430;71108;49838
evaluation,2901,86378;26412;17798;13886;62902;19738;85218;17999;6346;87715
evaluation,2902,18792;98002;16080;30248;44354;53628;65160;95932;55388;38928
evaluation,2903,9606;1146;81948;55652;15394;65968;16666;24782;3174;60251
evaluation,2904,2870;90614;97758;93798;98731;98636;90350;89151;50958;10314
evaluation,2905,90146;10795;1268;9952;56766;81382;49174;6732;48180;6824
evaluation,2906,64021;93968;37722;27964;76348;33378;68842;69344;22792;26128
evaluation,2907,483;41570;61524;480;37636;11530;48629;4068;38492;80658
evaluation,2908,30848;21420;36280;34063;28940;45722;21581;82927;85218;81544
evaluation,2909,68248;76234;68916;75584;89262;13084;51787;84660;19336;47618
evaluation,2910,69263;4628;85983;5902;68487;20798;29922;67110;24846;81328
evaluation,2911,54109;55388;53357;98002;63450;95932;19004;19852;83840;16080
evaluation,2912,90550;83036;81840;53164;53122;98966;29108;94877;26810;89016
evaluation,2913,79756;11802;59120;19636;2035;48834;44131;68888;89340;89430
evaluation,2914,97452;5788;35060;58990;97111;23112;28818;33608;68262;80403
evaluation,2915,44730;44627;44682;43850;28930;55334;34856;28555;29894;29349
evaluation,2916,91852;5570;4960;67262;6406;4666;13234;96150;4332;11528
evaluation,2917,63880;88625;340;69619;19674;376;33165;77510;7988;36044
evaluation,2918,98810;41647;99678;18640;66622;61324;13610;28507;1826;51894
evaluation,2919,96056;95586;56370;94560;57048;14279;56426;46516;54258;38422
evaluation,2920,52604;56371;96060;69263;68590;62912;78172;67790;86694;68487
evaluation,2921,91852;4960;5570;95304;96150;4666;4332;9696;58602;6406
evaluation,2922,35402;6931;19578;86618;51154;23535;9582;2195;59320;81372
evaluation,2923,66772;55388;64354;96857;17572;18775;90436;63404;49572;28572
evaluation,2924,64632;62182;78683;2876;77250;83704;83184;76944;14512;23870
evaluation,2925,24690;68020;42918;2998;50698;67762;35521;114;86312;10367
evaluation,2926,9606;1146;81948;24782;47926;3174;15394;23316;55652;65968
evaluation,2927,90146;10795;9952;1268;56766;81382;48180;29276;97197;6732
evaluation,2928,72856;50812;55450;51174;72526;59432;50031;9952;16374;5714
evaluation,2929,35402;6931;19578;86618;81372;51154;81598;9582;23535;43792
evaluation,2930,18190;16294;18026;62124;62470;20120;60440;70139;17891;60048
evaluation,2931,28988;14062;23384;18219;79646;43528;25282;79358;69106;47806
evaluation,2932,5902;3702;4628;67244;67110;56674;68798;68487;34874;35060
evaluation,2933,36918;97607;98294;39172;40373;12700;56882;40244;34298;84286
evaluation,2934,56099;56424;48486;56882;63910;26506;64536;3670;98180;26842
evaluation,2935,47878;47754;3314;70403;13922;69409;15464;78552;13978;50012
evaluation,2936,71882;73908;70576;88358;14132;55652;69794;64345;11960;22356
evaluation,2937,1155;76356;5174;146;118;60251;92824;9606;898;61410
evaluation,2938,12176;26350;59078;59226;22404;5428;9940;5876;33366;14152
evaluation,2939,69940;63894;45638;25424;24048;44166;62713;98620;33801;60140
evaluation,2940,250;98080;99498;120;18322;51290;41792;102;63498;4854
evaluation,2941,15006;14181;300;68558;90145;14620;234;21042;21484;10998
evaluation,2942,84776;79576;36412;38338;72940;59132;15284;57708;57566;990
evaluation,2943,13610;11584;20866;20518;45791;11178;38800;18640;1826;93206
evaluation,2944,7356;60140;3378;46230;76962;12984;63455;59734;70848;23915
evaluation,2945,18726;18932;18958;51650;65581;33074;31850;37750;97786;50186
evaluation,2946,57686;59410;61934;68262;20418;8696;88406;40184;33492;34724
evaluation,2947,77080;30738;75668;31034;38086;38016;51894;34814;34940;35010
evaluation,2948,60333;15520;87898;60432;85280;12280;3792;50941;27970;3438
evaluation,2949,30508;3015;43704;1276;8416;56618;10814;5042;12206;38536
evaluation,2950,99089;92650;35246;92918;74396;12992;69106;3068;31035;89899
evaluation,2951,52604;56371;96060;68590;90436;69263;86694;8198;86752;10848
evaluation,2952,66772;55388;64354;96857;17572;90436;36283;86594;49016;63404
evaluation,2953,28286;76272;67750;9260;59171;60506;21547;11038;3842;60503
evaluation,2954,57372;98524;40971;7664;26128;63949;51956;14608;75190;51882
evaluation,2955,8320;13900;81850;15746;79658;8480;2092;15819;15222;7970
evaluation,2956,95081;93654;93862;97291;93854;97218;44024;44684;18744;88184
evaluation,2957,91852;4960;5570;96328;13234;4332;11528;4666;9696;95304
evaluation,2958,64916;13182;9310;90712;1148;9293;30867;90500;17724;30704
evaluation,2959,91852;4960;4946;53912;11528;96328;4332;9696;82505;95304
evaluation,2960,38482;20424;33608;11470;60188;34874;4306;40044;52656;33492
evaluation,2961,89808;19828;52982;19680;25786;93094;31162;7500;7724;49848
evaluation,2962,26128;40971;7664;30398;98524;57372;84457;26210;14464;34340
evaluation,2963,60333;3792;67552;87898;8912;20902;64852;22248;354;96230
evaluation,2964,36471;76738;49866;25770;332;23048;65556;77790;77771;91865
evaluation,2965,25610;34298;25178;55576;71108;33184;64552;56424;90500;7386
evaluation,2966,34298;40244;56786;40373;56336;5498;62112;64918;63910;19339
evaluation,2967,6066;97124;79328;47878;3314;13978;60336;78552;15464;56922
evaluation,2968,4813;34644;3828;98810;98878;5659;29748;68562;82180;9870
evaluation,2969,496;1330;2500;75564;13514;3462;32536;2994;18344;7150
evaluation,2970,81572;81543;44925;17326;43874;86723;85584;9820;25056;44096
evaluation,2971,36390;12910;15528;86870;55338;70662;56137;16772;44788;21470
evaluation,2972,99709;10174;60691;14059;24882;7754;12924;47278;51506;73026
evaluation,2973,67963;85818;63835;25056;44925;21170;82744;75117;26086;89058
evaluation,2974,71238;6946;27988;38338;36412;53500;83036;38972;87102;5382
evaluation,2975,25786;89808;29108;52982;19828;98966;19680;7500;15224;53164
evaluation,2976,91322;69708;12740;61562;73112;41768;92625;2047;24896;5776
evaluation,2977,4030;86723;47018;14402;11764;41422;85584;44925;86600;92036
evaluation,2978,81740;7022;31838;15238;5700;29978;63030;4767;70864;48814
evaluation,2979,80490;98702;34496;24204;32536;39820;6314;6362;10795;89931
evaluation,2980,91852;4960;5570;4946;96328;11528;9696;4332;53912;45206
evaluation,2981,62470;1160;62124;62579;29270;18190;70139;282;16294;15102
evaluation,2982,50031;9952;24043;81268;25155;72856;55450;56161;97254;74599
evaluation,2983,4740;65294;4638;42250;42661;48416;5259;23526;4636;58215
evaluation,2984,96246;34644;29438;85280;74841;26970;38706;15520;15091;50908
evaluation,2985,86008;77100;71215;11014;424;50186;79068;14550;19456;19980
evaluation,2986,60333;67552;3792;64852;8912;87898;354;20902;15520;22620
evaluation,2987,51156;21170;24424;16438;16558;75117;43143;85643;64900;65488
evaluation,2988,77340;32038;67262;53676;88788;28510;3246;52358;28692;33700
evaluation,2989,65556;36471;76738;25770;16692;19510;91865;41528;42790;67138
evaluation,2990,72190;71876;68170;24263;42656;10914;20100;25047;94954;47238
evaluation,2991,20949;40286;21008;45148;51806;99030;81778;62984;50314;70448
evaluation,2992,65955;7410;5895;19768;80490;7504;21515;82520;7434;76082
evaluation,2993,67244;68060;20424;87554;94856;64820;32466;9255;20006;64674
evaluation,2994,69344;30898;30579;4618;90028;96344;86580;36274;36052;22020
evaluation,2995,12992;74396;28988;98192;91580;43354;50070;30194;25282;71866
evaluation,2996,44490;244;62580;62182;94877;90550;30447;81840;50738;74256
evaluation,2997,88910;41450;42336;41018;4664;1876;9064;52588;10004;57204
evaluation,2998,31080;55962;51448;18426;51806;70448;35728;32020;18814;80290
evaluation,2999,13540;13023;96797;32120;29446;58388;27694;52462;25126;31819
evaluation,3000,5895;10472;6006;24102;80668;29956;7504;75564;21515;14544
evaluation,3001,72190;68170;25047;71876;79212;47424;24263;27691;42656;93524
evaluation,3002,91086;68262;97906;86621;97111;35060;9918;97810;27370;61934
evaluation,3003,90550;90532;29775;83036;98966;26556;12654;72785;34628;81840
evaluation,3004,60333;67552;3792;64852;8912;15520;354;99678;87898;20302
evaluation,3005,57350;71788;210;77340;68698;9269;48026;61108;9940;42762
evaluation,3006,244;62580;28816;147;68492;16044;25702;78530;38812;11904
evaluation,3007,76880;66098;55450;51174;89956;97920;24043;50812;5714;72856
evaluation,3008,32080;56930;37636;41570;70214;48154;87297;45688;35478;36304
evaluation,3009,1146;9606;10979;5174;3174;15394;38680;81948;60251;65646
evaluation,3010,18792;44354;98002;53628;30248;55388;95932;85936;16080;68262
evaluation,3011,85552;56460;82682;66875;85088;98853;43298;5844;66765;19526
evaluation,3012,11772;48834;2462;97451;7178;76348;25690;30646;85088;36992
evaluation,3013,15880;99570;98950;10014;58744;45872;23570;44544;23754;22587
evaluation,3014,7336;72828;46306;10474;76988;30707;29716;4832;42248;95727
evaluation,3015,21911;52886;18904;35104;95154;90274;93684;20760;65182;15210
evaluation,3016,13234;9696;11528;96328;6406;4666;95304;4276;4332;91783
evaluation,3017,60333;64852;99678;3792;45791;87898;67552;67638;96230;22620
evaluation,3018,85584;44925;27224;95825;14162;43874;40714;9820;15520;32719
evaluation,3019,66098;97920;81268;59432;33598;55450;50812;35014;80018;1524
evaluation,3020,32080;37636;41570;56930;35478;70214;45688;62396;44279;33904
evaluation,3021,81268;9952;56161;50031;25155;55450;24043;80664;10116;23629
evaluation,3022,15824;71824;5766;71386;89944;56428;46994;80408;68728;56558
evaluation,3023,68248;76234;68916;75584;84660;19336;51787;89262;19468;13084
evaluation,3024,82520;80668;6006;7504;23196;75564;18220;5895;19768;13116
evaluation,3025,59410;60188;61934;8696;4664;65710;12412;97111;77615;27370
evaluation,3026,41052;23726;12224;26886;4618;35974;22020;45170;65410;92856
evaluation,3027,20014;97607;56728;98294;33628;40540;39466;26052;84901;14200
evaluation,3028,71386;15824;71824;5766;51230;46339;10586;89944;19376;6732
evaluation,3029,86378;22698;18642;13886;9738;38112;19738;93610;55590;18486
evaluation,3030,35060;57048;94560;2774;52256;21424;56426;48695;51276;2051
evaluation,3031,62434;28988;50548;16634;40628;30904;27228;77402;45688;34130
evaluation,3032,11856;35484;19670;79658;7336;15746;2092;4642;93228;43460
evaluation,3033,57372;88228;55474;23752;37274;73307;31082;58173;36094;26414
evaluation,3034,44627;55334;28930;44730;34856;28555;29894;44682;28896;29349
evaluation,3035,77615;14952;11910;13027;14836;12262;78258;11970;8402;89472
evaluation,3036,51894;22306;55075;29748;3828;31034;20902;8983;30738;27494
evaluation,3037,60333;3792;67552;87898;15520;99678;27970;22306;64852;8912
evaluation,3038,31034;55075;51894;20902;36862;398;29748;22306;3662;77080
evaluation,3039,48626;46758;43704;6406;56618;54220;8416;3548;3015;8631
evaluation,3040,60333;67552;3792;8912;64852;87898;20902;354;99678;15520
evaluation,3041,63434;19034;6690;26514;17770;19314;14296;91798;59656;39214
evaluation,3042,25578;25076;880;42836;80664;94678;564;27664;81544;63176
evaluation,3043,88196;58056;40406;40594;19566;3064;68852;36600;85998;44574
evaluation,3044,72190;68170;25047;24263;71876;20100;94954;76944;10914;54010
evaluation,3045,89870;89658;88846;76082;86082;42716;63346;69818;65955;22718
evaluation,3046,19040;92504;85676;17908;10264;42830;44954;87800;99482;1836
evaluation,3047,99539;90635;55576;78164;62400;98104;83094;55658;90476;88748
evaluation,3048,13182;40244;76268;40373;21870;40772;98282;34298;25178;71154
evaluation,3049,19138;83704;14992;13276;19704;14432;63346;13880;10387;90436
evaluation,3050,7336;98806;99386;99300;72828;26164;10474;1492;3640;76988
evaluation,3051,85936;21046;3679;85002;85667;19196;22926;84995;12162;84340
evaluation,3052,31456;47308;21650;8106;306;4078;2951;12917;19046;24476
evaluation,3053,77510;83592;31264;28348;36344;18238;84620;38092;34762;76972
evaluation,3054,3434;35040;46062;4952;81360;16889;46394;887;71946;30774
evaluation,3055,10980;59580;99891;94844;89220;44598;5096;69322;52744;88569
evaluation,3056,20830;17238;46864;75994;15850;23100;358;33626;20782;69626
evaluation,3057,3378;7356;76962;63455;70848;16234;48420;23112;9308;60140
evaluation,3058,60333;67552;3792;8912;64852;87898;15520;354;99678;20902
evaluation,3059,91852;4960;5570;96150;4666;4332;95304;4946;4276;13234
evaluation,3060,33165;24236;4210;26886;7988;59502;31264;56582;60662;14843
evaluation,3061,15363;15966;68020;12983;4428;99498;79822;15360;48236;16450
evaluation,3062,48834;16100;44702;11802;87520;57089;29176;14498;40725;85088
evaluation,3063,77615;12090;89472;12318;43726;62806;13027;12262;78258;43920
evaluation,3064,17720;17140;17326;15520;27970;82744;84488;18990;43874;51884
evaluation,3065,60440;16294;62124;70139;18190;62470;59592;70068;29270;15102
evaluation,3066,34940;30738;77080;75668;35010;31034;34814;29748;38086;51894
evaluation,3067,65148;27988;57048;48154;36642;6946;18238;95174;54258;88594
evaluation,3068,1276;12846;77034;9658;3298;59810;12558;81038;69322;8631
evaluation,3069,12992;8736;89432;3248;25282;50070;15063;52845;3068;35246
evaluation,3070,5766;89944;2790;15824;71386;6732;71824;1524;25155;18536
evaluation,3071,82920;29446;58388;34504;99464;96797;82350;27700;52462;32356
evaluation,3072,54086;85554;85578;85460;13670;45542;26240;5610;13496;42810
evaluation,3073,12812;45572;40062;47238;4996;74949;62994;14059;62392;47264
evaluation,3074,32719;49980;29186;50974;33638;86016;17326;41568;58538;22546
evaluation,3075,17326;27970;17720;17140;14162;15520;60432;51884;54786;32719
evaluation,3076,40790;34026;81448;64006;2880;96434;8706;63598;66364;77737
evaluation,3077,3032;7452;33306;8164;18212;10933;99466;79218;97789;11930
evaluation,3078,74944;1011;3954;19579;23007;6204;3010;3246;52650;10611
evaluation,3079,40654;28611;29186;49980;59352;54478;33626;87898;26338;75369
evaluation,3080,95330;9810;58322;82292;420;30970;52924;39730;76333;53707
evaluation,3081,63451;15480;62944;63864;29956;71694;82944;8214;61570;14544
evaluation,3082,90350;94732;6536;86180;94662;90614;98731;59096;97758;34766
evaluation,3083,82670;45292;64376;30738;21170;42264;51164;65488;34940;81572
evaluation,3084,39419;74511;32476;75354;68332;89232;9565;44718;97662;83398
evaluation,3085,78552;97124;79328;33556;49344;6066;69394;54788;15874;15783
evaluation,3086,95324;96085;5696;30244;39196;85827;87946;3015;37370;30508
evaluation,3087,32160;32120;25420;90720;99464;32384;89894;32356;32270;82681
evaluation,3088,93774;22508;68974;69024;14612;29116;7754;89462;3468;1082
evaluation,3089,24114;25635;30288;77358;23061;14902;67373;52400;67431;54730
evaluation,3090,19760;17924;1248;49452;17328;7914;18200;53672;17530;57710
evaluation,3091,32906;8175;996;48563;17052;85088;56460;7451;33754;6134
evaluation,3092,14952;14836;77615;79301;8402;89472;11910;16476;43726;13027
evaluation,3093,5120;14712;65148;1370;23066;16352;14608;14709;5024;52744
evaluation,3094,99000;89125;17222;5002;23067;48695;96718;46960;67562;51372
evaluation,3095,15880;99570;98950;10014;45872;39424;58744;89125;19914;44544
evaluation,3096,99756;13018;28692;85162;25056;51882;28854;27224;52588;47748
evaluation,3097,56998;37197;47562;46796;37428;20264;33328;18775;39684;33416
evaluation,3098,33882;1011;11082;41130;20190;76728;85658;76818;14748;73644
evaluation,3099,98344;21456;22902;58212;34454;4838;32028;17876;64021;47940
evaluation,3100,21484;21606;15006;34646;14181;98472;73070;23082;45875;71330
evaluation,3101,32160;27694;32120;31819;29446;90720;34504;99464;30536;32270
evaluation,3102,6006;10006;23196;7410;7504;82520;51572;7434;26738;13116
evaluation,3103,98282;40244;34298;91996;5498;13182;40373;21870;56336;36918
evaluation,3104,86618;67262;91852;4960;20814;5570;52700;6931;86580;11288
evaluation,3105,60333;3792;67552;64852;8912;87898;15520;22248;20902;49079
evaluation,3106,17720;31034;51884;27970;17140;17326;15520;44925;84488;79138
evaluation,3107,32958;27574;88595;50771;79807;99234;27018;28298;28840;79485
evaluation,3108,62470;62124;62579;1160;29270;70139;18190;16294;282;59592
evaluation,3109,990;29918;20210;22710;96464;4186;146;26804;140;1155
evaluation,3110,12322;63085;63704;14778;35836;61528;72686;3662;38092;4020
evaluation,3111,99678;354;41144;13975;58600;67638;11092;50908;61324;20302
evaluation,3112,9662;56110;27372;42580;5280;26616;66988;94134;14454;57560
evaluation,3113,87297;77109;62466;87450;81085;39440;56162;47720;24679;38492
evaluation,3114,6360;6310;4468;5782;1014;5407;23218;2567;4368;13768
evaluation,3115,2014;14200;20014;14038;64051;98294;99326;13846;4536;90498
evaluation,3116,81598;26136;81372;11812;11982;71966;59320;93530;7913;63302
evaluation,3117,26506;78972;91582;64552;26842;83614;75074;90602;64536;8333
evaluation,3118,86754;75208;89557;75354;81145;90148;94748;91918;98094;91890
evaluation,3119,99756;5086;54118;36998;47748;52588;61020;99060;28516;52329
evaluation,3120,59352;63044;63598;54572;40971;21632;9488;96418;74492;71674
evaluation,3121,81270;75684;70994;73836;71316;67287;68110;75522;18302;62501
evaluation,3122,52462;96797;50491;65370;89894;90720;58388;31392;28960;25126
evaluation,3123,19852;19004;53357;98002;9443;31550;16080;68262;10122;95932
evaluation,3124,1268;724;98564;22284;87516;83088;75704;49174;84206;34546
evaluation,3125,42495;29131;95278;5956;20006;91025;20486;54802;52750;54924
evaluation,3126,93456;68728;13368;3754;2570;8796;21650;1118;8540;9100
evaluation,3127,65269;9310;84286;64918;8982;12738;25398;65099;97654;78652
evaluation,3128,15520;17326;49980;85280;32719;29186;34710;79973;17140;17720
evaluation,3129,60440;58876;16294;18190;15102;20120;70068;62124;59592;17891
evaluation,3130,64940;49587;93408;70514;39466;6013;40597;98180;39578;17458
evaluation,3131,60333;3792;67552;64852;8912;87898;20902;354;99678;22620
evaluation,3132,19004;19852;44354;98002;53357;55388;68262;85936;18792;9443
evaluation,3133,15006;90145;10998;4699;86826;21042;14181;300;81534;86628
evaluation,3134,98102;91243;2068;65880;92050;78930;97959;23272;12856;32734
evaluation,3135,2068;8607;57876;68334;65880;88483;20774;99476;4767;2790
evaluation,3136,99678;41647;50908;354;3792;60333;20302;92656;13975;67638
evaluation,3137,3828;29748;22306;31034;51894;55075;98878;19372;1462;34814
evaluation,3138,48503;82180;58768;89808;93011;19680;64026;58944;53580;5330
evaluation,3139,38248;45225;49980;12254;17140;41619;91249;7570;9890;17326
evaluation,3140,34644;4813;22306;5659;5760;27970;34968;3008;23248;21024
evaluation,3141,53580;74649;16330;58944;67728;60166;802;87952;68136;79780
evaluation,3142,64882;96718;17222;19050;5002;96944;48695;60112;19133;6056
evaluation,3143,19680;89808;19828;52982;25786;93094;7500;26810;31162;7724
evaluation,3144,14952;14836;43726;36574;79301;35378;77615;11910;8402;15200
evaluation,3145,58212;96418;63598;63044;1338;9488;55022;59352;71674;10508
evaluation,3146,10150;1153;87336;98364;20616;7618;35218;552;80455;26077
evaluation,3147,60333;67552;49079;20902;99678;3792;64852;67638;22248;22620
evaluation,3148,31034;27494;51884;27970;67963;22306;22546;30738;51894;49980
evaluation,3149,48736;14062;89899;21694;10062;5068;9928;11756;69106;7226
evaluation,3150,5066;42874;4222;47144;3558;29891;50848;1618;45004;49339
evaluation,3151,946;1034;57204;18310;1011;18700;96266;17623;29250;26930
evaluation,3152,6360;6310;4468;23218;27664;57577;28248;6390;6554;66101
evaluation,3153,85512;35922;88382;44096;68006;85584;44925;16914;30842;33928
evaluation,3154,89808;7724;92802;19680;19828;8138;8291;56970;72954;93094
evaluation,3155,74213;13746;81050;81120;31868;13016;13959;93969;37080;13766
evaluation,3156,40240;32687;2766;47994;48400;93798;68482;20532;98042;42260
evaluation,3157,64050;72320;9308;42458;6767;54764;54010;89306;49196;95030
evaluation,3158,32906;996;8175;7451;33754;85088;56460;57089;48563;6134
evaluation,3159,79714;61762;32866;46205;85654;40478;51506;46283;45111;65180
evaluation,3160,65148;5120;1370;61967;14748;16352;3260;95392;11082;14712
evaluation,3161,99756;36998;54118;9916;52588;5086;29880;47748;30255;68560
evaluation,3162,7930;92802;37155;7724;89808;92826;45500;92461;93094;54678
evaluation,3163,99756;36998;52588;5086;54118;29880;64562;47748;30255;74844
evaluation,3164,55776;4838;59164;9676;68262;20782;67244;94068;33492;98002
evaluation,3165,53638;66034;33934;25934;44374;46336;63710;1270;8294;49308
evaluation,3166,17222;99000;89125;51372;57710;19050;19760;5002;45000;66618
evaluation,3167,58212;59352;54572;63044;37794;53096;41574;40971;42320;43938
evaluation,3168,17326;44925;75952;2592;85584;77611;55364;44096;31034;17140
evaluation,3169,90098;24610;5680;47618;48180;13084;45670;85578;7018;26858
evaluation,3170,64050;72320;42458;27868;27600;9308;6767;95604;95030;54010
evaluation,3171,43512;25514;27251;41943;52054;18546;60806;49838;93372;39958
evaluation,3172,74944;3010;6204;1011;3954;4856;18238;63924;61945;72114
evaluation,3173,73680;73730;93922;96944;1248;82456;19050;46804;22587;64882
evaluation,3174,24114;25635;77358;30288;52400;23061;67373;67431;14902;41060
evaluation,3175,46394;7788;30962;81360;79794;77790;30688;2668;79186;30774
evaluation,3176,48641;51326;74912;9810;5212;86956;50487;37676;53040;60465
evaluation,3177,49980;17140;17326;43874;82744;85584;32719;15520;26086;29186
evaluation,3178,26950;74010;74352;75920;75128;5684;25254;71461;8814;56168
evaluation,3179,46450;420;88422;91242;60465;86956;86577;54244;87336;88788
evaluation,3180,63434;17502;24120;39214;14296;10872;11166;6574;34972;19034
evaluation,3181,75074;77826;78972;41434;99326;4536;56882;26506;1804;24988
evaluation,3182,94748;96876;75354;98094;60592;22030;90148;84240;40264;8163
evaluation,3183,51326;4394;45434;74912;1108;12862;86950;30244;99234;1234
evaluation,3184,30244;87946;95324;96085;89024;79485;88595;5696;39196;32958
evaluation,3185,15520;27970;51884;60432;8302;54786;43143;3792;17326;42563
evaluation,3186,65488;88114;15356;16438;75844;64376;16558;9148;79592;43143
evaluation,3187,35040;46062;3434;49382;4952;77790;7998;7986;88388;77771
evaluation,3188,48563;32906;56460;15419;17052;85088;996;6134;85552;98853
evaluation,3189,64882;96944;49452;19050;17222;22587;19133;46960;96718;60112
evaluation,3190,81277;33016;63170;996;33522;57347;21470;15419;17668;20482
evaluation,3191,59016;88594;41394;2722;6576;28196;8648;98364;7699;11380
evaluation,3192,35494;11032;62994;6396;65249;51647;20044;94146;32416;1384
evaluation,3193,71710;8814;71461;74352;75920;75128;74010;5684;26950;92402
evaluation,3194,4372;31412;58498;3257;59638;25354;43360;17504;15948;57577
evaluation,3195,64882;96944;5002;19050;17222;49452;96718;60112;65562;19133
evaluation,3196,52604;56371;6536;68590;69263;86180;96060;32444;78172;36283
evaluation,3197,10959;5886;50944;50652;21040;56137;51349;19514;48538;45872
evaluation,3198,20400;40858;78784;656;3742;80664;22284;29874;880;3608
evaluation,3199,7410;26738;14544;7434;7504;6006;6410;4819;10006;5895
evaluation,3200,8250;15487;15874;14279;6868;13832;15783;28204;26372;93800
evaluation,3201,8138;36134;14764;18310;66804;54678;11328;37155;80126;7930
evaluation,3202,51506;79714;65180;32866;4500;5001;4322;672;1876;46205
evaluation,3203,65581;49872;50298;55806;35508;26182;46960;17222;5380;47312
evaluation,3204,60333;67552;3792;87898;64852;8912;96230;20902;26878;99678
evaluation,3205,81372;1836;26246;82604;7998;30508;81598;16136;4674;43792
evaluation,3206,53198;40916;45102;59130;50290;46160;60646;46868;60650;52272
evaluation,3207,13574;43600;28816;33196;98588;60282;8907;38184;22128;41864
evaluation,3208,74396;10062;9928;99564;12992;99749;99020;28972;14072;14918
evaluation,3209,13152;38270;50848;6612;39388;45470;7575;42218;22120;38198
evaluation,3210,96718;67048;65981;98621;26822;99806;23671;23554;23754;23570
evaluation,3211,946;1034;99654;29250;96266;57204;33626;11014;1011;68562
evaluation,3212,64882;60112;48695;5002;46046;49452;7914;17222;22587;45000
evaluation,3213,98966;94877;15224;9074;30274;81840;11974;62182;23338;52956
evaluation,3214,89808;19680;19828;7500;88918;88944;52982;94877;25786;7724
evaluation,3215,89808;7724;19680;19828;7500;92802;52982;25786;31162;94877
evaluation,3216,79328;54586;34454;88388;50536;97124;78552;33064;10933;11982
evaluation,3217,64882;22587;49452;6056;46960;96944;17222;53672;99384;19050
evaluation,3218,94877;53164;53122;3812;29108;90550;88918;98966;88944;21528
evaluation,3219,15419;57089;996;63170;85552;82682;56460;57347;5844;6134
evaluation,3220,85088;1492;16454;1800;8138;15419;17052;82682;5844;99300
evaluation,3221,60333;3792;67552;99678;64852;22620;354;8912;50908;67638
evaluation,3222,76864;51950;66242;51866;55982;52650;63768;42736;15822;4898
evaluation,3223,63652;4960;67262;86618;65910;65194;32734;5570;56588;91852
evaluation,3224,60333;67552;99678;3792;22248;2318;20902;67638;98810;64852
evaluation,3225,43874;85584;17720;17326;15520;17140;44925;82744;25056;84488
evaluation,3226,37422;38536;26292;91884;41415;94370;79794;42488;49188;25932
evaluation,3227,91852;4960;96150;4946;5570;4666;4332;96328;95304;58602
evaluation,3228,13152;19782;29891;47144;66242;50848;45470;7575;22120;39388
evaluation,3229,14347;78000;74990;77702;6840;9130;11726;76740;22499;62684
evaluation,3230,9269;74944;49382;6204;1011;3010;18238;19579;3954;11372
evaluation,3231,73908;71882;69794;70576;89506;11960;88358;65968;75584;21280
evaluation,3232,30898;41052;4618;22020;30579;37274;36274;23726;2186;12564
evaluation,3233,90635;98104;99539;90476;89240;11702;43146;83094;92041;90025
evaluation,3234,90098;2692;5354;47618;78380;8879;22926;6224;8854;6362
evaluation,3235,20698;84812;19082;82075;18758;19020;2042;21666;19018;83958
evaluation,3236,21484;21606;34646;14181;19054;45875;98472;84858;46022;15006
evaluation,3237,15278;38834;94877;82675;82974;98966;29108;90550;24784;87920
evaluation,3238,34646;21484;21606;13523;23915;14181;23210;89834;26804;15006
evaluation,3239,31080;55962;51448;51806;70448;18426;32020;35728;80290;18814
evaluation,3240,84517;6064;71740;83958;1236;87818;68546;98504;23666;9370
evaluation,3241,429;48420;12176;63455;82344;3378;9940;56806;16114;46675
evaluation,3242,1160;62470;62124;62579;15102;282;18190;29270;16294;70139
evaluation,3243,27483;31312;69004;11530;31494;72086;4068;23594;61524;69749
evaluation,3244,4984;54016;54924;1318;57126;24806;99686;9512;54846;58048
evaluation,3245,17222;64882;96718;5002;96944;19050;66080;25518;49452;19133
evaluation,3246,17326;44925;85818;17720;17140;85584;82744;67963;43874;26086
evaluation,3247,60333;3792;67552;41932;99678;8912;354;67638;87898;96230
evaluation,3248,91918;86754;91890;75208;75354;89932;75176;18736;98072;84240
evaluation,3249,81372;887;82604;42488;81598;4674;71966;61184;11812;30508
evaluation,3250,2092;13900;35484;15746;4642;33980;8320;8480;28716;2168
evaluation,3251,60333;3792;67552;49079;64852;20902;87898;22248;22620;45791
evaluation,3252,79807;28298;79485;99234;32958;87946;98946;50771;88595;30244
evaluation,3253,34814;90534;35155;96922;53284;30738;77080;31034;27616;35258
evaluation,3254,13152;50848;38270;19782;29891;66242;26462;50373;96308;41516
evaluation,3255,99539;63862;89240;11702;98104;90635;90476;83094;88748;92041
evaluation,3256,47200;32456;10116;74599;2790;28214;66106;5623;81268;95865
evaluation,3257,1804;64552;33050;33820;90500;43570;79516;33184;13182;17724
evaluation,3258,7788;81954;7754;12188;558;54330;11252;1712;59211;29116
evaluation,3259,92802;7724;8138;89808;92826;8291;7930;93094;19680;92461
evaluation,3260,81372;81598;1836;88388;82604;2162;40608;6246;42488;4674
evaluation,3261,60333;3792;67552;15520;41932;64852;22306;20902;87898;45791
evaluation,3262,81840;94877;61030;40464;32300;73902;82338;39738;72954;80914
evaluation,3263,98806;11938;99768;99386;99300;30707;3640;23713;77118;77418
evaluation,3264,429;42554;32038;14206;95621;53676;52444;3114;28510;14598
evaluation,3265,3434;35040;46062;7788;71946;4952;46394;88388;81360;81372
evaluation,3266,13152;50848;66242;42218;26210;26430;26413;81496;33939;26462
evaluation,3267,51230;34972;51000;10872;8190;96528;11166;58056;75794;54964
evaluation,3268,87370;75354;75208;86754;32050;89557;63862;89528;18302;74006
evaluation,3269,19852;19004;98002;31550;16080;36574;9443;66840;13024;68262
evaluation,3270,12812;40062;45572;47238;4996;94146;74949;62994;2500;26855
evaluation,3271,46916;63380;77726;74842;11084;46958;35456;36024;56837;90605
evaluation,3272,86394;86754;62912;58429;94846;39296;80338;75208;98276;17819
evaluation,3273,68916;68248;76234;75584;924;19610;84660;19280;47618;1247
evaluation,3274,80668;22160;18262;42789;26574;14544;12347;47264;5895;26372
evaluation,3275,65294;42661;42250;48416;23526;49080;4642;72695;63472;58215
evaluation,3276,64882;17222;6056;5002;96542;45706;18412;35508;99000;80952
evaluation,3277,30738;75668;77080;34940;35010;38086;31034;38016;34814;36344
evaluation,3278,35040;46062;3434;7986;887;2068;46394;99165;88388;30688
evaluation,3279,21418;8032;42836;15428;27664;53799;53798;99952;78784;8556
evaluation,3280,64882;96944;6056;46960;22587;49452;17222;99384;19050;23554
evaluation,3281,92802;8138;94877;41122;52982;35086;4732;26994;89808;15128
evaluation,3282,78174;92393;71966;77790;18430;36476;46394;30054;11982;58184
evaluation,3283,44930;28434;10016;51394;33122;35544;71405;98198;11082;59211
evaluation,3284,22587;46804;45706;59807;60112;49482;15295;74250;23754;48695
evaluation,3285,99756;13018;52588;71404;5086;61020;47748;29400;30970;31706
evaluation,3286,60468;3518;702;27124;19990;14147;87206;33792;95318;27988
evaluation,3287,1370;5120;4168;71215;3260;5692;30186;99227;5024;95392
evaluation,3288,73307;57543;9124;71404;73438;8436;73644;82770;73098;73418
evaluation,3289,1034;946;1011;68562;74944;51747;57204;68166;1462;1048
evaluation,3290,98344;22902;91956;47940;47667;98245;68780;21456;21278;2051
evaluation,3291,20350;15128;51984;948;34628;59480;54678;38238;79818;50950
evaluation,3292,27970;77480;31034;27494;67552;15520;3792;75117;67963;77034
evaluation,3293,30508;9269;5696;30244;1276;3015;38546;95324;57350;96085
evaluation,3294,62470;1160;60048;62579;62124;70068;70139;29270;282;18190
evaluation,3295,40916;53198;45102;46160;59130;60650;52272;60646;46868;50290
evaluation,3296,14778;63704;4020;3662;61528;31627;35836;12322;95582;49324
evaluation,3297,17778;18556;91864;40608;77034;19518;21890;1064;59810;1276
evaluation,3298,28550;8416;12206;8631;9042;9658;12535;2132;3298;2202
evaluation,3299,3434;46062;35040;887;7986;4674;4859;81360;73268;46394
evaluation,3300,55806;55408;64702;24490;5983;30904;37360;93588;70220;40254
evaluation,3301,26960;97920;6732;51174;28456;46339;55450;80509;74599;66098
evaluation,3302,13152;29891;19782;50848;66242;47144;22120;39388;7575;26462
evaluation,3303,99539;90635;89240;11702;83094;90476;98104;88748;55576;75516
evaluation,3304,70514;31186;31132;41632;15182;59638;85152;41658;71832;75178
evaluation,3305,68916;68248;924;76234;1247;19280;75584;84660;19336;19610
evaluation,3306,82728;24581;70682;13586;36900;68289;35738;82060;13528;1552
evaluation,3307,788;8712;46408;6210;12352;13068;6478;59592;18206;4972
evaluation,3308,42495;95278;98002;2500;7138;48184;75147;52462;28190;28818
evaluation,3309,45542;45342;17468;25088;70600;10387;47556;36024;46916;11084
evaluation,3310,88748;68332;84834;62110;90476;68296;4708;98104;82044;63862
evaluation,3311,45542;65249;47556;36024;17468;25088;42810;70600;45342;54814
evaluation,3312,47818;86150;2996;47857;72484;81338;47801;79324;99022;94387
evaluation,3313,9334;51536;79494;11698;1184;36558;70822;73226;39180;50190
evaluation,3314,65444;19208;59643;21870;21886;69246;83326;65392;13182;33820
evaluation,3315,1030;42101;24434;52208;30328;29418;73836;3352;3608;96528
evaluation,3316,9332;9230;88086;84756;6080;7244;25354;31650;11598;9326
evaluation,3317,1030;42101;24434;29418;30328;52208;3608;3352;73836;4390
evaluation,3318,99539;63862;89240;11702;90635;98104;90476;83094;88748;92041
evaluation,3319,9310;65269;84286;64918;8982;12738;25398;97654;65099;78652
evaluation,3320,68073;16064;6198;64940;7188;91582;75178;13182;57920;53957
evaluation,3321,6710;6743;6708;7170;7110;9299;13114;12008;2570;1962
evaluation,3322,47758;74050;66908;55582;54976;24811;56490;20055;77740;36348
evaluation,3323,45542;47556;65249;36024;46916;70600;42810;17468;54814;13766
evaluation,3324,33556;78552;97124;79328;98245;53056;13922;13978;53058;34766
evaluation,3325,46916;77726;46958;63380;74842;11084;13108;4590;40494;63172
evaluation,3326,2092;81850;79658;4642;7336;16650;63472;39040;4740;13900
evaluation,3327,14612;15970;58320;8896;30359;50512;81696;17802;15091;8252
evaluation,3328,8540;2290;93456;6668;7762;55590;9432;31915;5536;8796
evaluation,3329,2790;5766;89944;89480;18536;71386;1524;46339;89432;66106
evaluation,3330,13152;50848;45470;39388;19782;66242;22120;34718;87300;38270
evaluation,3331,19208;65444;59643;21886;21870;9310;69246;83326;8708;83412
evaluation,3332,42880;69888;39406;57338;51862;51864;31186;6026;39466;31132
evaluation,3333,85138;21902;46476;49196;49344;69394;37642;89536;10620;24690
evaluation,3334,88748;99539;4708;90635;97662;24901;83094;31510;93772;39949
evaluation,3335,62182;31162;49110;18636;82592;50877;93312;19828;50008;21528
evaluation,3336,72990;13614;49358;1370;4168;41060;5120;6576;65148;91436
evaluation,3337,702;27124;4408;60468;80400;54404;7802;3612;14147;48834
evaluation,3338,33882;1011;41130;429;76728;74872;22677;36532;3246;52650
evaluation,3339,98344;47940;22902;47667;75843;91956;18212;68780;2051;62066
evaluation,3340,32302;25350;98340;702;39036;51496;65522;89842;83036;87698
evaluation,3341,91852;4960;5570;96150;27437;6406;82776;7022;82505;9762
evaluation,3342,60333;67552;3792;64852;8912;15520;87898;354;99678;22248
evaluation,3343,18364;39008;19576;31850;34453;38928;94997;73110;97814;92410
evaluation,3344,5752;77170;74050;92284;24896;55582;90;20055;73044;7298
evaluation,3345,57048;56370;56426;54258;46516;96056;95586;2774;94560;14279
evaluation,3346,59598;342;16728;45616;64238;15804;75910;2186;1153;86002
evaluation,3347,69318;72732;45418;50631;49128;72119;75404;53421;74426;57349
evaluation,3348,92856;83048;61945;83102;93680;86597;19578;9064;81496;15822
evaluation,3349,21294;17800;41735;21870;80040;99780;30399;21886;27358;77445
evaluation,3350,64918;58632;34264;66800;43512;55930;65269;98282;66560;57546
evaluation,3351,83614;64552;90602;26506;8333;57868;78972;17774;27750;91582
evaluation,3352,25694;6712;51647;48454;5676;6420;48680;6362;96422;6824
evaluation,3353,91852;4960;5570;4666;17004;67262;4946;96150;4332;58602
evaluation,3354,59410;12952;66170;96169;26824;31175;66982;4094;4154;73309
evaluation,3355,1160;62470;62579;62124;15102;282;18190;16294;29270;70139
evaluation,3356,19208;65444;59643;21886;21870;9310;69246;83412;8708;83326
evaluation,3357,64882;96944;19050;49452;96718;19133;93922;17222;60112;5002
evaluation,3358,16420;16952;12127;10822;30826;1448;58310;93448;83036;15212
evaluation,3359,48832;43176;85678;4;7198;45886;61476;58114;61540;40208
evaluation,3360,96125;52616;58215;73706;58114;72228;1637;20700;84776;71834
evaluation,3361,7930;37155;11328;22940;92802;18700;18310;54678;8138;98806
evaluation,3362,85308;66952;85863;81357;82400;66738;50298;82836;73969;87028
evaluation,3363,36256;54120;87028;36134;10438;35850;17623;11075;81411;9354
evaluation,3364,44130;1060;3730;16452;38342;37067;5272;36010;7524;1410
evaluation,3365,91086;48563;8175;56460;97810;17394;85552;97906;85088;5844
evaluation,3366,89808;7724;92802;19680;8138;19828;8291;56970;92461;92826
evaluation,3367,92418;19852;19004;66840;31550;48782;38706;9443;53357;4169
evaluation,3368,21456;32028;98344;48506;22403;22902;47971;47940;58212;11506
evaluation,3369,54786;27970;31034;27494;30738;51894;22306;86600;13478;77080
evaluation,3370,32958;28298;79807;79485;88595;99234;27574;98946;86446;87946
evaluation,3371,18190;18026;16294;62470;62579;62124;20120;60440;17891;58876
evaluation,3372,69318;72732;72119;49128;72090;53421;57349;50631;74766;33914
evaluation,3373,28550;53676;12535;12846;91864;63484;13444;12336;23124;23102
evaluation,3374,51230;42656;98240;48736;10872;9826;58056;85998;75074;31312
evaluation,3375,20960;28988;13840;47200;9468;25282;39286;33598;22090;53766
evaluation,3376,44586;28214;33111;81268;62162;59432;80018;32900;38112;97920
evaluation,3377,9334;79494;11698;39180;51536;2191;2144;50190;35956;36743
evaluation,3378,61118;60420;66748;60465;60874;60959;61050;60496;63726;21828
evaluation,3379,60333;3792;64852;67552;98810;45791;22620;49079;354;20902
evaluation,3380,59598;342;16728;86002;84704;45616;75910;8006;15804;2186
evaluation,3381,26592;19040;99482;49880;5375;40646;11958;27372;874;10264
evaluation,3382,22912;552;26309;17778;91864;59898;59810;41415;60336;88836
evaluation,3383,49980;42790;9890;45174;65088;41619;1064;9390;12197;11516
evaluation,3384,11212;60586;51468;30233;12292;23950;13784;47018;88433;64192
evaluation,3385,52220;61062;5354;57566;9382;21046;90098;84660;85087;38338
evaluation,3386,68020;64053;97790;39212;23116;102;30650;26570;39809;22458
evaluation,3387,146;15284;61410;898;31974;15226;1155;11070;5178;30110
evaluation,3388,62470;62124;1160;62579;282;70139;29270;59592;60440;18190
evaluation,3389,26738;7410;10528;7434;7504;82520;10472;9900;92321;10006
evaluation,3390,78552;79328;72996;97124;49016;34766;36283;33328;13978;28572
evaluation,3391,15520;17326;49980;85280;32719;29186;34710;79973;17140;17720
evaluation,3392,60333;67552;3792;64852;8912;87898;99678;354;15520;22306
evaluation,3393,34026;82774;9552;77737;99891;91524;27564;40790;81448;57204
evaluation,3394,75098;81834;92402;88240;71710;88272;92158;87996;75920;26950
evaluation,3395,41498;54064;72670;16454;15604;45957;51148;36134;10474;19526
evaluation,3396,81372;82604;81598;4674;30508;7998;887;42488;16136;43792
evaluation,3397,93456;21650;8796;13368;13236;2290;6554;13462;1118;8190
evaluation,3398,49302;11506;55776;59164;94068;46241;68262;24610;85936;44608
evaluation,3399,61600;77034;17778;30842;35922;5375;61636;84802;71462;12544
evaluation,3400,69318;72732;49128;72119;50631;45418;72090;53421;82328;22248
evaluation,3401,96114;99958;63894;53286;26156;816;45638;34566;59734;28282
evaluation,3402,99000;50852;46960;49452;37197;89125;22587;35508;36072;67562
evaluation,3403,33638;9110;68698;9226;48026;8724;93530;38326;39730;22476
evaluation,3404,51118;87274;30508;936;3015;59579;36766;84806;61184;49363
evaluation,3405,16136;887;1836;81372;61184;82604;4674;71966;42488;81598
evaluation,3406,74944;1011;3954;19579;23007;3246;3010;946;10611;3299
evaluation,3407,93680;40790;96434;34026;8706;81432;82078;82729;2880;72932
evaluation,3408,33700;45000;29634;19760;59579;42762;99570;17924;23035;15452
evaluation,3409,65554;77034;60336;91864;59898;85584;26309;9254;64090;53676
evaluation,3410,24250;10436;12211;51884;77080;52550;75668;5012;61866;1670
evaluation,3411,15709;16116;22262;68178;71330;33750;28190;52631;28818;84858
evaluation,3412,1836;42488;16136;30508;51118;67262;82604;81372;57350;88595
evaluation,3413,88748;83094;75516;23484;4708;32050;23028;39416;24901;63862
evaluation,3414,86891;28034;54924;32038;48140;20486;42495;36408;55388;52750
evaluation,3415,51326;86956;74912;46450;50487;60465;9810;420;74424;61118
evaluation,3416,4960;91852;67262;10887;8660;93074;6406;46058;4666;96150
evaluation,3417,33928;45339;16914;15846;15924;16128;35922;15942;15926;15546
evaluation,3418,91086;97810;97452;48563;8175;68262;35060;32906;56460;15419
evaluation,3419,64882;19050;19133;93922;60112;96944;17222;49452;96718;45000
evaluation,3420,81840;62182;90550;94877;21528;96238;26810;97607;74256;20350
evaluation,3421,19004;19852;51648;4592;11904;12162;12007;38706;22566;41574
evaluation,3422,65581;49872;50298;55806;26182;46960;82456;35508;47312;96944
evaluation,3423,60333;8912;3975;5094;5642;82505;87898;19372;49079;82776
evaluation,3424,65269;31152;2760;84286;2734;98294;46748;7386;43512;97654
evaluation,3425,98192;14062;99324;40254;30904;50218;62434;6324;28988;50070
evaluation,3426,88748;75516;24901;4708;32476;31510;97576;68332;11702;39843
evaluation,3427,9334;79494;11698;39180;35956;51536;59046;2191;80853;69536
evaluation,3428,43146;97662;75516;39949;83094;39640;44823;90635;98104;90025
evaluation,3429,32160;32120;28960;53154;32384;25420;99464;30536;32270;54052
evaluation,3430,35958;12854;13338;14454;92580;55349;4658;94068;9520;14122
evaluation,3431,47756;44544;99570;86548;8035;71502;85412;31945;56728;86060
evaluation,3432,73680;93922;73730;44930;46804;96944;97838;48695;83192;82456
evaluation,3433,97452;77756;26478;9918;75986;62806;93114;97111;68262;23527
evaluation,3434,4960;91852;9696;96150;11528;5570;13234;4332;95304;58602
evaluation,3435,2962;63434;24120;17770;3132;6194;9332;17723;6080;8870
evaluation,3436,14062;98192;40254;78532;8134;24490;9932;61982;6324;74396
evaluation,3437,21294;80040;99780;41735;38270;17800;30399;96796;33763;77445
evaluation,3438,1146;9606;81948;10979;3174;5174;898;76886;20364;59344
evaluation,3439,45542;70600;47556;46916;54814;65249;42810;13766;98136;17468
evaluation,3440,21528;5072;94877;3718;29108;14828;7064;90550;72954;7648
evaluation,3441,33882;1011;11082;76728;41130;14748;73644;20190;15822;77680
evaluation,3442,6056;64882;49452;89125;17222;22587;41040;53672;6538;11524
evaluation,3443,8138;92802;8291;52982;89808;7724;72954;93094;19680;34415
evaluation,3444,48832;43176;85678;7198;4;61540;61476;58114;10154;2168
evaluation,3445,15709;51885;84858;22262;16116;52631;71470;52588;71330;82952
evaluation,3446,96418;1876;86008;11603;9488;1912;8102;10802;27462;13067
evaluation,3447,98344;22403;47667;21456;47940;22902;55776;32028;98245;17876
evaluation,3448,78783;86092;42051;61612;43872;11712;23924;23756;23652;20440
evaluation,3449,30288;41415;46022;48912;85676;84748;26246;46766;50512;50602
evaluation,3450,30738;38086;38016;31034;34814;77080;75668;51894;67963;14722
evaluation,3451,16136;1836;82604;30508;4674;61184;12378;12176;26246;9106
evaluation,3452,77737;34026;49806;15916;9552;91524;5692;51882;11154;99891
evaluation,3453,2098;16044;4031;66052;82728;21990;10778;61410;77266;54282
evaluation,3454,40790;8706;96434;81448;49806;8008;64006;34026;47098;57349
evaluation,3455,35040;46062;3434;46394;81360;7788;4952;30962;73268;7986
evaluation,3456,31264;38092;63085;36344;28348;58684;34762;42563;58558;35836
evaluation,3457,52845;83184;19640;79212;57124;49413;47200;94410;28988;8736
evaluation,3458,55450;29872;59432;66098;97920;50812;76880;38112;1695;95865
evaluation,3459,97806;97259;97530;31318;9235;17458;74808;30370;1680;80230
evaluation,3460,7930;92802;45500;37155;8138;41498;11328;54678;7724;36134
evaluation,3461,10071;61934;59410;10798;30088;19416;18212;37950;79260;52600
evaluation,3462,68248;89262;51787;68916;59280;76234;55310;75584;55641;77028
evaluation,3463,55388;66772;96857;64354;69662;36283;33328;34766;3510;65310
evaluation,3464,64882;96944;49452;19050;96718;17222;60112;19133;93922;5002
evaluation,3465,40034;26556;24728;79818;67996;92040;12318;2392;12090;9712
evaluation,3466,84524;42250;41528;71405;78240;14434;16650;5259;28434;29235
evaluation,3467,85308;66952;85863;82400;81357;73124;66738;73969;6056;50298
evaluation,3468,72228;60400;96125;37328;84524;1637;2168;58114;16650;13900
evaluation,3469,32866;79714;65180;46460;46234;26855;61762;46283;46205;27448
evaluation,3470,84524;42250;14434;41528;71405;28434;29235;78240;16650;65294
evaluation,3471,8138;15604;92802;72670;92460;7930;99859;2492;16454;89340
evaluation,3472,91086;97810;35060;80942;34320;48563;56460;15419;33754;97906
evaluation,3473,15520;27970;3792;60432;22546;17140;49980;59709;17326;67963
evaluation,3474,77737;15916;91524;34026;81448;96040;94338;92942;40790;9552
evaluation,3475,75294;31412;17819;33838;34916;12632;80408;80638;85152;6052
evaluation,3476,96912;6567;25362;54194;26538;34590;96584;34542;22160;99709
evaluation,3477,93922;64882;19050;96718;48695;19133;96944;5002;17283;49452
evaluation,3478,89808;7724;94877;19828;19680;7500;26810;52982;72954;88918
evaluation,3479,16666;55652;88358;76874;10347;57962;89506;59344;5222;10142
evaluation,3480,90614;37654;28376;53056;15872;17294;97758;20463;37220;90350
evaluation,3481,26780;73136;50548;45068;14062;87450;62332;35032;99324;57757
evaluation,3482,58260;3560;3264;3040;74045;6558;72176;71934;98731;70682
evaluation,3483,66772;55388;64354;96857;17572;18775;36283;33288;33243;28572
evaluation,3484,35124;12016;88676;910;94242;2047;780;12740;35456;32544
evaluation,3485,65880;1236;33110;26077;4434;71874;2068;6532;2790;92758
evaluation,3486,15419;5844;82682;1342;17052;1258;85552;57089;98853;48563
evaluation,3487,41122;12486;17623;3979;14764;23713;58330;35962;18310;75661
evaluation,3488,97452;20384;93114;88586;68262;77756;26478;57676;19526;80584
evaluation,3489,64882;96944;49452;19050;17222;22587;93922;60112;46960;96718
evaluation,3490,77737;34026;9552;40790;82774;15916;92942;99891;27564;91524
evaluation,3491,88748;75516;24901;4708;39416;68332;39843;99539;23484;32476
evaluation,3492,35494;62994;6396;32416;11032;21964;87201;3468;20044;77368
evaluation,3493,7898;86180;90614;74045;98636;87710;90350;83820;1846;6558
evaluation,3494,59709;92656;22546;71142;67552;61324;67638;28452;65002;41144
evaluation,3495,29028;28716;10154;12;8480;4132;51792;26018;28054;2092
evaluation,3496,96584;24846;6567;26538;35547;54194;96912;17222;62756;34542
evaluation,3497,19208;8708;65444;59643;21886;21870;69246;9310;83412;62796
evaluation,3498,98002;19852;19004;68262;20782;53357;9443;49302;16080;36574
evaluation,3499,28188;97259;97806;96876;72622;31318;23632;4020;57876;20130
evaluation,3500,41516;17800;49932;69156;69226;56972;98960;58498;8708;77445
evaluation,3501,86510;61020;99756;86312;47748;70736;5086;45004;12572;54118
evaluation,3502,73438;73307;73590;9124;73098;57543;37938;71404;49994;73644
evaluation,3503,32170;71370;13306;70896;92700;70858;26182;91992;23671;70942
evaluation,3504,71876;89250;28536;25047;27691;42656;68170;51598;54010;24098
evaluation,3505,83264;97920;81268;33598;66098;80018;51174;61530;34536;81954
evaluation,3506,89352;66634;47084;9826;88483;12304;14068;48504;98240;89791
evaluation,3507,6360;5782;6418;6351;5542;5407;6310;5620;1014;10530
evaluation,3508,86396;99582;36472;9360;9839;47299;26285;62710;12730;64562
evaluation,3509,72142;36385;57232;30514;50252;35854;1384;82952;76024;28821
evaluation,3510,31819;96797;32160;28960;72000;32120;27694;8234;34504;50491
evaluation,3511,24846;35547;96584;6567;62756;34542;41474;54194;56806;79941
evaluation,3512,28118;32120;27694;32160;52462;27456;31819;28960;53154;25420
evaluation,3513,96857;86150;85983;37206;8214;5510;81328;47269;49016;74895
evaluation,3514,66034;1968;63710;46864;52476;29250;96434;18794;52504;7802
evaluation,3515,31202;99472;95769;81338;81768;57705;99022;44768;72484;86150
evaluation,3516,2734;81170;17368;68073;16086;21096;13182;75410;30121;5490
evaluation,3517,95825;85584;43874;32719;25056;49788;22546;17326;44925;29186
evaluation,3518,77034;1276;17494;54243;43594;36210;81038;73488;92240;21890
evaluation,3519,30443;69106;28988;77402;5765;47302;14918;20960;31035;73136
evaluation,3520,56276;32444;90350;52772;88460;24102;94732;71694;6536;18868
evaluation,3521,42495;15006;36662;59226;59078;75714;57124;71876;14620;92794
evaluation,3522,42260;2870;48400;65974;93798;40240;20532;10314;47994;3178
evaluation,3523,44024;73493;14550;97218;99796;21471;97292;52504;93132;76082
evaluation,3524,95825;32719;91864;17326;58538;29186;49980;71904;27124;86259
evaluation,3525,66772;55388;96857;64354;17572;63404;90436;18775;36283;49572
evaluation,3526,83276;63649;64750;83502;65656;64404;92157;68794;68842;8252
evaluation,3527,91086;97810;68262;97452;56460;48563;32906;15419;8175;33754
evaluation,3528,35850;36256;16810;54120;33776;87028;11075;3171;81411;36134
evaluation,3529,31080;55962;18426;51448;51806;70448;18814;35728;80290;32020
evaluation,3530,60333;3792;67552;64852;98810;99678;22248;87898;9870;49079
evaluation,3531,91582;36426;69578;35001;26842;36258;62381;76067;85112;33748
evaluation,3532,8163;68280;80408;89917;22030;91918;91890;28694;21948;81145
evaluation,3533,51448;1322;22718;45148;45065;51806;46412;50314;40286;28151
evaluation,3534,2982;32547;24826;78962;3307;7258;5946;7048;39816;48690
evaluation,3535,35124;35456;910;37602;65989;95932;780;58212;94242;98504
evaluation,3536,46958;11084;63380;63172;46916;23280;4688;33822;82060;24581
evaluation,3537,25178;30285;12756;44067;39172;45048;76268;22982;62796;36984
evaluation,3538,95274;57596;99237;82729;11516;86259;30152;12254;950;1270
evaluation,3539,30172;81038;3298;9658;17908;40790;14206;91864;2038;39196
evaluation,3540,43704;8416;3015;1276;54220;8631;12206;32125;10814;3298
evaluation,3541,56882;56302;44904;44067;56728;46180;48486;3670;53215;76268
evaluation,3542,57048;54258;96056;94560;56426;2774;56370;95586;46516;5902
evaluation,3543,6;24728;39072;2392;12654;73366;11132;40034;9712;2894
evaluation,3544,97452;33608;23527;68262;97111;28818;75986;23112;18244;58990
evaluation,3545,97636;98262;48610;29131;93860;96456;90605;91025;82933;772
evaluation,3546,46804;80426;80360;17924;49452;92040;19760;99000;42320;72752
evaluation,3547,27970;51894;20902;31034;22306;27494;77080;30738;3828;2592
evaluation,3548,5570;91852;4960;4666;4332;6406;96150;4276;55362;82776
evaluation,3549,20486;22566;17028;32842;47397;990;56506;33152;34504;29140
evaluation,3550,42488;887;81372;12176;43792;4952;40608;9106;88388;61830
evaluation,3551,77737;34026;99891;82774;91524;40790;9552;27564;96040;81448
evaluation,3552,66098;97920;80509;63951;63733;31212;50812;74599;39382;57520
evaluation,3553,50812;29872;80018;1524;66106;51174;97920;34536;81268;63951
evaluation,3554,1030;3608;96528;52208;5438;89377;67772;72579;84834;93140
evaluation,3555,30186;52234;5024;52744;16118;97218;3823;42218;67531;23859
evaluation,3556,12254;11516;12197;1064;41619;42784;874;950;1659;52334
evaluation,3557,17028;32842;60398;20486;85884;22566;59750;3014;82920;34504
evaluation,3558,85676;95606;44954;49188;2880;27124;34791;51596;66988;45026
evaluation,3559,3975;4332;4666;4528;50512;6406;93036;55362;4276;2068
evaluation,3560,87688;5424;88157;96603;50812;71300;94556;89548;12856;20690
evaluation,3561,75668;77080;96922;53651;30738;81074;81740;79492;78930;38086
evaluation,3562,6360;6310;5782;1014;2567;6418;10530;5407;23218;4468
evaluation,3563,83184;79212;52845;57124;19640;47200;49413;94410;19606;71386
evaluation,3564,35494;62994;11032;6396;32416;36385;20044;94146;51647;65249
evaluation,3565,79360;13306;42529;8982;56880;16010;22584;80771;56948;51754
evaluation,3566,27456;28118;28960;82681;32356;32384;54052;52462;32160;32120
evaluation,3567,19004;19852;53628;55549;39831;53357;11592;55388;98002;95932
evaluation,3568,24690;23414;87220;86048;23210;55038;26804;95352;10620;95698
evaluation,3569,44067;2760;12738;96473;13846;83981;33184;18184;98204;83904
evaluation,3570,17394;19794;56460;8175;61784;87520;17632;58924;74555;17052
evaluation,3571,64824;52256;9488;51276;74260;73366;14822;52234;3394;13466
evaluation,3572,10071;61934;59410;30088;10798;18212;19416;20418;37950;40368
evaluation,3573,6828;7476;28676;59526;97254;46288;92240;24326;43704;17140
evaluation,3574,17326;44925;85584;55364;75952;43874;82744;44096;17140;2592
evaluation,3575,77340;1106;26350;57350;35982;32038;56110;53676;79028;5212
evaluation,3576,19640;71386;71824;50373;47200;19836;89432;30194;52845;28988
evaluation,3577,6743;6710;7170;6708;9299;1962;2570;12008;9759;1002
evaluation,3578,56474;10004;86892;58331;49981;33608;12154;4500;97111;14536
evaluation,3579,96584;35547;24846;62756;34542;54194;28960;96797;6567;46959
evaluation,3580,5912;58920;89808;26810;19680;5330;52982;19828;25786;4732
evaluation,3581,69488;24858;2524;2262;2051;20912;37846;17127;83064;83317
evaluation,3582,4934;21652;66952;98524;40440;5024;93968;26210;34288;40971
evaluation,3583,86754;75208;75176;86394;90148;89932;86647;5862;21948;18302
evaluation,3584,87688;64345;1340;14666;89548;55117;96603;92050;78930;88157
evaluation,3585,17028;20486;22566;34504;32842;990;33152;24142;85884;56506
evaluation,3586,34791;34054;95606;58146;66988;49188;6406;27124;19990;14674
evaluation,3587,9592;9212;45340;44864;41396;72732;36094;41301;23626;10342
evaluation,3588,93036;27100;17186;17210;96603;53798;53799;82516;2498;61616
evaluation,3589,70131;51802;71866;98192;69106;46344;77402;74196;39286;22000
evaluation,3590,28960;50990;96797;89762;50491;32384;27456;16714;8234;46959
evaluation,3591,25694;6712;28118;99044;48680;67836;81328;57884;48400;96797
evaluation,3592,96584;62756;35547;24846;34542;3510;54194;6567;82344;48020
evaluation,3593,32170;13306;63154;68102;16010;1698;72210;28804;46994;56144
evaluation,3594,24846;35547;69488;96584;2262;34542;3032;98344;21652;22902
evaluation,3595,19336;19468;21098;76874;34010;34794;34103;31435;65968;22926
evaluation,3596,78552;97124;72996;79328;53058;93744;52764;66220;13958;13978
evaluation,3597,46234;29775;670;46205;11119;46283;45054;46460;11060;45879
evaluation,3598,64882;6056;49452;22587;46960;17222;99384;53672;19050;96944
evaluation,3599,946;1034;57204;54572;11014;98420;96266;71404;68562;51747
evaluation,3600,2524;2051;17127;20912;83317;2262;18412;17712;83064;24858
evaluation,3601,76046;54586;30672;6134;22009;60172;71614;996;7451;72728
evaluation,3602,19852;19004;16080;98002;53357;18792;57048;97452;9443;56024
evaluation,3603,48454;28118;48680;25694;6664;51392;30942;25088;64510;91637
evaluation,3604,55962;31080;70448;51448;51806;35728;80290;18426;32020;18814
evaluation,3605,39944;11702;74108;2734;7386;23484;11678;64986;24906;24940
evaluation,3606,88228;23752;58173;57372;59296;55474;17024;27626;37274;98114
evaluation,3607,74334;56474;86892;972;40176;33064;38746;18803;11272;33122
evaluation,3608,50848;28826;8791;11014;8376;5524;21486;30186;66364;14709
evaluation,3609,55334;85574;28930;43850;89016;44627;22476;81304;30528;90802
evaluation,3610,32170;18786;77872;71370;14035;44490;63154;37509;43622;21260
evaluation,3611,82588;20700;20974;52616;90522;91352;94576;15222;8362;64736
evaluation,3612,60333;3792;20902;67552;48752;50908;99678;3828;49079;22306
evaluation,3613,20116;1318;6928;11212;58331;67762;55324;73085;11986;19925
evaluation,3614,93456;13368;13236;9100;14296;10872;21650;8540;47308;1118
evaluation,3615,62246;68332;56258;89838;62694;68296;39419;48050;88748;89232
evaluation,3616,57048;35060;94560;2774;5902;96056;4628;68487;10384;23826
evaluation,3617,33030;30644;34013;27386;3646;29858;27117;31366;94092;32394
evaluation,3618,9606;1146;81948;15394;65968;47926;24782;55652;11070;10979
evaluation,3619,29278;65974;23789;71934;8284;3560;70948;27448;7898;26855
evaluation,3620,57089;40725;7451;44154;33016;33522;33754;996;22844;16100
evaluation,3621,93922;64882;96944;44930;19050;60112;10959;65392;19133;65562
evaluation,3622,26506;25176;64536;18184;78972;91582;24988;64552;97654;8333
evaluation,3623,85584;17326;44925;43874;75952;15520;82744;17140;77611;44096
evaluation,3624,23746;4666;93074;4946;46022;27100;96603;6406;4276;4528
evaluation,3625,75208;75176;86754;86394;18302;98210;86647;5862;21948;90275
evaluation,3626,24846;35547;34542;6567;96584;62756;32120;1024;96484;25362
evaluation,3627,13746;74213;31868;81050;81120;37080;13016;24812;13959;36976
evaluation,3628,94877;53122;53164;81840;3812;26994;21528;90550;26943;4732
evaluation,3629,18943;82058;12917;61020;12572;26952;5635;34214;9012;25574
evaluation,3630,98853;97906;5844;82682;85552;1342;85088;66765;17052;57676
evaluation,3631,93922;45000;64882;48695;97838;49452;5002;60112;92625;10959
evaluation,3632,99466;97789;8164;7452;79218;3032;33306;10933;18212;33446
evaluation,3633,60333;3792;8912;67552;87898;96230;49079;15520;354;64852
evaluation,3634,55450;29872;50812;38112;1695;51564;97920;7426;72526;66098
evaluation,3635,1030;24434;42101;29418;5487;3686;96528;83688;5938;30328
evaluation,3636,96876;97806;32442;97259;90119;26104;60596;1758;10620;70642
evaluation,3637,66772;55388;64354;96857;36283;33328;34766;28572;49016;69662
evaluation,3638,90098;4614;78380;98136;23222;21022;1072;27230;6362;2692
evaluation,3639,97806;96876;32442;97259;10620;14726;72057;60596;90119;19088
evaluation,3640,91992;96718;92700;23754;23824;23671;23554;26182;23570;19050
evaluation,3641,60333;49079;82505;82776;5094;5642;87898;92736;8912;354
evaluation,3642,29108;90550;94877;5912;89808;19828;19680;31162;30970;52982
evaluation,3643,91852;4960;4666;6406;67262;5570;96150;13234;4332;9696
evaluation,3644,97120;28178;62392;8378;18330;82933;24826;1080;522;72057
evaluation,3645,55450;50812;51564;29872;56161;97920;59432;66098;62162;38112
evaluation,3646,52886;57218;90534;53500;67960;81074;2967;1448;16540;6946
evaluation,3647,55388;48764;96857;3062;58990;10472;16266;69238;19004;56964
evaluation,3648,54541;3646;27117;26883;47200;94092;39831;31366;34011;13534
evaluation,3649,788;6210;8712;46408;14171;12352;13068;24610;2240;4972
evaluation,3650,99434;340;63880;69619;91865;88625;92758;936;61184;91110
evaluation,3651,41602;27224;14162;36200;23854;54720;85643;66212;49980;25166
evaluation,3652,36978;11862;12070;12007;40208;85936;93114;12162;63342;22926
evaluation,3653,17028;32842;86600;20486;60398;22566;34504;17046;90720;990
evaluation,3654,91992;96718;92700;63030;26182;23824;23554;23671;23570;23754
evaluation,3655,52234;30186;52744;16118;30398;42218;11014;5024;97218;26336
evaluation,3656,2524;69488;24858;2051;2262;20912;83064;83317;68414;17127
evaluation,3657,936;26350;87274;67562;22948;1364;47098;1660;27340;2951
evaluation,3658,45930;28528;49188;45875;51596;29186;7988;85676;92504;33626
evaluation,3659,97959;99516;99317;99476;98006;63148;71126;26919;96603;7456
evaluation,3660,62400;55576;99539;78164;18706;18699;83094;89838;90476;22494
evaluation,3661,20311;8708;47684;95384;39102;41334;66101;28922;28754;23207
evaluation,3662,68248;76234;75584;89262;84660;68916;51787;19336;76664;47618
evaluation,3663,66772;55388;96857;64354;36283;34766;33328;66120;28572;17572
evaluation,3664,2014;99326;13846;14200;4536;64051;32642;98294;32646;97607
evaluation,3665,99434;340;63880;69619;91865;92758;936;91110;23048;61184
evaluation,3666,36472;23382;87370;74006;21952;62061;41943;84776;27163;99582
evaluation,3667,55450;29872;97920;7426;51564;50812;34988;38112;1695;24043
evaluation,3668,88748;75516;11702;24901;62222;99539;90635;8276;94214;4708
evaluation,3669,63704;14778;3662;4020;63085;38092;36344;12322;12146;15052
evaluation,3670,11702;63862;89240;13696;99539;88748;7386;83094;90635;70228
evaluation,3671,26350;87274;936;30508;27340;86723;48026;67562;47098;61830
evaluation,3672,80338;90275;12840;86394;83025;33270;89932;40718;37420;86108
evaluation,3673,18581;40244;5498;24798;45856;55930;98194;64940;40772;65099
evaluation,3674,60333;3792;67552;64852;8912;15520;87898;99678;354;27970
evaluation,3675,39419;68332;56258;89232;68296;48050;60282;13696;89838;32476
evaluation,3676,28863;36562;3975;47892;10802;18738;58602;30359;16278;4946
evaluation,3677,44396;55268;44592;4418;17458;5090;24098;95476;99334;63168
evaluation,3678,86754;75208;75176;86394;86647;39790;90275;21948;89932;98210
evaluation,3679,39356;49196;23822;10620;21902;34212;24858;24162;26883;69394
evaluation,3680,93258;34444;30134;98504;51324;21972;13890;56806;29362;74836
evaluation,3681,946;1034;10150;57204;1011;552;84748;4014;11798;35218
evaluation,3682,96230;49079;45791;20902;32274;22306;87898;410;26462;20518
evaluation,3683,69318;49128;50631;82328;45418;72732;72119;75404;41078;57538
evaluation,3684,30738;31034;79138;27970;77080;17720;34940;9820;51884;14722
evaluation,3685,15520;17326;17140;43874;44925;32719;85584;85818;49980;84488
evaluation,3686,55450;97920;29872;38112;50812;34988;59432;56161;6732;1695
evaluation,3687,32546;77510;31627;82310;31264;49324;14064;41647;75670;5506
evaluation,3688,44715;99756;51932;46252;49339;61020;74608;82058;76996;4100
evaluation,3689,60333;49079;99678;3792;20902;87898;22248;67552;22620;86026
evaluation,3690,9074;22677;82284;15200;38326;674;1826;42790;46964;40946
evaluation,3691,1904;85048;82036;58975;53688;99344;14612;1615;30359;59882
evaluation,3692,9212;9592;45340;46604;41052;44864;57349;75576;48782;10342
evaluation,3693,87274;49748;26350;936;82216;86723;10118;75576;16114;77034
evaluation,3694,99434;88625;340;63880;376;69619;25770;36471;49866;71168
evaluation,3695,55450;97920;29872;66098;51564;1695;60184;95865;34988;56112
evaluation,3696,94846;97259;96876;97806;28188;94434;98276;94570;82230;81145
evaluation,3697,99539;83094;90635;89240;90476;55576;98104;88748;62400;92041
evaluation,3698,91582;69246;58108;5362;26506;26842;36984;62796;46748;33820
evaluation,3699,90098;22926;10198;48180;53040;45670;14820;11960;2692;39820
evaluation,3700,35547;24846;34542;96584;62756;2262;69488;98344;6567;47667
evaluation,3701,62400;55576;22494;99539;83094;18699;78164;97662;88748;39416
evaluation,3702,16778;73268;51394;28434;93210;42434;71405;15284;11082;98198
evaluation,3703,69510;63030;91992;32056;48136;26822;96718;95698;42554;92700
evaluation,3704,48563;32906;17052;15419;56460;85088;996;82682;6134;1342
evaluation,3705,26350;936;87274;49748;61830;48026;86446;25072;47098;86723
evaluation,3706,376;63880;340;69619;99434;88625;14843;77510;60673;21016
evaluation,3707,51842;69106;21884;21694;70131;48736;65377;1707;7226;40344
evaluation,3708,79494;17800;9334;36558;69156;51536;49932;58498;4372;41516
evaluation,3709,32160;32120;31142;31819;28118;28960;72000;29446;52462;32270
evaluation,3710,63704;14778;3662;63085;4020;38092;36344;12322;12146;73826
evaluation,3711,55388;66772;96857;64354;33243;49572;63404;36283;17572;90436
evaluation,3712,96114;99958;26156;572;23626;30629;75844;91460;7356;4926
evaluation,3713,68248;76234;75584;84660;68916;51787;19336;89262;47618;19468
evaluation,3714,46234;29775;670;11119;46460;46205;11060;46283;45054;33384
evaluation,3715,97124;78552;33556;79328;13978;13712;94988;53056;70403;74136
evaluation,3716,79714;45111;46205;32866;61762;10834;46283;65180;51506;46460
evaluation,3717,19852;19004;9443;31550;92418;39008;14646;18726;18364;41574
evaluation,3718,33882;73644;23746;57543;83100;41130;1011;76728;80108;52650
evaluation,3719,9488;14464;21486;40971;26210;14709;46582;40868;1912;14712
evaluation,3720,4960;91852;5570;4276;6406;4332;4528;46058;4666;96150
evaluation,3721,72090;57349;10894;1706;59286;9592;11891;2222;10740;80112
evaluation,3722,6360;5782;6310;2567;66101;1014;6351;2621;3459;57577
evaluation,3723,11702;7386;89240;63862;99539;56099;88748;97654;62112;13696
evaluation,3724,75354;8163;87370;22030;58429;84240;40264;94748;21948;80338
evaluation,3725,55388;66772;96857;64354;63404;17572;36283;49572;5579;90436
evaluation,3726,13746;74213;31868;81050;37080;36976;24812;13959;81120;24870
evaluation,3727,32170;10438;28804;70858;70896;71370;11828;12614;70942;70838
evaluation,3728,40373;40772;40244;39105;13182;62112;19342;4708;34298;25178
evaluation,3729,13846;14038;14200;2014;4536;98294;64051;45874;67097;39466
evaluation,3730,14612;83064;83317;32960;30823;30359;96444;96414;1904;50512
evaluation,3731,86525;53958;23207;35058;96414;52588;4664;96444;1876;1912
evaluation,3732,7367;74492;72912;73309;12952;56970;3171;72728;58330;75395
evaluation,3733,86618;91852;20814;6931;4960;67262;52700;11288;63880;10740
evaluation,3734,86446;99234;98946;50771;88595;85900;17256;32958;27574;28840
evaluation,3735,68965;87688;3700;1340;61616;77378;5424;88157;89548;31144
evaluation,3736,55450;97920;38112;59432;29872;50812;56161;34988;6732;1695
evaluation,3737,75062;85328;99089;27266;92650;7226;39286;55940;77402;79646
evaluation,3738,83184;19640;30121;49413;16710;52845;71824;71386;57124;61530
evaluation,3739,32160;32120;31142;72000;28960;53154;29446;32270;65370;99464
evaluation,3740,788;6210;46408;8712;12352;13068;14171;13472;3355;24610
evaluation,3741,96718;96944;99384;60112;64882;17222;5002;6056;19050;66080
evaluation,3742,35058;20912;1876;36333;63900;22404;32874;53958;96414;96444
evaluation,3743,50624;33792;91862;21460;60468;9632;14466;91002;12314;11912
evaluation,3744,88782;6880;46764;79324;85308;50298;59211;82400;8943;73124
evaluation,3745,12254;11516;12197;1064;41619;42784;874;52334;950;1659
evaluation,3746,99434;376;340;88625;63880;88388;36471;25770;69619;9402
evaluation,3747,72090;57349;53421;34054;65194;1706;28282;17064;8008;48782
evaluation,3748,1318;25778;58331;67762;16380;73085;11212;250;20116;6928
evaluation,3749,55450;29872;38112;97920;34988;7426;1695;50812;66098;59432
evaluation,3750,93456;21650;8540;7244;13044;3695;15358;5862;9118;584
evaluation,3751,89432;22282;57124;15334;14518;99020;14512;70131;44292;83184
evaluation,3752,62222;84576;88660;66438;97607;52670;47765;80658;42754;80756
evaluation,3753,98166;9628;76563;65704;98476;79296;6894;35494;10438;57946
evaluation,3754,68248;68916;76234;84660;75584;51787;89262;924;1247;47618
evaluation,3755,68916;68248;76234;924;84660;1247;19280;51787;19610;75584
evaluation,3756,74949;2054;4996;87201;47971;14059;24858;7504;94954;17044
evaluation,3757,50624;30398;91002;75818;41574;77656;33792;91862;14466;95240
evaluation,3758,10347;10611;10142;13084;19912;55652;9194;980;89916;88358
evaluation,3759,62222;42754;11702;19986;99539;88748;7386;39936;80756;19962
evaluation,3760,55576;18699;62400;24874;22494;39640;90025;39949;78164;91996
evaluation,3761,18706;62400;90500;25178;84834;90119;90635;78164;71108;39416
evaluation,3762,26506;20427;25176;24988;18184;64536;56882;77826;75074;25610
evaluation,3763,2630;35960;83586;20198;46388;43858;91500;91396;13310;66928
evaluation,3764,91081;99686;47397;94616;66314;11600;23915;550;24690;92037
evaluation,3765,38964;72579;77464;45470;10540;77445;81434;12652;10256;79494
evaluation,3766,89808;88918;88944;7500;94877;19828;19680;52982;25786;72954
evaluation,3767,2396;81840;89590;98966;24236;93312;41588;74256;15428;62182
evaluation,3768,63030;69510;67048;91992;92700;67786;3975;80840;96718;26822
evaluation,3769,28442;28426;28366;26556;88594;87916;18794;2604;78268;6278
evaluation,3770,89808;19680;19828;7500;88918;88944;52982;94877;25786;7724
evaluation,3771,60333;8912;19372;87898;82776;5094;5642;82505;3792;354
evaluation,3772,77737;34026;15916;81448;96040;40790;91524;92942;9552;99891
evaluation,3773,27574;28840;50771;32958;79807;27018;99234;98946;28298;17256
evaluation,3774,17028;990;1155;22458;20192;20486;38784;24142;38210;39186
evaluation,3775,99434;376;340;63880;88625;69619;25770;65556;77771;36471
evaluation,3776,87688;65227;61616;89548;68965;81740;90534;65606;88157;96603
evaluation,3777,55450;97920;29872;51564;1695;38112;50812;60184;66098;59432
evaluation,3778,68248;68916;76234;75584;84660;99759;51787;55310;8740;89262
evaluation,3779,15480;84206;63451;56024;71694;27004;45728;83598;2026;44046
evaluation,3780,24846;35547;96584;1372;3032;62756;6567;34542;46952;77312
evaluation,3781,90098;2692;5354;5680;84660;4614;47618;61062;96422;5610
evaluation,3782,43498;72695;43460;98872;63472;73474;93228;14854;79658;50040
evaluation,3783,4395;29128;48748;54488;8216;84074;87402;6899;11436;84129
evaluation,3784,80987;24850;98420;38326;15996;75301;9074;80786;36034;35874
evaluation,3785,34677;52112;85161;1276;1494;65182;27116;5042;74844;39828
evaluation,3786,23746;1011;73644;33882;76728;57543;41130;76932;70506;15822
evaluation,3787,14464;9488;40971;30398;26210;46582;27894;14709;40868;98524
evaluation,3788,45684;3658;75358;38345;35960;39403;29156;10232;47619;86046
evaluation,3789,65656;83276;63649;64750;92157;64404;83502;68842;68794;69697
evaluation,3790,54640;54670;85048;58975;1904;99344;53688;87344;10280;14612
evaluation,3791,4169;20936;26478;18792;25102;67244;1260;58990;24102;45341
evaluation,3792,32476;88748;24901;75516;68332;31510;23484;4708;97576;22494
evaluation,3793,62400;55576;18706;99539;68332;39416;22494;18699;68296;84834
evaluation,3794,10116;9952;50031;25155;1524;6732;35014;74599;62162;59432
evaluation,3795,68248;68916;76234;84660;924;75584;1247;47618;21098;51787
evaluation,3796,19852;19004;98002;31550;53357;56024;20936;44807;10122;56964
evaluation,3797,68590;67104;78172;15392;95604;38887;7484;73242;98492;19090
evaluation,3798,9628;98166;65704;6894;12614;12374;12834;6646;72162;35494
evaluation,3799,46234;45054;46460;46283;4322;4500;79714;5001;45500;45111
evaluation,3800,77080;14466;3438;85027;46864;41574;11310;11912;52744;59352
evaluation,3801,64021;27003;26092;46137;59750;3032;14551;4592;4838;67106
evaluation,3802,10116;5080;72856;50031;25155;9952;81268;72526;51174;16374
evaluation,3803,10198;66530;90098;78154;22292;35462;86594;8879;8854;96422
evaluation,3804,92786;23214;18028;21886;58050;10276;21526;81768;61188;72484
evaluation,3805,35960;2630;7276;91396;91500;9910;83586;59636;12764;20198
evaluation,3806,4222;9491;9074;1618;4682;5066;37182;13994;32302;73112
evaluation,3807,42728;43486;53406;21958;7988;71215;1348;21906;95758;98114
evaluation,3808,39419;18699;97576;78164;62400;24901;55576;18706;60282;22494
evaluation,3809,10979;1146;76886;5174;11070;15394;9606;60251;81948;38220
evaluation,3810,47878;85983;70192;47754;15464;56922;13978;58320;91026;684
evaluation,3811,62400;55576;18706;99539;68332;39416;22494;18699;68296;84834
evaluation,3812,64021;27003;26092;59750;46137;14551;4592;4838;58212;49126
evaluation,3813,1034;946;26309;68562;1011;3718;74944;10611;68166;1048
evaluation,3814,3434;35040;46062;73268;30962;81360;71946;79794;7788;46394
evaluation,3815,63704;14778;3662;4020;63085;38092;36344;12322;12146;73826
evaluation,3816,75354;8163;58429;87370;21948;22030;80338;17819;89932;86754
evaluation,3817,26506;78972;25176;20427;26842;75074;24988;64552;18184;83614
evaluation,3818,57920;33222;32979;21526;20470;57876;61188;31012;62738;75338
evaluation,3819,22836;3140;26338;22551;49980;45174;17014;29186;21016;50974
evaluation,3820,1146;15394;76886;9606;10979;5174;11070;898;81948;55652
evaluation,3821,55349;22160;55176;24102;3462;26574;17730;54194;28190;99709
evaluation,3822,75336;64852;30436;73242;67638;46958;2592;18640;13610;98810
evaluation,3823,24846;35547;96584;62756;34542;6567;28118;8786;30233;94989
evaluation,3824,49980;26338;22836;3140;45174;29186;58538;22551;10980;41568
evaluation,3825,6646;12374;12614;65704;10438;11828;9523;98166;9354;12834
evaluation,3826,59462;21911;8606;64174;45208;17894;59502;93684;52886;45305
evaluation,3827,15520;27970;17326;34710;17140;41568;49980;51884;15646;32719
evaluation,3828,17406;4116;92700;51372;88284;93854;64882;58920;31410;90762
evaluation,3829,28434;71405;16778;23527;93657;10207;66952;42025;42250;76492
evaluation,3830,946;1034;18310;17623;18700;96266;4813;98420;53580;1011
evaluation,3831,36412;64764;38338;38972;83036;6946;52886;24326;19416;6828
evaluation,3832,2524;2051;69488;20912;2262;37846;1876;18412;17127;24858
evaluation,3833,4938;5078;80716;52526;26086;33792;54418;4264;14551;10208
evaluation,3834,60333;67552;3792;49079;64852;99678;22248;22620;20902;87898
evaluation,3835,44954;12558;29186;13218;12946;12898;95606;45026;9520;14812
evaluation,3836,26506;78972;20427;75074;24988;91582;26842;18184;25176;77826
evaluation,3837,86150;24906;72484;60806;11678;99022;11704;81338;2996;80360
evaluation,3838,25420;27694;32120;54052;32160;32384;28960;28118;82681;32356
evaluation,3839,53056;3560;6558;53058;90614;50012;64716;98731;3040;14216
evaluation,3840,60333;49079;3792;99678;20902;67552;22248;87898;86026;22620
evaluation,3841,56460;57089;5844;43298;8175;98853;15419;996;66765;85552
evaluation,3842,65656;64750;83276;63649;64404;71084;92157;83502;69697;68842
evaluation,3843,66952;85308;82400;81357;85863;66738;73969;49482;34174;2744
evaluation,3844,44627;28930;44682;55334;44730;34856;29349;28555;29894;28896
evaluation,3845,74256;81840;62182;38834;55680;23118;7980;94877;96238;61228
evaluation,3846,60333;67552;3792;64852;99678;15520;8912;22306;27970;354
evaluation,3847,69619;63880;88625;376;340;99434;19674;14843;18055;32734
evaluation,3848,93591;86394;80338;90275;75176;98960;8708;86647;80638;46752
evaluation,3849,50031;55450;72856;51564;24043;9952;81268;50812;72526;62162
evaluation,3850,19852;19004;44807;66840;98002;36574;49302;85936;20782;31550
evaluation,3851,33556;78552;97124;79328;53056;13978;53058;94988;78044;72996
evaluation,3852,31819;11580;87554;55549;25126;22566;41090;65982;53154;29140
evaluation,3853,51262;80784;5607;24896;65160;9491;62213;11628;34766;96056
evaluation,3854,45138;46026;3108;9440;32814;22412;4100;79621;99184;19831
evaluation,3855,5912;7472;39730;85574;5330;3010;42790;89808;15200;26414
evaluation,3856,42030;95392;46150;26229;46612;61967;3979;10972;98524;99686
evaluation,3857,77034;61600;82078;26285;33314;52750;61636;29590;21110;1727
evaluation,3858,59579;27672;85574;15452;29634;97516;15200;64068;21890;64090
evaluation,3859,18622;44130;38342;30656;7976;98962;87120;17714;3730;9908
evaluation,3860,79658;98872;2092;63472;43460;43498;4642;73474;16650;50040
evaluation,3861,32866;65180;46234;53398;40654;4500;3166;5001;46283;46205
evaluation,3862,15419;35060;56460;85552;5844;48563;82682;17052;97906;91086
evaluation,3863,74540;16650;2092;4642;77660;7336;15428;76988;7198;29774
evaluation,3864,59352;29250;41516;38270;71215;66242;63044;5112;49932;28446
evaluation,3865,95082;46426;45826;10834;61762;46205;86890;46283;45111;60352
evaluation,3866,60333;49079;8912;354;3792;5094;5642;19372;99678;82505
evaluation,3867,56460;57089;43298;8175;5844;98853;15419;996;66765;85552
evaluation,3868,17668;81277;33038;63418;22492;24836;21470;57347;73128;20505
evaluation,3869,85308;82400;85863;66952;66738;76802;81357;54678;49482;73124
evaluation,3870,4740;4638;4636;4522;33446;59986;93228;98872;91352;39040
evaluation,3871,99434;63880;77611;75952;936;340;69619;92758;91865;42488
evaluation,3872,75074;78972;26842;26506;77826;63022;4536;7126;98461;56099
evaluation,3873,30399;45470;36387;77464;81434;50373;50190;69156;66242;35490
evaluation,3874,78164;71174;89240;70228;86224;58108;24940;97312;32016;39576
evaluation,3875,31850;97814;38928;36024;36172;39044;74328;18726;18364;69264
evaluation,3876,4740;98872;4638;22599;43498;93228;73474;2092;39040;11258
evaluation,3877,4395;84074;29128;8216;84129;44378;20140;87402;84300;6899
evaluation,3878,60333;3792;67552;20902;49079;48752;50908;22620;64852;8912
evaluation,3879,12314;98690;11310;79764;73096;11912;99344;57629;12426;72814
evaluation,3880,788;8712;6210;46408;14171;55916;84206;20446;75704;20376
evaluation,3881,28712;27672;9890;59579;29634;1064;36210;64090;33742;2618
evaluation,3882,4960;91852;4276;4666;4946;82868;4332;58602;96328;82505
evaluation,3883,1146;9606;81948;5174;10979;76886;16666;898;15394;13074
evaluation,3884,98002;19852;19004;26478;31550;16080;36574;13024;66840;56426
evaluation,3885,13023;96797;90720;25102;13540;25022;58388;28960;32160;50491
evaluation,3886,72000;32160;31142;65370;76024;32120;52462;90720;82350;99464
evaluation,3887,9334;69156;51536;69226;4372;4062;79494;29891;39180;77445
evaluation,3888,70514;41632;31186;15182;31132;41658;75178;33748;84901;85152
evaluation,3889,3670;61188;4750;53215;31510;44067;5490;48486;39854;70680
evaluation,3890,30570;71043;83741;74108;62110;62458;62684;62694;58618;47896
evaluation,3891,39109;71200;71119;40772;64940;98194;18124;94290;40244;76268
evaluation,3892,16990;21418;30570;82044;23484;60282;7386;11487;96818;1088
evaluation,3893,74836;72456;580;96146;15876;1424;1442;99030;13890;32026
evaluation,3894,78552;33556;97124;79328;53056;53058;15464;13978;10830;72996
evaluation,3895,27694;25420;32120;30642;32160;82681;54052;28118;53154;65370
evaluation,3896,27838;27868;27600;88676;43308;59132;57708;43010;52772;51732
evaluation,3897,97724;28960;7436;16714;53154;50990;31819;8234;27700;8668
evaluation,3898,42260;32687;65974;40240;2766;48400;93798;47994;2870;72176
evaluation,3899,33030;74196;34011;31366;94092;13890;27386;30644;36917;87516
evaluation,3900,39220;46516;20318;27940;73210;57347;43012;44807;31234;82952
evaluation,3901,51448;45148;28151;1322;84162;20949;51806;21008;50314;22718
evaluation,3902,46958;46916;74842;63380;19742;77726;11084;4688;24581;35456
evaluation,3903,21362;2047;20044;97120;77368;77960;45542;88296;16044;59667
evaluation,3904,26936;70848;49196;52650;82776;7290;58602;53592;92736;93312
evaluation,3905,72954;31162;94877;26810;8772;21528;81840;19828;26994;58920
evaluation,3906,88388;46758;92758;71168;82604;9106;36471;7998;30508;57350
evaluation,3907,44490;244;84576;61190;43749;62580;48048;38834;10208;10223
evaluation,3908,85308;66952;81357;85863;82400;50298;49452;47660;6056;73124
evaluation,3909,75810;44627;55334;89125;41122;99344;28930;80987;67530;81304
evaluation,3910,92758;376;340;22912;99434;5320;63880;88625;69619;77771
evaluation,3911,9592;9212;45340;44864;23626;9190;35974;86580;58173;36338
evaluation,3912,42488;81372;887;4674;82604;81598;11812;9106;43792;40608
evaluation,3913,80777;4255;11956;63598;60336;41415;24676;59898;23066;94856
evaluation,3914,55450;97920;50812;29872;66098;59432;34988;51564;38112;56161
evaluation,3915,56099;26506;50180;64552;33184;40512;90602;79516;8333;6052
evaluation,3916,86754;75208;75176;86394;90148;89932;86647;83025;84240;18302
evaluation,3917,47200;33111;89432;62162;1524;81268;2232;10116;9432;32456
evaluation,3918,44067;56302;44904;53215;56882;48486;76268;71154;3670;69356
evaluation,3919,64940;49587;70514;31132;39578;17096;57920;31186;75178;39466
evaluation,3920,16438;65488;50826;16558;15356;88114;43143;54720;64376;9148
evaluation,3921,29108;5330;98966;25786;89808;53164;52982;53122;19680;94877
evaluation,3922,34013;54541;33030;94092;27117;3646;27386;34011;27107;88676
evaluation,3923,40240;42260;20532;93798;32687;98042;47994;39979;48400;71934
evaluation,3924,94877;81840;62182;44490;83036;93312;58322;32300;38834;1098
evaluation,3925,17232;288;4309;45100;26280;85716;13550;77312;77931;760
evaluation,3926,2668;10610;2068;10214;71234;11851;97510;7772;17048;72686
evaluation,3927,13608;64542;16296;36364;13614;49358;42394;33782;3324;97510
evaluation,3928,22458;38210;81170;50076;17368;21780;55724;34008;51787;35590
evaluation,3929,28596;82338;94877;52030;30274;78144;20406;51743;23096;4963
evaluation,3930,16260;3444;3944;2362;50;43594;1072;45046;34476;21022
evaluation,3931,48834;80400;3640;3612;3600;3582;11802;29154;16038;26431
evaluation,3932,19336;19468;21098;76874;34010;34794;65968;31435;34103;34484
evaluation,3933,60333;3792;67552;20902;49079;48752;50908;22620;64852;8912
evaluation,3934,24988;56099;40512;25610;64552;64536;33820;25176;53215;90500
evaluation,3935,6360;6351;5782;6418;5542;2290;10562;582;5407;8540
evaluation,3936,49234;64688;68616;63294;64702;83276;97422;55408;56970;57640
evaluation,3937,28188;38887;30316;69510;77426;67104;68170;5112;46230;78146
evaluation,3938,82716;21526;13892;95769;2373;46104;18706;20662;68296;18388
evaluation,3939,46750;45454;67090;85012;19967;10000;51806;40014;45148;47092
evaluation,3940,20311;47684;95384;8708;41334;22508;53216;80620;66101;39102
evaluation,3941,82520;7504;26738;14544;7150;80490;13116;45498;19916;51572
evaluation,3942,788;46408;8712;6210;13472;15722;12352;14171;75704;55916
evaluation,3943,19336;19468;76874;21098;34010;65968;34794;22926;31435;34103
evaluation,3944,72000;31142;32160;32120;99464;90720;76024;65370;13540;32356
evaluation,3945,39820;90605;13310;14348;66772;32536;21788;91025;32112;10598
evaluation,3946,94877;53164;53122;3812;90550;98966;29108;26994;81840;88918
evaluation,3947,72695;43498;43460;63472;98872;73474;79658;14854;50040;81850
evaluation,3948,10547;18024;22262;50512;2876;18738;2070;21656;30359;32960
evaluation,3949,33882;1011;41130;76728;11082;73644;85658;77680;14748;52650
evaluation,3950,63030;91992;96718;92700;69510;2248;23671;23554;26822;11851
evaluation,3951,16778;93210;51394;11082;28434;85926;42025;73268;98606;50072
evaluation,3952,81082;52886;41244;8016;16260;83036;3472;23924;30998;23756
evaluation,3953,17924;19760;49452;47660;17530;17328;81496;1248;31560;18200
evaluation,3954,60333;49079;99678;45791;98810;1450;3792;64852;87898;20866
evaluation,3955,28840;79807;79485;99234;27574;98946;88595;50771;87946;28298
evaluation,3956,25176;26506;20427;56302;78972;24988;91582;77826;97654;56882
evaluation,3957,11702;99539;63862;49208;88748;83094;97576;89240;56099;18748
evaluation,3958,18706;62400;90500;55576;84834;39576;19170;53215;88526;68296
evaluation,3959,27694;53154;30642;30536;28960;25420;96797;50491;58388;65370
evaluation,3960,90098;47618;4614;8879;78380;85554;8854;45670;5354;68916
evaluation,3961,24846;96584;35547;3032;6567;34542;62756;92214;10454;41474
evaluation,3962,30707;4426;30646;858;25690;46306;29716;36992;95727;2492
evaluation,3963,96944;96718;6056;5002;99384;17222;58744;7914;64882;326
evaluation,3964,82338;81840;89016;94877;82592;16509;83036;53164;90550;89008
evaluation,3965,63342;77170;33920;81454;27430;38338;80061;12998;83036;61830
evaluation,3966,14796;15205;93894;13703;15819;10518;8480;10946;11482;8362
evaluation,3967,11516;11574;12254;12197;12211;52334;12290;41619;51884;12104
evaluation,3968,34484;34794;39624;37106;39632;88670;924;1247;37379;21098
evaluation,3969,26506;78972;18184;64536;90498;25176;24988;6086;64552;32016
evaluation,3970,25047;68170;27691;93524;89250;72190;24263;24098;20100;76944
evaluation,3971,97920;33598;35014;55450;80018;60184;78846;56161;18018;6732
evaluation,3972,90500;62400;18706;71108;40512;18699;34298;25178;61238;48360
evaluation,3973,75208;86754;75176;86394;22254;98210;21948;8708;90148;96876
evaluation,3974,75354;17819;58429;21948;86647;93591;87370;22030;8163;87450
evaluation,3975,11704;99022;60806;2996;16406;7386;24906;36503;93297;7696
evaluation,3976,89894;90720;65370;99464;25126;72000;52462;32120;28960;32160
evaluation,3977,1146;10979;11070;5174;38680;60251;9606;81948;898;38220
evaluation,3978,4169;71694;83840;90146;34542;83992;7150;68060;29548;80092
evaluation,3979,21098;19336;19468;76874;34794;34010;34484;88670;21280;19280
evaluation,3980,75294;31412;33747;80638;6052;9644;41434;68296;16208;27338
evaluation,3981,98094;93488;10646;95801;89917;94748;90148;40264;91918;89557
evaluation,3982,56460;85552;43298;57089;66875;5844;7451;1258;15419;20384
evaluation,3983,86008;96418;10802;28878;11603;19662;9103;3827;29490;11772
evaluation,3984,72000;31142;32160;99464;32120;90720;13540;34504;25126;32270
evaluation,3985,78552;97124;79328;78044;27004;13978;13958;33556;18750;6478
evaluation,3986,6326;35572;48806;80290;35728;48919;48984;62984;85012;55962
evaluation,3987,1330;496;13514;32536;2500;9764;32754;75564;4819;7150
evaluation,3988,16714;90720;53154;50491;36664;32120;31819;16772;28960;32160
evaluation,3989,31366;33030;30644;4169;27117;34013;51650;82350;54541;3646
evaluation,3990,79576;13523;57708;58320;59132;69238;10472;95885;10528;51572
evaluation,3991,10959;17283;66092;12998;3272;93922;56174;80403;91322;50652
evaluation,3992,79714;45054;11262;60352;45500;61762;26855;85654;46460;93680
evaluation,3993,15880;69012;98950;24806;99570;29796;36073;446;1719;23272
evaluation,3994,44864;9592;9212;23626;41396;41301;35974;86580;41052;45340
evaluation,3995,77737;82774;34026;9552;91524;82523;27564;96040;81448;51882
evaluation,3996,78972;77826;91582;7386;14200;50180;14038;26842;56728;26506
evaluation,3997,18469;98240;66634;56693;72334;89352;20400;13722;47440;47084
evaluation,3998,68916;76234;68248;84660;75584;924;51787;47618;19610;1247
evaluation,3999,3264;3040;3560;71934;6558;58260;27448;98731;39846;1846
evaluation,4000,50072;2894;75926;65717;86312;61762;61967;75878;38746;85926
evaluation,4001,91852;4960;96328;5570;4276;4946;11528;9696;4666;95304
evaluation,4002,85027;9994;50018;79944;64900;30998;21170;15491;17240;21134
evaluation,4003,19852;19004;31550;39808;98002;40094;44807;4169;66840;70736
evaluation,4004,1146;9606;15394;81948;55652;65968;11070;5174;47926;60251
evaluation,4005,96944;64882;19050;17222;19133;46960;23554;22587;6056;96718
evaluation,4006,33608;33492;17868;97111;8696;68262;73730;73680;21466;93730
evaluation,4007,79756;11802;19636;29154;19798;77310;63234;15604;34415;91929
evaluation,4008,65581;50298;49872;46960;77250;55806;96944;82036;26182;47312
evaluation,4009,89250;71876;28536;25047;90452;42656;27691;31318;20100;54010
evaluation,4010,83088;30867;1080;47302;8378;522;92254;2344;25309;46856
evaluation,4011,82682;85552;5844;1342;98853;19526;66875;40725;85088;17052
evaluation,4012,93094;66702;41212;19680;67996;67728;3308;3196;68136;54404
evaluation,4013,60333;3792;67552;64852;20902;49079;22620;22248;99678;354
evaluation,4014,79138;34940;30738;44925;84488;31034;77080;46604;3994;51884
evaluation,4015,59580;85027;31820;21170;75117;69318;3008;28254;43486;14274
evaluation,4016,71824;19640;71386;50373;77402;47200;14512;14518;89432;57124
evaluation,4017,27158;7452;27476;99466;3032;42602;8164;33306;79218;11138
evaluation,4018,7788;81360;46394;73268;21076;14152;31210;71946;76644;30962
evaluation,4019,31820;85027;69318;28254;59580;3008;79944;21170;14274;75117
evaluation,4020,44930;96944;93922;10959;14123;42320;17283;83192;92625;27626
evaluation,4021,27158;99466;27476;3032;7452;42602;10933;11930;18212;79218
evaluation,4022,788;8712;6210;46408;12352;13068;14171;4972;75704;6478
evaluation,4023,11032;62994;35114;35494;34534;48820;63864;1384;36385;45572
evaluation,4024,17028;25102;73666;82350;896;31142;84776;34504;16620;72940
evaluation,4025,3264;3040;6558;3560;71934;98731;58260;27448;19310;1846
evaluation,4026,788;8712;6210;46408;14171;58212;75704;90647;12352;49396
evaluation,4027,1330;496;32536;32754;13514;9764;75564;2500;4819;3536
evaluation,4028,71694;15480;95278;14544;7138;12347;74196;772;83598;65354
evaluation,4029,17028;64910;5382;46604;49326;32842;51884;92826;20486;3014
evaluation,4030,91852;4960;4666;5570;4332;96150;53592;76932;3975;4946
evaluation,4031,77737;34026;40790;96040;9552;99891;81448;82774;91524;15916
evaluation,4032,51230;48736;7226;85328;69106;96528;51842;89899;34972;9928
evaluation,4033,22;12262;64820;14836;8402;23428;11642;14952;23844;45886
evaluation,4034,34874;674;8402;22403;33492;33608;86291;60188;74816;40044
evaluation,4035,10570;29883;37224;39232;30442;20550;14891;91172;56686;66738
evaluation,4036,28712;8302;19107;9890;36210;43594;2618;1064;17778;64090
evaluation,4037,78552;2774;78044;97124;13978;33556;79328;94988;50252;13484
evaluation,4038,60333;87898;49079;3792;99678;20902;67552;96230;8912;26878
evaluation,4039,3434;35040;46062;73268;30962;81360;30774;88625;46394;16889
evaluation,4040,47200;30121;19640;10116;57124;89432;26052;28988;39578;2734
evaluation,4041,22810;66842;10276;18124;67610;38402;90712;99089;26818;57124
evaluation,4042,75208;86754;86394;75176;89917;89932;8163;22030;90148;21948
evaluation,4043,11704;11678;89001;7696;24940;89240;27664;18748;86224;64986
evaluation,4044,4960;91852;4332;4276;4946;5570;4666;82868;58602;6406
evaluation,4045,62756;96584;24846;48772;35547;9948;84995;55388;4658;34542
evaluation,4046,78552;2774;78044;33556;50252;97124;13978;94988;79328;13484
evaluation,4047,1330;2500;32536;496;90605;7150;14544;10598;8214;91025
evaluation,4048,598;95932;910;58212;12202;24612;780;94242;88676;35456
evaluation,4049,73128;85678;67110;33492;45886;46112;48832;23338;7198;43176
evaluation,4050,22823;37224;25669;7312;15450;9294;8846;60506;1594;71671
evaluation,4051,10570;19526;79818;15419;66765;17052;68262;66875;44952;30442
evaluation,4052,2618;4813;86043;26106;28712;64090;36520;54720;17623;9820
evaluation,4053,3434;35040;7788;46394;30962;46062;4952;81360;71946;73268
evaluation,4054,22810;66842;24976;31312;48664;56693;96542;73849;31494;51496
evaluation,4055,90720;34504;72000;99464;32160;52462;25126;32120;94989;65370
evaluation,4056,96584;24846;35547;34542;6567;62756;54194;69626;41474;3510
evaluation,4057,95330;58322;86577;60959;82292;420;91988;52924;76333;29108
evaluation,4058,48832;64820;4;7198;40208;43176;33492;45886;85678;73128
evaluation,4059,10570;92438;29883;57640;66738;39232;92572;63294;948;38558
evaluation,4060,77737;9552;49806;91524;15916;34026;81448;59580;92942;96040
evaluation,4061,32958;28298;79807;79485;99234;88595;27574;98946;4813;86446
evaluation,4062,51230;34972;39926;68042;48392;36304;28248;85998;40594;74758
evaluation,4063,66202;98872;63472;73474;50040;42740;43498;43460;1776;76992
evaluation,4064,82776;59078;26936;59226;45206;22872;4666;58602;48814;4946
evaluation,4065,4318;41993;23767;22226;81634;74382;10138;98588;816;33149
evaluation,4066,420;46450;58970;9810;86956;63432;59584;91988;53707;60374
evaluation,4067,136;55724;6850;75790;23750;146;86891;76356;3931;50216
evaluation,4068,4960;91852;5570;76932;4666;96150;9696;58602;4332;6406
evaluation,4069,60586;11212;51468;12292;9542;13608;23950;9730;11986;50072
evaluation,4070,21098;76874;19336;19468;21046;34794;34103;34010;24482;1094
evaluation,4071,19090;7022;23749;32932;63562;64050;23822;46476;89536;19088
evaluation,4072,35058;36333;20912;22404;1876;96414;96444;63900;86525;32874
evaluation,4073,45000;82216;57314;44166;5002;85308;33700;15452;84519;85574
evaluation,4074,99466;7452;27158;8164;18212;79218;42602;3032;97789;27476
evaluation,4075,29490;49126;65581;41040;83064;11379;83317;11082;4262;17222
evaluation,4076,83276;83502;64750;65656;63649;92157;68842;68794;64404;69697
evaluation,4077,14550;50186;61762;59314;22144;35832;412;8252;14822;85390
evaluation,4078,49202;95727;996;33016;72785;40725;85552;15419;68888;77310
evaluation,4079,14902;24114;41060;67122;46426;45826;25635;59168;53274;9520
evaluation,4080,67068;75878;38746;45957;19948;54678;34628;75926;15128;948
evaluation,4081,4960;91852;96328;4276;5570;4332;82868;85540;4946;13234
evaluation,4082,9212;9592;45340;23626;9190;41396;41301;44864;10342;23718
evaluation,4083,34026;82774;77737;51882;99891;27564;9552;91524;40790;57204
evaluation,4084,29186;49980;44954;43218;12898;34791;15040;12558;12946;9520
evaluation,4085,14778;63704;49324;35922;12322;73826;83592;3662;72686;4020
evaluation,4086,22752;81893;36592;22683;80112;33165;7988;20814;53406;17422
evaluation,4087,88625;340;376;99434;63880;69619;88388;77771;60673;77790
evaluation,4088,96603;92050;71300;65227;65606;64704;89548;4666;93036;4946
evaluation,4089,42488;9106;16136;80496;887;82604;12176;81372;30508;9269
evaluation,4090,32719;95825;49470;33638;50974;49788;49044;49980;29186;17014
evaluation,4091,74010;75128;5684;75920;71461;26950;74352;2639;71492;25254
evaluation,4092,60806;61188;65269;81768;7696;97654;23870;43512;24906;99472
evaluation,4093,42656;35142;34942;10620;3956;66842;10914;12198;4919;7738
evaluation,4094,8708;86394;51444;98210;61266;32162;70442;80338;19272;36503
evaluation,4095,6360;6418;5782;5542;6351;50746;5407;19272;3416;23890
evaluation,4096,71386;71824;19640;28958;27228;33598;48264;21028;30194;16710
evaluation,4097,4732;72954;44684;18744;20652;26810;26994;8772;26943;3812
evaluation,4098,41212;42392;36364;20550;3690;90814;20212;11119;91436;6940
evaluation,4099,30148;30088;18700;15712;14789;14274;19107;54720;27224;15226
evaluation,4100,35572;45065;48806;50314;48919;35728;48984;80290;6326;62984
evaluation,4101,83598;4510;51000;18368;28204;14279;7764;51978;51562;38422
evaluation,4102,76988;7336;72828;4832;13900;77660;10474;17639;14995;27204
evaluation,4103,21098;76874;19468;19336;21046;34794;21280;13084;34103;37379
evaluation,4104,3040;3560;29232;3264;74045;58260;32916;70682;6558;71934
evaluation,4105,56460;20384;57676;14498;87520;66875;57089;1258;66765;6134
evaluation,4106,64882;49452;6056;22587;53672;46960;41040;99384;17222;96944
evaluation,4107,94877;90550;53164;26810;88918;88944;53122;21528;26994;19828
evaluation,4108,67110;12262;20505;73128;64820;11910;11970;7198;64819;43726
evaluation,4109,29490;83064;65581;83317;26930;11379;37206;11082;55752;49126
evaluation,4110,60333;64852;99678;67552;3792;49079;67638;98810;354;20902
evaluation,4111,3434;46062;35040;71946;16889;4952;7788;46394;99074;81360
evaluation,4112,34263;5498;26172;64552;6052;65798;10276;98282;47430;21886
evaluation,4113,75208;86754;86394;8708;21948;8163;80338;75176;90108;3503
evaluation,4114,24846;35547;96584;62756;3816;3032;21970;91956;34542;58958
evaluation,4115,19852;19004;31550;66840;30596;10071;39808;40094;44807;14646
evaluation,4116,94877;90550;4732;29108;21528;81840;53164;53122;96238;26994
evaluation,4117,42394;53556;31126;1150;23066;31816;57216;88986;69012;23778
evaluation,4118,38092;63085;36344;63704;35836;12322;50908;3662;42563;12146
evaluation,4119,63880;88625;69619;65556;376;19674;340;25770;15467;30670
evaluation,4120,77737;81448;49806;91524;92942;15916;86160;34026;9552;19856
evaluation,4121,6743;6710;7170;1962;9299;6708;2570;12008;9759;9130
evaluation,4122,23216;26550;31035;10042;33598;43354;52845;99749;96134;12056
evaluation,4123,16234;33152;36408;57390;22252;28034;42314;6423;140;26804
evaluation,4124,3560;3264;3040;58260;74045;72176;29232;6558;71934;70682
evaluation,4125,11312;20700;15819;11258;64736;15512;81850;91352;10424;82588
evaluation,4126,65581;81522;46804;26182;61342;37750;47269;83184;26374;49872
evaluation,4127,79780;80264;11304;69344;1912;38198;42340;26955;91862;3204
evaluation,4128,78552;5902;10384;33556;4628;97124;10874;68487;79328;78044
evaluation,4129,44067;44904;53215;56302;56882;48486;76268;44410;56728;71154
evaluation,4130,86754;75354;94748;60592;62912;8163;94434;22030;90148;90119
evaluation,4131,9212;9592;44864;45340;41396;41301;23626;40962;41052;11288
evaluation,4132,9212;45340;9592;10342;41396;41301;41287;44864;57349;17160
evaluation,4133,71386;71824;47200;50373;19640;30194;89432;30121;27228;28958
evaluation,4134,78552;5902;10384;33556;4628;97124;10874;68487;78044;79328
evaluation,4135,35572;48806;45065;50314;35728;48984;48919;80290;6326;62984
evaluation,4136,3560;3264;3040;98731;74045;90614;64716;70682;72176;6558
evaluation,4137,14952;11910;14836;4592;36574;43726;20505;15200;79301;11970
evaluation,4138,56460;85552;57089;66875;5844;43298;82682;15419;98853;85088
evaluation,4139,9738;14070;88389;18486;6690;91798;23866;18728;17723;47966
evaluation,4140,21526;18388;95769;81768;73525;99472;78304;80230;82716;74152
evaluation,4141,15182;75178;5464;26052;65444;57124;71832;65392;65562;2190
evaluation,4142,91852;4960;4332;13234;5570;4946;96328;82505;96150;95304
evaluation,4143,77737;9552;49806;15916;91524;30028;34026;81448;59580;99891
evaluation,4144,50652;16280;6960;51390;7754;89306;21643;8858;9578;51349
evaluation,4145,6418;5542;6360;6351;5782;50746;19272;13346;23754;23570
evaluation,4146,70864;71043;86224;32282;61188;11704;16406;60806;23484;24940
evaluation,4147,67552;99678;3792;41144;50908;22620;22780;354;48752;22248
evaluation,4148,72579;38964;50190;50373;39180;9334;36387;10540;468;93120
evaluation,4149,20700;52616;94576;82588;20974;90522;91352;8362;75582;21952
evaluation,4150,30672;30707;46306;3836;2162;38238;16210;7338;91324;33378
evaluation,4151,2462;36992;37450;732;63234;20700;36256;51148;97451;82588
evaluation,4152,72954;26810;8772;21528;26943;26994;4732;94877;89808;90550
evaluation,4153,27158;27476;7452;99466;8164;33306;3032;79218;97789;18212
evaluation,4154,36862;48912;26878;50602;50280;54946;49665;48752;17483;55362
evaluation,4155,71788;48026;9269;72884;10156;12176;887;89117;88388;210
evaluation,4156,85308;11712;61562;33700;4254;18982;77170;7022;7968;41040
evaluation,4157,9212;9592;23626;45340;86580;10342;44864;35974;41301;96948
evaluation,4158,35040;11986;81360;7788;30962;46062;73268;2668;7986;81372
evaluation,4159,65606;92050;96603;65227;71300;64704;6406;4666;4946;4276
evaluation,4160,38092;36344;63085;63704;51894;35836;34762;12322;22546;48752
evaluation,4161,5696;95324;96085;15526;39196;14284;30244;12206;3015;24914
evaluation,4162,30738;31034;77080;34814;51894;27970;75668;27494;38086;22306
evaluation,4163,16612;2498;38960;20006;18386;68170;23702;7912;1760;62266
evaluation,4164,70131;77402;55806;50548;69106;26780;50070;38198;25047;15063
evaluation,4165,11702;99539;89240;62222;88748;63862;62110;90635;62112;75516
evaluation,4166,72954;26810;8772;21528;26943;4732;26994;94877;19828;89808
evaluation,4167,8760;67996;3640;21588;81411;85654;3308;1362;1398;53274
evaluation,4168,14122;67790;45698;64060;35124;14992;26032;86752;99681;13880
evaluation,4169,6960;62994;6396;3468;26524;35494;33971;74949;18262;21964
evaluation,4170,67996;8760;85654;17623;4408;87336;3308;1444;5428;53274
evaluation,4171,66202;98872;73474;58215;42740;20700;63472;43498;93228;45682
evaluation,4172,10663;91540;14960;1714;11380;11576;34483;35776;80455;82679
evaluation,4173,51842;75301;3836;20350;79646;84218;47806;65148;75062;55408
evaluation,4174,29108;94877;90550;21528;81840;72954;19828;3812;26810;83036
evaluation,4175,92004;44131;27090;61784;4408;26810;41122;2814;48834;732
evaluation,4176,4960;91852;4332;4946;4666;5570;4276;6406;82505;58602
evaluation,4177,26350;936;47098;1660;67562;87274;47018;30508;27340;798
evaluation,4178,27003;26092;46137;59750;64021;14551;41568;95318;7770;14466
evaluation,4179,31242;51576;24478;610;532;36908;25482;10595;39657;44656
evaluation,4180,4592;17238;46864;29154;80400;46137;92418;47532;26478;41574
evaluation,4181,65148;5120;61967;64494;95392;36364;3444;72990;1370;17712
evaluation,4182,10570;38558;30442;56686;33776;21622;56970;3171;58330;28442
evaluation,4183,44828;40364;98294;50746;20798;80771;19272;77826;59807;29304
evaluation,4184,17028;32842;17046;20486;53500;21228;3938;410;64910;85334
evaluation,4185,99434;88625;63880;340;376;19674;69619;65556;25770;71168
evaluation,4186,55268;44396;44592;34942;5090;23496;69888;1736;63168;4418
evaluation,4187,1094;13084;55652;9762;79596;88358;16666;76874;9554;22816
evaluation,4188,21400;33152;29140;11214;22566;24870;21446;28118;20486;48020
evaluation,4189,21098;76874;19336;34794;19468;34010;924;65968;1247;37106
evaluation,4190,19767;45065;40014;45454;45148;48984;80290;51806;50314;35572
evaluation,4191,9606;1146;81948;65968;15394;55652;24782;5174;11070;20364
evaluation,4192,89808;19828;7500;19680;72954;94877;25786;52982;7724;31162
evaluation,4193,27003;26092;64021;59750;46137;14551;41568;7770;67106;49126
evaluation,4194,27158;27476;42602;3032;18212;68780;99466;11930;7452;19834
evaluation,4195,10663;91540;14960;11380;1714;11576;80455;58944;76624;2784
evaluation,4196,11379;33064;80692;12924;13466;4170;11982;42025;11603;54586
evaluation,4197,83276;63649;65656;64750;83502;64404;68842;92157;69697;99859
evaluation,4198,10367;9820;79592;67552;16438;54720;67963;75117;49980;3792
evaluation,4199,35040;3434;46062;11986;81360;7788;30962;82604;73268;81372
evaluation,4200,65606;92050;96603;27100;26772;17186;27410;65227;17210;94078
evaluation,4201,71824;71386;33598;16710;28958;21028;97577;30194;16634;48264
evaluation,4202,75354;58429;8163;87370;17819;22030;21948;80338;84240;40264
evaluation,4203,1247;39624;37106;39632;924;11684;21098;37379;76874;55652
evaluation,4204,67552;99678;3792;41144;50908;22620;22780;60333;354;22248
evaluation,4205,45065;50314;45110;19767;45148;35572;71646;80290;48984;62984
evaluation,4206,74949;87201;12812;14059;40062;90112;2500;26855;83820;3462
evaluation,4207,788;8712;6210;46408;14171;31622;12352;55916;13068;6478
evaluation,4208,96944;66080;72142;36662;44930;96718;80403;60112;5002;64882
evaluation,4209,91852;4960;5570;4332;96150;53592;96328;4946;9696;13234
evaluation,4210,5782;6360;5542;6418;6351;5407;5324;10444;1154;68146
evaluation,4211,74196;70131;10042;71495;55408;70220;50548;63343;49234;93588
evaluation,4212,31186;31132;41632;70514;41658;15182;33838;6052;59638;39406
evaluation,4213,22810;66842;26818;73849;81392;99089;96542;18124;24539;24976
evaluation,4214,54541;30644;8258;78130;29858;50012;39831;31366;33030;57514
evaluation,4215,78172;67104;65216;95604;43308;14432;75336;73242;15392;3496
evaluation,4216,48832;85678;4;7198;43176;58114;45886;41026;57418;26298
evaluation,4217,96718;5002;64882;46046;19050;48695;6056;19133;7914;49452
evaluation,4218,48832;4;58114;41026;7198;85678;762;58758;26298;43176
evaluation,4219,27003;26092;46137;64021;95318;40971;41568;59750;49126;67756
evaluation,4220,91540;10663;1714;14960;72643;11380;93011;80786;87952;11576
evaluation,4221,44130;17714;8938;1060;3730;16452;36010;30656;37067;1410
evaluation,4222,9212;9592;44864;45340;41396;41301;17066;41052;23626;72758
evaluation,4223,46062;35040;3434;7986;7788;46394;4952;88388;30962;61830
evaluation,4224,9212;9592;44864;45340;41396;41301;41052;50941;96948;23626
evaluation,4225,95930;27111;21986;6406;4666;24521;21964;3975;55362;4332
evaluation,4226,37422;13218;12558;12946;14812;12898;15040;42864;49188;84748
evaluation,4227,70514;31132;41632;86150;15182;31186;41658;90025;31510;75516
evaluation,4228,55450;29872;97920;1695;59432;50812;7426;34988;38112;66098
evaluation,4229,5782;6360;5542;6351;6418;5407;5324;67412;67314;6310
evaluation,4230,6710;6743;6708;7170;7110;9130;12008;9299;11150;6928
evaluation,4231,33111;81268;56161;1524;50031;71386;66106;44586;71824;25155
evaluation,4232,78972;26506;20427;56882;25176;24988;18184;75074;56302;32642
evaluation,4233,35142;34942;11722;35348;35113;2979;3200;2900;66842;89252
evaluation,4234,57757;3256;72190;41034;77402;63343;8736;38198;70131;70220
evaluation,4235,28960;28118;82681;32120;52462;27456;32160;32384;25420;27694
evaluation,4236,19852;19004;31550;98002;53357;66840;9443;44807;14646;36574
evaluation,4237,1146;10979;9606;81948;15394;47926;3174;46616;5174;65968
evaluation,4238,54541;3646;32394;27117;32422;29858;31366;30644;8258;94092
evaluation,4239,95278;10472;14544;10528;74196;12347;75147;24102;71694;20006
evaluation,4240,3560;3264;3040;74045;98731;90614;64716;72176;70682;6558
evaluation,4241,46408;6210;8712;788;12352;44518;13068;49396;4972;18039
evaluation,4242,68248;68916;76234;84660;75584;51787;924;47618;19336;21098
evaluation,4243,45000;1260;73680;18982;73730;97838;10959;44930;16714;15368
evaluation,4244,37846;2524;2051;20912;2262;98198;46804;17127;18412;85308
evaluation,4245,60333;3792;99678;20902;67552;49079;354;22306;64852;87898
evaluation,4246,59432;29872;80018;1695;50812;55450;55549;2498;33598;56112
evaluation,4247,85936;44354;53357;18792;21460;54109;36574;28960;57347;95932
evaluation,4248,35547;24846;96584;34542;62756;6567;3816;11346;54194;2262
evaluation,4249,89472;43920;77384;11970;13242;43726;16476;74816;12122;11910
evaluation,4250,17714;44130;3730;1060;8938;30656;36010;1410;37067;16452
evaluation,4251,64820;64819;12262;4440;11970;20505;11910;43920;43726;13027
evaluation,4252,4552;61342;19739;87898;3640;31216;71215;52504;26336;29996
evaluation,4253,29490;11082;11379;83064;49126;83317;65581;55752;33776;83160
evaluation,4254,51148;37450;4832;2492;7336;43498;5130;46306;73474;71963
evaluation,4255,93672;42176;22823;25669;21547;11038;3842;8846;37224;8016
evaluation,4256,17714;44130;3730;1060;8938;30656;36010;1410;37067;16452
evaluation,4257,10832;11210;10966;27478;45100;11119;95082;21426;27604;97510
evaluation,4258,97741;84726;35958;92580;25392;42488;14572;50958;12812;23196
evaluation,4259,37224;60506;20406;58040;40946;15450;9104;9294;33038;8846
evaluation,4260,29490;83317;83064;49126;11082;65581;83160;11379;33776;41040
evaluation,4261,46062;35040;3434;7986;887;88388;4859;99165;4952;73268
evaluation,4262,19510;1098;17006;17494;2698;12211;55908;49980;41422;61184
evaluation,4263,95930;27111;21986;4276;4666;33463;55362;22948;4528;6406
evaluation,4264,70514;31132;41632;15182;95769;31186;58050;86150;2996;31510
evaluation,4265,81268;50031;55450;62162;72856;51174;59432;50812;25155;56161
evaluation,4266,54109;53357;55388;63450;96854;83840;98002;48764;19004;95932
evaluation,4267,21098;19336;76874;34010;34794;19468;1247;21280;24482;65968
evaluation,4268,6644;6646;12614;65704;98166;12834;12374;11828;97738;6894
evaluation,4269,3040;27448;71934;3560;81328;73611;3264;74045;58260;6558
evaluation,4270,80264;46026;5635;79780;79621;33414;40388;11304;42340;49240
evaluation,4271,59050;18256;23630;2234;74758;74981;12694;11887;7989;21054
evaluation,4272,63704;38092;36344;63085;14778;48752;3662;12322;50908;4020
evaluation,4273,61188;86150;32282;60806;95769;72484;70514;15182;44768;99022
evaluation,4274,880;25578;86378;80664;27664;656;85218;78784;87715;6150
evaluation,4275,54541;27117;3646;32394;30644;29858;32422;94092;48140;31366
evaluation,4276,13880;13890;1024;13154;13159;99681;14160;14992;99821;74836
evaluation,4277,10198;96422;35462;42810;48180;47618;18896;11300;11366;11106
evaluation,4278,7724;19680;25786;19828;89808;93094;31162;7500;8138;52982
evaluation,4279,78652;780;910;44656;598;17382;32544;95932;5302;7636
evaluation,4280,85390;1698;12316;51390;54356;19128;24811;15606;32798;10959
evaluation,4281,76988;7336;72828;16650;77660;43894;8480;32508;2092;17639
evaluation,4282,93672;42176;22823;25669;21547;11038;8846;3842;37224;60506
evaluation,4283,74050;47758;54976;55582;43760;36348;66908;20055;24811;56490
evaluation,4284,85138;37642;39356;72990;10620;21902;22998;24690;53274;27478
evaluation,4285,35572;50314;45065;80290;48806;62984;51806;35728;48984;55962
evaluation,4286,26851;27662;13860;48534;68487;28114;18894;17294;90256;26032
evaluation,4287,78606;34334;9542;9382;7018;60342;90145;24160;8578;23767
evaluation,4288,45065;45110;80290;35572;19767;62984;51806;45454;35728;18503
evaluation,4289,14836;14952;11910;22;10798;16476;10071;79301;11970;20505
evaluation,4290,73128;46112;85678;67110;7198;4;74672;29028;48832;43176
evaluation,4291,4552;61342;52744;87898;26336;29996;11014;20098;71215;91942
evaluation,4292,84457;12862;24216;54379;404;2855;5738;95318;3878;1608
evaluation,4293,10570;38558;56686;68858;33776;23778;3171;58330;68773;3980
evaluation,4294,28550;9658;12206;5042;24060;88836;12846;59810;12535;9210
evaluation,4295,38750;75714;70848;74995;2746;74486;87336;2951;23112;28818
evaluation,4296,6351;6360;5542;5782;4864;6418;10512;7230;45068;5566
evaluation,4297,55388;69662;36283;66772;65310;64354;44354;84206;56024;10874
evaluation,4298,21098;1247;34794;65968;13084;55652;19336;34103;34484;21280
evaluation,4299,30644;54541;29858;34013;32394;27117;3646;32422;31366;33030
evaluation,4300,17450;15588;55684;22500;13504;35106;90780;38160;18936;73231
evaluation,4301,48832;4;64820;7198;40208;45886;43176;85678;33492;2
evaluation,4302,7724;89808;19680;92802;19828;25786;93094;31162;7500;8138
evaluation,4303,7724;89808;92802;92461;92826;93094;25786;19680;19828;7930
evaluation,4304,91540;10663;14960;93011;1714;11380;2346;87952;71674;2784
evaluation,4305,35106;24850;3690;16509;21622;17450;15996;64830;26070;92504
evaluation,4306,51576;30110;29582;31242;23804;43347;39006;23384;27908;25018
evaluation,4307,94092;27117;33030;31366;30644;27107;54541;3646;88676;71694
evaluation,4308,21964;62994;35494;32416;11032;3468;6396;19870;77960;33904
evaluation,4309,97124;33556;79328;78552;30172;20376;47878;70192;56922;7059
evaluation,4310,10310;70192;56922;47754;47878;76628;60336;97124;91026;574
evaluation,4311,85552;996;82682;85088;41026;5844;57089;762;33016;40725
evaluation,4312,85552;996;82682;41026;85088;57089;5844;762;40725;33016
evaluation,4313,70514;86150;31132;41632;15182;33904;41658;31186;95769;8276
evaluation,4314,9592;9212;45340;41396;41301;44864;10740;40962;11288;23626
evaluation,4315,66988;9520;44954;49188;45875;85676;38532;43218;45026;12558
evaluation,4316,42784;14891;41619;12197;59750;58538;94342;11516;17140;12254
evaluation,4317,19336;19468;76874;34010;13084;24482;88561;88670;21098;31435
evaluation,4318,65704;23872;70858;9354;6646;97738;70838;70896;9523;89506
evaluation,4319,35960;2630;12716;91500;20198;622;91396;91588;14348;13310
evaluation,4320,18346;22718;96146;32026;28154;51324;28151;8648;31802;1322
evaluation,4321,70514;86150;41632;31132;31510;33904;95769;41658;15182;8276
evaluation,4322,35142;34942;35113;35348;2979;3200;3956;2900;88740;12947
evaluation,4323,12262;11910;11970;13242;14952;43726;16476;43920;14836;78258
evaluation,4324,14836;14952;11910;10071;16476;10798;20505;11970;89472;79301
evaluation,4325,80264;79780;46026;22412;20690;11304;20474;26955;3296;99756
evaluation,4326,60333;49079;8912;3792;354;82505;82776;92736;87898;5094
evaluation,4327,27878;7510;9744;8026;96444;7552;96414;62710;82659;7746
evaluation,4328,77266;39820;87516;43658;7048;48690;1268;35156;29616;71483
evaluation,4329,63085;38092;36344;63704;35836;34762;12322;27396;58558;51894
evaluation,4330,28550;9658;63484;9210;9042;12846;12206;12535;13444;7108
evaluation,4331,69106;11756;86654;14062;28512;7226;28988;15334;99020;35032
evaluation,4332,70514;86150;15182;95769;33904;58050;8276;39440;59638;61188
evaluation,4333,75684;68110;67287;71316;75522;62501;81270;18302;76618;75338
evaluation,4334,23872;9354;65704;89506;65968;70858;71370;70896;6646;9523
evaluation,4335,90605;10598;496;2500;91025;32536;1330;7504;7150;14544
evaluation,4336,17382;80784;44656;24486;34590;910;78652;95932;88676;780
evaluation,4337,33556;78552;63500;33030;13978;31574;71488;97124;31366;69818
evaluation,4338,20902;82328;390;34968;67756;69318;30674;1906;77080;13975
evaluation,4339,93974;46058;8660;6406;4666;13234;4332;96150;93074;45206
evaluation,4340,44864;17066;4118;50941;46392;9055;53798;53799;41396;79266
evaluation,4341,18292;33782;62182;65981;77982;23100;24160;9548;18786;14314
evaluation,4342,73686;42470;42442;73045;15840;73902;15748;54252;42683;16040
evaluation,4343,24114;61762;95082;10832;10834;23061;43918;11210;11262;53274
evaluation,4344,23804;39006;610;20086;51576;30110;532;19912;19018;19714
evaluation,4345,45688;41570;37636;65377;97124;29122;21884;35268;32080;12228
evaluation,4346,26886;33939;36636;26328;5098;75576;36338;79726;35987;20814
evaluation,4347,37422;15040;38300;12946;38536;91884;14812;84748;12898;13218
evaluation,4348,95930;27111;4666;14684;6406;9106;93074;21986;81360;7788
evaluation,4349,80018;34988;18018;55450;50812;33598;29872;24043;97920;5623
evaluation,4350,71386;71824;28958;27228;19640;30194;83184;33598;49413;23216
evaluation,4351,72086;31312;4068;29114;24092;39678;62162;27266;6106;71106
evaluation,4352,51564;50031;62162;24043;97254;50812;51174;55450;46339;31790
evaluation,4353,53357;85936;55388;44354;68262;19004;19852;18792;26478;56094
evaluation,4354,81948;1146;9606;898;55652;11070;20364;5174;10979;60251
evaluation,4355,11162;22306;3828;18352;36052;53332;1734;34644;38632;27494
evaluation,4356,5844;82682;85552;85088;15419;98853;17052;1342;66765;56460
evaluation,4357,87314;70131;69106;71866;89899;21694;9928;79646;85328;47806
evaluation,4358,53707;75292;170;8032;17474;58970;50268;34690;24850;74424
evaluation,4359,4960;91852;7022;85138;5570;4276;96328;76932;45206;4946
evaluation,4360,28396;95330;420;53707;7822;9810;75292;58970;46450;52156
evaluation,4361,8900;420;93530;59320;47090;4952;887;5428;90454;1234
evaluation,4362,26476;14350;64860;43938;4044;56582;92856;5656;88228;32264
evaluation,4363,96220;9940;86621;798;429;63455;74334;91864;14536;29656
evaluation,4364,56922;47878;10310;574;91026;70192;47754;60336;3314;33556
evaluation,4365,60112;80403;93922;96944;36385;26030;5002;96718;64882;59807
evaluation,4366,63649;65656;64750;68794;83276;8252;83502;63044;22120;64404
evaluation,4367,5844;82682;85552;85088;15419;1342;98853;17052;66765;56460
evaluation,4368,93011;8914;54586;92040;53132;16381;64824;74540;86294;93494
evaluation,4369,2618;36520;9890;65088;5375;42790;36210;46758;67822;34762
evaluation,4370,72484;39843;39416;81768;88748;23484;39576;32294;94214;81338
evaluation,4371,75516;88748;90635;97662;99538;11702;94214;97576;39640;99539
evaluation,4372,60333;3792;67552;64852;20902;8912;354;99678;20302;22620
evaluation,4373,67262;4960;91852;5570;7788;37422;30962;63710;88788;14402
evaluation,4374,44954;45026;45930;29186;45875;46022;49980;38750;7988;12946
evaluation,4375,62579;16294;62470;1160;17891;20120;18026;62124;58876;18190
evaluation,4376,98946;50771;99234;32958;79807;79485;30244;28298;88595;2526
evaluation,4377,17028;1155;20486;17046;990;32842;3114;4428;54396;73666
evaluation,4378,74010;26950;75128;71461;5684;74352;75920;2639;71710;8814
evaluation,4379,4666;21986;27111;9750;6406;33463;95930;12176;398;10156
evaluation,4380,38750;75714;70848;2746;74486;87336;67996;8291;30957;2951
evaluation,4381,6360;5782;6351;6418;5542;5407;6310;13868;50746;3416
evaluation,4382,10979;11070;53536;1155;54396;10978;61410;14182;46146;13212
evaluation,4383,48736;99564;34972;51230;7226;16208;62790;32340;27266;40338
evaluation,4384,72000;31142;32160;99464;90720;65370;32120;29446;52462;76024
evaluation,4385,23872;9354;65704;6646;71370;9523;70858;89506;70896;11075
evaluation,4386,54541;29858;30644;32394;3646;34013;32422;31366;57514;8258
evaluation,4387,496;1330;32536;32754;75564;13514;92354;2500;32776;91025
evaluation,4388,59461;76268;83614;85574;63022;439;25668;65698;29304;25178
evaluation,4389,78552;33556;71488;74895;63500;33030;72996;13978;2621;97124
evaluation,4390,5570;4960;91852;6406;24162;93974;4666;60042;23822;82868
evaluation,4391,85552;996;82682;41026;85088;5844;57089;2462;762;98853
evaluation,4392,7452;99466;27158;27476;8164;33306;18212;33446;79218;42602
evaluation,4393,14836;14952;11910;10071;20505;16476;79301;89472;22;11970
evaluation,4394,97124;78552;50252;13958;79328;13484;33556;72996;13978;13670
evaluation,4395,6360;5782;6418;6351;5542;5407;19272;50746;3416;10444
evaluation,4396,74642;72856;62162;51564;83816;16374;32456;78568;96854;25722
evaluation,4397,71876;26780;8012;31318;22000;24263;28536;1082;99324;99334
evaluation,4398,80509;41642;22082;12968;62104;99350;78144;31212;25430;88250
evaluation,4399,25430;4494;28188;94954;5149;22666;95674;95030;47424;41570
evaluation,4400,83033;95932;7436;94242;97724;35547;8620;34542;4169;37806
evaluation,4401,2630;35960;14348;13310;91500;91396;7276;54812;59636;83586
evaluation,4402,3792;55075;20902;67638;51894;27970;50908;48752;22780;2592
evaluation,4403,38248;41171;21958;82180;7178;58074;19107;36064;21906;48503
evaluation,4404,3171;3894;25635;53274;38558;3979;54730;5024;16210;81411
evaluation,4405,9592;9212;45340;41396;26434;41301;8691;62228;86580;57468
evaluation,4406,77737;15916;49806;9552;34026;81448;59580;58538;81038;82774
evaluation,4407,38750;75714;2746;70848;7630;74486;74995;2622;87336;67996
evaluation,4408,22836;22551;3140;26338;86016;45174;17014;51352;21016;50974
evaluation,4409,28550;9210;63484;12535;9426;38546;15526;9042;13444;65437
evaluation,4410,88196;58056;40406;85998;40594;49297;39926;44574;29730;9170
evaluation,4411,24114;61762;95082;30288;10834;23061;53274;10832;43918;11262
evaluation,4412,11970;43920;14952;12262;78258;13242;43726;11910;13027;14836
evaluation,4413,95606;34791;30957;25932;23527;7988;46758;27124;26292;49188
evaluation,4414,5844;82682;66875;1342;85088;85552;17052;98853;66765;15419
evaluation,4415,38092;36344;63085;63704;51894;34762;35836;22546;12322;48752
evaluation,4416,36862;17483;74800;29748;3016;82505;424;48912;31034;60166
evaluation,4417,9212;9592;45340;44864;23626;41396;72932;57349;72732;41301
evaluation,4418,89472;43920;77384;11970;43726;13242;74816;16476;11910;12122
evaluation,4419,24114;95082;61762;10834;30288;23061;10832;53274;43918;11262
evaluation,4420,42006;40478;51632;78858;49560;65717;52266;11038;76272;35914
evaluation,4421,7724;89808;92802;19680;19828;25786;31162;7500;93094;8138
evaluation,4422,7452;27158;99466;27476;33306;8164;18212;3032;97789;42602
evaluation,4423,2967;4767;78930;92050;52886;25350;29978;98424;89842;73849
evaluation,4424,15006;9382;90145;4699;300;7019;32716;11600;86826;23210
evaluation,4425,73686;73902;54252;73045;15748;42470;15840;42442;16040;42683
evaluation,4426,18904;80108;60662;61945;63924;83100;16631;6204;15822;61880
evaluation,4427,3792;55075;27970;51894;20902;67638;50908;27494;48752;2592
evaluation,4428,46062;35040;3434;887;4859;88388;7986;81360;4952;81372
evaluation,4429,37055;25792;29804;88267;43486;5656;72732;21491;52444;7820
evaluation,4430,15226;15284;8320;41902;8480;27908;15205;10347;15448;11568
evaluation,4431,33556;69818;78552;97124;16278;63500;31366;79328;33030;7138
evaluation,4432,59461;83614;85574;76268;25668;65698;439;31152;63022;25958
evaluation,4433,16234;14181;24208;27818;48506;87576;22896;28190;8234;46916
evaluation,4434,63562;86396;9839;94393;1260;20006;98472;24102;64674;67244
evaluation,4435,12952;53190;4254;86092;53398;7710;83048;50750;53812;83102
evaluation,4436,28970;95463;31838;30870;23207;52588;31650;67200;28754;28691
evaluation,4437,44864;9212;9592;23626;41052;2543;57178;1000;61636;41396
evaluation,4438,65606;17186;4666;92050;87798;96603;17210;3975;93036;44954
evaluation,4439,99434;340;376;88625;63880;69619;88388;49866;60673;65556
evaluation,4440,17028;33296;85087;79164;20192;90786;9034;73666;67510;17902
evaluation,4441,61188;4750;49838;53215;71154;48360;3670;70680;43512;44067
evaluation,4442,23484;89838;89001;22494;13892;69196;39416;97576;24504;32016
evaluation,4443,91540;10663;1714;14960;14856;43894;34483;3980;11380;80786
evaluation,4444,92802;8138;8291;36134;732;4832;37450;36256;51148;14764
evaluation,4445,68922;24850;15996;93190;20190;20186;16850;16830;21660;54314
evaluation,4446,5844;17052;1342;15419;73045;19526;85088;54252;17632;74110
evaluation,4447,88388;32770;5983;28878;11982;81598;26136;19270;7466;19422
evaluation,4448,4960;91852;5570;4946;45206;4276;96150;95304;85138;82505
evaluation,4449,74912;51326;60305;3246;71382;52618;95621;92428;46450;56155
evaluation,4450,73686;42442;42683;42470;73902;73045;1579;54252;15748;16040
evaluation,4451,11970;43920;11910;43726;13242;12262;13027;78258;12122;77615
evaluation,4452,10663;91540;1714;14960;80786;11380;74649;14856;72643;66264
evaluation,4453,8914;54586;92040;67834;64824;79780;27814;72728;78988;45412
evaluation,4454,18904;16631;60662;61945;80108;83100;63924;61880;32264;15822
evaluation,4455,14902;67122;25635;24114;59168;91436;41060;46426;45111;10832
evaluation,4456,3792;55075;20902;67638;51894;50908;27970;48752;60333;2592
evaluation,4457,9592;9212;41396;44864;72758;45340;41301;32734;23626;11288
evaluation,4458,9146;82729;59762;2222;95274;1064;94342;86259;1270;86016
evaluation,4459,37055;25792;31139;85161;38398;61880;56582;61945;52444;29804
evaluation,4460,19579;75117;71142;35054;65002;37055;14844;59709;57538;30998
evaluation,4461,17028;10392;1155;85087;33296;8016;20486;5259;53836;4910
evaluation,4462,496;1330;32754;32536;99709;91025;8214;3462;2500;54194
evaluation,4463,33165;24236;14895;31264;77510;14843;59502;4210;11288;5656
evaluation,4464,10008;9472;44954;45026;45930;972;1000;13166;45875;10056
evaluation,4465,71386;71824;28958;99472;21028;78846;95769;16710;44292;19640
evaluation,4466,58882;59102;99714;82150;4496;38333;38198;31035;41581;13840
evaluation,4467,28970;31838;27290;28962;30870;28691;23207;31650;81666;20424
evaluation,4468,72579;30399;50373;10540;69156;11874;31035;8244;10042;69226
evaluation,4469,32080;41570;37636;45688;95674;93524;49120;26198;35268;56930
evaluation,4470,85446;2487;2056;4368;86351;2544;1014;6262;5564;5407
evaluation,4471,96456;81522;2692;24682;94146;32598;97636;33904;3039;3094
evaluation,4472,85584;69322;4116;43874;49980;44925;44096;46582;86723;84488
evaluation,4473,16084;429;60140;29140;16948;19518;93741;16716;31392;15967
evaluation,4474,89762;99464;90720;72000;50491;31142;99044;31819;78402;89894
evaluation,4475,65704;6646;70858;5222;70838;71370;70896;23872;70942;97738
evaluation,4476,7504;6006;10472;10528;6410;7410;14544;7434;5895;82520
evaluation,4477,76536;32476;3260;77328;34370;56110;26229;33786;23066;51156
evaluation,4478,66314;94616;61062;60254;20650;62364;71758;58471;10988;8907
evaluation,4479,29830;92824;86891;4186;64598;35476;250;4428;38535;13542
evaluation,4480,98588;17756;68404;38680;21690;38184;67915;38220;50216;88130
evaluation,4481,65968;9606;55652;24782;15394;47926;1146;81948;11070;46616
evaluation,4482,85446;2544;2056;2487;4368;86351;1014;5564;1880;594
evaluation,4483,26514;29160;13484;25840;94988;26240;27158;51276;29734;28962
evaluation,4484,88550;49848;1338;28676;89808;50008;50480;19416;15944;93094
evaluation,4485,24114;95082;61762;10834;30288;23061;10832;53274;43918;11262
evaluation,4486,10008;9472;44954;45026;45930;1000;13166;972;45875;10056
evaluation,4487,65656;64750;63649;83276;64404;68794;69697;68842;92157;17748
evaluation,4488,43920;89472;11970;13242;77384;12122;16476;43726;13027;11910
evaluation,4489,46960;65581;17498;672;12412;17626;11060;74250;50298;49872
evaluation,4490,35040;46062;3434;81360;7788;73268;46394;30962;4952;31210
evaluation,4491,84995;9160;22860;98582;22416;21952;14828;91254;27434;11524
evaluation,4492,25102;76024;96797;30536;82350;28960;93226;82952;29446;27700
evaluation,4493,11032;62994;80403;35494;68052;1384;35114;33904;21964;32598
evaluation,4494,9174;74872;27371;42583;46726;91118;17498;87344;53688;3894
evaluation,4495,68922;24850;15996;93190;80987;20800;16850;16830;97102;17284
evaluation,4496,33914;48176;45228;21110;89201;46392;71874;2948;17530;36370
evaluation,4497,41770;73242;64852;78172;29934;98810;45373;66622;90974;5700
evaluation,4498,8638;1684;4196;6156;91242;24850;541;2392;1372;59320
evaluation,4499,3171;3894;53274;25635;38558;3979;54730;5024;41122;81411
evaluation,4500,71963;49252;77234;30921;15128;9712;1800;8138;12090;54678
evaluation,4501,17186;65606;92050;89548;17210;61616;90534;86192;87688;98102
evaluation,4502,75292;53707;3246;34690;17474;3954;23007;170;29108;21890
evaluation,4503,46022;93036;25932;4946;15774;23746;3975;27100;4528;88206
evaluation,4504,99434;7998;376;340;63880;88625;36471;71168;88388;72884
evaluation,4505,6743;6710;7170;6708;7110;13114;2570;12008;9299;9130
evaluation,4506,85446;2544;2056;2487;1014;5564;6262;4368;1880;582
evaluation,4507,75516;94214;88748;90635;39640;99538;39936;97662;62222;39949
evaluation,4508,59050;2234;18256;21054;23630;40406;12694;23866;11887;24400
evaluation,4509,2630;622;35960;66928;13310;50588;13888;14348;8879;8854
evaluation,4510,44656;13534;69708;78652;58212;6478;99498;24486;7636;59592
evaluation,4511,19852;19004;98002;85936;68262;3438;49302;31550;70736;18792
evaluation,4512,55388;58990;52340;53357;54109;56024;56964;19004;68262;18792
evaluation,4513,70784;13087;95030;69256;94954;9972;37102;59266;43374;81392
evaluation,4514,89472;77384;77615;74816;21466;73730;73680;23338;13027;12262
evaluation,4515,17186;89548;17210;5024;90534;946;1176;86192;27616;42218
evaluation,4516,9212;9592;45340;81893;7988;22752;53406;80112;72758;36592
evaluation,4517,21110;89201;28023;55516;4250;26616;61600;1324;26086;84802
evaluation,4518,76874;13084;19336;21098;19468;31435;34794;39624;88561;34484
evaluation,4519,9628;12614;10438;11828;65198;12834;98166;76563;24581;6894
evaluation,4520,76136;42932;43392;43152;87028;3570;68898;24010;4664;46026
evaluation,4521,96944;93922;64882;19050;65392;10959;44930;65562;17283;19133
evaluation,4522,43498;98872;63472;73474;39040;72695;50040;43460;42740;4740
evaluation,4523,15419;85552;5844;82682;85088;1342;17052;98853;6134;56460
evaluation,4524,11070;26970;25442;78760;61934;52420;11142;30957;33750;28818
evaluation,4525,27476;27158;99466;7452;33306;18212;79218;3032;11930;90896
evaluation,4526,46868;64308;26528;38468;89870;43858;59344;11168;30282;23770
evaluation,4527,3894;3171;53274;18700;3979;12486;36134;16210;18310;54730
evaluation,4528,28691;28970;23207;30870;28754;31650;4372;30518;31838;27290
evaluation,4529,50974;67963;26086;49980;84488;63835;32719;15520;27970;85818
evaluation,4530,7988;45875;84748;84657;25932;2880;28528;29186;30359;9520
evaluation,4531,14778;63704;3662;4020;63085;38092;1366;14402;31627;36344
evaluation,4532,28692;4192;81840;74256;30970;31706;94877;29108;4016;21528
evaluation,4533,57182;56934;2526;98946;33540;88986;34458;30166;50771;89042
evaluation,4534,37055;29804;67963;51164;25792;85818;43486;52444;79944;28254
evaluation,4535,37422;13218;84748;89501;12946;12558;85676;12898;14812;49188
evaluation,4536,95825;32719;85584;43874;49788;22546;29186;25056;49980;86259
evaluation,4537,18190;282;70068;60440;20120;58876;16294;60048;15102;70139
evaluation,4538,71876;42656;31318;89250;24263;17458;24098;28536;62044;5168
evaluation,4539,57757;55806;50548;26780;14512;76944;25047;77402;83184;78683
evaluation,4540,4496;99714;79952;77554;21886;39588;84901;39216;21870;58050
evaluation,4541,70514;86150;15182;95769;81338;31132;57124;41632;31186;33904
evaluation,4542,39936;51546;62692;57124;16406;72484;18388;32282;79324;86150
evaluation,4543,85998;40594;39926;49297;88196;40406;29402;36600;58056;44574
evaluation,4544,94846;96876;97259;97806;94434;32170;28188;94570;8230;90025
evaluation,4545,19334;45090;39830;7284;40542;36860;39546;24315;96796;6462
evaluation,4546,22749;48140;33750;78652;17382;87576;35456;22252;70736;68945
evaluation,4547,1146;9606;81948;5174;898;10979;13084;55652;13074;11070
evaluation,4548,34453;53428;3646;19132;34013;7754;56474;27780;57514;56922
evaluation,4549,496;1330;32536;32754;99709;2500;75564;13514;89870;32776
evaluation,4550,14434;83914;8016;11974;96125;41528;21952;64736;58215;52956
evaluation,4551,73902;31597;15840;94877;15748;73686;74110;42470;89016;98966
evaluation,4552,18060;32874;83160;99654;50072;27270;83064;83317;28434;37938
evaluation,4553,21652;4934;66952;23851;33384;85308;22120;64688;412;30288
evaluation,4554,38345;35058;61630;7974;39694;39403;9012;17268;15944;61556
evaluation,4555,27158;99466;7452;42602;3032;18212;79218;27476;8164;33306
evaluation,4556,85936;86621;75986;33492;68262;48832;24592;40368;40208;4440
evaluation,4557,73686;42470;73045;54252;73902;42683;42442;15840;15748;16040
evaluation,4558,99654;88792;11603;10802;83160;28826;85424;65006;44732;44742
evaluation,4559,18060;98198;2894;76492;27270;66836;67200;94218;99654;45875
evaluation,4560,946;1034;82398;81494;1011;26772;61272;33626;42340;29250
evaluation,4561,1398;318;29748;1362;99768;25860;1332;1449;11938;1594
evaluation,4562,97806;97259;96876;14726;32442;28188;49986;16402;98276;31318
evaluation,4563,2948;33914;48176;46392;21110;89201;17530;47396;45228;38574
evaluation,4564,3792;99678;50908;67638;92050;354;60333;1450;2318;55075
evaluation,4565,46062;35040;3434;7986;88388;87274;49382;2068;887;42488
evaluation,4566,29186;66988;84657;25932;7988;45875;49188;49980;33626;9520
evaluation,4567,77737;34026;91524;99891;82774;9552;59580;15916;81448;27564
evaluation,4568,63085;38092;35836;36344;50908;63704;75668;51894;77080;48752
evaluation,4569,23234;37055;60662;25792;61880;61945;56582;52444;6204;63652
evaluation,4570,87800;10300;15040;9520;37422;84748;12558;49188;65150;12898
evaluation,4571,89250;71876;28536;25047;42656;68170;76944;94954;24263;93524
evaluation,4572,78972;50180;26506;91582;56882;75074;26842;7386;56099;77826
evaluation,4573,17382;24486;12016;44656;34590;46408;98245;97724;48506;35456
evaluation,4574,19336;19468;21098;34010;76874;13084;34794;1094;22926;34103
evaluation,4575,23872;65704;6646;9354;71370;70858;70896;97738;9523;5222
evaluation,4576,45065;56446;45148;80290;48984;62984;50314;75858;48806;31080
evaluation,4577,10310;91026;90942;56044;59;574;522;13712;7059;6842
evaluation,4578,14062;5068;91580;50218;87314;36304;87297;99089;27266;13840
evaluation,4579,94877;29108;26994;98966;90550;4732;88944;21528;1579;3812
evaluation,4580,96125;90522;52616;20974;84524;21952;64736;20700;58215;15512
evaluation,4581,15419;85552;5844;85088;82682;1342;98853;17052;6134;996
evaluation,4582,81277;34476;86291;21470;17668;21971;73128;35918;86870;612
evaluation,4583,83160;99654;50072;35544;88792;11978;11082;10802;11798;11603
evaluation,4584,94877;26994;29108;98966;4732;90550;88944;21528;88918;26943
evaluation,4585,25442;26970;78760;11070;61934;28818;52420;11142;33750;30957
evaluation,4586,92802;36134;8138;4832;26994;26943;72954;14764;16454;74555
evaluation,4587,67104;78172;73242;15392;5700;38887;64852;14432;80093;43308
evaluation,4588,35040;46062;7986;3434;87274;88625;46394;79794;7998;77771
evaluation,4589,71174;16406;7686;86150;72484;99022;81338;24906;32380;24686
evaluation,4590,27396;26000;66242;63652;56588;51747;52650;77152;11372;51866
evaluation,4591,35142;34942;35113;35348;3200;2979;2900;88740;3956;12947
evaluation,4592,99472;95769;81768;81338;72484;97530;23484;97662;71174;32294
evaluation,4593,27158;27476;42602;99466;7452;3032;11930;33306;97789;18212
evaluation,4594,11162;12211;22306;18352;9870;36052;53332;51884;25830;30760
evaluation,4595,19566;14070;58056;13886;88196;38282;99036;97228;19264;47966
evaluation,4596,65136;23007;73307;76818;18904;17422;86288;80112;67128;87952
evaluation,4597,6930;27664;87715;7191;80664;880;584;42836;85218;3742
evaluation,4598,22836;87728;22551;50974;65410;26086;26338;2816;17014;3140
evaluation,4599,76880;97920;19449;26960;39748;45932;29872;80658;33414;62764
evaluation,4600,9468;91580;38198;87314;38333;39286;69106;77402;35032;2315
evaluation,4601,72579;60858;38964;50373;16612;39180;19542;69536;10540;93120
evaluation,4602,44954;13218;12558;45026;87336;9520;1000;43704;45875;84748
evaluation,4603,7686;81338;71174;16406;99472;86150;95769;24906;81768;23638
evaluation,4604,39462;30232;30282;51324;22718;98166;45764;83456;54723;35124
evaluation,4605,71388;73570;74646;95274;63598;3781;27372;44374;9055;4250
evaluation,4606,39006;19714;30110;51576;20086;31242;25482;532;23096;29582
evaluation,4607,41472;75294;16428;2190;38728;80338;85388;85110;39296;67380
evaluation,4608,28034;92284;13711;13523;17382;27600;26883;3679;36978;7760
evaluation,4609,158;82110;4031;15716;31108;31042;47926;65998;28816;44608
evaluation,4610,46675;49363;47269;46764;36064;83704;23554;88782;99384;46804
evaluation,4611,71174;16406;86150;32380;72484;99022;58632;24686;99472;18748
evaluation,4612,35494;62994;11032;21964;32416;3468;1384;6396;77960;36385
evaluation,4613,8006;19579;3010;40946;4856;74944;61880;23408;63652;6204
evaluation,4614,45820;45932;21400;64852;33882;35832;3496;52172;87388;18640
evaluation,4615,78760;28818;25442;15709;33750;71470;23527;22262;87576;27818
evaluation,4616,83160;99654;28826;32874;11603;10802;50072;11082;26091;88792
evaluation,4617,10008;9472;44954;45026;1000;13166;45930;972;45875;10056
evaluation,4618,38248;82180;15646;7178;19107;41171;8302;58074;46137;1462
evaluation,4619,35040;46062;3434;7986;87274;88388;46394;88625;887;7998
evaluation,4620,158;82110;4031;15716;31108;31042;47926;65998;28816;47994
evaluation,4621,84524;64736;5630;8362;13900;76992;58114;48416;66202;49772
evaluation,4622,99434;340;376;88625;63880;69619;14843;60673;21016;19674
evaluation,4623,22836;26086;50974;22551;29186;49980;54806;45174;3140;87728
evaluation,4624,77737;9552;34026;91524;15916;92942;81448;96040;99891;82774
evaluation,4625,73570;71388;27372;4250;74646;9055;95274;51830;94282;44920
evaluation,4626,27158;27476;7452;99466;8164;42602;18212;33306;11930;3032
evaluation,4627,53791;19334;45090;39830;36860;7284;40542;96796;39546;6462
evaluation,4628,20350;73366;79818;34628;15128;17578;59702;27370;9742;670
evaluation,4629,86956;51326;91988;50487;86577;60420;420;74912;15740;88788
evaluation,4630,95330;30970;68994;58322;52924;86956;34091;31706;442;29108
evaluation,4631,88422;86577;15740;88788;86956;54244;420;60465;46450;87336
evaluation,4632,8900;9810;7822;87946;9226;5428;95330;88788;52358;59584
evaluation,4633,92802;8138;51148;89340;84300;28426;26994;10494;44131;4832
evaluation,4634,64882;96944;5112;326;17406;31410;82456;17119;5002;39424
evaluation,4635,31819;31868;42314;32120;89762;34504;82350;50491;32160;28960
evaluation,4636,1260;22532;97374;20214;3114;1732;36378;69857;4248;50652
evaluation,4637,496;1330;32536;32754;32776;2500;75564;1998;3462;13514
evaluation,4638,24263;71876;89250;25047;31318;76944;26780;42656;68170;27691
evaluation,4639,69106;70131;41570;7226;77402;47806;37228;78702;21694;51842
evaluation,4640,67104;30726;38887;15392;26368;54569;10710;40029;10387;4451
evaluation,4641,22492;24836;34724;87120;81277;34476;86291;75086;21971;35814
evaluation,4642,81740;20612;98006;53284;96603;79104;65880;1340;97959;87688
evaluation,4643,37055;25792;3926;17720;77480;43486;72732;72119;33736;67963
evaluation,4644,97920;29872;66098;59432;6732;33598;80018;35014;40254;38112
evaluation,4645,89472;43920;11970;77384;13242;43726;74816;13027;12122;12262
evaluation,4646,2267;4322;5001;10004;4500;96444;38345;39694;96414;1494
evaluation,4647,46675;49363;47269;46764;83704;69263;56998;5366;36064;88782
evaluation,4648,12710;13580;896;3679;19196;13523;85087;57566;84995;59132
evaluation,4649,89472;77384;43920;13242;11970;74816;12122;43726;13027;12262
evaluation,4650,76623;74740;61556;5348;10004;57905;4322;9012;51702;23851
evaluation,4651,99654;83160;84748;83317;83064;35544;65006;44742;11082;50072
evaluation,4652,41588;52476;53212;23928;19002;43071;64598;17483;4588;34232
evaluation,4653,60333;99678;3792;67552;67638;20902;20302;64852;45791;22248
evaluation,4654,88595;86446;30244;32958;99234;79807;98946;50771;27574;85900
evaluation,4655,71876;68170;89250;25047;42656;47424;94954;99324;69106;72190
evaluation,4656,99564;70131;63343;31035;85328;99749;75062;79358;69106;99020
evaluation,4657,29747;78846;97254;56112;39748;43768;5623;34536;81818;17508
evaluation,4658,65377;45688;37636;21884;35268;66595;56930;80810;26512;29122
evaluation,4659,97259;97806;98276;96876;99952;14726;32442;16402;66101;31318
evaluation,4660,26574;51572;92321;24102;22160;18868;16027;12347;38260;23196
evaluation,4661,55964;16600;3136;6851;31435;34794;22798;22720;56766;48690
evaluation,4662,79658;13900;8320;81850;77660;16650;15746;15819;8480;10424
evaluation,4663,16802;67979;23771;24356;17604;18330;20152;20446;19130;27094
evaluation,4664,80771;32282;79324;60806;39296;13892;73584;13768;49413;43336
evaluation,4665,59050;18256;23630;17412;2234;8538;12694;1882;11887;7989
evaluation,4666,17842;46752;41472;80338;39296;1148;17048;93591;36503;75294
evaluation,4667,65656;64750;83276;63649;64404;71084;92157;83502;69697;68842
evaluation,4668,93448;16420;22862;16952;3166;18746;53208;78783;15212;12127
evaluation,4669,71470;15709;78760;33750;27818;25442;28818;71330;23527;22262
evaluation,4670,115;23804;36908;19714;2742;38090;45046;43347;25482;10595
evaluation,4671,74649;3864;73248;1449;8914;77178;45412;4524;802;65136
evaluation,4672,42556;84858;15996;60955;52631;5112;4262;9182;18060;31866
evaluation,4673,45054;79714;45500;46234;54730;61762;11119;60352;81411;45879
evaluation,4674,35040;46394;46062;4952;79794;7788;49382;7986;81360;30962
evaluation,4675,9592;23626;9212;44864;41396;45340;10342;9190;41301;86580
evaluation,4676,53284;38086;38016;98006;13444;90534;79492;79104;96603;87688
evaluation,4677,78172;3596;11628;6194;15392;15624;96060;42100;80914;10676
evaluation,4678,24846;35547;96584;62756;34542;6567;92214;98012;59256;54194
evaluation,4679,10314;28114;32444;99681;67790;27662;99821;62944;26032;2178
evaluation,4680,9712;54678;15128;15604;61784;14764;11328;74555;14498;15552
evaluation,4681,98853;85552;6134;996;5844;85088;82682;57089;15419;56460
evaluation,4682,71470;15709;78760;33750;27818;25442;28818;71330;23527;22262
evaluation,4683,45728;44608;64680;76874;41328;70662;13084;25482;19714;84206
evaluation,4684,2267;4322;5001;10004;39694;38345;4500;96444;96414;61556
evaluation,4685,66702;17712;81411;54730;28442;91436;20550;12918;27509;87916
evaluation,4686,76492;27270;98198;18060;33776;66952;2894;19948;22122;51394
evaluation,4687,27158;27476;42602;3032;7452;99466;11930;10933;18212;97789
evaluation,4688,6278;50512;15822;32932;11082;49344;55362;49196;3975;20264
evaluation,4689,31627;1366;12322;3662;4020;1460;72686;73882;12146;14778
evaluation,4690,50771;85900;27574;98946;79807;99234;30244;28298;57506;28840
evaluation,4691,25792;37055;88267;29804;72732;5656;57468;7820;80112;43486
evaluation,4692,89201;21110;71168;28023;1324;71874;26086;46392;17530;25974
evaluation,4693,88748;97662;39936;39640;39308;48548;68332;97576;39843;74108
evaluation,4694,87134;9239;44770;19274;36804;42148;32452;56052;18608;47926
evaluation,4695,35494;21964;3468;62994;11032;32416;97636;35114;5579;19870
evaluation,4696,74949;8943;14059;24650;7867;24882;56806;66369;15114;89462
evaluation,4697,29108;89808;52982;49848;19828;19680;25786;18652;7500;5330
evaluation,4698,42602;27158;7452;99466;3032;27476;18212;79218;33306;11138
evaluation,4699,39006;30110;532;19018;19082;19020;610;39657;115;19714
evaluation,4700,5001;4322;4500;2267;10004;39694;15944;1494;38345;96444
evaluation,4701,42394;34242;58471;4255;9190;61608;906;3007;88228;26229
evaluation,4702,65148;34340;63949;64484;5524;37794;26210;12862;40971;4999
evaluation,4703,80840;18738;30359;21084;3724;83064;83317;49344;83160;93190
evaluation,4704,60333;3792;67552;49079;99678;98810;2318;9870;64852;22248
evaluation,4705,9212;9592;45340;44864;41396;41301;41052;57349;23626;43938
evaluation,4706,4960;91852;5570;67262;22780;22248;22620;13610;96328;67638
evaluation,4707,46062;35040;3434;46394;7986;7788;30962;87274;79794;81360
evaluation,4708,77510;82216;14843;32734;31264;63880;95758;68736;18055;32284
evaluation,4709,50771;98946;30244;79485;99234;79807;2526;88595;53478;32958
evaluation,4710,37055;25792;29804;56582;60662;52444;23234;8706;7820;61880
evaluation,4711,22836;26086;50974;95616;22551;2816;67963;2543;2222;87728
evaluation,4712,38750;2746;7630;5212;9226;5428;2810;6246;87336;4408
evaluation,4713,95930;27111;5094;5642;4666;55362;3975;21986;58602;6406
evaluation,4714,13516;40254;99324;14062;79358;95030;50070;45068;63343;14072
evaluation,4715,70131;31035;63343;69106;74396;99564;71866;99749;40344;99020
evaluation,4716,44279;44266;6324;32750;14062;34972;87314;11756;80810;50218
evaluation,4717,88748;93772;25178;83140;99539;62112;46132;48548;97576;39936
evaluation,4718,96528;44823;15824;46748;18388;14200;24940;69878;29304;20427
evaluation,4719,86396;12730;36472;44234;99582;9839;38270;58172;9360;45470
evaluation,4720,40406;88196;85998;40594;49297;58056;39926;5088;10800;5020
evaluation,4721,72579;59558;93120;45470;32162;50373;60858;34718;10256;36558
evaluation,4722,496;1330;3462;8214;32754;2500;32536;99709;91025;90605
evaluation,4723,74949;8943;14059;24882;12924;15368;7867;66369;10174;99709
evaluation,4724,39220;46516;20318;73210;43012;27940;31234;21062;57347;82952
evaluation,4725,14122;26032;14992;99681;99821;64060;67790;45698;16616;13890
evaluation,4726,17106;27594;26851;46959;17294;73611;93798;7504;41170;41046
evaluation,4727,27970;67963;27494;17140;51894;22306;25056;67552;3792;75117
evaluation,4728,46394;81360;79794;30774;4952;81372;7788;71946;30962;2668
evaluation,4729,38092;63085;36344;63704;51894;31034;34762;22546;48752;35836
evaluation,4730,22836;22551;51352;49980;50974;29186;45174;86016;3140;54806
evaluation,4731,91988;86956;66748;420;45791;37676;7822;46450;60959;60465
evaluation,4732,86396;12730;62710;9839;55338;52370;11470;34008;11443;47037
evaluation,4733,26970;25442;78760;52420;11070;61934;33750;28818;30957;11142
evaluation,4734,11272;66836;98198;2894;33416;33776;38746;11956;60576;40176
evaluation,4735,35142;35348;3200;11722;2979;34942;3696;9464;2900;2621
evaluation,4736,48420;35456;5149;64192;82344;41170;1024;77726;8234;51104
evaluation,4737,88748;39308;97662;48548;39936;92190;74108;30563;32476;68332
evaluation,4738,10834;79714;61762;60352;46205;46283;45111;45879;85654;95082
evaluation,4739,4496;99714;39588;84901;36918;39216;20014;37420;79952;39466
evaluation,4740,88196;40406;85998;49297;8538;40594;9170;5088;9565;39926
evaluation,4741,13846;14038;14200;2014;4536;98294;39466;75178;65444;20756
evaluation,4742,97920;56161;55450;52452;51174;59432;56112;6732;1524;53215
evaluation,4743,35508;923;46675;47269;65581;78683;60112;81328;49872;83184
evaluation,4744,15746;20974;20700;90522;15222;13900;10424;82588;64736;52616
evaluation,4745,91852;4960;5570;96328;4946;74800;96150;93074;45206;53592
evaluation,4746,68332;88748;68296;24980;39936;97662;4127;24901;39105;62694
evaluation,4747,19852;19004;98002;66840;16080;56024;44807;53357;31550;68262
evaluation,4748,79714;51506;65180;32866;4500;46205;1876;46460;672;5001
evaluation,4749,18055;21364;21564;77510;7988;81893;31264;59502;9548;56582
evaluation,4750,51118;82938;64522;65556;5042;936;53676;19040;9940;19518
evaluation,4751,6360;5782;6351;6418;5542;6310;50746;45872;19272;11967
evaluation,4752,88748;18388;39936;62222;5490;39843;90635;16406;39640;32476
evaluation,4753,8518;34718;4720;57564;11532;4781;28393;3492;10256;23496
evaluation,4754,9606;81948;1146;11070;60251;5174;2536;55652;898;10979
evaluation,4755,35508;99384;65581;46960;23554;43152;6056;49872;923;11458
evaluation,4756,4664;35058;39403;61556;57905;38345;9012;61630;96414;96444
evaluation,4757,86396;26285;9360;9839;44234;52370;3352;36472;38270;16846
evaluation,4758,63652;73307;9124;73098;36338;57543;73590;71404;73418;75910
evaluation,4759,97806;42736;94218;97259;60596;10620;67200;28691;28754;85765
evaluation,4760,9402;7998;77771;63880;25831;1064;71168;88625;86600;61830
evaluation,4761,14122;37220;14992;68487;26032;64060;35124;90350;45698;97758
evaluation,4762,9334;83088;12718;32170;2996;12884;50128;47756;56358;97530
evaluation,4763,73307;3194;73590;73644;67128;71404;73098;73438;57543;8436
evaluation,4764,4496;99714;79952;99089;21886;78702;77445;84901;21870;4372
evaluation,4765,25026;54538;28594;69264;30376;29184;54529;31950;37638;31850
evaluation,4766,36072;40608;16778;37197;44930;10207;10016;35544;26090;66952
evaluation,4767,39936;62112;11702;83741;4904;32814;62222;39105;69760;51546
evaluation,4768,56674;923;35508;49872;47269;46675;99384;6056;28134;22587
evaluation,4769,12202;35456;21972;34444;48420;88676;29362;60216;2047;910
evaluation,4770,4031;82110;15716;158;31108;31042;38492;65249;51647;65998
evaluation,4771,55349;55176;22160;26574;34590;17730;52327;24102;34542;28190
evaluation,4772,28948;94068;27876;21712;19012;2706;73231;49056;58320;14544
evaluation,4773,15154;8808;63652;8020;98730;88267;9960;80572;80112;79990
evaluation,4774,73307;36338;36636;73098;73590;57543;76480;73418;73438;25792
evaluation,4775,18904;80108;83100;3658;16631;3194;27648;82994;36338;82523
evaluation,4776,96948;71404;3194;73098;46428;73590;10342;98730;86580;9124
evaluation,4777,574;28572;91026;56044;76628;33288;53058;79328;97124;85983
evaluation,4778,13574;98588;43600;70923;22128;55830;52271;17756;66723;76774
evaluation,4779,33971;59864;17946;35592;51262;35520;12154;10387;14206;42002
evaluation,4780,43768;99952;1384;20766;83412;69582;28938;89528;93393;26030
evaluation,4781,64736;84524;11312;79658;72228;10424;20700;60400;48416;37450
evaluation,4782,46618;57710;12807;34766;41450;26955;53672;2267;49452;19050
evaluation,4783,86396;26285;44234;31484;9360;38270;52602;24498;3352;21438
evaluation,4784,50771;79807;98946;57182;57506;30244;99234;79485;88595;53478
evaluation,4785,5912;29108;5330;53164;94877;3718;8724;25786;53122;58322
evaluation,4786,17963;8308;57422;19510;17908;19518;61830;99302;95324;21898
evaluation,4787,30948;64026;42790;85512;440;9552;10903;41351;99768;13118
evaluation,4788,9402;332;11516;63880;1064;950;25831;41619;53472;12254
evaluation,4789,37055;31139;1150;25792;64006;38398;65150;86194;86288;8706
evaluation,4790,98946;2526;57182;50771;56934;79807;30244;79485;88595;99234
evaluation,4791,47018;47098;5148;47012;7773;89125;77034;61636;71462;93206
evaluation,4792,22836;58538;22551;49980;50974;29186;41568;168;316;1270
evaluation,4793,2868;14666;6440;27124;26970;26478;9726;26822;87898;32056
evaluation,4794,35521;10044;9995;31264;41647;28348;46058;3662;4020;63714
evaluation,4795,19004;19852;9443;14646;98002;31550;83840;11506;53357;39008
evaluation,4796,17106;26851;73611;17294;2870;27662;27594;93798;7504;10528
evaluation,4797,35508;99384;65581;46960;23554;43152;6056;49872;11458;923
evaluation,4798,10570;38558;68773;21622;30442;56686;29883;14891;82588;91352
evaluation,4799,9592;9212;44864;23626;41301;41396;72932;45340;17066;4118
evaluation,4800,13574;98588;17756;50216;55830;43600;67915;52271;38220;68404
evaluation,4801,35142;34942;35348;35113;11722;2979;3200;2900;3956;79324
evaluation,4802,35508;923;46675;47269;7988;65581;49872;26090;95904;78683
evaluation,4803,35498;99838;8360;10988;92286;53714;87036;24524;10772;4154
evaluation,4804,9402;11516;1064;17066;12197;12254;63880;12864;950;17908
evaluation,4805,92050;4514;85272;53798;4026;65880;53799;1459;98102;69164
evaluation,4806,71174;16406;24906;86224;23638;49413;79324;24940;32380;1758
evaluation,4807,96584;24846;35547;54194;1260;34542;4169;32250;6567;62756
evaluation,4808,2078;2836;1144;76886;4086;10198;24362;42810;92358;26104
evaluation,4809,82336;81494;82398;35776;87006;30818;65187;14748;68773;73309
evaluation,4810,46618;26955;12807;49452;9012;23851;22587;57710;62710;41450
evaluation,4811,35040;46062;88388;7986;81372;81360;887;3434;4952;11982
evaluation,4812,76874;13084;88561;31435;88670;34103;34794;22926;89658;39624
evaluation,4813,55349;24102;51732;67178;22160;55176;34542;1024;66774;3462
evaluation,4814,9334;28938;14014;67772;41960;76240;23496;1804;32162;16940
evaluation,4815,36134;85088;99300;36992;1060;82682;44130;5844;4832;29176
evaluation,4816,82682;5844;66875;98853;1342;56460;85552;15419;57089;996
evaluation,4817,8291;36992;732;84300;63234;85088;29176;48834;29154;14498
evaluation,4818,66875;82682;5844;1342;98853;56460;15419;85552;84300;57089
evaluation,4819,66080;5524;14464;4999;88228;42218;33914;26210;93132;67531
evaluation,4820,11272;66836;98198;27842;87994;74612;74676;83317;6495;26682
evaluation,4821,65006;32874;99654;84748;35058;83160;83317;45875;83064;4255
evaluation,4822,46205;45826;46283;45879;45111;86890;46426;52398;79714;81411
evaluation,4823,10570;14891;21952;82338;62696;94877;73902;73045;84340;89016
evaluation,4824,40946;4856;3010;6078;23726;23007;6204;81893;12224;3246
evaluation,4825,15102;18190;282;70139;60048;59592;60440;1160;58876;62124
evaluation,4826,30508;9269;57350;3015;5042;5696;32125;38180;95324;21898
evaluation,4827,17028;1155;85087;896;27434;990;22566;57708;26804;13580
evaluation,4828,64986;23484;7386;17102;44718;12632;86224;32282;49208;46104
evaluation,4829,6360;6418;6351;5782;5542;6310;13346;5407;3416;9356
evaluation,4830,50373;12632;93310;36387;52256;15282;13306;13597;80853;12652
evaluation,4831,86396;52602;64680;44234;45964;36472;99582;12730;10276;87590
evaluation,4832,48548;55502;32050;39416;44718;83006;68332;6910;39640;89838
evaluation,4833,2047;34444;44656;95932;22459;17382;28034;12740;4176;99498
evaluation,4834,99464;90720;89894;65370;25126;32160;52462;72000;82920;32120
evaluation,4835,35494;62994;32416;21964;3468;11032;6396;74949;26524;5579
evaluation,4836,19336;19468;21098;76874;34010;34103;34794;24482;21046;31435
evaluation,4837,19852;72458;19004;18244;56024;56964;58990;16080;52340;53357
evaluation,4838,80290;51806;62984;45065;51448;35572;45148;50314;18503;48984
evaluation,4839,27108;38910;69662;11960;3859;63534;17794;3942;78172;36283
evaluation,4840,19512;20694;19916;55462;23078;82350;53706;97758;16278;33556
evaluation,4841,5068;14062;13840;39286;91580;50218;37228;68040;98192;87314
evaluation,4842,13574;16620;25670;25778;98588;38184;22618;234;22128;23915
evaluation,4843,71174;16406;99022;24906;32380;24686;48050;99472;72484;8276
evaluation,4844,32442;97806;97259;16402;558;96876;12596;16848;14726;94589
evaluation,4845,35113;34942;35142;35348;2900;2979;3200;11722;44396;88740
evaluation,4846,65646;28034;16448;22252;29918;44656;60251;13752;68945;69708
evaluation,4847,16714;32160;31819;32120;34504;50491;58388;16772;32356;8234
evaluation,4848,19512;16278;59164;14160;82350;13890;33556;69818;14686;65370
evaluation,4849,16448;65646;29918;13752;20210;43250;54282;22252;28034;35590
evaluation,4850,28948;33151;73231;94616;22926;94068;8360;85936;15884;9676
evaluation,4851,23872;6646;65704;5222;24362;9354;70858;71370;9302;10438
evaluation,4852,85240;77960;85376;574;522;50646;55338;98245;867;38482
evaluation,4853,10834;61762;79714;60352;46205;45879;46283;45111;11262;85654
evaluation,4854,6536;26182;50298;20798;52604;85983;15322;5001;61342;29858
evaluation,4855,4440;23428;66804;22;11642;33038;86621;23844;3970;14498
evaluation,4856,13986;6310;21650;6554;9332;7884;93456;9118;8264;1328
evaluation,4857,30399;50373;72579;45470;36387;10540;81434;35299;93120;19542
evaluation,4858,73128;67110;7198;23338;85678;45886;48832;40208;33492;43176
evaluation,4859,40244;98194;37608;47806;97312;83904;39109;41960;48106;47950
evaluation,4860,5836;74108;47950;18736;62684;33222;62694;83006;38008;83741
evaluation,4861,68102;34718;46080;52709;32814;47144;16612;44836;31864;45470
evaluation,4862,58108;32282;86224;94846;1758;26172;70514;49838;97312;59638
evaluation,4863,69878;39308;48050;62110;62246;56882;55882;32476;62112;56302
evaluation,4864,22030;8163;21948;10720;89932;89917;98376;91918;91890;84240
evaluation,4865,29108;5330;98966;64026;7472;94877;52982;19680;89808;25786
evaluation,4866,21098;76874;34794;1247;65968;19336;34103;39624;39632;924
evaluation,4867,92166;50958;48400;18608;21052;32916;65974;66680;2870;72176
evaluation,4868,53580;65488;54720;58768;44260;16438;368;75844;27224;88114
evaluation,4869,48503;30192;82180;3438;28712;86043;58768;21958;75395;74766
evaluation,4870,76874;21098;1247;39624;37106;39632;34794;924;34484;19336
evaluation,4871,66772;55388;64354;69662;96857;36283;56094;34766;33328;10874
evaluation,4872,26970;78760;25442;11070;57502;30957;28818;61934;23527;71470
evaluation,4873,33560;29788;27052;24482;24855;25018;20364;29582;30110;26030
evaluation,4874,18904;36338;27648;16631;83100;82770;36636;16728;43970;80108
evaluation,4875,6324;87314;48736;69106;74396;39286;63282;37636;32750;43528
evaluation,4876,55450;29872;34988;97920;50812;1695;38112;51564;56161;59432
evaluation,4877,98376;75354;75208;86754;89557;96876;89917;22030;91918;91890
evaluation,4878,58471;46426;34370;86890;28948;24690;13608;42394;33782;52398
evaluation,4879,29788;27908;24482;20364;30110;29582;27052;23384;25018;24855
evaluation,4880,46426;61438;52398;45826;86890;14902;3803;30288;10834;46205
evaluation,4881,90119;86647;22030;8163;84240;21948;68280;75354;75176;80408
evaluation,4882,22030;98094;60592;8163;40264;89932;91918;91890;94748;84240
evaluation,4883,99538;75516;39576;76764;32294;39640;97312;90025;43146;97576
evaluation,4884,39640;39949;32294;97662;39576;75516;76764;39419;93772;39416
evaluation,4885,19208;49472;65444;64552;84576;2188;32759;26052;49413;71970
evaluation,4886,84240;90148;59274;86754;75354;89917;94748;80338;8163;75208
evaluation,4887,19342;6176;16708;31698;18278;72622;28060;29891;23632;21468
evaluation,4888,62246;55576;93772;39949;39640;62400;97662;90148;48050;96876
evaluation,4889,22030;8163;21948;89917;89932;10720;91918;91890;83025;98376
evaluation,4890,13892;3020;8538;81170;91164;18699;43146;39958;78164;9170
evaluation,4891,1330;496;4819;13514;75564;90605;89870;2500;32536;91025
evaluation,4892,82729;86016;96344;93222;32664;8706;46336;32884;81856;81432
evaluation,4893,37422;38300;15040;89501;38536;12946;9696;91884;84748;85676
evaluation,4894,12254;82938;51118;11574;9402;11516;41244;12197;5042;17899
evaluation,4895,96040;15916;49714;94338;81448;74646;59810;77737;54946;91050
evaluation,4896,8308;19040;17963;17908;19510;57422;99302;61830;9269;30244
evaluation,4897,1695;5820;2008;1882;38112;97920;55450;29872;59432;2254
evaluation,4898,50771;27574;28840;98946;99234;2526;27018;79807;57506;30244
evaluation,4899,87520;8175;61784;74555;17394;58924;44702;19794;7451;33754
evaluation,4900,80840;49344;3975;55362;4332;4528;20264;27437;49196;54788
evaluation,4901,27158;27476;99466;7452;42602;33306;18212;11930;8164;3032
evaluation,4902,42006;78858;11038;40478;51632;93545;60506;2608;49560;53374
evaluation,4903,9402;77771;332;7998;1064;33110;210;4124;77790;63880
evaluation,4904,4813;28712;38248;86043;82180;74766;72950;26943;9456;21958
evaluation,4905,95801;68280;89557;86754;98376;98072;86394;90148;22030;98210
evaluation,4906,19512;59164;33556;16278;82350;13890;14160;69818;50252;14686
evaluation,4907,68248;68916;1247;76234;21098;19280;924;75584;84660;19336
evaluation,4908,90148;81064;84240;95801;80266;98376;96876;89557;94570;86754
evaluation,4909,93772;6800;8196;17723;39416;93297;8108;9332;42100;18699
evaluation,4910,86647;90119;22030;8163;68280;84240;90275;80408;21948;75354
evaluation,4911,39416;32050;18699;17368;83168;23028;89232;23804;23484;39576
evaluation,4912,67104;95604;68590;96060;8600;39314;78172;96394;48332;11996
evaluation,4913,46590;1594;46696;674;8846;66982;77036;74816;3970;37719
evaluation,4914,68916;68248;76234;1247;924;84660;21098;19280;75584;47618
evaluation,4915,79714;61762;10834;46205;45879;46283;60352;85654;45500;45111
evaluation,4916,79164;46506;16476;79301;95154;1630;1482;43726;47282;82675
evaluation,4917,98094;84240;39418;90148;60592;86754;22030;21948;8163;31370
evaluation,4918,77771;77790;77034;65554;7998;45292;332;7772;22948;9750
evaluation,4919,22836;26086;95616;50974;22551;2543;67963;17140;2816;63835
evaluation,4920,90119;86647;8163;22030;75176;84240;21948;75354;68280;90275
evaluation,4921,97806;42736;97259;94218;60596;10620;67200;85765;28691;98276
evaluation,4922,44828;4904;39618;29410;15282;49192;62381;9334;38964;98282
evaluation,4923,23872;6646;65704;70858;70896;10438;70838;72210;80509;97738
evaluation,4924,2630;35960;622;50588;8879;8854;14348;46388;11419;13310
evaluation,4925,75516;99538;39640;39576;22494;76764;88748;39949;32294;62110
evaluation,4926,49772;4;4636;5159;91352;4638;5630;43460;11258;63472
evaluation,4927,65581;35508;49363;49872;46675;46804;47269;61342;57886;923
evaluation,4928,35040;46062;3434;7986;46394;7788;77771;30962;41415;79794
evaluation,4929,30508;53676;3015;5042;21898;32125;59810;9269;88836;57350
evaluation,4930,98094;22030;8163;89932;91918;91890;60592;89917;40264;21948
evaluation,4931,88748;49208;16406;18748;22982;62222;39308;11702;99539;39224
evaluation,4932,25282;71386;9168;19640;9468;71824;47200;10818;77402;28958
evaluation,4933,31698;87894;30056;30052;30046;14250;14266;18278;29338;10378
evaluation,4934,34644;2604;22306;38632;27003;84457;27494;5659;5760;75395
evaluation,4935,18904;16631;80108;83100;27648;36338;73644;16728;3194;82523
evaluation,4936,83006;47950;84834;62694;39576;50208;60282;89838;68332;97312
evaluation,4937,55652;14132;13084;76874;88358;70906;64345;1247;9194;34103
evaluation,4938,23872;24362;10438;9302;24772;65704;25560;89506;9354;10624
evaluation,4939,82944;39878;1330;27600;27004;26738;32510;74486;95278;28818
evaluation,4940,67104;21286;22838;67530;68590;73242;19968;29710;6194;28940
evaluation,4941,67790;27049;48020;45698;99821;28114;2178;26032;65974;16616
evaluation,4942,9269;19510;82604;17908;8308;61184;46758;71788;17963;57422
evaluation,4943,96040;74646;49714;15916;94338;54946;81448;91050;59810;59580
evaluation,4944,65998;8907;8270;5674;1162;4149;28816;2098;2134;68404
evaluation,4945,15102;18190;70139;60048;282;59592;60440;1160;58876;62124
evaluation,4946,55216;87220;15884;66314;20650;7370;1200;58471;50616;52074
evaluation,4947,20384;14498;1258;22302;56460;66875;98853;87520;84300;46056
evaluation,4948,4395;29128;84074;8216;48748;84129;29176;87402;66804;34415
evaluation,4949,66702;44952;17712;41171;43726;54730;68006;15452;27443;38238
evaluation,4950,85678;67244;48832;8156;8158;11258;73128;46112;7198;45886
evaluation,4951,10834;61762;79714;46205;60352;85654;46283;95082;45879;45111
evaluation,4952,35508;923;65581;49872;43152;46675;46960;41040;47269;22587
evaluation,4953,19680;89808;25786;19828;52982;93094;92461;92826;7724;7500
evaluation,4954,60333;64852;49079;354;99678;22078;3792;45791;81740;19372
evaluation,4955,9212;9592;45340;23626;44864;41396;48782;57349;41301;36094
evaluation,4956,9402;332;11516;1064;63880;41619;25831;950;42784;12254
evaluation,4957,16540;66842;66659;87798;57218;58886;4984;31574;10850;2653
evaluation,4958,16612;64294;25722;25047;27691;1834;29934;74538;93524;79212
evaluation,4959,75516;88748;39640;32050;76764;74108;93772;83398;70228;43146
evaluation,4960,35572;80290;45065;48806;62984;48984;48919;35728;51806;50314
evaluation,4961,91852;4960;5570;6406;67262;4666;96150;10156;9106;46058
evaluation,4962,75516;39416;39640;39576;76764;70228;18699;97662;55882;39418
evaluation,4963,24160;3246;86446;3010;95650;71788;72266;10214;446;3299
evaluation,4964,36338;36636;40752;73307;23234;63924;73098;25792;73590;57543
evaluation,4965,71470;15709;27818;78760;71330;28190;28818;23527;33750;30957
evaluation,4966,22587;35508;77250;50298;65581;43152;23554;46675;26182;60112
evaluation,4967,90028;86580;73307;35974;73438;73098;9124;96948;36052;76480
evaluation,4968,50186;93588;90602;28970;16674;2162;23356;96912;5909;98572
evaluation,4969,35040;46062;4674;3434;7986;31210;73762;30962;4859;76478
evaluation,4970,77737;82774;99891;91524;9552;81448;27564;34026;51882;92942
evaluation,4971,15102;18190;60048;70139;62124;18026;1160;59592;282;16294
evaluation,4972,30508;3015;27644;32125;59810;5042;1276;38180;53668;49076
evaluation,4973,4496;99714;79952;78702;99089;4372;21886;21870;30121;72294
evaluation,4974,95769;49413;70514;81768;15182;86150;59638;85152;99472;31132
evaluation,4975,22030;98094;89932;8163;91918;91890;60592;21948;89917;86754
evaluation,4976,95801;86754;98072;68280;89557;98376;8163;75354;22030;21948
evaluation,4977,69524;64548;23382;32814;69156;80771;69226;35956;72579;11698
evaluation,4978,1330;496;13514;75564;99709;18344;89870;32536;54194;32754
evaluation,4979,19004;19852;65982;98002;44354;53357;53628;20782;9443;18792
evaluation,4980,74949;8943;14059;7867;7754;24882;9822;24650;87476;99709
evaluation,4981,4395;84074;29128;34415;84129;40824;29176;11436;66804;8216
evaluation,4982,15128;26480;25860;2;92802;5172;49252;5344;25956;61784
evaluation,4983,11446;27842;11272;66836;85926;98198;2894;59702;90336;16778
evaluation,4984,92240;43704;91354;1660;82729;9472;59750;81856;66988;34612
evaluation,4985,76136;42932;43392;43152;87028;3570;46026;68898;22412;22646
evaluation,4986,65581;81522;57124;3510;37750;25026;83184;46804;28594;1248
evaluation,4987,73231;8214;94068;27004;7912;62944;13116;83598;10472;14544
evaluation,4988,9402;7998;1064;63880;25831;332;77771;61830;71168;11764
evaluation,4989,13574;98588;43600;81485;38184;17756;76774;25778;8322;88130
evaluation,4990,34942;35142;35348;35113;3200;2979;2900;3956;11722;44396
evaluation,4991,72190;68170;94954;71876;25047;63343;10914;24263;76944;89250
evaluation,4992,80408;90119;8532;99538;84240;75176;11150;11780;11030;90275
evaluation,4993,55349;34590;22160;55176;15872;24102;17730;26574;41162;74486
evaluation,4994,18904;80108;83100;9368;3658;57471;9064;16728;36338;27648
evaluation,4995,68916;68248;1247;76234;75584;924;21098;19280;84660;11684
evaluation,4996,76886;99709;9602;6960;3468;62994;74949;54194;26720;96484
evaluation,4997,69878;32016;89838;56258;68332;62246;18699;39419;62110;55882
evaluation,4998,19512;16278;59164;82350;14160;13890;69818;33556;14686;65370
evaluation,4999,28948;22926;7484;2195;2212;28818;94068;2763;77756;6440
