split,query_index,ids
tuning,0,97120;30758;87064;31080;94322;35572;40802;5946;6326;32020
tuning,1,36172;63958;46300;5992;22144;19128;18364;7898;96114;88676
tuning,2,33556;82350;2026;18602;4169;20694;22568;7150;88676;71694
tuning,3,28948;81382;80840;49056;16780;35572;69794;48216;21162;5680
tuning,4,53030;43594;20830;9940;69626;358;92240;46450;51568;8500
tuning,5,18602;20936;18726;4169;22144;92670;23790;17508;18364;31850
tuning,6,1330;2994;496;13514;10528;54194;7150;41162;47264;80668
tuning,7,56370;94560;2774;54258;62944;57048;36390;20814;57388;46516
tuning,8,77080;87388;34814;87;43970;1098;58776;75834;49128;36274
tuning,9,69662;49174;724;29126;36917;58240;10310;684;2026;57514
tuning,10,99020;99564;91580;50070;70131;57078;7226;90410;70214;28900
tuning,11,24043;34536;10310;51568;46300;724;38750;66098;13848;38887
tuning,12,20488;48244;60388;97636;27084;29116;56936;10174;23092;83854
tuning,13,41092;684;58578;19128;28376;75858;33556;15464;88676;48198
tuning,14,65244;64834;3042;82992;61408;30758;3636;5296;2836;3039
tuning,15,84806;16780;64522;22872;33110;9750;49162;23859;16114;798
tuning,16,54194;96912;80668;10174;69979;92321;59667;7150;19768;62944
tuning,17,910;94242;77368;522;780;1080;31456;73112;59667;4996
tuning,18,63958;21320;72456;71646;8506;1424;1442;47556;78590;93546
tuning,19,52764;33556;13958;29734;36030;30242;55150;1386;13712;13718
tuning,20,26528;59280;16215;1071;21090;55641;8604;79296;54812;77368
tuning,21,21320;28376;75858;540;72456;21162;42716;1424;1442;89658
tuning,22,88676;35124;14160;14992;13880;98636;20936;684;36917;41092
tuning,23,26528;16215;8604;79296;59280;63404;98166;21090;97930;29496
tuning,24,98636;93798;19128;76628;67336;94034;6536;65160;80434;3264
tuning,25,77306;51154;31227;73268;16780;82992;9082;7913;26156;39509
tuning,26,97120;31080;35572;32020;6326;18814;5946;30758;94322;40802
tuning,27,1080;2344;574;97120;62213;522;27626;6066;97389;96944
tuning,28,97120;31080;5946;30758;32020;18814;35572;6326;87064;3136
tuning,29,26556;40971;40310;30904;98142;24458;2604;3032;54466;11132
tuning,30,4154;26970;71330;16116;2863;25442;27818;28190;1644;4894
tuning,31,82659;10004;5484;96414;5256;96444;49774;23612;35058;76136
tuning,32,91992;26182;23570;23754;69510;44442;19760;9491;16850;1248
tuning,33,25442;26970;38750;19828;16080;67048;31622;57048;70662;29126
tuning,34,85552;44702;2462;15419;732;6134;50040;2814;49252;33016
tuning,35,96238;5992;10760;11758;41212;214;55338;4712;45698;23638
tuning,36,76818;11220;33882;12224;59461;60956;11038;4856;21547;34716
tuning,37,41060;10316;4934;59770;3979;43918;8760;24690;58370;1200
tuning,38,95414;25168;64484;18512;2784;54964;16381;63949;11396;3994
tuning,39,2068;98102;99516;99476;65880;97959;58484;22784;25600;2967
tuning,40,340;376;63880;36044;30186;69619;87728;17326;398;25770
tuning,41,98080;104;68945;86510;76996;77252;102;28854;78728;9370
tuning,42,85584;33638;17326;45174;32719;87728;27124;168;7254;17778
tuning,43,69164;3994;2967;38016;61616;98210;58718;3662;18872;95980
tuning,44,20952;22476;15200;85676;86026;99678;12854;19040;27412;71904
tuning,45,26970;3154;5730;9392;25442;70954;5100;95344;1098;17326
tuning,46,97806;23702;57876;2474;8451;6824;2248;90410;20470;98690
tuning,47,14726;1756;94954;10586;75118;64834;8451;19296;10708;13868
tuning,48,79358;79646;70131;38920;21694;50070;72190;74196;90410;3886
tuning,49,56930;70214;37636;81085;48154;14780;3886;26818;49120;37228
tuning,50,10276;39102;39406;33270;80286;57410;26052;57338;15282;2760
tuning,51,94748;31584;4539;90148;59964;10646;89932;87370;42062;32476
tuning,52,78164;22494;90476;17368;83552;98194;90635;18706;39419;48360
tuning,53,37108;9762;54086;6152;2078;22816;23558;5990;21515;30942
tuning,54,93798;98012;98636;6536;3040;90256;71934;94034;6006;48400
tuning,55,87902;78590;8506;46412;71646;32112;21090;1424;1442;42716
tuning,56,60388;19274;36480;41010;68114;47926;68482;59134;6008;70474
tuning,57,85552;2462;6134;15419;44702;33016;56460;98853;50040;29154
tuning,58,2144;11698;10540;79494;69536;12686;16612;22382;16866;37800
tuning,59,50190;90712;15282;85110;41472;11698;74152;33838;12698;80638
tuning,60,31368;84806;86548;77252;45770;91970;98924;32476;27434;5814
tuning,61,67668;39642;87554;21712;23338;234;73112;9676;49056;896
tuning,62,60662;61945;12224;82770;59502;83100;77326;86597;26414;6204
tuning,63,21260;99678;32320;3792;91033;1440;97959;32455;90974;13528
tuning,64,97120;1080;6066;522;2344;574;27626;62213;894;48420
tuning,65,93798;6536;98636;98012;71934;80668;48400;3264;3040;90256
tuning,66,16215;59280;26528;8604;56936;21090;17864;63404;79296;54482
tuning,67,34504;78402;17608;13154;10310;3039;32384;18775;1024;13718
tuning,68,28376;21320;1024;9828;88676;63958;83956;14160;20936;13880
tuning,69,47556;7150;89658;80668;45237;18680;58894;26858;75858;14686
tuning,70,98690;62528;59882;72814;95186;87572;12178;46797;12426;73070
tuning,71,96114;81038;26356;59770;59414;71404;58370;54386;82328;33736
tuning,72,53398;43594;59750;54243;53208;53472;2890;12864;42784;11574
tuning,73,19760;50852;40608;51372;47098;57710;46797;85584;73882;95904
tuning,74,4243;95274;95344;4118;87728;49554;2222;18800;14402;5320
tuning,75,96114;26156;45638;300;43010;46230;44166;22128;49044;59414
tuning,76,19760;50852;40608;51372;57710;47098;85584;46797;73882;73124
tuning,77,12864;874;53472;1430;47098;42784;17376;40714;41422;12211
tuning,78,61945;95621;15822;83100;60662;342;8006;82770;86597;43970
tuning,79,2564;95274;66034;46336;87728;13067;44374;316;27412;18800
tuning,80,95606;20848;14454;44954;50512;33354;45622;21484;73070;87800
tuning,81,9890;32719;54786;2890;59630;54418;30028;9552;3926;38248
tuning,82,58732;9730;56155;69394;70642;21370;15464;45178;25296;77328
tuning,83,44954;45026;45930;45875;42618;13166;29880;84748;16116;30359
tuning,84,53398;43594;53208;54243;59750;53472;3166;42784;18746;11574
tuning,85,34566;73762;66364;15774;3658;83100;30186;23859;18430;16728
tuning,86,9994;14274;36200;64376;41602;79284;15356;10636;21134;77480
tuning,87,34566;73762;41378;15774;410;23859;60042;82994;2068;58602
tuning,88,15822;61945;86597;8006;60662;43970;9846;83100;33882;95621
tuning,89,63726;91988;86956;86577;420;74912;51048;87336;5212;88788
tuning,90,420;5428;87336;46450;91988;7648;8724;28396;5466;68136
tuning,91,42248;73056;49252;2814;72828;37450;9712;59986;27042;51148
tuning,92,99654;13166;84748;41816;59461;73644;73307;79794;412;80
tuning,93,41060;10316;8760;59770;3979;43918;2880;4934;21484;58370
tuning,94,2894;6278;61967;972;19948;24728;94218;2392;26556;70506
tuning,95,52248;32455;12998;8044;73762;2287;65981;61746;99796;76478
tuning,96,79560;64376;16558;41602;19846;10636;11140;15356;40714;11028
tuning,97,45174;168;32719;3140;33638;87728;27124;17014;71904;59512
tuning,98,2068;98102;99516;65880;99476;97959;75834;69164;19344;58484
tuning,99,52234;14934;34372;23859;30186;73644;73307;82994;73590;73418
tuning,100,57290;16010;51004;2267;79524;23754;44442;23570;19760;42306
tuning,101,99020;99564;50070;70131;7226;37228;91580;79358;57078;21356
tuning,102,57078;37228;75118;26550;72190;50070;26780;39286;91580;35032
tuning,103,72190;79358;38920;70131;28900;79646;14512;69606;69801;33416
tuning,104,92650;15282;39854;38542;9356;51230;2690;45622;36040;44234
tuning,105,94748;90148;4539;89932;39419;10720;31584;75176;32476;39418
tuning,106,9762;54086;22816;95153;30942;9082;23558;63404;75464;6152
tuning,107,28948;21712;64026;39642;35476;60400;4856;39624;67834;54058
tuning,108,25126;34504;8786;13154;31868;32384;50491;78402;50990;32160
tuning,109,78590;78994;87902;6960;28154;8750;94065;1236;17956;42716
tuning,110,96114;26156;300;45638;22128;3646;34566;46230;5992;46150
tuning,111,70974;27124;35378;38090;71718;9074;12090;1428;1348;16381
tuning,112,30898;7988;30579;20098;77510;48782;36274;80572;9124;96344
tuning,113,71671;9590;9486;21547;88944;9104;42176;60506;34628;28286
tuning,114,1402;1396;96169;2062;74766;1060;30818;38248;3812;23674
tuning,115,51546;11704;90476;99702;16036;50208;64986;90635;63862;8280
tuning,116,34566;68698;41376;34372;5358;31227;834;73762;49044;33700
tuning,117,82328;25554;2982;95582;41422;31264;35836;18238;31627;77510
tuning,118,95582;12290;35836;11916;31627;31264;442;7391;73882;1366
tuning,119,45341;49554;28510;14402;74256;1366;3792;398;4250;9110
tuning,120,44446;16114;41770;13212;3620;65880;6224;93018;34860;14895
tuning,121,22128;46058;86723;398;887;44446;51048;34566;410;7290
tuning,122,47090;55362;18430;27878;9750;43684;50512;89536;69394;85138
tuning,123,33882;34716;93974;22872;55362;4276;87366;58602;8828;45930
tuning,124,97959;99516;99476;22784;68289;28178;18610;51104;30242;2068
tuning,125,99838;43600;1215;92286;10988;37832;24690;87755;91033;5952
tuning,126,73112;58584;55338;31456;10998;69562;612;66467;72940;78130
tuning,127,104;98080;68945;102;86510;77252;9370;76996;78728;28854
tuning,128,48690;6851;59667;88670;68916;6824;20446;27316;77368;3306
tuning,129,90764;67762;3000;90;27434;93762;19676;89536;25778;9392
tuning,130,29270;23790;95621;552;25069;18786;5752;25554;14895;88670
tuning,131,44954;45930;45026;30359;29880;38532;13166;84748;45875;51596
tuning,132,73307;73590;73644;37938;9124;71404;73418;3928;1874;50750
tuning,133,27434;84806;67762;90764;90;25778;86723;31368;3496;2844
tuning,134,4169;94242;69801;10290;30642;82350;50491;26570;18262;32120
tuning,135,9440;3108;72210;67186;18786;57784;12492;11828;31616;29480
tuning,136,90148;89932;94748;39418;31584;98376;39419;10646;13304;87370
tuning,137,684;14160;58578;43308;47940;2538;38422;47556;48420;12964
tuning,138,55450;10116;81268;66098;50031;28456;24043;89480;5080;5766
tuning,139,59667;54194;259;80668;7150;41162;71694;26528;10174;62944
tuning,140,57410;26052;80286;40364;10276;74152;36258;24616;16406;39102
tuning,141,41498;27042;51148;72828;18310;858;37450;8138;2540;4426
tuning,142,87572;59882;95186;54640;46797;47402;53586;1022;98690;72814
tuning,143,91992;23754;26182;23570;67048;16850;392;52266;51696;69510
tuning,144,61967;53672;24690;24216;2744;20212;8760;14962;11930;2180
tuning,145,41060;10316;59770;43918;24690;1644;26124;59414;15884;20212
tuning,146,21090;98166;16215;29496;19767;87902;42716;6152;98476;16264
tuning,147,95414;5296;754;27850;6440;58484;41394;80866;33210;258
tuning,148,3828;22306;18640;87388;3792;2318;38632;33882;99678;19372
tuning,149,49788;49044;3140;22128;17326;32719;10122;81572;87728;17014
tuning,150,4100;2098;18786;8398;43814;57920;39318;76996;48048;5814
tuning,151,94954;75118;1756;14726;64834;3256;72190;10586;54010;54058
tuning,152,81338;81768;74808;80230;39576;32294;16406;64986;10586;24906
tuning,153,62322;8982;15282;92650;2594;79952;77464;98937;23214;72294
tuning,154,94954;54010;37636;81085;56930;70214;79952;38334;28536;79358
tuning,155,1695;56112;81268;34536;80898;55450;66098;25578;52452;26780
tuning,156,62912;90148;94748;34916;49986;632;13252;10720;16208;98210
tuning,157,39618;71020;93232;54964;13182;16708;22254;80664;3352;16208
tuning,158,18706;98194;91164;82044;78164;23214;87370;18388;24906;39576
tuning,159,57410;26052;80286;80620;36426;2190;36258;25170;31412;10276
tuning,160,94034;90256;91637;98636;6536;98012;88460;93798;71934;41010
tuning,161,21090;78590;82700;98476;46412;29496;98166;63958;79296;71646
tuning,162,19768;7150;80668;496;92321;47556;27818;2706;62944;22568
tuning,163,22749;88676;43760;7150;4169;16116;36348;910;58578;71694
tuning,164,64026;7472;9552;3438;54404;318;68136;19828;26810;27124
tuning,165,73307;73644;73418;73590;71404;9124;37938;33736;21958;7988
tuning,166,69626;73044;1644;5680;59410;95082;14748;60188;24690;9640
tuning,167,27124;29250;45174;66034;33638;2248;17326;96702;1787;26356
tuning,168,96238;92670;99476;99516;71126;23632;74256;56728;50166;43814
tuning,169,40714;41602;21134;95606;85539;30088;36200;21170;54786;5280
tuning,170,49788;49044;3140;40714;85584;17326;27124;10122;1958;81572
tuning,171,55450;28456;24043;81268;10116;66098;50031;29021;18018;89480
tuning,172,60858;35884;46254;79516;27996;56728;98960;22656;98210;2398
tuning,173,3975;55362;36862;4588;58602;4946;4276;5642;99654;11528
tuning,174,6420;5946;98476;77306;39509;18330;6824;3306;21090;97120
tuning,175,87902;78590;21090;1424;1442;46412;47556;51448;42716;2474
tuning,176,37248;72210;6184;4218;64626;1146;39102;54282;56012;25578
tuning,177,79485;79807;99234;53478;88788;3346;87336;2526;57182;89024
tuning,178,75176;41472;33838;85110;15282;5862;50190;98937;9108;77464
tuning,179,97268;58172;55338;1260;69708;68945;60188;28821;5628;34716
tuning,180,46748;96528;2734;78852;90476;73850;78164;13182;31152;472
tuning,181,18602;38928;18726;31850;20936;22144;18364;92670;19132;78928
tuning,182,11828;11308;83702;9438;924;55641;59344;24760;28946;1247
tuning,183,32340;9826;13722;23702;72334;47084;93232;24254;47440;70200
tuning,184,51546;5498;4383;78164;13182;91164;64986;83904;23702;56728
tuning,185,51546;11704;16036;99702;50208;90476;8280;90635;64986;70994
tuning,186,94748;17368;57868;50208;19546;39419;17770;21636;78164;21694
tuning,187,1170;17458;16064;71020;18388;65562;1148;10540;13182;8982
tuning,188,20232;28682;65332;26198;880;19264;1896;80664;19146;584
tuning,189,35572;6326;32020;31080;45237;18814;19767;51448;93546;27572
tuning,190,340;376;63880;69619;36044;19674;25770;36592;65556;10682
tuning,191,37636;81085;56930;87297;45688;21694;77109;78702;27266;39286
tuning,192,99020;70131;21356;39286;26780;99564;14072;57078;75118;40310
tuning,193,28948;15884;8812;5820;49358;7150;21712;9676;49162;60254
tuning,194,26528;16215;79296;59280;21090;8604;98166;29496;98476;55641
tuning,195,34226;34104;406;5788;58240;38750;37080;20936;16080;164
tuning,196,14895;58776;31264;31302;93312;21490;35836;12211;34860;66172
tuning,197,9552;34026;9890;2890;318;50018;87;9110;54404;390
tuning,198,63880;7988;36592;340;80112;36044;77510;376;69619;18055
tuning,199,79560;77480;53651;23626;79284;19846;54220;28908;5280;4564
tuning,200,78702;27266;79952;81085;37636;37228;87297;39286;56930;77109
tuning,201,99564;99020;37228;70131;26312;50070;7226;91580;35032;57078
tuning,202,81338;81768;2996;8276;24906;13892;64986;74808;7696;31202
tuning,203,36888;43010;76492;18786;94218;13154;96114;20116;2020;6156
tuning,204,702;27124;19990;10122;3140;26970;55432;16420;98142;16952
tuning,205,30672;97741;19948;4426;34174;9160;29250;54466;51394;27124
tuning,206,28930;43850;96238;94304;20774;90786;77228;43684;17048;71126
tuning,207,87336;38750;91884;79794;3704;76672;50512;5428;86956;38536
tuning,208,47200;57078;28534;26312;40444;27228;30904;32814;91164;50070
tuning,209,99020;99564;7226;91580;10062;50070;90410;11598;70131;57078
tuning,210,632;59964;98210;98376;89932;90148;13252;5836;13892;39576
tuning,211,34504;25126;50491;32160;13154;8786;31868;32120;25102;57390
tuning,212,37248;21280;1146;98588;4218;28816;118;39102;6184;98924
tuning,213,44954;45026;45930;38532;45875;30359;29880;13166;42618;84748
tuning,214,73418;74260;30028;33106;31616;38178;35256;71404;8102;27658
tuning,215,2068;95082;99516;60042;93974;97959;23210;34814;77228;7804
tuning,216,16116;71330;28190;27818;45875;57388;4154;25442;23112;26970
tuning,217,83276;64750;64404;68842;74540;52476;12314;74260;53586;54404
tuning,218,95414;2890;4594;25804;18512;37794;42218;946;41394;2784
tuning,219,41602;14162;30088;36200;14274;30148;21134;21170;85539;40714
tuning,220,99678;18640;86026;3792;33882;20302;5642;41130;53651;19372
tuning,221,18726;18602;38928;18364;28456;92410;31850;17508;19132;22144
tuning,222,8712;1472;79792;54538;3264;18364;4688;23894;34706;6006
tuning,223,44954;45930;45026;38532;30359;45875;29880;84748;85676;51596
tuning,224,2068;98102;65880;99476;99516;97959;69164;58484;19510;25600
tuning,225,45102;60650;50290;84324;5676;29788;29122;27434;65696;26558
tuning,226,10698;10506;24690;4114;77730;9274;39186;25144;2998;64910
tuning,227,10052;62944;2994;10528;7410;10116;2026;48244;25462;71694
tuning,228,38928;18364;34504;82350;12;50491;18726;19852;25102;14604
tuning,229,10698;10506;4114;24690;25144;71492;39186;77730;57566;1155
tuning,230,37248;98924;4836;5174;6850;3174;5466;2098;1162;76774
tuning,231,24043;19961;22090;31790;18018;22282;52452;14054;66098;56112
tuning,232,41060;10316;43918;59770;24690;95082;1644;26124;15884;59414
tuning,233,26810;19828;7472;3812;88944;96169;5912;3718;74256;31706
tuning,234,1094;84164;9438;83702;11308;18262;39624;88846;89658;18786
tuning,235,79358;38920;72190;70131;79646;26818;50070;14512;5788;69801
tuning,236,97389;42868;10540;7188;78702;92650;79952;49120;95384;56140
tuning,237,99564;99020;50070;70131;92650;50956;8514;8398;79358;14014
tuning,238,17368;39576;39419;88748;48050;78164;76764;97662;22494;32294
tuning,239,27158;33700;90;12998;84806;96822;34372;11828;27434;2026
tuning,240,26528;59280;16215;77368;8604;21090;1071;98166;79296;17864
tuning,241,9762;23558;22816;54086;30942;9082;95153;18814;6224;6152
tuning,242,6536;98636;93798;4166;94034;71934;2267;14992;3264;22144
tuning,243,95153;87064;5366;57784;97930;26528;4169;98166;98476;6152
tuning,244,66467;62250;25462;68798;14156;57514;41162;10310;97786;4306
tuning,245,11828;83702;11308;9438;36604;28946;924;1247;84164;19280
tuning,246,41060;43918;10316;58370;8760;1200;4934;21484;61156;59770
tuning,247,24906;35884;46104;63290;18388;56728;71108;78164;31412;98194
tuning,248,4169;94242;69801;10290;30642;82350;26570;32120;50491;37080
tuning,249,85552;98853;56460;6134;15419;1060;64736;33016;10855;2462
tuning,250,44954;45930;30359;45026;38532;45875;85676;84748;29880;13166
tuning,251,340;376;63880;36044;36592;69619;10682;19674;13338;98730
tuning,252,33628;46104;13182;5498;2760;12756;57920;63290;90602;20014
tuning,253,30704;13182;20662;8982;1148;26052;5498;33270;46748;4536
tuning,254,95384;24650;10174;95930;1071;30242;78392;3468;18330;2380
tuning,255,9762;95153;6152;22816;54086;37108;23558;5990;2078;30942
tuning,256,10052;62944;2994;25462;10528;10116;83264;7410;57514;48244
tuning,257,95384;10174;24650;6132;13582;95930;33388;69979;18330;1071
tuning,258,81768;81338;5362;16406;39854;57920;4536;20662;96473;4708
tuning,259,13718;55150;33556;1386;46142;574;36030;910;522;13958
tuning,260,1080;574;97120;2344;27626;62213;522;6066;97389;77368
tuning,261,7410;98636;51786;36390;16616;71934;3040;14992;66680;18602
tuning,262,684;2538;41092;4169;35124;58578;1024;2026;14160;28376
tuning,263,89658;42716;88846;31080;86082;19767;12166;21888;82700;58894
tuning,264,28948;21712;4856;39642;2706;35476;84340;64026;33110;94616
tuning,265,6440;41422;50268;63534;14171;5626;8712;34226;75986;68262
tuning,266,7064;6828;54812;13310;32584;18746;13888;12716;21911;97292
tuning,267,99020;99564;7226;91580;10062;28900;57078;14512;50070;45688
tuning,268,46104;33628;4536;25612;20662;57920;12756;2760;90602;31012
tuning,269,8604;59280;18432;29674;1382;17864;77368;63404;79792;18532
tuning,270,10052;47156;25462;43308;18432;56028;93030;11808;35000;14114
tuning,271,25076;93768;43768;17264;18832;66106;22499;31618;66467;77426
tuning,272,28286;9104;9590;71671;42176;60506;96169;9486;3812;37224
tuning,273,57566;4116;66264;45004;10596;26364;71502;96822;26570;2080
tuning,274,27814;3894;6538;52248;41394;51394;18310;73882;17626;57710
tuning,275,41060;10316;59770;43918;2880;24690;15884;45875;73590;20848
tuning,276,77228;60042;65981;23210;2668;95082;58506;19510;18292;93312
tuning,277,16116;71330;5086;45875;25102;73730;25442;28190;27818;26970
tuning,278,64750;83276;64404;68842;12314;74540;52476;90108;2267;6604
tuning,279,73307;73418;73590;9124;73644;71404;37938;54243;21958;64068
tuning,280,31139;8790;7830;8020;16728;342;41696;23859;11140;8502
tuning,281,97959;99516;99476;2068;75834;68289;9750;16780;22784;45228
tuning,282,63880;340;376;69619;36592;36044;10682;82146;77510;25770
tuning,283,104;19760;28854;98080;70662;21260;15102;5234;36390;7030
tuning,284,16558;64376;79560;15356;10636;24424;19846;36200;9720;9994
tuning,285,2314;292;28281;30090;8372;22132;32455;6836;2967;14060
tuning,286,14726;97259;94954;72190;8451;97806;64834;49986;3256;2078
tuning,287,97294;91580;37228;32750;70131;27266;21694;7226;45688;39286
tuning,288,78164;22494;18706;90476;76764;39419;17368;89232;39576;13974
tuning,289,87370;62912;1422;46752;49986;13892;39296;3668;85388;83412
tuning,290,98636;70662;44788;58240;36390;94242;12910;47940;35124;47264
tuning,291,81338;81768;20662;30704;16406;4536;24906;11704;64986;2996
tuning,292,1146;39102;80286;4218;31974;11142;5174;37248;3174;1094
tuning,293,6008;18240;60388;68482;19274;68114;94034;63336;47926;36480
tuning,294,54194;496;80668;10174;7150;47264;1330;13514;10528;96912
tuning,295,95384;24650;10174;30242;1071;18330;95930;2380;15102;33388
tuning,296,1268;724;11506;49174;34454;35968;43658;3032;36172;49302
tuning,297,13514;12492;89916;496;67186;45698;92354;6006;80668;16493
tuning,298,19768;27818;80668;92321;28190;6006;97930;10528;21515;7150
tuning,299,69801;34226;26570;10290;70662;37080;94242;16080;12070;4592
tuning,300,43010;2668;41162;64522;93030;43308;38887;9940;87336;4014
tuning,301,2660;47618;48690;92854;93546;6244;89798;90013;32020;28032
tuning,302,98210;10646;39296;2652;35884;98376;1422;75176;13974;16708
tuning,303,78702;79952;97389;10540;7188;49120;92650;41472;32554;47084
tuning,304,97389;94501;41536;17502;75794;9826;69432;65393;56450;89944
tuning,305,5362;46104;4536;81768;65562;25170;13182;71020;5498;66800
tuning,306,89232;39419;88748;97662;31510;880;98194;47896;6910;18388
tuning,307,81768;81338;16406;39854;5362;20662;30704;57920;2314;472
tuning,308,71126;32814;62104;31864;12686;66866;23632;67287;61208;3352
tuning,309,88748;90476;39419;97662;76764;90635;11702;39576;17368;78164
tuning,310,54086;23558;22816;9762;18814;6152;30942;47618;39509;95153
tuning,311,684;14160;71694;62944;47556;43308;88676;46522;75858;62756
tuning,312,3970;7898;4440;60506;10798;38090;21712;12952;27672;3444
tuning,313,17368;39419;94748;32476;51546;39418;22494;83398;13252;50208
tuning,314,43844;4934;11938;98806;97741;23778;8760;14748;34288;23713
tuning,315,60112;6538;1248;73882;64882;88782;96944;17626;59807;93854
tuning,316,99654;13166;84748;59461;29250;2894;30359;73307;66836;73644
tuning,317,41564;80850;68932;81398;75834;98439;4944;318;76348;41450
tuning,318,7724;27124;52504;44310;7030;2880;29250;29594;52476;1444
tuning,319,38354;9486;11328;30192;74766;64026;96169;88944;3812;61065
tuning,320,3944;29722;10596;50750;77036;3970;10798;22844;3444;54243
tuning,321,70024;1652;75576;1874;3928;19948;84748;424;46460;14748
tuning,322,2894;972;52234;99654;99224;61967;94218;99123;91172;23859
tuning,323,48690;77252;69794;54282;25600;92358;63862;18814;89658;43658
tuning,324,44954;45341;45026;84748;45930;29880;30359;85676;57596;2880
tuning,325,27814;5212;70630;19472;26824;10855;51562;59986;7630;49252
tuning,326,83276;64750;64404;68842;1022;96444;96702;96414;29594;90108
tuning,327,54404;946;3294;95318;54386;73307;5738;54556;24728;40440
tuning,328,3944;29722;10596;3970;50750;10798;77036;22844;3444;54243
tuning,329,38354;9486;64026;74766;11328;96169;30192;88944;1402;30070
tuning,330,85654;3979;3894;23713;12486;18310;9846;8760;38558;44738
tuning,331,3944;3970;96169;10798;38354;3812;50750;29722;27672;16420
tuning,332,95414;25804;35314;9486;41564;41394;42218;26810;32992;4594
tuning,333,52234;73644;23859;73307;946;59296;46392;5096;73590;43844
tuning,334,20848;44954;45930;21484;59526;50512;21606;45026;77350;45875
tuning,335,64376;9994;24424;16558;9720;36200;10636;79560;15356;14274
tuning,336,96464;27434;9948;54282;140;1094;1155;10392;86723;26570
tuning,337,79485;79807;6078;89024;53478;46196;88788;99234;25794;42762
tuning,338,96344;58718;80708;41378;8290;31264;31302;86686;28260;18238
tuning,339,887;2668;73268;42638;31227;79794;46394;4952;76644;76672
tuning,340,80112;16728;20680;96344;67128;10466;52224;8006;73307;6204
tuning,341,99952;97259;83412;62912;49986;1422;80638;81145;31412;69582
tuning,342,48154;56930;35032;70214;97294;37636;81085;3886;37228;50070
tuning,343,56162;14780;2652;19584;66866;78702;70974;5862;35032;1422
tuning,344,10850;81522;50070;55806;79212;79196;79952;23214;2920;22282
tuning,345,97389;41536;75794;94501;56450;26198;27266;48154;97294;47720
tuning,346,31412;65281;23890;10276;95904;79360;10223;96473;2920;73290
tuning,347,78928;31850;83840;36888;23894;92410;38928;35124;18726;92854
tuning,348,32112;78590;21090;21320;63958;78994;87902;28154;8506;42716
tuning,349,98636;3040;7410;66680;71934;76628;3264;93798;44788;94034
tuning,350,95153;87064;6960;35592;28206;10860;4248;622;4090;86870
tuning,351,88460;57962;20446;6008;3040;9438;90256;94034;16616;49120
tuning,352,70974;68262;23338;74192;33492;6202;71718;9074;3970;63170
tuning,353,38354;9486;64026;74766;11328;96169;30192;30070;88944;1402
tuning,354,7336;72828;2092;1637;49252;26164;2814;32508;57378;73056
tuning,355,28286;21547;60506;11038;9590;9104;71671;37224;1060;3812
tuning,356,34628;26164;16420;20350;9712;8138;318;35962;16952;42248
tuning,357,44954;45026;45930;45875;30359;38532;13166;29880;42618;84748
tuning,358,85654;61762;21632;27814;82836;44260;40971;73309;35850;46460
tuning,359,38354;9486;96169;16420;1402;1396;79301;3812;732;4440
tuning,360,1732;47278;20912;24650;3668;30316;33416;9370;7030;7914
tuning,361,83276;64750;64404;68842;96444;96414;1022;96702;29594;14550
tuning,362,13242;23338;12090;12318;38090;14836;35378;4592;75986;9074
tuning,363,887;2668;16114;64522;4952;89024;46394;71788;63880;42638
tuning,364,33556;1386;10310;49174;8136;57514;52764;13958;55150;69562
tuning,365,32160;34504;32120;78402;25126;82920;65370;50491;89894;8786
tuning,366,31139;8790;7830;16728;8020;342;41696;23859;11140;8502
tuning,367,81522;10850;79196;50070;2436;79952;23214;2920;22282;79212
tuning,368,25126;50990;34504;65370;50491;89894;31868;32120;32160;13154
tuning,369,9082;9762;39509;95153;54086;23558;22816;30942;87064;96422
tuning,370,22568;90605;10528;71694;20694;7150;12716;496;6006;13514
tuning,371,6536;3264;8712;6006;34706;79792;80668;54538;58424;79952
tuning,372,31302;3662;22132;392;96792;24690;99796;6612;35836;9491
tuning,373,3296;79780;35378;79301;82679;1494;14836;66264;29888;66044
tuning,374,2068;99516;99476;98102;97959;65880;2967;90534;69164;58484
tuning,375,50512;20848;44954;45875;95606;45930;21606;77350;53592;21484
tuning,376,96344;53292;44310;96150;81038;58718;9696;1366;14402;11528
tuning,377,55450;4416;50031;81268;50439;83194;28456;10116;24043;32900
tuning,378,41060;10316;59770;43918;8760;4934;1200;3979;61156;24690
tuning,379,73307;73590;9124;73418;71404;37938;73644;1874;54243;50750
tuning,380,2035;51148;72670;9958;2492;37450;2462;9712;2814;7336
tuning,381,21320;46412;84162;1424;1442;72456;28154;51448;42076;42716
tuning,382,54194;96912;10174;80668;1330;496;47264;69979;21515;59667
tuning,383,34104;70662;98080;15102;28854;45004;54258;85584;76996;50166
tuning,384,4708;45688;72294;59526;27996;63170;45622;59964;19344;20360
tuning,385,97806;97259;14726;99952;1422;12850;17048;85388;16848;96150
tuning,386,1148;31227;31152;30704;82649;46104;3256;40364;99952;5464
tuning,387,496;1330;32754;7150;80668;90605;10528;2994;54194;47264
tuning,388,97662;32476;83398;39419;89232;32294;88748;6910;632;39576
tuning,389,7410;98636;3040;51786;36390;71934;1588;1568;3264;14992
tuning,390,2078;49302;43010;64522;26156;39760;92358;27107;26350;2836
tuning,391,70642;68078;58732;8096;41092;31456;8062;10310;15464;23218
tuning,392,3975;55362;4946;58602;5642;45206;4276;33882;22872;85138
tuning,393,62944;27662;36390;20488;35124;57388;45698;16616;78928;10528
tuning,394,18364;92410;17508;92670;23790;38928;18726;19132;13154;5628
tuning,395,32160;32120;34504;82920;25126;82350;65370;78402;25102;50491
tuning,396,13848;82992;43658;22816;18432;19128;30758;20446;54086;20152
tuning,397,59280;17864;8604;16215;63404;26528;18532;79296;79792;18432
tuning,398,71671;42176;28286;9590;9104;60506;11038;9486;3812;96169
tuning,399,98468;29021;54802;54908;80668;36888;8712;34706;43600;1071
tuning,400,29268;40552;21902;69979;56012;30758;13582;70642;15970;3468
tuning,401,31216;14550;53190;11132;2392;12952;53398;61065;35850;60172
tuning,402,87336;92890;46460;61967;82036;46726;42286;13067;74158;21632
tuning,403,3944;29722;10596;10798;3970;77036;50750;28286;22844;3444
tuning,404,85676;84748;30359;44954;45930;45026;91884;38532;29880;45341
tuning,405,21958;30192;30818;3308;38248;318;2955;13067;3979;14856
tuning,406,97959;99516;99476;180;68289;22784;2068;65880;71126;53432
tuning,407,2068;99516;97959;99476;7804;98102;65880;59667;6824;7290
tuning,408,53592;9696;7630;3704;50512;38536;11528;87336;5428;91884
tuning,409,66106;10116;42678;11476;5766;13868;11194;9784;65332;31132
tuning,410,17368;22494;39419;39576;88748;89232;83398;32476;11702;78164
tuning,411,88748;4708;11702;63862;59461;3108;90635;19714;24498;89042
tuning,412,97389;32554;75794;41536;94501;4416;82906;56450;95586;27886
tuning,413,38928;18364;22144;74328;18602;19132;92410;5628;23894;36172
tuning,414,2078;38887;27107;54086;16114;59132;39760;2836;26156;64522
tuning,415,95384;10174;24650;15102;18330;30242;33388;18610;1071;282
tuning,416,9762;6152;22816;54086;95153;23558;30942;21515;18814;5990
tuning,417,1874;1652;70024;75576;3928;38248;49494;14748;15750;4276
tuning,418,21911;24498;86950;18786;89220;95621;31618;5086;3108;27258
tuning,419,4664;61346;66044;76136;22646;43392;1060;96444;9440;29594
tuning,420,95414;41564;41394;42218;25804;25168;2890;9552;41450;86026
tuning,421,87728;17326;45174;168;33638;32719;1787;96434;17014;49044
tuning,422,40444;81338;79196;56112;97294;1308;97673;43086;81768;4418
tuning,423,81338;81768;24906;8276;31202;23214;80230;2920;2996;18388
tuning,424,3450;17368;32476;78164;39576;71043;22494;50208;13892;32294
tuning,425,88748;11702;90635;4708;24504;94214;48050;63862;97662;22494
tuning,426,74192;71718;88944;1684;30070;27042;89472;12090;8724;34628
tuning,427,54404;946;54556;54386;46726;37318;95318;40440;66264;41034
tuning,428,73309;78390;3120;78822;64068;64102;38248;14748;44260;35850
tuning,429,31868;82350;34504;32160;32120;25126;65370;25102;50491;78402
tuning,430,18364;17508;92410;38928;92670;13154;18726;23790;19132;31850
tuning,431,99516;99476;97959;2068;56728;60254;62364;68289;96422;22784
tuning,432,14512;79952;94410;55806;81522;38542;36064;79358;70131;79524
tuning,433,26528;30232;16215;46142;80668;8604;17956;21090;55150;1071
tuning,434,17106;71694;93798;98636;27662;50491;97108;4169;22568;71934
tuning,435,95384;24650;10174;95930;1071;18330;78392;45572;33388;3468
tuning,436,98166;6894;98476;47618;19767;90013;32020;51448;43522;31080
tuning,437,3944;29722;38354;3970;30192;9486;77036;10596;3444;96169
tuning,438,42176;71671;9590;9486;21547;9104;88944;1332;28286;1398
tuning,439,66044;4664;61346;76136;43392;22646;1494;18622;12178;29250
tuning,440,95414;41394;98997;68932;4708;27850;754;512;41564;19962
tuning,441,91580;30904;99020;50070;39286;57078;35032;7226;80866;86654
tuning,442,19496;10276;38168;45305;31412;39406;45964;483;89252;69432
tuning,443,4416;55450;81268;28456;50031;29114;32900;1574;92410;21420
tuning,444,66106;24043;66098;5766;47200;26780;89480;52452;28534;98194
tuning,445,42176;71671;9590;9486;21547;88944;9104;19828;1362;1398
tuning,446,20350;96238;19472;39488;71502;148;88660;90786;14856;21470
tuning,447,8044;308;46046;77228;11765;68994;18214;41394;7699;62364
tuning,448,8760;41060;4934;1200;11938;26164;3308;44260;43844;54404
tuning,449,54404;946;3294;54556;46726;54386;51956;37318;95318;7004
tuning,450,1684;71718;88944;30070;74192;89472;8724;22844;27042;12844
tuning,451,95414;41394;25168;2784;9916;1440;4594;5096;51394;31698
tuning,452,46196;79807;89024;79485;99234;24160;53478;42762;61746;8724
tuning,453,28281;90534;17612;65606;89548;19344;23626;65880;61616;38016
tuning,454,390;2162;11328;3718;14722;68166;63242;12864;30818;53132
tuning,455,87388;77326;98730;65910;80572;9592;10682;46522;77510;24060
tuning,456,78702;79952;27266;49120;77109;87297;92650;50070;97389;39286
tuning,457,38168;48664;77426;90694;33270;19496;89252;69432;19264;63538
tuning,458,98636;3040;93798;7410;66680;71934;17106;41092;3264;23092
tuning,459,63336;34706;80858;13514;95268;28032;13582;78994;6396;81070
tuning,460,1146;5174;37248;39102;80286;98924;98588;28816;57410;26312
tuning,461,56370;62944;94560;2774;57048;54258;31850;95586;36390;96854
tuning,462,2068;98102;99476;75834;97959;60042;99516;69164;34814;22784
tuning,463,37602;780;80744;35124;80858;910;622;56936;28376;14992
tuning,464,64026;17778;318;30760;85584;35836;9552;9110;64702;45174
tuning,465,44954;45930;45026;45875;30359;38532;29880;84748;13166;85676
tuning,466,1366;7391;35836;86686;73882;31627;12290;5572;17824;11916
tuning,467,84340;79576;32160;84776;32120;49396;69562;896;47642;69801
tuning,468,59132;79576;28816;1146;896;49302;54282;84776;25462;84340
tuning,469,20208;68404;80914;98924;136;98588;6850;7798;3646;148
tuning,470,21320;21162;1424;1442;42716;46412;21516;47556;31080;93546
tuning,471,5136;40956;46080;99020;6554;81572;31790;33222;22254;31594
tuning,472,18512;99654;62228;37938;2926;46796;1072;17626;38501;34268
tuning,473,44784;73242;31642;11996;61156;24048;5730;6219;6794;59414
tuning,474,30359;44954;45026;51372;29880;45341;6495;45930;38532;84748
tuning,475,79485;79807;6078;89024;53478;99234;46196;42762;88788;48026
tuning,476,38750;68166;12008;70210;13598;13528;19132;29402;1790;5628
tuning,477,9730;56155;6066;58732;41092;68078;45178;55150;70642;69394
tuning,478,74426;15356;34628;23674;14274;64376;3308;73044;18310;318
tuning,479,82770;63880;22752;71404;7988;26414;82523;60662;82994;83100
tuning,480,10636;77480;21134;17778;40714;41602;552;85539;79560;14162
tuning,481,15884;20650;41060;61156;3979;10316;61967;61762;94616;84748
tuning,482,44954;45930;45026;30359;45875;38532;84748;29880;13166;51596
tuning,483,18055;60662;77326;86597;51154;7988;4044;82770;73307;4856
tuning,484,74800;3975;36862;5642;55362;86026;4276;45228;93974;4946
tuning,485,99516;2068;97959;99476;7804;98102;19510;59667;47556;74006
tuning,486,65606;90534;89548;98102;61616;97959;58484;69164;99476;65880
tuning,487,27316;26124;62213;33149;28281;18292;16030;90974;5136;16866
tuning,488,41472;91582;33838;31132;26052;69578;36258;22436;31412;40364
tuning,489,44446;9750;31379;1071;56012;41770;18640;22872;55362;75464
tuning,490,41060;59770;43918;8760;10316;1200;24690;59414;300;61156
tuning,491,73307;73418;9124;73590;71404;73644;37938;3658;54243;53398
tuning,492,99654;84748;30359;59461;41816;13166;45228;73307;85676;71404
tuning,493,41564;80850;14550;8524;64404;81398;42218;80572;75834;30874
tuning,494,96150;46232;11528;9696;58602;53592;53912;45206;3975;4946
tuning,495,54404;54556;54386;66264;946;95318;37318;38248;24728;5738
tuning,496,21911;7064;2407;7138;54812;3944;25069;3536;6224;13310
tuning,497,9486;9590;9712;71671;88944;38354;4440;30070;1402;1396
tuning,498,1684;30070;88944;71718;74192;27042;8016;29716;9712;49252
tuning,499,95414;41394;35314;26810;89548;2784;88944;5912;4594;27814
tuning,500,74800;10887;96150;46058;11528;53292;8290;16574;7391;4276
tuning,501,16558;15356;64376;79560;10636;19846;9994;80654;36200;21170
tuning,502,104;86510;77252;98080;78728;21260;102;28854;46252;43157
tuning,503,52234;23859;73644;73307;46392;59296;5096;73590;946;30186
tuning,504,2068;90534;34814;69164;98102;31302;74256;99516;99476;89548
tuning,505,86577;91242;86956;87336;5212;46450;88788;68056;58718;63726
tuning,506,4960;6204;18238;20814;4856;8290;61108;77510;27626;31264
tuning,507,887;34566;44784;46058;22128;4276;51048;73762;32320;20848
tuning,508,75920;8814;5684;75128;71492;21260;74010;14060;98080;77730
tuning,509,2774;27886;12694;4416;21694;65370;26514;37476;48360;7426
tuning,510,78702;97389;49120;7188;10540;35000;42868;92650;56140;79952
tuning,511,4416;7226;45688;39220;50588;45622;21694;98210;79646;99564
tuning,512,19496;39406;10276;57338;38168;45964;89252;34626;29594;19146
tuning,513,24476;38168;23594;69712;40338;31709;483;582;77702;63538
tuning,514,6136;4536;83904;48360;69356;71020;56786;98194;33270;5498
tuning,515,32160;32120;34504;50491;25126;65370;82920;89894;78402;32384
tuning,516,88676;58578;66680;13154;98636;74196;17106;23092;18364;82350
tuning,517,62528;98690;1022;87572;46797;95186;59882;12314;72814;73070
tuning,518,73307;73644;9124;71404;73590;73418;37938;54243;82770;21958
tuning,519,4934;96414;96444;20264;68414;4276;6495;21902;49494;98142
tuning,520,54812;21911;6828;32584;18746;7064;13310;3166;97292;97806
tuning,521,66606;9828;35124;78994;63958;20912;30232;1024;37602;40802
tuning,522,96150;46392;11528;9696;10887;74800;19372;53292;55362;410
tuning,523,41602;15356;9994;64376;16558;14274;24424;11140;36200;10636
tuning,524,96344;80708;44310;31264;53292;14402;28260;30579;58718;8290
tuning,525,63726;86956;28452;25554;41078;88788;5212;91988;420;86577
tuning,526,97259;97806;13892;1422;35884;39296;24434;14726;4494;57876
tuning,527,24476;6132;23594;69712;63538;7603;32554;37356;75794;97389
tuning,528,10276;39102;33270;26052;80286;39406;57410;2760;25170;81768
tuning,529,81768;64986;24906;81338;78164;11704;2996;56728;96473;35884
tuning,530,26528;8604;21090;59280;16215;17864;77368;79792;79296;16493
tuning,531,99654;84748;61967;70506;76492;29250;8941;52526;85676;30359
tuning,532,60400;2814;1637;90522;7336;20974;63472;26298;2092;58114
tuning,533,68414;8102;6495;96414;96444;5256;2267;20264;21902;17626
tuning,534,4664;61346;66044;60172;76136;35058;10004;5256;53190;6495
tuning,535,96150;74800;4946;10887;30898;53292;11528;16574;19372;45206
tuning,536,71502;2080;81688;18786;89918;44374;49358;92670;214;2652
tuning,537,2262;20912;34244;9828;4996;47278;36572;26356;69626;41034
tuning,538,9392;4116;31088;75834;6278;35836;24458;50268;2162;44260
tuning,539,11038;60506;28286;21547;37224;18622;71671;5272;70630;42176
tuning,540,93854;44024;2604;64882;15278;65981;8386;68994;54640;63558
tuning,541,14856;18646;6278;59461;34628;20350;50268;90532;85654;23338
tuning,542,38920;76944;22436;5256;8708;96444;21886;18028;96414;14512
tuning,543,74256;20684;93312;89590;26810;91970;27176;12998;34814;1787
tuning,544,54404;54556;54386;946;95318;66264;46726;5738;37318;73307
tuning,545,20014;36387;80040;65562;12756;71020;18388;81768;48360;13182
tuning,546,1260;36385;28821;78130;37318;86594;18775;22872;48420;11808
tuning,547,58602;96150;4946;55362;9696;53592;3975;11528;85138;46232
tuning,548,97806;97259;14726;81145;99952;92358;57876;49986;8451;17458
tuning,549,36825;1788;41830;80638;18028;50190;4576;80040;49932;98960
tuning,550,50268;9074;23338;99654;79485;19372;31627;54466;31088;1968
tuning,551,47238;45572;40062;2054;97120;7004;3032;6066;6278;7366
tuning,552,12224;61945;60662;8006;15822;3658;2132;6204;71404;86577
tuning,553,21515;75464;13076;76348;1146;6152;1084;1083;93860;8941
tuning,554,98166;6894;43522;98476;93546;47618;90013;72456;19767;32020
tuning,555,17778;85539;21134;5280;33354;12535;95606;21170;77480;33786
tuning,556,33838;16406;94214;56358;23380;5362;39576;50190;74152;31412
tuning,557,62528;72814;95186;87572;59882;12178;12314;1022;98690;53586
tuning,558,12998;4306;5466;19128;78130;36030;15464;73044;90;612
tuning,559,67668;6219;33149;12292;19090;20830;59667;23210;17232;9376
tuning,560,8042;51786;259;9676;24581;98476;27386;31042;16114;98166
tuning,561,63404;8604;17864;59280;16215;98166;26528;54482;56936;79296
tuning,562,18640;87388;63768;24220;45305;3828;22306;198;33882;3792
tuning,563,77252;78728;102;98080;86891;86510;15363;28854;9370;27434
tuning,564,45572;47238;40062;95930;3468;79792;77368;97636;6960;3306
tuning,565,51154;6152;13076;31642;75464;77306;3136;60042;2068;2212
tuning,566,75794;37356;24476;21674;483;32554;97389;38168;37636;6132
tuning,567,41233;9376;2134;65998;1162;2998;67186;2098;10988;10408
tuning,568,26780;2190;39854;5498;33838;13182;472;25170;9356;5362
tuning,569,71540;80434;33556;56155;15464;25296;41092;70642;13712;58584
tuning,570,258;41394;67762;96238;44544;90786;7699;308;94304;75452
tuning,571,56370;94560;54258;2774;95586;57048;62944;46516;36390;20814
tuning,572,258;54404;35314;1428;3864;30826;18768;1332;82836;54386
tuning,573,3975;55362;74800;4946;36862;37938;51662;5642;32340;99806
tuning,574,51154;31642;6152;60042;77306;13076;75464;3136;2068;3306
tuning,575,58732;56155;9730;21370;70642;77328;22784;69394;58584;10310
tuning,576,27509;38501;14748;30818;21958;10960;23612;23218;14856;66264
tuning,577,5136;76774;8451;56728;98588;37248;7266;76232;3918;75452
tuning,578,9376;2134;1162;65998;51786;2098;20774;10988;19260;2287
tuning,579,37248;28816;3174;52452;98588;22132;98924;3603;25778;54282
tuning,580,44446;22128;887;398;46058;90764;34566;49044;14402;44784
tuning,581,65998;9376;2134;2098;1162;51786;61190;9616;3000;25002
tuning,582,88130;54282;98588;28816;61190;92286;48048;99838;9616;37248
tuning,583,9388;358;69626;15200;27412;19040;3114;20830;17778;37624
tuning,584,9124;73307;73590;71404;73418;37938;73644;8008;10682;80112
tuning,585,99654;26164;13166;32508;9712;34628;76818;73058;84748;98806
tuning,586,7064;6224;21911;39624;95621;3296;41528;61945;2407;3944
tuning,587,65981;21490;67048;99796;25600;45237;23210;2668;66172;8044
tuning,588,78232;41528;1637;33016;60400;53306;8016;58215;60956;3296
tuning,589,38354;9486;4440;24592;16420;79301;74194;9590;30192;75582
tuning,590,95414;41394;25804;2784;49358;13504;2890;99838;7699;308
tuning,591,44954;95606;20848;45930;45875;21606;77350;21484;50512;45026
tuning,592,63880;69619;340;376;80112;34372;36044;22752;7988;10682
tuning,593,99234;79807;79485;3346;57182;2526;53478;4594;89024;442
tuning,594,99564;45688;94954;37228;3558;39286;483;75452;22090;4383
tuning,595,45688;87297;37636;56930;77109;79646;21694;32750;47720;4416
tuning,596,18028;83412;77464;50956;92786;47896;10276;57102;46752;3352
tuning,597,75118;7466;70131;27850;94954;54010;14726;4984;13892;8812
tuning,598,33838;94214;16406;39576;15282;56358;23380;5362;50190;31412
tuning,599,32160;34504;32120;78402;82920;25126;32384;8786;65370;50491
tuning,600,38928;92670;22144;19132;18364;74328;92410;18602;17508;47707
tuning,601,30942;26104;9082;7030;35592;21515;61408;39509;1083;1084
tuning,602,52030;17902;214;256;81834;56168;92670;115;5258;52616
tuning,603,2538;27662;684;20936;13880;58578;1024;14160;36390;35124
tuning,604,13514;10528;97108;62944;89916;2994;92354;93798;96854;71694
tuning,605,7696;90602;80040;3020;25514;81768;57920;2920;10276;28178
tuning,606,17106;27662;41170;7898;98636;41866;23092;93798;792;66680
tuning,607,30359;84748;85676;45875;44954;2880;14812;99654;45930;38532
tuning,608,8416;87800;32884;1276;2038;9426;54220;24060;3548;45930
tuning,609,77480;79560;85539;21170;14162;54786;21134;40714;10636;36200
tuning,610,88944;68136;9552;1332;54404;42176;318;26810;64702;4348
tuning,611,58732;9730;56155;69394;39404;45178;48026;77328;41092;18430
tuning,612,48026;21490;392;8044;25600;50990;54282;66172;75382;51154
tuning,613,5206;56582;95621;1444;5508;92890;6204;60662;87336;2195
tuning,614,49044;49788;9730;44446;26350;16114;48026;73762;22128;9940
tuning,615,17770;4416;27886;2774;12694;7762;97294;26514;37476;282
tuning,616,18028;83412;77464;50956;10276;57102;47896;92786;3352;46752
tuning,617,78532;75452;47200;94954;54010;75118;93768;70131;33416;27996
tuning,618,48360;59461;78852;19344;6136;4594;56786;71108;22494;83904
tuning,619,5428;87336;3704;86956;7630;420;38750;63726;6246;37624
tuning,620,420;28396;46450;91988;86956;74912;35040;91242;8724;46196
tuning,621,1444;86956;420;91988;5428;63726;91242;46450;51048;87336
tuning,622,46450;91242;87336;19776;86577;420;86956;14218;92890;74912
tuning,623,79485;79807;99234;68136;2526;26164;86956;46196;87336;53478
tuning,624,95414;2890;26810;41564;9552;7472;88944;42218;86026;4594
tuning,625,79807;69619;79485;44784;89024;57182;4394;2526;22912;99234
tuning,626,2222;31816;44374;27672;18800;95274;420;7648;44310;358
tuning,627,27878;4100;42068;4664;99060;35058;46230;84726;1494;18786
tuning,628,34814;19344;90056;28281;98102;75834;30090;65880;2967;87
tuning,629,61108;48026;91242;9940;798;41422;9388;55362;46058;54314
tuning,630,136;6850;8288;118;59344;21260;86891;1155;76996;39318
tuning,631,86891;76996;102;63498;9392;14060;50268;27818;92321;64522
tuning,632,9730;45178;6066;56155;58732;21370;21084;68078;70642;15464
tuning,633,19828;65981;91970;89590;67048;34814;26810;3812;93312;25442
tuning,634,21320;87902;42716;31080;82700;46412;88846;84162;86082;89658
tuning,635,4440;1396;70974;1402;13242;1684;89472;2062;15224;30070
tuning,636,80638;69888;1788;55586;89932;54524;2190;31510;71020;98960
tuning,637,74010;75920;75128;5684;56168;74116;8814;71492;10354;10114
tuning,638,79560;64376;16558;10636;19846;24424;40714;9720;41602;15356
tuning,639,99234;79807;3346;79485;91110;2526;6078;57182;89024;36636
tuning,640,51004;16010;68916;96464;57290;7418;4149;10444;24652;72210
tuning,641,99678;18640;33882;3792;20302;5642;41422;86026;19372;410
tuning,642,887;2668;79794;73268;4952;76644;46394;7913;76672;38536
tuning,643,79780;27658;38178;9910;3296;8102;99060;5086;46252;5074
tuning,644,38168;63538;6132;19496;10276;483;69432;39406;77426;584
tuning,645,8604;59280;16215;1382;29674;77368;26528;63404;79792;52764
tuning,646,1732;4248;1260;33416;96912;5366;88782;28178;5206;48420
tuning,647,58578;88676;98636;13154;66680;63958;41170;35124;40806;18364
tuning,648,4536;5362;31152;96528;46748;13182;11704;3670;20662;96473
tuning,649,11808;36888;68798;92670;18726;38928;4688;92410;22144;36172
tuning,650,1424;1442;21162;21516;42716;46412;72456;86082;93546;21320
tuning,651,63762;12486;63768;50950;11504;23713;18310;62560;38558;3472
tuning,652,62528;87572;95186;46797;59882;1022;72814;98690;97962;12426
tuning,653,50750;37938;73644;3928;1874;73307;64068;54243;43594;73590
tuning,654,99654;13166;2894;41816;76728;84748;59461;2926;47278;14550
tuning,655,1874;1652;70024;75576;3928;40971;71963;19948;50186;424
tuning,656,79780;27658;38178;3296;9910;99060;5086;46252;8102;5074
tuning,657,55586;13892;39296;1422;3020;76497;46752;69888;632;62912
tuning,658,95414;41564;80850;98439;10223;38632;41394;99806;2784;25804
tuning,659,87800;8416;54220;1276;51596;44954;45930;45026;95606;29880
tuning,660,75128;74010;75920;5684;71492;56168;74116;8814;15363;24197
tuning,661,45174;17326;87728;33638;168;71904;32719;27124;59512;3140
tuning,662,9376;2134;51786;1162;65998;2098;67186;2287;41233;10988
tuning,663,79560;64376;16558;19846;41602;9994;15356;10636;40714;11140
tuning,664,79485;79807;99234;68136;2526;3346;26164;46196;53478;7878
tuning,665,79576;84340;84776;59132;69562;896;49396;47642;32384;37476
tuning,666,96464;9948;39186;10392;1155;38784;16448;12968;27434;256
tuning,667,98102;2068;19510;41422;90534;4243;53651;65981;65880;69164
tuning,668,6828;13888;54812;30826;28676;18746;1386;13310;97292;32584
tuning,669,2996;17458;8276;81338;81768;80040;18388;74808;5948;14512
tuning,670,50852;18512;40608;43594;87540;44930;11060;85584;47098;65180
tuning,671,99952;97806;49986;17048;64986;1422;20662;13892;2652;81145
tuning,672,87297;21694;56930;45688;37636;77109;32750;97294;79646;7226
tuning,673,24043;19449;66098;35832;39117;28456;45820;66106;50031;34536
tuning,674,50031;81268;66098;83264;18018;24043;50439;31012;19961;55450
tuning,675,10276;47896;36387;57102;83412;3668;79524;18028;77464;31012
tuning,676,75118;70131;75452;57078;94954;35000;79358;78532;8812;41472
tuning,677,99060;9916;8102;98080;1494;5086;7830;92418;27658;68560
tuning,678,74328;47707;37602;31850;31950;36172;19132;54538;92410;38928
tuning,679,6894;98166;47618;19767;98476;32020;72456;93546;51448;31080
tuning,680,3646;33556;76628;56028;29858;27386;16280;3040;70131;14114
tuning,681,62944;38422;94560;56370;54086;84812;16493;1330;10528;98468
tuning,682,24492;30090;5100;85920;10316;60042;23248;11210;52220;88014
tuning,683,13888;33556;13310;30242;13958;12716;20152;82700;13712;42716
tuning,684,18364;18726;17508;13154;18602;36172;19132;38928;5628;14686
tuning,685,52600;32120;32160;65370;85884;34504;82350;30642;82920;25126
tuning,686,52600;32160;32120;34504;65370;85884;57884;82920;50646;57390
tuning,687,63762;12486;63768;50950;3979;18310;3472;23713;62560;11504
tuning,688,63880;340;376;69619;25770;19674;65556;77510;76478;36044
tuning,689,81768;81338;23214;9356;4418;2996;2920;21886;18388;1148
tuning,690,28456;4494;18726;880;55450;2050;92410;23894;4416;23790
tuning,691,98166;6894;19767;98476;47618;6326;32020;32936;72456;94322
tuning,692,887;42638;46394;73268;5912;79794;4952;2668;34576;64522
tuning,693,92240;316;53030;51830;35378;17326;30088;22306;186;36636
tuning,694,62528;95186;87572;46797;59882;1022;97962;72814;49038;54640
tuning,695,45206;4276;74800;11528;96150;9696;46058;58602;4960;7391
tuning,696,22306;3828;19372;3792;36862;34814;42218;27124;17014;10122
tuning,697,41564;42218;56450;98142;43157;5234;19344;20766;98439;20774
tuning,698,97741;14962;8386;51956;69798;80850;58370;4934;38248;52504
tuning,699,12968;51475;5086;20406;96238;55338;9440;24478;91902;52030
tuning,700,45237;8044;65981;25600;21490;392;21436;67048;99796;18680
tuning,701,6134;98853;22302;68262;4440;15419;85552;56460;33016;17632
tuning,702,58602;45206;3975;11528;9696;55362;4946;53592;50512;53912
tuning,703,5738;91324;2162;3878;1648;4014;6246;44310;6616;2955
tuning,704,95414;41564;41394;25804;99806;38632;25168;80850;2784;75834
tuning,705,97959;99476;99516;2068;22784;58484;65880;98102;28178;31302
tuning,706,79576;84340;84776;47642;59132;69562;896;62756;10290;52030
tuning,707,87800;23124;45875;9750;45341;2880;20848;51596;45478;32884
tuning,708,41602;11140;21134;36200;54786;30088;10466;33786;21170;3926
tuning,709,79485;79807;99234;53478;68136;2526;88788;6078;12224;22476
tuning,710,90534;98102;34814;19344;99476;97959;2068;58484;69164;4594
tuning,711,35836;95582;3662;1366;31627;17824;86686;7391;12290;31264
tuning,712,887;46394;73268;42638;5912;79794;34576;4952;76644;2668
tuning,713,21694;45688;37636;7226;10062;87297;32750;56930;79646;37228
tuning,714,26780;79358;14512;79952;81522;70131;76944;14072;38920;55806
tuning,715,2774;12694;282;4416;27886;17770;37476;82350;26514;65370
tuning,716,51294;4539;2194;34393;52638;1788;22382;76460;32048;55134
tuning,717,88748;17368;50208;83398;48050;76764;11704;97662;18706;32476
tuning,718,81338;81768;2996;23214;8276;4418;92786;2920;21886;18388
tuning,719,71108;6136;56728;90635;27138;34393;56564;66560;83904;24504
tuning,720,46412;21320;21090;42716;1442;1424;48534;78590;82700;48198
tuning,721,1146;39102;57410;80286;37248;24616;57756;3174;51786;31974
tuning,722,10528;7150;496;80668;90605;22568;7138;54194;13514;1330
tuning,723,12314;13528;3472;32455;95274;55432;46000;6216;34576;398
tuning,724,52266;7699;19846;65581;40714;29594;6828;93448;7914;186
tuning,725,27509;30826;7724;40568;3812;30818;15224;38248;22862;1968
tuning,726,412;6156;91242;11938;6278;3032;90532;30874;59480;70024
tuning,727,97268;55338;60188;58172;68945;9828;69708;73112;39488;28821
tuning,728,95082;61762;7914;43918;85654;73044;73124;33416;84528;72061
tuning,729,87902;82700;42716;78994;19767;86082;98166;21320;8750;98476
tuning,730,59667;48244;54194;10174;2078;96912;82992;259;69979;86885
tuning,731,19274;68114;47926;59134;60388;6008;68482;18240;42148;41010
tuning,732,62336;54010;75794;23594;5992;48242;6132;3496;87064;69432
tuning,733,21694;10062;7226;79646;56930;37228;32750;70131;3886;48154
tuning,734,66364;34026;2880;45478;3006;32884;96434;47098;85676;9552
tuning,735,41472;13182;65562;77464;15282;5464;1148;19208;2594;22893
tuning,736,97959;99476;99516;2068;22784;58484;98102;65880;19344;4100
tuning,737,79576;84776;84340;49396;69562;896;59132;47642;32160;82350
tuning,738,83533;39296;10646;36825;97259;33628;97806;4576;32294;66914
tuning,739,88748;48050;97662;50208;32476;17368;39576;83398;39419;11702
tuning,740,30870;28920;14726;97292;27996;2160;97259;53398;66438;97806
tuning,741,39419;32476;88748;24906;96473;83904;76764;22494;97662;83398
tuning,742,91580;37228;32750;45688;28900;70131;37636;97294;21694;79646
tuning,743,1896;26558;99036;10850;23214;11476;28248;81338;20232;81768
tuning,744,2267;412;12998;94218;61967;54786;99654;19374;86597;21448
tuning,745,8044;392;67048;65981;16420;16952;34814;29594;38248;57756
tuning,746,85552;98853;56460;15419;6134;22844;17632;33016;8938;1060
tuning,747,60400;63472;72828;1637;8362;2694;90522;894;7336;64736
tuning,748,42618;30359;18738;96702;34174;70506;99654;37938;32378;17626
tuning,749,22492;21470;17632;54544;6156;18622;39488;59807;81666;7366
tuning,750,95414;41564;80850;99806;98439;41394;25168;38632;75834;25804
tuning,751,51394;52234;6716;73644;45174;946;424;99654;85676;41564
tuning,752,79358;70131;79646;10062;38920;37228;26818;21694;14780;7226
tuning,753,99020;99564;91580;7226;70131;50070;28900;40568;37228;14072
tuning,754,90108;1680;97259;97806;1736;17458;2351;99334;13342;45930
tuning,755,96912;54194;62756;64882;97786;6778;1338;34454;69626;26528
tuning,756,97636;3468;28930;43684;18430;77368;56936;8604;6960;15970
tuning,757,2027;77579;23890;49120;98937;47156;2774;46150;17864;54538
tuning,758,34504;32160;25126;82920;33354;78402;32120;32384;65370;13154
tuning,759,22306;3828;10122;42218;27124;19372;36862;3140;54786;30028
tuning,760,84776;84340;79576;47642;49396;896;52030;35476;59132;69562
tuning,761,2134;9376;2998;65998;51786;10988;67186;2098;41233;1162
tuning,762,99234;79807;89024;79485;46196;53478;57182;3346;25794;2526
tuning,763,65981;44544;54524;3558;55586;87336;27258;68932;1308;59964
tuning,764,41472;65562;10540;13182;38008;23344;16708;77464;1148;15282
tuning,765,25102;82920;32160;82350;34504;65370;25126;32120;50491;16116
tuning,766,10528;22568;7150;97108;71694;6006;80668;62944;7138;20694
tuning,767,21642;29496;259;48244;4688;21090;34706;20666;2078;10174
tuning,768,95186;62528;72814;1022;87572;12178;12314;12426;46797;54640
tuning,769,15419;35060;68262;56460;6134;17632;33016;22302;39488;73730
tuning,770,96444;96414;6495;10004;5086;5001;35058;4664;5256;49774
tuning,771,9376;2134;2998;10988;65998;1162;67186;9676;51786;2098
tuning,772,70131;79358;79952;71495;14512;99020;74196;76944;14780;94410
tuning,773,45688;21694;32750;56930;7226;7762;87297;37636;78532;4416
tuning,774,24043;34536;39117;35832;18018;66098;45875;94954;19852;39401
tuning,775,49932;98960;8330;36825;27750;8708;3352;50956;65469;3742
tuning,776,56162;69794;11960;5676;148;622;77109;14132;31242;50588
tuning,777,73268;79794;46394;76644;76672;4952;9640;48026;2668;45228
tuning,778,65981;21490;93312;8044;91970;7391;67048;392;23210;99796
tuning,779,54404;9552;64026;1332;35836;68136;88944;318;4594;17778
tuning,780,1088;90476;71043;78164;90635;64986;63862;7575;88748;39576
tuning,781,71108;13182;90602;2190;12756;46104;31412;90635;5464;16612
tuning,782,91884;95606;5572;50512;3975;44954;1366;22912;79794;16622
tuning,783,30818;22306;52420;61346;3438;73309;19372;7988;66044;96169
tuning,784,79358;38920;70131;79646;50070;35032;37228;56140;26818;21694
tuning,785,3020;2652;13892;23890;80638;10276;64320;39406;34916;8514
tuning,786,45688;70131;75452;27850;32750;7226;37636;56930;78532;37228
tuning,787,8812;11589;94954;69606;12048;6604;4984;54010;99334;33416
tuning,788,34536;41302;164;19449;66106;35832;29114;81268;87554;1030
tuning,789,27266;87297;77109;56930;7226;32750;37228;81085;21694;37636
tuning,790,90108;1680;97259;97806;45930;72334;99334;1736;99952;4908
tuning,791,1382;59280;29674;24581;26528;4688;80434;1400;30296;8604
tuning,792,17106;22568;27662;97108;41170;93798;71694;14686;13154;98636
tuning,793,97806;99952;4494;20662;70854;97259;2398;13598;16612;81145
tuning,794,34718;13252;87370;46080;59964;23508;632;75176;32814;5020
tuning,795,16116;71330;5086;25102;21606;45875;45026;65370;96246;13166
tuning,796,5444;51475;9440;3108;21911;4856;6078;29722;99060;13076
tuning,797,31616;77368;8112;20694;3658;22862;3194;97292;35058;23790
tuning,798,19776;46450;27434;1094;91242;98468;78962;532;88846;87068
tuning,799,88944;3812;19828;26810;9486;5912;3864;93094;1428;59480
tuning,800,45206;58602;46058;4276;96150;4960;7391;11528;74800;53912
tuning,801,33556;13888;12716;13958;13310;13712;7138;20152;54812;41092
tuning,802,95414;6794;2784;7914;40310;64484;16381;51394;30874;1440
tuning,803,8416;54220;1276;3548;87800;9426;17612;12535;2038;32884
tuning,804,17326;45174;33638;65584;27124;87728;85584;3140;168;1787
tuning,805,45688;37636;21694;56930;32750;87297;7226;79646;10062;77109
tuning,806,97662;39576;17368;76764;89232;32294;78164;90148;39419;51546
tuning,807,49932;8708;4664;74260;22436;76136;98960;39296;20264;92374
tuning,808,798;48026;887;77306;2668;26156;9940;84806;71788;42638
tuning,809,32160;32120;25126;65370;82920;34504;82350;32384;8786;78402
tuning,810,21134;85539;33786;95606;21170;10636;36200;5280;14162;79560
tuning,811,29858;3646;27107;39220;34011;27386;39314;95268;68590;1268
tuning,812,1146;37248;31974;39102;57756;11142;4218;5174;2536;3174
tuning,813,64068;43594;73307;73644;50750;37938;3928;1874;73590;54243
tuning,814,79485;79807;99234;87336;88788;92890;3346;86956;92758;89024
tuning,815,9552;318;9890;64232;2890;54404;9110;44260;34026;64102
tuning,816,2035;44702;2814;944;9712;34628;26164;49252;29716;42248
tuning,817,59132;79576;49396;896;69562;84340;84776;57566;72940;37476
tuning,818,32716;56880;7922;258;7954;49056;56948;58506;21712;5680
tuning,819,84776;79576;84340;59132;896;32160;69562;49396;65646;41162
tuning,820,96854;49174;97786;62944;83840;2026;41162;95586;31850;94242
tuning,821,91242;4952;12292;61108;46196;46058;93974;48026;38750;420
tuning,822,420;91988;46450;51048;86956;74912;87068;3106;86577;88788
tuning,823,66172;44310;1428;21052;39414;70954;98142;24326;3154;2248
tuning,824,96114;26156;22128;49044;46230;45638;77306;49788;44166;24048
tuning,825,63242;57596;1826;4118;19372;18640;66172;49554;87388;410
tuning,826,20302;82328;2318;3792;5642;48752;99678;18640;4946;41078
tuning,827,77510;7988;18055;63880;59502;19674;340;6204;87388;48782
tuning,828,14274;3008;54418;36200;21170;21134;41422;54786;9994;58776
tuning,829,9616;96238;75404;1098;32320;82328;590;77228;2982;19676
tuning,830,96150;10887;74800;8290;16574;11916;53292;30898;1366;30579
tuning,831,31216;14550;16420;78822;73309;16952;35850;3438;62560;61065
tuning,832,52030;12968;96238;24478;81688;20406;18786;55338;214;19714
tuning,833,410;41602;34026;15926;87366;24226;52886;8032;7290;29410
tuning,834,80572;12402;80112;65880;96434;29810;23124;282;61746;23718
tuning,835,37636;56930;45688;7226;70131;32750;75176;78532;37228;48154
tuning,836,41472;13182;16708;83412;23344;38008;1148;15282;34464;77464
tuning,837,48244;13582;10174;15970;29116;26104;96422;259;69979;49003
tuning,838,1826;1398;9486;1362;71671;9590;19828;7472;32992;3812
tuning,839,47092;21162;21516;27572;75858;51448;45237;71646;46412;72456
tuning,840,31216;2392;35850;14550;73309;12952;78822;54404;11132;8914
tuning,841,4154;24326;37794;16448;27996;46796;2989;49396;37476;59410
tuning,842,99654;84748;8941;68414;31216;96702;30359;85676;18738;946
tuning,843,22862;16952;18746;1046;16420;6828;19396;93448;22960;42556
tuning,844,79576;84340;84776;59132;896;69562;49396;32384;32160;41162
tuning,845,10276;39102;57410;80286;26052;33270;39406;15282;2760;39854
tuning,846,44954;45026;45930;30359;38532;13166;45875;29880;51596;42618
tuning,847,22;75986;3444;63534;13242;89472;37224;23338;7922;39642
tuning,848,1648;2162;6246;2855;1790;6616;3274;2955;3476;1950
tuning,849,3975;4946;36862;55362;58602;5642;4276;30359;50280;9696
tuning,850,73307;80112;26414;10682;98730;33736;22752;10894;82770;6204
tuning,851,880;6150;80664;25578;56450;86378;25076;33269;29874;97228
tuning,852,94954;54010;81085;37636;70214;56930;7290;48154;70131;38920
tuning,853,34536;24043;29568;91040;89916;39388;35832;23218;9440;41302
tuning,854,66106;22282;66098;10276;9784;12522;19961;98194;3020;56112
tuning,855,32120;32160;30642;65370;31868;82350;34504;32384;89894;27456
tuning,856,10052;47156;11808;57514;43308;75336;40062;61570;6536;29734
tuning,857,1260;22872;28821;55338;78402;97268;36385;68945;58172;5366
tuning,858,36172;35968;62756;540;1024;19128;90013;2380;780;16114
tuning,859,1588;1568;37794;44310;59410;97268;10998;46796;69626;44598
tuning,860,79320;80110;29250;17626;19282;68414;71404;10730;96702;946
tuning,861,29874;30652;25578;880;7316;25076;56450;6150;80664;3608
tuning,862,91988;51048;420;22128;46450;25554;44446;2668;18466;31424
tuning,863,46588;50268;31864;71126;62104;46080;1440;32814;25794;16612
tuning,864,45688;37636;21694;61208;81085;90410;10062;19546;30870;480
tuning,865,99952;97259;17048;1766;23928;97806;73268;16848;30359;80850
tuning,866,60858;69536;93120;16612;50190;16866;14014;32814;67287;31864
tuning,867,9762;23558;22816;54086;17956;41770;9082;95153;96422;30942
tuning,868,69794;11960;5676;14132;56162;622;148;31242;77109;7418
tuning,869,56370;54258;94560;2774;57048;57388;95586;62944;36390;46516
tuning,870,59280;26528;77368;8604;1382;16215;29674;98166;1071;1400
tuning,871,2054;3128;47971;4664;11506;47940;49494;19282;97268;5256
tuning,872,3548;8416;25554;1276;19510;24060;5280;2038;26392;12535
tuning,873,85552;15419;22844;56460;98853;6134;33016;17632;71718;5272
tuning,874,97268;28854;77252;104;55338;78728;1260;14060;9828;58172
tuning,875,97259;97806;17458;46752;51154;632;99952;49986;17048;81145
tuning,876,13182;5498;472;2280;20662;26052;41472;2190;37420;19208
tuning,877,910;47264;18262;9676;31456;94242;98636;1024;9491;72990
tuning,878,7150;80668;92321;27818;19768;6006;62944;22568;54194;10528
tuning,879,28536;17458;47200;2351;1148;94954;26780;57078;99952;1736
tuning,880,7226;75452;75176;22090;26550;94285;57078;37228;5862;90410
tuning,881,56930;48154;37636;45688;47720;70214;87297;97389;37228;77109
tuning,882,496;1330;80668;7150;32754;10528;90605;13514;2994;54194
tuning,883,89232;4539;48050;76764;32476;39576;18388;83398;75176;2194
tuning,884,2868;12070;4592;27124;26570;26970;13598;80952;30088;96822
tuning,885,31216;14550;2392;16420;3640;27509;14748;30826;61065;78822
tuning,886,2092;72828;64736;90522;75582;51792;8362;10855;63472;7336
tuning,887,22306;3828;45820;19372;36862;3792;42218;27124;10122;77080
tuning,888,2054;3128;47238;47940;52266;49494;47971;57514;19282;69662
tuning,889,62944;1382;50491;8604;47940;2380;26104;4996;36545;16493
tuning,890,54194;496;80668;1330;47264;32754;7150;26528;10528;30642
tuning,891,41060;59770;10316;43918;21484;2880;2863;8760;24690;61156
tuning,892,23338;2868;9074;68262;6202;75986;38090;9890;16080;27124
tuning,893,38532;45930;29880;44954;94370;45026;51596;45875;85676;49038
tuning,894,18746;22862;19396;6828;1046;22960;93448;16952;45930;16420
tuning,895,16116;71330;5086;45875;96246;21606;25102;28190;57388;27818
tuning,896,392;99796;8044;3662;6612;22132;2668;96792;9491;34814
tuning,897,95082;61762;85654;11210;43918;61967;60042;18430;33416;20848
tuning,898,22306;3828;19372;36862;27124;34814;42218;27298;48752;45820
tuning,899,33556;13888;13310;13958;42716;82700;20152;12716;24712;54812
tuning,900,9376;2134;9676;65998;51786;10988;2098;67186;1162;41233
tuning,901,94304;65998;99838;90786;39220;92286;24524;9676;14856;1215
tuning,902,30864;95582;36592;80112;77510;12290;874;5506;1430;63880
tuning,903,2890;17326;59630;64232;9552;9890;54418;390;16558;9720
tuning,904,2774;20488;82350;26514;18330;83840;2026;94242;65370;31234
tuning,905,21694;7226;45688;79646;56930;32750;97294;10062;48154;70131
tuning,906,19496;38168;19264;69432;584;63538;72334;77426;89252;22499
tuning,907,62322;98376;89932;632;98210;90148;97662;56312;29410;94748
tuning,908,89932;98376;90148;94748;632;41830;98210;10720;7426;13252
tuning,909,24043;34536;724;35832;81268;10310;28456;83264;26104;18430
tuning,910,50208;32476;82044;18388;17368;39418;97673;4708;4539;34718
tuning,911,2652;87370;75176;23508;59964;66866;56728;34718;26558;62104
tuning,912,31584;16708;17368;42062;48050;29338;10720;3610;38008;18278
tuning,913,48714;97662;62322;56312;63290;12756;63084;65469;55684;90635
tuning,914,41472;1202;38008;15282;23344;79494;10540;16708;77464;11698
tuning,915,6152;22816;23558;30942;18814;9762;95153;9082;54086;2078
tuning,916,54258;56370;94560;57048;95586;2774;62944;46516;20814;36390
tuning,917,4169;94242;69801;82350;32120;30642;32160;65370;50491;34504
tuning,918,27107;27386;57514;34011;3646;88676;29858;58578;43308;3264
tuning,919,73044;39356;1644;22872;7642;16780;87366;798;22450;34626
tuning,920,50208;17368;48050;39576;32294;32476;28122;80230;97673;97662
tuning,921,10276;39406;28534;57920;86396;57338;11698;9356;29594;41472
tuning,922,39406;57920;31412;69578;9108;85110;23214;53906;31132;5498
tuning,923,8336;1422;64986;96238;57876;57962;94304;71126;12110;4494
tuning,924,96238;76996;74256;7830;3108;50550;99060;4100;18786;24498
tuning,925,99654;11210;61967;29250;8941;30359;946;70506;84748;96702
tuning,926,64522;53237;9160;84806;22078;68056;76728;6202;33882;99654
tuning,927,30359;18738;70506;42618;94218;32378;96702;34174;37938;17626
tuning,928,62528;1022;72814;95186;87572;73070;54640;12314;46797;59882
tuning,929,72814;12314;87572;59882;53586;54640;95186;12426;1022;97962
tuning,930,7226;57078;37228;39286;75452;90410;50070;99564;37636;56930
tuning,931,89932;90148;94748;7426;98376;75176;41830;97662;98210;632
tuning,932,34536;29568;24043;9440;67186;66098;97259;724;35832;19961
tuning,933,62322;48714;97662;56312;1170;88748;55684;90635;12756;63290
tuning,934,95186;87572;62528;1022;59882;46797;54640;97962;12314;98690
tuning,935,7336;60400;2092;51792;1637;72828;75582;63472;2694;41528
tuning,936,85552;98853;56460;15419;6134;33016;22844;17632;1060;22302
tuning,937,99654;84748;8941;29250;10016;31216;68414;54404;18738;96702
tuning,938,79952;26780;94410;14512;38542;64412;55806;85388;98937;27228
tuning,939,48714;62738;62322;28122;63290;55684;65469;56312;63084;31618
tuning,940,98960;98210;1148;46752;80638;11194;98376;13182;23214;89932
tuning,941,10052;57514;48244;11808;62944;61570;94034;2026;75336;10310
tuning,942,86026;19372;62560;3792;5642;11996;19090;7391;3828;24160
tuning,943,61408;29116;69979;30758;5067;30942;15970;9762;16848;58424
tuning,944,79576;84340;84776;47642;69562;896;59132;49396;52030;37476
tuning,945,79646;7226;21694;70131;37228;10062;90410;39286;45688;37636
tuning,946,19396;1046;22960;22862;6828;43594;49494;42556;52420;18746
tuning,947,3828;22306;3792;19372;20302;36862;2318;4118;45820;34814
tuning,948,82328;99678;44446;25554;49788;1826;59414;94370;75404;22128
tuning,949,87728;168;33638;32719;45174;1787;17326;3140;96434;27124
tuning,950,56450;31618;13886;1880;22499;78060;97228;25076;16208;880
tuning,951,38168;19496;39406;72334;77426;89252;19264;33270;19146;22499
tuning,952,19449;35832;34536;81268;28682;18018;39401;164;55450;29114
tuning,953,94954;37636;38334;56930;45688;54010;70131;8812;70214;90602
tuning,954,45688;75176;37636;7226;5862;21694;89932;27266;39418;32750
tuning,955,98376;90148;632;94748;89932;98210;32750;10646;10720;5836
tuning,956,6136;98194;87370;6354;57868;66560;13182;56728;69356;480
tuning,957,496;1330;32754;90605;80668;7150;10528;7138;2407;3536
tuning,958,30090;43970;3926;72090;11140;41696;53472;36200;58776;9890
tuning,959,61408;30758;10860;30942;64834;65244;9762;29116;3039;58424
tuning,960,31412;56358;26052;69578;40364;33838;5498;62061;91582;66800
tuning,961,33882;34716;28821;36385;55338;8828;61945;30334;22872;6066
tuning,962,12426;53586;59882;72814;87572;12314;54640;46797;73070;98690
tuning,963,24160;89042;48026;8032;4952;76644;59226;42762;61108;420
tuning,964,33354;34504;25102;8786;89894;4169;51916;1260;4688;1382
tuning,965,65614;32936;5366;68052;13212;90438;24652;26364;5354;78380
tuning,966,59134;36917;37282;68482;82350;71934;93798;51392;88676;45698
tuning,967,26970;25442;27258;10122;67048;19828;7724;16080;93094;19416
tuning,968,52234;73644;946;73307;23859;73590;59296;43844;43157;82994
tuning,969,49986;97259;97806;81145;99952;13892;4494;17048;93488;39296
tuning,970,98210;98960;13892;98376;632;87370;1422;80638;13182;11194
tuning,971,90148;31584;98376;89932;87370;39418;10646;39296;42062;75176
tuning,972,32160;32120;34504;89894;65370;25126;78402;82920;50491;82350
tuning,973,95153;6152;54086;2982;30942;22816;23558;5990;21515;18814
tuning,974,27818;80668;10528;7150;92321;6006;22568;62944;54194;28190
tuning,975,28376;41092;75858;684;21516;48198;540;21162;21320;47092
tuning,976,69794;5676;14132;11960;56162;622;30650;87297;77109;69712
tuning,977,27316;48690;47618;26124;23558;18814;6366;5680;96422;49302
tuning,978,84726;9762;164;36604;2380;92358;87554;1260;39760;26104
tuning,979,22;3600;44154;19396;15224;79301;59410;3640;11436;44450
tuning,980,10052;2358;29116;10016;31227;28930;75336;11808;30316;24650
tuning,981,71066;87554;34268;3944;1494;1072;6278;2894;41034;3032
tuning,982,84776;79576;84340;49396;35476;69562;37476;47642;32160;30642
tuning,983,65998;94304;9376;39220;33149;1215;67668;5952;92286;24524
tuning,984,376;63880;340;69619;36044;19674;7988;36592;65556;82146
tuning,985,17326;9552;37055;318;51884;64232;2890;30028;9890;9110
tuning,986,880;56450;25578;6150;80664;7316;56428;97228;29874;25076
tuning,987,78164;17368;1695;39576;64986;22494;39419;90476;80230;98194
tuning,988,89932;90148;98376;94748;31510;75176;41830;39401;98210;632
tuning,989,4536;66800;69356;5362;6136;3670;91582;31152;5498;71108
tuning,990,53906;76497;46752;80638;5862;39296;2652;1422;71020;98960
tuning,991,16264;6851;5946;6824;84162;39509;92358;3136;47556;48690
tuning,992,71066;6278;9182;84748;3032;61967;74844;9160;87554;41034
tuning,993,63762;63768;3472;11504;12486;38558;3979;43844;61065;35962
tuning,994,54812;16215;96103;13310;6420;6824;88670;12716;6828;6894
tuning,995,84528;95082;73044;61762;64522;24690;94218;43918;23210;39356
tuning,996,26104;92358;13212;5946;18320;75464;18814;10760;96103;97636
tuning,997,33838;41068;65562;92650;94214;91582;2190;26052;40364;16406
tuning,998,84776;79576;84340;49396;35476;69562;37476;47642;32160;3646
tuning,999,34536;24043;66098;19961;81268;22090;29568;19449;35832;9440
evaluation,0,71694;22568;724;33556;3646;49174;57514;3040;97108;34011
evaluation,1,71694;10528;54194;80668;7150;6006;62944;47971;20694;28190
evaluation,2,71066;87554;3032;74158;91884;97962;69626;2604;6278;9182
evaluation,3,62912;49986;3994;99952;97259;97806;17048;13892;1422;46752
evaluation,4,52030;12968;20406;3108;81688;214;3944;55338;31242;115
evaluation,5,19396;1046;22960;18746;29594;22862;18320;25126;6828;16952
evaluation,6,6156;23718;420;15278;552;77510;1098;5506;3718;48026
evaluation,7,214;86723;2080;56168;52030;48026;87;168;61108;95274
evaluation,8,9124;994;72119;82770;12564;73307;71404;77326;30864;14422
evaluation,9,81268;29114;3608;39401;880;50031;39117;55450;29874;56112
evaluation,10,22893;2290;33270;98960;46752;69888;25168;98194;13182;71020
evaluation,11,26350;19510;552;40608;43150;340;332;65556;91110;9750
evaluation,12,62944;56370;94560;36390;54258;20814;2774;57048;24581;57388
evaluation,13,2868;4592;31816;16080;38750;75986;34104;14171;8524;29154
evaluation,14,95621;6204;5508;18786;8790;8008;4044;20098;56582;35402
evaluation,15,68932;3166;43390;53190;27258;41564;13466;10426;98439;42218
evaluation,16,3444;49358;70506;14748;25069;21448;13466;60188;39488;61967
evaluation,17,24048;19828;96238;74256;26810;34814;23338;88944;3812;91970
evaluation,18,45384;6216;75848;13504;98997;31368;19472;51394;5174;59344
evaluation,19,9486;38354;9590;88944;71671;28286;71718;9712;4440;96169
evaluation,20,60400;2694;1637;7336;63472;51792;41528;58114;14604;2092
evaluation,21,95082;73044;61762;30242;51104;1940;72061;15970;84528;7914
evaluation,22,33736;63880;7988;50512;73307;80112;82994;51596;73590;75576
evaluation,23,85552;98853;15419;56460;6134;22844;33016;58114;17632;894
evaluation,24,99654;84748;8941;31216;68414;946;96702;30359;52526;45228
evaluation,25,10276;76106;61108;46058;13722;14402;72334;11704;65522;11716
evaluation,26,41060;10316;43918;59770;24690;2863;95082;1644;15884;26124
evaluation,27,71066;30316;51372;52266;7914;30874;40310;2267;20264;9160
evaluation,28,76818;18640;82770;33882;80588;95904;87388;46000;20766;24220
evaluation,29,57596;65910;22476;63242;2162;89024;19372;99234;87388;86577
evaluation,30,19846;7699;49128;5506;54786;33296;15926;52030;87388;23718
evaluation,31,5206;12316;43308;14152;71502;5508;684;18430;48244;41092
evaluation,32,32120;32160;34504;82350;57884;27456;65370;31868;25126;50491
evaluation,33,97806;97259;99952;49986;98210;62912;1422;17048;81145;90148
evaluation,34,41472;31412;23344;15282;13182;77464;22893;57920;46104;3352
evaluation,35,802;68136;1332;79780;9430;93094;318;54386;16381;3640
evaluation,36,34504;78402;32160;32120;57884;82920;82350;57390;65370;50491
evaluation,37,29116;10052;57514;21606;70642;14156;28930;2028;45572;11808
evaluation,38,19852;4762;93860;16080;54258;4169;12854;18726;20936;92418
evaluation,39,2772;5296;90013;54482;42716;40494;4796;4712;17608;17106
evaluation,40,94304;39220;65998;9676;31234;92286;14856;9376;11568;67186
evaluation,41,28854;86510;10506;104;35058;31216;52600;3194;39186;43157
evaluation,42,75176;99952;13892;5862;39296;2652;80638;98960;98210;53906
evaluation,43,11702;64986;90635;90476;74808;88748;84324;23702;27850;39576
evaluation,44,93120;69536;2144;11698;32814;31012;67287;70994;71126;62738
evaluation,45,89932;94748;90148;98376;75176;41830;10720;31510;89232;632
evaluation,46,2290;74152;6594;46254;25170;36258;97673;1308;30704;3670
evaluation,47,51546;24906;31864;16036;2144;48050;30328;42062;89232;18138
evaluation,48,18388;92788;51546;2314;11704;2734;85388;16208;24906;70200
evaluation,49,19852;49174;12854;4169;20936;4762;83840;16080;92418;18726
evaluation,50,7696;57920;31412;23754;1248;2920;83412;34916;9356;81768
evaluation,51,19546;62322;61208;28122;4708;88748;20470;27138;51294;74808
evaluation,52,20650;49358;69626;96114;81038;94616;23210;64702;9676;15884
evaluation,53,32160;34504;32120;65370;25126;78402;82920;89894;50491;25102
evaluation,54,57514;39760;43308;51104;88676;43010;93030;46150;22784;14114
evaluation,55,98166;6894;98476;19767;43522;32020;93546;47618;31080;94322
evaluation,56,496;1330;2994;80668;13514;32754;54194;7150;10528;6314
evaluation,57,8648;4090;40802;28684;78962;35572;6008;19274;84162;95153
evaluation,58,16264;43522;51448;40802;21516;27572;21090;72456;75858;21162
evaluation,59,58240;52600;94242;30088;37080;57390;57884;26364;30148;26570
evaluation,60,86396;2604;17626;1044;54243;87554;94954;37794;12224;42218
evaluation,61,97806;97259;19296;81145;92358;20662;14088;584;98937;25076
evaluation,62,21090;92358;10174;63958;66606;26104;16493;259;40802;1083
evaluation,63,58215;54461;75582;58114;53306;63472;50040;64736;894;60400
evaluation,64,41060;10316;43918;24690;59770;2880;95082;15884;73644;73590
evaluation,65,5912;3864;88944;26810;1332;35314;22650;19828;93094;7472
evaluation,66,12968;18786;20406;1094;24478;96238;214;31242;52030;88846
evaluation,67,20386;61065;3032;27158;96822;11930;23670;1084;1083;30242
evaluation,68,95082;51696;61762;61967;70506;24690;972;33416;43918;69510
evaluation,69,96444;96414;5256;35058;6495;10004;4664;2267;5086;76136
evaluation,70,42618;30359;18738;96414;34174;96444;70506;45875;94218;11060
evaluation,71,70974;71718;63170;15419;74192;11772;1684;2462;59480;12090
evaluation,72,51956;42218;43436;41130;98142;45228;29594;1498;40440;13067
evaluation,73,3812;26810;93312;31706;19828;96169;88944;89590;91970;86026
evaluation,74,69712;45572;6851;35000;64632;21888;42868;30088;10798;49056
evaluation,75,79576;49396;47642;69562;84340;84776;43658;59132;96854;37476
evaluation,76,65998;94304;1162;24524;67668;9376;5674;33149;9676;5952
evaluation,77,79807;79485;99234;552;57182;71788;46196;48026;89024;3346
evaluation,78,86510;77252;78728;97268;45004;51696;21260;76996;102;9370
evaluation,79,74010;5684;75128;75920;56168;71492;8814;74116;15363;24197
evaluation,80,16114;77306;73762;69626;26350;84806;64522;18430;86597;9750
evaluation,81,64026;53132;36200;14722;3926;9552;9994;74426;21134;64376
evaluation,82,9948;86891;10392;136;6216;14171;12070;13504;85128;34104
evaluation,83,6150;880;25578;56450;86378;80664;29874;28682;7316;25076
evaluation,84,14512;70131;99020;36064;55806;38920;79358;94410;86654;5001
evaluation,85,75452;56930;37636;70131;45688;37228;57078;7226;90410;91580
evaluation,86,98960;20662;7575;90476;18388;80664;51546;11476;6886;98194
evaluation,87,41472;65562;1202;10540;13182;16708;77464;15282;1148;1788
evaluation,88,78702;79952;14780;79358;31412;2652;50070;94954;99350;70131
evaluation,89,18602;18726;22144;23790;38928;20936;18364;19132;17508;92410
evaluation,90,59968;21642;16264;21516;78994;21090;17956;47556;40802;75858
evaluation,91,18320;5946;48690;75464;98476;13212;94322;6851;6224;39509
evaluation,92,10052;29116;57514;21606;70642;14156;11808;28930;13668;10116
evaluation,93,61408;9762;30758;30942;9082;29116;69979;54086;22816;58424
evaluation,94,69794;5676;11960;31242;14132;56162;622;50588;148;21280
evaluation,95,59280;8604;26528;63404;18762;16493;54482;56012;1071;16215
evaluation,96,17106;27662;93798;98636;13154;41170;14686;88676;7138;22568
evaluation,97,3646;27386;43010;74328;48140;87554;25102;27107;724;29858
evaluation,98,10528;2054;6006;12492;18775;71694;32384;20936;18364;93798
evaluation,99,6078;48026;4856;61108;24160;6204;89024;25794;79807;71788
evaluation,100,1644;26970;20830;2863;30070;2706;73730;15200;14604;33492
evaluation,101,2262;20912;34244;36572;52266;66836;57390;35962;36385;3542
evaluation,102,61065;3032;20386;96822;11930;27158;30242;6536;52420;23670
evaluation,103,28286;60506;21547;11038;37224;55338;8484;71671;3812;42006
evaluation,104,33540;89042;74256;31706;68994;34814;420;5912;1826;90534
evaluation,105,90534;34814;89548;75834;61616;98102;69164;17186;38016;4514
evaluation,106,85676;84748;30359;45341;2880;45478;91884;45930;49038;44954
evaluation,107,22306;5760;23248;3008;38248;54786;38632;390;82328;21436
evaluation,108,47252;46797;54640;59882;97962;47402;87572;49038;12426;12314
evaluation,109,21632;27814;42662;50628;68224;45412;32508;31216;93086;57378
evaluation,110,27124;29250;3140;80110;45174;10122;40608;44310;54404;44260
evaluation,111,96238;12968;3108;52030;5814;19714;99060;18786;9440;62104
evaluation,112,880;56450;25578;80664;33269;6150;29874;3132;43768;25076
evaluation,113,32476;6910;83398;48050;88748;62902;22499;17368;97673;880
evaluation,114,24504;32476;480;20470;5020;13252;13892;632;59964;34718
evaluation,115,34504;25126;32384;32120;82350;13154;8786;32160;89894;65370
evaluation,116,18320;75464;5946;98476;6824;6851;84162;21090;48690;3306
evaluation,117,29858;34011;69662;27107;39220;27386;724;3646;57514;8712
evaluation,118,62528;87572;95186;1022;54640;59882;12314;12426;46797;72814
evaluation,119,18512;65180;50852;52234;43392;49774;87540;99654;43594;38632
evaluation,120,214;52030;12968;81688;55338;20406;96238;41642;24478;19714
evaluation,121,32160;82920;32120;65370;25126;82350;25102;32384;89894;50491
evaluation,122,89932;13892;632;10720;3020;13252;90148;13304;5862;1422
evaluation,123,32476;6910;24906;20470;4218;64986;14012;1422;39576;10444
evaluation,124,66800;11704;24906;5362;2314;30704;56358;16406;46104;20662
evaluation,125,92890;91324;50256;42218;44738;11930;1444;87336;24728;87540
evaluation,126,1155;1094;2536;148;69794;118;21280;2080;11960;83194
evaluation,127,52504;69568;95318;80850;40440;52476;424;4934;3438;40971
evaluation,128,97259;97806;4494;85388;60596;4169;1422;65880;21888;480
evaluation,129,89024;25794;91242;4952;30650;53478;61746;25600;48026;9750
evaluation,130,32160;34504;32120;89894;78402;82350;65370;32384;82920;25126
evaluation,131,214;8032;73242;7290;410;71502;66866;91242;58484;20744
evaluation,132,6006;10528;12492;2054;71694;18775;2994;7138;97108;20694
evaluation,133,89232;17368;90476;28122;94748;78164;22494;29582;64986;72294
evaluation,134,15356;16558;64376;79560;9994;10636;24424;36200;9720;19846
evaluation,135,81268;29874;29114;584;56112;83194;50031;5080;3608;26780
evaluation,136,65562;13182;41472;10540;1148;66560;16708;77464;83412;38008
evaluation,137,45174;3140;27124;33638;17326;85584;65584;47018;40608;50852
evaluation,138,1046;22862;6828;16952;18320;29490;16420;18746;6042;19396
evaluation,139,308;90534;69164;77080;65606;99476;20774;13598;99806;14060
evaluation,140,70974;2462;63170;15419;71718;11772;37450;3970;64736;98853
evaluation,141,12492;6006;92988;10528;50588;27662;7138;90605;80668;66680
evaluation,142,55362;28821;14152;18775;13848;522;33882;2054;3975;10310
evaluation,143,22144;18602;78928;18726;92670;31850;4688;74328;92410;38928
evaluation,144,4169;94242;23790;69801;18602;20936;18726;65370;82350;85884
evaluation,145,19396;16952;16420;22862;6828;18746;22960;20986;93448;702
evaluation,146,47618;32936;5618;35572;48216;78380;18814;6224;6244;32020
evaluation,147,6150;880;56450;25578;80664;86378;25076;62902;29874;38790
evaluation,148,1756;54058;40552;73268;76672;9602;60042;67668;76644;82992
evaluation,149,17458;79524;80040;3668;1788;18388;46752;36387;92786;31012
evaluation,150,90013;47618;18814;40494;28032;32020;89798;6152;2982;4688
evaluation,151,38887;97930;29496;6366;12744;64626;34163;20666;24650;63404
evaluation,152,887;44446;77306;9750;7642;26350;84806;2668;798;398
evaluation,153,90056;47098;34026;47012;85676;20744;57876;30359;84748;38536
evaluation,154,35850;3294;2392;12090;18310;62560;26556;29250;34628;82836
evaluation,155,95082;43918;61762;33416;23210;24690;41060;140;59770;10316
evaluation,156,66106;39401;81268;19449;164;29114;9762;34536;35832;52452
evaluation,157,94954;28536;35000;30904;2351;97806;17458;72190;99020;26780
evaluation,158,99060;9916;7830;86510;5086;76996;5074;28946;4100;11828
evaluation,159,1098;17326;9890;54786;58776;1787;4116;51884;7734;70954
evaluation,160,10887;96150;74800;46058;55362;4276;53292;16574;4946;11528
evaluation,161,6066;9730;45178;41092;15464;56155;68078;80588;70642;55150
evaluation,162,79576;84776;84340;47642;49396;48140;69562;50491;85884;82350
evaluation,163,36480;6366;78380;48690;62364;26858;60254;20650;50640;72210
evaluation,164,57290;16010;2267;51004;79524;46000;44442;23754;23570;14014
evaluation,165,95606;30088;21134;21170;27124;33354;30148;85539;17778;45622
evaluation,166,10052;29116;57514;11808;21606;2358;42618;44954;16848;70642
evaluation,167,496;1330;32754;90605;10528;7150;80668;2994;13514;7138
evaluation,168,19372;50268;33882;22306;76816;12224;59461;97516;2392;76818
evaluation,169,8032;61108;46196;64986;91242;89024;81338;42762;4952;81768
evaluation,170,45206;4276;46058;11528;53912;96150;9696;74800;7391;5642
evaluation,171,3600;44378;44702;44450;11436;72670;21471;3640;19396;34628
evaluation,172,30359;84748;85676;99654;14812;2880;44954;45875;38532;36862
evaluation,173,61065;20386;3032;17530;34454;17328;282;29270;11930;5067
evaluation,174,16116;71330;57388;45875;27818;82920;28190;36385;32160;25102
evaluation,175,71718;70974;74192;1684;27042;18310;2462;66982;4440;37450
evaluation,176,1094;1940;91242;25794;98468;48026;76816;11308;5174;27434
evaluation,177,19496;10276;29594;38168;39406;90694;19264;77426;19146;6194
evaluation,178,99020;86654;80866;30904;79952;7226;22499;91580;70131;50070
evaluation,179,97389;66982;27266;97294;75794;96473;39102;38422;10850;41536
evaluation,180,24906;92788;23214;97673;48050;3020;91164;32476;18388;78164
evaluation,181,3812;19828;88944;93094;2062;7724;26810;96169;67048;1402
evaluation,182,62528;12314;98690;12178;53586;72814;12426;95186;59882;1022
evaluation,183,85676;84748;30359;44954;45930;45875;2880;91884;45341;38536
evaluation,184,24043;34536;26780;10310;38750;28821;43308;94560;23082;13848
evaluation,185,51662;89252;51496;45305;29874;31412;2248;30652;483;77426
evaluation,186,52886;82679;42556;77730;74116;25794;83533;2134;96822;6716
evaluation,187,1424;1442;21516;21320;21162;72456;75858;93546;540;46522
evaluation,188,88460;94034;7410;98636;98012;91637;77579;90256;6536;14992
evaluation,189,33556;13958;13888;13712;41092;522;54812;14152;48610;74050
evaluation,190,4166;1568;7898;48400;1588;14580;66680;71934;61234;93798
evaluation,191,70974;71718;18310;35850;4440;59480;3970;74192;38558;12952
evaluation,192,65606;96150;28536;46232;93974;53292;87366;53592;10887;94954
evaluation,193,4934;65584;95318;40440;38928;702;4116;48534;30148;82146
evaluation,194,44954;29880;45026;13166;45930;45875;30359;38532;51596;42618
evaluation,195,54404;946;54386;54556;37318;96702;46726;66264;3294;11210
evaluation,196,77306;16114;64522;86597;69626;9750;84806;1260;99654;18430
evaluation,197,96150;28536;65606;87366;17186;4276;93974;45930;95930;35040
evaluation,198,86378;6150;13886;25076;25578;26412;3742;97228;3608;80664
evaluation,199,30870;28920;14726;97292;82659;2160;27996;8708;49774;27886
evaluation,200,88460;94034;98012;7410;98636;90256;91637;77579;6536;51786
evaluation,201,33270;10276;69888;2760;30704;39406;472;26052;31132;13182
evaluation,202,60506;28286;11038;18805;21547;37224;18622;9590;78822;39488
evaluation,203,70974;71718;63170;4440;15419;26824;35850;3970;74192;12952
evaluation,204,96238;1644;90786;89834;2706;19852;41302;41394;308;26970
evaluation,205,8416;87800;1276;54220;3548;9426;32884;2038;10814;51596
evaluation,206,71934;93798;82350;3264;8786;59134;37282;51392;41866;66680
evaluation,207,33556;30242;29734;70642;71540;13958;80434;52764;15464;13712
evaluation,208,5498;29330;31510;17048;69888;472;1088;7575;39418;36258
evaluation,209,536;57962;55586;5296;35884;584;18786;5174;21162;21516
evaluation,210,71694;17106;27662;22568;93798;20694;50491;82350;13154;41170
evaluation,211,7336;72828;2092;14604;50040;4740;10855;73056;49252;1637
evaluation,212,50852;18512;40608;43594;87540;47098;65180;17626;85584;26090
evaluation,213,45026;44954;45930;45875;13166;42618;29880;38532;51596;972
evaluation,214,96238;12968;214;19714;52030;18786;55338;81688;74256;41302
evaluation,215,30818;25794;1444;66044;79485;92988;61346;35850;79807;2162
evaluation,216,2262;20912;34244;9828;36572;66836;47940;4996;23112;8941
evaluation,217,13076;21911;18746;7064;3944;18832;71126;13310;52886;25069
evaluation,218,40971;10122;42320;3140;14550;31216;51394;2894;52234;4934
evaluation,219,56460;6134;15419;98853;17632;22302;24592;68262;4440;39488
evaluation,220,56930;37636;70214;48154;45688;97389;87297;3886;37356;21694
evaluation,221,58776;30818;12211;82328;9890;3008;54418;16128;51884;77510
evaluation,222,41472;77464;23344;13182;22893;99952;83412;39618;31412;38008
evaluation,223,50208;78164;17368;13892;39576;64986;9332;31584;13252;1088
evaluation,224,83398;32476;17368;78164;39576;39419;48050;32294;50208;8196
evaluation,225,48140;24712;59132;47940;60188;47971;55338;33492;81666;97268
evaluation,226,51568;92890;18532;4243;86577;11220;5428;22078;8500;1826
evaluation,227,93546;21516;21162;1424;1442;84162;41010;14160;46412;21320
evaluation,228,5946;98166;3678;84162;6894;98476;18330;21090;16264;9438
evaluation,229,22568;7150;6006;90605;10528;71694;20694;13514;496;80668
evaluation,230,82350;37282;36917;45698;31234;83840;71934;95586;31850;36390
evaluation,231,69794;5676;11960;148;56162;14132;622;21280;31242;32936
evaluation,232,17106;3040;71934;27662;93798;23092;41170;71694;48400;88676
evaluation,233,7988;80112;5506;56582;22752;2868;3438;12402;54786;95758
evaluation,234,44702;72670;56460;21471;85552;15419;8138;44154;44378;9712
evaluation,235,50852;85584;19760;47098;87540;47018;43594;73882;64882;23902
evaluation,236,62528;59882;98690;95186;87572;1022;46797;12314;73070;72814
evaluation,237,60650;45102;50290;74010;98924;71492;84324;75128;27434;27258
evaluation,238,38558;18310;23713;3894;12486;62560;732;37450;35962;41498
evaluation,239,19396;42556;16952;22960;22862;1046;43594;18746;4894;6042
evaluation,240,61065;3032;20386;17530;282;11930;34454;29270;17328;27158
evaluation,241,38558;3894;62560;18310;1652;52286;23778;12486;82836;61065
evaluation,242,33016;34476;39488;59410;1410;75086;76074;36098;70630;75986
evaluation,243,62104;12968;41642;20446;214;91582;56168;78532;71126;31202
evaluation,244,1248;96944;19760;88782;29250;36064;65581;17328;95904;7914
evaluation,245,9592;23626;96344;23718;38016;12402;65002;72090;80112;98730
evaluation,246,90786;94304;96238;1236;5992;47556;35124;258;792;77646
evaluation,247,84340;79576;84776;59132;1268;52030;88130;61190;1146;35476
evaluation,248,91118;442;74256;74800;53292;30898;35836;11908;44310;54220
evaluation,249,95414;80;31706;69798;30629;74800;2844;30760;446;39404
evaluation,250,57986;27412;946;424;69798;98690;74646;82770;26356;55432
evaluation,251,887;46394;73268;42638;71788;4952;79794;76644;2668;76672
evaluation,252,38168;19496;57338;72334;77426;6194;29880;19264;29594;20264
evaluation,253,24043;34536;10310;66098;35832;92410;39117;29568;85706;724
evaluation,254,56930;32750;45688;48154;37228;14780;76944;70288;21694;70131
evaluation,255,45688;32750;7226;99564;56930;37228;21694;37636;39286;70131
evaluation,256,68590;39314;14014;36280;6610;18138;66914;38887;99020;68052
evaluation,257,8812;69606;75118;99020;35000;94954;50070;8451;90712;37228
evaluation,258,18055;4044;51154;60662;95621;59074;7988;26414;6204;4856
evaluation,259,29330;97389;76944;37636;38334;49120;45688;24476;764;37800
evaluation,260,10528;89916;10310;20694;78130;4708;19449;70642;5766;89944
evaluation,261,34454;24592;60112;26182;23754;59807;1248;53208;88782;96944
evaluation,262,15970;26104;16114;10174;77306;7642;1922;89834;3306;73124
evaluation,263,54258;62944;57048;56370;94560;2774;95586;1382;31850;36390
evaluation,264,10052;99334;85138;8062;57514;11808;15822;14152;95186;13342
evaluation,265,22568;10528;90605;7150;97108;71694;62944;7138;6006;20694
evaluation,266,6894;98166;47618;19767;98476;43522;51448;32020;93546;94322
evaluation,267,59134;17106;71934;93798;68482;66680;40620;47926;36917;48400
evaluation,268,61408;29116;30758;69979;9762;2358;6536;30942;10860;50439
evaluation,269,78858;28286;96702;17868;4306;18805;39404;91810;71026;42006
evaluation,270,23338;27509;14856;30826;14748;3812;3970;21958;50750;71718
evaluation,271,4536;3670;66560;69356;66800;6136;56728;5498;96528;5362
evaluation,272,4688;24581;89798;90013;40494;2982;1472;5990;23894;6152
evaluation,273,3040;71934;3264;48400;23092;93798;66680;4166;40620;47926
evaluation,274,93798;82350;82920;17106;16116;59134;71934;31234;35402;25126
evaluation,275,8044;2604;7878;34814;4514;44450;44702;75834;17186;4594
evaluation,276,97389;4416;97294;69432;75794;39102;94501;27886;41536;47720
evaluation,277,20650;94616;60254;6366;6851;36480;62364;15884;54282;1215
evaluation,278,92354;89916;6006;80668;36600;41450;62944;34706;54524;45698
evaluation,279,68114;18240;42148;47926;63336;41010;19274;6008;59134;36480
evaluation,280,3132;880;56450;25578;3064;23430;7316;19264;97228;1896
evaluation,281,32750;91580;57078;7226;14780;97294;37228;39286;70131;90410
evaluation,282,420;1106;91988;18800;42306;91242;86956;5466;46196;71502
evaluation,283,3264;3040;71934;48400;93798;98636;23092;40620;1588;47926
evaluation,284,63534;24160;21712;91970;3444;60254;40956;7922;38402;44278
evaluation,285,16116;71330;45875;36385;57388;28190;27818;5086;96246;28821
evaluation,286,88748;90476;90635;97662;76764;39419;39576;11702;78164;32294
evaluation,287,79576;47642;84340;84776;49396;59132;69562;37476;34011;896
evaluation,288,9592;23626;23718;12402;72090;10682;48782;65002;90056;98730
evaluation,289,8416;87800;1276;45930;44954;32884;45026;51596;38536;54220
evaluation,290,69164;90534;99678;34814;77080;67048;35836;34940;89548;41564
evaluation,291,28816;54282;79576;59132;49302;9676;1146;896;65998;31042
evaluation,292,29330;56930;76944;38334;47720;77464;97389;65562;70214;99806
evaluation,293,81768;2996;24906;16406;81338;18388;23214;10276;8982;93922
evaluation,294,10646;93488;98376;87370;98210;94748;632;90148;32476;31584
evaluation,295,36917;59134;82350;18726;71934;93798;88676;68482;98636;37282
evaluation,296,61408;30942;29116;9762;69979;9082;5067;75336;10528;22816
evaluation,297,3040;71934;3264;48400;93798;4166;23092;66680;81666;98636
evaluation,298,42716;57390;57884;12166;75382;72499;82700;31080;32020;89658
evaluation,299,6824;94322;6420;3136;97292;6851;6244;16026;47926;3306
evaluation,300,65581;36064;38558;81522;26182;23754;65180;29594;5001;3894
evaluation,301,80708;4960;96150;18238;10887;4276;46058;45206;53292;85138
evaluation,302,30359;85676;44954;84748;2880;42618;15774;18590;66364;45930
evaluation,303,89834;23112;58172;71330;9182;15822;5086;73730;59410;1680
evaluation,304,18364;19852;18726;54786;38928;48782;65910;27298;28456;31550
evaluation,305,54258;95586;56370;2774;94560;57048;62944;36390;57388;46516
evaluation,306,79485;79807;71788;7913;57182;91884;89024;99234;79794;33354
evaluation,307,18055;60662;77326;73307;4856;86597;6204;4044;61945;7988
evaluation,308,22090;24043;66098;1695;39117;55450;52452;18018;5080;89480
evaluation,309,21162;31080;21516;51448;47092;19767;35572;82700;75858;89658
evaluation,310,84340;79576;84776;59132;52030;1268;88130;35476;896;61190
evaluation,311,79576;69562;32160;25102;49396;34504;9676;50491;59132;69801
evaluation,312,49302;28816;59132;79576;54282;9676;724;1146;7138;12854
evaluation,313,54194;96912;92321;80668;59667;47264;62944;19768;7150;10174
evaluation,314,82523;61945;20680;9846;60662;77326;1672;15822;73418;71404
evaluation,315,80;95414;31706;30629;39404;30760;74800;93860;93974;69798
evaluation,316,54482;1084;1083;20666;10860;4712;43522;8604;24581;4688
evaluation,317,8044;34814;44450;90534;73309;802;2162;68136;16420;30826
evaluation,318,46796;21674;37476;11574;27996;59410;96854;61540;16448;1588
evaluation,319,45305;42068;29810;49788;49044;22128;28854;46230;34566;1215
evaluation,320,7226;70131;10062;21694;37228;79646;32750;27266;90410;99564
evaluation,321,11874;14072;55806;63949;71495;27228;41472;94410;76944;92650
evaluation,322,60596;75464;18320;4648;12744;77306;5946;3956;81522;26104
evaluation,323,57884;27456;57390;25126;32160;34504;32120;50491;8786;32384
evaluation,324,29116;10052;57514;21606;70642;14156;28930;3636;2028;8062
evaluation,325,56162;69794;11960;77109;5676;148;87297;622;31242;47720
evaluation,326,496;1330;7150;10528;80668;90605;32754;54194;2994;22568
evaluation,327,31850;18602;19132;22144;36888;37282;43308;20936;51916;36390
evaluation,328,69568;50628;74158;50256;68842;53237;97962;52234;33106;1338
evaluation,329,16493;12048;9491;45698;79196;60596;3064;82920;4682;46516
evaluation,330,66098;5080;55450;56112;31790;24043;62902;39401;18832;83194
evaluation,331,64354;6396;81070;80744;80858;16215;8604;3468;8676;792
evaluation,332,58114;60400;1637;20974;58215;14604;4740;26298;63472;2694
evaluation,333,16116;71330;45875;28190;57388;27818;96246;5086;36385;32160
evaluation,334,54220;53651;3548;44954;87800;17612;45026;33354;45478;51596
evaluation,335,79560;85539;21170;21134;36200;5280;10636;33786;77480;41602
evaluation,336,8020;4960;10887;8790;63880;98730;20814;8008;65910;18238
evaluation,337,7226;70131;10062;21694;37228;79646;27266;32750;90410;99564
evaluation,338,4494;9491;85412;66467;99564;4984;14136;16836;13994;15048
evaluation,339,19961;26052;96792;66106;64986;22090;5498;94954;51230;86654
evaluation,340,6150;80664;25578;18832;83682;50208;6184;86378;29874;80898
evaluation,341,94954;54010;38334;45688;60596;99564;97389;27266;37636;28536
evaluation,342,27107;34011;29858;27386;3646;57514;23092;76628;3040;88676
evaluation,343,56460;33016;85552;98853;22844;6134;15419;44154;17632;60400
evaluation,344,21886;18028;8708;1494;92786;10276;20014;26052;3352;76460
evaluation,345,87572;72814;59882;1022;98690;95186;54640;46797;73070;12314
evaluation,346,20912;30316;7914;6778;88782;46797;65581;1874;81522;17626
evaluation,347,45026;44954;45930;45875;30359;42618;13166;972;20264;21606
evaluation,348,61065;3032;11930;37450;20386;732;2035;38558;27042;44738
evaluation,349,3812;23338;71718;3970;96169;17778;9486;38354;74192;8484
evaluation,350,49252;944;9712;2814;71963;34628;32508;26164;7336;2035
evaluation,351,96944;96344;1248;65180;11758;29594;91040;43436;29250;7648
evaluation,352,1644;73044;27316;4154;7642;37794;8016;75986;91682;80840
evaluation,353,79576;59132;69562;84340;49396;33492;84776;896;12;50290
evaluation,354,99678;18640;1440;50268;57962;25554;43814;34716;57596;32455
evaluation,355,74256;30629;86686;58718;79074;93312;1366;16574;442;7391
evaluation,356,19040;69619;17778;26392;24060;79485;5280;1276;8416;89024
evaluation,357,44954;45026;13166;45875;45930;84748;30359;51596;85676;29880
evaluation,358,61065;3032;20386;96822;5067;27158;11930;30242;60596;24652
evaluation,359,14780;21694;70131;27266;39286;99564;56930;3886;48154;37228
evaluation,360,24043;34536;66098;29568;92410;19449;35832;39117;5080;19961
evaluation,361,18320;60596;81522;75464;4682;4648;1618;9491;13598;12744
evaluation,362,54482;1084;1083;42716;24581;40494;4688;20666;98476;10860
evaluation,363,80668;7150;92321;6006;62944;54194;10528;19768;97108;27818
evaluation,364,66330;23894;4894;34536;21902;19132;5628;61234;98080;18775
evaluation,365,99678;19372;410;64910;41130;20302;70024;68166;4276;38248
evaluation,366,98636;93798;6536;14992;3264;19128;67336;1568;7898;94034
evaluation,367,34011;27386;29858;724;57514;27107;3646;74328;20936;69662
evaluation,368,78590;32112;63958;29496;21090;66606;21320;46412;54482;16264
evaluation,369,17956;4712;5988;5508;34706;64354;1083;6396;24524;1084
evaluation,370,75452;37228;45688;22090;7226;3646;23702;70131;78532;30904
evaluation,371,24043;34536;50031;66098;39117;18018;10116;10310;81268;55450
evaluation,372,54482;10860;20666;95153;1083;1084;4712;43522;8604;42716
evaluation,373,75794;21674;24476;38168;483;6554;8814;56450;13416;46252
evaluation,374,33016;56460;98853;85552;6134;22844;15419;60400;44154;17632
evaluation,375,82920;32160;25126;34504;65370;82350;25102;32120;32384;89894
evaluation,376,3264;47971;31950;2538;2054;38928;22144;724;37602;36172
evaluation,377,95082;61762;73124;72061;85654;15970;7914;73044;24592;64522
evaluation,378,99234;79807;79485;2526;3346;53478;89024;88788;57182;86956
evaluation,379,54220;3548;8416;10814;17612;9426;87800;57596;12535;3006
evaluation,380,75128;5684;74010;75920;8814;71492;74116;56168;65036;15363
evaluation,381,66098;81268;52452;24043;55450;10116;25002;56112;39117;18018
evaluation,382,6851;18320;13212;21090;48690;26104;97636;5946;1922;8506
evaluation,383,7410;98636;93798;3040;71934;7138;17106;48400;17508;44788
evaluation,384,16116;71330;45875;28190;57388;96246;5086;27818;36385;32160
evaluation,385,74540;52616;54461;58114;58215;59986;50040;4740;53306;20350
evaluation,386,2734;24906;31132;22494;11704;5362;64986;472;94214;33838
evaluation,387,62528;1022;95186;87572;46797;73070;12314;59882;72814;54640
evaluation,388,18640;1826;33882;19372;59461;9074;85920;7290;7804;3828
evaluation,389,38248;9890;17326;12211;7734;3926;51884;1098;45174;54786
evaluation,390,98636;6536;93798;3264;65160;3040;94034;14992;71934;90256
evaluation,391,51786;65998;9376;9676;2098;24524;10988;56766;79576;5952
evaluation,392,27662;12070;13212;57390;7898;3040;21052;47556;54908;1098
evaluation,393,14350;318;44260;41376;80110;6156;85654;4934;74426;74194
evaluation,394,45930;45026;44954;45875;38532;13166;71330;16116;21606;29880
evaluation,395,60400;58114;1637;2694;7336;58215;26298;14604;52616;63472
evaluation,396,96944;1248;43436;36064;65581;93854;29250;95904;17328;1498
evaluation,397,68916;3262;98924;136;470;13504;86891;78994;85584;52750
evaluation,398,78164;64986;17368;55684;84324;90476;90635;39576;51546;20470
evaluation,399,14512;27228;55806;81357;30904;11758;79212;28534;98194;14014
evaluation,400,27228;55806;28534;88014;79524;28352;14512;10760;50070;30904
evaluation,401,18364;38928;19132;13154;36172;17508;4688;92670;31850;74328
evaluation,402,42716;72499;57390;75382;12166;57884;11828;19767;37108;87902
evaluation,403,46412;51448;35572;45237;47618;31080;32020;71646;19767;27572
evaluation,404,19040;69619;398;54314;31302;84806;7391;85920;17778;89024
evaluation,405,81768;24906;18388;3020;13892;71043;78164;50208;92786;20662
evaluation,406,44954;29880;45026;45875;45930;13166;85676;84748;38532;51596
evaluation,407,38248;41130;42218;93086;36064;95318;44738;11930;55432;73307
evaluation,408,8102;9182;92374;20264;30359;42618;29490;68414;42320;44954
evaluation,409,36385;1260;16280;70642;9378;28821;14770;6180;19128;612
evaluation,410,94214;37906;4383;78164;90635;6346;3558;57876;64986;4708
evaluation,411,2690;21911;4494;52886;522;7642;6836;72210;60;1896
evaluation,412,96150;74800;55362;11528;10887;4946;53292;80708;46058;53912
evaluation,413,79576;32160;69562;25102;69801;34504;49396;9676;50491;25126
evaluation,414,6150;86378;25578;3742;80664;13886;25076;97228;19146;83682
evaluation,415,21886;80040;20014;8708;18028;3352;23214;76460;26052;10276
evaluation,416,98636;93798;6536;67336;14992;792;3264;7898;71934;42148
evaluation,417,94560;62944;2774;56370;6778;75336;16616;36390;3042;57388
evaluation,418,19852;4762;54258;12854;83840;95274;92418;37282;93860;54194
evaluation,419,47238;45572;40062;79792;2344;2054;68052;98012;99806;96854
evaluation,420,37450;732;90522;2492;72828;9958;20974;27042;64736;2035
evaluation,421,7064;54243;21911;6224;6828;784;54812;43392;88670;3944
evaluation,422,87554;68798;25069;97786;2027;5752;43010;71026;39414;9951
evaluation,423,9592;23626;72090;65002;23718;80112;10682;10466;90056;30864
evaluation,424,36592;77510;82146;82328;33736;98730;77326;10682;31088;75404
evaluation,425,87297;77109;56162;47720;81085;56930;37636;45688;13304;48154
evaluation,426,2068;49986;97806;97259;57876;99952;64986;1422;4648;6824
evaluation,427,62944;92321;22568;19768;80668;10528;7150;496;6006;97108
evaluation,428,53476;59134;68482;93798;71934;17106;66680;40620;7138;33416
evaluation,429,17502;92198;92192;6614;66602;79196;90694;81522;26198;6610
evaluation,430,33492;48140;47971;36172;11506;41162;95586;26970;20830;19852
evaluation,431,4664;76136;49774;10004;99060;35058;5086;22646;96444;61346
evaluation,432,98636;7410;3040;93798;3264;71934;94034;98012;76628;44788
evaluation,433,66098;22090;19961;81268;35032;52452;56112;584;25612;25002
evaluation,434,46104;64986;57876;76232;1148;90602;60596;56728;33222;28920
evaluation,435,74808;80230;64986;45875;24906;1148;27818;28190;88748;29268
evaluation,436,88782;62213;55806;52266;18726;5206;6778;62944;30316;20912
evaluation,437,73112;73044;4306;68945;69708;910;31456;97268;9491;90
evaluation,438,18726;92410;23894;18602;18364;22144;4688;78928;17508;38928
evaluation,439,23594;69712;3742;24476;40338;32554;36600;483;4836;13416
evaluation,440,88130;31424;0;48048;10276;54282;1394;12738;90056;39102
evaluation,441,44954;45026;45875;45930;13166;38532;29880;71330;16116;59526
evaluation,442,4276;4946;4960;58602;45206;11528;53292;53912;55362;96150
evaluation,443,83276;64750;64404;68842;98690;6616;52476;71694;62528;23112
evaluation,444,27158;37476;49396;27626;26514;16080;28178;69562;3032;54258
evaluation,445,398;54314;69619;4952;71788;57164;46058;23859;89024;19040
evaluation,446,41472;1148;83412;20662;16708;13182;77464;23344;10408;7575
evaluation,447,47720;56930;27266;79646;48154;45688;14780;21694;77109;97389
evaluation,448,45688;17770;21694;27266;97294;78702;26198;30870;5862;29122
evaluation,449,31616;75794;45698;13416;95586;23214;57048;67716;4628;17864
evaluation,450,32160;34504;8786;32120;78402;32384;25126;82920;27456;89894
evaluation,451,90605;7150;496;10528;1330;62944;1268;92321;47264;22568
evaluation,452,65581;38558;81522;17626;1248;30316;29594;26182;3894;52266
evaluation,453,24043;34536;66098;10310;67186;724;18018;35832;49174;29568
evaluation,454,93798;98636;94034;6536;3264;98012;3040;91637;76628;88460
evaluation,455,96464;1155;896;27434;31368;16448;2080;55338;86891;86723
evaluation,456,79646;21694;38920;79358;7226;19584;70131;99564;10062;32750
evaluation,457,45930;45026;44954;45875;84748;30359;14812;85676;13166;12535
evaluation,458,61065;3032;20386;11930;96822;27158;30242;44738;52420;60596
evaluation,459,31950;28594;30316;22144;54538;18775;18590;51392;13528;24581
evaluation,460,67048;23632;65981;95414;25442;41564;99796;15750;35836;702
evaluation,461,9762;9602;40552;29116;73268;1071;45572;6960;3468;6851
evaluation,462,32160;82920;34504;25126;32120;78402;65370;82350;50491;57390
evaluation,463,10894;4960;98730;9592;8020;65910;8008;994;30864;73418
evaluation,464,86597;59502;95621;4044;6204;49302;80572;35402;60662;63880
evaluation,465,19828;16080;25442;70662;38750;57048;94242;54786;29126;31622
evaluation,466,18364;5628;92410;19132;18602;22144;74328;17508;47707;23790
evaluation,467,7410;98636;93798;71934;3040;7138;48400;17106;17508;28190
evaluation,468,28816;259;88130;48048;23380;65646;65998;54282;61190;98588
evaluation,469,49056;92286;6851;98588;90974;6216;15716;48690;31042;54908
evaluation,470,49056;92286;15716;6910;90974;89834;6851;259;52526;4149
evaluation,471,90764;17770;80093;71718;60;65614;27176;52750;40338;13598
evaluation,472,38558;3894;4426;96169;18310;38354;66044;62560;12486;35850
evaluation,473,85552;33016;22844;58114;15419;6134;98853;58215;54461;56460
evaluation,474,88130;98588;259;28816;92286;43600;54282;99838;10408;98924
evaluation,475,6136;56786;48360;4536;5498;12738;56336;98194;41068;69356
evaluation,476,61065;3032;20386;96822;11930;27158;30242;23670;52420;44738
evaluation,477,3812;96169;9590;79780;66982;9104;26824;74766;2062;35402
evaluation,478,28816;259;88130;54282;48048;65998;23380;98588;61190;99838
evaluation,479,887;73268;46394;42638;2668;31227;51154;79794;76672;77306
evaluation,480,27886;282;12694;2774;17770;90438;15836;97389;4416;27158
evaluation,481,81522;372;14136;13342;4494;4984;12120;60596;9491;1328
evaluation,482,92410;23790;92670;18726;78928;31850;18364;18602;38928;17508
evaluation,483,49252;944;71963;2814;9712;32508;34628;1637;26164;2035
evaluation,484,33838;25612;91582;69578;4536;36258;16406;39854;31412;26052
evaluation,485,98636;6536;93798;3264;76628;14992;80434;3040;65160;71934
evaluation,486,89024;79807;99234;2526;79485;57182;53478;46196;6078;61746
evaluation,487,91242;420;46392;87336;91988;6616;86956;25794;86577;46450
evaluation,488,5498;13182;76232;8982;4536;2190;56336;65562;2280;33628
evaluation,489,50208;17368;39418;22494;2734;71043;74808;1088;78164;9332
evaluation,490,19562;99350;20232;79196;92198;7191;25578;65332;1896;73290
evaluation,491,94304;90786;96238;89658;87902;47556;88846;21162;42716;71646
evaluation,492,46878;536;5680;82836;16010;98532;4149;28684;48660;98142
evaluation,493,85552;33016;22844;58114;15419;58215;6134;54461;98853;60400
evaluation,494,41528;51475;52886;96238;52616;5074;8016;30455;71126;97488
evaluation,495,16728;12564;18640;19372;46392;28260;26356;30028;7830;7466
evaluation,496,15205;75582;41498;51148;96822;8362;64736;51792;13703;10855
evaluation,497,28816;259;88130;48048;23380;54282;65646;61190;10408;65998
evaluation,498,97959;99516;99476;68289;65880;22784;2068;19344;28178;30242
evaluation,499,80;95414;31706;30629;69798;74800;30760;39404;89042;14072
evaluation,500,90534;69164;2967;65880;65606;58484;61616;89548;28281;46252
evaluation,501,33838;69578;25612;91582;36258;26052;4536;39854;73778;42868
evaluation,502,32160;82920;34504;32120;78402;25126;65370;82350;50491;32384
evaluation,503,7150;62944;18726;496;22568;36917;1330;31850;90605;2026
evaluation,504,60596;4494;79196;9491;54086;7466;1618;4984;2436;46516
evaluation,505,93312;47264;1672;18262;89232;81688;43390;26528;86396;5766
evaluation,506,6136;69356;4536;66800;5498;3670;46748;71108;56786;24616
evaluation,507,7642;3128;75464;16780;97120;77368;4996;99806;97389;34244
evaluation,508,28816;88130;79576;84340;54282;259;65998;48048;7266;61190
evaluation,509,4169;94242;26570;70662;30650;37080;10290;26364;69801;18602
evaluation,510,79576;69562;59132;49396;896;84776;57566;84340;78232;46796
evaluation,511,94304;47556;5626;96238;5242;29496;90256;63958;12872;780
evaluation,512,99702;7648;69798;1648;51394;8276;30629;97741;87336;2844
evaluation,513,69356;6136;4536;56786;3670;66800;5498;24616;33222;48360
evaluation,514,26818;79358;80898;38920;70131;39286;26550;36572;33416;35032
evaluation,515,19496;38168;33270;89252;45964;19264;72334;77426;10276;19146
evaluation,516,10850;27266;14780;79646;45688;7226;39286;90410;47200;52452
evaluation,517,45688;56930;37636;49120;7226;77109;78702;32750;38334;97389
evaluation,518,82659;76136;5484;34536;87554;2248;164;9762;43392;49774
evaluation,519,4494;93768;8136;93030;87554;94954;96394;19961;83194;6202
evaluation,520,24476;2290;1434;1118;1392;6554;582;6648;5104;6594
evaluation,521,64354;81382;81070;16215;6396;80744;80858;8604;792;17956
evaluation,522,72814;54640;12314;87572;1022;53586;95186;12426;59882;73070
evaluation,523,6136;69356;4536;56786;3670;66800;48360;5498;24616;71108
evaluation,524,97259;97806;30942;85388;99334;84726;98960;60596;14726;1680
evaluation,525,41536;77109;87297;45688;47720;596;37636;78702;26198;56930
evaluation,526,91637;88460;6536;98012;94034;77579;26556;3032;24458;11132
evaluation,527,78928;92410;92670;4688;22144;35592;26104;37602;93798;1382
evaluation,528,51294;1184;17458;28920;85388;28682;10540;1680;97259;80638
evaluation,529,16116;96246;5086;71330;33492;31550;19852;25102;65370;26970
evaluation,530,28816;259;88130;48048;54282;61190;23380;65998;98588;65646
evaluation,531,65998;41233;9376;2134;10408;2998;1162;67186;10988;2080
evaluation,532,28682;1896;2436;1184;97259;87962;91992;85388;10540;13076
evaluation,533,10760;99020;27228;99564;11758;7696;86654;80866;75452;50070
evaluation,534,6150;80664;25578;880;56450;29874;38790;56428;3742;6910
evaluation,535,99020;10760;11758;27228;19760;99564;86654;22282;75452;50070
evaluation,536,71043;24906;16406;48050;3670;472;88748;63862;46748;51546
evaluation,537,3136;6851;3306;98166;48690;19767;39509;98476;40494;5946
evaluation,538,2538;47971;2054;3264;22144;10850;18602;93798;61234;31850
evaluation,539,3928;53398;53190;1874;50750;46460;22862;27672;22646;53208
evaluation,540,56930;39286;37636;45688;48154;70214;47720;91580;81085;32750
evaluation,541,6136;56786;69356;4536;91582;3670;66800;48360;5498;71108
evaluation,542,83264;34536;81268;29114;39401;35832;584;29874;56112;66106
evaluation,543,13182;79516;30704;24906;81768;71043;78164;91582;76232;472
evaluation,544,72814;1022;54640;59882;12314;87572;73070;97962;98690;62528
evaluation,545,8032;31816;11142;50268;16836;21712;34626;26970;16780;27672
evaluation,546,24043;19961;66098;94954;22090;34536;724;10310;85706;46300
evaluation,547,39286;69432;81085;32750;45688;37228;7226;99564;56930;21694
evaluation,548,61065;3032;20386;17530;17328;11930;34454;52158;282;30242
evaluation,549,73070;71330;59526;16116;82920;12854;13166;67716;57388;53912
evaluation,550,79807;79485;99234;88788;86956;53478;89024;86577;68056;46196
evaluation,551,69356;4536;3670;6136;66800;24616;33222;46748;66560;56786
evaluation,552,45688;91580;7226;32750;37636;10062;70131;17368;78532;56930
evaluation,553,31412;37636;81268;33270;36600;584;6194;29874;25168;22499
evaluation,554,28920;97259;97806;85388;30870;17048;24650;98960;16848;17458
evaluation,555,87297;5862;77109;45688;75176;56930;56162;81085;10720;90148
evaluation,556,71043;24906;16406;63862;88748;8276;2734;48050;11702;3670
evaluation,557,45688;87297;89944;77109;79646;97294;7226;21694;47720;27266
evaluation,558,98636;93798;76628;3040;65160;71934;40620;3264;80434;19128
evaluation,559,19852;97108;18726;164;39760;20936;48140;17508;50491;83840
evaluation,560,44954;91864;45341;45026;2880;13166;45875;51596;28510;23124
evaluation,561,76074;4894;75986;11506;68262;27124;79301;35378;12318;12090
evaluation,562,10310;21712;92321;18775;62944;78130;7150;19768;24043;90605
evaluation,563,45688;81085;7226;37228;56930;5862;97294;91580;90410;3558
evaluation,564,3032;61065;96822;20386;11930;12;52420;15205;89234;32466
evaluation,565,72814;54640;1022;12314;87572;73070;95186;62528;53586;59882
evaluation,566,64736;75582;29266;63472;51792;10855;2092;26298;4740;58215
evaluation,567,66680;82350;17106;59134;93798;71934;98636;3040;68114;68482
evaluation,568,10528;496;1330;80668;54194;2994;27818;47264;7150;32754
evaluation,569,39760;56106;68798;14114;22844;68262;11808;17632;33016;13668
evaluation,570,20386;61065;3032;11930;5067;96822;30316;69510;50186;9182
evaluation,571,93312;41376;1672;89590;34860;14350;65998;68542;47586;7064
evaluation,572,91580;32750;7226;52452;70131;98376;35032;98210;78532;97294
evaluation,573,1434;1118;1896;1392;6496;24476;19114;4836;89252;6554
evaluation,574,24581;4688;89798;98476;622;98166;90013;40494;42716;1382
evaluation,575,8712;18432;27886;24581;12492;79792;94410;17956;62944;98468
evaluation,576,60400;58114;1637;2694;7336;58215;26298;14604;52616;63472
evaluation,577,3640;3600;44702;44450;44378;34628;32508;12090;26164;3612
evaluation,578,38248;41130;40971;95318;55432;44738;11930;42218;93086;73307
evaluation,579,65981;67048;21490;392;93312;77228;18786;8044;99796;21436
evaluation,580,96822;16448;58215;51792;84776;15205;29266;5354;2092;59986
evaluation,581,93854;8386;73307;64882;3864;42218;50186;40440;38178;11396
evaluation,582,57756;43918;702;78232;26970;3812;50916;4894;25442;27258
evaluation,583,26970;18602;18364;19852;18726;20936;25442;82350;96246;10122
evaluation,584,31042;54282;28816;49302;259;49056;22132;79576;52526;15716
evaluation,585,21694;7226;98937;36258;79646;14072;33838;41472;27266;14780
evaluation,586,7226;75452;45688;99564;37228;70131;57078;99020;22282;33210
evaluation,587,87297;77109;45688;5862;81085;47720;37636;56162;27266;10720
evaluation,588,94954;17458;28536;97806;99952;97259;64834;2351;72190;99334
evaluation,589,41536;47084;4728;880;40444;72334;80230;9108;26198;94214
evaluation,590,4536;47084;31152;66800;43970;48714;57920;76232;90108;39296
evaluation,591,82700;42716;87902;31080;78994;84162;72456;1424;1442;93546
evaluation,592,59667;95268;82700;77368;84162;495;6532;46412;3678;6851
evaluation,593,45688;91580;78532;7226;87297;6910;47720;10062;77109;17770
evaluation,594,16116;71330;57388;45875;96246;5086;13166;65370;28190;42618
evaluation,595,70974;63170;71718;66982;89472;15419;74192;30070;3970;4440
evaluation,596,38248;42218;41130;93086;41378;44738;63949;36064;95318;1366
evaluation,597,40608;16850;52504;4934;40440;52266;14550;30316;3704;78822
evaluation,598,90764;41422;46058;1098;49788;19510;874;17494;49044;50602
evaluation,599,3878;68136;24216;52286;24728;1112;2604;4014;7630;2955
evaluation,600,47200;66098;57078;24043;99020;94410;22656;13868;21356;97389
evaluation,601,77702;13868;9784;4908;6496;52452;31790;86378;13886;11476
evaluation,602,19852;39760;164;18726;56106;48140;87554;14114;50491;27456
evaluation,603,4169;92670;94242;10290;69801;12070;23790;26570;20936;82350
evaluation,604,61065;20386;3032;30242;27158;7914;23754;1248;11930;64882
evaluation,605,37794;29266;84776;15205;26298;75582;52616;9160;96822;27205
evaluation,606,93312;89590;9846;7724;67048;65981;1672;45638;71404;91970
evaluation,607,84340;28816;79576;61190;64632;65646;48048;88130;65998;54282
evaluation,608,82920;82350;65370;25126;25102;32160;89894;16116;50491;34504
evaluation,609,3032;20386;61065;27158;11930;96822;30242;44738;29734;64354
evaluation,610,65581;18726;3894;65180;38558;26182;52266;36064;40608;64354
evaluation,611,97259;97806;1788;85388;98937;22436;65281;98960;64320;20662
evaluation,612,28376;41092;20936;33556;910;57514;19128;88676;684;27780
evaluation,613,6851;3136;19767;28032;39509;98166;3306;88670;48690;2836
evaluation,614,28930;38887;11808;10052;43684;1766;20116;22450;34011;7696
evaluation,615,65981;67048;8044;21490;77228;2967;99796;90534;392;19510
evaluation,616,74256;7391;30629;86686;442;1366;58718;31302;16574;79074
evaluation,617,83412;47200;22282;30904;41034;94954;70288;27228;45688;91580
evaluation,618,55450;10116;81268;66098;83264;56112;50031;18018;35832;1695
evaluation,619,94954;7290;56930;54010;70214;37636;45688;70131;38334;81085
evaluation,620,99952;97259;20662;97806;80638;98960;17048;4494;13892;49986
evaluation,621,19768;92321;7150;10528;80668;27818;6006;7410;22568;62944
evaluation,622,99796;65981;8044;67048;392;8386;44024;3864;1398;1362
evaluation,623,33270;12738;5498;56336;98194;13182;25514;26052;65562;48360
evaluation,624,18640;33882;3828;22306;3792;19372;34716;87388;99678;70210
evaluation,625,6536;98636;93798;94034;91637;98012;14992;65160;88460;3264
evaluation,626,10850;45698;23214;57048;75794;81338;79524;67336;7764;81768
evaluation,627,7150;14160;45698;27662;77368;36917;14992;35124;88676;1383
evaluation,628,87572;53586;12426;97962;72814;12178;47402;12314;54640;59882
evaluation,629,79524;79646;75794;23214;45698;27266;76106;10850;3558;13416
evaluation,630,97259;97806;1788;22436;98937;85388;16064;64320;65281;14726
evaluation,631,24906;18388;2996;74152;97662;48050;5362;51546;32476;19546
evaluation,632,7410;88460;94034;98636;91637;98012;77579;90256;6536;51786
evaluation,633,33270;5498;98194;13182;65562;26052;56336;71020;5362;41472
evaluation,634,85552;98853;15419;56460;6134;17632;22844;35060;22302;33016
evaluation,635,33016;22844;85552;50040;44154;56460;6134;60400;58215;15419
evaluation,636,98872;894;4740;63472;64736;3990;26298;49080;2092;37450
evaluation,637,41092;28376;27662;19128;3039;1383;48534;76628;93798;540
evaluation,638,91580;70131;7226;45688;78532;47200;66098;22090;35032;75452
evaluation,639,24043;4494;2444;10310;22090;18590;98468;85706;70854;94954
evaluation,640,98636;93798;6536;94034;98012;3040;3264;88460;91637;65160
evaluation,641,32160;82920;25126;65370;32120;34504;50491;82350;25102;89894
evaluation,642,76816;2536;26364;26570;11828;72499;30650;75382;5676;98584
evaluation,643,70642;29116;33556;56155;57514;31574;41092;21606;44954;71540
evaluation,644,6767;61156;8096;98468;93768;1440;49003;4952;7191;22656
evaluation,645,10004;39488;10392;5428;73730;318;41034;24592;186;1684
evaluation,646,85552;98853;15419;6134;56460;17632;22844;33016;35060;58114
evaluation,647,75794;13416;28352;23214;79646;3558;45698;11874;2744;50256
evaluation,648,99020;21356;99564;39286;52452;90410;86654;57078;75452;7696
evaluation,649,6136;56786;4536;69356;3670;79516;24616;5498;66800;48360
evaluation,650,75176;2652;87370;46080;89932;23508;66866;34718;32814;67287
evaluation,651,36917;7138;2407;22568;3536;6314;7150;90605;97108;69662
evaluation,652,19852;87554;164;39760;20936;18726;71694;56106;25102;14114
evaluation,653,53586;87572;72814;73070;54640;12314;59882;12426;95186;12178
evaluation,654,12;27150;894;29028;944;26298;49080;14604;522;574
evaluation,655,99796;65981;67048;8044;3864;34814;22650;19828;1398;33540
evaluation,656,3294;20350;68056;30826;35850;26556;23338;1428;34628;14856
evaluation,657,28816;98588;88130;9616;99838;79576;43600;87755;59132;896
evaluation,658,98080;120;37080;1112;102;81050;27124;78928;94065;13598
evaluation,659,77252;78728;86510;98080;21260;102;9370;97268;55338;28854
evaluation,660,39286;56930;48154;32750;81085;3886;37636;87297;37228;70214
evaluation,661,54086;60596;4494;22816;12048;79196;9491;12120;13342;81522
evaluation,662,632;1088;13252;98210;87370;75176;89932;7575;94748;39576
evaluation,663,66330;23894;1574;92410;3608;80664;50031;880;3742;29874
evaluation,664,61408;30758;29116;9762;10860;30942;69979;64834;2358;65244
evaluation,665,36917;7138;3536;2407;6314;22568;90605;93798;3040;97108
evaluation,666,22862;1046;93448;16952;16420;6828;18746;18320;22960;702
evaluation,667,10730;57378;23578;32508;4944;1362;16381;54386;76818;1332
evaluation,668,86594;11808;65581;14114;8648;19768;80230;97259;68798;60188
evaluation,669,97806;97259;99952;1422;17458;64986;49986;14726;27850;94954
evaluation,670,65981;77228;18292;58506;39404;95621;67048;41422;54220;43010
evaluation,671,4169;94242;70662;69801;30642;82350;18602;65370;26570;20936
evaluation,672,10316;41212;24690;41060;26124;3979;5680;6618;12120;39356
evaluation,673,34454;33416;42006;37858;612;27158;78858;8136;28178;10310
evaluation,674,65160;6538;34104;46046;2784;41328;28178;27124;41394;2706
evaluation,675,31242;94218;89536;33416;39488;9839;20406;47090;18775;52266
evaluation,676,99796;65981;8044;67048;392;69164;91970;33540;22650;34814
evaluation,677,23338;27509;30826;9388;35378;14748;9074;14856;33492;38501
evaluation,678,28286;71671;60506;11038;42006;21547;37224;39488;9486;42176
evaluation,679,14350;8336;398;54314;41376;65880;22128;23630;96238;19090
evaluation,680,9592;23626;51596;48782;1648;424;90056;30864;80112;72090
evaluation,681,88130;92286;43600;5626;259;99838;258;87755;86891;90198
evaluation,682,14812;406;27124;95606;44954;38750;85676;45930;45875;7988
evaluation,683,10760;99020;65581;7696;53672;64882;19760;20264;75452;27228
evaluation,684,88748;97662;48050;24906;76764;17368;11702;5362;83398;18388
evaluation,685,54194;80668;7150;6006;92321;496;62944;10528;19768;71694
evaluation,686,23338;38090;24712;14856;30826;71718;68056;6202;9074;3970
evaluation,687,20208;7798;68404;51392;136;2098;2134;88130;98588;9378
evaluation,688,1046;22862;18746;6828;19396;22960;16952;6042;43594;16420
evaluation,689,91992;23754;44442;23570;67048;26182;1248;65981;73882;80040
evaluation,690,97259;28920;85388;97806;17048;24650;30870;16848;98960;85110
evaluation,691,78164;13892;50208;17368;13252;90476;3020;32294;88748;71043
evaluation,692,6851;39509;19767;98166;3136;28032;98476;7642;97930;2836
evaluation,693,18364;5628;19132;18602;22144;92410;17508;23790;18726;74328
evaluation,694,54086;65160;14992;1382;4762;64354;78928;90605;41328;37282
evaluation,695,18364;92410;19132;18602;5628;17508;22144;23790;74328;47707
evaluation,696,16215;64354;8604;63404;792;6396;17956;81382;64626;17864
evaluation,697,48610;6851;10798;93860;50646;54812;92354;39509;84812;13888
evaluation,698,7642;3128;75464;31379;97120;37108;1083;11828;44446;1084
evaluation,699,6851;93860;48610;1386;13888;39509;13076;10798;6824;54812
evaluation,700,9440;67186;99060;12492;29568;5086;76996;9916;72210;89916
evaluation,701,83276;23112;64750;51394;42556;3264;4934;14550;2538;2744
evaluation,702,85676;2880;95606;19040;88788;44954;14812;32884;1276;51596
evaluation,703,50190;4536;66800;20014;5362;1184;2314;56312;34718;10408
evaluation,704,40971;42320;31216;52234;3827;2744;3640;61420;34288;95318
evaluation,705,90786;51004;96238;71418;71126;61190;25076;880;35884;14150
evaluation,706,71066;23790;4169;49358;81038;54356;46150;2248;2880;86396
evaluation,707,6216;21260;102;86891;76996;15363;51004;15360;21996;65036
evaluation,708,97259;99952;97806;49986;90108;1766;20662;98960;14726;57876
evaluation,709,88748;17368;97662;24906;83398;11702;32476;39419;76764;48050
evaluation,710,10052;29116;57514;2358;13582;45572;28930;11808;40552;2028
evaluation,711,13892;89932;3020;1422;46752;13252;62912;99952;5862;13182
evaluation,712,32476;5020;88748;4708;32294;50208;97662;87370;39576;35884
evaluation,713,30942;64354;13076;85388;28920;10860;91992;10540;1680;1184
evaluation,714,76764;83398;88748;39419;8276;31510;24906;78164;2996;81768
evaluation,715,79360;66800;46254;31412;16010;38542;20662;2920;44544;96473
evaluation,716,33838;4536;69578;36258;5362;25170;91582;40364;56358;39854
evaluation,717,12738;5498;56786;84418;25514;56336;48360;26052;33222;33270
evaluation,718,24906;83398;76764;78164;39419;88748;17368;18706;11702;18388
evaluation,719,63880;10682;80112;98730;77510;36044;36592;31264;7988;24060
evaluation,720,86956;87336;88788;5428;37624;5212;86577;79485;7630;4348
evaluation,721,334;4394;54314;85676;65614;22912;3006;17778;552;8416
evaluation,722,46752;3020;23214;2996;81768;92786;81338;13892;2920;3668
evaluation,723,48140;724;23702;57078;3020;36172;19961;1268;81268;47971
evaluation,724,10310;24043;26104;41866;21712;38887;13848;38750;18775;18430
evaluation,725,89894;34504;25126;32160;32120;82920;32384;8786;50491;65370
evaluation,726,31850;18364;36172;92410;37602;78928;74328;17508;38928;31950
evaluation,727,84726;97741;95082;24690;31868;16114;50990;23210;21490;9730
evaluation,728,45305;64754;52886;29110;63880;65556;20986;17014;22960;80952
evaluation,729,198;1236;16212;46522;65880;28854;72499;26356;40802;2967
evaluation,730,49044;48026;26350;46230;49788;26156;17494;16114;59414;77306
evaluation,731,1648;95414;15750;1234;5738;3878;6616;1444;1618;1112
evaluation,732,44954;45875;45026;13166;45930;51596;29880;42618;38532;95606
evaluation,733,3020;34916;46752;10276;2920;23754;13892;1788;23214;92786
evaluation,734,13974;98376;4539;10646;39419;94748;89932;87370;90148;85388
evaluation,735,4539;97662;98376;13974;51294;90148;94748;2194;87370;10646
evaluation,736,13886;86378;38952;4908;77702;19264;76700;19146;29402;83682
evaluation,737,54010;45688;94954;37636;78702;38334;70131;97389;56930;76944
evaluation,738,97662;32294;17368;39576;22494;76764;78164;56336;89232;41068
evaluation,739,32160;82350;32120;25102;65370;25126;34504;82920;31868;89894
evaluation,740,10052;29116;11808;2358;28930;40552;24650;30316;38887;2836
evaluation,741,20848;50512;44954;85138;95606;53592;45930;3975;58602;59526
evaluation,742,10528;54194;2994;496;92321;27818;80668;47264;36888;7150
evaluation,743,51792;64736;2092;10855;75582;90522;37450;60400;7336;732
evaluation,744,3020;34916;10276;23754;23570;46752;44442;2652;23890;1788
evaluation,745,45688;7226;10850;79646;78532;21694;70131;47720;87297;27266
evaluation,746,38887;590;26156;18775;98924;26350;18430;92358;24197;97930
evaluation,747,7226;14072;21694;27266;99564;79646;57338;32750;57078;11874
evaluation,748,89932;90148;97259;5862;87370;75176;98960;28122;98376;39419
evaluation,749,98636;7410;6536;94034;98012;91637;88460;77579;93798;90256
evaluation,750,18726;19852;39760;18602;20936;16080;83840;56106;47940;29126
evaluation,751,48610;1386;6851;92354;54812;96103;10798;93860;18775;39509
evaluation,752,6828;22862;93448;495;19416;54812;20198;97292;12716;31080
evaluation,753,1386;48610;54812;18775;93860;92354;6851;96103;10798;13888
evaluation,754,96344;43436;29250;74260;93854;48782;91040;6204;75576;57886
evaluation,755,75128;74010;75920;5684;71492;8814;74116;56168;15363;24197
evaluation,756,39419;32476;56786;88748;83904;96473;83398;89232;48050;24906
evaluation,757,2462;63170;15419;85552;56460;71718;11772;17632;70974;6134
evaluation,758,80866;22128;99020;18832;45770;31379;56728;5508;22090;2668
evaluation,759,99952;97259;13892;1422;49986;62912;83412;69582;90108;20662
evaluation,760,6136;69356;4536;56786;66800;79516;3670;5498;71108;46748
evaluation,761,58215;54461;50040;4740;63472;894;14604;58114;60400;26298
evaluation,762,14992;92410;78928;45698;98636;792;67336;94034;90256;71934
evaluation,763,69888;46752;31510;2594;55806;83412;31412;20662;9356;29330
evaluation,764,99796;8044;392;1428;67048;11996;73762;42762;19002;65981
evaluation,765,11758;10760;80040;6828;32584;54243;47252;31012;52750;27228
evaluation,766,69794;81382;2660;6851;28032;1247;78392;18330;48216;98166
evaluation,767,7410;98636;6536;48400;93798;92670;51786;3040;62266;13154
evaluation,768,22144;92410;19132;18602;18364;17508;74328;23790;5628;47707
evaluation,769,42006;78858;52266;37858;36572;61762;45600;52542;1494;35962
evaluation,770,8044;392;65981;67048;99796;97516;60;16420;76816;50268
evaluation,771,28816;1268;54282;724;49302;22284;36280;3174;49056;259
evaluation,772,91864;552;3444;4394;17778;76816;41422;20942;43594;22912
evaluation,773,63880;69619;376;19674;340;552;10682;65556;18055;25770
evaluation,774,28594;31950;18590;51392;13528;54538;22144;98468;22656;24581
evaluation,775,83276;64750;64404;68842;74540;63949;96702;29594;1022;12314
evaluation,776,75794;41536;97389;97294;48154;78702;10850;65332;56450;45688
evaluation,777,47430;87370;20662;66560;98960;85388;35884;56728;85110;75176
evaluation,778,87572;54640;12314;1022;72814;12426;62528;98690;95186;53586
evaluation,779,34814;77080;90534;23626;22306;38248;77480;35836;66172;4514
evaluation,780,32476;98194;24906;33838;24616;23380;96473;56786;33222;36258
evaluation,781,15205;13703;28154;12;8362;8506;49080;54812;14604;5354
evaluation,782,81382;69794;18330;6851;78392;45237;2660;5946;18680;1247
evaluation,783,33556;1400;88676;65370;31234;82350;7150;46516;35124;31574
evaluation,784,22144;30148;78822;10850;18602;71495;37282;4712;36390;31950
evaluation,785,5862;51294;39296;1896;83533;97259;85388;85110;17458;36426
evaluation,786,6851;28032;48690;19767;3136;98166;7642;98476;88670;3306
evaluation,787,34814;26810;88944;19828;74256;3812;93312;15224;89590;19372
evaluation,788,12314;72814;1022;54640;73070;59882;97962;87572;98690;53586
evaluation,789,93448;2162;76816;51596;29594;87336;45174;76728;23713;16454
evaluation,790,93488;10646;98376;94748;10720;89932;75176;632;90148;4539
evaluation,791,98588;25778;31790;96394;24043;22128;43600;46196;51048;23082
evaluation,792,78728;77252;39318;282;76996;20120;11568;15102;29270;90438
evaluation,793,32476;64986;39419;13892;11702;39576;74808;23380;83398;1422
evaluation,794,80638;97259;17458;98960;54190;23380;26052;39419;97806;1788
evaluation,795,3020;34916;46752;13892;81768;2920;23214;92786;10276;2996
evaluation,796,78164;84324;76232;54524;20662;13892;71043;17368;98210;5362
evaluation,797,66330;98080;92410;23894;19132;120;74010;78928;91033;35832
evaluation,798,62944;71694;10528;62756;89916;97108;4169;7150;54194;90605
evaluation,799,9676;94616;15884;24524;5952;60254;10988;1215;5674;59132
evaluation,800,61065;3032;20386;30242;6536;34454;52158;11930;31574;7914
evaluation,801,1060;5272;23674;70630;8938;36098;11132;1410;9908;35850
evaluation,802,27076;51638;77228;39404;14136;6612;87894;74006;2314;94304
evaluation,803,7366;19282;19374;60188;14836;34628;23338;3970;12090;9712
evaluation,804,19828;91970;26810;3812;96238;88944;93312;89918;89590;96169
evaluation,805,16116;71330;28190;45875;96246;27818;57388;5086;2863;25442
evaluation,806,83276;64750;68842;64404;4946;6278;58602;96702;14550;85138
evaluation,807,77238;89590;29722;21911;54243;13076;39624;7064;24326;62364
evaluation,808,35058;28676;10004;42556;96444;92374;96414;19416;87366;1338
evaluation,809,58215;54461;4740;59986;63472;52616;894;50040;60400;14604
evaluation,810,20208;17902;9376;7798;38887;41376;45770;2316;80866;96238
evaluation,811,63880;69619;340;376;77510;19674;16114;36044;18055;7988
evaluation,812,26970;38750;95606;2212;2195;27124;25442;23112;7988;20936
evaluation,813,41376;20208;91970;5626;14350;22128;38887;2668;17902;80866
evaluation,814,63880;340;19674;77510;69619;376;36044;18055;16114;24220
evaluation,815,3792;99678;20302;18640;86026;19372;33882;5642;57596;3828
evaluation,816,16558;64376;15356;21134;9994;21170;9720;79560;14274;10636
evaluation,817,27138;34814;9062;34464;99806;3662;33946;73850;2206;77080
evaluation,818,33786;95606;41602;36200;85539;45622;17778;21134;5280;30088
evaluation,819,28206;10392;1094;11220;26364;12968;27076;2351;19280;96464
evaluation,820,19496;80638;30826;28676;93120;11698;69432;584;2248;80040
evaluation,821,584;77702;29402;6150;924;27076;57048;52452;19280;70662
evaluation,822,2398;31412;80664;25578;29874;60858;6354;98960;18832;46104
evaluation,823,6136;69356;56786;4536;48360;33270;33222;66800;98194;79516
evaluation,824,84418;90602;47430;33222;12738;78164;16406;23380;76232;46104
evaluation,825,98636;792;42148;7898;40620;93798;90256;40806;71934;45698
evaluation,826,18364;18726;36545;22144;16080;17508;23894;38928;36172;90764
evaluation,827,69794;81382;51448;21280;75858;23558;47618;48216;35572;6244
evaluation,828,94748;87370;31584;90148;39418;42062;74006;10646;32476;59964
evaluation,829,10052;29116;57514;11808;21606;14156;70642;13668;10310;56012
evaluation,830,85552;98853;56460;15419;58114;22844;17632;33016;6134;2492
evaluation,831,13182;3670;57410;5498;30704;56728;1148;76232;31152;90712
evaluation,832,12316;62266;96238;31622;29126;40757;54356;18388;35884;58240
evaluation,833,4494;97259;35884;1422;97806;70854;39296;87370;31618;9839
evaluation,834,88660;71020;56728;11702;66866;96238;57102;90410;22090;66438
evaluation,835,83904;48360;91582;96473;22494;78852;6136;56786;33838;25514
evaluation,836,3020;46752;34916;10276;39296;13892;83412;1788;3668;20662
evaluation,837,17368;28122;22494;97662;56312;62322;90476;11220;61208;78164
evaluation,838,83904;88748;48050;96473;32476;24906;2194;39419;97662;32294
evaluation,839,97662;32294;17368;22494;76764;39576;41068;90476;89232;5362
evaluation,840,46104;33628;13182;66800;5362;4536;472;79516;5498;65562
evaluation,841,13182;4708;24906;90635;5498;78164;51546;48050;21886;71126
evaluation,842,22499;2996;71108;30704;16064;39296;85388;98194;63538;472
evaluation,843,86378;32476;90605;91580;62061;28900;39576;3886;77702;15716
evaluation,844,48050;24906;78164;39419;45770;56728;51546;22494;56786;46748
evaluation,845,11702;22436;16406;48050;12756;88748;33222;47896;90635;4536
evaluation,846,29410;32476;39419;50208;23702;90635;31510;32294;11328;98376
evaluation,847,7575;57868;18832;22893;98194;3686;28122;22499;46104;71108
evaluation,848,20360;98194;37636;3886;34393;50070;6910;66438;75452;56358
evaluation,849,10646;93488;56728;33222;69356;98194;42062;56336;26312;89232
evaluation,850,32814;19546;31864;71126;70994;67287;51546;48714;37800;28122
evaluation,851,47586;16064;60858;80866;64986;51546;23702;57876;8290;18832
evaluation,852,91580;18388;5498;3670;12756;13182;71108;39854;31412;28352
evaluation,853,12738;46104;90108;30704;5498;35884;39418;57868;39419;75452
evaluation,854,10062;97662;32476;7226;1202;56728;48050;66438;50208;35884
evaluation,855,16866;57920;48714;63084;28122;9062;75452;54190;880;56312
evaluation,856,4708;3670;33222;56336;56728;39854;19344;2314;80866;66560
evaluation,857,56786;47896;9062;34393;66438;42062;63084;51294;45964;20470
evaluation,858,47440;75452;62322;71126;66438;48714;23214;88660;22499;97673
evaluation,859,51546;24906;32476;18388;83398;17368;48050;39419;22499;11704
evaluation,860,472;18388;66800;16406;3670;76764;69356;13182;57410;48050
evaluation,861,19546;61208;88748;22494;50208;91164;28122;4708;5836;51546
evaluation,862,59461;33222;70854;21911;11220;48360;57876;57868;29122;18832
evaluation,863,22494;19546;97662;4708;24504;88748;17368;28122;61208;76764
evaluation,864,3032;61065;20386;47971;96822;29734;3264;10528;33556;28376
evaluation,865,93312;89590;74256;43814;50750;34860;47586;7064;10596;88846
evaluation,866,946;96344;43844;13166;43157;40971;1428;29594;35256;44310
evaluation,867,64750;83276;64404;68842;14550;42618;58602;12314;1022;392
evaluation,868,7798;20208;22128;1440;2134;17902;41376;40956;14350;12964
evaluation,869,27886;17770;6614;4416;11598;12694;69432;41536;282;13500
evaluation,870,24043;34536;18018;66098;50031;10116;28534;5080;31790;29568
evaluation,871,81268;66098;55450;50031;83264;56112;83194;18018;34536;29114
evaluation,872,61065;3032;20386;98439;76816;22646;52476;14550;8102;92156
evaluation,873,22;2062;1402;1396;26824;3812;732;44702;20974;64736
evaluation,874,18364;18602;23790;17508;19852;22144;36172;19132;92410;18726
evaluation,875,13598;54258;31622;1328;52750;15048;81522;12998;4169;45341
evaluation,876,28376;41092;20936;33556;57514;14992;19128;684;14160;88676
evaluation,877,54482;98476;1083;72499;1084;16114;90013;4688;75382;24581
evaluation,878,22144;19132;74328;92670;36172;5628;38928;47707;23790;18364
evaluation,879,24690;72990;59414;39356;96114;49358;73044;60254;13608;10316
evaluation,880,12242;84806;1826;5466;38326;18805;8676;33882;26350;12854
evaluation,881,61065;3032;20386;30242;11930;96822;6536;23754;27158;52420
evaluation,882,69708;68945;58172;5752;60188;27780;74050;55338;1260;73044
evaluation,883,98853;85552;6134;15419;56460;8938;894;70974;2462;22844
evaluation,884,26556;24728;42248;30874;34628;63949;47402;1022;412;61967
evaluation,885,68945;24259;73044;36030;69708;74050;73112;31456;48420;62213
evaluation,886,85552;98853;56460;15419;6134;2492;58114;732;33016;22844
evaluation,887,32160;32120;34504;78402;25126;65370;82920;89894;82350;50491
evaluation,888,887;71788;19510;48026;4952;76644;19674;26156;77306;7913
evaluation,889,77510;18055;24220;87388;46522;20814;59502;5506;5508;95621
evaluation,890,63880;69619;77510;340;19674;18055;376;7988;16114;36044
evaluation,891,57390;57884;42716;75382;72499;12166;31080;87902;19767;88846
evaluation,892,57390;42716;75382;57884;72499;12166;82700;87902;86082;89658
evaluation,893,66330;92670;98080;120;17956;92410;46532;23894;75920;81834
evaluation,894,13886;86378;38952;4908;1118;56112;19146;19264;26412;32129
evaluation,895,9762;57962;86885;93860;13888;5946;83264;87554;6824;13718
evaluation,896,6134;98853;56460;15419;85552;24592;22302;17632;4440;42248
evaluation,897,3468;64354;8604;81070;6396;80858;16215;80744;63404;8676
evaluation,898,56112;55450;50031;81268;66098;1695;7426;24043;25578;5820
evaluation,899,85138;3636;3468;55362;9762;2836;15970;92374;58602;724
evaluation,900,19510;41422;71788;48026;63242;6219;5572;57596;30629;798
evaluation,901,82920;32160;65370;25126;82350;32120;50491;34504;25102;30642
evaluation,902,85884;82350;65370;25102;48140;95586;83840;58578;20488;47971
evaluation,903,59667;35378;75986;25600;28948;50990;63534;86885;2212;68262
evaluation,904,59667;22816;13848;3596;35968;2212;2195;94954;23082;18262
evaluation,905,532;14171;91970;27258;29402;13282;78392;40338;13598;5836
evaluation,906,34860;10290;46522;1672;94242;18238;43436;44166;93030;16728
evaluation,907,36480;42716;96422;90013;13848;1424;1442;54086;89798;16264
evaluation,908,12964;4092;74050;78590;258;56728;87902;65880;38422;78994
evaluation,909,98166;47092;6894;21516;98476;90013;21162;28032;51448;30232
evaluation,910,6851;81382;5946;2836;69794;18330;39509;26862;88670;75858
evaluation,911,19767;87902;3746;82700;56766;21162;42716;51448;8506;47092
evaluation,912,68590;38887;69606;59344;39314;92410;43308;19961;40757;8524
evaluation,913,59667;95268;77368;2660;6532;18330;48690;46412;98166;4996
evaluation,914,7642;6851;79296;19767;77306;98166;98476;3136;97930;88670
evaluation,915,1276;3006;17612;3548;17778;8416;552;89024;5212;26392
evaluation,916,99678;63242;82328;44784;41422;390;81414;59770;31088;50852
evaluation,917,8416;54220;4276;3548;2038;1276;12535;17612;45478;51596
evaluation,918,887;26156;77306;4952;34576;31227;76644;48026;19674;71788
evaluation,919,76348;78294;9160;8941;1146;95186;97962;84418;21606;4169
evaluation,920,9182;5256;29490;8102;42618;59526;45930;44954;6495;20264
evaluation,921,120;98080;86891;76996;45004;102;77252;75920;21260;86510
evaluation,922,59502;77510;95621;44446;6204;19674;18055;16114;31264;80112
evaluation,923,98476;21320;21090;98166;72456;46412;32754;72499;84162;28154
evaluation,924,2706;80668;92321;6006;10528;27818;7150;26528;496;54194
evaluation,925,20744;42762;85584;9110;21134;1430;21170;17778;7254;24676
evaluation,926,5730;7699;27434;308;67762;18640;41422;19510;23210;86723
evaluation,927,60042;44784;31642;26350;798;93974;61108;2195;46058;2212
evaluation,928,33416;86597;16114;26350;47098;15822;93030;44166;59226;91242
evaluation,929,89536;90;67762;51392;63498;32716;9392;25778;27434;118
evaluation,930,93312;15278;1672;9846;42556;45638;73590;16728;89590;65981
evaluation,931,3662;75834;98102;90534;65606;24504;58484;34814;99476;4514
evaluation,932,91580;78532;75452;7226;50070;17368;6910;32900;87297;70214
evaluation,933,93798;94034;98636;48400;71934;27662;3040;17106;47926;3264
evaluation,934,2660;69794;81382;98166;18330;28032;48690;26862;6851;16264
evaluation,935,39314;68590;29480;29674;764;69606;30296;1383;28684;28393
evaluation,936,30640;21280;8524;97292;18262;3662;32584;406;43814;63534
evaluation,937,55338;97268;68945;78402;39488;69708;73730;60188;73112;81666
evaluation,938,6828;54812;32584;22862;97292;93448;3166;96103;81357;18262
evaluation,939,72814;54640;12314;87572;12426;97962;1022;53586;73070;95186
evaluation,940,78994;88846;470;2316;55684;55338;39006;90198;87755;47556
evaluation,941,95606;27124;88788;44954;85676;32884;14812;87336;19040;1276
evaluation,942,398;54314;7391;46232;69619;31302;85920;340;96150;4276
evaluation,943,4536;3670;25612;69356;66560;66800;56728;48360;26052;31152
evaluation,944,17368;2734;84324;78164;17770;71043;51546;39418;2474;57868
evaluation,945,69794;81382;51448;47618;21280;23558;48690;88670;75858;57962
evaluation,946,946;96344;43844;43157;13166;82523;40971;82770;59296;73644
evaluation,947,19396;16952;16420;702;33492;28676;30826;64068;23924;42582
evaluation,948,98853;6134;56460;85552;15419;56370;22844;22302;23112;68262
evaluation,949,29154;732;2492;41498;8138;3612;51148;16454;27042;68262
evaluation,950,75176;89932;90148;39418;31584;5862;94748;98376;632;7426
evaluation,951,91970;65998;2248;7630;80866;4014;68542;17902;4044;14350
evaluation,952,54314;69619;398;19040;63880;26392;17778;1276;65556;57164
evaluation,953,88130;28816;92286;98588;68404;259;99838;79576;54282;43600
evaluation,954,34814;72932;77080;69164;77480;90534;23124;63242;1648;43970
evaluation,955,30904;9356;26312;35032;27228;75452;33210;79358;1308;5498
evaluation,956,6136;4536;5498;33270;79516;98194;66800;69356;26052;56786
evaluation,957,57876;60858;49986;2652;90148;23702;8451;90410;97806;2398
evaluation,958,93798;98636;76628;3040;41092;6536;57514;39760;10310;3264
evaluation,959,21712;3444;94616;28948;49358;72990;10688;49056;96114;1388
evaluation,960,85884;82920;82350;25102;25126;65370;95586;32160;17868;39220
evaluation,961,1382;29480;30232;24581;30296;1400;35124;29674;98166;4688
evaluation,962,98853;17632;85552;56460;15419;68262;24592;16454;6134;2540
evaluation,963,3032;61065;96822;20386;11930;27158;2035;52420;71834;15205
evaluation,964,45026;44954;45930;6495;29116;30359;45875;20264;42618;21606
evaluation,965,19828;3812;26810;74256;88944;15224;31706;34814;91970;89590
evaluation,966,12486;38558;3979;42582;82836;9182;97741;35850;9430;17626
evaluation,967,93312;1672;89590;81688;7064;77228;34860;43814;6960;41376
evaluation,968,83276;64750;68842;64404;42618;96702;46797;6495;96444;96414
evaluation,969,7366;68262;59410;14836;33492;19374;81666;3970;60188;85128
evaluation,970,89472;15200;42662;22;14836;2784;35378;68262;75986;12318
evaluation,971,23754;26182;23570;91992;3274;1248;3476;6180;52266;67048
evaluation,972,7988;77510;10682;36592;4044;80112;994;20814;63880;12402
evaluation,973,91864;54243;17778;33700;95606;81038;27672;3114;43594;69626
evaluation,974,8416;87800;32884;2038;1276;49076;24060;332;54220;33354
evaluation,975,28816;79576;896;88130;65998;54282;87755;84340;98588;90198
evaluation,976,45206;4276;5642;74800;46058;96150;4960;53292;4946;11528
evaluation,977,79807;79485;99234;57182;334;65910;48026;2526;88788;24060
evaluation,978,72940;86891;120;84776;98080;75920;1155;102;74010;75128
evaluation,979,887;2668;73268;798;42638;46394;79794;4952;71788;76644
evaluation,980,69801;97959;38750;96246;48752;99476;99516;57756;69164;37080
evaluation,981,20662;5362;22436;4536;94410;38542;56358;13868;31412;2314
evaluation,982,2290;8398;292;8514;28534;2570;8196;9108;13500;6194
evaluation,983,584;25578;56112;80664;18832;880;80898;81268;26818;25076
evaluation,984,41068;5498;25612;66800;98194;69356;56728;24906;57410;472
evaluation,985,5862;87297;14780;632;56162;81085;10720;47720;45688;10850
evaluation,986,65798;6150;6194;42062;22499;97228;4383;39296;3020;86378
evaluation,987,39419;94748;32476;89232;76764;31584;97662;98376;75176;87370
evaluation,988,89894;32120;65370;25126;32384;32160;50491;31868;13154;82350
evaluation,989,81382;28032;18330;2660;69794;98166;26862;5946;6851;18814
evaluation,990,38887;69606;68590;39314;8786;31950;97930;13848;63958;24478
evaluation,991,14992;54086;4762;65160;62944;89916;78928;4169;96854;54194
evaluation,992,69794;81382;75858;23558;51448;21280;22816;57962;6224;47618
evaluation,993,42716;87902;82700;57390;78994;72499;75382;89658;86082;5242
evaluation,994,89932;31510;98376;90148;69888;98210;10646;75176;632;46752
evaluation,995,9828;2706;47940;47264;30232;26528;99060;2863;9676;41328
evaluation,996,96150;10887;46058;11528;9696;45206;74800;58602;53292;7391
evaluation,997,13342;81522;12120;3064;12048;1736;7266;6614;3956;12910
evaluation,998,56140;22282;14072;57078;99020;70288;11874;38402;26550;21356
evaluation,999,40802;21516;47092;45237;35572;16264;51448;21162;31080;98166
evaluation,1000,54482;1083;1084;90013;17608;70474;2772;4688;40494;79296
evaluation,1001,96238;94304;78936;39220;88660;90410;8451;17956;2652;56728
evaluation,1002,39509;6152;21515;48866;32754;40494;27662;75464;98166;84162
evaluation,1003,30652;87894;2188;20662;17264;14014;97228;31412;25076;29402
evaluation,1004,91582;69578;71020;472;2996;16064;26052;8982;33838;25612
evaluation,1005,74256;19828;96238;26810;99796;88944;34814;3812;30070;93312
evaluation,1006,79576;59132;69562;49396;84340;50290;12;33492;84776;6042
evaluation,1007,136;39657;532;63862;45178;1162;1155;37248;27138;80840
evaluation,1008,10052;24650;69626;29116;21888;99224;41492;11808;9082;48244
evaluation,1009,42716;82700;54482;86082;87902;24581;12166;17608;1083;2316
evaluation,1010,30650;75858;51448;18706;69794;23558;115;22816;35572;19714
evaluation,1011,85706;77426;480;6346;37636;483;36600;69712;45688;97389
evaluation,1012,2035;49202;9958;2492;90532;2814;5272;51148;72828;63472
evaluation,1013,76492;29250;19948;64882;82836;35850;17626;7914;52266;34288
evaluation,1014,54243;41422;552;54314;17778;91864;85584;186;43594;25794
evaluation,1015,91580;45688;7226;32750;97294;39286;87297;79646;99564;89944
evaluation,1016,4248;1260;16114;5366;1732;55338;26350;64522;15970;22872
evaluation,1017,13886;56112;86378;4908;81268;5820;38952;1118;13868;66098
evaluation,1018,91582;69578;472;16064;31412;2996;2190;71020;16406;89252
evaluation,1019,45688;81085;7226;87297;77109;70131;99564;27266;79646;90410
evaluation,1020,2660;69794;81382;78392;48216;1247;6851;48690;28032;5946
evaluation,1021,16116;71330;96246;45875;31550;5086;33492;28190;57388;2863
evaluation,1022,73112;612;1684;73044;34628;15464;24592;35962;65842;20350
evaluation,1023,73307;71404;73644;73590;9124;73418;82770;82523;33736;59296
evaluation,1024,74256;19828;26810;96238;88944;3812;99796;34814;30070;93312
evaluation,1025,16116;71330;45875;96246;28190;57388;27818;36385;5086;25442
evaluation,1026,85884;19852;65370;10122;30642;2744;77100;28676;48782;33556
evaluation,1027,91582;31412;69578;2190;71020;26052;472;36426;85110;33838
evaluation,1028,22862;53030;10596;97292;52030;50750;10798;3444;3944;74256
evaluation,1029,23928;42218;69798;40971;52266;49494;27228;2744;19948;59296
evaluation,1030,37224;22823;39642;11038;85128;71671;9590;20406;7368;1094
evaluation,1031,97636;2654;90605;77368;3039;93798;7138;724;65160;18775
evaluation,1032,7830;8006;20680;65910;43970;87388;342;24060;10466;61945
evaluation,1033,702;60;798;16952;7914;4934;73124;86574;46046;65522
evaluation,1034,93312;1672;91970;15278;89590;54243;65981;27258;50256;34860
evaluation,1035,1428;31216;40971;2248;2262;35378;24728;20912;11132;9828
evaluation,1036,14072;74196;70131;99564;27266;21694;47200;57876;86654;28352
evaluation,1037,57048;79196;56370;1896;15048;10960;76628;46516;9491;75794
evaluation,1038,23670;59667;47264;40984;24478;32318;6219;2234;31974;54058
evaluation,1039,78590;40802;4090;35572;8648;32020;21516;31080;27572;19767
evaluation,1040,80668;7150;6006;10528;92321;54194;62944;97108;27818;22568
evaluation,1041,33556;18726;2026;65370;88676;14160;74050;4762;19128;20488
evaluation,1042,98636;58584;93798;41092;25296;55150;3040;78130;3264;76628
evaluation,1043,34536;10310;18775;5067;43684;1472;724;46300;3264;35832
evaluation,1044,65581;81522;36064;10174;88782;82036;1248;5366;1071;19914
evaluation,1045,28536;74808;3956;6618;1586;45572;76944;59414;95384;50070
evaluation,1046,6614;3956;1736;81522;13342;2351;7266;2436;12008;13896
evaluation,1047,98166;47092;40802;98476;28032;90013;2660;27572;21516;46300
evaluation,1048,85552;98853;15419;6134;56460;33016;17632;22844;22302;58114
evaluation,1049,18640;87388;65910;24060;68698;16728;41378;18238;54786;49128
evaluation,1050,13888;14152;58732;43594;91864;552;18430;11828;18786;51696
evaluation,1051,79807;79485;99234;95606;48026;45026;45875;44954;63880;38536
evaluation,1052,86891;72940;120;84776;75920;74010;75128;98080;1155;5684
evaluation,1053,34370;96114;59414;59770;24690;65910;49358;35054;3308;74158
evaluation,1054,29402;6150;80664;13886;27076;584;86378;880;22499;38168
evaluation,1055,6150;86378;25578;25076;80664;880;3608;3742;83682;97228
evaluation,1056,85552;15419;98853;6134;56460;17632;22844;33016;8938;58114
evaluation,1057,35058;49774;5484;4664;31616;1494;5256;96444;3108;5086
evaluation,1058,96822;20386;3032;61065;30242;64522;43658;60596;28178;29734
evaluation,1059,5086;4664;18786;9440;99060;51475;4100;3108;5814;35058
evaluation,1060,74256;35836;34814;86686;19828;3812;1366;12290;1098;3662
evaluation,1061,34288;9182;66738;70506;38558;94218;3979;76492;61967;6278
evaluation,1062,13242;4440;4592;22;35850;75986;76074;89472;74194;12318
evaluation,1063,82350;32160;65370;50491;32120;89894;30642;82920;34504;25102
evaluation,1064,88130;54282;259;1072;61190;6366;72294;16448;82992;21642
evaluation,1065,38248;8790;36064;62228;17824;8008;12290;9890;54786;11574
evaluation,1066,97790;98584;94065;67762;10506;124;71492;75920;24760;77252
evaluation,1067,77510;18055;59502;36044;5508;4044;95621;340;8838;87388
evaluation,1068,17502;282;6614;17770;2774;21636;12694;6496;30242;15102
evaluation,1069,880;80664;29874;33269;4728;67186;25578;6150;9108;10988
evaluation,1070,6150;80664;880;29402;86378;6910;29874;77702;25578;3608
evaluation,1071,99020;99564;27228;70131;30904;14072;7226;92650;50070;56930
evaluation,1072,98166;47092;46300;90013;40802;51448;28032;2660;27572;35572
evaluation,1073,62944;89916;7150;15716;92354;13514;2026;74196;84812;7764
evaluation,1074,13514;71694;74196;62944;22568;20694;84812;7150;89916;2026
evaluation,1075,82659;29810;76996;43772;27658;4100;5484;50550;92418;7920
evaluation,1076,35058;49774;20198;96414;96444;5484;99060;82659;76136;6828
evaluation,1077,2784;26810;35314;7472;3864;19828;68994;1428;37794;96169
evaluation,1078,99678;18640;86026;3792;38016;5642;24504;25554;19372;1826
evaluation,1079,79952;78702;27266;14072;27228;99564;50070;39286;92650;70131
evaluation,1080,28536;3956;12120;74808;6618;13342;4648;87297;45572;76944
evaluation,1081,844;17868;67186;63170;33016;1044;25102;7913;70974;2462
evaluation,1082,44954;45930;45026;45875;84748;13166;51596;29880;85676;42618
evaluation,1083,2814;32508;49252;3612;26164;47402;37794;2035;76348;12844
evaluation,1084,26810;88944;3812;5912;91970;96238;93312;27258;19828;89918
evaluation,1085,35850;18310;3979;82836;29250;12486;17626;65581;14856;9182
evaluation,1086,38928;22144;4934;8406;40440;14550;52504;18726;16850;97962
evaluation,1087,33492;3970;60188;23338;89472;68262;38501;27509;12090;7366
evaluation,1088,54220;8416;24060;10814;17612;51596;1276;87800;3548;57596
evaluation,1089,96150;4276;41378;74800;45206;46058;11528;7391;86686;4960
evaluation,1090,67048;23632;65981;95414;25442;41564;99796;15750;35836;702
evaluation,1091,5428;74256;87336;89042;89024;34814;19828;214;1098;42762
evaluation,1092,3828;22306;34814;19372;36862;45820;38248;33882;70210;68166
evaluation,1093,54220;51596;8416;3548;17612;1276;87800;44954;85676;95606
evaluation,1094,38248;1098;9890;17326;51884;3926;16622;12211;7734;54786
evaluation,1095,334;332;45875;17778;1363;19040;3006;87336;20848;4394
evaluation,1096,9592;7988;31264;98730;22788;22752;49326;80112;6204;63880
evaluation,1097,70131;14072;74196;27228;27850;99564;21356;30904;28352;27266
evaluation,1098,24043;34536;66098;18018;39117;50031;10116;31790;80664;92410
evaluation,1099,45688;21694;39117;97294;7226;4416;37228;69432;47896;99564
evaluation,1100,85884;82350;25102;65370;82920;4169;25126;95586;30642;50491
evaluation,1101,98636;93798;67336;65160;80434;71934;40620;76628;14992;45698
evaluation,1102,72940;33700;84776;95586;96822;73112;73070;29788;32466;82906
evaluation,1103,42068;51696;84726;35592;36604;44446;95082;4100;37108;24048
evaluation,1104,92286;49056;54908;6216;98588;48690;6851;90974;2760;15716
evaluation,1105,21911;6204;20942;39404;43390;59502;18786;45305;342;6078
evaluation,1106,89932;2180;85110;3020;85388;23890;62912;41472;1736;2351
evaluation,1107,36200;3008;79560;19846;15926;64376;6496;21134;21170;14274
evaluation,1108,2982;38750;13848;93974;6152;4688;5990;89798;5628;51568
evaluation,1109,65606;4394;3548;9426;1363;332;26392;65614;62096;12423
evaluation,1110,41092;28376;58584;57514;56155;574;27780;33556;684;75858
evaluation,1111,18640;33882;1826;19372;59461;9074;85920;57710;3828;7804
evaluation,1112,46058;45206;74800;4276;11528;16574;41378;96150;7391;9696
evaluation,1113,29110;52886;52220;45305;37832;23210;87366;79576;14895;21052
evaluation,1114,3612;10122;47402;3140;732;34104;9160;2784;76348;2035
evaluation,1115,76492;29250;19948;82836;64882;35850;17626;7914;52266;51372
evaluation,1116,28456;81268;28536;50031;50439;24043;66098;71330;5080;83194
evaluation,1117,9356;28534;26780;92650;50070;28352;67186;42868;27228;74152
evaluation,1118,18330;78392;6851;2836;81382;98166;18680;1756;26862;97930
evaluation,1119,64354;16215;8604;81070;80858;63404;3468;17956;6396;80744
evaluation,1120,18726;38928;22144;16850;17956;53237;18602;4934;51916;64658
evaluation,1121,7366;68262;33492;14836;59410;16080;3970;19282;60188;19374
evaluation,1122,34476;86870;844;19374;75086;76074;1410;33016;22492;54544
evaluation,1123,27412;552;4394;81038;334;43594;1276;17494;5212;17778
evaluation,1124,71788;44784;89024;4952;25794;1363;887;2668;73762;77306
evaluation,1125,77510;87388;29810;59502;31264;11996;46522;34860;63880;10682
evaluation,1126,79485;79807;99234;88788;53478;2526;87336;3346;86956;57182
evaluation,1127,77252;98080;78728;3114;102;86510;45004;76996;9074;28854
evaluation,1128,81268;50031;28536;50439;3956;86594;34536;23082;24043;28821
evaluation,1129,2706;80668;10528;27818;92321;6006;49056;32120;54194;7150
evaluation,1130,66330;98080;75128;60596;120;74010;61234;14136;92410;84726
evaluation,1131,71330;16116;96246;57388;45875;28190;2863;27818;36385;32384
evaluation,1132,1060;5272;8938;36098;1410;23674;9908;18622;28286;35850
evaluation,1133,44954;45026;45930;38532;13166;29880;45875;30359;59526;51596
evaluation,1134,64026;88944;19828;30192;38248;26810;53132;36200;44260;318
evaluation,1135,34628;9712;26810;49252;2814;19396;32508;42248;3640;46506
evaluation,1136,21490;21436;3154;5648;22960;14962;4264;4300;1046;68470
evaluation,1137,40608;44930;37318;41014;6278;15970;41492;23902;10016;77306
evaluation,1138,93312;1672;9846;89590;15278;34860;37938;54243;44166;45638
evaluation,1139,19828;3812;74256;88944;5912;26810;15224;96238;30070;91970
evaluation,1140,73307;71404;73590;73644;73418;9124;82770;82994;82523;59296
evaluation,1141,99796;65981;392;8044;67048;57756;25600;21490;57390;93974
evaluation,1142,51696;42068;84726;35592;36604;4100;27878;44446;95082;37108
evaluation,1143,84776;84340;896;79576;52030;57566;59132;35476;22823;75986
evaluation,1144,9592;23626;96344;90056;2222;72932;22006;1900;37055;65002
evaluation,1145,56112;18832;81268;25578;80664;50031;25076;25002;55450;66098
evaluation,1146,79358;70131;79646;38920;33416;12508;50070;99564;76106;5788
evaluation,1147,46752;3020;34916;13892;10276;2920;23214;39296;1788;2996
evaluation,1148,76944;11874;55806;18028;27266;92650;14072;22282;70288;26780
evaluation,1149,34011;3646;27107;58578;94242;910;27386;88676;74196;1024
evaluation,1150,46300;1424;1442;14160;47556;32020;40802;21090;93546;1383
evaluation,1151,38887;39314;12492;40757;68590;29496;70474;1083;1084;1383
evaluation,1152,84162;6224;5946;78380;6851;48690;26104;41010;21090;93546
evaluation,1153,19852;164;97108;27456;87554;39760;18726;48140;50491;19132
evaluation,1154,35058;4664;1494;49774;5086;5256;3108;5484;99060;54404
evaluation,1155,7724;19828;93094;19416;28676;67048;49774;1338;38178;3658
evaluation,1156,19828;26810;3812;15224;31706;86950;74256;93312;89590;34814
evaluation,1157,3032;61065;20386;96822;83956;52420;96464;64522;11930;15205
evaluation,1158,64986;74808;39404;24906;39576;3020;2314;80230;17458;10586
evaluation,1159,98210;98960;1148;11194;98376;11476;60596;5862;13892;87370
evaluation,1160,20662;78164;76764;17368;55684;13182;84324;39576;22494;83552
evaluation,1161,19828;99796;67048;8044;392;93094;86026;65981;7724;26810
evaluation,1162,97806;97259;20662;14088;25076;584;57876;23702;98937;28682
evaluation,1163,68590;39314;69606;38887;8712;41472;59344;28393;14014;92410
evaluation,1164,5946;6420;13212;3110;18320;9762;6224;14150;41010;48690
evaluation,1165,6134;1060;98853;22302;85552;5272;8938;56460;23674;36098
evaluation,1166,38248;21958;3438;44260;5760;54786;9890;30192;9994;74766
evaluation,1167,42248;9712;2814;8138;32508;3640;34628;30672;44702;26810
evaluation,1168,4416;17770;2774;12694;27886;26514;27158;20488;282;69432
evaluation,1169,97806;97259;20662;13892;27850;99952;64986;1422;57876;49986
evaluation,1170,78130;58584;56155;29126;10310;48610;57514;14156;25296;41092
evaluation,1171,65160;4762;14992;54086;36545;9762;92410;22816;6536;4169
evaluation,1172,28376;41092;57514;83956;684;33556;58584;574;75858;76628
evaluation,1173,6824;5946;6420;6224;3136;5618;3306;81382;9762;6244
evaluation,1174,87902;42716;82700;78994;86082;21320;46412;8750;95268;2474
evaluation,1175,27886;2774;17770;12694;4416;20488;26514;37476;27158;82350
evaluation,1176,24650;10052;39509;29116;97120;45572;40062;3306;13582;48244
evaluation,1177,71502;18072;51262;6536;96394;9491;6180;9378;62213;36348
evaluation,1178,16116;71330;45875;36385;57388;27818;28190;96246;32384;5086
evaluation,1179,85552;6134;98853;15419;33016;56460;22844;17632;58114;60400
evaluation,1180,732;54404;9430;3640;7336;3600;3612;95318;702;80850
evaluation,1181,89916;924;18432;92410;9438;1094;13726;49056;34706;11308
evaluation,1182,93312;1672;89658;18262;58240;26528;39488;47264;792;2316
evaluation,1183,3612;52420;37794;96822;27124;10122;27158;11930;15750;5738
evaluation,1184,63880;69619;340;19674;376;77510;36044;18055;16114;34860
evaluation,1185,76944;32750;70288;27266;39286;50070;70131;26780;27228;11874
evaluation,1186,51546;2734;50208;80230;64986;23380;24906;71043;46254;11704
evaluation,1187,38928;22144;18726;31850;11808;16850;74328;5206;31950;50190
evaluation,1188,14088;25578;83264;25076;46254;81268;10444;584;13868;880
evaluation,1189,17368;39418;1695;22494;42062;78164;31584;48050;50208;97662
evaluation,1190,6612;13598;22494;62322;23380;90635;4708;23214;20470;7603
evaluation,1191,41092;28376;75858;684;70642;83956;33556;74050;15464;13958
evaluation,1192,25462;83194;29021;71694;92358;11808;35884;9762;28816;10528
evaluation,1193,80668;2706;7150;496;6006;19768;92321;49056;97108;10528
evaluation,1194,66330;92670;47707;60596;14136;92410;17956;23894;75128;98080
evaluation,1195,88676;20694;29858;27107;34011;71694;3646;94242;22568;1400
evaluation,1196,30942;6152;81382;78392;98166;95153;6851;5946;20666;36480
evaluation,1197,496;80668;2994;13514;1330;47264;26528;7150;54194;30232
evaluation,1198,69801;26570;10290;31868;57884;30650;32160;32120;32384;37080
evaluation,1199,5572;61762;95082;3128;89834;73882;26350;1366;50491;9839
evaluation,1200,98376;89932;90148;632;94748;10646;39418;31584;39419;5836
evaluation,1201,17048;12698;64986;18832;31412;74152;39296;46104;96792;22893
evaluation,1202,3020;2652;46752;39296;23890;25462;10276;81145;79358;49358
evaluation,1203,98210;98960;1148;11194;98376;11476;90712;60596;5862;87370
evaluation,1204,84812;89916;92354;62944;13514;10528;12492;71694;15716;1330
evaluation,1205,79807;79485;99234;48026;45875;89024;87336;17778;95606;45026
evaluation,1206,1148;98960;11194;11476;14726;60596;7575;2982;85706;26090
evaluation,1207,64986;24906;10586;80230;11704;74808;22494;39419;2734;39576
evaluation,1208,26052;98194;2190;33838;33270;41472;73778;31412;42868;13182
evaluation,1209,76700;13896;17770;1328;8990;6554;10114;4836;6614;7918
evaluation,1210,5086;68945;16116;69708;71330;10004;94242;35058;58172;23112
evaluation,1211,74256;19828;52030;89590;26810;93312;214;91970;34814;88944
evaluation,1212,84748;52234;2894;1652;51956;40971;946;95318;70024;51394
evaluation,1213,89932;75176;98376;90148;98210;94748;632;7426;10646;13252
evaluation,1214,32750;28900;91580;70131;21694;70288;40568;10062;7226;14072
evaluation,1215,36387;3668;79524;11532;66914;16866;93120;28393;80040;50190
evaluation,1216,28376;41092;57514;58584;83956;684;56155;574;75858;10310
evaluation,1217,1044;12;79576;29888;81666;87366;8016;78232;21674;97488
evaluation,1218,36200;74426;3008;30192;64026;14722;9994;41602;54786;35836
evaluation,1219,21471;44378;44450;3600;11436;44702;3640;72670;8138;18310
evaluation,1220,79485;79807;3548;1276;99234;19510;89024;8416;88788;24060
evaluation,1221,3352;83412;31584;31412;93488;98960;65696;25168;9332;72294
evaluation,1222,43768;21420;4728;3742;3608;80664;36280;33269;83088;22284
evaluation,1223,540;41092;17608;14160;28376;19128;1383;684;75858;48534
evaluation,1224,4688;2982;23894;28456;5990;90013;26862;6152;89798;5296
evaluation,1225,49358;96114;72990;13608;22450;60254;9676;58506;74158;3444
evaluation,1226,89042;420;5428;68698;61108;89220;6078;6794;7913;42762
evaluation,1227,4960;4946;96150;58602;45206;53912;3975;4276;53592;9696
evaluation,1228,16780;76492;26090;16850;99654;18738;60042;66836;7914;51394
evaluation,1229,45562;994;77510;6204;5320;80112;33736;73882;7648;20680
evaluation,1230,19040;20744;11958;95904;19760;14578;19046;3114;874;2880
evaluation,1231,84776;75582;96822;72940;13703;15205;32466;29266;51792;8362
evaluation,1232,89932;75176;94748;90148;98376;98210;632;7426;10646;13252
evaluation,1233,3668;36387;66914;79524;11532;17458;80040;34718;93120;13152
evaluation,1234,64986;22494;2314;446;80230;74808;23380;20470;24906;50208
evaluation,1235,87297;77109;45688;56162;79646;90410;56930;47720;81085;37636
evaluation,1236,93798;98636;3264;6536;94034;3040;19128;65160;1382;80434
evaluation,1237,28376;41092;57514;684;75858;56155;58584;83956;33556;70642
evaluation,1238,68590;39314;38887;69606;29480;24478;28393;8712;28684;87064
evaluation,1239,3154;21436;21490;4264;66172;22960;4300;70954;58370;2784
evaluation,1240,64750;29594;83276;45930;11328;79320;19948;41498;64404;84748
evaluation,1241,3352;28393;37800;52638;31012;67287;79494;79524;11698;58762
evaluation,1242,39419;17368;24906;18388;18706;97662;76764;51546;83398;4708
evaluation,1243,83840;92410;36888;96854;70662;78928;31850;13726;14992;37282
evaluation,1244,887;2668;73268;798;42638;46394;79794;4952;76644;71788
evaluation,1245,64522;65556;63880;19510;26350;91110;17778;40608;41602;9110
evaluation,1246,16116;96246;71330;52600;25442;33492;5086;82920;31550;26970
evaluation,1247,99796;65981;19828;67048;91970;86950;34814;3812;392;74256
evaluation,1248,52504;24216;95318;24728;52286;52234;91324;41564;2955;92890
evaluation,1249,33838;96473;83904;56358;26052;47430;4536;31412;31132;13182
evaluation,1250,13182;5498;98194;57868;47430;76232;57410;33222;2760;71020
evaluation,1251,72940;120;84776;86891;1155;98080;75920;50290;102;78232
evaluation,1252,3662;35836;1366;31627;7391;17824;11916;73882;95582;79074
evaluation,1253,120;71492;62912;98080;29154;27124;6440;41328;78928;788
evaluation,1254,472;30704;90602;19208;81768;81338;16406;23214;25514;2188
evaluation,1255,66098;81268;56112;83194;55450;83264;18832;18018;24043;22090
evaluation,1256,57410;20014;47430;84418;13182;31152;6612;26052;10276;12738
evaluation,1257,2190;13182;41472;23890;2290;2032;83412;31412;10540;23214
evaluation,1258,79952;78702;27228;99564;27266;30904;70131;39286;80866;7575
evaluation,1259,41092;28376;684;75858;58584;57514;56155;574;10310;21515
evaluation,1260,64354;81070;80744;80858;6396;10174;16215;17956;8604;81382
evaluation,1261,48050;16406;71043;24504;24906;88748;94214;76764;18388;78164
evaluation,1262,2068;90534;75834;98102;69164;34814;89548;30760;35836;4594
evaluation,1263,26810;19828;5912;88944;3812;3864;7472;22650;9486;8386
evaluation,1264,16116;71330;96246;45875;58578;31550;33492;5086;19852;13166
evaluation,1265,6496;2290;596;6554;24476;13896;11476;65393;16208;8190
evaluation,1266,14512;99564;70131;99020;91580;78532;74196;57078;37228;14072
evaluation,1267,9464;25168;45770;13868;6886;11476;77702;1118;86378;26412
evaluation,1268,11908;69626;86396;31302;87554;31264;30904;72334;0;4306
evaluation,1269,80668;6006;10528;27818;18262;19768;7150;54194;92321;62944
evaluation,1270,25102;32160;25126;34504;65370;82920;82350;32120;89894;30642
evaluation,1271,80668;496;6006;22568;10528;2706;97108;71694;92321;7150
evaluation,1272,30640;24650;63404;6396;1083;1084;21642;10174;18262;64626
evaluation,1273,13958;41092;33556;13712;58732;20152;55150;11828;14152;5946
evaluation,1274,16116;71330;5086;96246;25442;45875;26970;28190;27818;31550
evaluation,1275,21084;69394;6278;4946;84748;91884;80840;71066;10016;3944
evaluation,1276,16116;71330;25442;27818;26970;69708;45875;28190;5086;32160
evaluation,1277,94370;7913;40608;54314;73268;59480;1200;33736;29490;29250
evaluation,1278,2814;43844;9430;24216;54404;3612;73056;98806;58215;64882
evaluation,1279,552;3944;91864;1494;10596;3444;4394;29722;1072;96114
evaluation,1280,99020;99564;14072;30904;50070;57078;27228;91580;63949;7226
evaluation,1281,14072;70131;11874;74196;99564;30904;32814;38178;27228;99020
evaluation,1282,83412;41472;2594;2190;72294;31412;80638;50956;14014;1308
evaluation,1283,34536;66098;56112;81268;66106;35832;23218;24043;41302;58060
evaluation,1284,6554;24476;1434;1118;582;26412;11108;1392;8190;13986
evaluation,1285,44544;90635;41564;64986;6612;96944;8182;70200;87336;446
evaluation,1286,78392;19280;2212;6152;1247;20666;6851;81382;95153;2195
evaluation,1287,32020;40802;1424;1442;31080;45237;35572;46412;27572;93546
evaluation,1288,78392;19280;6152;1247;18330;20666;924;2212;95153;57048
evaluation,1289,44446;2836;56012;12744;2078;1071;82649;31379;1756;40757
evaluation,1290,29490;42320;45026;65581;2195;61945;43594;29250;2212;60662
evaluation,1291,4960;96150;11528;9696;58602;14402;53592;45206;53292;85138
evaluation,1292,4264;1098;58776;3008;4300;16128;41422;77510;5506;17326
evaluation,1293,41092;28376;42716;82700;78994;684;87902;75858;88846;56155
evaluation,1294,7064;6224;21911;6828;95621;41528;13310;39624;54812;25069
evaluation,1295,7914;34288;29250;17626;70506;76492;64882;82836;65180;65581
evaluation,1296,3020;39296;10276;34916;46752;2996;3668;83412;13892;2652
evaluation,1297,17368;39419;22494;88748;76764;32476;24906;89232;92788;83398
evaluation,1298,65370;89894;82350;32160;50491;82920;25126;30642;32384;32120
evaluation,1299,24650;95384;9082;8604;3306;3468;29116;10052;39509;9602
evaluation,1300,41092;28376;57514;58584;684;75858;33556;83956;56155;27780
evaluation,1301,1084;1083;59280;1071;8604;63404;54482;41866;18762;78962
evaluation,1302,38248;9890;11574;54786;1098;12290;12211;17326;21134;3926
evaluation,1303,49774;35058;32584;11758;5484;31616;20198;76136;10760;4664
evaluation,1304,3110;91864;552;22912;64522;3114;40608;83956;65614;1098
evaluation,1305,74152;28352;86654;13974;28534;53906;52452;56582;30904;35032
evaluation,1306,89894;65370;32160;25102;82350;32120;82920;50491;34504;78402
evaluation,1307,97662;4539;50208;5820;16708;39418;6150;32294;4383;32476
evaluation,1308,76764;23380;31202;98194;97662;2194;90635;4539;90148;12686
evaluation,1309,74256;19828;26810;88944;96238;34814;3812;30070;93312;96169
evaluation,1310,88676;54356;36348;36030;2774;18726;31850;910;74050;14770
evaluation,1311,82350;25102;65370;82920;30642;89894;32160;50491;85884;25126
evaluation,1312,11702;17368;71043;84324;48050;97662;78164;51546;90635;88748
evaluation,1313,3032;61065;20386;96822;11930;52420;2035;29594;44738;98439
evaluation,1314,65581;7914;65180;49494;35850;78822;1248;34288;23754;17626
evaluation,1315,3154;4264;4300;21436;5648;21490;40608;22960;42784;37318
evaluation,1316,96344;29594;43844;946;40971;91040;9440;29568;43157;1428
evaluation,1317,74010;75128;75920;5684;71492;74116;8814;10506;56168;24197
evaluation,1318,16116;71330;45875;57388;28190;96246;2863;33492;27818;36385
evaluation,1319,89590;86026;20774;30192;93312;10426;41376;19828;8386;7648
evaluation,1320,17458;97259;97806;1680;1736;2351;83533;99334;28920;51294
evaluation,1321,97259;17458;97806;1680;1736;83533;2351;99334;3956;25612
evaluation,1322,32584;54812;50750;54243;6828;7064;97292;12716;3944;74256
evaluation,1323,82350;65370;25102;82920;30642;32160;89894;50491;25126;85884
evaluation,1324,3646;29858;27107;58578;88676;27386;94242;22749;910;68945
evaluation,1325,90476;78164;18706;90635;89232;17368;97662;76764;83552;22494
evaluation,1326,47264;26156;16780;10174;54194;51154;60596;97102;7913;28948
evaluation,1327,98532;32716;300;52220;24690;34370;58894;56582;96114;91033
evaluation,1328,77109;87297;1586;81085;3956;28536;13342;47720;76944;12120
evaluation,1329,94322;97292;6824;1386;3136;97636;6420;3306;3039;23092
evaluation,1330,97259;99952;4494;70854;97806;27996;20662;2652;1422;63290
evaluation,1331,48420;10004;23112;26156;14152;1732;59770;45638;64522;46230
evaluation,1332,1118;1736;9118;52596;11476;2290;27076;27886;13986;1002
evaluation,1333,39509;29116;24650;40062;24043;45572;13582;12492;1215;92354
evaluation,1334,28376;41092;9730;6066;33556;910;48420;13958;93030;90
evaluation,1335,472;17368;78164;71043;76764;84324;50208;18706;56358;22494
evaluation,1336,82328;38887;59502;4952;69606;19674;45638;44784;84806;9940
evaluation,1337,93798;98636;71934;3040;3264;792;7898;44788;90256;48400
evaluation,1338,14072;11874;27266;70131;37228;92650;30904;26780;50070;80866
evaluation,1339,48050;78164;88748;90635;71043;22494;83398;97662;32476;39576
evaluation,1340,40757;29496;59280;56012;64626;54482;1071;38887;2078;97930
evaluation,1341,1060;13466;24592;23112;5272;2894;10960;70630;1410;60188
evaluation,1342,6824;94322;6420;6851;43814;3306;3136;20446;35884;14150
evaluation,1343,552;17778;14274;18310;40608;21134;43594;91864;85584;47098
evaluation,1344,97259;17458;97806;1680;83533;1736;28920;51294;30870;2351
evaluation,1345,83904;96473;5362;48360;25514;4536;13182;5498;57410;33838
evaluation,1346,5256;4664;35058;6495;74844;8102;96444;76136;96414;98439
evaluation,1347,16116;71330;57388;36385;45875;96246;28190;58172;47264;69562
evaluation,1348,35058;49774;32584;20198;5484;31616;96444;96414;82659;4100
evaluation,1349,6495;96414;96444;5256;35058;3108;8102;2267;5086;392
evaluation,1350,91864;41422;43594;17778;27672;85584;186;1046;4394;40608
evaluation,1351,87388;59502;4118;99678;20680;46522;82328;17326;3114;1098
evaluation,1352,3020;39296;34916;13892;2652;10276;14014;80638;46752;31012
evaluation,1353,91582;85110;73778;31132;26052;2190;31412;36426;69578;42868
evaluation,1354,40802;78590;90013;47092;28032;1424;1442;46300;8648;21516
evaluation,1355,33556;36348;59900;27780;41092;43760;13958;54356;69394;88676
evaluation,1356,17368;90476;32294;78164;13974;39419;28122;98194;22494;97662
evaluation,1357,3792;87388;22306;99678;77326;11996;2318;2998;9592;406
evaluation,1358,91582;4536;26052;56358;39854;33838;69578;39406;15282;5498
evaluation,1359,85110;6495;39406;26090;30316;73124;91992;29116;5366;2027
evaluation,1360,83412;5202;75176;62912;2190;41472;90148;98210;76497;15282
evaluation,1361,97108;71694;6006;22568;2706;7150;10528;80668;27818;92321
evaluation,1362,56460;1060;98853;33016;39488;11132;37224;6134;85552;22302
evaluation,1363,20662;63290;11598;23630;49120;3558;26312;38334;37228;198
evaluation,1364,17368;39419;32294;78164;13974;90476;21508;94748;18388;28122
evaluation,1365,79494;36387;77464;11698;37800;80040;65281;50190;3352;31012
evaluation,1366,78294;9160;76348;8941;1146;84418;2652;81666;23508;18646
evaluation,1367,89932;75176;90148;98376;94748;76764;632;41830;5862;7426
evaluation,1368,77510;31264;59502;18055;20814;75834;95758;59074;340;22752
evaluation,1369,7575;22893;78164;39418;1088;16866;71043;98194;31584;7226
evaluation,1370,97806;97259;99952;49986;23702;17458;90148;1422;39296;57876
evaluation,1371,97662;98194;6910;32476;4708;4383;39418;16708;39576;5498
evaluation,1372,17368;22494;32476;39419;32294;39576;7762;4539;50208;8196
evaluation,1373,1260;36385;78402;34716;55338;51104;28821;97268;45600;72061
evaluation,1374,80434;71540;78130;15464;13712;13958;33556;56106;10310;1080
evaluation,1375,3658;21911;25069;28676;54812;31616;42556;35058;96444;96414
evaluation,1376,54812;32584;6828;54243;35058;13888;9910;25069;20198;12716
evaluation,1377,89932;39296;39419;46752;5862;13892;3020;90148;31584;76764
evaluation,1378,90148;94748;89932;10720;98376;75176;632;98210;13252;16708
evaluation,1379,35058;49774;5484;31616;3108;4664;1494;5256;54386;76136
evaluation,1380,19828;91970;26810;31706;94065;27258;29888;3812;96238;34814
evaluation,1381,57378;2814;29716;944;9712;49252;7336;72828;32508;34628
evaluation,1382,15836;1118;6886;2900;41536;6496;9464;9100;16208;10444
evaluation,1383,39576;76764;78164;22494;32294;39419;17368;97662;89232;83398
evaluation,1384,93860;37282;19852;164;41328;49302;58240;20936;4169;18726
evaluation,1385,1247;21280;81382;924;1094;39624;46412;19280;48216;6224
evaluation,1386,60188;58172;68945;69708;97268;622;9910;20198;38501;10960
evaluation,1387,87554;71694;13212;9762;6824;6224;48690;6851;5946;92358
evaluation,1388,22749;73730;69708;25442;5752;88676;18726;14686;23112;68945
evaluation,1389,2836;16114;15970;24581;99516;2078;96422;11828;4688;54086
evaluation,1390,91970;19828;62364;26810;88660;25794;34814;7724;3812;442
evaluation,1391,19828;3812;26810;91970;74256;96238;96169;67048;15224;88660
evaluation,1392,72670;9712;16454;20350;9908;34628;2814;51148;42248;2035
evaluation,1393,3154;21490;21436;4264;5648;4300;14962;22960;16850;50290
evaluation,1394,2774;12694;17770;4416;26514;97294;65370;20488;65332;7426
evaluation,1395,11716;1328;8142;1002;9784;7918;13500;1392;3368;8398
evaluation,1396,13182;5498;98210;72294;5862;42062;31202;94748;41472;80664
evaluation,1397,17368;50208;78164;32294;39418;18388;39419;32476;39576;28122
evaluation,1398,68590;69606;39314;38887;99952;19584;19990;60586;8786;37318
evaluation,1399,87370;89932;98376;81145;90148;94748;98210;632;2652;31584
evaluation,1400,39418;90148;98376;5862;10720;31584;98210;94748;75176;34916
evaluation,1401,69662;10310;724;6536;57514;5628;28376;29734;58240;7138
evaluation,1402,81382;3306;1756;6824;2078;3136;28032;48866;5946;6224
evaluation,1403,5946;19296;2078;3306;39509;97120;48690;6851;84162;75464
evaluation,1404,33556;65370;74050;724;41092;58578;82350;89894;88676;93798
evaluation,1405,41092;684;28376;75858;70642;33556;78130;52764;10310;58584
evaluation,1406,15419;17632;85552;33016;63170;35060;56460;98853;6134;22844
evaluation,1407,22144;412;83276;78822;11060;42618;14550;30148;2054;20264
evaluation,1408,87370;90148;81145;89932;98376;94748;98210;632;39576;32476
evaluation,1409,23702;20470;23630;50382;46080;2194;31864;56728;57868;17770
evaluation,1410,76764;39576;32294;22494;97662;39419;83398;78164;89232;17368
evaluation,1411,29858;34011;76628;27107;3264;4762;78130;57514;724;49174
evaluation,1412,11704;2996;13892;24906;3020;2314;2734;20662;64986;94214
evaluation,1413,16116;71330;45875;57388;96246;27818;36385;28190;5086;32384
evaluation,1414,4169;68798;495;1260;1382;18726;4628;97786;14992;64354
evaluation,1415,1695;56112;55450;5820;25578;7426;81268;17770;66106;18832
evaluation,1416,89590;93312;89918;19828;74256;3812;96238;15224;34814;26810
evaluation,1417,45004;5074;86510;4116;41450;92934;43550;9916;34026;76996
evaluation,1418,14604;26298;41528;64736;27042;49080;96822;894;29028;60400
evaluation,1419,84726;43918;4100;86597;95082;99060;42068;27878;51696;36604
evaluation,1420,1588;13504;52224;1568;70954;68994;9486;95414;1332;66172
evaluation,1421,94616;15884;60254;2989;4154;62364;2863;20650;24524;16454
evaluation,1422,36426;90786;96238;3718;0;3812;11698;19828;7724;26810
evaluation,1423,11828;11308;4100;84726;42068;27878;51696;28946;77252;78728
evaluation,1424,40608;44930;82036;7914;37318;41492;26090;61408;6278;17186
evaluation,1425,3827;77306;40956;18466;9182;44446;22128;51562;21674;43600
evaluation,1426,24478;5174;29496;79296;8712;85706;12492;41866;98588;45102
evaluation,1427,56112;25578;81268;25076;55450;50031;66098;93488;18832;7426
evaluation,1428,4984;8812;9491;7466;31574;12048;9118;4494;12120;81522
evaluation,1429,24043;34536;19449;51568;92354;66098;50031;21712;19961;13514
evaluation,1430,89932;90148;13252;75176;94748;39418;98376;31584;632;62912
evaluation,1431,13598;6612;50208;23214;22494;64986;90635;92786;62322;20470
evaluation,1432,13182;5498;98194;57868;76232;6136;47430;71020;57410;2760
evaluation,1433,76764;39576;17368;32294;22494;13252;94214;39419;97662;91164
evaluation,1434,6152;78392;20666;6851;81382;98166;1247;6244;19280;95153
evaluation,1435,78392;6152;81382;6851;20666;19280;1247;98166;6244;2212
evaluation,1436,69794;81382;75858;23558;19280;1247;88670;21280;39624;22816
evaluation,1437,97662;39418;32476;89932;50208;39576;22494;32294;46752;83398
evaluation,1438,3020;2652;10276;23754;79358;34916;23890;36426;3444;16406
evaluation,1439,17458;97259;2351;97806;1680;1736;83533;70642;28920;1184
evaluation,1440,91582;57920;25514;78852;39854;73778;69578;54356;33838;31132
evaluation,1441,36387;3668;79524;66914;16866;80040;93120;11698;33946;79494
evaluation,1442,90148;89932;98376;10646;39418;94748;62322;75176;18138;33628
evaluation,1443,1695;23630;1202;34393;8990;13252;5836;2008;48360;3610
evaluation,1444,35058;49774;4664;96702;5256;1494;99060;86574;96444;5484
evaluation,1445,72670;9712;90532;9908;16454;858;2035;34628;41498;20350
evaluation,1446,84726;95082;43918;86597;4100;99060;42068;27878;25442;10004
evaluation,1447,95082;43918;73044;73124;61762;84528;6180;24690;51696;72061
evaluation,1448,40608;44930;41492;82036;15970;9750;61408;87800;68414;1071
evaluation,1449,18466;18320;3827;9182;3128;75464;44446;91988;50916;47278
evaluation,1450,33016;22844;49252;56460;17632;85552;37794;34476;15419;44154
evaluation,1451,120;98080;92410;86891;1574;92670;83840;102;22144;74010
evaluation,1452,89932;75176;13252;90148;13892;39296;5862;39419;632;31584
evaluation,1453,98376;10646;16708;90148;94748;89232;22494;39419;98194;75176
evaluation,1454,89232;17368;4539;22494;51294;97662;76764;48050;94748;51546
evaluation,1455,28376;41092;910;75858;66606;62756;63958;83956;55150;88676
evaluation,1456,88748;4708;31510;39419;76764;90635;83398;97662;22494;8276
evaluation,1457,39296;2190;41472;85388;56312;39418;1148;98210;73290;31584
evaluation,1458,77702;3603;77426;584;80664;75794;483;1392;22284;2900
evaluation,1459,1736;6614;13896;13342;3956;2351;81522;12008;26198;97259
evaluation,1460,40444;57920;56140;36040;3668;8514;9356;47084;39406;31412
evaluation,1461,76764;39576;22494;24504;90635;83398;78164;90476;5862;64986
evaluation,1462,81145;94748;90148;98376;87370;49986;97259;89932;10646;5020
evaluation,1463,94242;88676;34011;3646;5752;13154;31456;910;27107;58578
evaluation,1464,63862;88748;16406;48050;71043;50208;78164;48048;39419;39576
evaluation,1465,95414;20774;51662;91970;292;216;7696;30192;18214;16830
evaluation,1466,98690;46797;72814;59882;62528;73070;87572;1022;12314;95186
evaluation,1467,6495;96444;96414;5256;3108;99060;2267;5086;8102;35058
evaluation,1468,77702;97488;69432;19496;483;24476;48664;30654;77426;13416
evaluation,1469,39401;2248;35832;39117;724;41162;36172;1268;29114;18018
evaluation,1470,32476;97662;46752;32294;35884;89932;6910;98210;78164;24434
evaluation,1471,90148;34916;41472;5862;94748;49986;39418;81145;62912;54964
evaluation,1472,15419;56460;85552;98853;6134;33016;22844;17632;68262;22302
evaluation,1473,88748;39576;39419;48050;63862;16406;48048;76764;83398;56786
evaluation,1474,93312;5814;40956;536;11908;46254;32716;38402;37800;2027
evaluation,1475,28930;43850;19948;3032;7914;86396;30874;4934;9160;18646
evaluation,1476,90148;34916;41472;49986;94748;5862;81145;39418;62912;54964
evaluation,1477,19852;83840;4169;4762;31550;18726;96854;37476;28676;31616
evaluation,1478,87370;98376;89932;81145;90148;880;94748;98210;13252;2900
evaluation,1479,5362;66800;33838;24906;3670;69356;94214;15282;57410;4536
evaluation,1480,97662;39576;39419;22494;39418;32476;88748;89232;76764;94748
evaluation,1481,90148;94748;89932;10720;7426;62912;5862;42062;41830;54964
evaluation,1482,20666;64354;95153;6152;48866;30942;11716;5788;31379;55641
evaluation,1483,41092;28376;56155;57514;70642;31456;684;58584;574;33556
evaluation,1484,28376;41092;57514;684;83956;56155;75858;78130;58584;27780
evaluation,1485,97662;39576;32294;17368;92788;18706;632;32476;50208;22494
evaluation,1486,48420;17608;94304;16280;2262;21642;47278;3542;35124;20912
evaluation,1487,69164;90534;65606;34940;98102;34814;99476;77080;97959;38016
evaluation,1488,15884;62364;60254;94616;20650;2989;4154;552;61156;27878
evaluation,1489,4014;13504;6616;552;420;45228;95414;15750;1588;80
evaluation,1490,16116;45875;71330;96246;27818;28190;5086;57388;32160;25442
evaluation,1491,6554;13896;94410;6150;4836;18832;7644;22656;2900;48048
evaluation,1492,3828;22306;19372;34814;45820;38248;36862;74766;77080;33882
evaluation,1493,64026;30192;38248;41602;88944;44260;54786;64102;26810;7472
evaluation,1494,49044;26350;49788;48026;17494;59414;16114;26156;64522;46230
evaluation,1495,95082;61762;73044;49358;72990;24690;43918;39356;94616;60254
evaluation,1496,95318;14550;31216;27124;3600;16420;21471;702;3438;29250
evaluation,1497,3020;46752;3668;1788;23214;81768;79524;80040;10276;39854
evaluation,1498,32476;88748;97662;46752;31510;89932;62912;24434;87370;4708
evaluation,1499,82350;65370;82920;25102;30642;89894;27456;32160;13154;25126
evaluation,1500,89918;15224;91970;26810;3812;89590;96238;19828;8484;88944
evaluation,1501,52616;4740;32466;58215;58114;59986;8362;1637;90522;71963
evaluation,1502,87902;42716;89658;19767;78994;88846;58894;12166;86082;47556
evaluation,1503,88676;27107;29858;910;76628;94242;93922;31456;43308;34011
evaluation,1504,6396;64354;63404;16215;17956;8604;80858;81382;81070;17354
evaluation,1505,40608;15970;44930;73730;61408;13582;9750;77306;41492;1260
evaluation,1506,95318;31216;946;51394;86574;16952;16420;54404;9916;3140
evaluation,1507,3274;4934;43850;410;91992;91324;44544;30874;9430;54404
evaluation,1508,86378;13886;56112;13868;4908;11476;20232;26412;1695;1118
evaluation,1509,76764;31202;5498;5362;84324;12738;51546;4536;24906;16406
evaluation,1510,97806;97259;49986;99952;64986;17458;20662;10586;14726;13892
evaluation,1511,58894;18762;21516;43522;16264;21090;21162;66606;93546;97930
evaluation,1512,69794;81382;47618;75858;21280;27572;6224;51448;48216;11960
evaluation,1513,29496;54482;8604;63404;40757;16215;18762;59280;64626;79296
evaluation,1514,67668;234;92286;590;43600;300;99838;59770;23210;90974
evaluation,1515,27672;64068;93448;27412;85584;37624;17778;68056;19040;50750
evaluation,1516,66866;71126;8280;60;4576;32814;53672;98997;28393;68932
evaluation,1517,16116;71330;28190;96246;45875;27818;36385;57388;5086;25442
evaluation,1518,4934;3274;53672;91992;21632;63949;43850;34288;9430;30874
evaluation,1519,11702;55684;62322;78164;88748;90635;17368;97662;28122;64986
evaluation,1520,94748;87370;53906;31584;39296;62322;59964;98960;29410;98210
evaluation,1521,17368;50208;78164;98194;42062;5498;2996;2652;90148;5862
evaluation,1522,64986;97662;49297;17368;78164;4708;39576;98194;22494;56786
evaluation,1523,32160;34504;32120;65370;82920;25126;89894;50491;78402;25102
evaluation,1524,2078;2836;1756;15970;69979;6960;1071;3468;5990;35592
evaluation,1525,78392;81382;2212;6152;30942;2195;19280;28032;5946;98166
evaluation,1526,50588;4494;62364;62336;5508;622;40338;13608;28948;1644
evaluation,1527,26810;89590;19828;88944;3812;15224;34814;32992;22650;86026
evaluation,1528,84726;99060;4100;42068;95082;35058;36604;86597;11828;27878
evaluation,1529,46300;16264;90013;47092;98166;51448;21516;40802;29496;1442
evaluation,1530,64354;6396;8604;81070;8676;80858;16215;69662;80744;17956
evaluation,1531,1247;924;39624;21280;19280;81382;6224;6244;88670;51448
evaluation,1532,19828;1398;1362;26810;71671;22650;88944;99796;5912;34814
evaluation,1533,32750;28900;91580;70288;40568;21694;70131;57078;99564;39286
evaluation,1534,43522;58894;18762;21516;16264;48690;21162;51448;83702;66606
evaluation,1535,71694;22568;89916;94560;10528;62944;20694;80668;95586;7138
evaluation,1536,64626;8604;16493;77368;63404;59280;21090;17864;54482;56012
evaluation,1537,97959;99476;99516;90534;71126;4594;4514;22784;53651;69164
evaluation,1538,17770;13896;2398;52596;1434;9332;596;1002;2570;7762
evaluation,1539,93488;10646;94748;98376;98210;632;81145;31584;34916;87370
evaluation,1540,71694;33556;724;4169;7138;93860;49174;20936;13718;25102
evaluation,1541,86378;13886;6150;25578;26412;56112;19264;880;19146;20232
evaluation,1542,37800;51546;50208;2734;11704;24906;472;20662;46748;16612
evaluation,1543,89932;62912;3994;92788;46752;34916;49986;80638;81145;90148
evaluation,1544,86654;56728;90410;50070;47430;24906;35032;22090;90712;45770
evaluation,1545,754;6767;48242;16493;13848;96238;512;24652;47642;17864
evaluation,1546,75834;61746;98102;2068;74912;6204;10682;64376;81050;8524
evaluation,1547,62228;3108;21911;7064;49202;74116;30654;71026;95621;27258
evaluation,1548,19828;96238;36426;93312;90786;61065;5626;292;65981;392
evaluation,1549,4934;52234;23713;91324;51394;42218;36862;62560;33106;410
evaluation,1550,4934;42618;6278;68470;50512;51394;69510;52504;42556;59526
evaluation,1551,17778;94370;45875;40608;91864;85676;51596;2880;332;81038
evaluation,1552,3136;3306;49986;4494;1422;14726;24478;3636;59667;8451
evaluation,1553,81145;49986;90148;94748;62912;98376;97259;10646;87370;89932
evaluation,1554,24906;16406;8276;48050;11702;88748;71043;2996;81768;64986
evaluation,1555,6851;28032;19767;48690;98476;3306;98166;3136;97930;7642
evaluation,1556,35058;4664;49774;76136;96444;96702;5256;96414;5484;1494
evaluation,1557,292;61190;54190;18738;4576;47586;18388;66172;42556;13182
evaluation,1558,10540;34718;52638;1788;37800;28393;11532;55134;3352;13152
evaluation,1559,79358;3886;38920;70131;79646;11808;5788;66106;50070;76232
evaluation,1560,55586;3918;62912;59964;90148;23702;89932;4570;71126;20470
evaluation,1561,24043;39117;34536;28456;10116;55450;1330;13514;50031;496
evaluation,1562,57410;3670;69356;47430;36258;33838;91582;26052;69578;13182
evaluation,1563,2032;80638;34916;85110;13182;75176;31412;30704;85388;69888
evaluation,1564,17458;11698;71020;13182;80638;10540;19208;13892;98960;3668
evaluation,1565,19546;88748;61208;51546;4708;75176;50208;91164;18388;22494
evaluation,1566,60596;14136;75176;5862;62738;22499;2652;39296;13282;66866
evaluation,1567,3994;25168;17048;13892;62912;99952;74006;8032;8336;80638
evaluation,1568,54544;21470;612;78858;52266;59807;33416;60112;86870;34628
evaluation,1569,104;77252;36030;60188;3114;48420;90;4092;78728;47758
evaluation,1570,77702;29402;584;6886;76700;22499;75794;86378;27076;6150
evaluation,1571,17368;90476;78164;6910;13974;13252;80664;32294;6886;46748
evaluation,1572,22494;23380;98194;78164;10408;39398;90635;1240;45964;32476
evaluation,1573,81382;13076;6152;18320;48866;9762;28032;5946;6224;2078
evaluation,1574,10998;32716;300;234;4116;23210;64522;24690;8760;14812
evaluation,1575,96238;26810;19828;93312;5366;30070;20350;88944;86950;77228
evaluation,1576,14550;31216;95318;51394;99654;2894;48782;4664;93854;86574
evaluation,1577,552;91864;41422;17778;54314;19510;48026;43594;4394;54418
evaluation,1578,91242;60586;2668;34814;87068;6278;76478;8032;22912;73242
evaluation,1579,12694;21636;7762;17368;13252;19546;39418;62322;51546;78164
evaluation,1580,14992;35124;4712;54482;98636;24581;88676;17608;16616;27084
evaluation,1581,21320;46412;87902;48198;8750;32754;84162;82700;42716;8042
evaluation,1582,32020;19767;31080;93546;51448;6894;21642;40802;98166;71646
evaluation,1583,69801;32120;1046;32160;26364;94242;85884;26570;4169;10290
evaluation,1584,77368;18262;80668;97120;3136;26528;89916;6851;21090;3306
evaluation,1585,80840;14812;30359;3944;2876;6495;3975;50512;69510;18738
evaluation,1586,28816;259;98588;48048;88130;10408;65998;61190;54282;19496
evaluation,1587,34916;3020;46752;13892;39296;81145;2652;2996;10276;83412
evaluation,1588,41092;28376;56155;57514;684;58584;70642;10310;27780;14156
evaluation,1589,30640;24650;79792;21642;1083;6396;63404;1084;55641;2027
evaluation,1590,788;37476;8712;49396;35592;26514;724;31574;16080;69562
evaluation,1591,72932;23124;45026;87800;45875;86577;15774;38532;34566;90056
evaluation,1592,96238;74256;26810;88944;91970;19828;34814;93312;99796;30070
evaluation,1593,72940;84776;86891;1155;50290;120;9948;75920;60650;12070
evaluation,1594,71043;76232;63862;16406;48050;81145;31202;24906;88748;79516
evaluation,1595,69794;81382;57962;75858;23558;21280;1247;56766;48690;39624
evaluation,1596,1756;9762;2078;6224;23558;81382;3306;6851;3136;92358
evaluation,1597,282;702;27158;59750;37476;95318;15102;50916;3032;11930
evaluation,1598,69708;68945;16116;5086;94242;71330;5752;22749;10004;35058
evaluation,1599,36385;6396;1268;39220;28821;6960;2026;93030;724;48244
evaluation,1600,25578;86378;880;6150;4908;3742;56112;13886;80664;20232
evaluation,1601,33270;98194;39102;6194;39406;78164;87590;10276;45964;25168
evaluation,1602,19852;83840;18726;16080;18602;94242;20936;37476;4169;96854
evaluation,1603,924;1268;81382;48690;56766;20208;46878;47618;64632;1247
evaluation,1604,1060;70630;5272;23674;1410;23112;8938;68262;36098;60188
evaluation,1605,35058;1494;4664;49774;54386;8102;3108;99654;10004;54404
evaluation,1606,98588;88130;68404;259;43600;5626;28816;9376;37248;20208
evaluation,1607,48576;43550;45004;76996;46252;50166;91902;46000;16212;98080
evaluation,1608,9376;2134;65998;1162;10988;51786;19260;41233;9676;2098
evaluation,1609,86378;22499;25578;81268;584;6346;6150;13886;4383;36280
evaluation,1610,55450;14780;50031;4416;45820;81268;24200;23630;2652;2050
evaluation,1611,98080;120;102;86891;77252;86510;45004;21260;76996;78728
evaluation,1612,81268;5766;55450;50031;10116;35832;50439;28456;89944;5080
evaluation,1613,65798;6180;17868;45600;4166;12998;4306;36385;28821;67716
evaluation,1614,21515;39509;32754;24650;496;16264;16215;4996;3468;6396
evaluation,1615,58894;18762;43522;21516;21090;16264;66606;21162;97930;30232
evaluation,1616,28930;43850;9430;73242;5428;6278;6794;30874;41014;9160
evaluation,1617,14686;18364;74196;71694;22144;22568;36917;18726;14160;49174
evaluation,1618,102;98080;120;86510;86891;104;3114;910;76996;68945
evaluation,1619,36030;24259;68945;612;31456;14770;73044;71406;13718;88676
evaluation,1620,32476;97662;39576;32294;39419;88748;50208;22494;17368;83398
evaluation,1621,10540;1788;34718;52638;37800;28393;55134;3352;11532;93120
evaluation,1622,50031;28456;4416;50439;164;35832;81268;83840;96854;55450
evaluation,1623,40364;13182;24616;31132;5362;472;41068;5498;57410;26052
evaluation,1624,73307;71404;73590;73644;9124;73418;82770;82523;37938;42218
evaluation,1625,3792;18238;41078;59630;2318;874;87388;53651;390;18640
evaluation,1626,552;41422;2038;76816;91864;9438;43594;57514;29722;2132
evaluation,1627,41422;86723;47018;340;36044;63880;85584;47098;49044;87388
evaluation,1628,35836;16622;16128;12290;15924;86686;1366;3008;74256;4264
evaluation,1629,17368;472;78164;76764;48050;39419;51546;39576;18388;22494
evaluation,1630,13892;3020;98210;13252;632;24504;5862;6604;10646;98376
evaluation,1631,6150;29402;880;86378;22499;77702;584;80664;13886;25578
evaluation,1632,46300;57962;1424;1442;14160;47556;6851;88460;90013;16264
evaluation,1633,7150;22568;97108;71694;62944;92321;10528;6006;19768;80668
evaluation,1634,10116;50439;81268;36258;47200;50031;31132;41472;55450;24043
evaluation,1635,26810;95414;96238;1348;88944;19828;20766;96169;54908;34814
evaluation,1636,73307;71404;73644;73418;73590;9124;82770;33736;82523;59296
evaluation,1637,82350;36385;56370;95586;57388;20936;31234;28821;39220;29126
evaluation,1638,90534;58484;65880;69164;75834;2068;97959;61616;98102;2967
evaluation,1639,66098;55450;81268;18018;1695;24043;10116;5080;52452;56112
evaluation,1640,1094;9762;85706;83194;71694;3040;96422;2234;25462;6824
evaluation,1641,1268;54086;36917;724;64658;37282;13154;90605;31850;2026
evaluation,1642,8604;792;80744;16215;17956;64626;77368;81070;3468;64354
evaluation,1643,3108;99060;5814;9440;24498;3296;89042;29568;1494;11220
evaluation,1644,9376;2134;65998;10988;1162;51786;19260;9676;41233;24524
evaluation,1645,10116;31132;9108;78702;41472;50439;26780;57338;33838;39406
evaluation,1646,9846;21911;88670;41528;4894;61346;39624;70506;2407;66044
evaluation,1647,10408;16866;1680;10223;17902;90198;3686;6612;45964;39398
evaluation,1648,43918;95082;41060;59770;24690;8760;61762;3979;14856;1200
evaluation,1649,64750;83276;64404;68842;29594;14550;84748;19948;52504;2492
evaluation,1650,95318;14550;30028;31216;17014;3140;48782;10122;392;26356
evaluation,1651,9182;3128;77306;7642;9750;75464;4154;80840;44446;12744
evaluation,1652,74328;22144;36888;724;38928;92670;37282;47707;64882;17508
evaluation,1653,11702;88748;17368;90635;22494;78164;51546;97662;28122;62322
evaluation,1654,72499;57390;42716;78994;66606;57884;46522;30232;21162;259
evaluation,1655,17368;32294;78164;13974;90476;3742;39419;2280;80664;28122
evaluation,1656,54538;31950;31850;37602;76628;3264;3040;10310;57514;13712
evaluation,1657,13182;5498;33222;98194;47430;71020;57868;25612;20662;76232
evaluation,1658,4116;47098;47012;19002;44598;98690;5428;85584;73882;168
evaluation,1659,28260;91988;86956;86577;8290;63726;74912;30579;30898;420
evaluation,1660,18310;36200;26164;98806;11328;35962;14274;9712;88782;77480
evaluation,1661,55338;52526;41642;6851;68916;3136;19280;3306;4728;28816
evaluation,1662,99476;99516;97959;2068;180;2967;798;22784;65880;292
evaluation,1663,3662;35836;17824;95582;31627;1366;86686;7391;12290;31264
evaluation,1664,90764;31368;86891;86548;32455;13994;13598;71126;7798;3594
evaluation,1665,87388;86723;9592;4118;406;11996;28854;63242;41422;10682
evaluation,1666,7762;13500;48392;4416;9332;11598;15836;5020;13986;8190
evaluation,1667,18238;8006;16728;28260;87388;43970;23718;20680;12564;7830
evaluation,1668,89798;90013;4688;98166;98476;40494;28032;26862;2982;37602
evaluation,1669,910;29734;13958;28178;31456;522;36545;36348;88676;48420
evaluation,1670,22499;19264;19146;13886;86378;26412;25578;25076;29874;80664
evaluation,1671,27076;57048;29402;27124;68916;56370;1247;24458;47096;70662
evaluation,1672,87370;29410;13598;94748;39418;53906;12968;62322;13152;31584
evaluation,1673,39314;68590;69606;38887;27107;10052;24478;96394;27228;43308
evaluation,1674,14686;5988;20774;49174;25462;99476;164;65880;71694;7366
evaluation,1675,10506;97790;124;21260;24197;43550;67762;75920;10698;15360
evaluation,1676,76996;102;77730;63498;20120;50166;28854;21260;43550;45004
evaluation,1677,30640;24650;63404;6396;1083;18262;1084;21642;79792;64626
evaluation,1678,9602;2358;10052;1472;10708;82649;31152;7696;15970;15302
evaluation,1679,52526;6851;55338;68916;3136;3306;41642;19280;31042;4728
evaluation,1680,33556;70642;68078;58584;13958;41092;28376;10310;80434;58732
evaluation,1681,79807;99234;79485;48026;3346;71788;53478;57182;89024;9940
evaluation,1682,20814;4960;63880;98730;9592;65910;8838;30864;8008;95621
evaluation,1683,65370;32160;32120;82350;89894;32384;27456;50491;25126;30642
evaluation,1684,69979;41162;80668;54194;3468;2078;62756;10708;6960;92321
evaluation,1685,3264;3040;71934;5628;43010;78402;10310;31850;17508;20936
evaluation,1686,16116;71330;28190;96246;27818;5086;25442;26970;45875;31550
evaluation,1687,19828;7724;93094;8138;26810;88944;16420;3812;16952;22650
evaluation,1688,24043;31790;19961;18018;22090;94954;66098;4494;52452;92358
evaluation,1689,19828;93094;7724;26810;88944;8138;968;22650;5912;29888
evaluation,1690,57876;97806;97259;8451;49986;99952;27850;2652;4494;62912
evaluation,1691,77109;87297;45688;7226;10062;37636;56930;47720;81085;56162
evaluation,1692,22144;19132;5628;38928;92670;51568;1030;23790;74328;18602
evaluation,1693,724;1268;49174;17956;81382;90605;49302;69662;96103;18775
evaluation,1694,69979;2078;32120;80668;6960;1071;54194;32160;3468;2380
evaluation,1695,4960;96150;11528;9696;31302;74800;53592;46058;45206;10887
evaluation,1696,7762;13500;13986;48392;9332;5020;11598;4416;1695;2008
evaluation,1697,54538;31950;31850;76628;37602;10310;3264;57514;13712;3040
evaluation,1698,24043;5766;66098;68842;34536;10310;10116;19449;85706;22090
evaluation,1699,22128;10998;22872;9730;69394;26350;15970;23210;43150;45600
evaluation,1700,89042;420;8724;45004;91988;89220;46450;5074;887;52224
evaluation,1701,58732;68078;70642;69394;58584;56155;55150;21370;9730;66467
evaluation,1702,14550;31216;95318;51394;99654;2894;42320;16420;21471;93854
evaluation,1703,90605;496;1330;32754;10528;22568;6006;97108;7150;54194
evaluation,1704,92286;89834;6910;259;37248;52526;2080;54908;2706;2760
evaluation,1705,49326;41422;14274;44260;4300;20320;4114;41233;4264;58776
evaluation,1706,70131;79646;14072;35032;79952;99020;45688;4494;99564;8451
evaluation,1707,55450;81268;66098;56112;50031;7426;18018;66106;1695;80664
evaluation,1708,10116;9108;41472;78702;31132;50439;52452;13152;11194;23890
evaluation,1709,19132;5628;22144;18602;92670;17508;74328;23790;38928;18364
evaluation,1710,81382;13076;6152;28032;1756;6244;3136;5946;6224;2078
evaluation,1711,754;48242;512;24652;6767;34706;62738;20208;5992;15282
evaluation,1712,19828;7724;93094;26810;88944;968;8138;5912;67048;54404
evaluation,1713,91580;30904;32750;70214;56930;78532;70288;39286;75452;27228
evaluation,1714,87388;33736;11996;98730;63242;9592;86723;77326;46522;28854
evaluation,1715,17502;8990;17770;9826;6614;65393;21636;10114;12694;41536
evaluation,1716,9826;99806;2344;16612;62213;94954;1080;37356;11194;13722
evaluation,1717,472;19208;30704;16406;57410;80286;91582;8982;69356;66800
evaluation,1718,17458;97259;14726;63290;99952;83533;30870;97806;27996;8451
evaluation,1719,724;49174;90605;1268;36917;95268;7138;93798;22568;3040
evaluation,1720,93798;6536;3264;98636;94034;98012;90256;3040;71934;1382
evaluation,1721,8786;4688;2982;48420;31950;5990;32120;16114;1732;34504
evaluation,1722,19828;7724;93094;26810;88944;968;5912;8138;67048;22650
evaluation,1723,41060;10316;1200;8760;3979;15884;59770;24690;61156;43918
evaluation,1724,33016;22844;49252;59410;6134;34476;37794;49202;8914;75086
evaluation,1725,43768;21420;3742;4728;3608;80664;36280;33269;22284;83088
evaluation,1726,23214;74808;17458;97259;97806;13892;3020;65696;30870;99334
evaluation,1727,19714;81688;115;29788;56168;38090;2080;39006;68056;532
evaluation,1728,79516;69356;6136;56786;56358;71108;66560;12738;26052;13182
evaluation,1729,32750;39286;70288;3886;56930;91580;37636;50070;45688;75452
evaluation,1730,15716;31042;1162;5676;622;24524;2287;5952;97389;19714
evaluation,1731,8008;30864;8790;95621;4960;8020;20814;10894;63880;65910
evaluation,1732,87336;79485;99234;79807;3346;88788;86956;89024;86577;3106
evaluation,1733,2068;89042;57182;33540;71788;56155;48026;31302;69164;80
evaluation,1734,96150;10887;53292;74800;4946;11528;55362;58602;9696;30579
evaluation,1735,17502;6614;97294;41536;8990;5862;26198;17770;31574;92192
evaluation,1736,34536;724;66098;33556;39401;87554;58060;96414;96444;18364
evaluation,1737,91580;22282;50070;99564;66098;99020;39286;22090;26550;86378
evaluation,1738,1202;41472;15282;3450;16708;79494;10540;65562;38008;11698
evaluation,1739,1695;55450;39117;39401;18018;4416;7426;5766;89944;24043
evaluation,1740,66098;55450;56112;1695;81268;66106;83194;51638;5820;89480
evaluation,1741,89944;5766;28393;75452;50588;4416;98210;5862;78532;52452
evaluation,1742,6536;98636;76628;93798;19128;94034;65160;3040;98012;91637
evaluation,1743,78392;30942;2212;2195;6152;18330;55641;26862;19280;95930
evaluation,1744,62944;90605;89916;71694;15716;2026;7150;74196;10528;22568
evaluation,1745,724;49174;1268;22568;69662;23790;71694;7138;90605;23702
evaluation,1746,80668;6006;27818;2706;10528;92321;13514;83956;7150;496
evaluation,1747,21712;49056;3596;28948;20446;90974;10688;98468;7150;496
evaluation,1748,77368;97120;84162;46412;522;39509;59667;29674;8648;5946
evaluation,1749,4934;38178;52234;19372;33106;27658;41866;31616;57784;74260
evaluation,1750,95318;31216;946;86574;51394;16952;16420;9916;54404;14550
evaluation,1751,88748;4708;63862;48050;24504;97662;16406;11702;78164;32476
evaluation,1752,55450;81268;50031;10116;50439;4416;45820;32900;28456;39117
evaluation,1753,19767;6894;98166;47092;40802;51448;3746;71646;31080;21162
evaluation,1754,5766;89944;89480;10116;3886;52452;24043;94410;22090;5080
evaluation,1755,29028;12;27150;49080;32466;53306;51792;15205;8362;27818
evaluation,1756,94322;6420;6824;6851;14150;3306;43814;3136;35884;16026
evaluation,1757,86597;61945;95621;8008;60662;8790;12564;15822;4044;6204
evaluation,1758,97636;48610;2654;18775;90605;6851;2474;8750;495;93860
evaluation,1759,28376;41092;684;57514;58584;33556;75858;574;56155;27780
evaluation,1760,57410;39102;24616;31152;90602;56728;13182;66560;71043;78164
evaluation,1761,94954;54010;97389;38334;36600;99564;37636;7266;85706;45688
evaluation,1762,84340;79576;32160;69562;84776;49396;37476;47642;35476;32120
evaluation,1763,91582;73778;39854;92650;26052;26780;31132;69578;25514;33838
evaluation,1764,16493;18532;17864;45698;38422;13848;8604;63404;14024;16616
evaluation,1765,89480;5766;98194;26550;82044;66098;66106;22282;39401;32476
evaluation,1766,40802;56936;42716;75858;1442;2654;46412;51448;8506;1424
evaluation,1767,724;1268;49174;6824;17956;83088;69662;13310;90605;18775
evaluation,1768,32750;70288;39286;91580;70214;21694;97294;56930;14512;57078
evaluation,1769,36348;9378;6180;19128;13718;25144;71502;12316;76106;10290
evaluation,1770,90;43760;51104;73044;36348;27780;22749;54356;36030;47758
evaluation,1771,91992;6495;85110;39406;2027;80620;73778;6538;30316;73124
evaluation,1772,47642;16448;27996;37794;61190;96238;27886;79576;3646;4154
evaluation,1773,754;512;48242;24652;6767;34706;33560;94304;62124;39220
evaluation,1774,96238;18726;4154;27886;59410;3646;56028;54258;27996;31850
evaluation,1775,98636;93798;3264;6536;76628;3040;80434;19128;71934;14992
evaluation,1776,94304;39220;65998;92286;258;96238;14856;90786;7699;99838
evaluation,1777,32750;70288;39286;91580;70214;56930;94748;3886;71108;28900
evaluation,1778,89944;13304;87297;7762;77109;1695;47720;56162;83904;5020
evaluation,1779,30642;32160;82350;34504;32120;8786;82920;65370;89894;25126
evaluation,1780,47926;95268;63336;68114;18240;19274;6008;59134;41010;68482
evaluation,1781,522;15464;13712;41092;78130;574;19128;36348;13958;66467
evaluation,1782,19768;39509;32754;21515;496;5946;75858;46412;7150;8648
evaluation,1783,30232;36545;26528;26858;79792;21712;46302;4154;5988;3042
evaluation,1784,8136;14152;25462;39760;52764;36545;81666;724;29734;76628
evaluation,1785,4934;40440;14550;52504;95318;38928;20264;49932;42618;52266
evaluation,1786,93120;36387;69536;39486;2144;13152;27910;2206;10540;50190
evaluation,1787,28900;91580;75118;3886;26550;99020;35032;5862;26312;39296
evaluation,1788,91580;7226;10062;50070;99020;56930;59964;77109;32750;78532
evaluation,1789,37356;62213;32554;9826;82060;40062;5296;41536;2344;1080
evaluation,1790,83702;14150;3110;24652;13212;35884;5946;3746;48216;43814
evaluation,1791,15970;2078;1756;2836;16114;95621;35402;1071;4044;18430
evaluation,1792,50208;83398;22494;17368;39576;32476;6910;13304;10720;39419
evaluation,1793,42076;28684;84162;30758;40494;90013;19274;59134;6008;18814
evaluation,1794,34536;83264;88014;31850;85706;24043;66098;19961;55806;66106
evaluation,1795,66098;81268;56112;55450;24043;5080;7426;584;31790;1695
evaluation,1796,93120;36387;69536;2144;39486;13152;58762;2206;27910;10540
evaluation,1797,97294;28900;37228;39220;4416;32750;8514;7226;69432;79646
evaluation,1798,28900;97294;32750;70214;70288;37228;91580;86378;7226;65393
evaluation,1799,22494;39419;89232;32294;48048;18706;17368;39576;1695;32476
evaluation,1800,98853;85552;15419;17632;56460;6134;22844;33016;8938;68262
evaluation,1801,98376;89932;632;75176;98210;10720;87370;13252;90148;34718
evaluation,1802,91902;48576;45004;46252;76996;43550;50166;16212;98080;34814
evaluation,1803,87388;86723;9592;4118;406;11996;28854;63242;41422;10682
evaluation,1804,38750;8604;63404;2380;78392;57048;34226;59280;2212;18775
evaluation,1805,55450;89944;1695;5766;24043;18018;7426;91580;39117;39401
evaluation,1806,21911;6224;2407;7064;7138;39624;70642;68078;39618;60662
evaluation,1807,99796;392;65981;8044;67048;3110;62364;19828;34814;2989
evaluation,1808,72940;12;29888;2092;41528;1044;61540;78232;8016;64910
evaluation,1809,76764;39419;83398;88748;31510;78164;22494;97662;32294;39576
evaluation,1810,99952;97806;97259;1148;20662;27850;81145;13892;97228;17458
evaluation,1811,41472;22893;13182;26052;23344;28122;83412;15282;38008;1148
evaluation,1812,14402;73882;1366;31627;5572;31302;86686;7391;35836;85920
evaluation,1813,1118;69432;9100;26412;77702;19114;10444;63538;6886;24476
evaluation,1814,17368;50208;34393;62104;18138;62738;4570;42062;56564;31864
evaluation,1815,97294;32750;880;75794;27266;28900;7226;86378;50208;21694
evaluation,1816,79516;83412;5464;65562;71418;71043;78164;13182;64986;31412
evaluation,1817,77109;81085;87297;47720;56162;56930;45688;98210;6132;480
evaluation,1818,1118;2570;2290;11108;13986;6648;77702;26412;9100;6886
evaluation,1819,39576;50208;83398;3020;88748;32294;22494;39419;13252;24906
evaluation,1820,78402;32160;34504;32120;82920;50491;65370;25126;52600;89894
evaluation,1821,41092;28376;684;75858;21320;35124;83956;21516;48198;21162
evaluation,1822,30640;24650;90256;78994;63404;21888;64626;8604;17608;792
evaluation,1823,11808;43308;18726;25462;56028;68798;14114;5206;60188;46150
evaluation,1824,724;49174;7138;1268;2026;17508;90605;13154;22568;93798
evaluation,1825,47926;63336;68114;6008;93798;95268;18240;68482;71934;19274
evaluation,1826,6136;17368;69356;48050;24906;39419;56786;39576;2280;22494
evaluation,1827,97662;88748;32476;47896;39576;48050;48714;63084;22494;4708
evaluation,1828,41472;1202;10540;77464;23344;65562;38008;15282;13182;79494
evaluation,1829,22494;17368;32476;55555;39419;50208;39576;48050;76764;89232
evaluation,1830,80664;25578;7191;7316;3742;880;6910;6150;21420;33269
evaluation,1831,73112;39488;97268;33492;68262;47940;9828;59410;10004;1494
evaluation,1832,5428;1444;53030;26556;91242;73242;3274;87336;6794;1968
evaluation,1833,56930;37636;87297;97389;45688;48154;32554;77109;79952;75452
evaluation,1834,6648;8190;6554;2570;15836;9464;13896;2290;1118;2900
evaluation,1835,27386;3646;94304;1268;29858;43658;96422;34011;56766;49302
evaluation,1836,77368;97120;522;59667;84162;39509;77646;29674;13718;94242
evaluation,1837,4536;20014;31412;28534;27228;5464;5362;28352;80040;25170
evaluation,1838,32750;21694;10062;91580;7226;70131;79646;70288;14780;37228
evaluation,1839,56930;37636;87297;97389;48154;47720;77109;45688;32554;37356
evaluation,1840,22494;39419;39576;32294;78164;18706;48048;32476;89232;24906
evaluation,1841,15205;33560;10392;1094;96822;20974;13703;32466;71834;16448
evaluation,1842,97120;29674;39509;24581;18330;47758;30296;59667;522;98166
evaluation,1843,88748;83398;39419;11702;76764;63862;31510;78164;4708;90635
evaluation,1844,22494;39419;89232;56786;94748;17368;39576;18706;32294;32476
evaluation,1845,63862;88748;16406;78164;48050;39419;71043;39576;24906;18388
evaluation,1846,1268;724;49174;81382;1240;3678;6824;96103;13888;18364
evaluation,1847,42076;40494;90013;28684;98166;32754;18814;1084;1083;30758
evaluation,1848,24043;94954;31790;48140;19961;18018;66098;14072;50031;41034
evaluation,1849,23594;13986;6554;27886;17770;6648;24476;4416;11476;9464
evaluation,1850,22494;39419;39576;32476;32294;24906;80230;89232;24504;18706
evaluation,1851,76764;39419;83398;88748;51546;24906;48050;22494;17368;32476
evaluation,1852,25168;86108;2290;78000;27138;77426;50166;81398;97488;25076
evaluation,1853,1148;25514;90602;7696;81768;9356;69888;2920;57410;3020
evaluation,1854,56028;29126;27886;62266;49174;34011;6886;13668;18726;78130
evaluation,1855,654;300;10316;24690;94616;32716;15884;41212;234;9392
evaluation,1856,22494;88748;4708;90635;48050;11702;17368;89232;32476;39419
evaluation,1857,15356;16558;24424;9994;21170;68166;21134;30148;64376;10636
evaluation,1858,6648;15836;24476;30654;65332;8190;66602;6554;23594;4836
evaluation,1859,92198;92192;66602;90694;16208;17502;65332;21238;26412;49986
evaluation,1860,37636;56930;87297;32554;45688;77109;97389;7226;48154;37356
evaluation,1861,2314;22494;39576;17368;39419;48050;76764;32294;83398;50208
evaluation,1862,97294;70214;32750;28900;70288;37636;91580;7226;56930;3886
evaluation,1863,17368;39419;24906;6136;69356;48050;83398;22494;56786;39576
evaluation,1864,82350;65370;25102;89894;85884;25126;32384;50491;82920;34504
evaluation,1865,15612;26556;32716;97516;73882;4116;6536;65522;14060;68289
evaluation,1866,52266;65581;33416;7914;40608;49494;82036;26090;1248;53190
evaluation,1867,4934;18590;26556;26090;40310;99952;47096;29250;7914;2248
evaluation,1868,75582;72828;2392;20974;2894;8362;26164;64736;90522;27042
evaluation,1869,34628;73112;73044;612;78232;86870;20350;39488;59226;54544
evaluation,1870,99796;65981;19828;93312;62364;392;34814;67048;3110;8044
evaluation,1871,1060;76816;1410;18646;20350;39488;23674;5272;21470;34628
evaluation,1872,86510;5086;29880;41450;7830;76996;54786;74844;46252;45004
evaluation,1873,57514;88676;43010;46150;43308;46302;47156;25296;78130;56106
evaluation,1874,3792;99678;20302;48752;86026;2318;1098;87;2967;50018
evaluation,1875,496;1330;13514;90605;32754;10528;2994;97108;22568;92354
evaluation,1876,11958;19040;874;54786;14578;87728;18238;58370;30948;45341
evaluation,1877,6536;93798;3264;14992;98636;1382;3040;71934;94034;80434
evaluation,1878,19852;16080;18726;31550;20936;5788;68262;70662;29126;18602
evaluation,1879,1247;19280;21280;39624;924;28206;46412;1094;81382;14132
evaluation,1880,89798;18364;90013;37602;35124;4688;26862;5628;28032;1382
evaluation,1881,97662;88748;22494;50208;32476;48050;39418;89232;6910;83398
evaluation,1882,45102;60650;50290;69794;71492;148;18872;14132;29788;13703
evaluation,1883,81268;29021;66098;28456;34536;18590;724;24043;55450;45875
evaluation,1884,55450;1695;39117;18018;39401;24043;89944;4416;27886;2008
evaluation,1885,24906;48050;6136;17368;69356;22494;39419;39576;32476;56786
evaluation,1886,28510;68698;45228;1787;19472;7913;18805;27412;68994;74800
evaluation,1887,8016;30070;59986;2062;10392;74006;41528;78232;1396;60400
evaluation,1888,41422;99796;8044;11996;65981;31264;98102;50268;66172;5626
evaluation,1889,7391;35836;3662;1366;11916;31627;442;17824;73882;31302
evaluation,1890,76764;39576;46748;41068;17368;32294;97662;94214;89944;39419
evaluation,1891,91580;32750;39286;70288;87297;56930;70214;10062;37228;28900
evaluation,1892,76764;39576;97662;32294;46748;94214;16406;89232;39419;51546
evaluation,1893,97294;32750;56930;28900;64232;50208;10062;21694;7226;8990
evaluation,1894,97662;88748;39576;48050;32476;90476;32294;11702;4708;22494
evaluation,1895,788;8712;49396;14171;37476;78928;92410;23894;35592;724
evaluation,1896,19828;7724;93094;16420;16952;8138;26810;3812;88944;67048
evaluation,1897,8814;75920;75128;102;71492;46000;98080;43550;76996;48576
evaluation,1898,1118;48392;69432;4416;27886;6648;13986;7762;2570;6886
evaluation,1899,684;28376;75858;2474;540;41092;2772;1424;1442;72456
evaluation,1900,33556;28376;41092;13958;70642;80434;68078;58584;69394;522
evaluation,1901,75464;17458;18320;26104;5946;97806;784;1071;97120;97636
evaluation,1902,47896;90635;17368;4708;88748;51546;9062;84324;51294;1088
evaluation,1903,46752;3020;3668;13892;23214;93120;39296;81145;36390;92786
evaluation,1904,89932;87370;98376;2652;98210;632;13892;39576;1422;39296
evaluation,1905,1088;71043;11702;90635;88748;63862;24906;32476;96473;78164
evaluation,1906,19768;92354;15716;62944;89916;2994;90605;84812;10528;98468
evaluation,1907,89932;98376;98210;632;10646;75176;87370;98960;90148;13252
evaluation,1908,93120;38008;24498;36387;23214;27138;10540;77464;50190;9592
evaluation,1909,24906;16406;88748;18388;13892;81768;48050;80230;71043;51546
evaluation,1910,17502;8990;97294;17770;4416;2774;41536;26514;21636;6614
evaluation,1911,1695;55450;18018;39117;7426;39401;52452;5766;4416;56112
evaluation,1912,1118;6648;13986;27886;2570;2900;2290;9118;8190;6886
evaluation,1913,28376;41092;83956;684;75858;540;57514;70642;33556;56155
evaluation,1914,78164;17368;97662;39576;90476;88748;76764;39419;5362;22494
evaluation,1915,496;90605;1330;10528;32754;97108;13514;62944;7150;2994
evaluation,1916,11808;13726;92854;4628;68798;36888;64412;14114;69626;64658
evaluation,1917,46748;76764;41068;32294;94214;472;89232;97662;51546;39576
evaluation,1918,58894;10052;46878;6366;21642;47556;9602;41492;43658;536
evaluation,1919,33270;96944;23380;9784;26052;10276;50190;19208;1148;37420
evaluation,1920,45102;60650;50290;62322;18872;148;69794;3110;13703;5676
evaluation,1921,17502;5862;41536;6614;8990;26198;17770;8190;10114;21636
evaluation,1922,76764;472;16406;5498;98194;39576;24906;65562;18388;69356
evaluation,1923,89536;24652;78936;3646;96238;6767;754;48242;34860;80914
evaluation,1924,98194;33270;57920;69356;66560;90712;37420;15282;13182;6136
evaluation,1925,23702;2652;39296;98194;98376;1422;31584;39576;97259;98210
evaluation,1926,552;17778;91864;76816;1276;19510;22912;6278;40608;41422
evaluation,1927,94304;90786;96238;39220;51786;56936;27084;65998;36030;31234
evaluation,1928,52452;22090;57078;31790;94954;22282;18018;24043;91580;1695
evaluation,1929,33556;574;15464;57514;26414;55150;13958;66467;522;58584
evaluation,1930,24906;88748;32476;63862;39419;83904;4708;18388;48050;31510
evaluation,1931,82350;65370;30642;25126;25102;32160;50491;85884;32384;89894
evaluation,1932,19828;3812;26810;88944;91970;7724;74256;67048;89590;93312
evaluation,1933,49252;2955;76492;9712;42248;3878;732;49202;2492;2814
evaluation,1934,60188;58172;48140;6616;70506;87554;27412;60586;68542;14060
evaluation,1935,18706;78164;90476;17368;22494;90635;90148;97662;83552;89232
evaluation,1936,61746;75834;9994;390;87;59630;2068;87388;34814;24424
evaluation,1937,25578;25976;83088;4728;99350;21420;43768;2314;75834;7191
evaluation,1938,2092;51792;16448;15205;41528;20974;96822;64736;4740;63472
evaluation,1939,89932;94748;75176;90148;98376;632;13252;62912;10720;87370
evaluation,1940,57876;8032;23632;93120;83088;5464;12998;77464;74196;10887
evaluation,1941,17368;94748;22494;18706;24504;11702;32476;89232;7762;42062
evaluation,1942,41092;28376;57514;33556;14152;56155;19128;10310;58584;70642
evaluation,1943,69662;19852;18775;49302;68262;724;39220;4762;5788;95606
evaluation,1944,41233;11960;148;69794;16454;75986;15419;57566;10698;81382
evaluation,1945,49202;90532;86950;91970;26810;2035;20350;7336;27258;858
evaluation,1946,91970;67048;99796;65981;5212;8044;19828;12998;8032;52248
evaluation,1947,28816;3174;65646;84340;54282;65998;79576;5174;1162;49302
evaluation,1948,39318;15102;258;90786;20120;62124;308;282;5234;78728
evaluation,1949,45102;60650;50290;71492;98924;69794;13703;29788;148;18872
evaluation,1950,2660;48690;92854;28032;18814;5946;81382;92358;84162;2078
evaluation,1951,40608;44930;15970;9750;41492;87800;82036;5366;22872;68414
evaluation,1952,2660;48690;92854;28032;18814;81382;5946;84162;92358;2078
evaluation,1953,85110;57338;9108;85388;2190;41472;83412;87370;46752;62912
evaluation,1954,35124;910;96238;31456;780;58240;24259;5752;94242;68945
evaluation,1955,54010;6767;6219;8096;94954;14726;35968;79212;7466;8812
evaluation,1956,89252;51294;2280;76764;56336;39419;17368;90108;75176;18388
evaluation,1957,89932;80638;3994;90148;94748;98376;75176;69888;87370;81145
evaluation,1958,41010;19274;47926;68114;42148;6008;36480;63336;18240;94034
evaluation,1959,4688;90013;89798;98166;98476;40494;24581;26862;2982;6152
evaluation,1960,754;512;48242;6767;24652;96238;15282;54908;26514;53672
evaluation,1961,41092;28376;57514;33556;58584;70642;19128;56155;14152;93798
evaluation,1962,72456;1442;1424;46412;71646;14160;42716;93546;51448;47556
evaluation,1963,41450;41378;82770;75834;42218;56582;34026;33736;8790;8838
evaluation,1964,89932;90148;94748;75176;98376;7426;34916;31584;10720;13252
evaluation,1965,89932;90148;75176;94748;98376;7426;31584;34916;3994;13252
evaluation,1966,1094;48690;3174;47618;28816;54282;81382;17956;6042;9762
evaluation,1967,27910;25168;75176;94748;30328;98376;584;10720;19264;2290
evaluation,1968,7290;392;1098;43600;3154;21606;18738;590;92286;4114
evaluation,1969,50290;45102;60650;13703;3110;62322;18872;69794;7418;31974
evaluation,1970,46752;34916;3020;1788;10276;80638;73778;23214;14014;11698
evaluation,1971,13892;3020;89932;13252;10720;632;2652;90108;80638;81145
evaluation,1972,36172;22144;79358;18602;23702;58424;59807;39220;60112;2054
evaluation,1973,69626;164;30232;87554;9762;39760;21888;3032;36545;2604
evaluation,1974,34536;24043;85706;83264;88014;35968;19584;92410;17508;66106
evaluation,1975,2774;94560;57048;74260;4628;34454;46516;96854;26514;95586
evaluation,1976,16116;71330;5086;96246;25102;45875;57388;95586;82920;33492
evaluation,1977,3032;20386;96822;61065;11930;96464;46460;64522;52420;50852
evaluation,1978,17368;48050;89232;39419;88748;78164;22494;12756;32476;6136
evaluation,1979,4708;83398;64986;39576;78164;39419;31510;76764;88748;13892
evaluation,1980,98376;98210;90148;32750;7426;632;94748;93488;5862;39418
evaluation,1981,95414;31368;13504;10223;45478;23124;60650;49076;24048;20208
evaluation,1982,90148;13252;75176;98376;94748;17368;34916;89932;632;32750
evaluation,1983,10116;55450;5080;81268;50031;66098;24043;50439;28456;18018
evaluation,1984,76738;34576;2526;57182;71788;57164;9940;80;73762;552
evaluation,1985,214;81688;52030;552;2080;41642;84340;46196;8006;27878
evaluation,1986,61746;34814;75834;89024;19344;87388;2068;59461;65981;90534
evaluation,1987,18640;87388;34716;33882;3828;24220;3792;19372;8006;41422
evaluation,1988,13712;46516;76628;574;46142;80434;55150;66162;25296;522
evaluation,1989,25144;446;41422;97516;19510;39488;24160;91810;42006;78858
evaluation,1990,8982;90602;12738;1148;64320;26052;31152;2920;19208;1788
evaluation,1991,32476;32294;35884;39576;97662;77804;24906;48050;88748;97673
evaluation,1992,45102;60650;50290;84324;35476;71671;10596;29788;20406;49202
evaluation,1993,22282;19961;6202;24043;2652;81268;29021;66098;21356;3020
evaluation,1994,8982;12738;64320;31152;19208;8708;26052;2920;1788;46748
evaluation,1995,39314;68590;96394;69606;8524;47200;26412;9232;6610;99564
evaluation,1996,2734;17368;13182;76460;8982;20662;472;31132;31152;5362
evaluation,1997,49396;8828;79576;37476;69562;12070;59132;27158;1146;43918
evaluation,1998,28816;1094;37832;83702;49302;19676;54282;1146;3174;66866
evaluation,1999,81768;81338;78164;20662;24906;10276;80230;3020;2996;94214
evaluation,2000,32476;39576;97662;50208;39419;6136;92788;76764;24906;22494
evaluation,2001,71043;63862;88748;11702;8276;16406;18388;24906;24504;48050
evaluation,2002,93120;77464;36387;23214;10540;50190;3668;27138;13152;9592
evaluation,2003,97838;99224;99123;35592;20098;81338;33416;30316;52266;78858
evaluation,2004,71671;9486;88944;19828;9104;39006;31242;9590;26810;52030
evaluation,2005,39006;532;19714;39657;588;19562;31242;115;29582;1072
evaluation,2006,90635;24906;39576;78164;64986;11702;51546;56728;83552;88748
evaluation,2007,88748;76764;83398;39419;78164;4708;39576;31510;32476;22494
evaluation,2008,89932;94748;90148;98376;75176;10720;632;41830;31510;39419
evaluation,2009,8982;12738;64320;31152;8708;26052;19208;1788;57410;2920
evaluation,2010,57920;66560;22893;13182;41472;15282;39618;31618;77464;5498
evaluation,2011,32716;300;590;59770;59414;10998;8982;9392;26124;234
evaluation,2012,68916;48216;47618;26364;5354;78380;5676;6224;7418;26570
evaluation,2013,36030;62213;48420;71406;10052;68945;54016;31456;88676;24259
evaluation,2014,1276;81038;17778;9750;91864;552;40608;63880;33786;3434
evaluation,2015,71043;56728;78164;64986;47430;48050;33222;24906;62104;39576
evaluation,2016,90602;4708;4536;98194;90635;57876;29122;71108;56358;25514
evaluation,2017,64986;11702;88748;51546;90635;8336;24906;63862;11704;71108
evaluation,2018,9940;57164;4952;19510;71788;89024;9750;65556;66364;5428
evaluation,2019,89232;17368;51546;32476;39419;78164;6910;97662;22494;28122
evaluation,2020,754;512;48242;24652;6767;94304;13848;33560;3042;34706
evaluation,2021,33556;13958;522;15464;78130;90;93030;41092;71502;74050
evaluation,2022,83702;14150;84164;3110;48216;24652;19767;9438;43814;35572
evaluation,2023,75128;74010;75920;5684;71492;56168;8814;74116;15363;15360
evaluation,2024,17368;51546;39418;56312;22494;97662;31584;90635;62322;61208
evaluation,2025,724;90605;49174;1268;36172;37602;3039;69662;43658;7138
evaluation,2026,42076;18814;84162;40494;90013;32020;98166;16264;51448;31080
evaluation,2027,90635;71043;78164;88748;11702;22494;63862;13252;632;50208
evaluation,2028,80638;98210;98376;10646;10720;29410;83533;2652;39296;87370
evaluation,2029,97294;28900;70214;32750;37228;70288;91580;7226;86378;880
evaluation,2030,19828;93094;7724;3812;26810;8138;88944;15278;16420;5912
evaluation,2031,4934;36862;22078;41564;83412;41866;54640;69798;91992;59536
evaluation,2032,6794;2536;4952;6616;887;24259;410;5428;5466;3704
evaluation,2033,90148;94748;75176;62912;56786;87370;89932;10646;632;39418
evaluation,2034,55450;66098;81268;1695;24043;10116;83194;52452;56112;87554
evaluation,2035,15464;33556;58584;574;13712;55150;78130;41092;13958;76628
evaluation,2036,37356;41536;1240;47084;6496;9826;62213;29402;27910;3742
evaluation,2037,69164;77080;53651;3662;90534;34814;31302;2967;89548;95582
evaluation,2038,6536;3264;93798;19128;51392;98636;67336;40620;44788;14992
evaluation,2039,97662;17368;89232;39576;32294;41068;97673;46748;56312;90476
evaluation,2040,3110;32936;18320;78380;392;19767;60596;19828;99796;18814
evaluation,2041,2652;97806;1422;97259;8451;39296;64986;13892;3020;13252
evaluation,2042,86378;13886;26412;1118;14012;3450;48392;1002;97228;6886
evaluation,2043,90635;11702;88748;83552;78164;8276;4708;94214;90476;57920
evaluation,2044,47084;9826;880;41536;37356;13722;70200;72334;10444;63538
evaluation,2045,50190;10540;77464;36387;93120;13152;29330;1788;58762;34718
evaluation,2046,95318;29594;91172;99654;4934;42218;35058;34026;14550;27124
evaluation,2047,82350;65370;82920;25126;25102;32160;89894;32120;16116;50491
evaluation,2048,68916;47618;78380;48216;5354;7418;59280;6224;55641;11828
evaluation,2049,19852;16080;33492;68262;49302;47940;4762;85128;48782;18726
evaluation,2050,38928;31950;74328;22144;6536;36172;11938;47707;26556;18726
evaluation,2051,42248;90522;2540;34628;49252;9160;9712;732;73730;26164
evaluation,2052,97102;51154;29722;97268;58172;55338;39488;86396;28393;3944
evaluation,2053,622;37282;76628;80434;14114;52764;60188;39760;15464;36545
evaluation,2054,25578;25976;21420;20774;3594;25168;4383;4728;2314;1394
evaluation,2055,34454;53190;59807;96944;53398;1248;53208;3166;68932;23754
evaluation,2056,86378;13886;26412;14012;48392;22499;94501;1118;69432;62902
evaluation,2057,16420;16952;39192;61967;3928;4934;47278;76492;43594;19948
evaluation,2058,17368;94748;78164;51546;39419;90476;22494;39418;84324;2734
evaluation,2059,19828;93094;7724;26810;968;1332;3864;8138;54556;68136
evaluation,2060,37282;6536;64658;54086;43658;724;64412;36888;29734;8712
evaluation,2061,9828;66606;78994;18028;92786;1494;5256;20912;35124;21886
evaluation,2062,71934;3040;93798;48400;98636;3264;47926;88676;1588;31850
evaluation,2063,88748;71043;63862;48050;56786;16406;78164;11702;39576;50208
evaluation,2064,6326;35572;93546;19767;32020;31080;32936;72499;45237;18814
evaluation,2065,41528;64736;8016;2062;1402;1396;78232;90522;10855;96169
evaluation,2066,1215;94616;2989;15884;37080;93969;31868;4169;25102;60254
evaluation,2067,90534;69164;74256;98102;31302;34814;53651;38016;4594;4514
evaluation,2068,28154;21090;1083;1084;29496;21320;40802;90013;16264;259
evaluation,2069,754;512;6767;48242;96238;24652;78936;15282;64320;0
evaluation,2070,15464;574;25296;58584;41092;522;28376;55150;33556;74050
evaluation,2071,66330;23894;120;98080;92410;13598;92670;74010;75128;5258
evaluation,2072,90534;98102;74256;69164;34814;4594;4514;38016;99476;19344
evaluation,2073,75404;18805;89590;28282;77306;6156;93312;7913;45638;9994
evaluation,2074,6824;26528;6440;21712;93860;13888;13310;96103;496;32584
evaluation,2075,99796;93312;8044;65981;3110;32936;392;19828;67048;50256
evaluation,2076,30870;28920;27996;292;72294;47642;14726;98960;42678;19546
evaluation,2077,97292;93312;4494;18786;308;90786;32584;26810;11758;89590
evaluation,2078,59807;60112;612;39488;33416;13466;54544;34454;22302;26556
evaluation,2079,47098;47012;28281;14060;58484;8032;96394;90534;91970;98102
evaluation,2080,8500;27878;69606;2982;91242;1940;47096;180;10814;82836
evaluation,2081,87540;39488;18768;21448;78294;32716;97102;20952;99702;47200
evaluation,2082,3444;99702;25069;77036;20830;39642;27672;97102;25144;97516
evaluation,2083,33492;75986;23338;39488;32466;26556;9388;20350;24728;13242
evaluation,2084,90534;38016;34814;69164;77080;74256;99476;22784;98102;34940
evaluation,2085,96822;1155;51792;16448;1094;2536;15205;29266;84776;65646
evaluation,2086,41564;98439;40338;15048;68932;6538;80850;2784;702;20774
evaluation,2087,19828;26810;7472;88944;3812;96169;64026;5912;3438;9590
evaluation,2088,31850;31950;37602;54538;36172;74328;35968;38928;2774;28594
evaluation,2089,5766;55450;89944;1695;18018;39401;4416;39117;56112;91580
evaluation,2090,4688;89798;90013;98166;98476;26862;2982;37602;40494;6152
evaluation,2091,28930;58894;6366;75336;29116;21902;10052;90974;62250;40552
evaluation,2092,754;512;48242;6767;24652;62738;33560;94304;62124;7798
evaluation,2093,21516;78994;24650;6396;16215;16264;66606;29496;47092;79296
evaluation,2094,41564;40338;14171;11716;2868;16080;81398;20774;15048;98439
evaluation,2095,6006;27818;80668;92321;10528;7150;2706;19768;13514;97108
evaluation,2096,2068;98102;25600;69164;99476;97959;99516;19510;2967;65880
evaluation,2097,18805;18238;29250;12242;44166;30629;28510;79320;73644;26350
evaluation,2098,18646;74050;66908;15464;76816;39488;38090;51104;68945;23338
evaluation,2099,17368;78164;94748;39419;21636;39418;83398;28900;13252;90476
evaluation,2100,71108;29122;12738;56786;56358;56728;98194;84418;56312;5498
evaluation,2101,68916;48216;47618;5354;26364;78380;11828;7418;5676;32936
evaluation,2102,75986;68262;1684;74194;71963;9712;49252;33492;63170;71718
evaluation,2103,31412;2190;26052;33838;9356;26780;85110;85388;57920;90712
evaluation,2104,86891;97790;45102;27434;15363;148;21260;18872;2080;102
evaluation,2105,96238;94304;90786;46516;20774;39220;62364;31234;65998;16616
evaluation,2106,86378;26412;13886;48392;94501;14012;69432;1118;62902;3450
evaluation,2107,37356;9826;41536;32554;880;47084;11716;93232;65393;24476
evaluation,2108,48050;39419;88748;6136;18706;22494;24906;39576;17368;11702
evaluation,2109,11108;26412;1434;2290;77426;22499;1118;69432;2570;77702
evaluation,2110,19767;87902;21162;3746;51448;31080;21516;47092;42716;46412
evaluation,2111,68916;48216;5354;47618;78380;26364;6420;96822;32936;6224
evaluation,2112,15363;97790;27434;45102;148;2080;15360;98584;39212;75920
evaluation,2113,98588;86723;22132;63498;102;25778;6554;11108;4836;234
evaluation,2114,9826;37356;41536;47084;32554;23702;29402;69536;21420;40062
evaluation,2115,51792;15205;2092;63472;10855;64736;14604;41528;29028;4740
evaluation,2116,7284;31584;59964;87370;99952;97259;42062;98210;90148;632
evaluation,2117,88748;50208;22494;83398;5020;17368;39576;74808;24906;78164
evaluation,2118,68916;55641;55310;48216;47618;78392;59280;78380;136;6420
evaluation,2119,58240;30640;78994;80744;48400;66606;47092;11960;32112;63958
evaluation,2120,32112;80744;780;80858;78994;30640;58240;910;81070;1424
evaluation,2121,6554;63498;98588;25778;13868;22132;1118;6648;4836;9951
evaluation,2122,96822;15205;14604;51792;9160;38090;89658;62756;27042;12070
evaluation,2123,76764;88748;83398;39419;31510;78164;32294;97662;24906;48050
evaluation,2124,11702;88748;22494;90635;4708;17368;63862;97662;78164;48050
evaluation,2125,98210;632;90148;5862;98376;75176;13252;90108;1422;34916
evaluation,2126,47012;91992;47098;2996;2267;95904;51372;42320;44544;19760
evaluation,2127,39419;96473;23380;48360;23702;98194;56564;10062;21694;22494
evaluation,2128,6136;56786;69356;56336;17368;2280;5498;472;39419;51546
evaluation,2129,89932;87370;31584;59964;632;88748;94748;31510;5836;90148
evaluation,2130,47618;78380;68916;48216;69794;55641;5354;26528;48690;26364
evaluation,2131,24712;29858;48140;98690;33556;3646;62266;85884;58578;724
evaluation,2132,66330;23894;98080;75920;74010;120;92410;1574;46532;75128
evaluation,2133,29402;86378;6886;880;6150;27076;22499;26412;14012;13886
evaluation,2134,74256;34814;88660;29716;1098;19828;86870;49202;39488;274
evaluation,2135,37356;9826;32554;41536;880;65393;24476;3742;47084;13722
evaluation,2136,18388;51546;82044;13892;39418;13252;24906;64986;632;91164
evaluation,2137,89932;3994;80638;49986;34916;94748;16208;62912;81145;46752
evaluation,2138,1094;58506;47264;20446;18262;49302;57962;9762;49056;39404
evaluation,2139,6420;6824;39509;5946;48690;3110;3136;9762;2078;5618
evaluation,2140,25296;33556;1386;6824;6244;13718;52764;574;55150;23674
evaluation,2141,18640;99678;2318;20302;4946;82328;1826;48752;25554;5642
evaluation,2142,48576;4908;5620;6150;5104;5820;46000;25076;46252;42306
evaluation,2143,18726;31850;18602;65581;4169;1248;97786;29126;81522;69662
evaluation,2144,89932;94748;90148;34916;3994;62912;13252;49986;24434;75176
evaluation,2145,94954;49120;28536;37636;37228;39286;56930;57078;26198;81085
evaluation,2146,15464;76628;522;33556;48610;5508;574;22784;41092;80434
evaluation,2147,35836;48752;80708;18238;11916;7391;8290;28260;46058;30579
evaluation,2148,83088;2652;98210;98960;83412;80638;99952;98376;62912;81145
evaluation,2149,17770;12694;21636;8990;2050;13986;27996;15836;13896;15102
evaluation,2150,29402;6886;27076;40338;48392;77702;22499;26412;86378;14012
evaluation,2151,2734;20360;78164;90476;17368;51546;22499;24906;32476;83398
evaluation,2152,75176;98376;89932;632;13252;94748;90148;87370;10720;5862
evaluation,2153,78994;82700;42716;21162;86082;88846;89658;48198;540;87902
evaluation,2154,47618;68916;55641;78380;48216;69794;26528;5354;59280;55310
evaluation,2155,66330;47707;92670;12968;23894;5258;20406;75920;2444;84340
evaluation,2156,5946;19767;48690;40802;28032;2660;18814;92854;16264;84162
evaluation,2157,19990;96944;16952;702;60;27626;16420;14550;7914;1248
evaluation,2158,1098;17902;74256;66172;96238;54908;34860;590;34814;3352
evaluation,2159,16952;96944;19990;702;27626;16420;14550;60;1248;42618
evaluation,2160,1968;54466;97516;17626;4116;31816;316;4243;6716;50852
evaluation,2161,56728;88660;48360;84418;39418;71108;78164;56786;74050;39296
evaluation,2162,6886;48392;29402;584;86378;880;27076;69432;14012;89252
evaluation,2163,31412;78164;15464;56728;81768;7696;22282;39296;14780;2652
evaluation,2164,97259;97806;41472;99952;2652;20662;90148;1422;73778;39296
evaluation,2165,28376;41092;75858;684;48420;55150;30232;71694;36348;83956
evaluation,2166,68916;47618;48216;5354;26364;78380;1247;6420;924;48690
evaluation,2167,19852;164;28676;49302;68262;87554;16080;31550;33492;16116
evaluation,2168,62944;84812;89916;90605;7150;13848;10528;19768;92354;13514
evaluation,2169,9104;3812;96169;71671;9590;28286;9486;7472;26810;88944
evaluation,2170,22494;97662;39419;89232;48360;4708;56786;32294;76764;11702
evaluation,2171,6554;24476;1434;1392;11108;582;1118;2290;77702;4836
evaluation,2172,28376;41092;57514;33556;70642;684;10528;2538;20936;37602
evaluation,2173,69394;6066;15464;522;41092;90;13712;13958;10310;78130
evaluation,2174,45174;65584;27124;33638;85584;3140;32719;1615;64068;17494
evaluation,2175,38532;45875;72932;45026;90056;23124;87800;29880;34566;334
evaluation,2176,2660;28032;48690;92854;98166;90013;32754;68114;6894;18240
evaluation,2177,88670;84164;6420;47618;6851;6824;6224;6244;83702;18814
evaluation,2178,39192;26356;47278;5086;86510;20912;358;62756;9916;88788
evaluation,2179,46797;54640;62528;59882;12314;97962;12426;53586;72814;73070
evaluation,2180,52224;80572;96344;20814;4856;29810;45305;41528;11220;8502
evaluation,2181,17502;17770;26514;8990;4416;27158;6614;21636;37476;18610
evaluation,2182,91242;17376;44544;5428;92890;38326;27672;14218;8484;25794
evaluation,2183,88670;84164;83702;6420;47618;48690;6824;51448;6244;83854
evaluation,2184,1060;5272;70630;8938;23674;1410;36098;28286;9908;56460
evaluation,2185,93922;59807;60112;86870;34454;612;54544;15612;99702;81768
evaluation,2186,17778;20744;5280;33354;33700;4250;3548;33786;14454;19040
evaluation,2187,11702;88748;63862;90635;4708;59461;64986;1088;62322;71043
evaluation,2188,81268;50031;55450;24043;66098;28456;50439;4416;10116;56112
evaluation,2189,39760;56106;11808;83840;14114;16080;68798;78928;96854;92410
evaluation,2190,11702;88748;4708;90635;63862;64986;78164;39576;8276;31510
evaluation,2191,64986;56728;8812;66866;2652;24906;1422;8336;5836;77804
evaluation,2192,81145;74006;60858;49986;83412;99952;87370;62912;46752;80638
evaluation,2193,31594;32129;13386;18278;87894;2144;29220;31698;36825;29338
evaluation,2194,76460;13182;8982;16406;26052;71020;472;66800;56358;98960
evaluation,2195,3020;23890;39296;23214;2996;13892;80040;3668;15282;92786
evaluation,2196,94748;89932;90148;98376;75176;31584;98210;10720;13252;90108
evaluation,2197,69356;88748;6910;48050;32476;66800;90108;75452;6136;97662
evaluation,2198,88748;39419;17368;48050;89232;12756;32476;78164;18388;11702
evaluation,2199,78164;97662;90476;17368;49297;472;76764;89232;6910;18388
evaluation,2200,9332;3262;13500;2398;13252;5862;17770;30870;8336;27996
evaluation,2201,24906;51546;5836;77804;67287;78164;32476;66866;39576;2652
evaluation,2202,97662;32476;9784;98194;23380;39576;47896;33270;34393;39102
evaluation,2203,32294;50208;39576;76764;51546;18706;22494;22499;39419;13252
evaluation,2204,24906;11702;62104;32814;66866;90635;51546;91164;39576;77804
evaluation,2205,83904;24906;90635;88748;97488;21911;6136;63862;47896;32476
evaluation,2206,51546;88748;71043;90635;78164;64986;23702;56728;39576;11702
evaluation,2207,32814;66866;47430;65696;62738;34718;50382;56728;46080;16612
evaluation,2208,90635;23380;29410;62738;13152;63084;48714;47896;12686;41068
evaluation,2209,87590;19546;37800;6886;1118;13868;22499;45770;39419;31709
evaluation,2210,1088;17368;56786;4708;33222;78164;57868;39576;12738;71043
evaluation,2211,50031;81268;55450;24043;66098;28456;10116;50439;4416;89944
evaluation,2212,16116;71330;45875;28190;5086;27818;96246;22749;25442;73730
evaluation,2213,17778;77480;20744;5280;3548;4242;1900;12535;9426;1430
evaluation,2214,99796;8044;93312;3110;65981;32936;392;19828;67048;78392
evaluation,2215,52750;5280;4250;1236;95274;91864;1430;33700;17778;12854
evaluation,2216,69164;2068;98102;90534;2967;58484;25600;65880;61616;75834
evaluation,2217,483;52452;6346;90410;584;55450;4383;45770;6886;80664
evaluation,2218,71043;472;79516;12738;31202;25514;30704;33270;29122;2188
evaluation,2219,75176;89932;10720;2652;5862;85388;33222;10646;1422;39418
evaluation,2220,3020;34916;46752;2996;10276;13892;31012;2652;17458;81145
evaluation,2221,724;1268;49174;90605;18775;35124;83088;2026;7138;49302
evaluation,2222,19852;4762;20936;18364;58240;18726;68262;33492;49302;29126
evaluation,2223,83702;14150;13212;3110;5946;9438;48216;24652;47926;5354
evaluation,2224,15224;12242;18805;8484;84806;76738;89918;13067;8676;31379
evaluation,2225,6538;87540;53672;23570;64882;27814;44442;93854;57710;23754
evaluation,2226,27456;25126;32160;34504;8786;82920;50491;57884;32120;32384
evaluation,2227,17502;17770;26514;8990;18610;27158;37476;18330;6614;13712
evaluation,2228,37636;56930;49120;94954;37228;39286;26198;70131;28536;57078
evaluation,2229,54086;41770;11828;97120;5676;6712;96422;25898;22816;94322
evaluation,2230,57048;2774;94560;46516;54258;95586;78130;56370;13712;74260
evaluation,2231,5626;74256;73850;536;43768;39398;31618;54908;2984;52030
evaluation,2232,21436;21490;22960;3154;1046;4264;16850;14962;33296;4300
evaluation,2233,910;73112;74050;31456;36030;9378;68945;48538;64522;69708
evaluation,2234,702;16952;19990;16420;7914;60;65581;1248;27626;33416
evaluation,2235,45102;50290;60650;69794;13703;148;256;18872;5676;29788
evaluation,2236,1146;5174;92286;65646;65998;11142;28816;2098;118;88130
evaluation,2237,81085;77109;87297;47720;45688;6132;56930;37636;23594;56162
evaluation,2238,71043;16406;88748;3670;63862;24906;48050;24616;8276;17368
evaluation,2239,24043;31790;18018;39401;55450;1695;39117;56112;7426;66098
evaluation,2240,99952;97259;97806;49986;20662;13892;17048;81145;1422;16208
evaluation,2241,10720;1148;11194;80638;90712;23214;98210;13892;11476;39296
evaluation,2242,88748;83398;76764;39419;31510;4708;97662;24504;22494;32294
evaluation,2243,41092;28376;33556;684;83956;14152;70642;57514;75858;10528
evaluation,2244,23790;22144;19132;92410;18602;92670;74328;4169;38928;17508
evaluation,2245,57048;2774;46516;94560;54258;78130;95586;74260;26514;56370
evaluation,2246,10988;92286;9616;654;43600;25144;19260;99838;18800;3154
evaluation,2247,71934;3264;3040;48400;93798;47926;98636;31850;94034;23092
evaluation,2248,77368;84162;97120;46412;59667;39509;21320;18330;29674;48690
evaluation,2249,75986;68262;33016;36098;1684;56460;63170;44154;1410;23674
evaluation,2250,86378;13886;25578;26412;6150;80664;43768;22499;25076;584
evaluation,2251,55450;50031;24043;10116;66098;81268;5080;28456;5766;31790
evaluation,2252,15200;9074;23338;9388;15224;1968;17778;21958;59410;68056
evaluation,2253,68916;48216;47618;26364;78380;924;5354;55641;5676;6420
evaluation,2254,46412;8648;84162;7804;47758;18330;97120;13718;39509;31080
evaluation,2255,10426;89042;48026;76644;76672;79794;91884;14812;6660;38536
evaluation,2256,56112;66098;31790;55450;81268;83194;24043;22090;88670;68916
evaluation,2257,77109;81085;87297;45688;6132;37636;56162;15282;2984;98210
evaluation,2258,96822;2092;29266;15205;75582;26298;31974;4740;3946;51792
evaluation,2259,45102;60650;50290;71492;69794;29788;13703;98924;148;18872
evaluation,2260,754;13848;94304;7798;48242;512;20208;24652;62738;96238
evaluation,2261,72940;29888;84776;34504;12;9948;33492;896;78232;51884
evaluation,2262,15205;2092;20974;51792;64736;63472;14604;75582;71834;49080
evaluation,2263,26810;96238;19828;94065;93312;91970;3812;77228;96169;88944
evaluation,2264,3668;32340;1080;54010;37356;29402;13722;72334;63538;99036
evaluation,2265,86378;13886;26412;25578;80664;3742;29402;1695;880;19146
evaluation,2266,47896;84324;97662;88748;11702;4708;78164;90635;71108;88660
evaluation,2267,58584;574;66467;76628;41092;15464;55150;56155;33556;78130
evaluation,2268,21712;62944;71694;92321;7150;97108;15716;89916;10528;7410
evaluation,2269,50512;85138;69394;89536;25069;72990;21902;55362;73044;58602
evaluation,2270,45102;60650;50290;69794;71492;18872;148;98924;13703;29788
evaluation,2271,3792;398;85584;18640;68166;410;41422;12211;40714;47098
evaluation,2272,77109;81085;87297;47720;56162;56930;10960;98210;45688;6132
evaluation,2273,31379;44446;398;16114;26350;259;17494;1098;55641;19510
evaluation,2274,13252;17368;12694;17770;13986;78164;94748;632;21636;51546
evaluation,2275,65370;32160;34504;13154;32120;78402;82350;89894;25126;50491
evaluation,2276,68916;48216;47618;5354;26364;78380;1247;6420;924;11828
evaluation,2277,37282;18726;83840;4762;4169;14992;65160;64354;88676;20936
evaluation,2278,90532;34628;42248;49202;20350;29716;2814;57378;30672;7336
evaluation,2279,63949;64484;97962;24728;52504;47402;10850;24216;59882;1382
evaluation,2280,45102;60650;50290;69794;148;256;12738;18872;5676;14132
evaluation,2281,4960;4946;45206;96150;58602;53912;53592;53292;11528;9696
evaluation,2282,45875;38532;72932;23124;90056;45026;87800;29880;45341;334
evaluation,2283,6886;43814;61190;84324;85412;45770;8451;8812;60172;98376
evaluation,2284,68916;55310;55641;59280;47618;48216;26364;5354;78380;924
evaluation,2285,13212;9762;92358;5946;34536;26104;18320;18775;80668;10310
evaluation,2286,26364;11828;5618;5676;6788;6224;32936;30650;18330;6712
evaluation,2287,55310;55641;68916;59280;9948;136;11716;86891;2380;54282
evaluation,2288,16622;30629;1366;35836;16128;1098;73882;30760;17778;5572
evaluation,2289,18532;17864;16493;63404;45698;14024;8604;64626;97930;56936
evaluation,2290,93798;6536;3264;80434;19128;71540;52764;98636;3040;65160
evaluation,2291,17864;14024;16493;63404;45698;18532;16264;17956;64626;56012
evaluation,2292,93798;71934;3040;3264;98636;48400;88676;31850;1588;47926
evaluation,2293,45206;11528;442;74800;46058;4276;41378;9696;16574;96150
evaluation,2294,77326;10682;87388;98730;36592;60662;9592;80572;77510;63880
evaluation,2295,24043;39401;66098;18018;28456;89944;39117;91580;10116;55450
evaluation,2296,35836;1366;12290;11916;7391;3662;58776;31627;74256;86686
evaluation,2297,89932;94748;75176;90148;34916;3994;16208;98376;10720;54964
evaluation,2298,61190;79576;54282;84340;65646;1146;10596;48048;5174;259
evaluation,2299,89932;90148;98376;94748;10720;75176;632;13252;31510;93488
evaluation,2300,12864;57596;58776;63242;41422;87388;18640;66172;12211;1826
evaluation,2301,55450;1695;81268;7426;66098;66106;56112;18018;10116;24043
evaluation,2302,27886;17770;5862;4416;41536;56162;97294;12694;6614;48360
evaluation,2303,26810;88944;19828;5912;3812;71671;9486;93094;7472;22650
evaluation,2304,86574;702;16420;60;80952;76816;16952;24326;95318;93448
evaluation,2305,45102;60650;50290;148;69794;18872;62322;14132;13386;256
evaluation,2306,45206;4276;74800;46058;11528;96150;16574;41378;7391;9696
evaluation,2307,44954;45026;38532;30359;95606;85676;406;51596;45174;45930
evaluation,2308,81382;6851;9762;56766;75858;21516;49056;88670;57962;39624
evaluation,2309,17770;41536;56162;5862;97294;17502;65332;6614;1695;10850
evaluation,2310,66098;81268;55450;56112;83194;18018;10116;83264;5080;50031
evaluation,2311,6136;83904;41068;66560;69356;76232;4708;48360;22494;33222
evaluation,2312,21694;10062;32750;7226;37228;70131;79646;39286;70288;91580
evaluation,2313,24652;3558;512;754;48242;13848;12964;94304;60596;7798
evaluation,2314,10998;90;58584;15464;2080;24690;27434;57514;23210;56155
evaluation,2315,97120;13958;77368;14770;39509;29674;1080;522;18330;59667
evaluation,2316,28376;41092;75858;684;40802;21320;58894;21162;21516;540
evaluation,2317,2026;54802;4169;7150;54908;684;10528;71694;28456;45206
evaluation,2318,6536;88460;94034;77579;91637;98636;98012;90256;93798;41866
evaluation,2319,12854;53476;98636;14580;71934;2080;4118;924;66680;57164
evaluation,2320,17502;1962;13500;17770;9826;8990;27158;5862;69432;97294
evaluation,2321,91580;32750;14072;22282;81268;37228;11874;35032;7226;57078
evaluation,2322,68916;47618;48216;26364;5354;78380;924;30650;5618;6224
evaluation,2323,21694;10062;91580;37228;39286;70131;7226;79646;32750;27266
evaluation,2324,29874;22499;25578;25076;584;6150;31412;80664;880;26412
evaluation,2325,78532;75452;75118;50208;34718;47720;39486;28122;45688;32554
evaluation,2326,20350;26810;90532;42248;34628;8138;9958;7648;3928;30672
evaluation,2327,612;21470;59807;97838;22302;60112;97786;86870;73112;24592
evaluation,2328,71043;63862;88748;48050;16406;39576;24906;78164;11702;24616
evaluation,2329,424;47971;2054;29250;14550;29490;77100;69568;38178;76944
evaluation,2330,32750;10062;21694;79646;7226;37228;70131;70288;87297;94748
evaluation,2331,21515;39509;71694;1071;10528;69510;8604;26104;19768;7150
evaluation,2332,49297;36600;97389;5020;10720;90694;5820;38952;65393;20232
evaluation,2333,216;34916;24160;63534;7922;23570;44544;7954;2267;72990
evaluation,2334,12910;36390;1260;27780;28821;97838;36030;45600;70662;44788
evaluation,2335,84164;88670;6420;47618;6851;83702;48690;78380;6824;2660
evaluation,2336,35592;1071;30316;35832;18430;12744;1472;83264;36390;97838
evaluation,2337,442;26810;7648;91118;4594;5212;74256;86686;1348;71904
evaluation,2338,68916;48216;47618;5354;26364;30650;5618;11828;32936;26570
evaluation,2339,96422;18814;51448;36480;31080;16264;1424;1442;6152;35812
evaluation,2340,17770;17502;4416;13500;27886;12694;26514;27158;89944;69432
evaluation,2341,2570;9464;8190;13896;6554;6614;13500;3754;16208;12008
evaluation,2342,65370;82350;25102;89894;25126;82920;85884;50491;30642;32384
evaluation,2343,10998;300;32716;90;21484;234;94616;24690;23210;82920
evaluation,2344,88944;3812;30070;96169;19828;26810;1348;23338;7724;52030
evaluation,2345,29594;95318;68842;96246;3472;3032;1444;40971;70024;27124
evaluation,2346,91580;50070;57078;90410;35000;37228;39286;7226;86654;99020
evaluation,2347,49120;28536;94954;37228;12120;57078;13342;26198;28900;72190
evaluation,2348,9730;45178;73112;68078;58584;31456;532;70642;7804;13718
evaluation,2349,17502;17770;13500;4416;27886;89944;27158;12694;97294;26514
evaluation,2350,10062;32750;21694;79646;7226;37228;70131;87297;70288;39286
evaluation,2351,45341;96238;74256;94304;30760;3812;7913;7472;89918;87554
evaluation,2352,90532;20350;23674;76816;9958;23338;34628;2035;34814;49202
evaluation,2353,93094;19828;7724;67048;8138;16420;65981;24592;8044;88944
evaluation,2354,78590;24581;38928;98476;10708;1382;47707;40802;22144;12744
evaluation,2355,75986;68262;57048;16080;5788;33492;34226;23112;7366;76074
evaluation,2356,31264;7988;95621;59502;60662;87388;80112;77326;56582;6204
evaluation,2357,32750;91580;10062;7226;37228;21694;39286;27266;87297;90410
evaluation,2358,55450;66098;81268;10116;83194;1695;5080;56112;18018;24043
evaluation,2359,34814;90534;77080;74256;1098;12211;75834;35836;45341;98102
evaluation,2360,48690;2660;92854;5946;28032;8648;19767;18814;40494;30758
evaluation,2361,1146;21280;47926;3174;57756;71646;68114;80286;5174;6851
evaluation,2362,69562;59132;896;79576;49396;84776;37476;84340;72940;48140
evaluation,2363,49396;84776;896;69562;59132;79576;84340;35476;37476;57566
evaluation,2364,46142;33556;52764;41092;58584;76628;57514;95268;66467;83956
evaluation,2365,82920;50491;25126;32160;34504;89894;65370;8786;32120;78402
evaluation,2366,30640;18262;70662;8524;79792;4169;39314;21888;42306;79296
evaluation,2367,10998;300;32716;21484;90;234;78402;59770;24690;10316
evaluation,2368,45102;60650;50290;69794;18872;12738;148;32020;7418;46412
evaluation,2369,39314;68590;45698;27662;65581;55806;8604;26182;14992;98636
evaluation,2370,6767;35968;74196;34011;10310;77350;17508;41162;88014;96912
evaluation,2371,70131;26550;9034;51546;26682;75452;54190;98194;90786;31412
evaluation,2372,6136;66560;3670;69356;33222;48360;24616;98194;41068;5498
evaluation,2373,16622;1366;16128;30629;15924;1098;35836;73882;98806;5572
evaluation,2374,45875;23124;72932;90056;38532;29880;87800;45026;45341;51596
evaluation,2375,93798;98636;27662;71934;95268;17106;36917;3040;23092;47926
evaluation,2376,39509;81382;75858;48690;68916;16026;6851;47618;48216;32754
evaluation,2377,16116;71330;28190;27818;25442;45875;5086;36385;96246;57388
evaluation,2378,65998;87755;10596;39642;9104;5626;66982;3944;49056;9948
evaluation,2379,86396;10290;51596;26570;412;49038;20912;9940;9491;19002
evaluation,2380,5498;13182;29152;56336;34393;21886;41068;94748;37420;29410
evaluation,2381,84340;79576;84776;59132;896;1268;47642;3646;9676;43658
evaluation,2382,98584;77730;94065;77252;21260;97790;11568;46252;78728;76996
evaluation,2383,3662;35836;95582;1366;17824;7391;31627;86686;31264;12290
evaluation,2384,38248;12211;9890;45174;1098;57596;12290;11574;7734;3926
evaluation,2385,2290;1736;1118;1434;2570;582;1392;26412;8190;6594
evaluation,2386,10062;7226;90410;79646;21694;37228;32750;70131;79358;90602
evaluation,2387,21886;13182;83904;29152;47896;56564;6136;34393;5498;78164
evaluation,2388,78532;75452;32750;45688;75118;34718;50208;28122;7226;91580
evaluation,2389,91582;31132;26052;13182;36258;472;17458;56336;23380;41472
evaluation,2390,87297;77109;56162;81085;47720;2984;21694;13304;622;45688
evaluation,2391,41068;46748;22494;48360;39576;56786;98194;25612;6136;97662
evaluation,2392,79516;71108;13182;472;56358;65562;30704;25514;4536;12756
evaluation,2393,68916;48216;5354;47618;26364;11828;5676;30650;78380;32936
evaluation,2394,93798;3040;71934;98636;48400;47926;3264;94034;16616;1588
evaluation,2395,19767;47092;21162;21516;3746;27572;71646;51448;28032;75858
evaluation,2396,5946;8648;39509;40802;19767;64412;6224;6420;48690;92358
evaluation,2397,95268;90013;2654;89798;3039;5628;28032;59280;12872;37602
evaluation,2398,32750;70288;39286;56930;10062;7226;37228;91580;21694;76944
evaluation,2399,32160;25126;32120;50491;34504;89894;65370;8786;82920;82350
evaluation,2400,77326;10682;87388;98730;36592;9592;60662;77510;63880;80572
evaluation,2401,77100;29250;29490;424;14550;38178;42618;47971;42320;7004
evaluation,2402,31379;16114;44446;26350;398;64626;798;64522;84806;41422
evaluation,2403,68136;26164;24728;3640;87336;24216;1444;2814;3878;9712
evaluation,2404,32750;70288;39286;70214;91580;3886;57078;28900;56930;25514
evaluation,2405,96246;69801;25442;73730;28190;96103;26970;26570;50491;16116
evaluation,2406,48782;77100;42618;29250;424;76944;47971;14550;50186;27626
evaluation,2407,15363;97790;75920;148;15360;27434;45102;2080;98584;76996
evaluation,2408,71108;1088;12756;5498;18706;90602;13182;33222;26312;7575
evaluation,2409,66098;25002;66106;19961;584;18018;83264;56112;10116;52452
evaluation,2410,87297;77109;56930;47720;81085;45688;70288;48154;10720;10960
evaluation,2411,56460;17632;15419;22844;44702;42248;29722;9712;85552;22302
evaluation,2412,28376;41092;76628;98636;910;15464;33556;574;39760;57514
evaluation,2413,23092;73026;66680;60388;68114;41010;792;53476;40806;40620
evaluation,2414,69794;11960;14132;21280;6042;37080;26364;5676;3600;44450
evaluation,2415,89232;98194;56358;56786;4708;12738;24616;41068;39419;472
evaluation,2416,63862;11702;71043;90476;88748;8276;1088;50208;17368;22494
evaluation,2417,94242;27386;29858;88676;34011;3646;31456;27107;36917;22749
evaluation,2418,11308;67668;34393;15612;298;52638;21286;98532;55134;2194
evaluation,2419,14132;69794;11960;21280;6042;3600;44378;44450;37080;26364
evaluation,2420,5498;24616;41068;84324;472;13182;12756;71108;56336;33222
evaluation,2421,3670;33222;66560;69356;6136;56786;56728;12738;48360;94748
evaluation,2422,31850;37282;36390;62944;4169;14992;88676;2026;7150;88460
evaluation,2423,80112;6204;7988;48782;75576;96344;20814;77326;5788;82770
evaluation,2424,31850;37602;31950;54538;35968;2774;50646;36172;28594;74328
evaluation,2425,97662;17368;22494;32294;32476;88748;89232;83398;48050;76764
evaluation,2426,5498;13182;4708;71108;32476;78164;56786;41068;48360;94748
evaluation,2427,28376;41092;27780;74050;684;910;20912;36030;58240;56155
evaluation,2428,89658;86082;88846;87902;42716;8042;2316;82700;78994;21320
evaluation,2429,18726;14160;19128;43308;88676;24652;37282;23790;38928;7150
evaluation,2430,48420;64522;47758;24581;14770;88676;910;51104;16114;94242
evaluation,2431,87297;77109;48154;56162;47720;81085;56930;13304;632;37636
evaluation,2432,56930;37636;45688;32750;87297;97389;10062;70214;49120;70288
evaluation,2433,19852;16080;5788;68262;31550;49302;47971;69568;89834;27456
evaluation,2434,10998;300;32716;21484;24690;234;82920;90;43918;94616
evaluation,2435,69794;14132;11960;21280;6042;37080;3600;44378;44450;3640
evaluation,2436,48360;41068;56786;89232;6136;22494;76764;98194;71108;46748
evaluation,2437,19852;16080;12854;31550;68262;49302;83840;57048;54258;56370
evaluation,2438,68590;55806;39314;62912;26182;8524;38887;28684;72334;65581
evaluation,2439,90635;48050;20470;32476;51546;4708;24906;83398;5836;18706
evaluation,2440,97662;32294;22494;39576;88748;39419;76764;11702;48050;5362
evaluation,2441,72210;40444;26182;41302;24652;23754;49120;16010;11308;18786
evaluation,2442,8208;77480;53651;13598;38016;32719;46752;446;90534;59964
evaluation,2443,13986;1118;9100;1434;49297;12694;19114;7762;2570;9826
evaluation,2444,6136;56336;13182;5498;83904;14266;2280;56564;48360;41068
evaluation,2445,300;10998;234;21484;32716;23210;90;59770;24690;43918
evaluation,2446,57048;2774;95586;34454;4628;94560;28178;7764;13712;65160
evaluation,2447,29250;29490;424;50186;2054;7004;47971;48782;76944;10894
evaluation,2448,93488;10646;90148;94748;98376;98210;632;89932;10720;31584
evaluation,2449,32160;25126;34504;32120;65370;78402;32384;82350;82920;50491
evaluation,2450,76764;88748;39576;78164;97662;39419;32294;22494;17368;89232
evaluation,2451,31850;37602;31950;54538;50646;36172;37356;62213;74328;35968
evaluation,2452,91580;57078;50070;89480;90410;3886;24043;22090;26780;75452
evaluation,2453,87297;70214;77109;56930;37636;48154;47720;45688;37356;32554
evaluation,2454,88748;48050;24906;63862;71043;22494;11702;16406;2734;8276
evaluation,2455,70214;37636;56930;37356;87297;77109;32554;97389;48154;47720
evaluation,2456,10998;300;21484;32716;234;82920;78402;43918;61156;90
evaluation,2457,69794;14132;11960;21280;6042;5676;44378;44450;3600;37080
evaluation,2458,4960;20814;35402;63880;60662;8008;6204;95621;61945;82770
evaluation,2459,83904;96473;31412;56358;33838;25514;25170;24906;35032;472
evaluation,2460,24712;48140;25462;43010;23338;3970;38090;24592;28178;33492
evaluation,2461,91580;39286;86654;57078;35000;90410;99020;19961;27266;37228
evaluation,2462,39286;30904;91580;99020;99564;52452;57078;75452;22499;86654
evaluation,2463,70214;56930;37636;97389;48154;37356;45688;91580;87297;77109
evaluation,2464,10646;93488;98376;90148;98210;89932;94748;632;31584;39418
evaluation,2465,98210;98960;98376;89932;87370;31584;80638;16708;98194;80664
evaluation,2466,5498;13182;21886;90602;76232;29410;83904;2190;33222;71108
evaluation,2467,6767;54010;78936;6219;16280;89536;29858;8096;35968;75118
evaluation,2468,13182;21886;5498;83904;1088;90602;29152;76232;37420;56564
evaluation,2469,41092;28376;27780;57514;56155;684;36348;33556;20936;574
evaluation,2470,72210;24652;11308;9438;18786;4100;91992;11828;11758;26182
evaluation,2471,68470;94218;70506;33416;26090;52542;61967;96912;87590;6278
evaluation,2472,1118;9100;13986;2570;8190;9826;19114;26412;2290;69432
evaluation,2473,89932;94748;75176;34916;3994;90148;98376;16208;46752;10720
evaluation,2474,87297;77109;56162;81085;56930;28900;48154;27266;78702;14780
evaluation,2475,56930;70214;37636;48154;45688;47720;78702;87297;77109;39286
evaluation,2476,37636;56930;45688;87297;70214;49120;97389;32750;32554;48154
evaluation,2477,93488;10646;94748;59964;90148;98376;42062;31584;98210;7426
evaluation,2478,1030;3608;24434;3352;80664;29874;30328;3668;37800;96528
evaluation,2479,89894;82350;65370;25102;50491;32160;82920;32384;32120;30642
evaluation,2480,62322;88748;51294;97662;19546;4708;4539;22494;13598;32476
evaluation,2481,93488;10646;94748;98376;10720;32750;90148;50208;25168;91580
evaluation,2482,85552;15419;56460;98853;17632;22302;6134;1060;68262;35060
evaluation,2483,3944;21911;54812;29722;7064;39624;30650;6224;74152;1046
evaluation,2484,68262;11506;75986;3140;76074;19374;27124;2392;946;10122
evaluation,2485,6828;7064;54812;32584;3944;4154;74256;71834;15278;46394
evaluation,2486,5086;86510;9916;29880;7830;46252;99060;58060;27658;68560
evaluation,2487,88748;16406;48050;24906;24616;4708;5362;3670;63862;11702
evaluation,2488,79516;71108;4536;56358;13182;25514;5498;472;12756;56786
evaluation,2489,48360;13182;25514;98194;12756;96473;83904;56358;78852;57868
evaluation,2490,25514;56358;89232;98194;71108;12738;41068;90602;91580;96473
evaluation,2491,56786;90712;56336;33222;6136;71108;29152;12738;5498;98194
evaluation,2492,78130;15464;65160;48610;33556;522;13712;4628;71540;6536
evaluation,2493,6536;14992;55806;68590;93798;17106;28684;70474;8524;39314
evaluation,2494,57884;1424;2772;47092;1442;78994;2474;3039;5242;1383
evaluation,2495,6136;57868;56786;79516;83904;12756;1088;78164;71108;89232
evaluation,2496,5086;9916;10004;4664;35058;99060;1494;7830;76136;5074
evaluation,2497,1348;7472;2868;3438;27124;7988;52420;22752;54404;26414
evaluation,2498,46752;3668;1788;23214;3020;39296;81338;90602;81768;22282
evaluation,2499,4960;45206;4276;85138;4946;96150;58602;53912;11528;46232
evaluation,2500,86891;120;98080;9274;102;50290;74010;1155;71492;26570
evaluation,2501,56930;37636;70214;48154;45688;87297;78702;97389;32750;37228
evaluation,2502,91580;39286;52452;50070;86654;7226;75118;26780;56930;75452
evaluation,2503,88748;48050;63862;11702;16406;78164;90635;4708;90476;12756
evaluation,2504,13182;21886;5498;56336;29152;56564;83904;41068;32476;78164
evaluation,2505,28376;41092;684;33556;57514;75858;27780;58584;20936;1024
evaluation,2506,1146;47926;3174;28816;5174;6851;41010;2536;65646;9762
evaluation,2507,26528;16215;21090;29496;80668;55641;8604;59280;1071;98166
evaluation,2508,1146;47926;3174;68114;9762;5174;28032;6851;21280;71646
evaluation,2509,14132;69794;21280;11960;6042;3600;44378;44450;37080;47618
evaluation,2510,4762;33556;78130;48610;5206;14780;522;12314;4628;12998
evaluation,2511,68590;62912;72334;8524;39314;55806;38887;28684;26182;92788
evaluation,2512,8190;54908;86891;54016;54802;1394;5104;5144;9118;9948
evaluation,2513,424;48782;76944;29250;30028;27658;77100;2054;11210;23214
evaluation,2514,51294;62322;19546;4539;97662;88748;4708;11702;24504;24498
evaluation,2515,32160;32120;34504;78402;25126;65370;82920;82350;89894;32384
evaluation,2516,90712;41068;6136;69356;5498;56358;71108;56336;46748;472
evaluation,2517,11702;88748;63862;90635;71043;78164;8276;4708;97662;16406
evaluation,2518,3352;1788;79524;93120;34718;52638;55134;80040;10540;50190
evaluation,2519,43850;28930;5174;15612;96238;140;94304;41394;90786;22499
evaluation,2520,13182;5498;21886;56336;71108;48360;29152;41068;83904;2190
evaluation,2521,2900;1118;66602;4836;6648;9464;65393;47720;24476;6496
evaluation,2522,86378;25578;880;77702;22499;26412;17264;33210;62902;584
evaluation,2523,13182;6136;5498;83904;56786;94748;56336;21886;472;56564
evaluation,2524,43522;27572;21516;72456;16264;1424;1442;42716;31080;45237
evaluation,2525,68590;62912;8524;39314;38887;72334;55806;28684;90148;89932
evaluation,2526,32160;25126;34504;32120;65370;78402;82920;82350;32384;31868
evaluation,2527,17368;50208;632;97662;78164;39576;90148;39418;76764;39419
evaluation,2528,88748;16406;48050;63862;4708;90635;11702;24616;24906;18388
evaluation,2529,5464;71418;30704;98194;40364;89232;56786;5498;90602;29410
evaluation,2530,71108;71418;472;76764;5498;56358;79516;3670;41068;4536
evaluation,2531,46752;3668;23214;1788;3020;81338;81768;39296;90602;22282
evaluation,2532,91580;39286;7226;10062;21694;35000;37228;32750;86654;35032
evaluation,2533,5498;13182;21886;56336;41068;2280;29152;71108;83904;48360
evaluation,2534,56786;79516;6136;94748;91582;48360;12756;71020;4539;12738
evaluation,2535,93798;3040;47926;95268;21052;68482;98636;3264;59134;18240
evaluation,2536,88676;94242;31456;27386;2994;34011;910;27107;35124;98636
evaluation,2537,3174;1146;80286;47926;24616;57756;21280;37248;9762;71646
evaluation,2538,10052;71495;36888;14152;8786;88014;11808;23112;96912;39509
evaluation,2539,69794;14132;21280;11960;47618;5676;6042;1247;32936;3600
evaluation,2540,20014;81768;47430;24906;20662;9356;39854;5498;11704;4536
evaluation,2541,99952;8032;39296;1422;62912;17048;64986;21448;2652;4494
evaluation,2542,46392;7410;5086;3928;19852;68262;20830;69626;75576;3274
evaluation,2543,612;21470;59807;97838;60112;97786;34454;20350;17530;86870
evaluation,2544,25514;56728;96473;46104;79516;83904;472;33628;56358;56786
evaluation,2545,67287;31864;70994;69536;12686;16036;16976;46080;66866;27910
evaluation,2546,35968;6767;74196;88014;17508;10310;41162;96912;34011;36888
evaluation,2547,69794;11960;21280;14132;81382;48216;47618;32020;32936;6042
evaluation,2548,76764;17368;90148;97662;39576;32294;75176;78164;50208;42062
evaluation,2549,68916;59280;55641;47618;5354;55310;78380;59344;924;6224
evaluation,2550,27316;8828;9762;25600;48026;1094;7922;14156;88594;7954
evaluation,2551,3346;98730;46392;5280;2564;28908;96434;57182;43970;4434
evaluation,2552,4169;79792;1083;64626;1084;74158;21090;77368;20936;63404
evaluation,2553,24712;78232;3296;1044;59986;4894;32112;64736;27107;41528
evaluation,2554,98730;72932;51830;87728;14454;5280;74646;63880;5358;10466
evaluation,2555,49986;62912;81145;90148;83412;3020;99952;1766;46752;98210
evaluation,2556,70994;67287;22254;69536;30328;12686;16036;31864;37800;16976
evaluation,2557,69794;14132;11960;21280;47618;6042;5676;37080;26364;55820
evaluation,2558,28376;41092;75858;684;57514;56155;58584;83956;33556;70642
evaluation,2559,83840;19852;18726;4762;96854;4169;16080;93860;37282;20936
evaluation,2560,39509;10052;2078;28178;30242;29734;43308;38887;8676;54086
evaluation,2561,88748;97662;46752;4708;31510;62322;90635;1170;48714;56312
evaluation,2562,59461;7064;11220;33882;34716;4594;19344;87388;43772;4514
evaluation,2563,86891;97790;102;18872;21260;27434;45102;94065;76996;15363
evaluation,2564,34814;90534;74256;77080;69164;38016;1098;38248;75834;98102
evaluation,2565,25168;51662;69582;99702;80110;2160;7316;7191;56336;4383
evaluation,2566,7226;70131;10062;21694;37228;79646;32750;60388;93969;57078
evaluation,2567,86378;26412;13886;14012;1118;22499;69432;75794;94501;19264
evaluation,2568,71108;12756;56786;78164;6136;48360;79516;12738;5498;63084
evaluation,2569,11702;90635;63862;71043;78164;39102;46748;88748;28122;17368
evaluation,2570,31850;93798;71934;18726;98636;3040;88676;65370;4169;36390
evaluation,2571,78130;33556;4762;15464;25296;48610;522;19128;4628;71540
evaluation,2572,10998;300;32716;78402;90;89536;23210;234;94616;43918
evaluation,2573,41092;28376;684;75858;74050;540;14156;83956;15464;88676
evaluation,2574,37282;96854;64354;30242;29734;47707;92410;41328;4628;28178
evaluation,2575,75858;28376;41092;27572;21516;684;83956;70642;21162;47556
evaluation,2576,9491;1002;1328;6648;9118;4682;1880;12008;12048;4984
evaluation,2577,77730;97790;71492;5234;98584;21996;46000;39212;32936;46252
evaluation,2578,78532;75452;75118;45688;7226;50382;47200;10062;91580;56930
evaluation,2579,34504;25126;32160;32120;89894;57390;78402;65370;82920;32384
evaluation,2580,1146;3174;5174;47926;57756;28816;21280;2536;9762;80286
evaluation,2581,26810;3812;19828;96169;88944;16420;7472;2062;7724;31706
evaluation,2582,24690;11210;10316;26124;95082;6618;3603;73044;94616;39356
evaluation,2583,4960;96150;46058;45206;4946;11528;9696;4276;58602;53592
evaluation,2584,89232;39419;97662;4708;88748;89944;6910;17368;63862;18388
evaluation,2585,4960;96150;4276;46058;58602;4946;45206;53592;11528;9696
evaluation,2586,4960;96150;11528;9696;53592;46058;53912;45206;4946;74800
evaluation,2587,48420;23112;10004;14152;26156;1732;46230;45638;47758;64522
evaluation,2588,87370;75176;39296;89932;90148;31584;81145;632;5862;49986
evaluation,2589,2092;51792;15205;4740;10855;63472;41528;64736;5354;75582
evaluation,2590,17368;97662;39576;76764;78164;32294;90148;88748;75176;13252
evaluation,2591,6767;88014;54010;28178;96394;89536;13848;33416;25462;18590
evaluation,2592,57596;65910;22476;63242;2162;89024;19372;99234;87388;86577
evaluation,2593,71934;3040;3264;48400;6536;93798;98636;1588;1568;88460
evaluation,2594,3646;27386;27107;29858;34011;47200;18726;724;97108;78130
evaluation,2595,68590;39314;55806;62912;6536;8524;65581;14992;28684;45698
evaluation,2596,39406;10276;39102;61570;6767;74196;24254;72334;57338;34011
evaluation,2597,2660;48690;92854;28032;98166;6894;90013;18240;16264;81382
evaluation,2598,6536;3264;93798;31850;13712;3040;92410;80434;98636;71540
evaluation,2599,1146;5174;16448;2536;11142;47926;118;19449;41010;65646
evaluation,2600,45102;60650;50290;148;69794;71492;14132;18872;256;62322
evaluation,2601,41068;48360;26052;56336;91582;98194;33270;5498;56786;39102
evaluation,2602,76764;17368;90148;39576;97662;75176;32294;78164;42062;50208
evaluation,2603,49080;32466;96822;11930;3032;8362;14604;84776;29594;78232
evaluation,2604,76944;94954;72190;26780;17458;28536;14512;3886;37228;79212
evaluation,2605,50031;55450;81268;28456;50439;24043;10116;66098;89944;89480
evaluation,2606,68916;47618;78380;48216;5354;924;48690;1247;55310;6420
evaluation,2607,65160;1382;45698;76628;62944;56028;31850;96854;13712;4628
evaluation,2608,88460;90256;61234;3039;5242;16026;57784;94034;91637;71934
evaluation,2609,19828;7724;93094;8138;3812;26810;16420;16952;23338;89590
evaluation,2610,87297;77109;48154;56930;47720;56162;37636;81085;28900;97294
evaluation,2611,21886;8982;13182;76460;83412;23214;18028;6136;8708;26052
evaluation,2612,2092;51792;15205;4740;75582;64736;63472;96822;41528;14604
evaluation,2613,68916;5354;48216;47618;59280;96822;78380;55641;26364;55310
evaluation,2614,19852;18726;16080;10122;29126;68262;57048;49302;48782;20936
evaluation,2615,27386;29858;3646;70131;27107;71694;34011;54356;724;43760
evaluation,2616,83840;96854;4762;69662;37282;64354;65160;52750;18726;19852
evaluation,2617,54908;54802;90605;2026;10528;71694;7138;62944;54016;28456
evaluation,2618,68166;36064;88782;70210;30148;18310;29250;40714;14274;21134
evaluation,2619,61945;8006;6204;62228;4856;60662;18238;12224;15822;7830
evaluation,2620,97959;99516;99476;22784;2068;65880;90534;68289;61616;98102
evaluation,2621,3812;74256;8724;5912;7472;79807;25794;12224;42762;26810
evaluation,2622,7988;18055;77326;20814;60662;10682;9124;59074;6204;77510
evaluation,2623,24712;25462;48140;3114;7366;73730;28178;89472;74192;37224
evaluation,2624,12242;44374;8484;89220;5174;93094;41212;20942;28764;16850
evaluation,2625,56786;90602;98194;5464;5498;12756;71418;29410;91582;26052
evaluation,2626,1146;5174;2536;47926;11142;16448;41010;118;68114;65646
evaluation,2627,6767;54010;88014;89536;25462;33416;28178;96394;23558;3174
evaluation,2628,63336;21052;68114;55820;41010;42148;23092;18240;6008;47926
evaluation,2629,33556;13958;41092;522;29734;74050;28178;30242;13712;90
evaluation,2630,77368;84162;46412;7150;21320;29674;59667;31456;8042;97120
evaluation,2631,36098;1410;5272;23674;1060;8938;34628;34476;20350;39488
evaluation,2632,54282;20974;51786;96822;1146;15205;75582;1094;14604;49080
evaluation,2633,99060;72210;11308;11828;76728;4100;18786;24652;9438;5074
evaluation,2634,44702;3600;72670;44378;44450;3640;21471;11436;44154;33016
evaluation,2635,52616;59986;58215;64736;49080;27042;90522;894;75582;4740
evaluation,2636,84340;79576;99678;84776;14060;74006;32455;93974;39318;5642
evaluation,2637,29874;80664;3608;25578;7316;3742;21420;43768;7191;30652
evaluation,2638,69794;14132;11960;21280;6042;47618;1247;3600;55820;5676
evaluation,2639,33556;52764;13958;28376;29734;41092;28178;30242;55150;18330
evaluation,2640,64986;90635;89232;11702;57868;78164;2996;88748;8336;18388
evaluation,2641,49056;2407;69794;8506;47264;1094;89658;88846;13212;6824
evaluation,2642,46394;74912;1106;65910;72932;46392;168;21076;77326;74646
evaluation,2643,55450;66098;81268;24043;50031;56112;18018;7426;1695;10116
evaluation,2644,96473;4536;83904;5362;56728;79516;96528;33270;33838;12756
evaluation,2645,12;19282;88594;37794;87554;3274;75086;19396;29594;2784
evaluation,2646,52616;49080;894;64736;98872;27042;59986;75582;58215;8362
evaluation,2647,41564;68932;54786;40338;90056;98439;80850;7914;20774;42218
evaluation,2648,68916;5354;59280;48216;55310;47618;96822;55641;26364;78380
evaluation,2649,47238;40062;45572;3136;4996;47264;6851;3306;97636;2054
evaluation,2650,28376;41092;684;75858;52764;83956;58584;910;33556;57514
evaluation,2651,88748;11702;64986;90635;74808;4708;47896;18388;63862;97662
evaluation,2652,19828;93094;7724;65981;67048;99796;93312;1398;89590;7630
evaluation,2653,2984;1098;42556;93312;86396;77228;17902;20208;14812;16866
evaluation,2654,49302;164;31622;46300;23928;16080;34104;16780;9762;5788
evaluation,2655,98210;37906;98194;13182;56312;5498;39576;76232;41068;78164
evaluation,2656,34104;27158;26970;16080;76074;14171;56370;2212;68262;75986
evaluation,2657,77100;42618;14550;424;50186;29490;47971;83276;29250;11060
evaluation,2658,52616;49080;64736;894;58215;98872;59986;90522;27042;75582
evaluation,2659,6204;7988;2195;38750;2212;27124;26414;54786;87336;5428
evaluation,2660,4960;96150;4276;9696;11528;4946;58602;45206;53592;46058
evaluation,2661,72940;59132;96822;84776;12070;896;29888;79576;34504;57566
evaluation,2662,3792;99678;20302;18640;86026;3828;5642;33882;19372;53651
evaluation,2663,91580;39286;75118;7226;50070;86654;26780;52452;56930;7575
evaluation,2664,56930;37636;45688;32554;32750;70214;87297;47720;37356;50208
evaluation,2665,83398;78164;48050;39419;32476;87370;18706;97662;71108;98194
evaluation,2666,66560;3670;56728;66800;69356;41068;24906;47430;94214;57410
evaluation,2667,81145;49986;87370;7284;2398;78164;79516;90148;13892;74006
evaluation,2668,10998;300;32716;234;21484;90;89536;94616;23210;21902
evaluation,2669,2774;57048;95586;54258;46516;56370;94560;65160;78130;13712
evaluation,2670,3472;27878;4014;552;58732;43436;9696;63768;87336;63762
evaluation,2671,11210;39356;73044;24690;43918;10316;50512;94616;95082;23210
evaluation,2672,9074;13718;34628;20350;74050;9491;910;90532;522;23674
evaluation,2673,62364;93312;74256;96238;61190;92670;80866;71126;75404;89590
evaluation,2674,1155;96464;148;6216;86891;27434;16448;136;6850;1094
evaluation,2675,76644;48026;71788;4952;73268;887;79794;77306;9750;9940
evaluation,2676,99020;86654;47084;47200;94410;26818;19961;22282;89480;31790
evaluation,2677,41068;48360;6136;56786;71108;89232;25612;46748;22494;90476
evaluation,2678,88748;48050;16406;90635;4708;18388;12756;11702;63862;31202
evaluation,2679,68916;5354;48216;96822;26364;3110;6042;11828;9160;57566
evaluation,2680,13958;13712;11828;684;78130;54086;30242;5946;41092;29734
evaluation,2681,1094;9762;81382;21280;3136;24478;21090;6851;69794;22816
evaluation,2682,27412;84806;77306;33638;41212;44374;68056;22476;5428;8484
evaluation,2683,96473;83904;33838;98194;25612;84418;56728;12756;48360;64320
evaluation,2684,57048;2774;94560;56370;54258;96854;46516;56028;95586;1382
evaluation,2685,12744;73124;30316;19260;45572;10174;97838;61967;99224;4248
evaluation,2686,85138;69394;55362;14812;92374;58602;15822;44954;30359;89536
evaluation,2687,12756;2280;5498;48360;472;71108;91582;33222;13182;37420
evaluation,2688,81145;87370;49986;1422;74006;90148;10646;62912;13892;2398
evaluation,2689,93312;96169;16952;93448;3812;16420;26810;97516;74256;23924
evaluation,2690,50268;35836;46058;31302;442;96150;48752;99678;41378;14402
evaluation,2691,25168;56336;51662;9826;39418;48360;55555;9100;31584;69582
evaluation,2692,1118;11108;2570;3754;9100;9826;6554;10444;26412;9118
evaluation,2693,78532;47200;37228;75118;70131;27228;99020;14014;75452;14780
evaluation,2694,17770;13500;4416;17502;27886;8990;12694;13986;26514;27158
evaluation,2695,33222;3670;69356;6136;56728;66560;47430;66800;23508;56786
evaluation,2696,71043;16406;2734;48050;24906;39576;3670;1088;80230;88748
evaluation,2697,96473;33222;48360;33838;83904;76232;98194;12756;84418;47430
evaluation,2698,68916;47618;48216;26364;5354;1247;78380;924;30650;26570
evaluation,2699,31868;81050;37080;89798;93969;2982;4688;5628;90013;59134
evaluation,2700,98102;2068;90534;69164;99516;97959;58484;28281;2967;41422
evaluation,2701,41528;64736;8016;1396;1402;2062;78232;10855;29888;90522
evaluation,2702,6136;69356;33222;48360;56786;24616;66560;3670;5498;41068
evaluation,2703,13182;21886;83904;5498;56564;90602;6136;14266;29152;43970
evaluation,2704,31868;81050;37080;2982;89798;4169;93969;4688;55450;164
evaluation,2705,19852;83840;4762;52750;81382;49174;96854;12854;65160;41328
evaluation,2706,34244;97108;54802;71694;28190;92321;13582;10528;32160;19852
evaluation,2707,47264;49358;39624;21712;26858;89658;77579;14580;32318;10688
evaluation,2708,46412;51448;35572;31080;71646;45237;19767;32020;72456;27572
evaluation,2709,14132;69794;11960;21280;6042;3600;44450;44378;3640;37080
evaluation,2710,4996;47238;47264;45572;40984;40062;3136;94954;3306;19282
evaluation,2711,56460;44702;2814;22844;72670;944;85552;3612;6134;15419
evaluation,2712,472;5498;12756;2280;48360;71108;91582;17368;79516;13182
evaluation,2713,90148;94748;49986;98376;39418;1766;7426;632;31584;62912
evaluation,2714,94748;87370;31584;42062;4539;90148;59964;32476;39418;5836
evaluation,2715,87370;53906;10646;39296;93488;75176;89932;13252;13892;2652
evaluation,2716,115;39006;532;31242;19714;39657;19562;45178;3944;29582
evaluation,2717,1648;15750;5738;95414;31368;37624;6616;6246;1112;4348
evaluation,2718,46752;3668;1422;13892;79358;90602;23214;2398;10276;2996
evaluation,2719,83904;96473;472;25514;56358;33838;12756;98194;56728;33222
evaluation,2720,92854;5628;2660;92410;90013;18602;48690;89798;22144;23790
evaluation,2721,19828;93094;7724;26810;88944;91970;67048;3812;89590;65981
evaluation,2722,51830;5358;87728;1106;98730;65910;72932;1900;46394;3006
evaluation,2723,2092;51792;1155;63472;15205;4740;75582;64736;8941;10855
evaluation,2724,11702;63862;78164;88748;48048;89232;42062;71043;90476;31584
evaluation,2725,17368;97662;22494;32476;39576;32294;11702;97673;88748;89232
evaluation,2726,94034;30942;9082;6712;37108;26104;622;94322;5676;37282
evaluation,2727,52248;8828;27814;92374;91118;88594;45412;42218;2248;3274
evaluation,2728,9590;74256;52030;57102;96238;214;9486;90534;71126;15884
evaluation,2729,7064;6828;54243;6224;25069;54812;21911;13310;32584;97292
evaluation,2730,612;86870;34476;21470;54544;39488;33492;23338;20350;33016
evaluation,2731,62902;21420;56336;2194;14266;880;31584;34393;55555;1962
evaluation,2732,17368;97662;22494;39576;32476;32294;89232;97673;11702;78164
evaluation,2733,68916;48216;5354;47618;6420;26364;1247;5676;78380;6224
evaluation,2734,93798;98636;71934;3040;97108;22568;48400;7898;3264;44788
evaluation,2735,90712;11476;1148;2190;5498;13182;56358;41472;74152;11194
evaluation,2736,5498;13182;76232;56336;2280;33628;78164;83904;37420;41068
evaluation,2737,702;27124;52420;19990;19002;3438;95318;54466;2868;14550
evaluation,2738,19828;26810;93094;88944;5912;7724;22650;3812;8138;9104
evaluation,2739,60188;23338;68945;69708;9074;78232;612;30826;57052;4894
evaluation,2740,69708;68945;31456;73112;17283;5752;60188;612;22749;38090
evaluation,2741,52030;84340;14132;24524;47707;52616;92670;1215;5952;84776
evaluation,2742,3646;29858;27386;19128;94242;27107;34011;724;43760;93030
evaluation,2743,55450;1695;66098;24043;18018;81268;7426;2008;56112;56028
evaluation,2744,71043;90602;78164;79516;98194;91582;29122;71108;5498;56786
evaluation,2745,70214;14072;57078;47200;92650;27228;26780;70131;11874;22282
evaluation,2746,27107;29858;27386;32112;63958;57514;3646;2654;80744;80858
evaluation,2747,21356;86396;41162;6767;74196;35968;28816;54010;1498;96912
evaluation,2748,31868;81050;37080;89798;90013;93969;2982;4688;164;59134
evaluation,2749,66106;89480;18018;81268;50031;66098;13868;55450;50439;52452
evaluation,2750,4592;22;79301;12070;4440;14836;89472;3970;732;54556
evaluation,2751,4960;96150;58602;53592;4276;4946;11528;45206;9696;85138
evaluation,2752,41092;684;28376;540;33556;14160;2538;93798;74050;75858
evaluation,2753,56370;95586;38422;84812;57048;54258;54086;66982;7764;50916
evaluation,2754,29888;91970;30760;30629;26810;15224;26824;31706;3812;89918
evaluation,2755,95318;2248;31216;61420;14550;93854;40971;27124;35256;14856
evaluation,2756,55450;81268;50031;24043;89944;5766;4416;28456;5080;39401
evaluation,2757,13182;5498;98194;20662;89232;33222;472;56786;56358;75176
evaluation,2758,47618;48216;68916;5354;78380;35572;18814;51448;32020;19767
evaluation,2759,4116;19002;97516;86548;87540;31816;87336;45174;8290;34026
evaluation,2760,96238;89590;89918;34814;74256;15224;93312;77228;90786;12910
evaluation,2761,8290;1826;8032;8828;75848;12998;1398;34026;91682;91970
evaluation,2762,3812;26810;19828;88944;89590;15224;34814;74256;93312;96169
evaluation,2763,95318;21632;40971;2248;52504;31216;42556;87572;28916;96702
evaluation,2764,45004;76996;21260;43550;48576;98080;50166;46252;28854;102
evaluation,2765,54220;3548;17612;53651;87800;8416;9426;51596;1276;2038
evaluation,2766,70131;69801;54466;81666;48538;23508;31202;14780;34718;51104
evaluation,2767,81145;49986;87370;80638;83412;39296;17048;74006;99952;62912
evaluation,2768,5498;13182;56728;21886;34393;71108;90602;33628;76232;78164
evaluation,2769,6204;96344;60662;7988;80112;75576;22788;95621;20814;26414
evaluation,2770,5067;96246;3468;87554;12048;406;85138;4946;6604;9182
evaluation,2771,39356;85138;73044;24690;1644;6956;10316;49358;77328;43918
evaluation,2772,3670;57410;66560;69356;56728;33222;5498;40364;66800;26052
evaluation,2773,56728;71126;59461;88660;11702;4536;71108;66560;66866;96473
evaluation,2774,47430;3670;66560;69356;24906;56728;33222;25170;81768;66800
evaluation,2775,75176;87370;89932;66866;90148;94748;31584;632;5862;10646
evaluation,2776,71108;12756;98194;56786;79516;5498;13182;48360;78164;90602
evaluation,2777,96473;33838;83904;48360;47430;13182;5362;71020;33222;4536
evaluation,2778,13182;5498;2280;56336;14266;83904;21886;6136;41068;71108
evaluation,2779,41068;56336;24616;84324;17368;5498;12756;97662;13182;71108
evaluation,2780,24616;39102;57410;12738;12756;90602;71108;5498;41068;29410
evaluation,2781,91582;41068;69578;48360;56336;5498;56786;39419;98194;40364
evaluation,2782,56728;60858;18832;45964;36825;31790;33222;66560;19208;19961
evaluation,2783,56728;69356;3670;33222;66560;472;66800;56786;6136;47430
evaluation,2784,20014;57410;66800;4536;96473;66560;56728;2760;26052;33628
evaluation,2785,48360;56786;25612;5498;6136;98194;71108;23380;89232;41068
evaluation,2786,89932;31584;75176;90148;2194;94748;4539;52638;39419;51294
evaluation,2787,97662;32294;22494;32476;88748;39576;39419;83398;24616;89232
evaluation,2788,32294;48050;89944;94214;5498;97662;78164;39576;76764;7426
evaluation,2789,11702;88748;90635;63862;4708;59461;24906;83904;47896;12756
evaluation,2790,47430;8451;12698;8288;4494;2444;9951;47586;6836;14350
evaluation,2791,24906;31510;18388;88748;5362;22893;50208;39419;37420;83904
evaluation,2792,71108;47440;63084;52764;62738;7575;22656;91164;36825;30904
evaluation,2793,68916;48216;47618;26364;5676;78380;5354;6420;6224;55641
evaluation,2794,71934;48400;14580;3040;66680;23092;4166;98636;47926;7898
evaluation,2795,89918;15224;96238;8724;3812;19828;26810;88944;89590;5912
evaluation,2796,65981;99796;93312;60;67048;34814;8044;96169;19828;91970
evaluation,2797,2092;7336;63472;72828;98872;52616;59986;49080;4740;64736
evaluation,2798,19852;31550;10122;49302;68262;48140;3438;96246;33492;75986
evaluation,2799,99796;8044;65981;67048;3154;34814;91970;12211;90534;32455
evaluation,2800,54282;20974;96822;15205;75582;54461;11142;1094;64736;41498
evaluation,2801,21420;3742;80664;43768;9826;7316;33269;25578;62902;25168
evaluation,2802,66098;55450;24043;56112;31790;1695;81268;18018;4539;7426
evaluation,2803,6496;9464;6132;11476;19114;23594;1118;2900;4836;2570
evaluation,2804,32750;91580;37228;56930;7226;39286;90410;10062;70288;78532
evaluation,2805,79516;13182;66800;4536;40364;33270;31412;472;5498;46748
evaluation,2806,41092;28376;75858;684;55150;15464;910;14160;52764;48420
evaluation,2807,5100;22128;31042;23210;376;65556;90974;94616;9676;30090
evaluation,2808,68698;59226;45341;56155;89042;392;22784;33540;45206;7472
evaluation,2809,13242;75986;4592;4440;42662;22;77036;12318;12090;23338
evaluation,2810,73307;27626;59296;26414;20814;7988;33736;5508;13166;82770
evaluation,2811,43850;28930;754;44544;60254;96238;512;30874;15612;65998
evaluation,2812,4894;78232;19396;12224;53306;61540;30070;22823;2694;60400
evaluation,2813,31216;95318;14550;51394;17014;42218;946;26356;30028;21632
evaluation,2814,4960;96150;4946;58602;9696;53592;11528;3975;45206;46058
evaluation,2815,62124;20120;29270;15102;282;39318;78728;77252;46252;76996
evaluation,2816,54220;8416;87800;3548;1276;2038;17612;53651;12535;9426
evaluation,2817,77510;31264;59502;80112;95758;48782;87388;18055;20814;10894
evaluation,2818,98102;47098;89548;47012;2068;61616;19344;45341;4118;4116
evaluation,2819,56168;256;75920;15363;74010;15360;5684;10506;17902;81834
evaluation,2820,17956;43814;4494;2068;18786;62364;16264;16454;6824;13076
evaluation,2821,56140;38920;92650;21694;11874;41472;79358;28352;28534;14512
evaluation,2822,5080;94954;72190;79212;76944;16612;50190;26780;52452;14512
evaluation,2823,17770;6614;8990;282;13896;17502;27158;5900;13500;94501
evaluation,2824,21886;13182;5498;29152;83904;56564;78164;2190;47896;6136
evaluation,2825,9332;88748;97662;17368;32294;39576;1088;22494;32476;3262
evaluation,2826,13868;6604;3918;9464;5820;11598;25168;582;3514;7852
evaluation,2827,59964;31584;87370;94748;39296;62912;93488;62322;13252;90148
evaluation,2828,32160;89894;32120;82920;65370;34504;82350;25126;50491;78402
evaluation,2829,43918;30148;54786;59770;38248;9890;95082;21958;24690;1098
evaluation,2830,14836;12090;42662;77036;93094;12318;64026;45412;1637;79301
evaluation,2831,40971;95318;61420;31216;2248;41130;52234;24216;35256;52504
evaluation,2832,3979;41060;14748;12486;85654;61967;8760;10316;61762;11210
evaluation,2833,70214;56140;57078;37636;91580;56930;70288;28900;3886;45688
evaluation,2834,73307;33736;20814;73644;7988;27626;26414;22752;59296;72814
evaluation,2835,60956;3296;4894;34476;64026;78232;75086;8016;1396;2062
evaluation,2836,732;27042;41498;9712;71963;8138;51148;28366;90522;16454
evaluation,2837,1146;54282;3174;5174;28816;49302;47926;9762;65646;87554
evaluation,2838,6851;84162;3136;6824;48690;6420;5946;39509;75858;93860
evaluation,2839,91110;76738;92758;63880;65556;25770;1276;376;30186;332
evaluation,2840,63726;91988;51048;5212;74912;86956;87336;420;5428;4348
evaluation,2841,68262;13504;27124;33492;16080;35378;26970;49302;75986;54258
evaluation,2842,21420;25578;25168;3132;7191;75834;9826;7316;80664;4383
evaluation,2843,78532;33210;99020;75452;47200;80866;99564;94410;91580;71418
evaluation,2844,83904;56564;6136;21886;29152;13182;5498;14266;63084;56336
evaluation,2845,96473;83904;33222;33838;48050;56728;6136;66560;89232;42062
evaluation,2846,93798;98636;45698;3040;16493;76628;66680;27662;16616;3264
evaluation,2847,98166;26528;98476;90013;6894;21090;89798;95268;1400;8506
evaluation,2848,68224;93086;27814;21632;30826;32508;22940;75086;8914;74540
evaluation,2849,17326;45174;32719;27124;41602;54786;49044;3140;49788;33638
evaluation,2850,35378;75986;79301;33492;23338;12090;15200;68262;4592;22
evaluation,2851,36030;47758;48420;910;1260;88676;26514;30242;68945;13338
evaluation,2852,72210;91992;23754;26182;41302;24652;11308;23890;18786;23570
evaluation,2853,76232;5498;13182;8451;20662;1148;78164;33628;47430;71418
evaluation,2854,66098;55450;24043;81268;5080;56112;34536;18018;31790;28456
evaluation,2855,34454;59807;96944;53190;23754;53398;1248;53208;6536;68932
evaluation,2856,89932;10646;93488;75176;94748;90148;98376;31510;41830;632
evaluation,2857,46506;79301;30070;22862;19828;13242;4440;26810;23338;77036
evaluation,2858,34454;96944;59807;53190;23754;1248;53398;6536;53208;51372
evaluation,2859,21420;80664;62902;56336;3742;9826;31584;25578;880;7316
evaluation,2860,3828;22306;34814;38248;9890;34940;45820;17326;3926;1098
evaluation,2861,41450;98080;43157;9916;2267;34288;1494;74260;5086;35256
evaluation,2862,4960;4946;11528;58602;96150;9696;53912;53592;4276;45206
evaluation,2863,13896;11476;8812;6554;25976;2398;9464;16208;6496;17502
evaluation,2864,87297;77109;70288;56930;81085;47720;45688;13994;21694;48154
evaluation,2865,48360;78852;25514;6136;96473;83904;79516;71108;41068;33222
evaluation,2866,5498;13182;2280;6136;21886;56336;14266;33628;76232;78164
evaluation,2867,79516;56358;71108;71418;57102;78164;12756;13182;14266;62061
evaluation,2868,68916;47618;48216;78380;924;55641;55310;48690;59280;5354
evaluation,2869,1146;5174;22090;47926;2536;3174;6042;48400;54282;31974
evaluation,2870,27672;92240;20830;5086;37624;64068;1388;54243;51154;77036
evaluation,2871,1276;42784;7254;17778;9750;19510;5212;3548;17494;81038
evaluation,2872,99678;3792;20302;19372;5642;31302;4946;86026;58602;3975
evaluation,2873,56428;3754;26412;1118;45770;6184;2570;22499;11108;470
evaluation,2874,29402;27076;86378;14012;6886;48392;26412;6150;13886;880
evaluation,2875,13182;56786;5498;6136;12756;48360;62061;98194;30704;65281
evaluation,2876,86378;13886;14012;26412;1118;77702;3450;48392;22499;25578
evaluation,2877,71108;48360;56358;98210;12756;78164;14266;5498;41068;13182
evaluation,2878,94242;4169;69801;58240;20936;26570;16080;10290;38928;37080
evaluation,2879,63726;5212;87;86956;87336;88788;47098;91988;17824;30760
evaluation,2880,390;87;23248;1098;53472;1430;12211;22306;9110;51884
evaluation,2881,54802;52750;54908;62944;32754;7150;71694;90605;10528;29021
evaluation,2882,342;8006;41696;16728;7830;8020;18238;64026;51884;56582
evaluation,2883,30760;64026;76738;91110;63880;1276;30629;92758;65556;25770
evaluation,2884,22128;43600;44446;54282;49302;12744;99838;23210;33149;98588
evaluation,2885,59296;73307;33736;73644;82523;27626;71404;82770;26414;82994
evaluation,2886,41450;75834;82770;41378;42218;41564;8790;45004;43157;82994
evaluation,2887,4960;96150;53592;11528;53292;4946;9696;45206;53912;46232
evaluation,2888,32719;40714;14162;17326;85584;81572;49788;79560;68166;21170
evaluation,2889,3792;2318;99678;22306;86026;28452;41078;20302;3828;48752
evaluation,2890,26412;584;25578;99350;56428;11476;31412;77702;52452;89480
evaluation,2891,33222;3670;66560;56728;46104;69356;76232;47430;90602;4536
evaluation,2892,56370;95586;46516;2774;57048;59526;54258;82920;75794;94560
evaluation,2893,96246;29490;96103;20320;57756;28536;34244;22306;26970;8828
evaluation,2894,19828;93094;7724;88944;26810;93312;3812;89590;68994;67048
evaluation,2895,29154;3612;2035;44702;44378;11436;27124;49202;49252;2492
evaluation,2896,29716;2462;72828;2492;4426;11772;6134;2540;73056;98853
evaluation,2897,62124;15102;29270;282;20120;90438;39318;46252;50166;12694
evaluation,2898,28816;98588;259;88130;61190;65998;43600;54282;48048;9376
evaluation,2899,79646;35032;21694;5202;42868;50439;78702;36258;77109;98937
evaluation,2900,79516;47430;71108;4536;33628;56358;5498;62061;76232;84418
evaluation,2901,86378;26412;13886;62902;6346;23430;25578;19146;3742;19264
evaluation,2902,16080;65160;38928;18726;68262;33492;95586;29126;57048;94242
evaluation,2903,1146;3174;5174;47926;2536;21280;6042;6851;57756;24616
evaluation,2904,93798;98636;3040;71934;97108;48400;71694;88676;22568;7898
evaluation,2905,1268;56766;81382;49174;6824;86885;72456;28032;71646;724
evaluation,2906,76348;68842;63949;44738;40971;45412;33106;11930;74434;27814
evaluation,2907,483;480;37636;45770;75794;97389;69712;56450;24476;78702
evaluation,2908,21420;36280;43768;33269;83088;4728;80664;3742;83682;25578
evaluation,2909,68916;47618;55641;55310;48216;59280;89658;78380;96822;924
evaluation,2910,4628;45698;16616;34454;6536;81522;27662;67336;79212;76628
evaluation,2911,19852;83840;16080;96854;57048;65160;54258;62944;52750;56370
evaluation,2912,26810;15224;19828;89918;88944;3812;89590;34814;31706;5912
evaluation,2913,2035;2492;49202;29154;27124;3612;52504;27814;92890;2784
evaluation,2914,5788;35060;23112;68262;34226;2380;22302;57048;33416;24592
evaluation,2915,43850;28930;90786;792;94304;39318;2920;51004;9376;43772
evaluation,2916,4960;96150;11528;9696;53592;9750;4946;45206;3975;74800
evaluation,2917,63880;340;69619;19674;376;77510;7988;36044;16114;18055
evaluation,2918,99678;18640;1826;33882;50268;48752;19372;35836;34716;41422
evaluation,2919,95586;56370;94560;57048;46516;54258;38422;2774;35060;54086
evaluation,2920,68590;62912;55806;14992;39314;28684;38887;8524;6536;67412
evaluation,2921,4960;96150;9696;58602;4946;11528;3975;45206;23928;53592
evaluation,2922,35402;51154;2195;2212;63880;60042;86597;42638;76672;46394
evaluation,2923,64354;18775;63404;8604;27084;95153;86594;20666;56936;10860
evaluation,2924,64632;2876;76944;14512;80093;5948;1308;8398;2920;73242
evaluation,2925,24690;2998;67762;97790;118;10506;21260;654;86723;52600
evaluation,2926,1146;47926;3174;24616;28032;2536;5174;68114;6851;21280
evaluation,2927,1268;56766;81382;86885;49174;6824;72456;22816;27572;28032
evaluation,2928,55450;50031;2050;81268;24043;39117;4416;18018;28456;39401
evaluation,2929,35402;51154;2195;2212;63880;60042;6204;76672;86597;79794
evaluation,2930,62124;20120;29270;15102;282;90438;39318;78728;77252;76996
evaluation,2931,79646;79358;30904;70131;10062;37228;7226;17368;35032;50070
evaluation,2932,4628;68798;35060;45698;3032;10052;69626;78858;67336;50070
evaluation,2933,6178;14266;56728;5498;2280;33222;6136;56336;13182;56564
evaluation,2934,3670;69356;91582;79516;66560;6136;33222;24616;46748;56786
evaluation,2935,15464;71540;78130;70642;13712;33556;4628;87297;684;31574
evaluation,2936,14132;69794;11960;21280;6042;44450;3600;44378;5676;37080
evaluation,2937,1155;5174;118;1146;11142;6850;27434;65646;31368;98588
evaluation,2938,26350;59226;5428;9940;14152;88788;87336;9750;420;71788
evaluation,2939,45638;24048;44166;45305;26350;1826;44446;5196;59414;89220
evaluation,2940,98080;120;102;63498;46252;76996;71492;45004;48576;46532
evaluation,2941,300;234;21484;10998;43918;24690;32716;21606;23210;21902
evaluation,2942,84776;79576;72940;59132;57566;96822;15205;12;896;29266
evaluation,2943,18640;1826;19372;55362;59461;4946;7290;4276;5642;87366
evaluation,2944,46230;26156;10004;59770;49044;45638;64522;1732;26350;14152
evaluation,2945,18726;65581;31850;97786;50186;29126;81522;18602;1248;3166
evaluation,2946,59410;68262;33492;8484;56112;1695;75086;34476;87554;55450
evaluation,2947,77080;38016;34814;34940;22306;3828;14722;51884;32719;38248
evaluation,2948,3792;3438;33736;22306;27124;20680;406;14550;42286;3600
evaluation,2949,1276;8416;10814;38536;91884;54220;85676;3548;87800;51596
evaluation,2950,92650;50070;32750;7226;91580;37228;14072;70131;99564;86654
evaluation,2951,68590;62912;28684;67412;55806;14992;18762;70474;58424;38887
evaluation,2952,64354;86594;63404;95153;18775;27084;48866;8604;56012;21515
evaluation,2953,28286;60506;21547;11038;37224;8484;9590;3812;9104;71671
evaluation,2954,40971;63949;51956;98142;64484;5096;69798;43844;45228;4934
evaluation,2955,2092;732;90522;10855;75582;8362;52616;72828;7336;64736
evaluation,2956,93854;44024;64882;8386;7648;45174;3140;49494;93094;46797
evaluation,2957,4960;11528;9696;4276;4946;53592;96150;53292;53912;3975
evaluation,2958,13182;90712;1148;30704;2190;11476;472;5498;11194;46748
evaluation,2959,4960;4946;53912;11528;9696;45206;53292;4276;58602;96150
evaluation,2960,60188;4306;33492;73112;73044;78130;612;24712;10310;78232
evaluation,2961,19828;93094;7724;8138;16952;16420;3812;26810;67048;65981
evaluation,2962,40971;63949;64484;98142;28916;44738;11930;43844;5096;69798
evaluation,2963,3792;99678;86026;22306;22078;19372;20302;41078;5642;2318
evaluation,2964,76738;25770;332;65556;91110;92758;63880;3346;2668;33110
evaluation,2965,71108;472;79516;2280;5498;12756;33222;48360;76232;17368
evaluation,2966,56786;56336;5498;71108;98194;48360;83904;56728;33222;41068
evaluation,2967,6066;15464;33556;41092;68078;45178;69394;70642;13712;13958
evaluation,2968,3828;22306;5760;99678;18055;70210;17494;68166;33882;38248
evaluation,2969,496;1330;13514;2994;7150;32754;80668;90605;92354;54194
evaluation,2970,81572;17326;86723;85584;14162;32719;21170;14274;10636;21134
evaluation,2971,36390;12910;86870;55338;70662;44788;21470;1260;13582;97838
evaluation,2972,10174;47278;73026;784;48244;59526;3827;21888;24650;18775
evaluation,2973,21170;81572;21134;85584;16558;19846;79560;17326;85539;95616
evaluation,2974,16420;16952;87366;60;52886;702;80952;4306;19990;76602
evaluation,2975,19828;15224;93094;7724;89918;3812;26810;8138;88944;89590
evaluation,2976,69708;73112;910;9491;4306;23112;93922;68945;94242;780
evaluation,2977,86723;47018;14402;41422;85584;82906;98102;90;21134;61108
evaluation,2978,90534;14402;10754;19372;69164;9746;73720;3975;3002;392
evaluation,2979,6314;48690;17956;78994;32112;3678;1330;3536;78590;6824
evaluation,2980,4960;4946;11528;9696;53912;45206;53592;53292;4276;55362
evaluation,2981,62124;29270;282;15102;20120;90438;39318;12694;21636;20360
evaluation,2982,50031;24043;81268;55450;10116;56112;80664;3742;18018;4416
evaluation,2983,4740;58215;58114;64736;14604;26298;53306;49080;3990;59986
evaluation,2984,96246;26970;57756;96103;25442;50602;20320;22306;4264;28536
evaluation,2985,77100;424;50186;14550;80850;11210;52476;13067;9592;30186
evaluation,2986,3792;99678;86026;20302;2318;22306;41078;3975;5642;28452
evaluation,2987,21170;24424;16558;10636;15356;14162;21134;79560;9994;64376
evaluation,2988,88788;28510;33700;74912;420;1106;9750;23124;5212;63242
evaluation,2989,65556;76738;25770;19510;41528;63880;30629;91110;64522;20650
evaluation,2990,72190;94954;47238;64834;54010;26780;76944;74152;21888;37228
evaluation,2991,51448;71646;75858;21162;27572;21516;47092;45237;72456;84162
evaluation,2992,7410;19768;21515;6006;80668;62944;39509;12492;13514;10528
evaluation,2993,87554;32466;69626;74158;36545;3032;844;1260;8406;66162
evaluation,2994,30898;30579;96344;36274;5506;20098;20814;80112;60;10682
evaluation,2995,91580;50070;39286;98194;21356;99020;52452;75452;22090;26312
evaluation,2996,74256;24326;20684;93312;11038;470;19828;3928;52030;30455
evaluation,2997,41450;4664;10004;5086;2267;29880;82770;45875;42618;60662
evaluation,2998,31080;51448;32020;18814;35572;36480;93546;19767;84162;35812
evaluation,2999,32120;25126;34504;32160;31868;32384;50491;82350;50990;65370
evaluation,3000,6006;80668;21515;10528;13514;71694;7150;19768;39509;62944
evaluation,3001,72190;79212;94954;26780;54010;76944;14512;30942;75118;1148
evaluation,3002,68262;35060;17632;56460;15419;59410;73730;33492;24592;61540
evaluation,3003,90532;26556;34628;39488;0;49202;20350;18512;23338;11396
evaluation,3004,3792;99678;20302;2318;41078;4946;22306;86026;28452;36862
evaluation,3005,71788;68698;48026;61108;9940;42762;88788;5428;887;25794
evaluation,3006,28816;65998;31042;54282;89834;27434;98588;115;88130;12070
evaluation,3007,66098;55450;24043;18832;52452;81268;5080;10116;5202;11476
evaluation,3008,56930;37636;70214;48154;87297;45688;97389;37356;5020;62322
evaluation,3009,1146;5174;3174;65646;37248;2536;57756;28816;1940;9762
evaluation,3010,16080;68262;65160;33492;94242;95586;57048;18726;29126;20936
evaluation,3011,85552;56460;98853;15419;6134;17632;22844;5272;1060;44702
evaluation,3012,11772;2462;76348;42248;71718;12090;2814;15419;73056;3612
evaluation,3013,23570;44544;23754;87540;64882;44310;92890;67128;26556;19914
evaluation,3014,7336;72828;29716;42248;858;2540;32508;57378;28366;2814
evaluation,3015,21911;52886;2407;22862;31618;7064;18746;86950;13076;29888
evaluation,3016,9696;11528;4276;53292;96150;4946;53592;46232;31302;46058
evaluation,3017,99678;3792;22078;19372;18640;2318;20302;410;33882;20766
evaluation,3018,85584;14162;40714;32719;14274;21134;17326;36200;41602;54786
evaluation,3019,66098;81268;55450;52452;18018;50031;56112;19961;1695;83194
evaluation,3020,37636;56930;70214;45688;97389;48154;78702;79952;32554;38334
evaluation,3021,81268;50031;55450;24043;80664;10116;56112;3742;39401;66098
evaluation,3022,5766;89944;56428;22499;91580;51230;26412;12110;10116;32900
evaluation,3023,68916;55310;47618;55641;924;9948;59280;54282;78380;136
evaluation,3024,80668;6006;19768;7410;12492;21515;10528;13514;62944;92321
evaluation,3025,59410;60188;4664;12952;36572;43392;73112;66836;39488;76136
evaluation,3026,12224;96344;95621;30864;18055;6204;30898;59502;75576;26414
evaluation,3027,20014;56728;33628;26052;84418;22893;2280;57920;6178;44442
evaluation,3028,5766;51230;10586;89944;1030;89480;10116;93232;12110;54964
evaluation,3029,86378;13886;56112;4908;11476;19264;1118;19146;483;20232
evaluation,3030,35060;57048;94560;2774;4628;97838;56370;54258;34454;17283
evaluation,3031,30904;27228;45688;80866;86654;99020;14512;16836;7226;99564
evaluation,3032,7336;2092;49080;98872;63472;72828;894;2462;4740;64736
evaluation,3033,73307;26414;59296;82770;20814;33736;27626;22752;80572;19030
evaluation,3034,28930;43850;6794;80914;6366;292;54524;34163;63534;792
evaluation,3035,14836;89472;15200;42662;79301;13242;12318;12090;23338;33492
evaluation,3036,22306;3828;54786;77080;34814;3926;38248;9890;3792;34940
evaluation,3037,3792;99678;22306;34814;9890;19372;3828;2318;3438;86026
evaluation,3038,36862;398;22306;3662;77080;3828;68166;85584;48752;27124
evaluation,3039,54220;8416;3548;87800;17612;1276;51596;9426;2038;53651
evaluation,3040,3792;99678;20302;86026;2318;22306;41078;3975;5642;28452
evaluation,3041,26514;17770;4416;27158;13500;8990;69432;65332;2050;13986
evaluation,3042,25578;25076;880;80664;86378;17264;584;6338;33210;22499
evaluation,3043,3064;36600;97389;13886;3132;19264;19146;99036;47200;99350
evaluation,3044,72190;94954;76944;54010;79212;47238;26780;51248;64834;17458
evaluation,3045,89658;88846;86082;42716;87902;78994;83956;80668;82700;14160
evaluation,3046,19040;85676;44954;87800;32884;20952;45875;84748;14812;1276
evaluation,3047,90635;78164;90476;88748;71043;11702;22494;63862;4708;94214
evaluation,3048,13182;83904;5498;21886;90602;37420;29410;2190;29152;27138
evaluation,3049,14992;13880;47556;17608;1084;1083;27084;54482;25898;70474
evaluation,3050,7336;98806;72828;26164;3640;32508;34628;42248;49252;22940
evaluation,3051,84340;9948;68262;19714;52030;25794;84776;896;11960;12070
evaluation,3052,31456;19046;24476;34626;1080;51916;96854;26558;41450;63498
evaluation,3053,77510;31264;18238;80708;93974;3662;58776;7391;11916;35836
evaluation,3054,3434;35040;4952;46394;887;73268;79794;2668;38536;76644
evaluation,3055,89220;44598;5096;36862;44738;73590;82906;42320;74800;424
evaluation,3056,20830;358;69626;21712;57986;97516;54466;22788;3444;14454
evaluation,3057,48420;23112;10004;14152;1732;26156;47758;46230;27818;28190
evaluation,3058,3792;99678;86026;22306;20302;41078;2318;3975;28452;5642
evaluation,3059,4960;96150;4946;4276;58602;53592;45206;46058;9696;11528
evaluation,3060,7988;59502;31264;56582;60662;80112;14895;95621;77510;77326
evaluation,3061,15363;15360;15102;104;67762;16010;10698;10506;97790;57290
evaluation,3062,44702;85552;29154;732;22844;56460;3612;50040;72670;33016
evaluation,3063,12090;89472;12318;23338;59410;42662;13242;9388;14836;15200
evaluation,3064,17326;51884;32719;54786;3792;85584;22306;14162;98730;20680
evaluation,3065,62124;29270;15102;282;20120;90438;39318;28854;5946;16030
evaluation,3066,34940;77080;34814;38016;48752;3828;74766;90534;36862;22306
evaluation,3067,57048;48154;18238;54258;88594;23248;3886;23718;50018;19674
evaluation,3068,1276;81038;92240;17778;3006;54243;57596;5212;17612;8416
evaluation,3069,50070;91580;75452;57078;94410;98194;3886;81085;37228;7226
evaluation,3070,5766;89944;13868;89480;10116;91580;51230;86108;13722;31202
evaluation,3071,82920;34504;82350;32160;25126;89894;78402;32384;65370;25102
evaluation,3072,54086;5618;11828;32936;6224;47618;32020;20152;26364;18680
evaluation,3073,45572;40062;47238;4996;47264;2054;19282;3136;3306;40984
evaluation,3074,32719;33638;17326;71904;45174;168;85584;27124;81572;87728
evaluation,3075,17326;14162;51884;54786;32719;3792;1098;77480;9890;58776
evaluation,3076,34026;2880;96434;66364;74646;45478;85676;3006;8008;50018
evaluation,3077,3032;11930;27158;44738;96822;20386;61065;12;26298;84776
evaluation,3078,6204;8006;61945;15822;4856;60662;76728;63768;33882;12224
evaluation,3079,3140;2162;10122;50512;946;82770;6246;51596;40608;11528
evaluation,3080,420;86956;91988;28396;26810;29888;88788;79485;88944;31706
evaluation,3081,62944;71694;61570;22568;7150;54194;62756;82060;93798;18590
evaluation,3082,6536;98636;93798;3264;19128;65160;46142;94034;14992;4762
evaluation,3083,64376;21170;34940;81572;21134;79284;77080;16558;9994;36200
evaluation,3084,39419;32476;89232;97662;83398;4708;5836;6910;39418;88748
evaluation,3085,33556;6066;69394;70642;85138;15970;68078;21084;41092;58584
evaluation,3086,79485;79807;89024;552;1276;19040;99234;332;17778;71788
evaluation,3087,32160;32120;32384;89894;65370;34504;31868;25126;50491;82920
evaluation,3088,29116;3468;97838;68078;45600;29268;70642;20264;95930;89536
evaluation,3089,20212;41060;43918;64910;3308;10316;84528;7642;4934;1644
evaluation,3090,19760;1248;17328;7914;53672;17530;57710;7030;44930;95904
evaluation,3091,56460;6134;22844;33016;15419;17632;85552;98853;30070;1637
evaluation,3092,14836;79301;89472;22;35378;4592;12090;12318;15200;23338
evaluation,3093,14748;97962;41060;30186;52234;54640;91324;59882;53586;946
evaluation,3094,51372;17530;87962;57710;44930;19760;53672;95904;64882;17328
evaluation,3095,19914;44544;23754;95904;64882;23570;51372;91992;2920;1248
evaluation,3096,28854;5086;31706;86510;51956;77480;59512;74844;1044;29880
evaluation,3097,46796;20264;18775;33416;78822;53237;30316;42618;37318;86594
evaluation,3098,33882;41130;76728;76818;14748;73644;7466;99654;84748;70506
evaluation,3099,34454;47940;11506;19282;33492;19374;97268;68262;59410;3032
evaluation,3100,21484;21606;73070;23082;45875;71330;91040;43918;13166;300
evaluation,3101,32160;32120;34504;32384;50491;89894;78402;25126;25102;82920
evaluation,3102,6006;7410;19768;80668;10528;21515;27818;92321;7150;12492
evaluation,3103,5498;13182;56336;21886;2280;41068;71108;29152;6136;48360
evaluation,3104,4960;20814;63880;18238;35402;6204;95621;31264;19674;61945
evaluation,3105,3792;2318;99678;22306;20302;41078;86026;28452;5642;3828
evaluation,3106,51884;17326;34814;21170;32719;58776;14722;3828;85584;98730
evaluation,3107,79807;99234;79485;2526;3346;53478;88788;89024;86956;57182
evaluation,3108,62124;29270;282;15102;90438;39318;20120;6396;28946;11828
evaluation,3109,96464;140;1155;26570;27434;24690;41014;8676;86891;148
evaluation,3110,35836;3662;17824;86686;95582;1366;31627;7391;48752;12290
evaluation,3111,99678;20302;3792;53651;31302;48752;85920;1826;86686;58602
evaluation,3112,5280;14454;98730;3006;51830;74646;1900;87728;19040;1706
evaluation,3113,87297;77109;81085;56162;47720;56930;78702;26198;97294;85706
evaluation,3114,4468;23218;4368;582;2056;2351;1880;2436;1896;1736
evaluation,3115,20014;4536;79516;3670;66800;46104;5498;16406;69356;33628
evaluation,3116,7913;73268;18805;48026;887;79794;4952;26156;42638;76644
evaluation,3117,91582;90602;36426;4536;69578;39854;25514;26052;29122;27750
evaluation,3118,81145;90148;94748;87370;89932;75176;31584;13252;39418;49986
evaluation,3119,5086;99060;7830;86510;91902;74844;46252;68560;29880;76996
evaluation,3120,40971;21632;1338;80110;42320;30186;3928;21958;29250;43594
evaluation,3121,70994;67287;69536;12686;22254;30328;31864;16036;37800;16976
evaluation,3122,50491;65370;89894;25126;34504;32384;32160;82350;78402;50990
evaluation,3123,19852;31550;16080;68262;10122;3438;92418;72814;3140;20936
evaluation,3124,1268;724;22284;83088;49174;49302;36280;17956;8712;29874
evaluation,3125,54802;52750;86891;7138;90605;54908;10528;92321;29021;62944
evaluation,3126,3754;2570;1118;9100;11108;13986;17770;5862;5766;1434
evaluation,3127,8982;12738;64320;19208;8708;26052;2920;0;90602;37624
evaluation,3128,17326;32719;27124;85584;3600;51884;3140;20680;1958;45174
evaluation,3129,15102;20120;62124;282;39318;90438;29270;77252;78728;6396
evaluation,3130,17458;13182;91582;26052;17368;33222;31132;472;9108;5498
evaluation,3131,3792;99678;20302;2318;86026;22306;41078;3975;5642;28452
evaluation,3132,19852;68262;33492;16080;342;49302;4592;39220;18726;65160
evaluation,3133,10998;300;234;21902;32716;21484;23210;90;21606;94616
evaluation,3134,98102;2068;65880;97959;99516;75834;99476;19344;2314;58484
evaluation,3135,2068;57876;65880;20774;99476;1236;93312;13598;97806;31302
evaluation,3136,99678;3792;20302;48752;31627;86026;19372;2967;1098;3828
evaluation,3137,3828;22306;19372;34814;45820;36862;33882;38248;70210;68166
evaluation,3138,64026;88944;19828;26810;30192;53132;38248;318;44260;64102
evaluation,3139,38248;9890;17326;12211;3926;7734;51884;1098;45174;17824
evaluation,3140,22306;5760;3008;23248;38248;54786;38632;390;82328;4264
evaluation,3141,802;68136;79780;1332;93094;9430;54386;318;16381;3640
evaluation,3142,64882;96944;60112;7914;17283;59807;19760;1248;93922;91992
evaluation,3143,19828;93094;26810;7724;8138;88944;3878;7472;16420;8386
evaluation,3144,14836;79301;35378;15200;42662;23338;4592;13242;12318;22
evaluation,3145,1338;21632;42320;80110;54786;13067;37794;24326;4154;59410
evaluation,3146,87336;552;34026;4014;4116;26164;5428;70024;99654;1098
evaluation,3147,99678;3792;2318;20302;86026;22306;5642;53651;54220;48752
evaluation,3148,51884;22306;77080;98730;38016;32719;16728;3828;17014;34814
evaluation,3149,21694;10062;7226;37228;79646;70131;32750;39286;91580;27266
evaluation,3150,3558;1618;45004;13152;19546;9274;59461;77080;89548;42218
evaluation,3151,946;18310;29250;69568;99654;318;78822;68166;40608;3979
evaluation,3152,4468;23218;28248;6554;31412;16406;5620;1896;10404;4368
evaluation,3153,85584;44374;77480;61746;10754;95274;74646;9746;16622;95344
evaluation,3154,7724;19828;8138;93094;16420;18310;16952;82836;3812;732
evaluation,3155,81050;31868;93969;37080;89798;30296;2982;26862;90013;59134
evaluation,3156,48400;93798;68482;59134;47926;71934;98636;68114;63336;19274
evaluation,3157,6767;54010;13848;25462;6219;35968;96394;94954;89536;69606
evaluation,3158,56460;6134;33016;22844;15419;17632;85552;98853;2814;22302
evaluation,3159,61762;32866;85654;65180;49774;46460;5001;52266;65581;59882
evaluation,3160,61967;14748;72990;3308;3979;41060;67834;49358;30186;10004
evaluation,3161,9916;5086;29880;68560;74844;7830;71404;29810;38532;28854
evaluation,3162,7724;93094;8138;11328;19828;3864;22940;30818;44260;26810
evaluation,3163,5086;29880;74844;9916;71404;8102;43918;68560;46252;38532
evaluation,3164,9676;68262;33492;49302;19374;75986;47940;35060;35378;16080
evaluation,3165,66034;44374;46336;44310;73720;18800;95274;4243;87728;2222
evaluation,3166,51372;57710;19760;95904;87962;44930;64882;53672;82036;17530
evaluation,3167,37794;40971;42320;9182;21632;946;35256;40440;54786;26164
evaluation,3168,17326;85584;53132;49044;36862;51884;32719;17014;40714;16728
evaluation,3169,5680;47618;26858;78380;10688;21712;49358;11828;6224;68916
evaluation,3170,6767;54010;35968;13848;19584;94954;5992;88014;18590;96394
evaluation,3171,25514;7696;90602;76232;90712;81768;5498;47430;51696;48360
evaluation,3172,6204;4856;18238;61945;59502;1672;8006;12224;60662;6078
evaluation,3173,73730;93922;96944;1248;64882;60112;44930;97838;59807;79524
evaluation,3174,41060;43918;20212;10316;64910;4934;59770;1644;96246;24690
evaluation,3175,46394;79794;2668;73268;4952;76672;76644;91884;21076;38536
evaluation,3176,74912;5212;86956;420;86577;5428;87336;46450;91988;8724
evaluation,3177,17326;85584;32719;45174;17014;87728;3792;16622;81572;27124
evaluation,3178,74010;75920;75128;5684;8814;56168;24197;10506;15363;74116
evaluation,3179,46450;420;91242;86956;86577;87336;88788;87068;91988;19776
evaluation,3180,17502;97294;8190;5862;65393;92192;8990;10114;1962;66602
evaluation,3181,4536;91582;56728;66560;46748;79516;3670;31152;39854;16406
evaluation,3182,94748;90148;31584;4539;75176;39418;10720;51294;42062;2194
evaluation,3183,4394;74912;86950;99234;1234;23902;91864;89024;1398;5428
evaluation,3184,89024;79485;99234;79807;53478;552;71788;87336;61746;17778
evaluation,3185,51884;54786;3792;17326;32719;14162;58776;9890;31088;14722
evaluation,3186,15356;64376;16558;9994;36200;10636;21170;14274;70210;14162
evaluation,3187,35040;3434;4952;46394;71788;59502;2068;340;376;887
evaluation,3188,56460;15419;6134;85552;98853;17632;22844;22302;33016;35060
evaluation,3189,64882;96944;60112;7914;93922;1248;59807;65562;68932;42320
evaluation,3190,33016;63170;21470;15419;86870;6134;17632;34476;70974;85552
evaluation,3191,88594;41394;8648;7699;7914;53237;20212;19562;41060;35314
evaluation,3192,6396;36385;48866;6152;51154;6960;28821;68052;3468;79296
evaluation,3193,8814;75920;75128;74010;5684;74116;71492;98080;46532;120
evaluation,3194,31412;2594;98960;30870;25976;80040;20360;1788;57920;38542
evaluation,3195,64882;96944;60112;65562;7914;93922;1248;44930;59807;19760
evaluation,3196,6536;68590;65160;55806;70474;39314;23754;8524;26182;28684
evaluation,3197,48538;13668;51004;36030;25898;56106;71406;66908;15464;65842
evaluation,3198,3742;80664;22284;29874;880;3608;1030;21420;584;33269
evaluation,3199,7410;6006;10528;80668;7150;92321;13514;21515;19768;39509
evaluation,3200,54194;46516;64658;54086;16493;29116;94034;7764;73026;38422
evaluation,3201,8138;18310;11328;37450;35962;732;23713;41498;74194;27042
evaluation,3202,65180;32866;5001;46460;59882;65581;61762;52266;6278;40608
evaluation,3203,65581;55806;26182;96944;14512;95904;12952;53672;46797;82036
evaluation,3204,3792;99678;86026;22306;5642;4588;19372;3975;28452;2318
evaluation,3205,40608;887;50512;6246;4952;3704;2668;79794;95606;63880
evaluation,3206,45102;50290;60650;148;27434;256;18872;31242;81688;62322
evaluation,3207,43600;28816;98588;22128;92286;99838;88130;19496;90974;259
evaluation,3208,10062;99564;99020;14072;37228;4468;2398;26780;70131;38168
evaluation,3209,13152;6612;39388;7575;42218;9839;32814;73644;77464;60
evaluation,3210,67048;65981;99806;23754;23570;91992;75834;35836;3980;18768
evaluation,3211,946;99654;29250;18310;71404;84748;69568;68166;6716;73307
evaluation,3212,64882;60112;46046;7914;96944;97838;59807;44930;95904;1248
evaluation,3213,15224;9074;23338;89918;37224;39488;19828;92670;20406;88944
evaluation,3214,19828;88944;7724;26810;8138;93094;3812;16420;96169;16952
evaluation,3215,7724;19828;26810;88944;8138;93094;16420;3812;16952;96169
evaluation,3216,34454;15252;3032;13466;7004;2248;20264;612;28178;33556
evaluation,3217,64882;96944;53672;93854;65581;60112;23570;23754;1248;7914
evaluation,3218,3812;88944;15224;26810;89918;96169;19828;30070;1402;1396
evaluation,3219,15419;63170;85552;56460;6134;17632;98853;33016;35060;22844
evaluation,3220,16454;8138;15419;56460;9958;27042;17632;85552;71963;29716
evaluation,3221,3792;99678;20302;48752;41078;22306;2318;86026;19372;54786
evaluation,3222,63768;15822;63762;73644;61464;73418;43970;59461;7830;71404
evaluation,3223,4960;65910;20814;24060;61945;19674;18238;98730;31264;77326
evaluation,3224,99678;3792;2318;5642;82328;18640;20302;390;86026;41078
evaluation,3225,85584;17326;77480;32719;10636;40714;51884;98730;14162;81572
evaluation,3226,38536;91884;94370;79794;84748;9750;87336;58732;9696;50512
evaluation,3227,4960;96150;4946;58602;45206;4276;11528;3975;53592;9696
evaluation,3228,13152;7575;39388;11532;43157;34718;6612;75834;23632;9839
evaluation,3229,78000;77702;22499;13868;45770;7696;33210;30455;38790;97228
evaluation,3230,6204;18238;61945;4434;14895;8006;4856;15822;61746;51884
evaluation,3231,69794;11960;21280;75858;14132;47618;32936;81382;6224;78380
evaluation,3232,30898;30579;36274;12564;9124;71404;99654;48782;54220;77326
evaluation,3233,90635;90476;11702;78164;88748;63862;22494;97662;4708;89232
evaluation,3234,5354;47618;78380;6224;26858;6244;6420;6824;89658;3306
evaluation,3235,84812;70994;5626;96238;32318;19562;50916;68404;88130;65998
evaluation,3236,21484;21606;45875;13166;23082;59526;51596;300;44954;91040
evaluation,3237,15278;74256;46394;99060;55338;2706;96238;23124;9828;76672
evaluation,3238,21484;21606;23210;89834;87755;23082;95082;300;94616;59132
evaluation,3239,31080;51448;32020;18814;35572;93546;19767;36480;45237;35812
evaluation,3240,1236;9370;70954;21260;21052;7576;92934;1383;28854;42716
evaluation,3241,48420;9940;16114;7804;198;47278;77306;73124;26356;47758
evaluation,3242,62124;15102;282;29270;20120;90438;39318;78728;12694;20360
evaluation,3243,23594;6132;24476;37356;69712;63538;97389;13416;75794;483
evaluation,3244,4984;54016;12508;12048;12910;72334;92670;81522;11396;90
evaluation,3245,64882;96944;65562;60112;19760;17283;44930;7914;93922;1080
evaluation,3246,17326;85584;21170;32719;81572;79560;40714;49788;49044;24424
evaluation,3247,3792;99678;41078;22306;20302;86026;28452;2318;19372;48752
evaluation,3248,89932;75176;87370;90148;31584;5862;632;94748;65842;56312
evaluation,3249,887;71788;79794;38536;40608;2668;91884;798;7913;10814
evaluation,3250,2092;4740;51792;63472;7336;75582;98872;2694;52616;12
evaluation,3251,3792;2318;99678;22306;86026;41078;20302;19372;28452;3828
evaluation,3252,79807;79485;99234;88788;89024;53478;57182;6078;46196;86956
evaluation,3253,34814;90534;77080;74256;69164;38016;98102;89548;4594;31302
evaluation,3254,13152;42218;39388;6612;34718;7575;11532;35256;43157;80040
evaluation,3255,63862;11702;90635;90476;88748;78164;8276;71043;97662;4708
evaluation,3256,47200;10116;66106;81268;2594;9616;66098;92670;83264;18832
evaluation,3257,79516;13182;84324;16406;5498;39576;31412;24906;5362;71020
evaluation,3258,29116;2358;73268;40062;71066;3468;17048;72334;27658;5444
evaluation,3259,7724;8138;93094;19828;16420;16952;65981;26810;18310;35962
evaluation,3260,2162;40608;6246;89024;4014;1648;45228;42286;2855;4952
evaluation,3261,3792;22306;41078;2318;28452;99678;3828;51884;86026;390
evaluation,3262,80914;18214;3812;74766;7914;96169;93312;4014;89590;88944
evaluation,3263,98806;11938;3640;23713;12090;9712;318;27814;12318;34628
evaluation,3264,95621;3114;28510;86597;19510;41422;26350;33700;91864;25794
evaluation,3265,3434;35040;4952;46394;887;79794;73268;71788;2668;76644
evaluation,3266,13152;42218;39388;82523;73307;73644;82770;43157;82994;35256
evaluation,3267,51230;8190;96528;75794;54964;1030;97389;11598;49297;54016
evaluation,3268,87370;63862;74006;71043;88748;7284;1088;81145;39418;62322
evaluation,3269,19852;31550;16080;68262;12854;26970;54258;33492;10122;57048
evaluation,3270,40062;45572;47238;4996;47264;6851;3136;36385;77368;3306
evaluation,3271,90605;24581;2772;93798;12872;37602;1382;48400;3039;42716
evaluation,3272,62912;39296;46752;13892;83412;98210;87370;3020;73778;1422
evaluation,3273,68916;924;19280;47618;1247;88670;6224;48690;39624;48216
evaluation,3274,80668;18262;47264;89658;6006;1024;26528;54194;27818;7150
evaluation,3275,49080;63472;58215;53306;64736;894;58114;4740;54461;14604
evaluation,3276,64882;80952;65581;68932;87962;7914;85584;20264;57710;10760
evaluation,3277,77080;34940;38016;34814;69164;90534;36862;22306;17824;48752
evaluation,3278,35040;3434;887;2068;46394;4952;73762;71788;73268;49554
evaluation,3279,8032;99952;69582;43768;16836;32378;29874;30652;75834;51662
evaluation,3280,64882;96944;60112;65581;1248;7914;23754;59807;53672;23570
evaluation,3281,8138;4426;19828;93094;16952;3812;88944;7724;26810;16420
evaluation,3282,18430;46394;2668;27228;22144;73268;11808;1874;19760;78822
evaluation,3283,44930;10016;51394;41492;40608;33644;21370;33296;73730;73268
evaluation,3284,59807;60112;23754;23570;44442;1248;2920;88782;33416;13466
evaluation,3285,71404;5086;31706;29880;86510;9890;54786;45004;41602;23124
evaluation,3286,702;27124;19990;95318;86574;43844;52420;3612;55432;24216
evaluation,3287,30186;67834;3979;52234;52504;3308;41060;61967;91324;44738
evaluation,3288,73307;9124;71404;73644;82770;73418;73590;82523;82994;37938
evaluation,3289,946;68166;70210;29250;3979;3718;76728;10466;63768;71404
evaluation,3290,47940;9828;21516;2262;48140;21162;35124;66606;59410;14604
evaluation,3291,20350;34628;59480;50950;9712;12318;2894;318;14856;12090
evaluation,3292,77480;3792;22306;68166;54786;85539;85584;14162;21134;17326
evaluation,3293,1276;1900;54314;8416;24060;17778;3006;26392;89024;49076
evaluation,3294,62124;29270;282;15102;21636;11828;90438;20120;20360;6396
evaluation,3295,45102;60650;50290;69794;148;5676;256;62322;14132;11960
evaluation,3296,3662;31627;35836;95582;1366;86686;12290;7391;17824;73882
evaluation,3297,17778;91864;40608;1276;85584;552;81038;27412;43594;11308
evaluation,3298,8416;12535;2132;1276;2038;17612;3548;1500;9426;57596
evaluation,3299,3434;35040;887;73268;46394;4952;2668;71788;14152;2068
evaluation,3300,55806;64702;5983;30904;26412;28534;10276;18214;27228;22499
evaluation,3301,28456;55450;66098;24043;81268;39117;10116;29021;50031;83194
evaluation,3302,13152;39388;7575;11532;43157;34718;23632;6612;42218;98142
evaluation,3303,90635;11702;90476;88748;63862;97662;78164;4708;22494;8276
evaluation,3304,31132;26052;33838;80620;2190;9108;472;73778;39406;13182
evaluation,3305,68916;924;1247;19280;47618;6224;39624;88670;48690;78380
evaluation,3306,24581;68289;82060;13528;1568;1588;48420;17283;5948;36348
evaluation,3307,788;8712;49396;14171;37476;78928;15102;92410;282;96854
evaluation,3308,7138;28190;10528;92321;71694;17508;32160;69801;54802;83840
evaluation,3309,47556;25898;30942;41866;51392;77426;43308;37282;31950;48420
evaluation,3310,88748;90476;4708;82044;63862;97662;24434;32476;39419;1088
evaluation,3311,47556;54086;22816;42716;7576;5676;46522;1424;1442;19128
evaluation,3312,2996;81338;80230;17458;16406;10276;8276;81768;4418;46104
evaluation,3313,79494;11698;1184;50190;2144;10540;65281;77464;66914;69536
evaluation,3314,19208;21886;13182;8708;22436;65562;1148;83412;26052;92786
evaluation,3315,1030;24434;30328;3352;3608;96528;80664;16708;6338;29874
evaluation,3316,9332;11598;5020;10114;7762;13500;5862;30870;72294;8190
evaluation,3317,1030;24434;30328;3608;3352;96528;80664;16708;6338;9062
evaluation,3318,63862;11702;90635;90476;88748;78164;8276;4708;97662;71043
evaluation,3319,8982;12738;64320;2920;8708;26052;1788;90602;19208;21886
evaluation,3320,16064;7188;91582;13182;57920;41472;69578;29330;15282;33838
evaluation,3321,12008;2570;1962;9118;1736;7918;93232;10444;1002;9464
evaluation,3322,47758;74050;66908;36348;43760;36030;69394;27780;54356;3542
evaluation,3323,47556;54086;42716;7576;46522;22816;1424;1442;5676;72456
evaluation,3324,33556;13958;13712;15464;80434;1382;74050;522;76628;65160
evaluation,3325,40494;89798;42716;4688;2772;98476;90013;24581;98166;7576
evaluation,3326,2092;7336;63472;4740;98872;50040;2694;72828;10855;53306
evaluation,3327,15970;30359;50512;69510;44954;1615;18738;70506;85138;4946
evaluation,3328,2290;7762;17770;1002;1118;4416;9826;11108;584;8190
evaluation,3329,5766;89944;89480;66106;52452;19449;47200;13868;75452;19584
evaluation,3330,13152;39388;34718;42218;7575;35256;6612;73644;11532;82523
evaluation,3331,19208;21886;8708;83412;22436;92786;1148;13182;18028;65562
evaluation,3332,69888;39406;57338;31132;33270;10276;9108;89932;26052;50439
evaluation,3333,85138;21902;69394;89536;24690;72990;39356;55362;58602;50512
evaluation,3334,88748;4708;90635;97662;31510;90476;11702;76764;78164;12756
evaluation,3335,93312;19828;74256;398;60;7724;34814;392;16728;67048
evaluation,3336,72990;49358;41060;20212;96114;318;9890;60254;30186;41212
evaluation,3337,702;27124;54404;3612;16420;93448;43844;64102;26164;9552
evaluation,3338,33882;41130;76728;68166;30334;76818;6078;20766;34716;73644
evaluation,3339,47940;9828;60188;2262;59410;3032;23612;20912;97268;33492
evaluation,3340,702;51496;65522;19372;51662;86574;30874;2020;24226;53432
evaluation,3341,4960;96150;9762;58602;85138;4946;3975;53592;62528;31302
evaluation,3342,3792;99678;41078;22306;20302;28452;86026;2318;36862;53132
evaluation,3343,18364;31850;38928;92410;18726;18602;17508;74328;19132;36172
evaluation,3344,5752;74050;90;73044;9491;18214;22749;612;12998;25069
evaluation,3345,57048;56370;54258;46516;95586;2774;94560;7764;17864;38422
evaluation,3346,342;16728;8006;7830;12564;23718;41696;15360;36636;8020
evaluation,3347,49128;72119;75404;74426;82328;31088;72090;80654;28282;41078
evaluation,3348,61945;86597;15822;60662;20098;33416;84806;9846;12564;22872
evaluation,3349,80040;21886;3352;8982;2280;31012;1788;76460;72294;8708
evaluation,3350,66800;66560;24906;5362;20014;69356;25514;12738;91582;5498
evaluation,3351,90602;57868;27750;91582;29122;26052;37420;6612;57102;19208
evaluation,3352,6712;5676;6420;96422;6824;84164;5618;6244;94322;88670
evaluation,3353,4960;4946;96150;58602;9696;11528;53592;53912;3975;45206
evaluation,3354,59410;12952;96169;26824;66982;4154;73309;3970;35850;3812
evaluation,3355,62124;15102;282;29270;20120;90438;39318;78728;77252;50166
evaluation,3356,19208;21886;83412;8708;22436;92786;1148;13182;18028;65562
evaluation,3357,64882;96944;93922;60112;7914;65562;42320;44930;68932;59807
evaluation,3358,16420;16952;30826;93448;702;86574;80952;18746;7724;38248
evaluation,3359,58114;61540;14604;32466;26298;9388;12;4740;1637;8362
evaluation,3360,52616;58215;58114;1637;84776;71834;26298;14604;60400;90522
evaluation,3361,11328;22940;18310;8138;98806;26164;7724;11504;44450;93094
evaluation,3362,81357;66738;82836;73124;46797;61967;4934;2744;97741;68470
evaluation,3363,35850;23713;76816;66044;18310;61346;28366;12486;11308;41498
evaluation,3364,1060;5272;1410;8938;36098;23674;9908;18622;70630;28286
evaluation,3365,56460;85552;98853;22302;6134;17632;35060;15419;5272;22844
evaluation,3366,7724;8138;19828;93094;16420;18310;12486;16952;732;38558
evaluation,3367,92418;19852;31550;48782;4169;94242;20936;96246;7030;16080
evaluation,3368,47971;47940;11506;34454;33492;19282;37476;59410;97268;19374
evaluation,3369,54786;22306;77080;34814;65910;3926;3792;3828;70210;51884
evaluation,3370,79807;79485;99234;53478;89024;17778;12224;42582;3812;74766
evaluation,3371,62124;20120;29270;15102;282;90438;39318;76996;78728;59344
evaluation,3372,72119;49128;72090;74766;36592;90056;77510;98730;63880;75404
evaluation,3373,12535;91864;23124;9746;2880;10754;1276;96434;9426;3006
evaluation,3374,51230;9826;27266;54010;26198;97389;63538;99564;94954;45688
evaluation,3375,47200;39286;22090;66098;91580;55806;70131;28352;86654;45688
evaluation,3376,81268;32900;55450;10116;28456;52452;164;17508;23790;4688
evaluation,3377,79494;11698;2144;50190;69536;12686;31864;77464;28393;32814
evaluation,3378,63726;86956;91988;5212;51048;87336;74912;88788;87068;86577
evaluation,3379,3792;20302;92758;99678;2318;86026;41078;18640;57596;4118
evaluation,3380,342;16728;8006;18238;15360;7830;51884;95274;57164;41696
evaluation,3381,19040;11958;874;57164;33354;20952;85676;21448;18238;12854
evaluation,3382,22912;552;17778;91864;54314;1276;85584;40608;3114;27672
evaluation,3383,9890;45174;85584;17778;9110;21134;40714;27124;318;64026
evaluation,3384,60586;12292;47018;13608;4248;9730;19676;6219;82060;1732
evaluation,3385,52220;5354;57566;39318;59132;79576;68916;58506;6420;96822
evaluation,3386,97790;39212;102;30650;26570;98584;15363;77730;26364;11828
evaluation,3387,31974;1155;29266;13504;2536;3174;470;6042;532;5174
evaluation,3388,62124;282;29270;15102;90438;39318;20120;6396;11828;76996
evaluation,3389,7410;10528;92321;6006;7150;80668;19768;21515;27818;39509
evaluation,3390,13712;65160;30242;13958;29734;33556;6536;76628;28178;522
evaluation,3391,17326;32719;27124;85584;3600;51884;3140;20680;1958;45174
evaluation,3392,3792;99678;22306;2318;86026;20302;41078;28452;36862;3828
evaluation,3393,34026;9552;82523;30028;946;42218;84748;82994;82770;30874
evaluation,3394,81834;75920;5684;56168;74010;17902;75128;98080;15363;46532
evaluation,3395,41498;72670;16454;51148;17632;35962;12844;2540;9712;56460
evaluation,3396,887;4952;2668;40608;79794;71788;50512;38536;95606;63880
evaluation,3397,2290;6554;1118;8190;6594;13868;11108;10444;9100;6648
evaluation,3398,49302;11506;68262;9676;33492;19852;41328;58240;9948;95606
evaluation,3399,17778;35836;1098;12535;54220;58776;16622;77480;9890;5280
evaluation,3400,49128;72119;72090;82328;41078;57538;75404;31088;71904;74766
evaluation,3401,96114;26156;45638;34566;28282;49044;44166;77306;46230;49788
evaluation,3402,50852;40608;73882;47098;57710;19760;51372;87540;73124;43594
evaluation,3403,33638;9110;68698;48026;8724;38326;22476;5428;61108;42762
evaluation,3404,84806;91810;19510;1276;9940;64522;33700;69619;63880;26350
evaluation,3405,887;40608;10814;95606;91884;38536;71788;79794;9750;5572
evaluation,3406,946;6204;8006;61945;4856;15822;18640;76728;63768;73418
evaluation,3407,96434;34026;2880;72932;45478;47098;66364;45341;47012;92240
evaluation,3408,33700;19760;42762;214;73882;11758;50852;3114;51372;51048
evaluation,3409,91864;85584;17778;552;9750;40608;19510;27672;95606;3114
evaluation,3410,12211;51884;77080;390;80708;3926;41378;34940;58776;30760
evaluation,3411,16116;71330;28190;57388;45875;36385;11506;27818;96246;5086
evaluation,3412,89024;887;6246;4952;88788;33110;71788;2162;98690;2668
evaluation,3413,88748;4708;63862;90635;31510;82044;39419;76764;83398;27138
evaluation,3414,86891;48140;52750;4116;54802;54908;6778;23790;11506;10392
evaluation,3415,86956;74912;46450;420;91988;4952;19776;46196;87336;88788
evaluation,3416,4960;10887;46058;96150;74800;16574;4276;58602;11528;9696
evaluation,3417,15924;16128;15926;16622;3008;79560;1098;19846;9110;1958
evaluation,3418,68262;35060;56460;15419;33016;17632;22302;98853;85552;63170
evaluation,3419,64882;93922;60112;96944;17283;59807;7914;44930;68932;97838
evaluation,3420,96238;26810;74256;20350;39488;71126;91970;34814;32814;6202
evaluation,3421,19852;4592;96103;12070;29154;4894;18262;96246;92418;68262
evaluation,3422,65581;55806;26182;96944;14512;82036;95904;46797;53672;12952
evaluation,3423,3975;5642;19372;4946;55362;3792;58602;4276;99678;86026
evaluation,3424,31152;2760;2734;46748;39102;90712;84324;1148;26052;12738
evaluation,3425,30904;50070;26312;22090;32750;39286;7226;91580;35032;79358
evaluation,3426,88748;4708;32476;31510;11702;39419;32294;90635;39576;8276
evaluation,3427,79494;11698;69536;2144;50190;31864;37800;12686;28393;36387
evaluation,3428,97662;90635;90476;88748;22494;32294;78164;76764;39576;17368
evaluation,3429,32160;32120;32384;89894;34504;30642;82350;50491;31868;82920
evaluation,3430,12854;13338;14454;80668;10310;27298;54194;22450;20848;40608
evaluation,3431,44544;86548;71502;85412;56728;22893;17283;20014;12110;53432
evaluation,3432,93922;73730;44930;96944;97838;60112;1248;64882;23112;79524
evaluation,3433,75986;68262;23112;57048;22302;3032;5788;2894;21470;33016
evaluation,3434,4960;9696;96150;11528;58602;45206;53592;53912;4946;3975
evaluation,3435,17770;3132;6194;9332;3064;13500;5020;92198;13896;7762
evaluation,3436,78532;91580;30904;29152;33269;7226;79358;7575;47440;50070
evaluation,3437,80040;2280;1788;3352;8982;98960;21886;8708;37420;76460
evaluation,3438,1146;3174;5174;59344;37248;28816;6042;54282;2536;9160
evaluation,3439,47556;5676;42716;7576;22816;89798;1424;1442;72456;46522
evaluation,3440,3718;7064;7648;26810;19828;5912;88660;3812;74256;95621
evaluation,3441,33882;76728;41130;14748;73644;15822;70506;9846;84748;37938
evaluation,3442,64882;53672;6538;46046;7914;96944;65581;50852;42320;41394
evaluation,3443,8138;7724;93094;19828;16420;732;16952;61065;3812;18310
evaluation,3444,61540;58114;14604;84776;12;26298;9388;4740;58215;8362
evaluation,3445,16116;71330;5086;96246;45875;25102;33492;50491;95586;28190
evaluation,3446,8102;13067;81666;9182;29490;46460;8914;71026;68414;2248
evaluation,3447,47940;34454;37476;19282;11506;47971;68262;33492;3032;97268
evaluation,3448,23924;27672;53190;64068;54243;53398;3928;22646;43594;18746
evaluation,3449,85676;84748;50512;50602;50280;98690;30359;7630;44954;85138
evaluation,3450,38016;34814;77080;14722;34940;64376;9720;14162;9890;14274
evaluation,3451,798;20848;17778;6246;398;887;71788;89024;20744;4952
evaluation,3452,34026;9552;50018;82523;82994;51956;50280;30028;82770;42218
evaluation,3453,2098;54282;89834;22132;37248;49056;52526;15716;28816;31042
evaluation,3454,96434;8008;34026;47098;2880;19030;20744;90056;65910;85676
evaluation,3455,35040;3434;46394;4952;73268;887;79794;2668;76644;71788
evaluation,3456,31264;35836;18238;77510;80708;7391;58776;28282;41078;12402
evaluation,3457,79212;47200;94410;26052;14072;23214;35032;27228;31132;68798
evaluation,3458,55450;66098;1695;81268;18018;24043;7426;2008;56112;89480
evaluation,3459,97806;97259;17458;74808;1680;80230;1240;495;3678;4708
evaluation,3460,8138;41498;11328;7724;18310;9712;93094;35962;2492;28366
evaluation,3461,59410;10798;30088;19416;52600;73730;14604;26970;26298;54404
evaluation,3462,68916;59280;55310;55641;924;2380;1247;54282;140;18872
evaluation,3463,64354;69662;8604;18775;6536;65160;10528;39509;4628;90605
evaluation,3464,64882;96944;60112;93922;65562;7914;44930;42320;17283;19760
evaluation,3465,26556;24728;12318;2392;12090;9712;1684;73058;45562;34628
evaluation,3466,41528;8016;53306;63472;61540;49080;58215;8941;2062;26298
evaluation,3467,81357;73124;66738;68470;2744;46797;34174;82836;61967;17626
evaluation,3468,60400;1637;58114;71834;26298;51792;63472;29266;90522;2694
evaluation,3469,32866;65180;46460;61762;5001;53398;49774;50186;3166;85654
evaluation,3470,41528;53306;8016;63472;2062;49080;4894;8941;76492;61540
evaluation,3471,8138;72670;2492;16454;9712;2035;28366;858;2540;51148
evaluation,3472,35060;56460;15419;68262;33016;17632;22844;24592;22302;36098
evaluation,3473,3792;17326;32719;3828;14722;34814;54786;22306;85584;14162
evaluation,3474,34026;9552;30874;74646;50018;20744;14060;29888;58370;7699
evaluation,3475,31412;33838;34916;80638;78702;85110;87370;75176;93488;85388
evaluation,3476,96912;54194;41162;30316;62944;17530;33416;19760;97786;32120
evaluation,3477,93922;64882;96944;17283;60112;91992;97838;19760;51262;59807
evaluation,3478,7724;19828;26810;88944;3812;93094;96169;8138;16420;30070
evaluation,3479,57962;59344;10142;1094;31974;2536;6042;32318;9762;24478
evaluation,3480,28376;98636;41092;93030;19128;8136;20936;56155;574;522
evaluation,3481,26780;35032;79952;70131;79358;55806;50070;76944;91580;14512
evaluation,3482,3264;3040;71934;1588;48400;1568;93798;62266;98636;6536
evaluation,3483,64354;18775;86594;17956;63404;69662;56012;13888;13668;8604
evaluation,3484,35124;88676;910;94242;780;1024;37602;31456;24581;48420
evaluation,3485,65880;1236;33110;4434;2068;6532;92758;18872;4952;44784
evaluation,3486,15419;85552;98853;6134;56460;17632;858;33016;22844;2462
evaluation,3487,12486;3979;23713;35962;18310;64068;82836;42582;14856;23778
evaluation,3488,68262;22302;56460;15419;5788;75986;23112;16080;38168;37224
evaluation,3489,64882;96944;93922;60112;7914;44930;19760;1248;97838;65562
evaluation,3490,34026;9552;82994;82523;81038;30028;12426;53586;30874;50018
evaluation,3491,88748;4708;32476;31510;24504;22494;32294;80230;90635;11702
evaluation,3492,6396;3468;77368;36385;6960;17864;28821;1071;3136;79792
evaluation,3493,7898;98636;4166;1568;66680;3040;42148;94034;93798;71934
evaluation,3494,28452;65002;1958;57538;2318;71904;80654;25554;31088;65584
evaluation,3495,29028;12;51792;2092;4740;27150;2694;75582;15205;8362
evaluation,3496,54194;96912;62756;64882;97786;19760;34454;33416;1260;95904
evaluation,3497,19208;8708;21886;83412;13182;22436;26052;1148;5498;30704
evaluation,3498,19852;68262;49302;16080;12854;26970;31550;75986;33492;25442
evaluation,3499,97259;97806;23632;57876;3662;8451;4494;17458;99952;14726
evaluation,3500,49932;98960;8708;76136;3352;8330;50956;4664;34916;76460
evaluation,3501,86510;5086;45004;68560;9916;47278;39192;7830;99060;4116
evaluation,3502,73307;73590;9124;37938;71404;73644;73418;75834;67128;76818
evaluation,3503,26182;91992;72210;24652;23754;56948;16010;56880;23570;79360
evaluation,3504,28536;54010;94954;2054;26780;80230;19260;35402;79212;76944
evaluation,3505,83264;81268;66098;34536;56112;35832;55450;50439;83194;66106
evaluation,3506,47084;9826;41536;21420;13722;37356;70200;65393;72334;880
evaluation,3507,5542;5620;9118;4468;13868;11476;582;2056;4368;4218
evaluation,3508,86396;9839;19546;70642;24498;19128;48610;3352;44234;21508
evaluation,3509,36385;28821;57388;71330;82350;16116;39220;31234;47264;6396
evaluation,3510,32160;32120;34504;50491;50990;30642;25102;8786;82350;89894
evaluation,3511,62756;54194;48420;3032;14992;91637;21888;96822;57884;7030
evaluation,3512,32120;32160;27456;57884;34504;50491;1024;32384;25126;30642
evaluation,3513,79212;97636;64354;81522;4628;6536;17354;6180;9082;31950
evaluation,3514,66034;1968;52476;29250;96434;52504;92890;87728;39192;412
evaluation,3515,31202;81338;81768;10276;18388;2996;11704;30704;20014;46752
evaluation,3516,2734;17368;13182;76460;20662;8982;31132;472;1148;31152
evaluation,3517,85584;32719;49788;17326;40714;33638;87728;65584;168;71904
evaluation,3518,1276;17494;54243;43594;81038;92240;3548;40608;7254;17778
evaluation,3519,94410;78702;2594;85706;14780;23214;10850;52452;72294;80866
evaluation,3520,88460;71694;6536;98636;62944;76628;19128;65160;21515;92321
evaluation,3521,59226;65646;49302;29594;68590;43768;14152;21420;79576;72334
evaluation,3522,48400;93798;71934;7138;68482;59134;90605;3040;22568;98636
evaluation,3523,44024;14550;99796;21471;97292;52504;1248;29490;22862;52476
evaluation,3524,32719;91864;17326;71904;27124;85584;33638;45174;23124;87728
evaluation,3525,64354;63404;18775;8604;27084;95153;56012;24650;20666;97930
evaluation,3526,83276;64750;64404;68842;1022;87572;29594;1444;7466;2744
evaluation,3527,68262;56460;15419;35060;33016;22302;24592;17632;98853;85552
evaluation,3528,35850;28366;18310;96169;23713;732;2492;38558;12486;71963
evaluation,3529,31080;51448;18814;32020;35572;36480;19767;93546;35812;16264
evaluation,3530,3792;99678;2318;86026;20302;22306;28452;19372;48752;3828
evaluation,3531,91582;36426;69578;36258;46748;40364;33838;26052;5498;56140
evaluation,3532,81145;62912;24434;34916;89932;80638;85388;54964;75176;46752
evaluation,3533,51448;46412;32754;84162;19767;40802;98166;8506;75858;31080
evaluation,3534,2982;78962;5946;48690;30758;97120;3136;3306;7642;90013
evaluation,3535,35124;910;37602;780;94242;63958;88676;28376;66606;38422
evaluation,3536,4688;82060;24581;40494;54482;1472;27084;41866;1382;1084
evaluation,3537,12756;71108;79516;4708;19344;48360;71418;47896;36426;6136
evaluation,3538,95274;57596;22006;71904;42784;186;11574;12864;73720;3006
evaluation,3539,81038;91864;2038;3006;57596;7254;1276;3548;186;18775
evaluation,3540,8416;1276;54220;10814;9426;2038;3548;87800;17612;57596
evaluation,3541,56728;3670;66560;47430;69356;66800;33222;4536;6136;79516
evaluation,3542,57048;54258;94560;2774;56370;95586;46516;35060;612;80588
evaluation,3543,24728;2392;11132;9712;2894;1684;26414;26556;71718;24458
evaluation,3544,68262;75986;23112;35060;5788;22302;57048;33492;56460;76074
evaluation,3545,97636;48610;93860;90605;2654;2474;13212;18320;6851;259
evaluation,3546,19760;42320;7914;73124;44930;29250;97838;88782;17530;46460
evaluation,3547,22306;77080;3828;98730;51884;3792;34940;34814;14722;32719
evaluation,3548,4960;96150;4276;55362;53592;3975;38750;11528;9696;46058
evaluation,3549,34504;4116;86891;6042;85884;78402;18466;140;57390;26364
evaluation,3550,887;4952;40608;79794;89024;71788;33110;2668;88788;38536
evaluation,3551,34026;9552;82523;82994;30028;42218;946;82770;30874;3472
evaluation,3552,66098;24043;55450;81268;22090;18018;52452;56112;31790;1695
evaluation,3553,66106;34536;81268;10116;55450;35832;83264;22090;1695;19449
evaluation,3554,1030;3608;96528;7191;29874;3742;39618;79494;37800;6886
evaluation,3555,30186;52234;42218;23859;40971;13067;61420;66364;98142;64522
evaluation,3556,42784;874;12864;186;11574;53472;1430;12211;12290;40714
evaluation,3557,85884;59750;82920;34504;26364;82350;65370;32120;32160;44598
evaluation,3558,85676;95606;44954;2880;27124;51596;45026;45930;45875;84748
evaluation,3559,3975;50512;55362;4276;2068;58602;44954;4946;36862;53592
evaluation,3560,89548;58484;61616;90534;49124;8524;13598;65606;6136;37080
evaluation,3561,77080;53651;65880;69164;38016;95980;61616;34940;98690;99476
evaluation,3562,23218;4468;5620;582;2056;28248;4368;11476;1118;6184
evaluation,3563,79212;47200;94410;23214;78532;55806;26052;14072;50956;31132
evaluation,3564,6396;36385;28821;48866;3468;68052;6152;40062;77368;6960
evaluation,3565,79360;8982;56880;16010;56948;16064;57290;2188;31012;45964
evaluation,3566,27456;32384;32160;32120;57884;25126;50491;30642;50990;1024
evaluation,3567,19852;39760;4169;18726;20936;164;83840;87554;56106;16080
evaluation,3568,24690;23210;95082;43918;52220;59770;32160;26970;61762;43600
evaluation,3569,2760;12738;96473;83904;57410;13182;90602;5498;56786;56358
evaluation,3570,56460;17632;15419;22844;42248;44702;29722;6134;24592;22302
evaluation,3571,74260;52234;13466;31216;21632;17626;30186;12998;29250;53190
evaluation,3572,59410;30088;10798;19416;52600;14604;68262;54404;26298;26970
evaluation,3573,6828;28676;59526;92240;24326;8112;98080;92418;17326;30148
evaluation,3574,17326;85584;81572;49044;40714;79560;32719;21170;49788;85539
evaluation,3575,1106;26350;5212;88788;86956;91864;46450;6616;25794;74912
evaluation,3576,47200;27228;80040;88014;68798;55806;80866;10116;14512;38887
evaluation,3577,1962;2570;12008;1002;7918;93232;10444;1736;13986;3368
evaluation,3578,10004;39488;33492;68262;5001;35060;1494;73730;13466;39404
evaluation,3579,62756;54194;6778;1940;98012;10290;34454;7913;3032;50990
evaluation,3580,5912;26810;19828;7472;91970;88944;29888;93094;20684;3438
evaluation,3581,2262;20912;34244;96444;96414;99654;84748;17626;94218;1072
evaluation,3582,4934;40440;34288;40971;80850;52504;98142;95318;24728;24216
evaluation,3583,75176;90148;89932;5862;12686;632;13252;10720;22254;98210
evaluation,3584,89548;406;90534;61616;33110;58484;4118;14132;3600;13598
evaluation,3585,34504;85884;26364;57390;86891;78402;32160;32120;6042;1155
evaluation,3586,95606;27124;19990;27412;38750;14454;10122;34104;85676;3140
evaluation,3587,9592;23626;80112;10682;30864;98730;20680;72090;48782;10894
evaluation,3588,17186;61616;65606;91580;49124;2068;46196;62902;90534;22784
evaluation,3589,70131;74196;39286;21694;18018;41162;75452;22499;62266;8451
evaluation,3590,50990;50491;32384;27456;32160;89894;28190;1024;32120;25126
evaluation,3591,6712;57884;48400;91637;37282;51392;31950;34504;30942;622
evaluation,3592,62756;54194;6778;7030;2267;18590;98012;26556;1940;14578
evaluation,3593,16010;72210;26412;23890;46878;70474;41866;56948;5814;41472
evaluation,3594,2262;3032;47971;62756;34268;8941;20912;2054;98012;47940
evaluation,3595,1094;1247;19280;88670;39624;21280;924;69794;48690;47618
evaluation,3596,52764;13958;30242;57514;33556;13712;29734;3032;28376;26514
evaluation,3597,46460;11060;21632;85654;18512;2855;52266;53586;40971;2744
evaluation,3598,64882;53672;96944;23570;65581;6538;23754;93854;1248;95904
evaluation,3599,946;71404;84748;51956;73644;99654;91324;29250;43157;68166
evaluation,3600,20912;2262;98690;96822;34244;5096;17626;72814;52526;8941
evaluation,3601,30672;6134;60172;22844;24259;46336;33016;37794;2784;10730
evaluation,3602,19852;16080;57048;31550;54258;56370;83840;5788;20936;92418
evaluation,3603,51392;30942;91637;37282;26104;94034;6712;27456;54086;16114
evaluation,3604,31080;51448;32020;18814;35572;45237;36480;93546;16264;19767
evaluation,3605,11702;2734;64986;24906;8276;88660;56728;78164;78852;16406
evaluation,3606,59296;27626;73307;73590;82523;71404;73418;73644;82994;35256
evaluation,3607,972;27386;6278;18466;51696;3174;36572;4418;97102;22492
evaluation,3608,30186;66364;52234;22960;29110;23859;50916;42218;52476;24326
evaluation,3609,28930;43850;22476;3274;44544;26414;3308;57596;34628;6078
evaluation,3610,18786;21260;5814;18872;59344;11828;28946;36280;1472;72210
evaluation,3611,20974;52616;90522;8362;64736;75582;58215;894;27042;49080
evaluation,3612,3792;48752;99678;3828;22306;19372;36862;22078;86026;34940
evaluation,3613,20116;67762;2020;25778;86891;32716;42762;4116;12292;9951
evaluation,3614,9100;1118;2570;1896;9826;26412;10444;8190;19114;13986
evaluation,3615,39419;48050;88748;89232;4708;22494;97662;32476;24906;92788
evaluation,3616,57048;35060;94560;2774;4628;54258;56370;10052;96854;46516
evaluation,3617,27386;3646;29858;34011;27107;71694;74196;82350;4169;35402
evaluation,3618,1146;47926;71646;3174;57410;68114;80286;57756;5174;24616
evaluation,3619,71934;7898;3040;23092;3264;98636;19128;41092;73026;8136
evaluation,3620,44154;33016;22844;56460;44702;72670;85552;15419;6134;98853
evaluation,3621,93922;64882;96944;44930;60112;65562;97838;17283;19760;59807
evaluation,3622,91582;90602;25514;56786;4536;71108;33222;29122;3670;79516
evaluation,3623,85584;17326;40714;53132;49044;36862;32719;81572;51884;17014
evaluation,3624,4946;4276;14402;65606;3975;15774;58602;9696;85676;98690
evaluation,3625,75176;98210;5862;89932;90148;22254;12686;632;10720;28393
evaluation,3626,62756;32120;1024;54194;32160;94242;27818;96912;12854;30642
evaluation,3627,31868;81050;37080;89798;93969;59134;2982;30296;26862;4688
evaluation,3628,3812;88944;96169;26810;19828;15224;89918;9104;7724;74192
evaluation,3629,6202;4100;18786;5086;4664;97516;11758;22646;99060;1494
evaluation,3630,98853;85552;15419;6134;56460;17632;2462;68262;73730;71330
evaluation,3631,93922;64882;97838;60112;612;59807;96944;1248;17283;19760
evaluation,3632,3032;61065;20386;30242;11930;27158;29734;34454;282;96822
evaluation,3633,3792;19372;20302;3828;99678;22306;86026;54220;5642;48752
evaluation,3634,55450;1695;7426;66098;56112;24043;81268;2008;39117;18018
evaluation,3635,1030;24434;3686;96528;30328;13974;3352;18278;3608;79494
evaluation,3636,97806;97259;26104;60596;70642;14726;12850;68078;99334;2652
evaluation,3637,64354;69662;65160;14992;27084;18775;37282;6536;39509;63404
evaluation,3638,78380;1072;6824;6420;47618;6244;68916;20446;26858;44310
evaluation,3639,97806;97259;14726;60596;1071;9839;99334;12850;26104;92358
evaluation,3640,91992;23754;26182;23570;69510;5948;44442;43392;7914;36064
evaluation,3641,5642;3792;19372;4946;55362;58602;99678;3975;22078;20302
evaluation,3642,5912;19828;3718;26810;7472;34814;31706;88944;74256;3812
evaluation,3643,4960;96150;9696;11528;46058;4276;53592;4946;45206;58602
evaluation,3644,97120;28178;18330;1080;522;26104;62213;13712;92358;59226
evaluation,3645,55450;66098;56112;1695;81268;39401;24043;18018;10116;39117
evaluation,3646,52886;90534;2967;20986;77080;66172;38016;17014;69164;52750
evaluation,3647,10528;19852;69662;724;3174;56766;49302;5788;1268;41328
evaluation,3648,3646;47200;34011;8136;57514;38887;80866;81666;27386;27107
evaluation,3649,788;8712;14171;78928;2407;92410;10688;31622;36917;29480
evaluation,3650,340;63880;69619;92758;91110;376;65556;16114;19674;398
evaluation,3651,41602;14162;36200;40714;14274;45174;33638;77480;85584;3140
evaluation,3652,12070;9948;15205;68262;14171;1155;27076;75986;35378;57884
evaluation,3653,34504;85884;32160;82920;59750;54786;72940;51884;32120;82350
evaluation,3654,91992;26182;23570;23754;69510;16850;13342;82036;8062;43392
evaluation,3655,52234;30186;42218;23859;66364;8208;61420;13067;44024;40971
evaluation,3656,2262;20912;68414;96444;96414;94218;34244;20936;84748;8102
evaluation,3657,26350;47098;30090;398;48026;16114;86723;47018;9940;49003
evaluation,3658,45930;45875;51596;7988;85676;44954;84748;45174;38532;27124
evaluation,3659,97959;99516;99476;71126;2068;22784;28178;30296;29674;18680
evaluation,3660,78164;18706;90476;22494;39419;90635;97662;17368;39576;88748
evaluation,3661,8708;95384;39102;34268;31152;80620;99952;76944;80286;21886
evaluation,3662,68916;47618;924;55310;78380;55641;26364;48216;13212;48690
evaluation,3663,64354;69662;65160;18775;17956;14992;63404;6536;39509;19768
evaluation,3664,4536;3670;20014;66800;2280;13182;5362;5498;472;46748
evaluation,3665,340;63880;69619;92758;91110;65556;376;16114;19674;398
evaluation,3666,87370;74006;62061;84776;44234;61190;24498;27138;214;10408
evaluation,3667,55450;7426;1695;24043;66098;39117;56112;18018;5766;39401
evaluation,3668,88748;11702;90635;8276;94214;4708;76764;63862;39388;97662
evaluation,3669,3662;11916;35836;48752;7391;1366;17824;95582;31264;12290
evaluation,3670,11702;63862;88748;90635;90476;78164;97662;62322;22494;17368
evaluation,3671,26350;86723;48026;47098;16114;41422;19510;30090;798;42762
evaluation,3672,33270;89932;37420;86108;80664;28534;28352;25612;85388;31584
evaluation,3673,5498;98194;48360;29410;76232;33838;25612;41068;13182;71108
evaluation,3674,3792;99678;22306;2318;41078;20302;86026;28452;36862;3828
evaluation,3675,39419;89232;48050;32476;88748;22494;83398;98194;17368;97662
evaluation,3676,3975;18738;58602;30359;4946;69510;99654;84748;60453;70506
evaluation,3677,4418;17458;99334;97259;2351;1736;60453;3256;97806;26090
evaluation,3678,75176;89932;98210;90148;5862;13252;12686;13892;10720;632
evaluation,3679,39356;21902;69394;89536;15970;29268;80840;85138;9182;74808
evaluation,3680,35124;9828;21320;47940;63958;58578;1024;14160;58240;48198
evaluation,3681,946;552;84748;4014;99654;29250;87336;3979;5428;71404
evaluation,3682,22306;410;96854;38016;84806;19372;13528;36862;3792;5642
evaluation,3683,49128;82328;72119;75404;41078;57538;80654;72090;28282;28452
evaluation,3684,77080;34940;51884;14722;3792;34814;3828;17326;14162;98730
evaluation,3685,17326;32719;85584;51884;81572;3792;45174;87728;10636;33638
evaluation,3686,55450;1695;18018;7426;39401;56112;81268;66098;39117;5766
evaluation,3687,77510;31627;31264;5506;442;50268;80112;52886;18238;91118
evaluation,3688,46252;76996;4100;48576;99060;77730;43550;45004;2098;9916
evaluation,3689,99678;3792;86026;22306;20302;19372;3828;5642;48752;22078
evaluation,3690,9074;15200;38326;1826;76818;68136;23338;7472;87540;35378
evaluation,3691,82036;1615;30359;59882;18738;28764;46797;69510;54640;87572
evaluation,3692,9592;75576;48782;77326;7988;80112;22752;10682;30864;83100
evaluation,3693,26350;86723;75576;16114;398;82906;47098;33700;9750;41422
evaluation,3694,340;63880;376;69619;25770;65556;19674;332;12402;20814
evaluation,3695,55450;66098;1695;56112;24043;7426;18018;39401;39117;10116
evaluation,3696,97259;97806;81145;99952;23632;49986;4494;17458;82649;35884
evaluation,3697,90635;90476;88748;63862;11702;78164;8276;83552;97662;55684
evaluation,3698,91582;5362;46748;4536;69578;19208;29330;5464;40364;36426
evaluation,3699,11960;47618;6824;6244;68916;48690;17956;5946;5680;14171
evaluation,3700,62756;2262;3032;9828;20912;47971;50491;8941;47940;47264
evaluation,3701,22494;78164;97662;88748;18706;39419;4708;17368;90476;83398
evaluation,3702,73268;51394;44930;10016;9712;33644;73730;5990;76492;64102
evaluation,3703,69510;91992;17186;26182;51696;62528;30316;60586;5444;67048
evaluation,3704,15419;56460;6134;85552;98853;17632;22844;33016;22302;35060
evaluation,3705,26350;48026;47098;86723;16114;45305;71788;41422;91988;398
evaluation,3706,376;63880;340;69619;77510;18055;22752;46522;14895;7988
evaluation,3707,21694;70131;7226;27266;23702;79646;10062;14072;47430;4383
evaluation,3708,79494;49932;98960;8708;11698;3668;50190;3352;76136;1788
evaluation,3709,32160;32120;34504;50491;27456;1024;32384;25126;78402;89894
evaluation,3710,3662;11916;35836;7391;48752;95582;12290;41078;31264;1366
evaluation,3711,64354;63404;17956;8604;97108;5256;56012;69662;56936;64626
evaluation,3712,96114;26156;23626;30629;30760;45638;28282;3294;300;69626
evaluation,3713,68916;47618;48690;924;48216;55310;78380;1247;26364;55641
evaluation,3714,46460;11060;21632;18512;85654;2855;52266;2744;40971;49774
evaluation,3715,33556;13712;76628;41092;15464;65160;71540;80434;13958;6536
evaluation,3716,32866;61762;65180;46460;85654;6828;95082;6278;8102;5001
evaluation,3717,19852;31550;92418;18726;18364;48782;3194;48140;50491;68262
evaluation,3718,33882;73644;83100;41130;76728;99654;9696;55362;4276;46232
evaluation,3719,40971;52504;40608;11930;4944;3032;30186;21632;52476;8102
evaluation,3720,4960;4276;46058;96150;45206;58602;3975;55362;53912;9696
evaluation,3721,72090;10894;1706;9592;2222;80112;5320;10682;77326;12402
evaluation,3722,10404;19961;6618;2436;4368;23218;8812;5620;1308;582
evaluation,3723,11702;63862;88748;90635;78164;71043;48048;79516;12756;90602
evaluation,3724,87370;94748;98376;89932;90148;39418;41830;98210;75176;632
evaluation,3725,64354;63404;86594;8604;27084;69662;56936;65160;56012;17956
evaluation,3726,31868;81050;37080;93969;59134;34504;164;89798;50990;25126
evaluation,3727,11828;24760;72210;11308;1940;36604;5814;38784;69712;18786
evaluation,3728,13182;4708;83904;87370;56564;2190;27138;23702;88748;65696
evaluation,3729,4536;66800;13182;74152;20014;37420;5498;46104;2760;69356
evaluation,3730,30359;96444;96414;50512;18738;84748;34268;44954;1615;6495
evaluation,3731,35058;96414;4664;96444;91172;30192;2926;10004;50491;34244
evaluation,3732,73309;12952;35850;64068;8914;844;17626;54404;6716;62560
evaluation,3733,20814;4960;63880;86597;6204;60662;35402;8008;27626;61945
evaluation,3734,99234;79807;3346;410;3704;79485;46196;4952;9940;57182
evaluation,3735,61616;89548;59630;10122;65606;13598;73720;6136;58484;2967
evaluation,3736,55450;1695;66098;7426;18018;81268;39401;5766;56112;89944
evaluation,3737,27266;92650;7226;39286;79646;14072;38920;79358;50070;99564
evaluation,3738,79212;23214;47200;22282;81338;94410;14512;17458;8982;27228
evaluation,3739,32160;32120;65370;32384;34504;78402;30642;50491;25102;89894
evaluation,3740,788;8712;14171;78928;83840;36917;96854;92410;2407;754
evaluation,3741,96944;60112;64882;7914;91992;59807;44930;93922;65581;65562
evaluation,3742,35058;20912;96414;96444;2926;4664;29250;21958;42068;91172
evaluation,3743,12314;77080;8941;1022;29154;52504;3438;13466;27124;7030
evaluation,3744,88782;73124;2996;5366;5948;15970;26090;1148;1248;40608
evaluation,3745,42784;874;186;12864;11574;53472;12211;1430;40714;12290
evaluation,3746,376;340;63880;25770;69619;65556;76738;33110;332;19674
evaluation,3747,72090;1706;28282;8008;48782;77326;80112;9592;98730;27298
evaluation,3748,25778;67762;20116;43010;47018;2020;9392;9951;4116;97516
evaluation,3749,55450;7426;1695;66098;18018;24043;5766;56112;39117;39401
evaluation,3750,5862;9118;584;6554;2398;8812;3132;9491;1118;1434
evaluation,3751,22282;99020;14512;70131;79952;26780;94410;24906;55806;86654
evaluation,3752,88660;66438;57102;65696;56564;11702;71020;27138;71126;66866
evaluation,3753,98166;98476;79296;6894;6396;30232;11828;72499;16215;43522
evaluation,3754,68916;924;1247;47618;5354;48216;19280;6224;39624;88670
evaluation,3755,68916;924;1247;19280;47618;39624;88670;48690;6224;48216
evaluation,3756,2054;4996;47971;94954;77368;47264;20848;33556;23112;39404
evaluation,3757,29154;12314;1022;19852;40971;52504;8208;77080;42218;44738
evaluation,3758,10142;89916;41328;6042;9762;12492;41302;120;81050;1094
evaluation,3759,11702;88748;19962;62322;4708;17368;90635;63862;24498;90602
evaluation,3760,22494;78164;17368;97662;39419;39576;18706;76764;90476;89232
evaluation,3761,18706;90635;78164;71108;88748;62061;2652;87370;39419;29410
evaluation,3762,91582;4536;33222;56786;79516;25514;46748;3670;56728;66560
evaluation,3763,20198;13310;32584;50588;9910;6828;13888;27658;622;38178
evaluation,3764,94616;24690;8760;10316;15884;23210;43918;47018;10998;61156
evaluation,3765,77464;10540;79494;36387;50190;23214;99806;73850;93120;80040
evaluation,3766,88944;19828;7724;26810;8138;3812;93094;30070;16420;96169
evaluation,3767,2396;89590;93312;74256;8336;41376;4588;31698;5542;90534
evaluation,3768,69510;67048;91992;3975;80840;2248;6278;99654;16850;65981
evaluation,3769,28366;26556;88594;2604;6278;24728;62560;2894;20350;2492
evaluation,3770,19828;88944;7724;26810;8138;93094;3812;16420;96169;16952
evaluation,3771,19372;5642;3792;55362;3975;4946;99678;58602;86026;48752
evaluation,3772,34026;9552;30028;82994;50018;82523;74646;30874;82770;81038
evaluation,3773,79807;99234;79485;2526;3106;3346;53478;89024;86956;46196
evaluation,3774,1155;38784;39186;96822;33296;9948;57390;118;21996;86891
evaluation,3775,376;340;63880;69619;25770;65556;19674;33110;77510;398
evaluation,3776,61616;89548;90534;65606;69164;49124;38016;77080;62096;58484
evaluation,3777,55450;1695;66098;7426;24043;81268;18018;10116;56112;5766
evaluation,3778,68916;55310;59280;9160;55641;8712;9948;924;93448;29722
evaluation,3779,71694;2026;7138;22568;17508;41328;90605;62944;61570;74196
evaluation,3780,3032;62756;96822;2262;8941;54194;47971;31234;140;20912
evaluation,3781,5354;5680;47618;96422;28948;6244;6224;22816;62756;47556
evaluation,3782,98872;63472;50040;37450;4740;64736;58215;51148;54461;59986
evaluation,3783,11436;44378;44450;3600;21471;11328;18310;74194;22302;44702
evaluation,3784,38326;9074;1826;74766;60042;27412;42582;27672;99654;21958
evaluation,3785,1276;1494;74844;9370;8102;5086;186;4664;4394;11568
evaluation,3786,73644;33882;76728;41130;70506;15822;4946;99654;4276;46232
evaluation,3787,40971;52504;30186;40608;11930;4944;3032;52476;44738;43390
evaluation,3788,3658;6828;6495;54812;97292;29722;5484;25069;3944;35058
evaluation,3789,83276;64750;64404;68842;74540;77100;14550;72670;52504;82679
evaluation,3790,54640;82036;28764;46797;44954;20264;30359;69510;87572;95186
evaluation,3791,4169;20936;25102;1260;45341;68262;2380;57048;54786;16080
evaluation,3792,32476;88748;31510;4708;22494;32294;83398;11702;81768;39419
evaluation,3793,18706;22494;78164;97662;88748;4708;39419;39576;90476;31510
evaluation,3794,10116;50031;55450;5766;83264;81268;584;19264;66098;52452
evaluation,3795,68916;924;1247;47618;19280;39624;48216;48690;6224;21516
evaluation,3796,19852;31550;20936;10122;49302;4169;94242;16080;96246;3438
evaluation,3797,68590;38887;73242;19090;1766;69256;21238;40310;6219;81145
evaluation,3798,98166;6894;98476;30296;30232;72499;11828;29674;29480;93546
evaluation,3799,46460;5001;61762;49774;85654;65581;17328;71026;81357;50186
evaluation,3800,77080;3438;42320;75576;12314;52504;54786;1787;98690;52234
evaluation,3801,59750;3032;4592;11506;24728;95318;11930;39192;77080;14836
evaluation,3802,10116;5080;50031;81268;55450;24043;66098;28456;83194;50439
evaluation,3803,86594;96422;69626;39509;2836;9762;7913;1756;35592;1071
evaluation,3804,92786;23214;18028;21886;10276;81768;81338;80230;57410;2920
evaluation,3805,9910;20198;54812;6828;13310;32584;27658;12716;7064;13888
evaluation,3806,9491;9074;1618;4682;13994;73112;260;1880;4306;38326
evaluation,3807,21958;7988;1348;95758;20680;82146;36592;63880;98730;9592
evaluation,3808,39419;78164;18706;22494;88748;32476;98194;39576;12756;23380
evaluation,3809,1146;5174;3174;118;65646;98588;37248;57756;28816;41010
evaluation,3810,15464;684;10310;41092;33556;51154;81522;55150;58732;25296
evaluation,3811,18706;22494;78164;97662;88748;4708;39419;39576;90476;31510
evaluation,3812,59750;4592;39192;24728;11930;702;95318;42320;3032;40971
evaluation,3813,946;3718;68166;10466;76728;18310;3979;70210;29250;89024
evaluation,3814,3434;35040;73268;79794;46394;4952;887;76644;2668;71788
evaluation,3815,3662;11916;35836;48752;7391;95582;17824;1366;31264;41078
evaluation,3816,87370;89932;94748;90148;98376;85388;41472;75176;98210;85110
evaluation,3817,91582;90602;4536;472;25514;46748;71108;30704;3670;26052
evaluation,3818,57920;33222;20470;57876;31012;62738;39296;66914;36825;22499
evaluation,3819,3140;45174;17014;87728;27124;168;10122;2222;34026;17326
evaluation,3820,1146;5174;3174;118;47926;65646;41010;57756;37248;28816
evaluation,3821,54194;28190;1024;69979;2994;10528;32160;41162;12854;27818
evaluation,3822,75336;73242;18640;2318;33882;11598;54524;410;24220;300
evaluation,3823,62756;8786;98012;48420;54194;1940;3032;98636;47971;37282
evaluation,3824,3140;45174;27124;10122;17014;17326;168;30028;87728;81038
evaluation,3825,11828;98166;6894;11308;98476;93546;29480;29674;9438;90013
evaluation,3826,21911;59502;52886;45305;95758;13076;77510;6204;12402;64754
evaluation,3827,17326;51884;32719;14162;54786;22306;3792;41602;85584;14722
evaluation,3828,4116;51372;93854;64882;51596;52476;8290;19002;26556;87336
evaluation,3829,76492;784;94218;45206;11528;4894;10016;22749;19296;42556
evaluation,3830,946;18310;96169;29250;45174;3979;68166;9916;38558;91324
evaluation,3831,52886;24326;19416;6828;44310;28676;43594;82770;8112;20680
evaluation,3832,20912;2262;34244;60112;59807;52266;17626;15750;96444;49494
evaluation,3833,52526;54418;4264;4300;946;38501;4664;49494;29594;19282
evaluation,3834,3792;99678;20302;86026;2318;22306;5642;19372;28452;48752
evaluation,3835,44954;95606;45026;14812;51596;45875;38750;7988;45930;27124
evaluation,3836,91582;4536;3670;46748;26052;79516;25514;90602;71108;472
evaluation,3837,24906;11704;81338;2996;13892;6180;7696;16848;64986;81768
evaluation,3838,32120;32160;32384;30642;31868;50990;34504;65370;89894;8786
evaluation,3839,3040;3264;15464;76628;57514;14156;59226;28376;10310;39760
evaluation,3840,3792;99678;86026;22306;20302;3828;19372;48752;5642;22078
evaluation,3841,56460;98853;15419;85552;6134;17632;33016;44154;22302;22844
evaluation,3842,64750;83276;64404;68842;74260;77100;24259;75848;52504;42218
evaluation,3843,81357;66738;34174;2744;68470;4934;73124;19948;52504;76492
evaluation,3844,28930;43850;2032;39854;30874;2020;25976;9356;23218;10276
evaluation,3845,74256;96238;91970;442;11908;2396;11996;90534;93312;8838
evaluation,3846,3792;99678;22306;41078;20302;2318;3828;28452;36862;86026
evaluation,3847,69619;63880;376;340;19674;18055;20814;77510;34860;46522
evaluation,3848,75176;98960;8708;80638;46752;90108;98210;53906;34916;13892
evaluation,3849,50031;55450;24043;81268;4416;39117;5766;56112;32900;1574
evaluation,3850,19852;49302;31550;3438;26970;16080;10122;68262;28948;15048
evaluation,3851,33556;13712;15464;13958;41092;65160;22784;6536;80434;76628
evaluation,3852,87554;25126;25102;8786;164;34504;9762;32160;33354;91884
evaluation,3853,51262;65160;9491;62213;37800;95586;66467;19128;17283;31456
evaluation,3854,3108;9440;32814;4100;51475;71126;45004;29568;3296;61208
evaluation,3855,5912;7472;15200;26414;6204;79301;4856;86577;8724;25794
evaluation,3856,46150;61967;3979;80866;46302;58506;96114;87336;82836;15278
evaluation,3857,52750;95274;44234;45341;4250;17778;1236;74256;10426;12854
evaluation,3858,27672;97516;15200;64068;45562;26164;9388;11504;19002;33700
evaluation,3859,18622;9908;1060;5272;36098;1410;34476;2926;8938;11038
evaluation,3860,98872;2092;63472;50040;7336;4740;2694;64736;10855;37450
evaluation,3861,32866;65180;53398;3166;5001;46460;53208;36064;65581;60112
evaluation,3862,15419;35060;56460;85552;63170;6134;17632;98853;33016;22844
evaluation,3863,74540;2092;7336;50040;96702;54461;63472;58114;8016;60400
evaluation,3864,29250;49932;29594;42618;40440;52504;78822;3352;41130;52476
evaluation,3865,95082;61762;11210;85654;24690;23210;13608;43918;1200;26124
evaluation,3866,3792;5642;19372;99678;4946;3975;20302;55362;58602;48752
evaluation,3867,56460;98853;15419;85552;6134;44154;17632;33016;22302;44702
evaluation,3868,22492;21470;34476;70974;37224;39488;612;33016;63170;11772
evaluation,3869,66738;81357;73124;4934;76492;19948;30192;82836;66044;51394
evaluation,3870,4740;59986;98872;2092;3990;64736;63472;10855;894;50040
evaluation,3871,63880;340;69619;92758;19674;65556;91110;16114;49044;376
evaluation,3872,4536;91582;79516;39854;59461;66560;26052;3670;19344;11220
evaluation,3873,36387;77464;50190;8708;21886;3668;39486;99806;34718;11532
evaluation,3874,78164;39576;11702;90635;48050;64986;22494;24906;16406;39419
evaluation,3875,31850;38928;36172;74328;18726;18364;17508;37602;31950;35968
evaluation,3876,4740;98872;2092;64736;63472;3990;894;14604;50040;10855
evaluation,3877,44378;11436;21471;44450;3600;44702;72670;22;41498;11328
evaluation,3878,3792;48752;20302;99678;3828;22306;5642;86026;19372;36862
evaluation,3879,12314;98690;12426;72814;53586;1022;28764;87572;54640;59882
evaluation,3880,788;8712;14171;20446;16030;31622;84340;49396;92670;724
evaluation,3881,27672;9890;43594;9034;45174;38248;11504;64068;9720;74766
evaluation,3882,4960;4276;4946;58602;96150;45206;3975;9696;53912;11528
evaluation,3883,1146;5174;6042;2536;65646;3174;80286;48400;1094;53476
evaluation,3884,19852;31550;16080;57048;56370;26970;79301;54258;68262;12854
evaluation,3885,25102;32160;50491;82350;25126;65370;34504;32120;31868;89894
evaluation,3886,32160;65370;32120;82350;89894;25126;50491;34504;25102;82920
evaluation,3887,79494;50190;11698;69582;2594;77464;83412;76944;50956;99806
evaluation,3888,31132;26052;472;2190;33838;57410;36426;80286;73778;13182
evaluation,3889,3670;31510;39854;98960;66560;57410;56728;4536;46752;71126
evaluation,3890,71043;47896;77804;88748;23380;50208;20470;19546;97662;42062
evaluation,3891,98194;35884;33270;90635;56728;47430;26052;18832;29410;5498
evaluation,3892,82044;1088;64986;71043;24906;66162;83552;56728;65614;5136
evaluation,3893,72456;1424;1442;14160;684;2772;5242;47556;2474;21090
evaluation,3894,33556;15464;13712;13958;28376;41092;910;80434;522;29734
evaluation,3895,32120;30642;32160;65370;34504;31868;32384;8786;89894;52600
evaluation,3896,88676;43308;59132;43010;57514;58578;27107;93030;20936;82350
evaluation,3897,50990;31868;50491;30642;34504;1024;10290;8786;26570;32160
evaluation,3898,48400;93798;68482;59134;71934;17106;47926;3040;7138;792
evaluation,3899,74196;34011;27386;36917;18726;3646;88676;22568;29858;7138
evaluation,3900,39220;46516;31234;16116;17868;94304;73070;83840;39414;82350
evaluation,3901,51448;84162;46412;40802;31080;19767;71646;72456;75858;32020
evaluation,3902,4688;24581;35124;5628;1382;90605;89798;37602;82060;31950
evaluation,3903,97120;77368;59667;47758;8648;29480;29674;84162;5946;18610
evaluation,3904,7290;58602;53592;93312;55362;53292;7804;46232;34536;15822
evaluation,3905,26810;19828;88944;96169;3718;3812;7724;22650;93312;7648
evaluation,3906,92758;376;340;398;33110;91242;22912;2668;69619;19510
evaluation,3907,61190;48048;10223;96238;54908;90198;259;93312;2996;78994
evaluation,3908,81357;73124;68470;46797;66738;57710;2744;10760;64882;82836
evaluation,3909,28930;43850;18310;9160;9430;35962;41498;4426;16454;47402
evaluation,3910,92758;376;340;22912;5320;63880;69619;398;25770;19674
evaluation,3911,9592;23626;30864;62228;36636;60662;12224;95621;96344;6204
evaluation,3912,887;40608;71788;4952;2668;7913;2855;5466;3434;798
evaluation,3913,24676;46726;65614;39404;70210;42784;40608;66162;11568;59882
evaluation,3914,55450;66098;1695;18018;7426;39117;24043;81268;56112;10116
evaluation,3915,90602;79516;91582;71043;46104;76232;13182;12756;24616;5498
evaluation,3916,75176;90148;89932;5862;12686;22254;16036;2194;10720;632
evaluation,3917,47200;81268;10116;2594;66106;85706;81768;99564;32900;22282
evaluation,3918,3670;69356;56728;6136;66560;33222;47430;66800;57868;41068
evaluation,3919,31132;57920;26052;91582;41472;17458;33838;36258;15282;73778
evaluation,3920,16558;15356;64376;10636;21170;9994;24424;21134;36200;79560
evaluation,3921,19828;15224;7472;26810;15200;5912;79807;3812;64026;48026
evaluation,3922,3646;27386;34011;27107;88676;74196;71694;33556;29858;76628
evaluation,3923,93798;48400;71934;7138;98636;68482;59134;3040;90605;47926
evaluation,3924,93312;1098;34814;74256;89590;26810;19828;67048;77228;90534
evaluation,3925,17232;308;26124;41060;13342;58506;12120;59414;20212;258
evaluation,3926,2668;2068;17048;2314;25600;376;33388;60596;4494;44784
evaluation,3927,13608;49358;10688;96114;73044;39356;13880;37832;3979;72990
evaluation,3928,17368;21996;46878;38784;13504;39186;1568;1588;470;86891
evaluation,3929,52030;20406;3944;12968;41642;81688;3812;84340;10596;24478
evaluation,3930,3444;3944;43594;1072;34476;94218;60506;29722;15200;76492
evaluation,3931,3640;3612;3600;29154;44702;732;44450;2814;32508;3438
evaluation,3932,19280;1247;88670;21280;39624;924;1094;48690;69794;81382
evaluation,3933,3792;48752;3828;20302;99678;22306;19372;86026;5642;36862
evaluation,3934,79516;4536;3670;56786;472;33222;12756;91582;5498;13182
evaluation,3935,5542;2290;582;13342;7696;3514;9118;67412;81522;1736
evaluation,3936,64702;83276;64750;55806;30904;7466;5983;64484;29594;40568
evaluation,3937,38887;30316;69510;77426;46230;82649;13342;80866;9082;2248
evaluation,3938,13892;46104;18706;20662;18388;5362;2314;25170;83552;24906
evaluation,3939,47092;21162;32020;35572;6326;19767;31080;51448;93546;21642
evaluation,3940,95384;8708;80620;39102;99952;31152;26052;17048;34268;80286
evaluation,3941,7150;6006;10528;80668;39509;19768;21515;7410;92321;20694
evaluation,3942,788;8712;14171;754;31622;78928;512;49174;92410;49396
evaluation,3943,1247;924;19280;39624;88670;21280;1094;48690;69794;47618
evaluation,3944,32160;32120;65370;25126;82350;34504;50491;89894;78402;25102
evaluation,3945,90605;13310;32112;724;32754;1268;12716;496;13888;48690
evaluation,3946,3812;88944;15224;26810;19828;89918;96169;1402;1396;30070
evaluation,3947,63472;98872;50040;37450;64736;4740;58215;51148;58114;54461
evaluation,3948,50512;2876;18738;30359;69510;80840;46232;85138;93094;85676
evaluation,3949,33882;41130;76728;73644;14748;70506;7466;76818;73418;15822
evaluation,3950,91992;69510;2248;23754;26182;67048;1766;23570;6278;50512
evaluation,3951,51394;73268;10016;9712;77306;6278;73730;44930;29594;79320
evaluation,3952,52886;8016;3472;23924;86574;44310;28676;8112;76602;51662
evaluation,3953,19760;17530;17328;1248;7914;49932;53672;44930;57710;95904
evaluation,3954,99678;3792;86026;2318;19372;20302;22306;38016;54220;18640
evaluation,3955,79807;79485;99234;2526;3346;53478;86956;89024;57182;3106
evaluation,3956,91582;66560;46748;3670;56728;79516;472;4536;56786;33222
evaluation,3957,11702;63862;88748;90635;12756;55684;47896;97662;24504;71043
evaluation,3958,18706;39576;71108;97662;98194;4708;22494;18388;83552;76764
evaluation,3959,30642;50491;65370;32120;82350;32160;89894;82920;32384;85884
evaluation,3960,47618;78380;5354;68916;76816;26858;6224;11960;35572;6824
evaluation,3961,3032;62756;54194;11396;98012;7030;48420;9082;47758;10016
evaluation,3962,4426;858;29716;2492;2540;21471;11772;2462;28366;72828
evaluation,3963,96944;7914;64882;1248;30148;23754;50852;91992;65581;44442
evaluation,3964,19828;89918;26810;15224;5912;3812;22650;89590;88660;20406
evaluation,3965,12998;27298;85920;17014;28676;316;51596;12854;96434;342
evaluation,3966,15205;13703;8362;14604;96822;4740;46522;27572;21320;47556
evaluation,3967,11574;12211;12290;51884;874;1430;53472;95582;16558;30864
evaluation,3968,39624;88670;924;1247;21280;19280;68916;81382;21516;69794
evaluation,3969,91582;56786;90602;79516;25514;46748;12738;24616;78164;41068
evaluation,3970,72190;76944;54010;79212;94954;75118;28536;16612;26780;79358
evaluation,3971,55450;18018;56112;66098;81268;83264;66106;24043;83194;1695
evaluation,3972,18706;71108;48360;3886;75176;39576;37228;98194;56786;22499
evaluation,3973,75176;22254;98210;8708;90148;90108;30328;632;39618;62738
evaluation,3974,87370;41472;98376;98210;89932;5862;632;32476;2190;75176
evaluation,3975,11704;2996;16406;24906;7696;64986;23380;81768;13892;46104
evaluation,3976,89894;65370;25126;32120;32160;34504;82350;78402;50491;32384
evaluation,3977,1146;5174;65646;3174;118;37248;98588;2536;98924;11142
evaluation,3978,4169;71694;83840;7150;73070;39220;29116;41162;18726;62944
evaluation,3979,88670;21280;19280;39624;924;1094;1247;69794;81382;48690
evaluation,3980,31412;80638;16208;78702;80620;32476;68052;472;85110;33838
evaluation,3981,93488;10646;94748;90148;98376;98210;89932;31584;10720;75176
evaluation,3982,56460;85552;15419;6134;98853;44702;44154;17632;22302;33016
evaluation,3983,3827;29490;11772;42320;2744;2894;91172;42618;8914;20264
evaluation,3984,32160;32120;34504;25126;65370;78402;31868;50491;89894;82350
evaluation,3985,13958;33556;20152;18330;2026;20488;3678;13712;34454;18610
evaluation,3986,6326;35572;31080;32020;93546;19767;45237;51448;71646;18814
evaluation,3987,1330;496;13514;32754;7150;90605;3536;2407;92354;6314
evaluation,3988,50491;32120;32160;65370;89894;34504;31868;82920;1024;78402
evaluation,3989,4169;82350;3646;41162;34011;74196;18726;27107;20936;96912
evaluation,3990,79576;59132;10528;54802;21712;69562;54908;12070;54812;27818
evaluation,3991,17283;12998;93922;612;2344;62213;19128;522;19046;28178
evaluation,3992,61762;85654;46460;49774;11396;41034;2267;31216;93854;10004
evaluation,3993,446;19914;92890;24906;47012;18388;92788;99702;70024;4243
evaluation,3994,9592;23626;96344;72932;65910;10466;10682;30864;48782;1648
evaluation,3995,34026;9552;82523;42218;946;51956;82994;30028;67048;82770
evaluation,3996,91582;56728;79516;90602;26052;16406;46104;4536;3670;57410
evaluation,3997,72334;13722;47440;47084;63538;3742;9826;80664;10444;23594
evaluation,3998,68916;924;47618;1247;19280;48216;88670;48690;35572;6224
evaluation,3999,3264;3040;71934;1588;1568;48400;23092;93798;47926;98636
evaluation,4000,2894;61762;61967;30186;972;84806;47278;3827;40608;8760
evaluation,4001,4960;4276;4946;11528;9696;45206;53912;74800;55362;53292
evaluation,4002,9994;50018;21170;21134;24424;16558;23626;15356;21420;36200
evaluation,4003,19852;31550;4169;20936;96246;94242;48782;92418;10122;3438
evaluation,4004,1146;5174;47926;80286;21280;57756;24616;6851;37248;3174
evaluation,4005,96944;64882;60112;1248;23754;59807;7914;93922;88782;65581
evaluation,4006,33492;17868;68262;73730;54544;35060;60188;612;47940;67716
evaluation,4007,29154;74194;2492;21471;11436;41498;732;4426;27124;12486
evaluation,4008,65581;55806;96944;82036;26182;12952;16850;46797;1248;53672
evaluation,4009,28536;54010;94954;16612;2054;17458;76944;74808;5080;79212
evaluation,4010,83088;1080;522;2344;574;96238;37906;9826;98960;22284
evaluation,4011,85552;98853;56460;33016;6134;15419;1402;1396;44154;10855
evaluation,4012,93094;41212;3308;68136;54404;67834;19828;802;318;1332
evaluation,4013,3792;99678;3828;22306;20302;86026;19372;2318;33882;54220
evaluation,4014,34940;77080;3994;51884;36862;34814;64232;85584;82906;58776
evaluation,4015,21170;3008;14274;9994;36200;3926;390;21134;33786;3006
evaluation,4016,47200;14512;27228;94410;10116;80040;55806;78532;99020;14014
evaluation,4017,27158;3032;20386;11930;44738;61065;96822;29594;5738;52420
evaluation,4018,46394;73268;21076;14152;76644;79794;76672;91884;4952;2668
evaluation,4019,3008;21170;14274;9994;390;36200;64376;79560;16558;81572
evaluation,4020,44930;96944;93922;42320;17283;27626;68932;64882;51262;7914
evaluation,4021,27158;3032;11930;44738;61065;20386;96822;40971;52420;14550
evaluation,4022,788;8712;14171;78928;49396;37476;15102;282;31622;96854
evaluation,4023,36385;45572;68052;62213;40062;79792;6396;48866;1080;28821
evaluation,4024,25102;82350;896;84776;34504;72940;1155;14604;60400;58114
evaluation,4025,3264;3040;71934;1588;1568;48400;23092;13888;47926;93798
evaluation,4026,788;8712;14171;49396;37476;78928;38750;31622;724;20936
evaluation,4027,1330;496;32754;13514;3536;2407;90605;6314;7150;92354
evaluation,4028,71694;7138;74196;61570;10528;22568;20694;724;41162;18364
evaluation,4029,64910;49326;51884;52420;78232;93448;33296;702;96246;54786
evaluation,4030,4960;96150;53592;3975;4946;11528;9696;58602;45206;53292
evaluation,4031,34026;9552;53586;82994;30028;12426;82523;81038;74646;50018
evaluation,4032,51230;7226;96528;79646;10062;11874;21694;25168;38542;39286
evaluation,4033,22;14836;35378;12318;12090;4592;79301;23338;3640;33492
evaluation,4034,33492;60188;4894;68262;34476;23338;19282;78232;59410;97268
evaluation,4035,37224;91172;66738;78822;39488;38558;28366;2392;73309;2492
evaluation,4036,9890;43594;17778;9720;45174;27672;21134;9110;38248;85584
evaluation,4037,2774;33556;13958;34454;26514;13712;30242;37476;29734;80434
evaluation,4038,3792;99678;22306;86026;2318;20302;22078;48752;5642;19372
evaluation,4039,3434;35040;73268;46394;4952;79794;2668;76644;887;76672
evaluation,4040,47200;10116;26052;2734;31132;8982;36258;65522;73882;92240
evaluation,4041,10276;38402;90712;26818;96394;19961;22282;57078;1940;30904
evaluation,4042,75176;89932;90148;94748;39418;13252;5862;31584;98210;98376
evaluation,4043,11704;7696;64986;24906;2996;50208;16406;80230;71043;23380
evaluation,4044,4960;4276;4946;58602;96150;3975;45206;53912;9696;11528
evaluation,4045,62756;9948;10392;10290;36888;4169;29734;12070;92670;9676
evaluation,4046,2774;33556;13958;34454;26514;13712;37476;30242;80434;29734
evaluation,4047,1330;496;90605;7150;32754;13514;22568;10528;62944;97108
evaluation,4048,910;780;94242;88676;68945;31456;9491;92410;69708;48420
evaluation,4049,33492;23338;1637;27509;9388;12;29028;64736;11772;90522
evaluation,4050,22823;37224;60506;71671;7368;21547;9590;28286;9486;9104
evaluation,4051,15419;68262;56460;78822;35060;22302;2492;8138;2392;6134
evaluation,4052,27672;80110;3008;21490;36200;21134;9720;19846;76816;17778
evaluation,4053,3434;35040;46394;4952;73268;79794;14152;76644;38536;2668
evaluation,4054,48664;51496;10276;69432;77426;51662;75794;19496;31412;584
evaluation,4055,34504;32160;25126;32120;65370;32384;50491;78402;57390;57884
evaluation,4056,62756;54194;69626;3032;10016;98012;18512;10052;8941;34268
evaluation,4057,86577;420;91988;86956;8724;74912;5212;46450;33540;79485
evaluation,4058,33492;68262;75986;24592;32466;38090;23338;3970;9388;12
evaluation,4059,66738;38558;52224;37224;52504;9388;74192;25794;61967;60042
evaluation,4060,9552;34026;82523;82770;30028;1430;82994;33638;946;42784
evaluation,4061,79807;79485;99234;71671;38558;20974;90522;42582;12224;31088
evaluation,4062,51230;48392;28248;45688;8190;90694;9118;49297;7226;96528
evaluation,4063,98872;63472;50040;58215;49080;64736;4740;58114;37450;2694
evaluation,4064,59226;45206;22872;58602;4946;4306;5466;85138;9696;55362
evaluation,4065,98588;33149;590;67668;90974;234;26558;23082;39414;13726
evaluation,4066,420;46450;86956;91988;33700;18800;798;27434;44374;87068
evaluation,4067,136;6850;86891;118;6216;22132;7798;654;86723;98588
evaluation,4068,4960;96150;9696;58602;46058;11528;4946;45206;53592;85138
evaluation,4069,60586;12292;13608;9730;1732;6219;23210;47018;48420;798
evaluation,4070,1094;21280;39624;1247;924;88670;69794;19280;23670;6851
evaluation,4071,19090;89536;77350;30359;45600;85138;96414;7064;96444;47090
evaluation,4072,35058;20912;96414;96444;2926;6495;4664;21958;5086;29250
evaluation,4073,44166;33700;41422;2880;54786;50852;42306;47018;52750;896
evaluation,4074,27158;3032;11930;20386;44738;61065;96822;83276;50186;41816
evaluation,4075,29490;65581;42320;64882;30316;97786;3827;33416;17626;59807
evaluation,4076,83276;64750;68842;64404;58602;6495;96444;96414;50512;85138
evaluation,4077,14550;50186;61762;22144;35832;412;3032;41162;20936;59226
evaluation,4078,49202;33016;85552;15419;29716;22844;2492;4426;2540;98853
evaluation,4079,41060;43918;10316;20848;43086;24690;11210;73070;15884;38532
evaluation,4080,67068;19948;34628;92890;4426;9712;71718;3979;2894;78822
evaluation,4081,4960;4276;4946;45206;58602;96150;46232;46058;53912;3975
evaluation,4082,9592;23626;23718;72090;62228;10682;48782;75576;20680;10466
evaluation,4083,34026;9552;51956;30028;82994;82523;42218;20320;84748;74646
evaluation,4084,44954;95606;14812;7988;45026;20848;51596;3140;45930;27124
evaluation,4085,3662;35836;95582;7391;74256;31264;12290;31627;1366;86686
evaluation,4086,22752;36592;80112;7988;20814;82146;26414;73307;22940;36044
evaluation,4087,340;376;63880;69619;20814;18055;65556;77510;33110;5508
evaluation,4088,65606;89548;4946;58602;3975;49124;4276;17186;85138;4960
evaluation,4089,887;40608;4394;798;33388;9750;7913;4952;23902;398
evaluation,4090,32719;33638;49788;49044;17014;45174;59750;87728;17326;65584
evaluation,4091,74010;75128;5684;75920;71492;74116;8814;56168;47586;97790
evaluation,4092,81768;7696;24906;18388;16406;80230;81338;2996;8276;11704
evaluation,4093,3956;23218;4984;12120;4648;6618;28536;41536;6614;5144
evaluation,4094,8708;98210;80638;73778;98960;13892;20662;81768;3020;16612
evaluation,4095,5542;23890;33210;25578;11194;38402;1308;10960;5662;8812
evaluation,4096,27228;55806;88014;57710;17283;22282;14014;11874;68798;99020
evaluation,4097,26810;3812;8386;96169;20684;19828;22;44024;9104;64882
evaluation,4098,41212;20212;84528;24690;90786;2868;96114;11210;61156;10316
evaluation,4099,30148;30088;14274;77480;21958;40714;54786;41602;14162;9720
evaluation,4100,35572;6326;45237;32020;51448;31080;19767;71646;18814;32936
evaluation,4101,7764;51562;38422;45698;18532;20912;15716;59502;50916;17864
evaluation,4102,7336;72828;2092;28366;2540;2492;858;1637;42248;71963
evaluation,4103,21280;1094;69794;1247;39624;88670;924;19280;6851;81382
evaluation,4104,3040;3264;71934;48400;47926;93798;62266;23092;1588;36480
evaluation,4105,56460;6134;15419;85552;98853;22302;44702;33016;17632;44154
evaluation,4106,64882;53672;96944;93854;26682;11396;23570;1248;6538;23754
evaluation,4107,26810;88944;19828;7724;5912;3812;90786;3864;89590;9486
evaluation,4108,66982;3970;23338;1637;70974;13242;61540;38090;56460;6134
evaluation,4109,29490;65581;69606;33416;42320;37938;52526;20098;32378;81522
evaluation,4110,99678;3792;5642;2318;22306;4946;20302;86026;55362;18640
evaluation,4111,3434;35040;4952;46394;887;73268;71788;76644;14152;38536
evaluation,4112,5498;65798;10276;47430;21886;30704;9356;90712;13182;29330
evaluation,4113,8708;75176;90108;98210;13892;80638;98960;5862;89932;46752
evaluation,4114,62756;3032;47264;26556;8941;9828;98636;11506;47971;98012
evaluation,4115,19852;31550;85884;16080;48140;58240;52600;20936;18364;48782
evaluation,4116,96238;3812;90786;26810;89918;15224;9104;19828;88944;12968
evaluation,4117,31816;23778;64986;34370;23713;16574;1388;89042;834;91810
evaluation,4118,35836;3662;1366;48752;77080;34940;17824;31264;86686;7391
evaluation,4119,63880;69619;65556;376;19674;340;25770;10682;76738;18055
evaluation,4120,34026;9552;20744;87;316;50018;1430;74646;1276;95274
evaluation,4121,1962;2570;12008;1002;93232;1736;10444;1598;7918;9118
evaluation,4122,26550;80866;99020;47200;76460;64320;14072;11874;98960;99564
evaluation,4123,57390;140;57884;50491;96464;896;32160;10290;32120;67710
evaluation,4124,3264;3040;71934;1588;1568;62266;23092;93798;48400;98636
evaluation,4125,64736;49080;20974;8362;90522;10855;37450;894;75582;63472
evaluation,4126,65581;81522;26182;38558;1248;5001;65180;11060;44278;36064
evaluation,4127,79780;7920;1494;39192;23612;40971;3294;51475;99060;41450
evaluation,4128,33556;4628;14992;30242;3264;29734;6536;43010;76628;88676
evaluation,4129,56728;62104;3670;69356;66560;6136;67287;57868;33222;16612
evaluation,4130,94748;62912;90148;87370;19546;59964;28122;31584;62322;13252
evaluation,4131,9592;23626;48782;10682;4118;12402;96344;10894;30864;10466
evaluation,4132,9592;23626;48782;75576;20680;65910;7830;72090;23718;30864
evaluation,4133,47200;27228;78532;10116;94410;14512;92650;80040;88014;55806
evaluation,4134,33556;4628;14992;30242;43010;29734;3264;6536;88676;76628
evaluation,4135,35572;6326;45237;51448;31080;32020;19767;71646;18814;93546
evaluation,4136,3264;3040;71934;48400;98636;93798;62266;684;23092;66680
evaluation,4137,14836;4592;15200;79301;35378;22;42662;13242;3612;89472
evaluation,4138,56460;85552;15419;98853;6134;44702;17632;44154;33016;44450
evaluation,4139,20232;19146;19264;13886;99036;26412;97228;29402;86378;92192
evaluation,4140,18388;81768;80230;74152;24906;20014;81338;94214;76497;17458
evaluation,4141,5464;26052;65562;2190;2760;31132;30704;13182;41472;10276
evaluation,4142,4960;4946;96150;3975;9696;4276;53592;11528;53912;45206
evaluation,4143,9552;30028;34026;1430;74646;53586;81038;316;95274;12426
evaluation,4144,16280;6960;25898;72061;4248;15970;1732;36390;36348;35592
evaluation,4145,5542;23754;23570;10444;38542;23214;2290;8144;3668;34916
evaluation,4146,71043;11704;16406;81768;7696;24906;64986;39296;8276;2996
evaluation,4147,99678;3792;48752;38248;20302;41078;3828;86026;390;22306
evaluation,4148,50190;36387;10540;93120;10516;69536;8330;77464;39618;2144
evaluation,4149,52616;20974;90522;8362;75582;58215;894;49080;59986;64736
evaluation,4150,30672;2162;91324;1444;95318;93086;1112;24728;2492;42248
evaluation,4151,2462;37450;732;51148;41498;49252;11772;90522;27042;64736
evaluation,4152,26810;19828;88944;96169;3812;7724;8138;5912;16420;93094
evaluation,4153,27158;3032;20386;11930;44738;61065;96822;34504;52420;282
evaluation,4154,36862;50602;50280;48752;55362;74800;58602;3975;4946;85676
evaluation,4155,71788;48026;887;9750;89024;9940;4952;19510;34576;79794
evaluation,4156,33700;73124;5948;45206;4960;47096;53190;86396;1260;6180
evaluation,4157,9592;23626;23718;12224;71404;65002;48782;11028;19030;30864
evaluation,4158,35040;73268;2668;12292;46394;4952;3434;798;11908;76644
evaluation,4159,65606;4946;4276;17186;58602;3975;44954;85676;85138;96150
evaluation,4160,35836;48752;41078;31264;34940;11916;41378;77080;80708;38016
evaluation,4161,9426;79485;26392;8416;332;2132;1500;99234;17612;2526
evaluation,4162,77080;34814;22306;38016;3792;21134;51884;3926;34940;3828
evaluation,4163,16612;23702;62266;21448;85706;3886;97389;4494;99564;71694
evaluation,4164,70131;55806;26780;50070;99020;74196;27228;31850;14512;14072
evaluation,4165,11702;88748;63862;90635;4708;90476;97662;64986;88660;66438
evaluation,4166,26810;19828;96169;88944;3812;7724;8138;93094;16420;5912
evaluation,4167,8760;3640;85654;3308;1362;1398;802;26164;68136;73058
evaluation,4168,45698;35124;14992;13880;16616;98636;1383;88676;61234;90256
evaluation,4169,6960;6396;3468;18262;89658;2380;9602;62944;10174;54282
evaluation,4170,8760;85654;87336;3308;1444;5428;68136;1112;7630;4014
evaluation,4171,98872;58215;63472;50040;49080;64736;58114;4740;53306;52616
evaluation,4172,82679;14856;3980;92286;2784;1428;35314;67834;99838;74540
evaluation,4173,20350;79646;7226;1112;2955;21694;90532;34628;50186;1444
evaluation,4174,19828;3812;26810;3718;96169;88944;7648;96238;73242;5912
evaluation,4175,26810;2814;732;9430;49252;9486;3864;3612;54404;43844
evaluation,4176,4960;4946;4276;58602;3975;96150;45206;53912;11528;9696
evaluation,4177,26350;47098;47018;798;86723;48026;19510;552;30090;41422
evaluation,4178,59750;95318;39192;40971;11930;702;59536;42320;24728;37624
evaluation,4179,31242;24478;532;39657;39006;10596;29582;19714;71671;29788
evaluation,4180,4592;29154;92418;3612;3438;54386;54556;66264;48782;2868
evaluation,4181,61967;3444;72990;76492;14748;49358;4944;3308;15200;49774
evaluation,4182,38558;73309;35850;62560;41498;23778;23713;2392;3980;27509
evaluation,4183,40364;59807;31152;30704;66800;23754;26052;60112;76232;83552
evaluation,4184,410;64910;9388;5096;84776;96822;29888;86510;26364;40971
evaluation,4185,63880;340;376;19674;69619;65556;25770;76738;10682;36044
evaluation,4186,69888;1736;4418;2351;17458;98960;99952;17048;3256;1170
evaluation,4187,1094;9762;22816;49302;81382;24478;21280;4494;69794;9082
evaluation,4188,34504;18466;85884;4116;26364;39186;34370;36480;38784;93969
evaluation,4189,924;1247;39624;88670;21280;69794;19280;47618;1094;81382
evaluation,4190,19767;35572;71646;31080;6326;32020;51448;93546;45237;72456
evaluation,4191,1146;5174;47926;68114;3174;57756;21280;80286;71646;11142
evaluation,4192,19828;7724;8138;26810;93094;3812;1402;1396;88944;29888
evaluation,4193,59750;40971;39192;95318;99806;24728;8208;42320;11930;19374
evaluation,4194,27158;3032;11930;44738;96822;52420;26298;15750;1444;5738
evaluation,4195,2784;35314;82679;1428;3980;67834;74540;79780;92286;54404
evaluation,4196,13466;10016;15252;2248;53190;77306;20098;7913;70506;19374
evaluation,4197,83276;64750;64404;68842;52504;4426;76816;12178;29594;87572
evaluation,4198,3792;21134;51884;41602;14162;81572;54786;36200;9890;14274
evaluation,4199,35040;3434;73268;4952;46394;2668;79794;76644;887;38536
evaluation,4200,65606;17186;3975;4946;44954;58602;85676;84748;85138;92374
evaluation,4201,22282;14072;99020;11874;55806;27228;14512;88014;14014;28352
evaluation,4202,87370;94748;98376;89932;90148;41472;39418;98210;632;32476
evaluation,4203,1247;39624;924;21280;88670;19280;48690;115;1094;40984
evaluation,4204,99678;3792;38248;48752;20302;41078;3828;390;86026;22306
evaluation,4205,19767;35572;71646;93546;51448;45237;31080;6326;27572;32020
evaluation,4206,40062;47264;45572;6396;94954;2054;69979;4996;47238;47971
evaluation,4207,788;8712;14171;31622;78928;20446;36917;92410;92670;19280
evaluation,4208,96944;44930;60112;64882;93922;59807;65562;36385;1080;70662
evaluation,4209,4960;96150;53592;4946;9696;58602;11528;53912;4276;46058
evaluation,4210,5542;10444;13868;9118;1002;1118;5620;67412;4368;8190
evaluation,4211,74196;70131;71495;28900;28352;91580;63949;75452;27228;1338
evaluation,4212,31132;33838;39406;73778;80620;26052;57338;13182;472;9108
evaluation,4213,26818;90712;75794;29594;6180;35032;1940;10276;19496;372
evaluation,4214,78130;29858;57514;48140;3646;43010;724;43308;3264;93030
evaluation,4215,43308;75336;73242;3496;96394;68590;38887;3132;6194;18640
evaluation,4216,58114;26298;29266;61540;3946;1637;64736;41528;4740;14604
evaluation,4217,64882;46046;7914;93922;91992;1248;60112;96944;24592;89234
evaluation,4218,58114;26298;41528;58215;29266;4740;64736;1637;61540;3946
evaluation,4219,95318;40971;59750;42320;39192;24728;11930;44310;5096;27124
evaluation,4220,14856;3980;74540;79780;2784;9430;82679;64702;16381;30826
evaluation,4221,8938;1060;1410;5272;36098;23674;9908;34476;70630;24592
evaluation,4222,9592;23626;4118;48782;10682;12402;61746;10894;46392;1648
evaluation,4223,35040;3434;46394;4952;71788;887;73268;79794;76644;2668
evaluation,4224,9592;23626;48782;10894;12402;4118;10682;46392;61746;27298
evaluation,4225,95930;3975;55362;4946;4276;5642;9750;22872;398;58602
evaluation,4226,14812;84748;85676;91884;44954;38536;30359;87800;45930;29880
evaluation,4227,31132;31510;23380;76764;8276;25612;17458;33838;2996;48360
evaluation,4228,55450;1695;7426;66098;56112;24043;39117;18018;5766;39401
evaluation,4229,5542;67412;13868;7852;16090;2056;4368;10444;5620;11716
evaluation,4230,12008;2570;1962;1002;10444;9464;16208;9118;3754;7918
evaluation,4231,81268;50031;66106;10116;55450;56112;66098;4688;28456;32900
evaluation,4232,91582;4536;56728;46748;3670;66560;71108;79516;30328;33222
evaluation,4233,2900;89252;87366;483;3956;4648;28682;6886;4984;23218
evaluation,4234,3256;72190;41034;70131;79952;14512;26780;18738;26818;22282
evaluation,4235,32120;27456;32160;32384;30642;50491;25126;89894;82350;50990
evaluation,4236,19852;31550;49302;12854;92418;68262;3438;10122;16080;31616
evaluation,4237,1146;47926;3174;5174;28816;6851;41010;118;63336;68114
evaluation,4238,3646;29858;724;27386;34011;29734;48140;52764;27107;66908
evaluation,4239,10528;74196;71694;7150;22568;41162;4169;2026;68842;36917
evaluation,4240,3264;3040;98636;71934;48400;93798;62266;684;66680;23092
evaluation,4241,8712;788;49396;37476;28178;32384;18432;14171;20152;30242
evaluation,4242,68916;924;47618;1247;39624;6224;48216;48690;88670;19280
evaluation,4243,1260;73730;97838;44930;1732;17283;93922;60112;96944;3114
evaluation,4244,20912;2262;34244;6278;35962;17626;52266;40608;1498;52504
evaluation,4245,3792;99678;22306;20302;3828;86026;48752;2318;22078;5760
evaluation,4246,1695;55450;56112;164;35832;34536;5820;66106;99036;3174
evaluation,4247,19852;35378;22144;95586;41162;39220;18726;83840;12854;73070
evaluation,4248,62756;54194;2262;3032;98636;47264;6778;98012;30642;96912
evaluation,4249,89472;13242;15224;23338;4592;15200;9388;30070;9074;12318
evaluation,4250,1060;8938;1410;5272;36098;23674;9908;34476;18622;70630
evaluation,4251,4440;13242;23338;4592;22;89472;71718;24592;7368;75986
evaluation,4252,3640;31216;52504;95318;77080;99654;3438;21471;9592;8208
evaluation,4253,29490;65581;42320;40608;3827;10016;69510;6278;9182;20264
evaluation,4254,51148;37450;2492;7336;71963;2540;98872;41498;27042;72828
evaluation,4255,42176;22823;21547;11038;37224;8016;60506;71671;30070;88944
evaluation,4256,1060;8938;1410;5272;36098;23674;9908;34476;18622;70630
evaluation,4257,11210;95082;26124;94616;24690;23210;27316;41060;300;61156
evaluation,4258,97741;84726;59134;31868;53476;32120;32160;60388;259;54194
evaluation,4259,37224;60506;20406;9104;71671;28286;7368;11038;9486;22823
evaluation,4260,29490;65581;3827;42320;40608;9182;33416;412;3704;14550
evaluation,4261,35040;3434;887;4952;73268;46394;71788;2068;2668;340
evaluation,4262,19510;1098;17494;12211;41422;7254;64026;3548;45174;49044
evaluation,4263,95930;4276;55362;5642;9750;4946;3975;31379;10887;46058
evaluation,4264,31132;2996;31510;81338;8276;17458;5948;43392;69888;92786
evaluation,4265,81268;50031;55450;83194;24043;29114;52452;4416;10116;5080
evaluation,4266,96854;83840;19852;93860;52750;4762;92418;54258;62944;16080
evaluation,4267,1247;21280;39624;924;88670;69794;2660;23670;81382;46412
evaluation,4268,98166;11828;6894;98476;11308;29480;93546;29674;9438;90013
evaluation,4269,3040;71934;3264;48400;1588;93798;50491;96854;1568;65370
evaluation,4270,79780;99060;4100;84726;5074;29568;51786;28946;7830;58060
evaluation,4271,23630;2234;12694;16976;7762;88660;480;45688;19546;25102
evaluation,4272,48752;3662;35836;41078;77080;34940;31264;41378;80708;34814
evaluation,4273,2996;96473;31510;8276;81338;25612;24906;92786;81768;17458
evaluation,4274,880;25578;86378;80664;6150;29874;7191;584;19264;56450
evaluation,4275,3646;29858;48140;27386;724;27107;33556;34011;50491;29734
evaluation,4276,13880;1024;13154;14160;14992;88676;82350;35124;41170;27662
evaluation,4277,96422;47618;55450;23558;622;7576;2078;6224;15970;67186
evaluation,4278,7724;19828;93094;8138;16420;16952;67048;3812;2062;65981
evaluation,4279,780;910;68945;74050;88676;31456;69708;94242;9378;31850
evaluation,4280,12316;54356;19128;53432;612;29126;16280;36348;66908;1260
evaluation,4281,7336;72828;32508;2092;26164;1637;57378;12090;49252;9712
evaluation,4282,42176;22823;21547;11038;37224;60506;8016;71671;30070;88944
evaluation,4283,74050;47758;43760;36348;66908;54356;27780;36030;16280;69394
evaluation,4284,85138;39356;72990;21902;24690;43918;22450;55362;49358;47090
evaluation,4285,35572;19767;51448;31080;32020;45237;6326;71646;93546;18814
evaluation,4286,27662;48534;90256;17106;21052;45698;792;48400;16026;80744
evaluation,4287,24160;24492;63534;236;75986;23210;3444;7954;94616;7922
evaluation,4288,35572;19767;31080;6326;93546;32020;51448;71646;45237;18814
evaluation,4289,14836;22;10798;79301;89472;19416;13242;42662;15200;30088
evaluation,4290,29028;1637;64736;14604;61540;26298;12;58114;49080;24592
evaluation,4291,20098;3640;21471;99654;3194;31216;52476;52504;13067;45228
evaluation,4292,24216;2855;5738;95318;3878;52286;86574;54386;1950;16420
evaluation,4293,38558;23778;3980;61065;73309;732;23713;62560;41498;4426
evaluation,4294,24060;12535;8416;1276;2038;2132;9746;57596;4434;332
evaluation,4295,38750;87336;23112;2195;1790;5428;2212;27124;1444;2380
evaluation,4296,5542;33269;9118;99350;69606;11589;11194;90712;12110;1422
evaluation,4297,69662;64354;65160;22144;37282;41328;724;47707;4628;92410
evaluation,4298,1247;21280;39624;924;88670;14132;69794;19280;32318;1094
evaluation,4299,29858;3646;29734;27107;27386;57514;724;52764;70131;34011
evaluation,4300,55684;13504;532;22499;10223;5174;29582;71963;74192;84324
evaluation,4301,33492;68262;32466;24592;75986;23338;9388;3970;38090;12
evaluation,4302,7724;19828;93094;8138;16420;65981;67048;16952;26810;3812
evaluation,4303,7724;93094;19828;8138;16420;67048;16952;26810;93312;65981
evaluation,4304,2784;1428;54404;14856;82679;10988;92286;74540;53132;64702
evaluation,4305,11396;5506;57052;46080;29250;92890;10223;74194;24458;97662
evaluation,4306,29582;31242;39006;24478;115;40984;29788;81688;19714;57102
evaluation,4307,27107;3646;88676;71694;34011;27386;58578;4169;31850;18726
evaluation,4308,3468;6396;36385;40062;77368;97636;79792;45572;98468;8604
evaluation,4309,33556;49174;10310;46142;13958;6824;25296;13718;684;574
evaluation,4310,10310;76628;574;15464;41092;33556;14152;6066;70642;684
evaluation,4311,85552;33016;15419;6134;98853;22844;2462;54461;58114;44154
evaluation,4312,85552;33016;6134;15419;22844;98853;58114;54461;2462;44154
evaluation,4313,31132;8276;31510;81338;65562;76764;79212;2996;23380;10276
evaluation,4314,9592;23626;10894;12402;10682;48782;61746;77326;98730;20680
evaluation,4315,44954;45875;85676;38532;45026;20848;7988;45930;95606;14812
evaluation,4316,42784;59750;11574;12864;186;1787;1430;57596;17326;95274
evaluation,4317,88670;1094;33560;21280;29582;924;39624;31974;532;69794
evaluation,4318,72210;9438;23558;81382;11308;6851;21280;24652;18814;35812
evaluation,4319,12716;20198;622;13310;13888;9910;38178;6828;50588;27658
evaluation,4320,28154;8648;51448;84162;40802;8506;46412;47556;87902;16264
evaluation,4321,31132;31510;8276;81338;23380;65562;17458;79212;76764;2996
evaluation,4322,3956;2900;6618;2436;12120;28536;9108;98960;97259;6614
evaluation,4323,13242;14836;79301;42662;77036;15200;89472;23338;12090;12318
evaluation,4324,14836;10798;89472;79301;22;13242;64102;19416;77036;4592
evaluation,4325,79780;3296;38178;74844;35402;27658;7920;59512;29568;5086
evaluation,4326,3792;5642;99678;19372;4946;55362;3975;58602;20302;22078
evaluation,4327,27878;96444;96414;82659;6660;9846;29594;61346;5484;35058
evaluation,4328,43658;48690;1268;18320;724;49302;3536;33110;81382;71834
evaluation,4329,35836;41078;48752;7391;41378;31264;3662;1366;80708;77080
evaluation,4330,12535;17612;2132;24060;9426;26392;1500;5212;8416;9746
evaluation,4331,86654;7226;99020;35032;50070;91580;99564;79646;39286;86108
evaluation,4332,8276;31132;81338;31510;96473;2996;76764;25612;10276;23380
evaluation,4333,67287;16976;70994;31864;12686;32814;66866;34718;69536;16036
evaluation,4334,9438;51448;11308;21280;81382;6851;21516;23558;88670;19767
evaluation,4335,90605;496;1330;7150;10528;32754;13514;62944;2994;22568
evaluation,4336,910;88676;780;48420;13718;14770;9491;94242;74050;24581
evaluation,4337,33556;31574;4628;6536;93798;19914;80858;80744;49174;27780
evaluation,4338,82328;390;77080;77510;23248;34940;99678;22306;23718;74766
evaluation,4339,93974;46058;96150;45206;53292;22872;74800;9696;10887;53592
evaluation,4340,4118;46392;9592;3438;1648;23626;89024;72932;61746;23718
evaluation,4341,18292;65981;24160;18786;8006;73762;74256;7648;41422;77228
evaluation,4342,70974;1402;1396;2062;74192;88944;8138;3812;59480;11132
evaluation,4343,61762;95082;43918;11210;3979;24690;26124;10316;20212;85654
evaluation,4344,39006;532;19714;31242;43814;29582;81688;39657;40984;115
evaluation,4345,45688;37636;29122;78702;14780;56162;56930;31234;79646;89658
evaluation,4346,36636;75576;20814;20680;80572;77326;26414;73418;14934;7988
evaluation,4347,38536;91884;14812;84748;85676;30359;79794;45930;44954;45875
evaluation,4348,95930;35040;73268;398;4276;1790;4952;9750;45026;4946
evaluation,4349,18018;55450;24043;1695;31790;81268;66098;39117;52452;50031
evaluation,4350,27228;55806;79524;11874;88014;66106;2744;79212;14014;68798
evaluation,4351,29114;27266;22788;76106;48664;57868;38168;63538;70214;39286
evaluation,4352,50031;24043;55450;31790;81268;66098;10116;89480;5766;80664
evaluation,4353,68262;19852;49302;4762;16080;33492;35378;57048;97108;83840
evaluation,4354,1146;5174;2536;31242;65646;3174;80286;31974;37248;11142
evaluation,4355,22306;3828;38632;12211;18640;33882;3792;19372;87388;77510
evaluation,4356,85552;15419;98853;56460;2462;6134;17632;5272;1060;70974
evaluation,4357,70131;21694;79646;10062;74196;91580;1695;7226;37228;90410
evaluation,4358,8032;50268;19776;420;1968;46450;8724;5428;4243;19002
evaluation,4359,4960;85138;4276;45206;4946;58602;46232;96150;3975;55362
evaluation,4360,28396;420;46450;8724;91988;4243;86956;3704;19776;6246
evaluation,4361,420;47090;4952;887;5428;1234;79794;87336;25794;2162
evaluation,4362,14350;4044;56582;8008;5506;75576;5508;41376;36592;8790
evaluation,4363,9940;798;91864;33700;186;64522;4952;16114;59132;93974
evaluation,4364,10310;574;33556;76628;15464;70642;6066;41092;14152;68078
evaluation,4365,60112;93922;96944;36385;64882;59807;1080;7914;91992;62213
evaluation,4366,64750;83276;64404;68842;14550;29250;96702;1338;98142;29594
evaluation,4367,85552;15419;98853;56460;6134;2462;17632;1060;5272;22844
evaluation,4368,8914;53132;16381;74540;64102;73058;67834;54404;74434;45412
evaluation,4369,9890;45174;9552;9110;17778;64026;85584;64232;20952;40608
evaluation,4370,81768;88748;39576;32294;94214;81338;16406;4708;11702;80230
evaluation,4371,88748;90635;97662;11702;94214;76764;4708;32294;24504;16406
evaluation,4372,3792;99678;20302;22306;19372;5642;86026;390;2318;3828
evaluation,4373,4960;88788;14402;2068;38536;1106;79794;76644;45206;31302
evaluation,4374,44954;45026;45930;45875;38750;7988;2195;2212;95606;27124
evaluation,4375,20120;62124;29270;282;59344;15102;46252;78728;90438;50166
evaluation,4376,99234;79807;79485;2526;89024;53478;3346;88788;86956;57182
evaluation,4377,1155;3114;896;52750;102;654;34504;72940;4116;86891
evaluation,4378,74010;75128;5684;75920;8814;71492;74116;56168;24197;97790
evaluation,4379,9750;95930;398;5642;46058;55362;4276;3975;58602;9696
evaluation,4380,38750;87336;19990;2195;5428;24728;2212;27124;23112;1444
evaluation,4381,5542;13868;67412;5620;51004;582;2290;8144;1118;10444
evaluation,4382,1155;13212;59344;96822;77804;1094;1146;6042;31974;2536
evaluation,4383,99564;51230;7226;16208;32340;27266;40338;43086;54016;22282
evaluation,4384,32160;65370;32120;82920;89894;25126;34504;82350;78402;50491
evaluation,4385,11308;9438;22816;57962;23558;81382;21280;6851;51448;47618
evaluation,4386,29858;3646;57514;29734;27107;52764;724;27386;70131;34011
evaluation,4387,496;1330;32754;13514;92354;90605;2994;7150;49056;80668
evaluation,4388,59461;1826;11702;31152;8032;30870;19372;26052;56728;71126
evaluation,4389,33556;30242;6536;29116;27780;2436;29734;31574;80744;724
evaluation,4390,4960;93974;60042;4276;53592;2195;2212;87366;44784;96150
evaluation,4391,85552;2462;98853;15419;54461;6134;58114;63170;11772;33016
evaluation,4392,27158;3032;11930;20386;44738;96822;61065;26298;49080;2035
evaluation,4393,14836;79301;89472;22;10798;13242;64102;19416;4592;77036
evaluation,4394,13958;33556;522;13712;20152;29734;18610;30242;574;41092
evaluation,4395,5542;10444;25578;1118;11476;5662;13868;582;8144;11716
evaluation,4396,96854;50031;81268;56428;10116;92410;55450;78928;1574;83194
evaluation,4397,26780;28536;99334;80230;99123;39286;99224;1680;1736;72190
evaluation,4398,41642;12968;62104;99350;88250;97389;31242;20406;56162;38334
evaluation,4399,4494;94954;90410;99564;6824;84812;1268;56162;8451;27850
evaluation,4400,94242;4169;62756;910;10290;47940;48420;26570;780;69801
evaluation,4401,13310;54812;12716;622;6828;13888;18775;50588;25069;495
evaluation,4402,3792;48752;99678;3828;2318;22306;398;34814;20302;17014
evaluation,4403,38248;21958;36064;23338;30192;31088;27509;11328;4426;30148
evaluation,4404,3894;38558;3979;18310;12486;97741;62560;11504;4934;35962
evaluation,4405,9592;62228;23626;48782;8020;8790;10894;75576;12402;96344
evaluation,4406,9552;34026;81038;5212;30874;74646;17612;316;95274;1106
evaluation,4407,38750;7630;87336;5428;1444;31574;23112;24728;5212;1790
evaluation,4408,3140;45174;17014;2222;316;87728;81038;10122;17326;33638
evaluation,4409,12535;9426;17612;332;2132;1500;26392;8416;3548;10754
evaluation,4410,49297;36600;19264;13886;62902;97228;3132;94501;38952;99036
evaluation,4411,61762;95082;43918;24690;3979;11210;10316;41060;85654;4934
evaluation,4412,13242;14836;12318;4592;89472;12090;79301;23338;64102;77036
evaluation,4413,95606;7988;27124;38750;10122;45875;2195;13166;44954;85676
evaluation,4414,85552;98853;15419;56460;6134;22844;64736;33016;1060;17632
evaluation,4415,35836;48752;41078;31264;34940;11916;41378;77080;80708;3662
evaluation,4416,36862;74800;424;3975;48752;3828;85920;55362;42286;35836
evaluation,4417,9592;23626;72932;96344;38016;30864;65910;23718;12402;72090
evaluation,4418,89472;13242;15224;23338;4592;89918;15200;30070;9388;39488
evaluation,4419,95082;61762;43918;24690;3979;11210;10316;41060;85654;4934
evaluation,4420,42006;78858;52266;11038;60506;49494;36572;21547;35962;52542
evaluation,4421,7724;19828;93094;8138;16420;67048;65981;16952;26810;3812
evaluation,4422,27158;3032;11930;20386;44738;96822;61065;52420;26298;49080
evaluation,4423,2967;52886;85920;65880;90534;82679;31302;99476;2068;75834
evaluation,4424,300;32716;23210;24690;10998;96114;234;49358;654;22450
evaluation,4425,70974;1396;1402;30070;74192;15224;2062;88944;89472;4440
evaluation,4426,60662;61945;83100;6204;15822;62228;43970;8790;8020;95621
evaluation,4427,3792;48752;3828;17014;34814;99678;398;22306;20302;2318
evaluation,4428,35040;3434;887;4952;46394;71788;2668;73268;79794;2068
evaluation,4429,37055;60662;20680;72119;59502;56582;12224;38398;31139;41696
evaluation,4430,15205;11568;51792;29266;2092;14604;63472;64736;96822;4740
evaluation,4431,33556;7138;724;31574;20694;93798;71694;22568;82350;49174
evaluation,4432,59461;31152;56728;11702;26052;1826;71126;33222;19372;20470
evaluation,4433,27818;28190;14054;259;358;2380;62756;93030;32160;69801
evaluation,4434,86396;9839;1260;43390;11060;8102;74328;4169;28854;67716
evaluation,4435,12952;53190;53398;50750;54243;3928;8914;22646;49774;64068
evaluation,4436,30870;14726;10004;33882;28821;94218;68470;70506;68945;9839
evaluation,4437,9592;23626;72932;13166;80110;45622;1900;53912;46392;51596
evaluation,4438,65606;17186;3975;44954;4946;58602;4276;36862;85676;45930
evaluation,4439,340;376;63880;69619;65556;25770;46522;19674;16114;20814
evaluation,4440,33296;90786;9034;17902;95582;39414;1155;7898;64910;896
evaluation,4441,48360;3670;66560;57410;56728;41068;2652;20014;47430;96473
evaluation,4442,22494;13892;24504;32476;80230;88748;24906;50208;97673;97662
evaluation,4443,14856;3980;30070;1428;92286;12318;99838;12090;34628;9430
evaluation,4444,8138;732;37450;51148;35962;90522;93094;49252;27042;7724
evaluation,4445,16850;16830;54314;97102;61967;66836;8500;16454;18590;12318
evaluation,4446,15419;17632;85552;74192;56460;30070;6134;22844;88944;98853
evaluation,4447,5983;7466;3294;7913;8484;77306;16830;424;78392;66738
evaluation,4448,4960;4946;45206;4276;96150;85138;58602;23928;3975;9696
evaluation,4449,74912;95621;46450;56155;19776;21911;6078;4394;1826;46394
evaluation,4450,1402;1396;2062;3812;70974;96169;15224;28286;4440;66982
evaluation,4451,13242;14836;12090;89472;12318;4592;23338;79301;77036;75986
evaluation,4452,14856;66264;3980;74540;1428;10730;67834;9430;12090;12318
evaluation,4453,8914;67834;79780;27814;45412;73058;12952;60172;16381;3864
evaluation,4454,60662;61945;83100;15822;6204;43970;62228;95621;48782;86597
evaluation,4455,41060;43918;74158;24690;59770;11210;99123;99224;14748;65910
evaluation,4456,3792;48752;3828;2318;99678;22306;398;34814;20302;17014
evaluation,4457,9592;23626;12402;10894;61746;10682;8838;72090;48782;98730
evaluation,4458,2222;95274;87728;2856;186;28908;91864;874;42784;316
evaluation,4459,37055;31139;38398;56582;61945;60662;23859;342;64376;2894
evaluation,4460,35054;65002;37055;57538;36636;56582;60662;8686;58370;38398
evaluation,4461,10392;1155;33296;8016;4740;84776;34504;896;41528;52616
evaluation,4462,496;1330;32754;54194;90605;47264;7150;19768;10528;13514
evaluation,4463,14895;31264;77510;59502;80112;56582;6204;18055;7988;34860
evaluation,4464,44954;45026;45930;972;13166;45875;51596;38532;21606;71330
evaluation,4465,27228;81338;14512;22282;79524;55806;81768;88014;11476;17283
evaluation,4466,27228;14072;28352;30904;1170;28534;70131;55806;92650;86654
evaluation,4467,30870;81666;87590;49396;47642;14726;54538;37476;28594;27886
evaluation,4468,10540;11874;1788;93120;73850;99806;50956;77464;42868;14072
evaluation,4469,37636;45688;49120;26198;56930;48154;97389;78702;94954;56162
evaluation,4470,2056;4368;1880;4468;6184;582;4218;1002;6618;1434
evaluation,4471,81522;97636;3039;94322;48610;2054;6824;93860;18775;97292
evaluation,4472,85584;4116;86723;27124;50852;45174;17326;87336;5428;41602
evaluation,4473,6960;32384;31868;84806;50990;23210;30242;32160;32120;25126
evaluation,4474,50491;78402;89894;32160;65370;25126;32120;34504;48198;82350
evaluation,4475,72210;11308;23558;9438;81382;11828;99060;6851;67186;22816
evaluation,4476,6006;10528;7410;80668;27818;28190;19768;7150;92321;12492
evaluation,4477,32476;77328;34370;33786;446;3006;59414;23124;85584;3114
evaluation,4478,94616;60254;20650;62364;10988;5952;15884;24524;1215;23210
evaluation,4479,86891;35476;64632;75920;46878;98588;1155;75128;10698;71492
evaluation,4480,98588;68404;88130;43600;37248;98924;64632;76774;90974;20208
evaluation,4481,47926;1146;21280;71646;6851;68114;80286;5174;3174;24616
evaluation,4482,2056;4368;1880;582;4468;6184;4218;6618;1002;13342
evaluation,4483,26514;27158;29734;30242;28178;18330;34454;18610;18680;3032
evaluation,4484,1338;28676;19416;93094;42556;38178;3658;19828;54812;32584
evaluation,4485,95082;61762;43918;24690;3979;11210;10316;41060;85654;4934
evaluation,4486,44954;45026;45930;13166;972;45875;51596;38532;21606;71330
evaluation,4487,64750;83276;64404;68842;74540;29594;3894;52504;96702;50256
evaluation,4488,89472;13242;23338;15224;4592;39488;15200;30070;4440;9388
evaluation,4489,65581;17626;11060;1248;29594;81522;30316;38558;52266;3166
evaluation,4490,35040;3434;73268;46394;4952;76644;2668;79794;14152;11908
evaluation,4491,9160;27434;214;52616;92670;20350;87068;87370;30650;46588
evaluation,4492,25102;82350;65370;4169;82920;16116;32160;71694;89894;95586
evaluation,4493,68052;36385;6396;45572;3468;79792;48866;3136;40062;28821
evaluation,4494,46726;91118;3894;97962;62528;12314;1022;87572;79320;59480
evaluation,4495,16850;16830;97102;54314;8500;66836;54243;18590;18768;5428
evaluation,4496,45228;46392;17530;17778;17328;74540;95318;4944;5096;9552
evaluation,4497,41770;73242;90974;22078;84806;27434;99678;75336;3496;43308
evaluation,4498,1684;6156;91242;2392;6278;9712;412;59480;48420;12292
evaluation,4499,3894;38558;3979;18310;12486;97741;42582;4934;62560;11504
evaluation,4500,71963;49252;9712;8138;12090;27042;12952;16454;28366;12318
evaluation,4501,17186;65606;89548;61616;90534;98102;49124;45341;85676;96434
evaluation,4502,6078;91242;19776;44544;38326;47092;5428;48026;4856;5466
evaluation,4503,4946;15774;3975;44954;84748;85676;58602;14402;45930;45341
evaluation,4504,376;340;63880;65556;69619;33110;25770;76738;332;48026
evaluation,4505,2570;12008;1962;9118;1736;7918;9464;1002;10444;1880
evaluation,4506,2056;4368;1880;582;4468;6184;13342;1002;4218;1434
evaluation,4507,94214;88748;90635;97662;76764;32294;11702;4708;39576;13598
evaluation,4508,2234;23630;12694;49297;15836;5020;7762;16116;480;88660
evaluation,4509,622;13310;50588;13888;495;5206;12716;71694;37282;93860
evaluation,4510,69708;14770;6886;59410;94242;88130;68945;910;31456;780
evaluation,4511,19852;68262;3438;49302;31550;12854;26970;25442;75986;29154
evaluation,4512,68262;19852;16080;49302;41328;64354;5788;34226;10122;4169
evaluation,4513,69256;94954;66098;8812;22090;33210;18738;85412;30904;12292
evaluation,4514,89472;73730;23338;33492;75986;39488;12090;15224;15200;1637
evaluation,4515,17186;89548;90534;946;42218;98102;65606;49124;61616;82994
evaluation,4516,9592;7988;22752;80112;36592;10682;82146;20814;49326;12402
evaluation,4517,4250;46392;17778;5280;98730;14454;33354;4242;17530;1236
evaluation,4518,39624;1094;924;1247;23670;88670;21280;89658;33560;57962
evaluation,4519,11828;98166;24581;6894;1071;72499;30296;29674;98476;7576
evaluation,4520,76136;43392;4664;22646;82659;66044;61346;5484;49774;20198
evaluation,4521,96944;93922;64882;44930;65562;17283;60112;42320;412;97838
evaluation,4522,98872;63472;50040;4740;37450;64736;3990;58114;58215;2462
evaluation,4523,15419;85552;98853;6134;56460;2462;35060;33016;70974;22844
evaluation,4524,26970;25442;52420;11142;14604;27818;7642;2706;4894;57756
evaluation,4525,27158;3032;11930;61065;40971;44738;35256;74434;42320;52158
evaluation,4526,26528;59344;72499;21090;50290;78994;82700;88846;8042;9828
evaluation,4527,3894;3979;12486;18310;35962;23713;1200;11328;85654;8760
evaluation,4528,30870;27886;14726;27996;1788;28920;23214;21636;30242;81522
evaluation,4529,32719;51884;3828;22306;17326;3792;85584;81572;45174;40714
evaluation,4530,7988;45875;84748;2880;30359;85676;44954;10122;2195;13166
evaluation,4531,3662;1366;14402;31627;17824;35836;36862;31264;77080;73882
evaluation,4532,74256;31706;3718;7630;38248;34814;72932;4934;1790;28510
evaluation,4533,57182;2526;33540;89042;45228;80;79807;79485;99234;53478
evaluation,4534,37055;38398;41696;31139;21170;9994;72119;3926;14274;79560
evaluation,4535,84748;85676;14812;91884;44954;38536;30359;87800;45930;95606
evaluation,4536,32719;85584;49788;17326;33638;40714;45174;49044;65584;81572
evaluation,4537,282;20120;15102;62124;90438;39318;29270;77252;9370;78728
evaluation,4538,17458;28536;97806;97259;72190;80230;94954;2054;26780;54010
evaluation,4539,55806;26780;14512;76944;40568;99020;71495;70131;79952;38920
evaluation,4540,79952;21886;72294;77464;20014;78702;37420;8708;36825;2280
evaluation,4541,81338;31132;8276;10276;2996;3020;1248;81768;36064;17458
evaluation,4542,51546;16406;18388;24906;2314;48050;81338;17458;11704;56336
evaluation,4543,49297;29402;36600;97389;94501;14012;65393;37356;37636;32554
evaluation,4544,97259;97806;80664;3608;17458;81145;77426;22284;99952;3742
evaluation,4545,7284;16036;6787;34393;42062;57102;6712;38334;44234;27750
evaluation,4546,22749;48140;68945;69708;50491;910;73730;23112;88676;83088
evaluation,4547,1146;5174;6042;65646;2536;1094;3174;28816;118;48400
evaluation,4548,3646;19132;27780;57514;27386;29270;13582;43658;9388;96238
evaluation,4549,496;1330;32754;13514;90605;54194;7150;19768;2994;80668
evaluation,4550,8016;41528;64736;58215;52616;4740;98872;59986;3990;2062
evaluation,4551,88944;15224;70974;23338;26810;89918;19828;74256;7472;89472
evaluation,4552,99654;37938;30359;8941;84748;2894;45875;29250;32378;52526
evaluation,4553,4934;412;54640;52504;42618;91172;29250;3704;46797;19948
evaluation,4554,35058;49774;96444;96414;9910;20198;10004;38178;6495;5086
evaluation,4555,27158;3032;11930;44738;96822;20386;61065;49080;52420;5738
evaluation,4556,75986;33492;68262;24592;4440;76816;56460;61540;3970;4592
evaluation,4557,70974;4440;1396;1402;3970;66982;13242;24592;64736;8138
evaluation,4558,99654;84748;946;96702;8941;69626;31216;29250;52526;30359
evaluation,4559,2894;76492;66836;94218;99654;45875;37938;30359;70506;69626
evaluation,4560,946;29250;61346;26356;39192;66044;68166;70210;18310;2262
evaluation,4561,1398;318;1362;1332;11938;9486;3640;98806;3612;12090
evaluation,4562,97806;97259;14726;49986;19296;20662;57876;99952;3256;32378
evaluation,4563,46392;17530;45228;17778;17328;95318;5428;41602;82679;47402
evaluation,4564,3792;99678;2318;65880;4946;31302;48752;24504;58602;20302
evaluation,4565,35040;3434;2068;887;340;71788;4952;376;89024;16114
evaluation,4566,7988;45875;30359;51596;87336;2880;84748;10122;13166;406
evaluation,4567,34026;9552;82994;82523;82770;20320;74646;50018;51956;30028
evaluation,4568,35836;77080;48752;3662;22306;41078;17824;74800;2318;34940
evaluation,4569,37055;60662;61945;56582;6204;86597;59502;8008;72119;31139
evaluation,4570,87800;84748;85676;38536;91884;14812;20848;45930;66364;8008
evaluation,4571,28536;76944;94954;17458;6618;72190;16612;3956;54010;79212
evaluation,4572,91582;56728;79516;4536;71108;46104;31698;27750;90602;71418
evaluation,4573,68945;910;47556;31456;88676;62756;89658;58240;14770;31974
evaluation,4574,1094;21280;1247;39624;924;69794;88670;19280;3136;14132
evaluation,4575,11308;9438;22816;23558;47618;57962;6851;72210;51448;24652
evaluation,4576,75858;31080;71646;32020;35572;45237;51448;27572;72456;6326
evaluation,4577,10310;574;522;13712;15464;76628;19128;65160;13958;1080
evaluation,4578,91580;87297;27266;39286;32750;92650;86654;50070;70214;7226
evaluation,4579,88944;3812;1402;1396;19828;30070;74192;15224;8138;90522
evaluation,4580,90522;52616;20974;64736;58215;8362;37450;894;60400;84776
evaluation,4581,15419;85552;98853;6134;56460;2462;35060;70974;33016;11772
evaluation,4582,34476;21470;86870;612;33016;22492;54544;2462;70974;37224
evaluation,4583,99654;10016;84748;61967;8941;31216;17626;51394;96702;21632
evaluation,4584,88944;3812;1396;1402;30070;19828;74192;90522;26810;8138
evaluation,4585,25442;26970;52420;11142;14604;57756;4894;7642;27818;2706
evaluation,4586,8138;16454;90522;23713;1402;1396;3812;732;35962;51148
evaluation,4587,73242;38887;80093;43308;39314;21286;68590;41770;75336;3496
evaluation,4588,35040;3434;46394;79794;4952;887;2668;71788;73268;24060
evaluation,4589,16406;81338;24906;23638;81768;80286;48050;8276;80230;2996
evaluation,4590,18238;41378;31264;63768;87388;31627;77510;73307;43436;3662
evaluation,4591,2900;3956;6618;12120;2436;28536;11194;9108;98960;6956
evaluation,4592,81768;81338;97662;32294;64986;32476;4708;24906;13892;96473
evaluation,4593,27158;3032;11930;44738;20386;96822;5738;52420;64882;27205
evaluation,4594,12211;22306;51884;30760;38632;3828;17824;87;390;57596
evaluation,4595,13886;99036;97228;19264;19146;38952;38790;3064;3132;20232
evaluation,4596,73307;76818;80112;67128;22752;75834;4856;15200;27412;37938
evaluation,4597,7191;80664;880;584;3742;7316;23218;25578;23430;22499
evaluation,4598,87728;17014;3140;168;17326;95274;59512;45174;30028;33638
evaluation,4599,19449;23702;66098;55450;47084;95980;19962;81268;24043;39388
evaluation,4600,91580;39286;35032;27266;32750;7226;26780;86654;22282;28900
evaluation,4601,60858;16612;69536;10540;93120;73850;3352;77464;47084;97389
evaluation,4602,44954;45026;87336;45875;84748;45930;406;95606;7988;51596
evaluation,4603,81338;16406;24906;81768;23638;80286;8276;18388;80230;23214
evaluation,4604,30232;98166;35124;55150;98476;780;6894;910;89798;1382
evaluation,4605,74646;95274;44374;4250;51830;14454;59512;73720;28764;17376
evaluation,4606,39006;19714;31242;532;29582;115;29788;39657;81688;24478
evaluation,4607,41472;2190;85388;85110;39296;46752;31412;1148;33838;83412
evaluation,4608,59132;96822;51104;79576;61540;77252;78728;48420;90;72940
evaluation,4609,15716;31042;47926;65998;28816;1094;6824;3174;6851;54282
evaluation,4610,36064;88782;5366;23754;26182;60112;23570;95153;1248;44442
evaluation,4611,16406;24906;81338;8276;23638;48050;80230;81768;18388;32294
evaluation,4612,3468;6396;36385;77368;40062;28821;79792;45572;97636;68052
evaluation,4613,8006;4856;6204;18238;12224;8020;8686;36636;6078;56582
evaluation,4614,45820;33882;35832;3496;87388;18640;22078;24220;22306;3792
evaluation,4615,25442;27818;71330;26970;23112;36385;28190;95082;22749;69708
evaluation,4616,99654;84748;8941;96702;17626;10016;30359;31216;51394;21632
evaluation,4617,44954;45026;13166;45930;972;45875;51596;38532;21606;71330
evaluation,4618,38248;3828;36064;41602;30192;54786;31088;9994;3008;9890
evaluation,4619,35040;3434;46394;887;2668;79794;73268;76644;4952;71788
evaluation,4620,15716;31042;47926;65998;28816;1094;6824;3174;6851;21280
evaluation,4621,64736;8362;58114;90522;4740;60400;63472;98872;71834;2092
evaluation,4622,340;376;63880;69619;19674;65556;34860;46522;77510;18055
evaluation,4623,45174;3140;87728;316;2222;17014;95616;17326;168;32719
evaluation,4624,9552;34026;82523;82994;50018;20320;946;42218;82770;30028
evaluation,4625,4250;74646;95274;51830;14454;834;73720;87728;76738;2526
evaluation,4626,27158;11930;3032;44738;96822;52420;20386;26298;29594;61065
evaluation,4627,7284;16036;6787;57102;38334;44234;56564;47896;65696;27750
evaluation,4628,20350;34628;90532;14856;21632;9034;1410;24592;9712;26556
evaluation,4629,86956;91988;86577;420;74912;88788;46450;51048;22476;63726
evaluation,4630,68994;86956;31706;442;420;91988;86577;33540;5912;8386
evaluation,4631,86577;88788;86956;420;46450;87336;49076;2564;91988;96434
evaluation,4632,5428;88788;6078;8724;420;50268;86956;87336;89024;61108
evaluation,4633,8138;51148;28366;16454;41498;42248;11328;2492;71963;23713
evaluation,4634,64882;96944;53432;7914;31816;410;36600;19002;1248;42320
evaluation,4635,31868;32120;34504;82350;50491;32160;89894;65370;25102;1024
evaluation,4636,1260;3114;1732;4248;48420;25898;5366;14770;94242;36030
evaluation,4637,496;1330;32754;13514;90605;92354;46412;48690;3136;5946
evaluation,4638,76944;26780;80230;72190;28536;83533;17458;42868;3886;79212
evaluation,4639,70131;7226;37228;78702;21694;35032;14780;10062;79646;74196
evaluation,4640,38887;68590;2078;10052;21286;3942;75336;69256;2836;34163
evaluation,4641,22492;34476;75086;21547;76074;21470;11038;33016;26824;86870
evaluation,4642,65880;97959;38016;99476;99516;90534;2967;6712;95980;61616
evaluation,4643,37055;3926;77480;72119;33736;45378;23718;21170;38248;21134
evaluation,4644,66098;55450;56112;39117;10116;81268;1695;34536;7426;18018
evaluation,4645,89472;13242;15224;23338;4592;15200;9388;39488;12318;33492
evaluation,4646,2267;5001;10004;96444;96414;1494;6495;5256;49774;35058
evaluation,4647,5366;36064;88782;13712;65581;81522;1382;15970;59807;91810
evaluation,4648,896;57566;59132;84776;79576;84340;90;69562;49396;2080
evaluation,4649,89472;13242;15224;23338;4592;39488;15200;9388;33492;4440
evaluation,4650,10004;96444;96414;23778;5256;35058;23713;61346;66044;49774
evaluation,4651,99654;84748;29250;73590;946;14550;30359;73307;71404;85676
evaluation,4652,52476;23928;19002;4588;16830;73268;67128;45228;18738;3032
evaluation,4653,99678;3792;20302;22306;2318;86026;390;18640;22078;3828
evaluation,4654,99234;79807;79485;89024;71788;53478;46196;57182;3346;4952
evaluation,4655,94954;72190;28536;54010;26780;39286;37228;3886;52452;76944
evaluation,4656,99564;70131;79358;99020;79646;50070;7226;37228;91580;74196
evaluation,4657,56112;43768;34536;17508;724;83264;35968;10760;29114;66106
evaluation,4658,45688;37636;56930;29122;21694;78702;70131;79646;37228;7226
evaluation,4659,97259;97806;99952;14726;17458;17048;16848;49986;20662;1766
evaluation,4660,92321;10528;80668;7150;19768;54194;27818;62944;71694;28190
evaluation,4661,3136;6851;56766;48690;48216;5354;45237;3306;74006;47556
evaluation,4662,2092;37450;51792;64736;7336;71963;72828;90522;732;63472
evaluation,4663,18330;20152;20446;29734;5946;18610;20488;13958;30242;13712
evaluation,4664,39296;13892;81768;81338;30704;16406;96473;31412;10276;25976
evaluation,4665,23630;2234;12694;49297;632;13252;5836;5020;7762;14054
evaluation,4666,46752;41472;39296;1148;17048;17458;49986;90712;83533;81338
evaluation,4667,64750;83276;64404;68842;74260;24259;77100;52504;74540;75848
evaluation,4668,93448;16420;22862;16952;3166;18746;53208;53398;60;86574
evaluation,4669,27818;25442;71330;36385;28190;23112;26970;95082;58172;69708
evaluation,4670,115;19714;38090;31242;29788;3944;10596;39006;81688;532
evaluation,4671,3864;8914;45412;802;9430;64102;76818;1332;1428;968
evaluation,4672,42556;9182;99654;23928;85676;784;13166;14726;38536;84748
evaluation,4673,61762;85654;798;24458;19948;6278;9712;1022;34628;73044
evaluation,4674,35040;46394;4952;79794;21076;73268;76644;2668;3434;71788
evaluation,4675,9592;23626;10682;23718;10887;46392;12402;72932;30864;10894
evaluation,4676,38016;90534;34814;65880;61616;89548;62104;17376;96434;28908
evaluation,4677,3596;6194;80914;21286;54524;73242;34163;96394;8398;43308
evaluation,4678,62756;98012;54194;48420;1940;62336;37282;47278;3032;69606
evaluation,4679,27662;62944;36390;31850;93798;17106;14160;7150;98636;24581
evaluation,4680,9712;11328;27042;72828;73056;16454;49252;35962;4426;42248
evaluation,4681,98853;85552;6134;15419;56460;2462;17632;33016;22844;11772
evaluation,4682,27818;25442;71330;36385;28190;23112;26970;95082;58172;69708
evaluation,4683,41328;70662;19714;54086;81382;49302;532;92410;19562;9762
evaluation,4684,2267;5001;10004;96444;96414;1494;6495;49774;5256;35058
evaluation,4685,27509;3970;16952;21958;22788;16420;67128;1348;9074;7724
evaluation,4686,76492;2894;19948;51394;66836;30359;94218;61967;42320;45875
evaluation,4687,27158;3032;11930;44738;96822;20386;52420;29594;5738;15750
evaluation,4688,6278;50512;15822;55362;3975;20264;2248;80840;76492;30359
evaluation,4689,31627;1366;3662;73882;17824;5572;11916;35836;95582;86686
evaluation,4690,79807;99234;2526;57182;79485;53478;89024;46196;5212;61746
evaluation,4691,37055;80112;8008;6204;20680;33736;56582;98730;59502;60662
evaluation,4692,46392;17530;17328;17778;4250;1236;98730;17326;3114;14454
evaluation,4693,88748;97662;11702;4708;47896;48714;22494;32476;90635;71043
evaluation,4694,19274;42148;47926;41010;6008;28684;18240;30758;68482;59134
evaluation,4695,3468;97636;68052;51392;48866;6396;4712;8604;41866;3136
evaluation,4696,24650;2316;3468;10174;8604;8676;6960;48420;1732;13582
evaluation,4697,19828;442;5912;93094;7724;26810;74256;7472;3718;3812
evaluation,4698,27158;3032;11930;96822;44738;20386;5738;61065;49080;26298
evaluation,4699,39006;532;39657;115;19714;31242;29582;588;19562;40984
evaluation,4700,5001;2267;10004;1494;96444;49774;96414;6495;5256;76136
evaluation,4701,27658;31616;60254;96114;5320;19760;1672;58506;59770;9676
evaluation,4702,63949;64484;37794;40971;11930;54640;19282;3928;97962;44738
evaluation,4703,80840;18738;30359;21084;96702;20264;1680;2248;96444;96414
evaluation,4704,3792;99678;2318;20302;18640;48752;22306;390;86026;28452
evaluation,4705,9592;23626;48782;10682;30864;72090;96344;20680;75576;3194
evaluation,4706,4960;4946;4276;85138;58602;18640;44446;45206;5642;38016
evaluation,4707,35040;3434;46394;79794;73268;2668;76644;887;4952;2068
evaluation,4708,77510;31264;63880;95758;18055;80112;10682;29810;75834;7988
evaluation,4709,79485;99234;79807;2526;53478;57182;89024;86956;88788;86577
evaluation,4710,37055;56582;60662;12224;61945;31139;6204;62228;8008;342
evaluation,4711,95616;2222;87728;95274;17326;316;17014;186;32719;1430
evaluation,4712,38750;7630;5212;5428;6246;87336;4952;88788;86956;3704
evaluation,4713,95930;5642;55362;3975;58602;4946;4276;398;3792;45026
evaluation,4714,79358;50070;14072;26780;37228;70131;94954;26312;26550;54010
evaluation,4715,70131;99564;99020;74196;37228;7226;57078;14072;75452;14780
evaluation,4716,32750;70288;45688;39286;97294;50070;21694;37636;77109;56930
evaluation,4717,88748;12756;90635;56564;97662;4708;11702;31510;47896;89232
evaluation,4718,96528;46748;18388;71020;24906;8276;5362;16406;71043;81768
evaluation,4719,86396;44234;9839;58172;19546;6612;97268;32814;24498;73644
evaluation,4720,49297;5020;36600;97389;13886;23630;65332;51638;7762;632
evaluation,4721,93120;60858;34718;36387;16612;50190;69536;3352;10540;11532
evaluation,4722,496;1330;32754;90605;13514;54194;10528;19768;4996;7150
evaluation,4723,10174;24650;1732;6960;1071;48244;3827;15970;45572;13582
evaluation,4724,39220;46516;31234;56936;82920;73070;82350;93030;77350;50550
evaluation,4725,14992;45698;16616;35124;1383;13880;2538;27662;14160;98636
evaluation,4726,17106;93798;41170;27662;47971;10528;66680;2538;53476;2054
evaluation,4727,22306;3792;17326;77480;14162;21134;54786;34814;85539;3828
evaluation,4728,46394;79794;4952;2668;73268;21076;76672;38536;76644;91884
evaluation,4729,48752;35836;41078;80708;31264;41378;34940;17824;31302;7391
evaluation,4730,45174;3140;87728;168;17326;59512;81038;17014;32719;71904
evaluation,4731,91988;86956;420;46450;38750;74912;19372;87336;410;1826
evaluation,4732,86396;9839;55338;58172;73644;8102;71404;61945;33882;73590
evaluation,4733,26970;25442;52420;11142;7642;14604;57756;2706;4894;2863
evaluation,4734,66836;2894;33416;17626;44954;45325;40608;47278;19948;37318
evaluation,4735,9464;2900;1880;1434;5862;483;4648;1392;2436;8812
evaluation,4736,48420;41170;1024;51104;910;88676;780;47758;50990;7804
evaluation,4737,88748;97662;32476;11702;17368;47896;19546;71043;39418;4708
evaluation,4738,61762;85654;95082;6278;11210;84748;61967;20650;91884;40971
evaluation,4739,20014;37420;79952;21886;72294;13182;31698;2280;14266;27750
evaluation,4740,49297;13252;5020;13892;632;3918;7191;23630;36600;6346
evaluation,4741,4536;20014;57920;13182;26052;30704;37420;57410;19208;31152
evaluation,4742,55450;52452;56112;83194;81268;18018;1695;50439;66098;88250
evaluation,4743,65581;60112;57886;95904;26090;65180;7988;44442;88782;76944
evaluation,4744,20974;90522;64736;52616;75582;8362;10855;37450;51792;27042
evaluation,4745,4960;4946;74800;96150;45206;53592;53912;11528;9696;53292
evaluation,4746,88748;97662;31510;24906;4708;46752;92788;1170;81768;5362
evaluation,4747,19852;16080;31550;68262;10122;48140;54258;49302;20936;96246
evaluation,4748,65180;32866;46460;5001;61762;65581;52266;59882;6278;85654
evaluation,4749,18055;77510;7988;31264;59502;56582;80112;20814;6204;46522
evaluation,4750,64522;65556;19040;9940;34372;5358;63880;19674;14402;24060
evaluation,4751,5542;10444;5620;12522;31412;67412;4908;6184;13868;11476
evaluation,4752,88748;18388;90635;16406;32476;13182;11702;78164;4708;46104
evaluation,4753,34718;11532;28393;58832;2188;41472;18138;13386;58762;45964
evaluation,4754,1146;5174;2536;65646;3174;80286;11142;31242;57756;37248
evaluation,4755,65581;7914;44442;65180;23570;6538;26090;23754;57886;1248
evaluation,4756,4664;35058;96414;96444;49774;5256;10004;22646;76136;5484
evaluation,4757,86396;9839;44234;3352;24498;58172;392;80040;73418;10426
evaluation,4758,73307;9124;73590;71404;73418;1672;342;36636;16728;8020
evaluation,4759,97806;94218;97259;60596;9839;13338;4166;3020;372;28920
evaluation,4760,63880;332;19510;340;24060;65556;14274;25770;874;64232
evaluation,4761,14992;35124;45698;98636;1383;16616;13880;88676;41092;27662
evaluation,4762,83088;2996;56358;22893;1378;5206;23890;10540;8280;32294
evaluation,4763,73307;3194;73590;73644;67128;71404;45446;9124;73418;37938
evaluation,4764,79952;21886;78702;20014;72294;8982;16064;13182;77464;37420
evaluation,4765,54538;28594;31950;31850;37602;17283;34104;1382;6536;36172
evaluation,4766,40608;44930;10016;26090;99654;73124;9750;17626;9940;6278
evaluation,4767,11702;32814;51546;88748;91164;24906;71126;47896;90635;62104
evaluation,4768,6538;69568;36064;65180;87554;7914;85388;2604;26090;65581
evaluation,4769,48420;88676;910;22749;1024;94242;780;47758;37602;27818
evaluation,4770,15716;31042;65998;67186;97389;4149;5676;2098;9376;47926
evaluation,4771,28190;54194;62756;41162;8676;96912;14454;32120;48420;12854
evaluation,4772,28948;21712;2706;49056;92354;80668;92321;496;7150;6006
evaluation,4773,8020;98730;80572;80112;12564;14422;12402;16728;3194;10894
evaluation,4774,73307;36636;73590;73418;9124;73644;71404;56582;8020;1672
evaluation,4775,83100;3658;3194;82994;82523;16728;82770;12564;73307;73644
evaluation,4776,71404;3194;73590;98730;9124;73644;73307;73418;1672;37938
evaluation,4777,574;76628;33556;522;15464;48610;57514;58584;13668;10310
evaluation,4778,98588;43600;22128;76774;25778;68404;88130;590;90974;234
evaluation,4779,35592;51262;97838;87064;1472;12744;23894;69256;7898;21470
evaluation,4780,43768;99952;20766;83412;69582;57920;2594;60112;62912;56450
evaluation,4781,64736;60400;37450;63472;90522;20974;8362;98872;51792;732
evaluation,4782,57710;41450;53672;2267;95904;68932;17283;19760;65160;51372
evaluation,4783,86396;44234;24498;3352;9839;71126;2280;80040;45964;86950
evaluation,4784,79807;57182;99234;79485;53478;89024;2526;88788;86956;45228
evaluation,4785,5912;3718;8724;3812;88944;15224;19828;89918;7472;420
evaluation,4786,19510;84806;9750;71788;19040;95606;45875;60042;887;17778
evaluation,4787,30948;64026;9552;23124;35836;23626;98806;45562;77480;22476
evaluation,4788,332;63880;53472;42784;1430;11574;12211;25770;874;65556
evaluation,4789,37055;31139;38398;23859;66364;60662;45446;56582;2894;4114
evaluation,4790,2526;57182;79807;79485;99234;53478;89024;45228;3346;33540
evaluation,4791,47018;47098;47012;85584;45622;45341;19760;4116;3114;21134
evaluation,4792,168;316;3140;45174;17326;81038;95274;2222;53586;17014
evaluation,4793,2868;6440;27124;26970;702;13598;38750;75848;16080;54786
evaluation,4794,31264;46058;3662;8290;31302;1394;14402;72119;5506;46232
evaluation,4795,19852;31550;83840;11506;18364;18726;92418;68262;49302;33492
evaluation,4796,17106;27662;93798;10528;41170;22568;23092;3040;7138;71934
evaluation,4797,65581;7914;44442;26090;65180;6538;23570;95904;57886;1248
evaluation,4798,38558;73309;41498;3980;82836;35850;2492;732;2392;12952
evaluation,4799,9592;23626;72932;4118;65002;12402;61746;74912;10682;10466
evaluation,4800,98588;43600;68404;25778;88130;76774;22128;590;234;37248
evaluation,4801,2900;3956;6618;28682;63538;9464;12120;2436;17458;1896
evaluation,4802,7988;65581;26090;95904;7914;65180;57886;73307;26414;43392
evaluation,4803,99838;10988;92286;24524;4154;54282;87755;2989;90198;61190
evaluation,4804,63880;12864;64232;11574;25770;874;53472;65556;12290;19510
evaluation,4805,4514;65880;98102;69164;4594;2068;31302;61616;77080;89548
evaluation,4806,16406;24906;23638;2996;81768;48050;17458;18388;54243;81338
evaluation,4807,54194;1260;4169;62756;51696;140;27780;4248;36348;1046
evaluation,4808,2078;2836;92358;26104;13212;97930;36604;24581;12744;4688
evaluation,4809,30818;14748;73309;14856;16952;64068;66044;92988;35850;3120
evaluation,4810,57710;41450;9916;2267;95904;35058;51372;4100;53672;10760
evaluation,4811,35040;887;3434;4952;2668;73268;46394;79794;71788;798
evaluation,4812,88670;89658;39624;1094;48690;1247;49056;6851;21280;924
evaluation,4813,1024;54194;69979;2994;30642;10528;28190;35124;18775;9828
evaluation,4814,14014;41472;23344;46254;13182;39618;16708;66560;38008;87894
evaluation,4815,1060;5272;51148;37450;56460;35962;732;71963;85552;8138
evaluation,4816,98853;56460;85552;15419;6134;44154;22844;17632;33016;22302
evaluation,4817,732;29154;56460;68262;8138;15419;85552;98853;2462;3612
evaluation,4818,98853;56460;15419;85552;6134;44154;22844;17632;33016;64736
evaluation,4819,42218;1398;50256;17328;28916;1362;8386;4944;9890;1332
evaluation,4820,66836;6495;26682;44954;21606;2038;45930;3002;11060;45875
evaluation,4821,99654;84748;35058;45875;14550;68414;52526;85676;96444;47971
evaluation,4822,61762;85654;95082;42320;12486;20212;40971;8760;73044;43844
evaluation,4823,84340;73309;52616;10223;39488;86026;82836;96169;52030;28286
evaluation,4824,4856;6078;6204;12224;26414;18055;18238;80112;95621;59502
evaluation,4825,15102;282;62124;77252;78728;20120;39318;90438;29270;37476
evaluation,4826,334;54314;1276;3006;4434;65556;69619;24060;19040;89024
evaluation,4827,1155;896;27434;82350;2080;33296;11568;10998;57390;34504
evaluation,4828,64986;46104;39296;78164;35884;24906;11702;2996;24504;2734
evaluation,4829,5542;9356;36040;10960;16090;73290;10276;65522;2290;12910
evaluation,4830,36387;15282;39854;93120;80040;23214;37420;96944;34718;16612
evaluation,4831,86396;44234;45964;10276;87590;31012;3352;33270;10408;22893
evaluation,4832,6910;39576;39418;94748;6150;32476;88748;39419;10720;89232
evaluation,4833,910;14770;94242;88676;780;48420;69708;47758;31456;68945
evaluation,4834,89894;65370;25126;32160;82920;32120;50491;82350;78402;34504
evaluation,4835,3468;6396;97636;8604;36385;77368;6960;51392;3136;79792
evaluation,4836,1094;88670;69794;21280;39624;588;33560;23670;924;1247
evaluation,4837,19852;16080;5788;54258;68262;31550;57048;94242;29126;34226
evaluation,4838,51448;35572;31080;32020;45237;19767;71646;27572;6326;93546
evaluation,4839,69662;11960;63534;3942;65160;78402;6536;57514;22;8398
evaluation,4840,20694;82350;33556;65370;23790;1400;89894;7150;4169;8648
evaluation,4841,39286;91580;37228;32750;87297;27266;7226;50070;21694;93488
evaluation,4842,25778;98588;234;22128;95274;2080;23210;67762;86723;2222
evaluation,4843,16406;24906;48050;8276;18388;81338;81768;23638;31202;13892
evaluation,4844,97806;97259;16848;14726;17048;12850;3256;19296;70506;99334
evaluation,4845,2900;3956;6618;2436;28536;11194;12120;98960;1736;2351
evaluation,4846,65646;16448;68945;69708;910;79576;54282;11142;9828;60188
evaluation,4847,32160;32120;34504;50491;25102;32384;1024;25126;82350;82920
evaluation,4848,14160;82350;33556;14686;65370;4169;20936;7150;13880;1024
evaluation,4849,16448;65646;54282;28816;79576;11142;140;20912;96464;9828
evaluation,4850,28948;94616;15884;9676;92321;68262;17508;5952;25102;21712
evaluation,4851,11828;11308;72210;9762;9438;22816;57962;18814;23558;41010
evaluation,4852,574;522;50646;55338;2344;76628;14770;1080;77368;28821
evaluation,4853,61762;85654;95082;6278;11210;61967;84748;76672;20650;91884
evaluation,4854,6536;26182;5001;29858;60112;44442;3039;59807;57514;65581
evaluation,4855,4440;22;3970;44450;44702;22302;24592;56460;76816;7368
evaluation,4856,13986;6554;9332;9118;1328;1118;6354;7918;13868;1434
evaluation,4857,36387;10540;93120;50190;60858;39486;77464;2144;66914;58762
evaluation,4858,23338;33492;35378;9074;38090;27509;9388;22;75986;68262
evaluation,4859,98194;83904;33628;66438;23508;98376;32476;39576;29410;97662
evaluation,4860,5836;33222;38008;50208;90148;75176;632;39576;1422;39418
evaluation,4861,34718;46080;32814;16612;31864;67287;50382;23508;4570;28393
evaluation,4862,78164;25612;2996;31510;64986;39576;76232;76764;83552;31132
evaluation,4863,48050;32476;97662;22494;17368;76764;39419;5020;2194;6910
evaluation,4864,10720;89932;98376;10646;632;75176;32476;39419;4539;89232
evaluation,4865,64026;7472;5912;15200;19828;26810;3812;42662;88944;15224
evaluation,4866,1247;39624;924;21280;1094;88670;69794;6851;19280;32318
evaluation,4867,48400;21052;66680;4166;63336;71934;47926;14580;59134;40806
evaluation,4868,44260;318;53132;36200;16558;15356;41602;9890;9994;74426
evaluation,4869,30192;3438;21958;74766;96169;38248;18310;64102;44260;3812
evaluation,4870,1247;39624;924;21280;88670;19280;48690;69794;1094;23670
evaluation,4871,64354;69662;65160;18775;92410;37282;41328;14992;22144;724
evaluation,4872,26970;25442;11142;14604;1644;27818;68262;57756;2706;52420
evaluation,4873,33560;29788;29582;23670;40984;56168;31974;24478;29266;115
evaluation,4874,83100;82770;36636;16728;43970;3658;82994;18238;82523;1672
evaluation,4875,39286;37636;32750;49120;31790;56930;57078;50070;28900;3886
evaluation,4876,55450;1695;56112;66098;7426;24043;39401;39117;18018;81268
evaluation,4877,98376;98210;87370;94748;89932;10720;10646;75176;90148;632
evaluation,4878,34370;28948;24690;13608;95082;96114;20650;49358;60254;5680
evaluation,4879,29788;29582;40984;33560;23670;39006;56168;19714;39624;29266
evaluation,4880,4648;95082;3603;20212;10316;2436;79360;78702;3956;6618
evaluation,4881,75176;89932;98376;13252;90148;632;4539;10720;5862;32476
evaluation,4882,89932;94748;90148;10720;62912;34916;632;46752;5862;7426
evaluation,4883,39576;76764;32294;97662;17368;94214;41068;22494;88748;39419
evaluation,4884,32294;97662;39576;76764;39419;83398;22494;31510;88748;5362
evaluation,4885,19208;2188;26052;72294;57410;8982;56358;30704;65281;25514
evaluation,4886,90148;94748;49986;98376;87370;75176;13252;42062;1766;98210
evaluation,4887,16708;31698;18278;23632;29338;31594;96792;68542;56564;32129
evaluation,4888,97662;90148;48050;22494;89232;39576;32476;78164;63084;56786
evaluation,4889,89932;10720;98376;75176;10646;94748;632;4539;32476;22494
evaluation,4890,13892;3020;91164;78164;17368;13252;22494;39576;2652;23380
evaluation,4891,1330;496;13514;90605;80668;32754;7150;2994;92354;89916
evaluation,4892,96344;46336;32884;81038;66364;49076;92240;45478;3006;10754
evaluation,4893,38536;9696;91884;84748;85676;11528;14812;45930;3975;44954
evaluation,4894,11574;30186;64522;12290;13338;87800;1276;874;318;49044
evaluation,4895,74646;9552;69619;26392;50602;332;1500;17612;34026;20744
evaluation,4896,19040;19510;71788;84806;17778;34372;69619;26350;48026;9750
evaluation,4897,1695;5820;2008;55450;7426;89944;1002;5766;13252;89480
evaluation,4898,99234;2526;79807;79485;3346;57182;53478;89024;86956;3106
evaluation,4899,44702;42248;56460;15419;6134;22844;29722;1637;85552;4440
evaluation,4900,80840;3975;55362;20264;69394;18738;30359;21084;4946;15822
evaluation,4901,27158;11930;3032;44738;96822;20386;26298;52420;29266;61065
evaluation,4902,42006;78858;11038;60506;21547;52266;49494;36572;42176;28286
evaluation,4903,332;33110;63880;19040;798;19510;552;25770;17778;376
evaluation,4904,38248;74766;21958;30192;318;88944;26164;18310;64068;3812
evaluation,4905,98376;90148;98210;632;89932;32750;94748;93488;10720;5836
evaluation,4906,33556;82350;14160;14686;65370;4169;1024;7150;20936;89894
evaluation,4907,68916;1247;19280;924;47618;39624;48690;48216;88670;6224
evaluation,4908,90148;98376;94748;632;10720;89932;13252;75176;98210;5862
evaluation,4909,8196;9332;54964;2290;18388;62902;39576;2844;4383;8190
evaluation,4910,75176;89932;632;10720;13252;4539;90148;98376;7426;46080
evaluation,4911,17368;89232;39576;56786;4708;90476;63862;22494;88748;42062
evaluation,4912,68590;39314;96394;11996;69606;99564;6610;21238;26558;34163
evaluation,4913,66982;77036;3970;28286;60506;4440;64736;3944;1396;9590
evaluation,4914,68916;1247;924;19280;47618;48216;88670;39624;6224;48690
evaluation,4915,61762;85654;6278;33644;95082;2784;9182;61967;76492;84748
evaluation,4916,46506;79301;13242;26810;30070;42662;20684;19828;4592;15200
evaluation,4917,39418;90148;5862;94748;34916;7426;75176;10720;13252;31584
evaluation,4918,332;9750;798;81572;91864;85584;4264;552;79794;19510
evaluation,4919,95616;17326;87728;316;51830;2222;186;95274;1900;1958
evaluation,4920,75176;98376;89932;13252;5862;90148;632;98210;2652;10646
evaluation,4921,97806;97259;94218;60596;9839;4166;13338;28920;372;3020
evaluation,4922,39618;29410;15282;51294;40364;76497;31510;2190;75176;472
evaluation,4923,72210;23558;22816;41642;12166;11308;11828;18814;31080;62104
evaluation,4924,622;50588;13310;5206;13888;32584;54812;9910;3944;12716
evaluation,4925,39576;22494;76764;88748;32294;97662;39419;83398;17368;13252
evaluation,4926,63472;52616;4740;75582;49080;8362;54461;96822;64736;894
evaluation,4927,65581;57886;81522;44442;60112;7914;23570;23754;49494;26090
evaluation,4928,35040;3434;46394;79794;4952;71788;73268;887;24060;76644
evaluation,4929,19040;398;1276;552;3006;22912;23124;8416;54314;334
evaluation,4930,89932;90148;94748;5862;10720;56450;7426;34916;54964;62912
evaluation,4931,88748;16406;11702;90635;24504;63862;48050;92788;24906;59461
evaluation,4932,47200;55806;10116;99020;27228;22282;14512;78532;73882;17283
evaluation,4933,31698;87894;14266;18278;29338;27750;32129;3524;68542;7284
evaluation,4934,2604;22306;38632;5760;75834;38248;53132;54404;73307;69626
evaluation,4935,83100;73644;16728;3194;82523;82994;3658;73307;82770;36636
evaluation,4936,39576;50208;632;32476;13252;13892;92788;24906;22494;39419
evaluation,4937,14132;1247;21280;532;19714;924;1162;39624;32318;39657
evaluation,4938,11828;23558;9438;9762;5952;22816;54086;11308;51696;92854
evaluation,4939,1330;92354;10528;62944;7150;62756;90605;42638;93860;17508
evaluation,4940,21286;68590;73242;6194;87590;16848;21238;94370;62250;43308
evaluation,4941,45698;16616;7150;27662;88460;14160;98636;36390;82350;37282
evaluation,4942,19510;71788;19040;84806;34372;47098;20952;63880;26350;9750
evaluation,4943,74646;69619;95274;9552;26392;4434;332;50602;17612;20744
evaluation,4944,65998;5674;1162;4149;28816;2098;2134;68404;9376;2287
evaluation,4945,15102;282;62124;78728;29270;39318;37476;77252;90438;20120
evaluation,4946,15884;20650;1200;60254;53672;62364;34370;23210;94616;3979
evaluation,4947,22302;56460;98853;6134;44154;85552;15419;17632;33016;22844
evaluation,4948,44450;11436;44378;3600;18310;21471;74194;35962;14856;3894
evaluation,4949,27509;23338;50950;21958;9074;3970;67128;3308;38501;22788
evaluation,4950,9388;29028;1637;61540;12;75582;14604;27150;11772;14836
evaluation,4951,61762;85654;95082;6278;84748;11210;61967;52476;20650;9696
evaluation,4952,65581;7914;57886;26090;95904;44442;43392;65180;27626;52266
evaluation,4953,19828;93094;7724;26810;968;1332;3864;8138;68136;54556
evaluation,4954,99678;22078;3792;19372;5642;58602;398;55362;86026;84806
evaluation,4955,9592;23626;48782;23718;10682;10466;72090;12402;80112;30864
evaluation,4956,332;63880;42784;53472;1430;874;11574;25770;12211;45026
evaluation,4957,4984;31574;10850;75794;53592;21674;9464;42286;89252;59964
evaluation,4958,16612;79212;91637;94954;54010;19260;60858;29402;4368;76944
evaluation,4959,88748;76764;83398;97662;11702;39576;31510;59964;51546;24906
evaluation,4960,35572;45237;6326;51448;31080;32020;19767;71646;27572;93546
evaluation,4961,4960;96150;46058;10887;398;9750;9696;23928;53592;7642
evaluation,4962,39576;76764;97662;39418;22494;74808;88748;51546;32294;17368
evaluation,4963,24160;71788;446;22476;41422;89024;6078;61108;47098;47012
evaluation,4964,36636;73307;73590;73644;56582;73418;9124;18238;12224;1672
evaluation,4965,27818;71330;28190;25442;36385;23112;26970;16116;80840;95082
evaluation,4966,65581;26182;60112;23754;65180;95904;23570;7914;4628;59807
evaluation,4967,73307;9124;73590;37938;73644;98730;73418;1672;71404;82770
evaluation,4968,50186;90602;2162;96912;30316;46104;83276;61967;8044;392
evaluation,4969,35040;3434;73762;76478;4952;76644;28510;46394;11908;91884
evaluation,4970,9552;34026;30028;14060;42218;50018;82994;82523;74646;51956
evaluation,4971,15102;62124;282;20120;29270;90438;78728;39318;77252;17770
evaluation,4972,1276;49076;54314;3006;19040;24060;334;8416;17778;32884
evaluation,4973,79952;78702;21886;72294;8982;20014;38920;8708;16064;1788
evaluation,4974,81768;31132;20014;81338;31510;73778;9356;10276;71020;92786
evaluation,4975,89932;90148;94748;5862;7426;10720;56450;62912;34916;54964
evaluation,4976,98376;632;90148;89932;98210;94748;97662;13252;62322;75176
evaluation,4977,32814;11698;16976;3352;16612;31412;16866;70994;66866;31864
evaluation,4978,1330;496;13514;54194;32754;7150;92354;80668;2994;90605
evaluation,4979,19852;16080;38928;49302;92418;12854;94242;83840;48782;164
evaluation,4980,24650;10174;8676;6960;3468;8604;15970;13582;1071;18430
evaluation,4981,11436;3600;44450;44378;21471;44702;3640;74194;18310;72670
evaluation,4982,49252;9712;16454;4426;42248;82836;8138;34628;12090;18646
evaluation,4983,66836;2894;40608;91864;99654;9940;1968;52266;47278;36572
evaluation,4984,92240;59750;2880;45341;45478;65910;87800;14812;63558;53030
evaluation,4985,76136;43392;22646;61346;4664;66044;49774;82659;5484;99060
evaluation,4986,65581;81522;28594;1248;26182;44278;53208;36064;11060;3166
evaluation,4987,62944;10528;52764;78130;90605;31042;59667;7150;28948;10310
evaluation,4988,63880;332;19510;19040;65556;340;874;86723;17778;14274
evaluation,4989,98588;43600;76774;25778;88130;590;234;68404;37248;24760
evaluation,4990,2900;3956;6618;12120;28536;98960;2436;17458;4648;1736
evaluation,4991,72190;94954;76944;54010;64834;79212;26780;51248;37228;1148
evaluation,4992,75176;11108;10646;13252;39576;83398;90148;25612;5862;98376
evaluation,4993,41162;28190;48420;35968;54194;1024;10528;27818;50990;62756
evaluation,4994,83100;3658;16728;61945;15774;86597;73644;82770;3194;36636
evaluation,4995,68916;1247;924;19280;47618;39624;88670;6224;48690;48216
evaluation,4996,9602;6960;3468;54194;6396;8676;2380;1071;74158;64626
evaluation,4997,39419;48050;22494;32476;39576;88748;17368;32294;76764;4539
evaluation,4998,82350;14160;33556;14686;65370;4169;20936;7150;2026;13880
evaluation,4999,28948;2195;2212;6440;38750;15048;75986;31622;13598;94616
